game=wow-tortoise server_dir=/home/pk/tortoise-server
containers: world=tortoise-mangosd auth=tortoise-realmd db=tortoise-db auth_port=3724

====================== baseline ======================
status: db=False auth=False world=False
running: {'tortoise-mangosd': False, 'tortoise-realmd': False, 'tortoise-db': False}
not all up; starting first so the console and backup have a server
2026-09-04 01:59:56 INFO [yulon.docker] start_staged(): `compose up -d --no-deps tortoise-db tortoise-realmd tortoise-mangosd` in /home/pk/tortoise-server
running now: {'tortoise-mangosd': True, 'tortoise-realmd': True, 'tortoise-db': True}

====================== console.send_command() -- and what the attach did to the server ======================
tortoise-mangosd before: {'pid': 15677, 'restarts': 0, 'started_at': '2026-09-04T00:00:02.826869489Z'}
2026-09-04 02:01:53 INFO [yulon.controller_wow_wotlk.console] console → tortoise-mangosd: ['server', 'info']
reply.command : 'server info'
reply.prompted: True
  | Could not open bot log file ../logs/bot_events.csv (No such file or directory). Logging to it is off for this run.
  | [10 ms] SQL: DELETE FROM ai_playerbot_random_bots WHERE owner = 0 AND bot = '204' AND event = 'update'
  | [0 ms] SQL: DELETE FROM ai_playerbot_random_bots WHERE owner = 0 AND bot = '202' AND event = 'login'
  | [10 ms] SQL: INSERT INTO ai_playerbot_random_bots (owner, bot, `time`, validIn, event, `value`) VALUES ('0', '204', '1788480113', '92', 'update', '1')
  | Could not open bot log file ../logs/bot_events.csv (No such file or directory). Logging to it is off for this run.
  | [10 ms] SQL: INSERT INTO ai_playerbot_random_bots (owner, bot, `time`, validIn, event, `value`) VALUES ('0', '201', '1788480113', '195', 'update', '1')
  | [11 ms] SQL: INSERT INTO ai_playerbot_random_bots (owner, bot, `time`, validIn, event, `value`) VALUES ('0', '201', '1788480113', '4294967295', 'login', '1')
  | [0 ms] SQL: DELETE FROM ai_playerbot_random_bots WHERE owner = 0 AND bot = '206' AND event = 'login'
  | [10 ms] SQL: INSERT INTO ai_playerbot_random_bots (owner, bot, `time`, validIn, event, `value`) VALUES ('0', '202', '1788480113', '4294967295', 'login', '1')
  | [9 ms] SQL: INSERT INTO ai_playerbot_random_bots (owner, bot, `time`, validIn, event, `value`) VALUES ('0', '202', '1788480113', '225', 'update', '1')
  | [8 ms] SQL: INSERT INTO ai_playerbot_random_bots (owner, bot, `time`, validIn, event, `value`) VALUES ('0', '206', '1788480113', '4294967295', 'login', '1')
  | [9 ms] SQL: DELETE FROM ai_playerbot_random_bots WHERE owner = 0 AND bot = '202' AND event = 'update'
  | [5 ms] SQL: DELETE FROM ai_playerbot_random_bots WHERE owner = 0 AND bot = '206' AND event = 'update'
  | [0 ms] SQL: SELECT id FROM character_pet WHERE owner = '536'
  | [0 ms] SQL: SELECT id FROM character_pet WHERE owner = '609'
  | [5 ms] SQL: INSERT INTO ai_playerbot_random_bots (owner, bot, `time`, validIn, event, `value`) VALUES ('0', '206', '1788480113', '243', 'update', '1')
  | [1 ms] SQL: SELECT id FROM character_pet WHERE owner = '537'
  | [1 ms] SQL: SELECT id FROM character_pet WHERE owner = '319'
  | [8 ms] SQL: INSERT INTO ai_playerbot_random_bots (owner, bot, `time`, validIn, event, `value`) VALUES ('0', '203', '1788480113', '4294967295', 'login', '1')[8 ms] SQL: DELETE FROM ai_playerbot_random_bots WHERE owner = 0 AND bot = '203' AND event = 'login'
  | [8 ms] SQL: DELETE FROM ai_playerbot_random_bots WHERE owner = 0 AND bot = '203' AND event = 'update'
  | [1 ms] SQL: DELETE FROM ai_playerbot_random_bots WHERE owner = 0 AND bot = '205' AND event = 'login'
  | [8 ms] SQL: INSERT INTO ai_playerbot_random_bots (owner, bot, `time`, validIn, event, `value`) VALUES ('0', '203', '1788480113', '91', 'update', '1')
  | [1 ms] SQL: DELETE FROM ai_playerbot_random_bots WHERE owner = 0 AND bot = '207' AND event = 'login'
  | [7 ms] SQL: DELETE FROM ai_playerbot_random_bots WHERE owner = 0 AND bot = '205' AND event = 'update'
  | [8 ms] SQL: INSERT INTO ai_playerbot_random_bots (owner, bot, `time`, validIn, event, `value`) VALUES ('0', '205', '1788480113', '4294967295', 'login', '1')
  | [9 ms] SQL: INSERT INTO ai_playerbot_random_bots (owner, bot, `time`, validIn, event, `value`) VALUES ('0', '205', '1788480113', '94', 'update', '1')
  | [0 ms] SQL: DELETE FROM ai_playerbot_random_bots WHERE owner = 0 AND bot = '10' AND event = 'login'
  | [8 ms] SQL: INSERT INTO ai_playerbot_random_bots (owner, bot, `time`, validIn, event, `value`) VALUES ('0', '207', '1788480113', '4294967295', 'login', '1')
  | [9 ms] SQL: DELETE FROM ai_playerbot_random_bots WHERE owner = 0 AND bot = '207' AND event = 'update'
  | [7 ms] SQL: INSERT INTO ai_playerbot_random_bots (owner, bot, `time`, validIn, event, `value`) VALUES ('0', '10', '1788480113', '4294967295', 'login', '1')
  | [8 ms] SQL: INSERT INTO ai_playerbot_random_bots (owner, bot, `time`, validIn, event, `value`) VALUES ('0', '207', '1788480113', '162', 'update', '1')
  | [1 ms] SQL: DELETE FROM ai_playerbot_random_bots WHERE owner = 0 AND bot = '12' AND event = 'login'
  | [9 ms] SQL: DELETE FROM ai_playerbot_random_bots WHERE owner = 0 AND bot = '10' AND event = 'update'
  | [9 ms] SQL: INSERT INTO ai_playerbot_random_bots (owner, bot, `time`, validIn, event, `value`) VALUES ('0', '12', '1788480113', '4294967295', 'login', '1')
  | [9 ms] SQL: INSERT INTO ai_playerbot_random_bots (owner, bot, `time`, validIn, event, `value`) VALUES ('0', '10', '1788480113', '148', 'update', '1')
  | [8 ms] SQL: DELETE FROM ai_playerbot_random_bots WHERE owner = 0 AND bot = '12' AND event = 'update'
  | [8 ms] SQL: INSERT INTO ai_playerbot_random_bots (owner, bot, `time`, validIn, event, `value`) VALUES ('0', '12', '1788480113', '185', 'update', '1')
  | [8 ms] SQL: INSERT INTO ai_playerbot_random_bots (owner, bot, `time`, validIn, event, `value`) VALUES ('0', '13', '1788480113', '4294967295', 'login', '1')
  | [8 ms] SQL: DELETE FROM ai_playerbot_random_bots WHERE owner = 0 AND bot = '13' AND event = 'login'
  | [8 ms] SQL: DELETE FROM ai_playerbot_random_bots WHERE owner = 0 AND bot = '13' AND event = 'update'
  | [0 ms] SQL: SELECT 1
  | [0 ms] SQL: DELETE FROM ai_playerbot_random_bots WHERE owner = 0 AND bot = '625' AND event = 'sellmultiplier'
  | [1 ms] SQL: DELETE FROM ai_playerbot_random_bots WHERE owner = 0 AND bot = '355' AND event = 'sellmultiplier'
  | [0 ms] SQL: DELETE FROM ai_playerbot_random_bots WHERE owner = 0 AND bot = '153' AND event = 'sellmultiplier'
  | [9 ms] SQL: INSERT INTO ai_playerbot_random_bots (owner, bot, `time`, validIn, event, `value`) VALUES ('0', '13', '1788480113', '277', 'update', '1')
  | [1 ms] SQL: DELETE FROM ai_playerbot_random_bots WHERE owner = 0 AND bot = '326' AND event = 'sellmultiplier'
  | [9 ms] SQL: INSERT INTO ai_playerbot_random_bots (owner, bot, `time`, validIn, event, `value`) VALUES ('0', '625', '1788480113', '47966', 'sellmultiplier', '247')
  | [1 ms] SQL: DELETE FROM ai_playerbot_random_bots WHERE owner = 0 AND bot = '390' AND event = 'sellmultiplier'
  | [9 ms] SQL: INSERT INTO ai_playerbot_random_bots (owner, bot, `time`, validIn, event, `value`) VALUES ('0', '355', '1788480113', '166678', 'sellmultiplier', '168')
  | [1 ms] SQL: SELECT id FROM character_pet WHERE owner = '609'
  | [10 ms] SQL: INSERT INTO ai_playerbot_random_bots (owner, bot, `time`, validIn, event, `value`) VALUES ('0', '153', '1788480113', '135180', 'sellmultiplier', '188')
  | [8 ms] SQL: INSERT INTO ai_playerbot_random_bots (owner, bot, `time`, validIn, event, `value`) VALUES ('0', '326', '1788480113', '44119', 'sellmultiplier', '242')
  | [0 ms] SQL: DELETE FROM ai_playerbot_random_bots WHERE owner = 0 AND bot = '391' AND event = 'sellmultiplier'
  | [0 ms] SQL: SELECT id FROM character_pet WHERE owner = '889'
  | [9 ms] SQL: INSERT INTO ai_playerbot_random_bots (owner, bot, `time`, validIn, event, `value`) VALUES ('0', '390', '1788480113', '90445', 'sellmultiplier', '222')
  | [8 ms] SQL: INSERT INTO ai_playerbot_random_bots (owner, bot, `time`, validIn, event, `value`) VALUES ('0', '389', '1788480113', '23090', 'sellmultiplier', '238')
  | [1 ms] SQL: SELECT guid, account, name, race, class, gender, level, xp, money, playerBytes, playerBytes2, playerFlags, position_x, position_y, position_z, map, orientation, taximask, cinematic, totaltime, leveltime, rest_bonus, logout_time, is_logout_resting, resettalents_multiplier, resettalents_time, trans_x, trans_y, trans_z, trans_o, transguid, extra_flags, stable_slots, at_login, zone, online, death_expire_time, taxi_path, honorRankPoints, honorHighestRank, honorStanding, honorLastWeekHK, honorLastWeekCP, honorStoredHK, honorStoredDK, watchedFaction, drunk, health, power1, power2, power3, power4, power5, exploredZones, equipmentCache, ammoId, actionBars, world_phase_mask, customFlags, city_protector, ignore_titles, mortality_status, total_deaths, xp_gain, extraBonusTalentCount FROM characters WHERE guid = '853'
  | [2 ms] SQL: SELECT guid, account, name, race, class, gender, level, xp, money, playerBytes, playerBytes2, playerFlags, position_x, position_y, position_z, map, orientation, taximask, cinematic, totaltime, leveltime, rest_bonus, logout_time, is_logout_resting, resettalents_multiplier, resettalents_time, trans_x, trans_y, trans_z, trans_o, transguid, extra_flags, stable_slots, at_login, zone, online, death_expire_time, taxi_path, honorRankPoints, honorHighestRank, honorStanding, honorLastWeekHK, honorLastWeekCP, honorStoredHK, honorStoredDK, watchedFaction, drunk, health, power1, power2, power3, power4, power5, exploredZones, equipmentCache, ammoId, actionBars, world_phase_mask, customFlags, city_protector, ignore_titles, mortality_status, total_deaths, xp_gain, extraBonusTalentCount FROM characters WHERE guid = '854'
  | [11 ms] SQL: DELETE FROM ai_playerbot_random_bots WHERE owner = 0 AND bot = '389' AND event = 'sellmultiplier'
  | [1 ms] SQL: SELECT groupId FROM group_member WHERE memberGuid ='853'
  | [0 ms] SQL: SELECT groupId FROM group_member WHERE memberGuid ='854'
  | [0 ms] SQL: SELECT id, permanent, map, resettime FROM character_instance LEFT JOIN instance ON instance = id WHERE guid = '854'
  | [0 ms] SQL: SELECT id, permanent, map, resettime FROM character_instance LEFT JOIN instance ON instance = id WHERE guid = '853'
  | [1 ms] SQL: SELECT caster_guid,item_guid,spell,stackcount,remaincharges,basepoints0,basepoints1,basepoints2,periodictime0,periodictime1,periodictime2,maxduration,remaintime,effIndexMask FROM character_aura WHERE guid = '853'
  | [1 ms] SQL: SELECT caster_guid,item_guid,spell,stackcount,remaincharges,basepoints0,basepoints1,basepoints2,periodictime0,periodictime1,periodictime2,maxduration,remaintime,effIndexMask FROM character_aura WHERE guid = '854'
  | [0 ms] SQL: SELECT spell,active,disabled FROM character_spell WHERE guid = '853'
  | [1 ms] SQL: SELECT quest,status,rewarded,explored,timer,mobcount1,mobcount2,mobcount3,mobcount4,itemcount1,itemcount2,itemcount3,itemcount4,reward_choice FROM character_queststatus WHERE guid = '853'
  | [1 ms] SQL: SELECT spell,active,disabled FROM character_spell WHERE guid = '854'
  | [0 ms] SQL: SELECT victimType,victim,cp,date,type FROM character_honor_cp WHERE guid = '853'
  | [0 ms] SQL: SELECT quest,status,rewarded,explored,timer,mobcount1,mobcount2,mobcount3,mobcount4,itemcount1,itemcount2,itemcount3,itemcount4,reward_choice FROM character_queststatus WHERE guid = '854'
  | [0 ms] SQL: SELECT honor,conquest,weekly_honor,week_begin_day FROM character_pvp_currency WHERE guid = '853'
  | [0 ms] SQL: SELECT victimType,victim,cp,date,type FROM character_honor_cp WHERE guid = '854'
  | [1 ms] SQL: SELECT faction,standing,flags FROM character_reputation WHERE guid = '853'
  | [0 ms] SQL: SELECT honor,conquest,weekly_honor,week_begin_day FROM character_pvp_currency WHERE guid = '854'
  | [0 ms] SQL: SELECT itemId FROM character_transmogs WHERE guid = '853'
  | [0 ms] SQL: SELECT faction,standing,flags FROM character_reputation WHERE guid = '854'
  | [1 ms] SQL: SELECT itemId FROM character_transmogs WHERE guid = '854'
  | [1 ms] SQL: SELECT * FROM (SELECT creatorGuid, giftCreatorGuid, count, duration, charges, flags, enchantments, randomPropertyId, transmogrifyId, durability, text, bag, slot, item, itemEntry, generated_loot FROM character_inventory JOIN item_instance ON character_inventory.item = item_instance.guid WHERE character_inventory.guid = '853') as t ORDER BY bag,slot
  | [11 ms] SQL: INSERT INTO ai_playerbot_random_bots (owner, bot, `time`, validIn, event, `value`) VALUES ('0', '391', '1788480113', '47532', 'sellmultiplier', '232')
  | [0 ms] SQL: SELECT guid,itemid,amount,property FROM item_loot WHERE owner_guid = '853'
  | [0 ms] SQL: SELECT * FROM (SELECT creatorGuid, giftCreatorGuid, count, duration, charges, flags, enchantments, randomPropertyId, transmogrifyId, durability, text, bag, slot, item, itemEntry, generated_loot FROM character_inventory JOIN item_instance ON character_inventory.item = item_instance.guid WHERE character_inventory.guid = '854') as t ORDER BY bag,slot
  | [1 ms] SQL: SELECT button,action,type FROM character_action WHERE guid = '853' ORDER BY button
  | [0 ms] SQL: SELECT guid,itemid,amount,property FROM item_loot WHERE owner_guid = '854'
  | [1 ms] SQL: SELECT friend,flags FROM character_social WHERE guid = '853' LIMIT 255
  | [0 ms] SQL: SELECT map,zone,position_x,position_y,position_z FROM character_homebind WHERE guid = '853'
  | [0 ms] SQL: SELECT button,action,type FROM character_action WHERE guid = '854' ORDER BY button
  | [0 ms] SQL: SELECT friend,flags FROM character_social WHERE guid = '854' LIMIT 255
  | [0 ms] SQL: SELECT map,zone,position_x,position_y,position_z FROM character_homebind WHERE guid = '854'
  | [1 ms] SQL: SELECT spell,item,time,cattime FROM character_spell_cooldown WHERE guid = '853'
  | [0 ms] SQL: SELECT spell,item,time,cattime FROM character_spell_cooldown WHERE guid = '854'
  | [1 ms] SQL: SELECT guildid,`rank` FROM guild_member WHERE guid = '853'
  | [1 ms] SQL: SELECT guildid,`rank` FROM guild_member WHERE guid = '854'
  | [0 ms] SQL: SELECT instance_id, team, join_x, join_y, join_z, join_o, join_map FROM character_battleground_data WHERE guid = '853'
  | [0 ms] SQL: SELECT instance_id, team, join_x, join_y, join_z, join_o, join_map FROM character_battleground_data WHERE guid = '854'
  | [1 ms] SQL: SELECT skill, value, max FROM character_skills WHERE guid = '853'
  | [9 ms] SQL: DELETE FROM ai_playerbot_random_bots WHERE owner = 0 AND bot = '889' AND event = 'sellmultiplier'
  | [1 ms] SQL: SELECT skill, value, max FROM character_skills WHERE guid = '854'
  | [0 ms] SQL: SELECT id,messageType,sender,receiver,subject,itemTextId,expire_time,deliver_time,money,cod,checked,stationery,mailTemplateId,has_items,isDeleted FROM mail WHERE receiver = '853' ORDER BY id DESC
  | [1 ms] SQL: SELECT id,messageType,sender,receiver,subject,itemTextId,expire_time,deliver_time,money,cod,checked,stationery,mailTemplateId,has_items,isDeleted FROM mail WHERE receiver = '854' ORDER BY id DESC
  | [1 ms] SQL: SELECT guid, account, name, race, class, gender, level, xp, money, playerBytes, playerBytes2, playerFlags, position_x, position_y, position_z, map, orientation, taximask, cinematic, totaltime, leveltime, rest_bonus, logout_time, is_logout_resting, resettalents_multiplier, resettalents_time, trans_x, trans_y, trans_z, trans_o, transguid, extra_flags, stable_slots, at_login, zone, online, death_expire_time, taxi_path, honorRankPoints, honorHighestRank, honorStanding, honorLastWeekHK, honorLastWeekCP, honorStoredHK, honorStoredDK, watchedFaction, drunk, health, power1, power2, power3, power4, power5, exploredZones, equipmentCache, ammoId, actionBars, world_phase_mask, customFlags, city_protector, ignore_titles, mortality_status, total_deaths, xp_gain, extraBonusTalentCount FROM characters WHERE guid = '855'
  | [0 ms] SQL: SELECT groupId FROM group_member WHERE memberGuid ='855'
  | [0 ms] SQL: SELECT creatorGuid, giftCreatorGuid, count, duration, charges, flags, enchantments, randomPropertyId, transmogrifyId, durability, text, mail_id, item_guid, itemEntry, generated_loot FROM mail_items JOIN item_instance ON item_guid = guid WHERE receiver = '854'
  | [0 ms] SQL: SELECT skill, value FROM character_forgotten_skills WHERE guid = '854'
  | [1 ms] SQL: SELECT id, permanent, map, resettime FROM character_instance LEFT JOIN instance ON instance = id WHERE guid = '855'
  | [1 ms] SQL: SELECT variableType, value FROM character_variables WHERE lowGuid = '854'
  | [0 ms] SQL: SELECT caster_guid,item_guid,spell,stackcount,remaincharges,basepoints0,basepoints1,basepoints2,periodictime0,periodictime1,periodictime2,maxduration,remaintime,effIndexMask FROM character_aura WHERE guid = '855'
  | [1 ms] SQL: SELECT itemLowGuid, itemEntry, itemCount, action, timestamp FROM character_item_logs WHERE playerLowGuid = '854' ORDER BY timestamp DESC
  | [0 ms] SQL: SELECT guid, spell, spec FROM `character_spell_dual_spec` WHERE guid = '854'
  | [3 ms] SQL: SELECT creatorGuid, giftCreatorGuid, count, duration, charges, flags, enchantments, randomPropertyId, transmogrifyId, durability, text, mail_id, item_guid, itemEntry, generated_loot FROM mail_items JOIN item_instance ON item_guid = guid WHERE receiver = '853'
  | [0 ms] SQL: SELECT spell,active,disabled FROM character_spell WHERE guid = '855'[9 ms] SQL: INSERT INTO ai_playerbot_random_bots (owner, bot, `time`, validIn, event, `value`) VALUES ('0', '889', '1788480113', '148850', 'sellmultiplier', '169')
  | [0 ms] SQL: SELECT skill, value FROM character_forgotten_skills WHERE guid = '853'
  | [0 ms] SQL: SELECT variableType, value FROM character_variables WHERE lowGuid = '853'
  | [1 ms] SQL: SELECT quest,status,rewarded,explored,timer,mobcount1,mobcount2,mobcount3,mobcount4,itemcount1,itemcount2,itemcount3,itemcount4,reward_choice FROM character_queststatus WHERE guid = '855'
  | [2 ms] SQL: SELECT guid, account, name, race, class, gender, level, xp, money, playerBytes, playerBytes2, playerFlags, position_x, position_y, position_z, map, orientation, taximask, cinematic, totaltime, leveltime, rest_bonus, logout_time, is_logout_resting, resettalents_multiplier, resettalents_time, trans_x, trans_y, trans_z, trans_o, transguid, extra_flags, stable_slots, at_login, zone, online, death_expire_time, taxi_path, honorRankPoints, honorHighestRank, honorStanding, honorLastWeekHK, honorLastWeekCP, honorStoredHK, honorStoredDK, watchedFaction, drunk, health, power1, power2, power3, power4, power5, exploredZones, equipmentCache, ammoId, actionBars, world_phase_mask, customFlags, city_protector, ignore_titles, mortality_status, total_deaths, xp_gain, extraBonusTalentCount FROM characters WHERE guid = '850'
  | [0 ms] SQL: SELECT groupId FROM group_member WHERE memberGuid ='850'
  | [0 ms] SQL: SELECT id FROM character_pet WHERE owner = '323'
  | [0 ms] SQL: SELECT id, permanent, map, resettime FROM character_instance LEFT JOIN instance ON instance = id WHERE guid = '850'
  | [0 ms] SQL: SELECT caster_guid,item_guid,spell,stackcount,remaincharges,basepoints0,basepoints1,basepoints2,periodictime0,periodictime1,periodictime2,maxduration,remaintime,effIndexMask FROM character_aura WHERE guid = '850'
  | [2 ms] SQL: SELECT itemLowGuid, itemEntry, itemCount, action, timestamp FROM character_item_logs WHERE playerLowGuid = '853' ORDER BY timestamp DESC
  | [1 ms] SQL: SELECT victimType,victim,cp,date,type FROM character_honor_cp WHERE guid = '855'
  | [2 ms] SQL: SELECT guid, account, name, race, class, gender, level, xp, money, playerBytes, playerBytes2, playerFlags, position_x, position_y, position_z, map, orientation, taximask, cinematic, totaltime, leveltime, rest_bonus, logout_time, is_logout_resting, resettalents_multiplier, resettalents_time, trans_x, trans_y, trans_z, trans_o, transguid, extra_flags, stable_slots, at_login, zone, online, death_expire_time, taxi_path, honorRankPoints, honorHighestRank, honorStanding, honorLastWeekHK, honorLastWeekCP, honorStoredHK, honorStoredDK, watchedFaction, drunk, health, power1, power2, power3, power4, power5, exploredZones, equipmentCache, ammoId, actionBars, world_phase_mask, customFlags, city_protector, ignore_titles, mortality_status, total_deaths, xp_gain, extraBonusTalentCount FROM characters WHERE guid = '852'
  | [0 ms] SQL: SELECT guid, spell, spec FROM `character_spell_dual_spec` WHERE guid = '853'
  | [1 ms] SQL: SELECT spell,active,disabled FROM character_spell WHERE guid = '850'
  | [1 ms] SQL: SELECT quest,status,rewarded,explored,timer,mobcount1,mobcount2,mobcount3,mobcount4,itemcount1,itemcount2,itemcount3,itemcount4,reward_choice FROM character_queststatus WHERE guid = '850'
  | [1 ms] SQL: SELECT guid, account, name, race, class, gender, level, xp, money, playerBytes, playerBytes2, playerFlags, position_x, position_y, position_z, map, orientation, taximask, cinematic, totaltime, leveltime, rest_bonus, logout_time, is_logout_resting, resettalents_multiplier, resettalents_time, trans_x, trans_y, trans_z, trans_o, transguid, extra_flags, stable_slots, at_login, zone, online, death_expire_time, taxi_path, honorRankPoints, honorHighestRank, honorStanding, honorLastWeekHK, honorLastWeekCP, honorStoredHK, honorStoredDK, watchedFaction, drunk, health, power1, power2, power3, power4, power5, exploredZones, equipmentCache, ammoId, actionBars, world_phase_mask, customFlags, city_protector, ignore_titles, mortality_status, total_deaths, xp_gain, extraBonusTalentCount FROM characters WHERE guid = '849'
  | [1 ms] SQL: SELECT groupId FROM group_member WHERE memberGuid ='852'
  | [0 ms] SQL: SELECT id FROM character_pet WHERE owner = '319'
  | [0 ms] SQL: SELECT victimType,victim,cp,date,type FROM character_honor_cp WHERE guid = '850'
  | [0 ms] SQL: SELECT groupId FROM group_member WHERE memberGuid ='849'
  | [0 ms] SQL: SELECT id, permanent, map, resettime FROM character_instance LEFT JOIN instance ON instance = id WHERE guid = '852'
  | [1 ms] SQL: SELECT honor,conquest,weekly_honor,week_begin_day FROM character_pvp_currency WHERE guid = '850'
  | [1 ms] SQL: SELECT id, permanent, map, resettime FROM character_instance LEFT JOIN instance ON instance = id WHERE guid = '849'
  | [1 ms] SQL: SELECT caster_guid,item_guid,spell,stackcount,remaincharges,basepoints0,basepoints1,basepoints2,periodictime0,periodictime1,periodictime2,maxduration,remaintime,effIndexMask FROM character_aura WHERE guid = '852'
  | [0 ms] SQL: SELECT caster_guid,item_guid,spell,stackcount,remaincharges,basepoints0,basepoints1,basepoints2,periodictime0,periodictime1,periodictime2,maxduration,remaintime,effIndexMask FROM character_aura WHERE guid = '849'
  | [0 ms] SQL: SELECT faction,standing,flags FROM character_reputation WHERE guid = '850'
  | [0 ms] SQL: SELECT spell,active,disabled FROM character_spell WHERE guid = '849'
  | [0 ms] SQL: SELECT itemId FROM character_transmogs WHERE guid = '850'
  | [0 ms] SQL: SELECT spell,active,disabled FROM character_spell WHERE guid = '852'
  | [1 ms] SQL: SELECT quest,status,rewarded,explored,timer,mobcount1,mobcount2,mobcount3,mobcount4,itemcount1,itemcount2,itemcount3,itemcount4,reward_choice FROM character_queststatus WHERE guid = '849'
  | [1 ms] SQL: SELECT quest,status,rewarded,explored,timer,mobcount1,mobcount2,mobcount3,mobcount4,itemcount1,itemcount2,itemcount3,itemcount4,reward_choice FROM character_queststatus WHERE guid = '852'
  | [0 ms] SQL: SELECT victimType,victim,cp,date,type FROM character_honor_cp WHERE guid = '849'
  | [1 ms] SQL: SELECT * FROM (SELECT creatorGuid, giftCreatorGuid, count, duration, charges, flags, enchantments, randomPropertyId, transmogrifyId, durability, text, bag, slot, item, itemEntry, generated_loot FROM character_inventory JOIN item_instance ON character_inventory.item = item_instance.guid WHERE character_inventory.guid = '850') as t ORDER BY bag,slot
  | [0 ms] SQL: SELECT victimType,victim,cp,date,type FROM character_honor_cp WHERE guid = '852'
  | [0 ms] SQL: SELECT honor,conquest,weekly_honor,week_begin_day FROM character_pvp_currency WHERE guid = '849'[0 ms] SQL: SELECT guid,itemid,amount,property FROM item_loot WHERE owner_guid = '850'
  | [1 ms] SQL: SELECT honor,conquest,weekly_honor,week_begin_day FROM character_pvp_currency WHERE guid = '855'
  | [1 ms] SQL: SELECT button,action,type FROM character_action WHERE guid = '850' ORDER BY button
  | [1 ms] SQL: SELECT honor,conquest,weekly_honor,week_begin_day FROM character_pvp_currency WHERE guid = '852'
  | [0 ms] SQL: SELECT friend,flags FROM character_social WHERE guid = '850' LIMIT 255
  | [0 ms] SQL: SELECT faction,standing,flags FROM character_reputation WHERE guid = '855'
  | [0 ms] SQL: SELECT map,zone,position_x,position_y,position_z FROM character_homebind WHERE guid = '850'
  | [0 ms] SQL: SELECT spell,item,time,cattime FROM character_spell_cooldown WHERE guid = '850'
  | [0 ms] SQL: SELECT itemId FROM character_transmogs WHERE guid = '855'
  | [0 ms] SQL: SELECT faction,standing,flags FROM character_reputation WHERE guid = '852'
  | [0 ms] SQL: SELECT faction,standing,flags FROM character_reputation WHERE guid = '849'
  | [1 ms] SQL: SELECT itemId FROM character_transmogs WHERE guid = '852'
  | [1 ms] SQL: SELECT guildid,`rank` FROM guild_member WHERE guid = '850'
  | [1 ms] SQL: SELECT * FROM (SELECT creatorGuid, giftCreatorGuid, count, duration, charges, flags, enchantments, randomPropertyId, transmogrifyId, durability, text, bag, slot, item, itemEntry, generated_loot FROM character_inventory JOIN item_instance ON character_inventory.item = item_instance.guid WHERE character_inventory.guid = '855') as t ORDER BY bag,slot
  | [1 ms] SQL: SELECT itemId FROM character_transmogs WHERE guid = '849'
  | [0 ms] SQL: SELECT instance_id, team, join_x, join_y, join_z, join_o, join_map FROM character_battleground_data WHERE guid = '850'
  | [0 ms] SQL: SELECT guid,itemid,amount,property FROM item_loot WHERE owner_guid = '855'
  | [0 ms] SQL: SELECT skill, value, max FROM character_skills WHERE guid = '850'
  | [0 ms] SQL: SELECT button,action,type FROM character_action WHERE guid = '855' ORDER BY button
  | [0 ms] SQL: SELECT * FROM (SELECT creatorGuid, giftCreatorGuid, count, duration, charges, flags, enchantments, randomPropertyId, transmogrifyId, durability, text, bag, slot, item, itemEntry, generated_loot FROM character_inventory JOIN item_instance ON character_inventory.item = item_instance.guid WHERE character_inventory.guid = '849') as t ORDER BY bag,slot
  | [0 ms] SQL: SELECT friend,flags FROM character_social WHERE guid = '855' LIMIT 255
  | [1 ms] SQL: SELECT id,messageType,sender,receiver,subject,itemTextId,expire_time,deliver_time,money,cod,checked,stationery,mailTemplateId,has_items,isDeleted FROM mail WHERE receiver = '850' ORDER BY id DESC
  | [0 ms] SQL: SELECT * FROM (SELECT creatorGuid, giftCreatorGuid, count, duration, charges, flags, enchantments, randomPropertyId, transmogrifyId, durability, text, bag, slot, item, itemEntry, generated_loot FROM character_inventory JOIN item_instance ON character_inventory.item = item_instance.guid WHERE character_inventory.guid = '852') as t ORDER BY bag,slot
  | [0 ms] SQL: SELECT map,zone,position_x,position_y,position_z FROM character_homebind WHERE guid = '855'
  | [0 ms] SQL: SELECT creatorGuid, giftCreatorGuid, count, duration, charges, flags, enchantments, randomPropertyId, transmogrifyId, durability, text, mail_id, item_guid, itemEntry, generated_loot FROM mail_items JOIN item_instance ON item_guid = guid WHERE receiver = '850'
  | [0 ms] SQL: SELECT guid,itemid,amount,property FROM item_loot WHERE owner_guid = '849'
  | [0 ms] SQL: SELECT skill, value FROM character_forgotten_skills WHERE guid = '850'
  | [0 ms] SQL: SELECT spell,item,time,cattime FROM character_spell_cooldown WHERE guid = '855'
  | [1 ms] SQL: SELECT button,action,type FROM character_action WHERE guid = '849' ORDER BY button
  | [1 ms] SQL: SELECT variableType, value FROM character_variables WHERE lowGuid = '850'
  | [0 ms] SQL: SELECT guildid,`rank` FROM guild_member WHERE guid = '855'
  | [0 ms] SQL: SELECT instance_id, team, join_x, join_y, join_z, join_o, join_map FROM character_battleground_data WHERE guid = '855'
  | [1 ms] SQL: SELECT skill, value, max FROM character_skills WHERE guid = '855'
  | [0 ms] SQL: SELECT id,messageType,sender,receiver,subject,itemTextId,expire_time,deliver_time,money,cod,checked,stationery,mailTemplateId,has_items,isDeleted FROM mail WHERE receiver = '855' ORDER BY id DESC
  | [1 ms] SQL: SELECT guid,itemid,amount,property FROM item_loot WHERE owner_guid = '852'
  | [0 ms] SQL: SELECT creatorGuid, giftCreatorGuid, count, duration, charges, flags, enchantments, randomPropertyId, transmogrifyId, durability, text, mail_id, item_guid, itemEntry, generated_loot FROM mail_items JOIN item_instance ON item_guid = guid WHERE receiver = '855'
  | [0 ms] SQL: SELECT itemLowGuid, itemEntry, itemCount, action, timestamp FROM character_item_logs WHERE playerLowGuid = '850' ORDER BY timestamp DESC
  | [0 ms] SQL: SELECT friend,flags FROM character_social WHERE guid = '849' LIMIT 255
  | [1 ms] SQL: SELECT skill, value FROM character_forgotten_skills WHERE guid = '855'
  | [0 ms] SQL: SELECT variableType, value FROM character_variables WHERE lowGuid = '855'
  | [0 ms] SQL: SELECT map,zone,position_x,position_y,position_z FROM character_homebind WHERE guid = '849'
  | [0 ms] SQL: SELECT itemLowGuid, itemEntry, itemCount, action, timestamp FROM character_item_logs WHERE playerLowGuid = '855' ORDER BY timestamp DESC
  | [0 ms] SQL: SELECT spell,item,time,cattime FROM character_spell_cooldown WHERE guid = '849'
  | [1 ms] SQL: SELECT button,action,type FROM character_action WHERE guid = '852' ORDER BY button
  | [0 ms] SQL: SELECT guid, spell, spec FROM `character_spell_dual_spec` WHERE guid = '855'
  | [0 ms] SQL: SELECT guid, spell, spec FROM `character_spell_dual_spec` WHERE guid = '850'
  | [0 ms] SQL: SELECT guildid,`rank` FROM guild_member WHERE guid = '849'
  | [1 ms] SQL: SELECT friend,flags FROM character_social WHERE guid = '852' LIMIT 255
  | [0 ms] SQL: SELECT instance_id, team, join_x, join_y, join_z, join_o, join_map FROM character_battleground_data WHERE guid = '849'
  | [0 ms] SQL: SELECT guid, account, name, race, class, gender, level, xp, money, playerBytes, playerBytes2, playerFlags, position_x, position_y, position_z, map, orientation, taximask, cinematic, totaltime, leveltime, rest_bonus, logout_time, is_logout_resting, resettalents_multiplier, resettalents_time, trans_x, trans_y, trans_z, trans_o, transguid, extra_flags, stable_slots, at_login, zone, online, death_expire_time, taxi_path, honorRankPoints, honorHighestRank, honorStanding, honorLastWeekHK, honorLastWeekCP, honorStoredHK, honorStoredDK, watchedFaction, drunk, health, power1, power2, power3, power4, power5, exploredZones, equipmentCache, ammoId, actionBars, world_phase_mask, customFlags, city_protector, ignore_titles, mortality_status, total_deaths, xp_gain, extraBonusTalentCount FROM characters WHERE guid = '111'
  | [0 ms] SQL: SELECT map,zone,position_x,position_y,position_z FROM character_homebind WHERE guid = '852'
  | [0 ms] SQL: SELECT guid, account, name, race, class, gender, level, xp, money, playerBytes, playerBytes2, playerFlags, position_x, position_y, position_z, map, orientation, taximask, cinematic, totaltime, leveltime, rest_bonus, logout_time, is_logout_resting, resettalents_multiplier, resettalents_time, trans_x, trans_y, trans_z, trans_o, transguid, extra_flags, stable_slots, at_login, zone, online, death_expire_time, taxi_path, honorRankPoints, honorHighestRank, honorStanding, honorLastWeekHK, honorLastWeekCP, honorStoredHK, honorStoredDK, watchedFaction, drunk, health, power1, power2, power3, power4, power5, exploredZones, equipmentCache, ammoId, actionBars, world_phase_mask, customFlags, city_protector, ignore_titles, mortality_status, total_deaths, xp_gain, extraBonusTalentCount FROM characters WHERE guid = '110'
  | [0 ms] SQL: SELECT skill, value, max FROM character_skills WHERE guid = '849'
  | [0 ms] SQL: SELECT groupId FROM group_member WHERE memberGuid ='111'
  | [0 ms] SQL: SELECT id, permanent, map, resettime FROM character_instance LEFT JOIN instance ON instance = id WHERE guid = '111'
  | [1 ms] SQL: SELECT id,messageType,sender,receiver,subject,itemTextId,expire_time,deliver_time,money,cod,checked,stationery,mailTemplateId,has_items,isDeleted FROM mail WHERE receiver = '849' ORDER BY id DESC
  | [1 ms] SQL: SELECT spell,item,time,cattime FROM character_spell_cooldown WHERE guid = '852'
  | [1 ms] SQL: SELECT caster_guid,item_guid,spell,stackcount,remaincharges,basepoints0,basepoints1,basepoints2,periodictime0,periodictime1,periodictime2,maxduration,remaintime,effIndexMask FROM character_aura WHERE guid = '111'
  | [0 ms] SQL: SELECT creatorGuid, giftCreatorGuid, count, duration, charges, flags, enchantments, randomPropertyId, transmogrifyId, durability, text, mail_id, item_guid, itemEntry, generated_loot FROM mail_items JOIN item_instance ON item_guid = guid WHERE receiver = '849'
  | [1 ms] SQL: SELECT groupId FROM group_member WHERE memberGuid ='110'
  | [0 ms] SQL: SELECT skill, value FROM character_forgotten_skills WHERE guid = '849'
  | [0 ms] SQL: SELECT guildid,`rank` FROM guild_member WHERE guid = '852'
  | [0 ms] SQL: SELECT variableType, value FROM character_variables WHERE lowGuid = '849'
  | [0 ms] SQL: SELECT id, permanent, map, resettime FROM character_instance LEFT JOIN instance ON instance = id WHERE guid = '110'
  | [0 ms] SQL: SELECT spell,active,disabled FROM character_spell WHERE guid = '111'
  | [0 ms] SQL: SELECT caster_guid,item_guid,spell,stackcount,remaincharges,basepoints0,basepoints1,basepoints2,periodictime0,periodictime1,periodictime2,maxduration,remaintime,effIndexMask FROM character_aura WHERE guid = '110'[1 ms] SQL: SELECT instance_id, team, join_x, join_y, join_z, join_o, join_map FROM character_battleground_data WHERE guid = '852'
  | [1 ms] SQL: SELECT itemLowGuid, itemEntry, itemCount, action, timestamp FROM character_item_logs WHERE playerLowGuid = '849' ORDER BY timestamp DESC
  | [0 ms] SQL: SELECT quest,status,rewarded,explored,timer,mobcount1,mobcount2,mobcount3,mobcount4,itemcount1,itemcount2,itemcount3,itemcount4,reward_choice FROM character_queststatus WHERE guid = '111'
  | [1 ms] SQL: SELECT guid, spell, spec FROM `character_spell_dual_spec` WHERE guid = '849'
  | [1 ms] SQL: SELECT victimType,victim,cp,date,type FROM character_honor_cp WHERE guid = '111'
  | [0 ms] SQL: SELECT honor,conquest,weekly_honor,week_begin_day FROM character_pvp_currency WHERE guid = '111'
  | [0 ms] SQL: SELECT guid, account, name, race, class, gender, level, xp, money, playerBytes, playerBytes2, playerFlags, position_x, position_y, position_z, map, orientation, taximask, cinematic, totaltime, leveltime, rest_bonus, logout_time, is_logout_resting, resettalents_multiplier, resettalents_time, trans_x, trans_y, trans_z, trans_o, transguid, extra_flags, stable_slots, at_login, zone, online, death_expire_time, taxi_path, honorRankPoints, honorHighestRank, honorStanding, honorLastWeekHK, honorLastWeekCP, honorStoredHK, honorStoredDK, watchedFaction, drunk, health, power1, power2, power3, power4, power5, exploredZones, equipmentCache, ammoId, actionBars, world_phase_mask, customFlags, city_protector, ignore_titles, mortality_status, total_deaths, xp_gain, extraBonusTalentCount FROM characters WHERE guid = '109'
  | [0 ms] SQL: SELECT groupId FROM group_member WHERE memberGuid ='109'
  | [0 ms] SQL: SELECT spell,active,disabled FROM character_spell WHERE guid = '110'
  | [2 ms] SQL: SELECT skill, value, max FROM character_skills WHERE guid = '852'
  | [1 ms] SQL: SELECT id, permanent, map, resettime FROM character_instance LEFT JOIN instance ON instance = id WHERE guid = '109'
  | [0 ms] SQL: SELECT caster_guid,item_guid,spell,stackcount,remaincharges,basepoints0,basepoints1,basepoints2,periodictime0,periodictime1,periodictime2,maxduration,remaintime,effIndexMask FROM character_aura WHERE guid = '109'
  | [0 ms] SQL: SELECT quest,status,rewarded,explored,timer,mobcount1,mobcount2,mobcount3,mobcount4,itemcount1,itemcount2,itemcount3,itemcount4,reward_choice FROM character_queststatus WHERE guid = '110'
  | [0 ms] SQL: SELECT id,messageType,sender,receiver,subject,itemTextId,expire_time,deliver_time,money,cod,checked,stationery,mailTemplateId,has_items,isDeleted FROM mail WHERE receiver = '852' ORDER BY id DESC
  | [0 ms] SQL: SELECT victimType,victim,cp,date,type FROM character_honor_cp WHERE guid = '110'
  | [1 ms] SQL: SELECT spell,active,disabled FROM character_spell WHERE guid = '109'
  | [1 ms] SQL: SELECT honor,conquest,weekly_honor,week_begin_day FROM character_pvp_currency WHERE guid = '110'
  | [1 ms] SQL: SELECT creatorGuid, giftCreatorGuid, count, duration, charges, flags, enchantments, randomPropertyId, transmogrifyId, durability, text, mail_id, item_guid, itemEntry, generated_loot FROM mail_items JOIN item_instance ON item_guid = guid WHERE receiver = '852'
  | [0 ms] SQL: SELECT skill, value FROM character_forgotten_skills WHERE guid = '852'
  | [0 ms] SQL: SELECT variableType, value FROM character_variables WHERE lowGuid = '852'
  | [0 ms] SQL: SELECT quest,status,rewarded,explored,timer,mobcount1,mobcount2,mobcount3,mobcount4,itemcount1,itemcount2,itemcount3,itemcount4,reward_choice FROM character_queststatus WHERE guid = '109'
  | Could not open bot log file ../logs/bot_events.csv (No such file or directory). Logging to it is off for this run.
  | [1 ms] SQL: SELECT itemLowGuid, itemEntry, itemCount, action, timestamp FROM character_item_logs WHERE playerLowGuid = '852' ORDER BY timestamp DESC
  | [1 ms] SQL: SELECT victimType,victim,cp,date,type FROM character_honor_cp WHERE guid = '109'
  | [0 ms] SQL: SELECT guid, spell, spec FROM `character_spell_dual_spec` WHERE guid = '852'
  | [0 ms] SQL: SELECT honor,conquest,weekly_honor,week_begin_day FROM character_pvp_currency WHERE guid = '109'
  | [0 ms] SQL: SELECT guid, account, name, race, class, gender, level, xp, money, playerBytes, playerBytes2, playerFlags, position_x, position_y, position_z, map, orientation, taximask, cinematic, totaltime, leveltime, rest_bonus, logout_time, is_logout_resting, resettalents_multiplier, resettalents_time, trans_x, trans_y, trans_z, trans_o, transguid, extra_flags, stable_slots, at_login, zone, online, death_expire_time, taxi_path, honorRankPoints, honorHighestRank, honorStanding, honorLastWeekHK, honorLastWeekCP, honorStoredHK, honorStoredDK, watchedFaction, drunk, health, power1, power2, power3, power4, power5, exploredZones, equipmentCache, ammoId, actionBars, world_phase_mask, customFlags, city_protector, ignore_titles, mortality_status, total_deaths, xp_gain, extraBonusTalentCount FROM characters WHERE guid = '116'
  | [1 ms] SQL: SELECT groupId FROM group_member WHERE memberGuid ='116'
  | [0 ms] SQL: SELECT id, permanent, map, resettime FROM character_instance LEFT JOIN instance ON instance = id WHERE guid = '116'
  | [4 ms] SQL: SELECT faction,standing,flags FROM character_reputation WHERE guid = '111'
  | [0 ms] SQL: SELECT caster_guid,item_guid,spell,stackcount,remaincharges,basepoints0,basepoints1,basepoints2,periodictime0,periodictime1,periodictime2,maxduration,remaintime,effIndexMask FROM character_aura WHERE guid = '116'
  | [2 ms] SQL: SELECT faction,standing,flags FROM character_reputation WHERE guid = '110'
  | [1 ms] SQL: SELECT spell,active,disabled FROM character_spell WHERE guid = '116'
  | [1 ms] SQL: SELECT itemId FROM character_transmogs WHERE guid = '111'
  | [0 ms] SQL: SELECT quest,status,rewarded,explored,timer,mobcount1,mobcount2,mobcount3,mobcount4,itemcount1,itemcount2,itemcount3,itemcount4,reward_choice FROM character_queststatus WHERE guid = '116'
  | [0 ms] SQL: SELECT itemId FROM character_transmogs WHERE guid = '110'
  | [0 ms] SQL: SELECT victimType,victim,cp,date,type FROM character_honor_cp WHERE guid = '116'
  | [0 ms] SQL: SELECT honor,conquest,weekly_honor,week_begin_day FROM character_pvp_currency WHERE guid = '116'
  | [3 ms] SQL: SELECT faction,standing,flags FROM character_reputation WHERE guid = '109'
  | [1 ms] SQL: SELECT * FROM (SELECT creatorGuid, giftCreatorGuid, count, duration, charges, flags, enchantments, randomPropertyId, transmogrifyId, durability, text, bag, slot, item, itemEntry, generated_loot FROM character_inventory JOIN item_instance ON character_inventory.item = item_instance.guid WHERE character_inventory.guid = '110') as t ORDER BY bag,slot
  | [2 ms] SQL: SELECT * FROM (SELECT creatorGuid, giftCreatorGuid, count, duration, charges, flags, enchantments, randomPropertyId, transmogrifyId, durability, text, bag, slot, item, itemEntry, generated_loot FROM character_inventory JOIN item_instance ON character_inventory.item = item_instance.guid WHERE character_inventory.guid = '111') as t ORDER BY bag,slot
  | [0 ms] SQL: SELECT guid,itemid,amount,property FROM item_loot WHERE owner_guid = '111'
  | [1 ms] SQL: SELECT faction,standing,flags FROM character_reputation WHERE guid = '116'
  | [0 ms] SQL: SELECT guid,itemid,amount,property FROM item_loot WHERE owner_guid = '110'
  | [1 ms] SQL: SELECT itemId FROM character_transmogs WHERE guid = '109'
  | [0 ms] SQL: SELECT button,action,type FROM character_action WHERE guid = '111' ORDER BY button
  | [0 ms] SQL: SELECT itemId FROM character_transmogs WHERE guid = '116'
  | [0 ms] SQL: SELECT button,action,type FROM character_action WHERE guid = '110' ORDER BY button
  | [1 ms] SQL: SELECT friend,flags FROM character_social WHERE guid = '111' LIMIT 255
  | [0 ms] SQL: SELECT map,zone,position_x,position_y,position_z FROM character_homebind WHERE guid = '111'
  | [1 ms] SQL: SELECT * FROM (SELECT creatorGuid, giftCreatorGuid, count, duration, charges, flags, enchantments, randomPropertyId, transmogrifyId, durability, text, bag, slot, item, itemEntry, generated_loot FROM character_inventory JOIN item_instance ON character_inventory.item = item_instance.guid WHERE character_inventory.guid = '109') as t ORDER BY bag,slot
  | [1 ms] SQL: SELECT friend,flags FROM character_social WHERE guid = '110' LIMIT 255
  | [1 ms] SQL: SELECT * FROM (SELECT creatorGuid, giftCreatorGuid, count, duration, charges, flags, enchantments, randomPropertyId, transmogrifyId, durability, text, bag, slot, item, itemEntry, generated_loot FROM character_inventory JOIN item_instance ON character_inventory.item = item_instance.guid WHERE character_inventory.guid = '116') as t ORDER BY bag,slot
  | [0 ms] SQL: SELECT spell,item,time,cattime FROM character_spell_cooldown WHERE guid = '111'
  | [0 ms] SQL: SELECT guid,itemid,amount,property FROM item_loot WHERE owner_guid = '109'
  | [0 ms] SQL: SELECT guid,itemid,amount,property FROM item_loot WHERE owner_guid = '116'
  | [1 ms] SQL: SELECT button,action,type FROM character_action WHERE guid = '109' ORDER BY button
  | [1 ms] SQL: SELECT button,action,type FROM character_action WHERE guid = '116' ORDER BY button
  | [1 ms] SQL: SELECT guildid,`rank` FROM guild_member WHERE guid = '111'[1 ms] SQL: SELECT map,zone,position_x,position_y,position_z FROM character_homebind WHERE guid = '110'
  | [0 ms] SQL: SELECT friend,flags FROM character_social WHERE guid = '116' LIMIT 255
  | [0 ms] SQL: SELECT spell,item,time,cattime FROM character_spell_cooldown WHERE guid = '110'
  | [0 ms] SQL: SELECT instance_id, team, join_x, join_y, join_z, join_o, join_map FROM character_battleground_data WHERE guid = '111'
  | [1 ms] SQL: SELECT map,zone,position_x,position_y,position_z FROM character_homebind WHERE guid = '116'
  | [0 ms] SQL: SELECT friend,flags FROM character_social WHERE guid = '109' LIMIT 255
  | [1 ms] SQL: SELECT guildid,`rank` FROM guild_member WHERE guid = '110'
  | [1 ms] SQL: SELECT skill, value, max FROM character_skills WHERE guid = '111'
  | [0 ms] SQL: SELECT spell,item,time,cattime FROM character_spell_cooldown WHERE guid = '116'
  | [0 ms] SQL: SELECT instance_id, team, join_x, join_y, join_z, join_o, join_map FROM character_battleground_data WHERE guid = '110'
  | [0 ms] SQL: SELECT map,zone,position_x,position_y,position_z FROM character_homebind WHERE guid = '109'
  | [0 ms] SQL: SELECT id,messageType,sender,receiver,subject,itemTextId,expire_time,deliver_time,money,cod,checked,stationery,mailTemplateId,has_items,isDeleted FROM mail WHERE receiver = '111' ORDER BY id DESC
  | [0 ms] SQL: SELECT skill, value, max FROM character_skills WHERE guid = '110'
  | [1 ms] SQL: SELECT creatorGuid, giftCreatorGuid, count, duration, charges, flags, enchantments, randomPropertyId, transmogrifyId, durability, text, mail_id, item_guid, itemEntry, generated_loot FROM mail_items JOIN item_instance ON item_guid = guid WHERE receiver = '111'
  | [1 ms] SQL: SELECT spell,item,time,cattime FROM character_spell_cooldown WHERE guid = '109'
  | [1 ms] SQL: SELECT id,messageType,sender,receiver,subject,itemTextId,expire_time,deliver_time,money,cod,checked,stationery,mailTemplateId,has_items,isDeleted FROM mail WHERE receiver = '110' ORDER BY id DESC
  | [0 ms] SQL: SELECT guildid,`rank` FROM guild_member WHERE guid = '116'
  | [0 ms] SQL: SELECT creatorGuid, giftCreatorGuid, count, duration, charges, flags, enchantments, randomPropertyId, transmogrifyId, durability, text, mail_id, item_guid, itemEntry, generated_loot FROM mail_items JOIN item_instance ON item_guid = guid WHERE receiver = '110'
  | [0 ms] SQL: SELECT skill, value FROM character_forgotten_skills WHERE guid = '111'
  | [0 ms] SQL: SELECT guildid,`rank` FROM guild_member WHERE guid = '109'
  | [1 ms] SQL: SELECT variableType, value FROM character_variables WHERE lowGuid = '111'
  | [1 ms] SQL: SELECT instance_id, team, join_x, join_y, join_z, join_o, join_map FROM character_battleground_data WHERE guid = '116'
  | [0 ms] SQL: SELECT instance_id, team, join_x, join_y, join_z, join_o, join_map FROM character_battleground_data WHERE guid = '109'
  | [1 ms] SQL: SELECT skill, value FROM character_forgotten_skills WHERE guid = '110'[0 ms] SQL: SELECT itemLowGuid, itemEntry, itemCount, action, timestamp FROM character_item_logs WHERE playerLowGuid = '111' ORDER BY timestamp DESC
  | [0 ms] SQL: SELECT skill, value, max FROM character_skills WHERE guid = '116'
  | [0 ms] SQL: SELECT id,messageType,sender,receiver,subject,itemTextId,expire_time,deliver_time,money,cod,checked,stationery,mailTemplateId,has_items,isDeleted FROM mail WHERE receiver = '116' ORDER BY id DESC
  | [0 ms] SQL: SELECT guid, spell, spec FROM `character_spell_dual_spec` WHERE guid = '111'
  | [1 ms] SQL: SELECT creatorGuid, giftCreatorGuid, count, duration, charges, flags, enchantments, randomPropertyId, transmogrifyId, durability, text, mail_id, item_guid, itemEntry, generated_loot FROM mail_items JOIN item_instance ON item_guid = guid WHERE receiver = '116'
  | [0 ms] SQL: SELECT variableType, value FROM character_variables WHERE lowGuid = '110'
  | [1 ms] SQL: SELECT skill, value, max FROM character_skills WHERE guid = '109'
  | [0 ms] SQL: SELECT skill, value FROM character_forgotten_skills WHERE guid = '116'
  | [0 ms] SQL: SELECT guid, account, name, race, class, gender, level, xp, money, playerBytes, playerBytes2, playerFlags, position_x, position_y, position_z, map, orientation, taximask, cinematic, totaltime, leveltime, rest_bonus, logout_time, is_logout_resting, resettalents_multiplier, resettalents_time, trans_x, trans_y, trans_z, trans_o, transguid, extra_flags, stable_slots, at_login, zone, online, death_expire_time, taxi_path, honorRankPoints, honorHighestRank, honorStanding, honorLastWeekHK, honorLastWeekCP, honorStoredHK, honorStoredDK, watchedFaction, drunk, health, power1, power2, power3, power4, power5, exploredZones, equipmentCache, ammoId, actionBars, world_phase_mask, customFlags, city_protector, ignore_titles, mortality_status, total_deaths, xp_gain, extraBonusTalentCount FROM characters WHERE guid = '115'
  | [0 ms] SQL: SELECT itemLowGuid, itemEntry, itemCount, action, timestamp FROM character_item_logs WHERE playerLowGuid = '110' ORDER BY timestamp DESC
  | [1 ms] SQL: SELECT groupId FROM group_member WHERE memberGuid ='115'[0 ms] SQL: SELECT guid, spell, spec FROM `character_spell_dual_spec` WHERE guid = '110'
  | [1 ms] SQL: SELECT id,messageType,sender,receiver,subject,itemTextId,expire_time,deliver_time,money,cod,checked,stationery,mailTemplateId,has_items,isDeleted FROM mail WHERE receiver = '109' ORDER BY id DESC
  | [0 ms] SQL: SELECT id, permanent, map, resettime FROM character_instance LEFT JOIN instance ON instance = id WHERE guid = '115'
  | [0 ms] SQL: SELECT creatorGuid, giftCreatorGuid, count, duration, charges, flags, enchantments, randomPropertyId, transmogrifyId, durability, text, mail_id, item_guid, itemEntry, generated_loot FROM mail_items JOIN item_instance ON item_guid = guid WHERE receiver = '109'
  | [0 ms] SQL: SELECT skill, value FROM character_forgotten_skills WHERE guid = '109'
  | [0 ms] SQL: SELECT caster_guid,item_guid,spell,stackcount,remaincharges,basepoints0,basepoints1,basepoints2,periodictime0,periodictime1,periodictime2,maxduration,remaintime,effIndexMask FROM character_aura WHERE guid = '115'
  | [1 ms] SQL: SELECT variableType, value FROM character_variables WHERE lowGuid = '109'
  | [0 ms] SQL: SELECT guid, account, name, race, class, gender, level, xp, money, playerBytes, playerBytes2, playerFlags, position_x, position_y, position_z, map, orientation, taximask, cinematic, totaltime, leveltime, rest_bonus, logout_time, is_logout_resting, resettalents_multiplier, resettalents_time, trans_x, trans_y, trans_z, trans_o, transguid, extra_flags, stable_slots, at_login, zone, online, death_expire_time, taxi_path, honorRankPoints, honorHighestRank, honorStanding, honorLastWeekHK, honorLastWeekCP, honorStoredHK, honorStoredDK, watchedFaction, drunk, health, power1, power2, power3, power4, power5, exploredZones, equipmentCache, ammoId, actionBars, world_phase_mask, customFlags, city_protector, ignore_titles, mortality_status, total_deaths, xp_gain, extraBonusTalentCount FROM characters WHERE guid = '114'
  | [0 ms] SQL: SELECT itemLowGuid, itemEntry, itemCount, action, timestamp FROM character_item_logs WHERE playerLowGuid = '109' ORDER BY timestamp DESC
  | [0 ms] SQL: SELECT guid, spell, spec FROM `character_spell_dual_spec` WHERE guid = '109'
  | [1 ms] SQL: SELECT spell,active,disabled FROM character_spell WHERE guid = '115'
  | [0 ms] SQL: SELECT groupId FROM group_member WHERE memberGuid ='114'
  | [0 ms] SQL: SELECT quest,status,rewarded,explored,timer,mobcount1,mobcount2,mobcount3,mobcount4,itemcount1,itemcount2,itemcount3,itemcount4,reward_choice FROM character_queststatus WHERE guid = '115'
  | [0 ms] SQL: SELECT guid, account, name, race, class, gender, level, xp, money, playerBytes, playerBytes2, playerFlags, position_x, position_y, position_z, map, orientation, taximask, cinematic, totaltime, leveltime, rest_bonus, logout_time, is_logout_resting, resettalents_multiplier, resettalents_time, trans_x, trans_y, trans_z, trans_o, transguid, extra_flags, stable_slots, at_login, zone, online, death_expire_time, taxi_path, honorRankPoints, honorHighestRank, honorStanding, honorLastWeekHK, honorLastWeekCP, honorStoredHK, honorStoredDK, watchedFaction, drunk, health, power1, power2, power3, power4, power5, exploredZones, equipmentCache, ammoId, actionBars, world_phase_mask, customFlags, city_protector, ignore_titles, mortality_status, total_deaths, xp_gain, extraBonusTalentCount FROM characters WHERE guid = '113'
  | [1 ms] SQL: SELECT victimType,victim,cp,date,type FROM character_honor_cp WHERE guid = '115'
  | [1 ms] SQL: SELECT id, permanent, map, resettime FROM character_instance LEFT JOIN instance ON instance = id WHERE guid = '114'[0 ms] SQL: SELECT groupId FROM group_member WHERE memberGuid ='113'
  | [0 ms] SQL: SELECT honor,conquest,weekly_honor,week_begin_day FROM character_pvp_currency WHERE guid = '115'
  | [0 ms] SQL: SELECT caster_guid,item_guid,spell,stackcount,remaincharges,basepoints0,basepoints1,basepoints2,periodictime0,periodictime1,periodictime2,maxduration,remaintime,effIndexMask FROM character_aura WHERE guid = '114'
  | [0 ms] SQL: SELECT id, permanent, map, resettime FROM character_instance LEFT JOIN instance ON instance = id WHERE guid = '113'
  | [3 ms] SQL: SELECT variableType, value FROM character_variables WHERE lowGuid = '116'
  | [1 ms] SQL: SELECT caster_guid,item_guid,spell,stackcount,remaincharges,basepoints0,basepoints1,basepoints2,periodictime0,periodictime1,periodictime2,maxduration,remaintime,effIndexMask FROM character_aura WHERE guid = '113'
  | [1 ms] SQL: SELECT itemLowGuid, itemEntry, itemCount, action, timestamp FROM character_item_logs WHERE playerLowGuid = '116' ORDER BY timestamp DESC
  | [1 ms] SQL: SELECT spell,active,disabled FROM character_spell WHERE guid = '114'
  | [0 ms] SQL: SELECT guid, spell, spec FROM `character_spell_dual_spec` WHERE guid = '116'
  | [0 ms] SQL: SELECT spell,active,disabled FROM character_spell WHERE guid = '113'
  | [0 ms] SQL: SELECT quest,status,rewarded,explored,timer,mobcount1,mobcount2,mobcount3,mobcount4,itemcount1,itemcount2,itemcount3,itemcount4,reward_choice FROM character_queststatus WHERE guid = '114'
  | [0 ms] SQL: SELECT quest,status,rewarded,explored,timer,mobcount1,mobcount2,mobcount3,mobcount4,itemcount1,itemcount2,itemcount3,itemcount4,reward_choice FROM character_queststatus WHERE guid = '113'
  | [0 ms] SQL: SELECT guid, account, name, race, class, gender, level, xp, money, playerBytes, playerBytes2, playerFlags, position_x, position_y, position_z, map, orientation, taximask, cinematic, totaltime, leveltime, rest_bonus, logout_time, is_logout_resting, resettalents_multiplier, resettalents_time, trans_x, trans_y, trans_z, trans_o, transguid, extra_flags, stable_slots, at_login, zone, online, death_expire_time, taxi_path, honorRankPoints, honorHighestRank, honorStanding, honorLastWeekHK, honorLastWeekCP, honorStoredHK, honorStoredDK, watchedFaction, drunk, health, power1, power2, power3, power4, power5, exploredZones, equipmentCache, ammoId, actionBars, world_phase_mask, customFlags, city_protector, ignore_titles, mortality_status, total_deaths, xp_gain, extraBonusTalentCount FROM characters WHERE guid = '112'
  | [1 ms] SQL: SELECT victimType,victim,cp,date,type FROM character_honor_cp WHERE guid = '114'
  | [2 ms] SQL: SELECT faction,standing,flags FROM character_reputation WHERE guid = '115'
  | [1 ms] SQL: SELECT victimType,victim,cp,date,type FROM character_honor_cp WHERE guid = '113'
  | [1 ms] SQL: SELECT honor,conquest,weekly_honor,week_begin_day FROM character_pvp_currency WHERE guid = '113'
  | [0 ms] SQL: SELECT faction,standing,flags FROM character_reputation WHERE guid = '113'
  | [0 ms] SQL: SELECT itemId FROM character_transmogs WHERE guid = '113'
  | [0 ms] SQL: SELECT honor,conquest,weekly_honor,week_begin_day FROM character_pvp_currency WHERE guid = '114'
  | [0 ms] SQL: SELECT faction,standing,flags FROM character_reputation WHERE guid = '114'
  | [0 ms] SQL: SELECT itemId FROM character_transmogs WHERE guid = '115'
  | [0 ms] SQL: SELECT groupId FROM group_member WHERE memberGuid ='112'
  | [0 ms] SQL: SELECT itemId FROM character_transmogs WHERE guid = '114'
  | [1 ms] SQL: SELECT * FROM (SELECT creatorGuid, giftCreatorGuid, count, duration, charges, flags, enchantments, randomPropertyId, transmogrifyId, durability, text, bag, slot, item, itemEntry, generated_loot FROM character_inventory JOIN item_instance ON character_inventory.item = item_instance.guid WHERE character_inventory.guid = '115') as t ORDER BY bag,slot
  | [2 ms] SQL: SELECT id, permanent, map, resettime FROM character_instance LEFT JOIN instance ON instance = id WHERE guid = '112'
  | [1 ms] SQL: SELECT guid,itemid,amount,property FROM item_loot WHERE owner_guid = '115'
  | [3 ms] SQL: SELECT * FROM (SELECT creatorGuid, giftCreatorGuid, count, duration, charges, flags, enchantments, randomPropertyId, transmogrifyId, durability, text, bag, slot, item, itemEntry, generated_loot FROM character_inventory JOIN item_instance ON character_inventory.item = item_instance.guid WHERE character_inventory.guid = '113') as t ORDER BY bag,slot
  | [0 ms] SQL: SELECT guid,itemid,amount,property FROM item_loot WHERE owner_guid = '113'
  | [2 ms] SQL: SELECT * FROM (SELECT creatorGuid, giftCreatorGuid, count, duration, charges, flags, enchantments, randomPropertyId, transmogrifyId, durability, text, bag, slot, item, itemEntry, generated_loot FROM character_inventory JOIN item_instance ON character_inventory.item = item_instance.guid WHERE character_inventory.guid = '114') as t ORDER BY bag,slot
  | [0 ms] SQL: SELECT button,action,type FROM character_action WHERE guid = '113' ORDER BY button
  | [0 ms] SQL: SELECT caster_guid,item_guid,spell,stackcount,remaincharges,basepoints0,basepoints1,basepoints2,periodictime0,periodictime1,periodictime2,maxduration,remaintime,effIndexMask FROM character_aura WHERE guid = '112'
  | [0 ms] SQL: SELECT guid,itemid,amount,property FROM item_loot WHERE owner_guid = '114'
  | [1 ms] SQL: SELECT button,action,type FROM character_action WHERE guid = '114' ORDER BY button
  | [0 ms] SQL: SELECT friend,flags FROM character_social WHERE guid = '114' LIMIT 255[1 ms] SQL: SELECT friend,flags FROM character_social WHERE guid = '113' LIMIT 255
  | [1 ms] SQL: SELECT spell,active,disabled FROM character_spell WHERE guid = '112'
  | [0 ms] SQL: SELECT map,zone,position_x,position_y,position_z FROM character_homebind WHERE guid = '114'
  | [0 ms] SQL: SELECT spell,item,time,cattime FROM character_spell_cooldown WHERE guid = '114'
  | [1 ms] SQL: SELECT quest,status,rewarded,explored,timer,mobcount1,mobcount2,mobcount3,mobcount4,itemcount1,itemcount2,itemcount3,itemcount4,reward_choice FROM character_queststatus WHERE guid = '112'
  | [1 ms] SQL: SELECT guildid,`rank` FROM guild_member WHERE guid = '114'
  | [0 ms] SQL: SELECT victimType,victim,cp,date,type FROM character_honor_cp WHERE guid = '112'
  | [0 ms] SQL: SELECT instance_id, team, join_x, join_y, join_z, join_o, join_map FROM character_battleground_data WHERE guid = '114'
  | [1 ms] SQL: SELECT map,zone,position_x,position_y,position_z FROM character_homebind WHERE guid = '113'
  | [0 ms] SQL: SELECT skill, value, max FROM character_skills WHERE guid = '114'
  | [0 ms] SQL: SELECT honor,conquest,weekly_honor,week_begin_day FROM character_pvp_currency WHERE guid = '112'
  | [0 ms] SQL: SELECT id,messageType,sender,receiver,subject,itemTextId,expire_time,deliver_time,money,cod,checked,stationery,mailTemplateId,has_items,isDeleted FROM mail WHERE receiver = '114' ORDER BY id DESC
  | [2 ms] SQL: SELECT button,action,type FROM character_action WHERE guid = '115' ORDER BY button
  | [1 ms] SQL: SELECT spell,item,time,cattime FROM character_spell_cooldown WHERE guid = '113'
  | [1 ms] SQL: SELECT creatorGuid, giftCreatorGuid, count, duration, charges, flags, enchantments, randomPropertyId, transmogrifyId, durability, text, mail_id, item_guid, itemEntry, generated_loot FROM mail_items JOIN item_instance ON item_guid = guid WHERE receiver = '114'
  | [1 ms] SQL: SELECT faction,standing,flags FROM character_reputation WHERE guid = '112'
  | [0 ms] SQL: SELECT skill, value FROM character_forgotten_skills WHERE guid = '114'
  | [0 ms] SQL: SELECT friend,flags FROM character_social WHERE guid = '115' LIMIT 255
  | [0 ms] SQL: SELECT variableType, value FROM character_variables WHERE lowGuid = '114'
  | [0 ms] SQL: SELECT guildid,`rank` FROM guild_member WHERE guid = '113'
  | [1 ms] SQL: SELECT itemId FROM character_transmogs WHERE guid = '112'
  | [1 ms] SQL: SELECT itemLowGuid, itemEntry, itemCount, action, timestamp FROM character_item_logs WHERE playerLowGuid = '114' ORDER BY timestamp DESC
  | [1 ms] SQL: SELECT map,zone,position_x,position_y,position_z FROM character_homebind WHERE guid = '115'
  | [0 ms] SQL: SELECT guid, spell, spec FROM `character_spell_dual_spec` WHERE guid = '114'
  | [0 ms] SQL: SELECT spell,item,time,cattime FROM character_spell_cooldown WHERE guid = '115'
  | [1 ms] SQL: SELECT instance_id, team, join_x, join_y, join_z, join_o, join_map FROM character_battleground_data WHERE guid = '113'
  | [1 ms] SQL: SELECT * FROM (SELECT creatorGuid, giftCreatorGuid, count, duration, charges, flags, enchantments, randomPropertyId, transmogrifyId, durability, text, bag, slot, item, itemEntry, generated_loot FROM character_inventory JOIN item_instance ON character_inventory.item = item_instance.guid WHERE character_inventory.guid = '112') as t ORDER BY bag,slot
  | [1 ms] SQL: SELECT guid, account, name, race, class, gender, level, xp, money, playerBytes, playerBytes2, playerFlags, position_x, position_y, position_z, map, orientation, taximask, cinematic, totaltime, leveltime, rest_bonus, logout_time, is_logout_resting, resettalents_multiplier, resettalents_time, trans_x, trans_y, trans_z, trans_o, transguid, extra_flags, stable_slots, at_login, zone, online, death_expire_time, taxi_path, honorRankPoints, honorHighestRank, honorStanding, honorLastWeekHK, honorLastWeekCP, honorStoredHK, honorStoredDK, watchedFaction, drunk, health, power1, power2, power3, power4, power5, exploredZones, equipmentCache, ammoId, actionBars, world_phase_mask, customFlags, city_protector, ignore_titles, mortality_status, total_deaths, xp_gain, extraBonusTalentCount FROM characters WHERE guid = '410'
  | [1 ms] SQL: SELECT guildid,`rank` FROM guild_member WHERE guid = '115'
  | [0 ms] SQL: SELECT groupId FROM group_member WHERE memberGuid ='410'
  | [0 ms] SQL: SELECT guid,itemid,amount,property FROM item_loot WHERE owner_guid = '112'
  | [0 ms] SQL: SELECT id, permanent, map, resettime FROM character_instance LEFT JOIN instance ON instance = id WHERE guid = '410'
  | [0 ms] SQL: SELECT instance_id, team, join_x, join_y, join_z, join_o, join_map FROM character_battleground_data WHERE guid = '115'
  | [0 ms] SQL: SELECT button,action,type FROM character_action WHERE guid = '112' ORDER BY button
  | [1 ms] SQL: SELECT skill, value, max FROM character_skills WHERE guid = '115'[1 ms] SQL: SELECT caster_guid,item_guid,spell,stackcount,remaincharges,basepoints0,basepoints1,basepoints2,periodictime0,periodictime1,periodictime2,maxduration,remaintime,effIndexMask FROM character_aura WHERE guid = '410'
  | [1 ms] SQL: SELECT friend,flags FROM character_social WHERE guid = '112' LIMIT 255
  | [0 ms] SQL: SELECT map,zone,position_x,position_y,position_z FROM character_homebind WHERE guid = '112'
  | [0 ms] SQL: SELECT spell,active,disabled FROM character_spell WHERE guid = '410'
  | [0 ms] SQL: SELECT id,messageType,sender,receiver,subject,itemTextId,expire_time,deliver_time,money,cod,checked,stationery,mailTemplateId,has_items,isDeleted FROM mail WHERE receiver = '115' ORDER BY id DESC
  | [3 ms] SQL: SELECT skill, value, max FROM character_skills WHERE guid = '113'
  | [0 ms] SQL: SELECT spell,item,time,cattime FROM character_spell_cooldown WHERE guid = '112'
  | [0 ms] SQL: SELECT id,messageType,sender,receiver,subject,itemTextId,expire_time,deliver_time,money,cod,checked,stationery,mailTemplateId,has_items,isDeleted FROM mail WHERE receiver = '113' ORDER BY id DESC
  | [1 ms] SQL: SELECT quest,status,rewarded,explored,timer,mobcount1,mobcount2,mobcount3,mobcount4,itemcount1,itemcount2,itemcount3,itemcount4,reward_choice FROM character_queststatus WHERE guid = '410'
  | [0 ms] SQL: SELECT guildid,`rank` FROM guild_member WHERE guid = '112'
  | [0 ms] SQL: SELECT creatorGuid, giftCreatorGuid, count, duration, charges, flags, enchantments, randomPropertyId, transmogrifyId, durability, text, mail_id, item_guid, itemEntry, generated_loot FROM mail_items JOIN item_instance ON item_guid = guid WHERE receiver = '113'
  | [0 ms] SQL: SELECT instance_id, team, join_x, join_y, join_z, join_o, join_map FROM character_battleground_data WHERE guid = '112'
  | [1 ms] SQL: SELECT creatorGuid, giftCreatorGuid, count, duration, charges, flags, enchantments, randomPropertyId, transmogrifyId, durability, text, mail_id, item_guid, itemEntry, generated_loot FROM mail_items JOIN item_instance ON item_guid = guid WHERE receiver = '115'
  | [0 ms] SQL: SELECT skill, value FROM character_forgotten_skills WHERE guid = '113'
  | [0 ms] SQL: SELECT victimType,victim,cp,date,type FROM character_honor_cp WHERE guid = '410'[1 ms] SQL: SELECT skill, value FROM character_forgotten_skills WHERE guid = '115'
  | [0 ms] SQL: SELECT variableType, value FROM character_variables WHERE lowGuid = '115'
  | [0 ms] SQL: SELECT variableType, value FROM character_variables WHERE lowGuid = '113'
  | [0 ms] SQL: SELECT itemLowGuid, itemEntry, itemCount, action, timestamp FROM character_item_logs WHERE playerLowGuid = '115' ORDER BY timestamp DESC
  | [0 ms] SQL: SELECT honor,conquest,weekly_honor,week_begin_day FROM character_pvp_currency WHERE guid = '410'
  | [0 ms] SQL: SELECT itemLowGuid, itemEntry, itemCount, action, timestamp FROM character_item_logs WHERE playerLowGuid = '113' ORDER BY timestamp DESC
  | [0 ms] SQL: SELECT guid, spell, spec FROM `character_spell_dual_spec` WHERE guid = '113'
  | [0 ms] SQL: SELECT guid, spell, spec FROM `character_spell_dual_spec` WHERE guid = '115'
  | [0 ms] SQL: SELECT guid, account, name, race, class, gender, level, xp, money, playerBytes, playerBytes2, playerFlags, position_x, position_y, position_z, map, orientation, taximask, cinematic, totaltime, leveltime, rest_bonus, logout_time, is_logout_resting, resettalents_multiplier, resettalents_time, trans_x, trans_y, trans_z, trans_o, transguid, extra_flags, stable_slots, at_login, zone, online, death_expire_time, taxi_path, honorRankPoints, honorHighestRank, honorStanding, honorLastWeekHK, honorLastWeekCP, honorStoredHK, honorStoredDK, watchedFaction, drunk, health, power1, power2, power3, power4, power5, exploredZones, equipmentCache, ammoId, actionBars, world_phase_mask, customFlags, city_protector, ignore_titles, mortality_status, total_deaths, xp_gain, extraBonusTalentCount FROM characters WHERE guid = '117'
  | [0 ms] SQL: SELECT guid, account, name, race, class, gender, level, xp, money, playerBytes, playerBytes2, playerFlags, position_x, position_y, position_z, map, orientation, taximask, cinematic, totaltime, leveltime, rest_bonus, logout_time, is_logout_resting, resettalents_multiplier, resettalents_time, trans_x, trans_y, trans_z, trans_o, transguid, extra_flags, stable_slots, at_login, zone, online, death_expire_time, taxi_path, honorRankPoints, honorHighestRank, honorStanding, honorLastWeekHK, honorLastWeekCP, honorStoredHK, honorStoredDK, watchedFaction, drunk, health, power1, power2, power3, power4, power5, exploredZones, equipmentCache, ammoId, actionBars, world_phase_mask, customFlags, city_protector, ignore_titles, mortality_status, total_deaths, xp_gain, extraBonusTalentCount FROM characters WHERE guid = '411'
  | [1 ms] SQL: SELECT groupId FROM group_member WHERE memberGuid ='117'
  | [0 ms] SQL: SELECT groupId FROM group_member WHERE memberGuid ='411'
  | [0 ms] SQL: SELECT id, permanent, map, resettime FROM character_instance LEFT JOIN instance ON instance = id WHERE guid = '117'
  | [0 ms] SQL: SELECT id, permanent, map, resettime FROM character_instance LEFT JOIN instance ON instance = id WHERE guid = '411'
  | [0 ms] SQL: SELECT caster_guid,item_guid,spell,stackcount,remaincharges,basepoints0,basepoints1,basepoints2,periodictime0,periodictime1,periodictime2,maxduration,remaintime,effIndexMask FROM character_aura WHERE guid = '117'
  | [1 ms] SQL: SELECT faction,standing,flags FROM character_reputation WHERE guid = '410'[1 ms] SQL: SELECT skill, value, max FROM character_skills WHERE guid = '112'
  | [0 ms] SQL: SELECT itemId FROM character_transmogs WHERE guid = '410'
  | [1 ms] SQL: SELECT caster_guid,item_guid,spell,stackcount,remaincharges,basepoints0,basepoints1,basepoints2,periodictime0,periodictime1,periodictime2,maxduration,remaintime,effIndexMask FROM character_aura WHERE guid = '411'
  | [1 ms] SQL: SELECT spell,active,disabled FROM character_spell WHERE guid = '117'
  | [1 ms] SQL: SELECT id,messageType,sender,receiver,subject,itemTextId,expire_time,deliver_time,money,cod,checked,stationery,mailTemplateId,has_items,isDeleted FROM mail WHERE receiver = '112' ORDER BY id DESC
  | [0 ms] SQL: SELECT quest,status,rewarded,explored,timer,mobcount1,mobcount2,mobcount3,mobcount4,itemcount1,itemcount2,itemcount3,itemcount4,reward_choice FROM character_queststatus WHERE guid = '117'
  | [1 ms] SQL: SELECT victimType,victim,cp,date,type FROM character_honor_cp WHERE guid = '117'
  | [1 ms] SQL: SELECT creatorGuid, giftCreatorGuid, count, duration, charges, flags, enchantments, randomPropertyId, transmogrifyId, durability, text, mail_id, item_guid, itemEntry, generated_loot FROM mail_items JOIN item_instance ON item_guid = guid WHERE receiver = '112'
  | [0 ms] SQL: SELECT honor,conquest,weekly_honor,week_begin_day FROM character_pvp_currency WHERE guid = '117'
  | [1 ms] SQL: SELECT * FROM (SELECT creatorGuid, giftCreatorGuid, count, duration, charges, flags, enchantments, randomPropertyId, transmogrifyId, durability, text, bag, slot, item, itemEntry, generated_loot FROM character_inventory JOIN item_instance ON character_inventory.item = item_instance.guid WHERE character_inventory.guid = '410') as t ORDER BY bag,slot
  | [1 ms] SQL: SELECT spell,active,disabled FROM character_spell WHERE guid = '411'
  | [0 ms] SQL: SELECT guid,itemid,amount,property FROM item_loot WHERE owner_guid = '410'
  | [0 ms] SQL: SELECT faction,standing,flags FROM character_reputation WHERE guid = '117'
  | [1 ms] SQL: SELECT skill, value FROM character_forgotten_skills WHERE guid = '112'
  | [1 ms] SQL: SELECT button,action,type FROM character_action WHERE guid = '410' ORDER BY button
  | [1 ms] SQL: SELECT quest,status,rewarded,explored,timer,mobcount1,mobcount2,mobcount3,mobcount4,itemcount1,itemcount2,itemcount3,itemcount4,reward_choice FROM character_queststatus WHERE guid = '411'
  | [0 ms] SQL: SELECT itemId FROM character_transmogs WHERE guid = '117'
  | [0 ms] SQL: SELECT variableType, value FROM character_variables WHERE lowGuid = '112'
  | [0 ms] SQL: SELECT victimType,victim,cp,date,type FROM character_honor_cp WHERE guid = '411'
  | [0 ms] SQL: SELECT itemLowGuid, itemEntry, itemCount, action, timestamp FROM character_item_logs WHERE playerLowGuid = '112' ORDER BY timestamp DESC
  | [0 ms] SQL: SELECT * FROM (SELECT creatorGuid, giftCreatorGuid, count, duration, charges, flags, enchantments, randomPropertyId, transmogrifyId, durability, text, bag, slot, item, itemEntry, generated_loot FROM character_inventory JOIN item_instance ON character_inventory.item = item_instance.guid WHERE character_inventory.guid = '117') as t ORDER BY bag,slot
  | [1 ms] SQL: SELECT honor,conquest,weekly_honor,week_begin_day FROM character_pvp_currency WHERE guid = '411'
  | [0 ms] SQL: SELECT guid,itemid,amount,property FROM item_loot WHERE owner_guid = '117'
  | [1 ms] SQL: SELECT friend,flags FROM character_social WHERE guid = '410' LIMIT 255
  | [0 ms] SQL: SELECT button,action,type FROM character_action WHERE guid = '117' ORDER BY button
  | [0 ms] SQL: SELECT friend,flags FROM character_social WHERE guid = '117' LIMIT 255
  | [1 ms] SQL: SELECT guid, spell, spec FROM `character_spell_dual_spec` WHERE guid = '112'
  | [0 ms] SQL: SELECT map,zone,position_x,position_y,position_z FROM character_homebind WHERE guid = '410'
  | [0 ms] SQL: SELECT map,zone,position_x,position_y,position_z FROM character_homebind WHERE guid = '117'
  | [0 ms] SQL: SELECT faction,standing,flags FROM character_reputation WHERE guid = '411'
  | [1 ms] SQL: SELECT spell,item,time,cattime FROM character_spell_cooldown WHERE guid = '117'
  | [1 ms] SQL: SELECT spell,item,time,cattime FROM character_spell_cooldown WHERE guid = '410'
  | [0 ms] SQL: SELECT guildid,`rank` FROM guild_member WHERE guid = '117'
  | [0 ms] SQL: SELECT itemId FROM character_transmogs WHERE guid = '411'
  | [0 ms] SQL: SELECT guildid,`rank` FROM guild_member WHERE guid = '410'
  | [0 ms] SQL: SELECT instance_id, team, join_x, join_y, join_z, join_o, join_map FROM character_battleground_data WHERE guid = '117'
  | [0 ms] SQL: SELECT instance_id, team, join_x, join_y, join_z, join_o, join_map FROM character_battleground_data WHERE guid = '410'
  | [1 ms] SQL: SELECT skill, value, max FROM character_skills WHERE guid = '117'
  | [2 ms] SQL: SELECT guid, account, name, race, class, gender, level, xp, money, playerBytes, playerBytes2, playerFlags, position_x, position_y, position_z, map, orientation, taximask, cinematic, totaltime, leveltime, rest_bonus, logout_time, is_logout_resting, resettalents_multiplier, resettalents_time, trans_x, trans_y, trans_z, trans_o, transguid, extra_flags, stable_slots, at_login, zone, online, death_expire_time, taxi_path, honorRankPoints, honorHighestRank, honorStanding, honorLastWeekHK, honorLastWeekCP, honorStoredHK, honorStoredDK, watchedFaction, drunk, health, power1, power2, power3, power4, power5, exploredZones, equipmentCache, ammoId, actionBars, world_phase_mask, customFlags, city_protector, ignore_titles, mortality_status, total_deaths, xp_gain, extraBonusTalentCount FROM characters WHERE guid = '412'
  | [0 ms] SQL: SELECT skill, value, max FROM character_skills WHERE guid = '410'
  | [1 ms] SQL: SELECT * FROM (SELECT creatorGuid, giftCreatorGuid, count, duration, charges, flags, enchantments, randomPropertyId, transmogrifyId, durability, text, bag, slot, item, itemEntry, generated_loot FROM character_inventory JOIN item_instance ON character_inventory.item = item_instance.guid WHERE character_inventory.guid = '411') as t ORDER BY bag,slot
  | [1 ms] SQL: SELECT groupId FROM group_member WHERE memberGuid ='412'
  | [1 ms] SQL: SELECT id,messageType,sender,receiver,subject,itemTextId,expire_time,deliver_time,money,cod,checked,stationery,mailTemplateId,has_items,isDeleted FROM mail WHERE receiver = '117' ORDER BY id DESC
  | [1 ms] SQL: SELECT id,messageType,sender,receiver,subject,itemTextId,expire_time,deliver_time,money,cod,checked,stationery,mailTemplateId,has_items,isDeleted FROM mail WHERE receiver = '410' ORDER BY id DESC
  | [1 ms] SQL: SELECT id, permanent, map, resettime FROM character_instance LEFT JOIN instance ON instance = id WHERE guid = '412'
  | [1 ms] SQL: SELECT creatorGuid, giftCreatorGuid, count, duration, charges, flags, enchantments, randomPropertyId, transmogrifyId, durability, text, mail_id, item_guid, itemEntry, generated_loot FROM mail_items JOIN item_instance ON item_guid = guid WHERE receiver = '117'
  | [0 ms] SQL: SELECT creatorGuid, giftCreatorGuid, count, duration, charges, flags, enchantments, randomPropertyId, transmogrifyId, durability, text, mail_id, item_guid, itemEntry, generated_loot FROM mail_items JOIN item_instance ON item_guid = guid WHERE receiver = '410'
  | [0 ms] SQL: SELECT caster_guid,item_guid,spell,stackcount,remaincharges,basepoints0,basepoints1,basepoints2,periodictime0,periodictime1,periodictime2,maxduration,remaintime,effIndexMask FROM character_aura WHERE guid = '412'
  | [0 ms] SQL: SELECT skill, value FROM character_forgotten_skills WHERE guid = '117'
  | [1 ms] SQL: SELECT guid,itemid,amount,property FROM item_loot WHERE owner_guid = '411'
  | [0 ms] SQL: SELECT skill, value FROM character_forgotten_skills WHERE guid = '410'
  | [1 ms] SQL: SELECT variableType, value FROM character_variables WHERE lowGuid = '410'
  | [1 ms] SQL: SELECT spell,active,disabled FROM character_spell WHERE guid = '412'
  | [1 ms] SQL: SELECT variableType, value FROM character_variables WHERE lowGuid = '117'
  | [1 ms] SQL: SELECT button,action,type FROM character_action WHERE guid = '411' ORDER BY button
  | [0 ms] SQL: SELECT itemLowGuid, itemEntry, itemCount, action, timestamp FROM character_item_logs WHERE playerLowGuid = '410' ORDER BY timestamp DESC
  | [0 ms] SQL: SELECT quest,status,rewarded,explored,timer,mobcount1,mobcount2,mobcount3,mobcount4,itemcount1,itemcount2,itemcount3,itemcount4,reward_choice FROM character_queststatus WHERE guid = '412'
  | [0 ms] SQL: SELECT guid, spell, spec FROM `character_spell_dual_spec` WHERE guid = '410'
  | [0 ms] SQL: SELECT friend,flags FROM character_social WHERE guid = '411' LIMIT 255
  | [0 ms] SQL: SELECT victimType,victim,cp,date,type FROM character_honor_cp WHERE guid = '412'
  | [0 ms] SQL: SELECT itemLowGuid, itemEntry, itemCount, action, timestamp FROM character_item_logs WHERE playerLowGuid = '117' ORDER BY timestamp DESC
  | [0 ms] SQL: SELECT honor,conquest,weekly_honor,week_begin_day FROM character_pvp_currency WHERE guid = '412'
  | [1 ms] SQL: SELECT guid, account, name, race, class, gender, level, xp, money, playerBytes, playerBytes2, playerFlags, position_x, position_y, position_z, map, orientation, taximask, cinematic, totaltime, leveltime, rest_bonus, logout_time, is_logout_resting, resettalents_multiplier, resettalents_time, trans_x, trans_y, trans_z, trans_o, transguid, extra_flags, stable_slots, at_login, zone, online, death_expire_time, taxi_path, honorRankPoints, honorHighestRank, honorStanding, honorLastWeekHK, honorLastWeekCP, honorStoredHK, honorStoredDK, watchedFaction, drunk, health, power1, power2, power3, power4, power5, exploredZones, equipmentCache, ammoId, actionBars, world_phase_mask, customFlags, city_protector, ignore_titles, mortality_status, total_deaths, xp_gain, extraBonusTalentCount FROM characters WHERE guid = '406'
  | [1 ms] SQL: SELECT map,zone,position_x,position_y,position_z FROM character_homebind WHERE guid = '411'
  | [0 ms] SQL: SELECT guid, spell, spec FROM `character_spell_dual_spec` WHERE guid = '117'
  | [0 ms] SQL: SELECT groupId FROM group_member WHERE memberGuid ='406'
  | [1 ms] SQL: SELECT spell,item,time,cattime FROM character_spell_cooldown WHERE guid = '411'
  | [1 ms] SQL: SELECT id, permanent, map, resettime FROM character_instance LEFT JOIN instance ON instance = id WHERE guid = '406'
  | [1 ms] SQL: SELECT faction,standing,flags FROM character_reputation WHERE guid = '412'
  | [1 ms] SQL: SELECT guid, account, name, race, class, gender, level, xp, money, playerBytes, playerBytes2, playerFlags, position_x, position_y, position_z, map, orientation, taximask, cinematic, totaltime, leveltime, rest_bonus, logout_time, is_logout_resting, resettalents_multiplier, resettalents_time, trans_x, trans_y, trans_z, trans_o, transguid, extra_flags, stable_slots, at_login, zone, online, death_expire_time, taxi_path, honorRankPoints, honorHighestRank, honorStanding, honorLastWeekHK, honorLastWeekCP, honorStoredHK, honorStoredDK, watchedFaction, drunk, health, power1, power2, power3, power4, power5, exploredZones, equipmentCache, ammoId, actionBars, world_phase_mask, customFlags, city_protector, ignore_titles, mortality_status, total_deaths, xp_gain, extraBonusTalentCount FROM characters WHERE guid = '409'
  | [0 ms] SQL: SELECT guildid,`rank` FROM guild_member WHERE guid = '411'
  | [0 ms] SQL: SELECT itemId FROM character_transmogs WHERE guid = '412'
  | [0 ms] SQL: SELECT caster_guid,item_guid,spell,stackcount,remaincharges,basepoints0,basepoints1,basepoints2,periodictime0,periodictime1,periodictime2,maxduration,remaintime,effIndexMask FROM character_aura WHERE guid = '406'
  | [0 ms] SQL: SELECT groupId FROM group_member WHERE memberGuid ='409'
  | [0 ms] SQL: SELECT spell,active,disabled FROM character_spell WHERE guid = '406'
  | [0 ms] SQL: SELECT id, permanent, map, resettime FROM character_instance LEFT JOIN instance ON instance = id WHERE guid = '409'
  | [1 ms] SQL: SELECT quest,status,rewarded,explored,timer,mobcount1,mobcount2,mobcount3,mobcount4,itemcount1,itemcount2,itemcount3,itemcount4,reward_choice FROM character_queststatus WHERE guid = '406'
  | [1 ms] SQL: SELECT instance_id, team, join_x, join_y, join_z, join_o, join_map FROM character_battleground_data WHERE guid = '411'
  | [0 ms] SQL: SELECT victimType,victim,cp,date,type FROM character_honor_cp WHERE guid = '406'
  | [0 ms] SQL: SELECT caster_guid,item_guid,spell,stackcount,remaincharges,basepoints0,basepoints1,basepoints2,periodictime0,periodictime1,periodictime2,maxduration,remaintime,effIndexMask FROM character_aura WHERE guid = '409'
  | [0 ms] SQL: SELECT skill, value, max FROM character_skills WHERE guid = '411'
  | [0 ms] SQL: SELECT honor,conquest,weekly_honor,week_begin_day FROM character_pvp_currency WHERE guid = '406'
  | [1 ms] SQL: SELECT faction,standing,flags FROM character_reputation WHERE guid = '406'
  | [1 ms] SQL: SELECT id,messageType,sender,receiver,subject,itemTextId,expire_time,deliver_time,money,cod,checked,stationery,mailTemplateId,has_items,isDeleted FROM mail WHERE receiver = '411' ORDER BY id DESC
  | [2 ms] SQL: SELECT * FROM (SELECT creatorGuid, giftCreatorGuid, count, duration, charges, flags, enchantments, randomPropertyId, transmogrifyId, durability, text, bag, slot, item, itemEntry, generated_loot FROM character_inventory JOIN item_instance ON character_inventory.item = item_instance.guid WHERE character_inventory.guid = '412') as t ORDER BY bag,slot
  | [0 ms] SQL: SELECT creatorGuid, giftCreatorGuid, count, duration, charges, flags, enchantments, randomPropertyId, transmogrifyId, durability, text, mail_id, item_guid, itemEntry, generated_loot FROM mail_items JOIN item_instance ON item_guid = guid WHERE receiver = '411'
  | [0 ms] SQL: SELECT guid,itemid,amount,property FROM item_loot WHERE owner_guid = '412'
  | [1 ms] SQL: SELECT spell,active,disabled FROM character_spell WHERE guid = '409'
  | [1 ms] SQL: SELECT skill, value FROM character_forgotten_skills WHERE guid = '411'
  | [1 ms] SQL: SELECT button,action,type FROM character_action WHERE guid = '412' ORDER BY button[1 ms] SQL: SELECT quest,status,rewarded,explored,timer,mobcount1,mobcount2,mobcount3,mobcount4,itemcount1,itemcount2,itemcount3,itemcount4,reward_choice FROM character_queststatus WHERE guid = '409'
  | [0 ms] SQL: SELECT itemId FROM character_transmogs WHERE guid = '406'
  | [0 ms] SQL: SELECT variableType, value FROM character_variables WHERE lowGuid = '411'
  | [0 ms] SQL: SELECT victimType,victim,cp,date,type FROM character_honor_cp WHERE guid = '409'
  | [0 ms] SQL: SELECT friend,flags FROM character_social WHERE guid = '412' LIMIT 255
  | [0 ms] SQL: SELECT itemLowGuid, itemEntry, itemCount, action, timestamp FROM character_item_logs WHERE playerLowGuid = '411' ORDER BY timestamp DESC
  | [0 ms] SQL: SELECT honor,conquest,weekly_honor,week_begin_day FROM character_pvp_currency WHERE guid = '409'
  | [1 ms] SQL: SELECT map,zone,position_x,position_y,position_z FROM character_homebind WHERE guid = '412'
  | [1 ms] SQL: SELECT * FROM (SELECT creatorGuid, giftCreatorGuid, count, duration, charges, flags, enchantments, randomPropertyId, transmogrifyId, durability, text, bag, slot, item, itemEntry, generated_loot FROM character_inventory JOIN item_instance ON character_inventory.item = item_instance.guid WHERE character_inventory.guid = '406') as t ORDER BY bag,slot
  | [1 ms] SQL: SELECT faction,standing,flags FROM character_reputation WHERE guid = '409'
  | [0 ms] SQL: SELECT spell,item,time,cattime FROM character_spell_cooldown WHERE guid = '412'
  | [0 ms] SQL: SELECT itemId FROM character_transmogs WHERE guid = '409'
  | [1 ms] SQL: SELECT guid, spell, spec FROM `character_spell_dual_spec` WHERE guid = '411'
  | [0 ms] SQL: SELECT guildid,`rank` FROM guild_member WHERE guid = '412'
  | [0 ms] SQL: SELECT guid,itemid,amount,property FROM item_loot WHERE owner_guid = '406'
  | [1 ms] SQL: SELECT instance_id, team, join_x, join_y, join_z, join_o, join_map FROM character_battleground_data WHERE guid = '412'
  | [1 ms] SQL: SELECT guid, account, name, race, class, gender, level, xp, money, playerBytes, playerBytes2, playerFlags, position_x, position_y, position_z, map, orientation, taximask, cinematic, totaltime, leveltime, rest_bonus, logout_time, is_logout_resting, resettalents_multiplier, resettalents_time, trans_x, trans_y, trans_z, trans_o, transguid, extra_flags, stable_slots, at_login, zone, online, death_expire_time, taxi_path, honorRankPoints, honorHighestRank, honorStanding, honorLastWeekHK, honorLastWeekCP, honorStoredHK, honorStoredDK, watchedFaction, drunk, health, power1, power2, power3, power4, power5, exploredZones, equipmentCache, ammoId, actionBars, world_phase_mask, customFlags, city_protector, ignore_titles, mortality_status, total_deaths, xp_gain, extraBonusTalentCount FROM characters WHERE guid = '407'
  | [1 ms] SQL: SELECT * FROM (SELECT creatorGuid, giftCreatorGuid, count, duration, charges, flags, enchantments, randomPropertyId, transmogrifyId, durability, text, bag, slot, item, itemEntry, generated_loot FROM character_inventory JOIN item_instance ON character_inventory.item = item_instance.guid WHERE character_inventory.guid = '409') as t ORDER BY bag,slot
  | [0 ms] SQL: SELECT groupId FROM group_member WHERE memberGuid ='407'
  | [0 ms] SQL: SELECT guid,itemid,amount,property FROM item_loot WHERE owner_guid = '409'
  | [0 ms] SQL: SELECT button,action,type FROM character_action WHERE guid = '406' ORDER BY button
  | [1 ms] SQL: SELECT button,action,type FROM character_action WHERE guid = '409' ORDER BY button
  | [1 ms] SQL: SELECT skill, value, max FROM character_skills WHERE guid = '412'
  | [0 ms] SQL: SELECT friend,flags FROM character_social WHERE guid = '409' LIMIT 255
  | [1 ms] SQL: SELECT id, permanent, map, resettime FROM character_instance LEFT JOIN instance ON instance = id WHERE guid = '407'
  | [1 ms] SQL: SELECT friend,flags FROM character_social WHERE guid = '406' LIMIT 255
  | [0 ms] SQL: SELECT map,zone,position_x,position_y,position_z FROM character_homebind WHERE guid = '409'
  | [0 ms] SQL: SELECT caster_guid,item_guid,spell,stackcount,remaincharges,basepoints0,basepoints1,basepoints2,periodictime0,periodictime1,periodictime2,maxduration,remaintime,effIndexMask FROM character_aura WHERE guid = '407'
  | [0 ms] SQL: SELECT id,messageType,sender,receiver,subject,itemTextId,expire_time,deliver_time,money,cod,checked,stationery,mailTemplateId,has_items,isDeleted FROM mail WHERE receiver = '412' ORDER BY id DESC
  | [0 ms] SQL: SELECT map,zone,position_x,position_y,position_z FROM character_homebind WHERE guid = '406'
  | [0 ms] SQL: SELECT spell,item,time,cattime FROM character_spell_cooldown WHERE guid = '409'
  | [1 ms] SQL: SELECT guildid,`rank` FROM guild_member WHERE guid = '409'
  | [1 ms] SQL: SELECT spell,item,time,cattime FROM character_spell_cooldown WHERE guid = '406'
  | [0 ms] SQL: SELECT instance_id, team, join_x, join_y, join_z, join_o, join_map FROM character_battleground_data WHERE guid = '409'
  | [1 ms] SQL: SELECT creatorGuid, giftCreatorGuid, count, duration, charges, flags, enchantments, randomPropertyId, transmogrifyId, durability, text, mail_id, item_guid, itemEntry, generated_loot FROM mail_items JOIN item_instance ON item_guid = guid WHERE receiver = '412'
  | [1 ms] SQL: SELECT spell,active,disabled FROM character_spell WHERE guid = '407'
  | [0 ms] SQL: SELECT guildid,`rank` FROM guild_member WHERE guid = '406'
  | [0 ms] SQL: SELECT skill, value FROM character_forgotten_skills WHERE guid = '412'
  | [0 ms] SQL: SELECT skill, value, max FROM character_skills WHERE guid = '409'
  | [0 ms] SQL: SELECT quest,status,rewarded,explored,timer,mobcount1,mobcount2,mobcount3,mobcount4,itemcount1,itemcount2,itemcount3,itemcount4,reward_choice FROM character_queststatus WHERE guid = '407'
  | [0 ms] SQL: SELECT instance_id, team, join_x, join_y, join_z, join_o, join_map FROM character_battleground_data WHERE guid = '406'
  | [1 ms] SQL: SELECT victimType,victim,cp,date,type FROM character_honor_cp WHERE guid = '407'
  | [0 ms] SQL: SELECT skill, value, max FROM character_skills WHERE guid = '406'
  | [0 ms] SQL: SELECT id,messageType,sender,receiver,subject,itemTextId,expire_time,deliver_time,money,cod,checked,stationery,mailTemplateId,has_items,isDeleted FROM mail WHERE receiver = '409' ORDER BY id DESC
  | [0 ms] SQL: SELECT variableType, value FROM character_variables WHERE lowGuid = '412'
  | [0 ms] SQL: SELECT honor,conquest,weekly_honor,week_begin_day FROM character_pvp_currency WHERE guid = '407'
  | [0 ms] SQL: SELECT id,messageType,sender,receiver,subject,itemTextId,expire_time,deliver_time,money,cod,checked,stationery,mailTemplateId,has_items,isDeleted FROM mail WHERE receiver = '406' ORDER BY id DESC
  | [0 ms] SQL: SELECT creatorGuid, giftCreatorGuid, count, duration, charges, flags, enchantments, randomPropertyId, transmogrifyId, durability, text, mail_id, item_guid, itemEntry, generated_loot FROM mail_items JOIN item_instance ON item_guid = guid WHERE receiver = '409'
  | [0 ms] SQL: SELECT itemLowGuid, itemEntry, itemCount, action, timestamp FROM character_item_logs WHERE playerLowGuid = '412' ORDER BY timestamp DESC
  | [1 ms] SQL: SELECT faction,standing,flags FROM character_reputation WHERE guid = '407'
  | [1 ms] SQL: SELECT skill, value FROM character_forgotten_skills WHERE guid = '409'
  | [1 ms] SQL: SELECT creatorGuid, giftCreatorGuid, count, duration, charges, flags, enchantments, randomPropertyId, transmogrifyId, durability, text, mail_id, item_guid, itemEntry, generated_loot FROM mail_items JOIN item_instance ON item_guid = guid WHERE receiver = '406'
  | [1 ms] SQL: SELECT guid, spell, spec FROM `character_spell_dual_spec` WHERE guid = '412'
  | [0 ms] SQL: SELECT skill, value FROM character_forgotten_skills WHERE guid = '406'
  | [0 ms] SQL: SELECT itemId FROM character_transmogs WHERE guid = '407'
  | [0 ms] SQL: SELECT variableType, value FROM character_variables WHERE lowGuid = '406'
  | [0 ms] SQL: SELECT itemLowGuid, itemEntry, itemCount, action, timestamp FROM character_item_logs WHERE playerLowGuid = '406' ORDER BY timestamp DESC
  | [0 ms] SQL: SELECT variableType, value FROM character_variables WHERE lowGuid = '409'
  | [1 ms] SQL: SELECT * FROM (SELECT creatorGuid, giftCreatorGuid, count, duration, charges, flags, enchantments, randomPropertyId, transmogrifyId, durability, text, bag, slot, item, itemEntry, generated_loot FROM character_inventory JOIN item_instance ON character_inventory.item = item_instance.guid WHERE character_inventory.guid = '407') as t ORDER BY bag,slot
  | [1 ms] SQL: SELECT guid, spell, spec FROM `character_spell_dual_spec` WHERE guid = '406'
  | [1 ms] SQL: SELECT itemLowGuid, itemEntry, itemCount, action, timestamp FROM character_item_logs WHERE playerLowGuid = '409' ORDER BY timestamp DESC
  | [1 ms] SQL: SELECT guid, account, name, race, class, gender, level, xp, money, playerBytes, playerBytes2, playerFlags, position_x, position_y, position_z, map, orientation, taximask, cinematic, totaltime, leveltime, rest_bonus, logout_time, is_logout_resting, resettalents_multiplier, resettalents_time, trans_x, trans_y, trans_z, trans_o, transguid, extra_flags, stable_slots, at_login, zone, online, death_expire_time, taxi_path, honorRankPoints, honorHighestRank, honorStanding, honorLastWeekHK, honorLastWeekCP, honorStoredHK, honorStoredDK, watchedFaction, drunk, health, power1, power2, power3, power4, power5, exploredZones, equipmentCache, ammoId, actionBars, world_phase_mask, customFlags, city_protector, ignore_titles, mortality_status, total_deaths, xp_gain, extraBonusTalentCount FROM characters WHERE guid = '408'
  | [0 ms] SQL: SELECT guid,itemid,amount,property FROM item_loot WHERE owner_guid = '407'
  | [0 ms] SQL: SELECT guid, account, name, race, class, gender, level, xp, money, playerBytes, playerBytes2, playerFlags, position_x, position_y, position_z, map, orientation, taximask, cinematic, totaltime, leveltime, rest_bonus, logout_time, is_logout_resting, resettalents_multiplier, resettalents_time, trans_x, trans_y, trans_z, trans_o, transguid, extra_flags, stable_slots, at_login, zone, online, death_expire_time, taxi_path, honorRankPoints, honorHighestRank, honorStanding, honorLastWeekHK, honorLastWeekCP, honorStoredHK, honorStoredDK, watchedFaction, drunk, health, power1, power2, power3, power4, power5, exploredZones, equipmentCache, ammoId, actionBars, world_phase_mask, customFlags, city_protector, ignore_titles, mortality_status, total_deaths, xp_gain, extraBonusTalentCount FROM characters WHERE guid = '414'
  | [0 ms] SQL: SELECT guid, spell, spec FROM `character_spell_dual_spec` WHERE guid = '409'
  | [1 ms] SQL: SELECT button,action,type FROM character_action WHERE guid = '407' ORDER BY button
  | [1 ms] SQL: SELECT groupId FROM group_member WHERE memberGuid ='414'
  | [0 ms] SQL: SELECT friend,flags FROM character_social WHERE guid = '407' LIMIT 255
  | [1 ms] SQL: SELECT guid, account, name, race, class, gender, level, xp, money, playerBytes, playerBytes2, playerFlags, position_x, position_y, position_z, map, orientation, taximask, cinematic, totaltime, leveltime, rest_bonus, logout_time, is_logout_resting, resettalents_multiplier, resettalents_time, trans_x, trans_y, trans_z, trans_o, transguid, extra_flags, stable_slots, at_login, zone, online, death_expire_time, taxi_path, honorRankPoints, honorHighestRank, honorStanding, honorLastWeekHK, honorLastWeekCP, honorStoredHK, honorStoredDK, watchedFaction, drunk, health, power1, power2, power3, power4, power5, exploredZones, equipmentCache, ammoId, actionBars, world_phase_mask, customFlags, city_protector, ignore_titles, mortality_status, total_deaths, xp_gain, extraBonusTalentCount FROM characters WHERE guid = '413'
  | [0 ms] SQL: SELECT map,zone,position_x,position_y,position_z FROM character_homebind WHERE guid = '407'
  | [0 ms] SQL: SELECT id, permanent, map, resettime FROM character_instance LEFT JOIN instance ON instance = id WHERE guid = '414'
  | [0 ms] SQL: SELECT spell,item,time,cattime FROM character_spell_cooldown WHERE guid = '407'
  | [1 ms] SQL: SELECT caster_guid,item_guid,spell,stackcount,remaincharges,basepoints0,basepoints1,basepoints2,periodictime0,periodictime1,periodictime2,maxduration,remaintime,effIndexMask FROM character_aura WHERE guid = '414'
  | [1 ms] SQL: SELECT groupId FROM group_member WHERE memberGuid ='413'
  | [1 ms] SQL: SELECT guildid,`rank` FROM guild_member WHERE guid = '407'
  | [1 ms] SQL: SELECT groupId FROM group_member WHERE memberGuid ='408'
  | [0 ms] SQL: SELECT id, permanent, map, resettime FROM character_instance LEFT JOIN instance ON instance = id WHERE guid = '413'
  | [0 ms] SQL: SELECT spell,active,disabled FROM character_spell WHERE guid = '414'
  | [0 ms] SQL: SELECT instance_id, team, join_x, join_y, join_z, join_o, join_map FROM character_battleground_data WHERE guid = '407'
  | [0 ms] SQL: SELECT quest,status,rewarded,explored,timer,mobcount1,mobcount2,mobcount3,mobcount4,itemcount1,itemcount2,itemcount3,itemcount4,reward_choice FROM character_queststatus WHERE guid = '414'
  | [0 ms] SQL: SELECT caster_guid,item_guid,spell,stackcount,remaincharges,basepoints0,basepoints1,basepoints2,periodictime0,periodictime1,periodictime2,maxduration,remaintime,effIndexMask FROM character_aura WHERE guid = '413'
  | [0 ms] SQL: SELECT skill, value, max FROM character_skills WHERE guid = '407'
  | [0 ms] SQL: SELECT victimType,victim,cp,date,type FROM character_honor_cp WHERE guid = '414'
  | [1 ms] SQL: SELECT id,messageType,sender,receiver,subject,itemTextId,expire_time,deliver_time,money,cod,checked,stationery,mailTemplateId,has_items,isDeleted FROM mail WHERE receiver = '407' ORDER BY id DESC
  | [1 ms] SQL: SELECT honor,conquest,weekly_honor,week_begin_day FROM character_pvp_currency WHERE guid = '414'
  | [0 ms] SQL: SELECT creatorGuid, giftCreatorGuid, count, duration, charges, flags, enchantments, randomPropertyId, transmogrifyId, durability, text, mail_id, item_guid, itemEntry, generated_loot FROM mail_items JOIN item_instance ON item_guid = guid WHERE receiver = '407'
  | [1 ms] SQL: SELECT id, permanent, map, resettime FROM character_instance LEFT JOIN instance ON instance = id WHERE guid = '408'
  | [0 ms] SQL: SELECT faction,standing,flags FROM character_reputation WHERE guid = '414'
  | [0 ms] SQL: SELECT skill, value FROM character_forgotten_skills WHERE guid = '407'
  | [1 ms] SQL: SELECT spell,active,disabled FROM character_spell WHERE guid = '413'
  | [0 ms] SQL: SELECT itemId FROM character_transmogs WHERE guid = '414'
  | [0 ms] SQL: SELECT variableType, value FROM character_variables WHERE lowGuid = '407'
  | [1 ms] SQL: SELECT caster_guid,item_guid,spell,stackcount,remaincharges,basepoints0,basepoints1,basepoints2,periodictime0,periodictime1,periodictime2,maxduration,remaintime,effIndexMask FROM character_aura WHERE guid = '408'
  | [1 ms] SQL: SELECT quest,status,rewarded,explored,timer,mobcount1,mobcount2,mobcount3,mobcount4,itemcount1,itemcount2,itemcount3,itemcount4,reward_choice FROM character_queststatus WHERE guid = '413'
  | [1 ms] SQL: SELECT itemLowGuid, itemEntry, itemCount, action, timestamp FROM character_item_logs WHERE playerLowGuid = '407' ORDER BY timestamp DESC
  | [0 ms] SQL: SELECT victimType,victim,cp,date,type FROM character_honor_cp WHERE guid = '413'
  | [0 ms] SQL: SELECT guid, spell, spec FROM `character_spell_dual_spec` WHERE guid = '407'
  | [0 ms] SQL: SELECT honor,conquest,weekly_honor,week_begin_day FROM character_pvp_currency WHERE guid = '413'
  | [0 ms] SQL: SELECT id FROM character_pet WHERE owner = '835'
  | [1 ms] SQL: SELECT faction,standing,flags FROM character_reputation WHERE guid = '413'
  | [1 ms] SQL: SELECT guid, account, name, race, class, gender, level, xp, money, playerBytes, playerBytes2, playerFlags, position_x, position_y, position_z, map, orientation, taximask, cinematic, totaltime, leveltime, rest_bonus, logout_time, is_logout_resting, resettalents_multiplier, resettalents_time, trans_x, trans_y, trans_z, trans_o, transguid, extra_flags, stable_slots, at_login, zone, online, death_expire_time, taxi_path, honorRankPoints, honorHighestRank, honorStanding, honorLastWeekHK, honorLastWeekCP, honorStoredHK, honorStoredDK, watchedFaction, drunk, health, power1, power2, power3, power4, power5, exploredZones, equipmentCache, ammoId, actionBars, world_phase_mask, customFlags, city_protector, ignore_titles, mortality_status, total_deaths, xp_gain, extraBonusTalentCount FROM characters WHERE guid = '363'
  | [0 ms] SQL: SELECT * FROM (SELECT creatorGuid, giftCreatorGuid, count, duration, charges, flags, enchantments, randomPropertyId, transmogrifyId, durability, text, bag, slot, item, itemEntry, generated_loot FROM character_inventory JOIN item_instance ON character_inventory.item = item_instance.guid WHERE character_inventory.guid = '414') as t ORDER BY bag,slot
  | [0 ms] SQL: SELECT groupId FROM group_member WHERE memberGuid ='363'
  | [0 ms] SQL: SELECT guid,itemid,amount,property FROM item_loot WHERE owner_guid = '414'
  | [0 ms] SQL: SELECT itemId FROM character_transmogs WHERE guid = '413'
  | [0 ms] SQL: SELECT id, permanent, map, resettime FROM character_instance LEFT JOIN instance ON instance = id WHERE guid = '363'
  | [1 ms] SQL: SELECT spell,active,disabled FROM character_spell WHERE guid = '408'
  | [1 ms] SQL: SELECT button,action,type FROM character_action WHERE guid = '414' ORDER BY button
  | [0 ms] SQL: SELECT friend,flags FROM character_social WHERE guid = '414' LIMIT 255
  | [1 ms] SQL: SELECT caster_guid,item_guid,spell,stackcount,remaincharges,basepoints0,basepoints1,basepoints2,periodictime0,periodictime1,periodictime2,maxduration,remaintime,effIndexMask FROM character_aura WHERE guid = '363'
  | [0 ms] SQL: SELECT map,zone,position_x,position_y,position_z FROM character_homebind WHERE guid = '414'
  | [0 ms] SQL: SELECT quest,status,rewarded,explored,timer,mobcount1,mobcount2,mobcount3,mobcount4,itemcount1,itemcount2,itemcount3,itemcount4,reward_choice FROM character_queststatus WHERE guid = '408'
  | [1 ms] SQL: SELECT * FROM (SELECT creatorGuid, giftCreatorGuid, count, duration, charges, flags, enchantments, randomPropertyId, transmogrifyId, durability, text, bag, slot, item, itemEntry, generated_loot FROM character_inventory JOIN item_instance ON character_inventory.item = item_instance.guid WHERE character_inventory.guid = '413') as t ORDER BY bag,slot
  | [0 ms] SQL: SELECT spell,item,time,cattime FROM character_spell_cooldown WHERE guid = '414'
  | [0 ms] SQL: SELECT guid,itemid,amount,property FROM item_loot WHERE owner_guid = '413'
  | [0 ms] SQL: SELECT victimType,victim,cp,date,type FROM character_honor_cp WHERE guid = '408'
  | [1 ms] SQL: SELECT spell,active,disabled FROM character_spell WHERE guid = '363'
  | [1 ms] SQL: SELECT button,action,type FROM character_action WHERE guid = '413' ORDER BY button
  | [1 ms] SQL: SELECT guildid,`rank` FROM guild_member WHERE guid = '414'
  | [1 ms] SQL: SELECT honor,conquest,weekly_honor,week_begin_day FROM character_pvp_currency WHERE guid = '408'
  | [0 ms] SQL: SELECT instance_id, team, join_x, join_y, join_z, join_o, join_map FROM character_battleground_data WHERE guid = '414'
  | [0 ms] SQL: SELECT friend,flags FROM character_social WHERE guid = '413' LIMIT 255
  | [0 ms] SQL: SELECT quest,status,rewarded,explored,timer,mobcount1,mobcount2,mobcount3,mobcount4,itemcount1,itemcount2,itemcount3,itemcount4,reward_choice FROM character_queststatus WHERE guid = '363'
  | [0 ms] SQL: SELECT skill, value, max FROM character_skills WHERE guid = '414'
  | [0 ms] SQL: SELECT map,zone,position_x,position_y,position_z FROM character_homebind WHERE guid = '413'
  | [0 ms] SQL: SELECT faction,standing,flags FROM character_reputation WHERE guid = '408'
  | [0 ms] SQL: SELECT victimType,victim,cp,date,type FROM character_honor_cp WHERE guid = '363'
  | [0 ms] SQL: SELECT id,messageType,sender,receiver,subject,itemTextId,expire_time,deliver_time,money,cod,checked,stationery,mailTemplateId,has_items,isDeleted FROM mail WHERE receiver = '414' ORDER BY id DESC
  | [1 ms] SQL: SELECT spell,item,time,cattime FROM character_spell_cooldown WHERE guid = '413'
  | [0 ms] SQL: SELECT honor,conquest,weekly_honor,week_begin_day FROM character_pvp_currency WHERE guid = '363'
  | [1 ms] SQL: SELECT itemId FROM character_transmogs WHERE guid = '408'
  | [0 ms] SQL: SELECT guildid,`rank` FROM guild_member WHERE guid = '413'
  | [0 ms] SQL: SELECT creatorGuid, giftCreatorGuid, count, duration, charges, flags, enchantments, randomPropertyId, transmogrifyId, durability, text, mail_id, item_guid, itemEntry, generated_loot FROM mail_items JOIN item_instance ON item_guid = guid WHERE receiver = '414'
  | [0 ms] SQL: SELECT skill, value FROM character_forgotten_skills WHERE guid = '414'
  | [0 ms] SQL: SELECT instance_id, team, join_x, join_y, join_z, join_o, join_map FROM character_battleground_data WHERE guid = '413'
  | [1 ms] SQL: SELECT variableType, value FROM character_variables WHERE lowGuid = '414'
  | [1 ms] SQL: SELECT faction,standing,flags FROM character_reputation WHERE guid = '363'
  | [0 ms] SQL: SELECT itemLowGuid, itemEntry, itemCount, action, timestamp FROM character_item_logs WHERE playerLowGuid = '414' ORDER BY timestamp DESC[1 ms] SQL: SELECT * FROM (SELECT creatorGuid, giftCreatorGuid, count, duration, charges, flags, enchantments, randomPropertyId, transmogrifyId, durability, text, bag, slot, item, itemEntry, generated_loot FROM character_inventory JOIN item_instance ON character_inventory.item = item_instance.guid WHERE character_inventory.guid = '408') as t ORDER BY bag,slot
  | [0 ms] SQL: SELECT itemId FROM character_transmogs WHERE guid = '363'
  | [0 ms] SQL: SELECT guid,itemid,amount,property FROM item_loot WHERE owner_guid = '408'
  | [1 ms] SQL: SELECT skill, value, max FROM character_skills WHERE guid = '413'
  | [1 ms] SQL: SELECT guid, spell, spec FROM `character_spell_dual_spec` WHERE guid = '414'
  | [1 ms] SQL: SELECT id,messageType,sender,receiver,subject,itemTextId,expire_time,deliver_time,money,cod,checked,stationery,mailTemplateId,has_items,isDeleted FROM mail WHERE receiver = '413' ORDER BY id DESC
  | [1 ms] SQL: SELECT button,action,type FROM character_action WHERE guid = '408' ORDER BY button
  | [0 ms] SQL: SELECT creatorGuid, giftCreatorGuid, count, duration, charges, flags, enchantments, randomPropertyId, transmogrifyId, durability, text, mail_id, item_guid, itemEntry, generated_loot FROM mail_items JOIN item_instance ON item_guid = guid WHERE receiver = '413'
  | [1 ms] SQL: SELECT * FROM (SELECT creatorGuid, giftCreatorGuid, count, duration, charges, flags, enchantments, randomPropertyId, transmogrifyId, durability, text, bag, slot, item, itemEntry, generated_loot FROM character_inventory JOIN item_instance ON character_inventory.item = item_instance.guid WHERE character_inventory.guid = '363') as t ORDER BY bag,slot
  | [0 ms] SQL: SELECT skill, value FROM character_forgotten_skills WHERE guid = '413'
  | [0 ms] SQL: SELECT guid, account, name, race, class, gender, level, xp, money, playerBytes, playerBytes2, playerFlags, position_x, position_y, position_z, map, orientation, taximask, cinematic, totaltime, leveltime, rest_bonus, logout_time, is_logout_resting, resettalents_multiplier, resettalents_time, trans_x, trans_y, trans_z, trans_o, transguid, extra_flags, stable_slots, at_login, zone, online, death_expire_time, taxi_path, honorRankPoints, honorHighestRank, honorStanding, honorLastWeekHK, honorLastWeekCP, honorStoredHK, honorStoredDK, watchedFaction, drunk, health, power1, power2, power3, power4, power5, exploredZones, equipmentCache, ammoId, actionBars, world_phase_mask, customFlags, city_protector, ignore_titles, mortality_status, total_deaths, xp_gain, extraBonusTalentCount FROM characters WHERE guid = '366'
  | [0 ms] SQL: SELECT guid,itemid,amount,property FROM item_loot WHERE owner_guid = '363'
  | [0 ms] SQL: SELECT variableType, value FROM character_variables WHERE lowGuid = '413'
  | [0 ms] SQL: SELECT friend,flags FROM character_social WHERE guid = '408' LIMIT 255
  | [1 ms] SQL: SELECT itemLowGuid, itemEntry, itemCount, action, timestamp FROM character_item_logs WHERE playerLowGuid = '413' ORDER BY timestamp DESC
  | [1 ms] SQL: SELECT button,action,type FROM character_action WHERE guid = '363' ORDER BY button
  | [1 ms] SQL: SELECT map,zone,position_x,position_y,position_z FROM character_homebind WHERE guid = '408'
  | [0 ms] SQL: SELECT guid, spell, spec FROM `character_spell_dual_spec` WHERE guid = '413'
  | [0 ms] SQL: SELECT friend,flags FROM character_social WHERE guid = '363' LIMIT 255
  | [1 ms] SQL: SELECT groupId FROM group_member WHERE memberGuid ='366'[0 ms] SQL: SELECT spell,item,time,cattime FROM character_spell_cooldown WHERE guid = '408'
  | [0 ms] SQL: SELECT guildid,`rank` FROM guild_member WHERE guid = '408'
  | [0 ms] SQL: SELECT guid, account, name, race, class, gender, level, xp, money, playerBytes, playerBytes2, playerFlags, position_x, position_y, position_z, map, orientation, taximask, cinematic, totaltime, leveltime, rest_bonus, logout_time, is_logout_resting, resettalents_multiplier, resettalents_time, trans_x, trans_y, trans_z, trans_o, transguid, extra_flags, stable_slots, at_login, zone, online, death_expire_time, taxi_path, honorRankPoints, honorHighestRank, honorStanding, honorLastWeekHK, honorLastWeekCP, honorStoredHK, honorStoredDK, watchedFaction, drunk, health, power1, power2, power3, power4, power5, exploredZones, equipmentCache, ammoId, actionBars, world_phase_mask, customFlags, city_protector, ignore_titles, mortality_status, total_deaths, xp_gain, extraBonusTalentCount FROM characters WHERE guid = '361'
  | [0 ms] SQL: SELECT map,zone,position_x,position_y,position_z FROM character_homebind WHERE guid = '363'
  | [0 ms] SQL: SELECT id, permanent, map, resettime FROM character_instance LEFT JOIN instance ON instance = id WHERE guid = '366'
  | [0 ms] SQL: SELECT groupId FROM group_member WHERE memberGuid ='361'
  | [0 ms] SQL: SELECT instance_id, team, join_x, join_y, join_z, join_o, join_map FROM character_battleground_data WHERE guid = '408'
  | [0 ms] SQL: SELECT id, permanent, map, resettime FROM character_instance LEFT JOIN instance ON instance = id WHERE guid = '361'
  | [1 ms] SQL: SELECT spell,item,time,cattime FROM character_spell_cooldown WHERE guid = '363'
  | [1 ms] SQL: SELECT caster_guid,item_guid,spell,stackcount,remaincharges,basepoints0,basepoints1,basepoints2,periodictime0,periodictime1,periodictime2,maxduration,remaintime,effIndexMask FROM character_aura WHERE guid = '366'
  | [0 ms] SQL: SELECT guildid,`rank` FROM guild_member WHERE guid = '363'
  | [0 ms] SQL: SELECT caster_guid,item_guid,spell,stackcount,remaincharges,basepoints0,basepoints1,basepoints2,periodictime0,periodictime1,periodictime2,maxduration,remaintime,effIndexMask FROM character_aura WHERE guid = '361'
  | [0 ms] SQL: SELECT skill, value, max FROM character_skills WHERE guid = '408'
  | [0 ms] SQL: SELECT instance_id, team, join_x, join_y, join_z, join_o, join_map FROM character_battleground_data WHERE guid = '363'
  | [1 ms] SQL: SELECT id,messageType,sender,receiver,subject,itemTextId,expire_time,deliver_time,money,cod,checked,stationery,mailTemplateId,has_items,isDeleted FROM mail WHERE receiver = '408' ORDER BY id DESC
  | [1 ms] SQL: SELECT spell,active,disabled FROM character_spell WHERE guid = '361'
  | [1 ms] SQL: SELECT spell,active,disabled FROM character_spell WHERE guid = '366'
  | [0 ms] SQL: SELECT quest,status,rewarded,explored,timer,mobcount1,mobcount2,mobcount3,mobcount4,itemcount1,itemcount2,itemcount3,itemcount4,reward_choice FROM character_queststatus WHERE guid = '361'
  | [1 ms] SQL: SELECT skill, value, max FROM character_skills WHERE guid = '363'
  | [0 ms] SQL: SELECT creatorGuid, giftCreatorGuid, count, duration, charges, flags, enchantments, randomPropertyId, transmogrifyId, durability, text, mail_id, item_guid, itemEntry, generated_loot FROM mail_items JOIN item_instance ON item_guid = guid WHERE receiver = '408'
  | [0 ms] SQL: SELECT victimType,victim,cp,date,type FROM character_honor_cp WHERE guid = '361'
  | [0 ms] SQL: SELECT quest,status,rewarded,explored,timer,mobcount1,mobcount2,mobcount3,mobcount4,itemcount1,itemcount2,itemcount3,itemcount4,reward_choice FROM character_queststatus WHERE guid = '366'
  | [0 ms] SQL: SELECT id,messageType,sender,receiver,subject,itemTextId,expire_time,deliver_time,money,cod,checked,stationery,mailTemplateId,has_items,isDeleted FROM mail WHERE receiver = '363' ORDER BY id DESC
  | [1 ms] SQL: SELECT honor,conquest,weekly_honor,week_begin_day FROM character_pvp_currency WHERE guid = '361'
  | [1 ms] SQL: SELECT victimType,victim,cp,date,type FROM character_honor_cp WHERE guid = '366'
  | [1 ms] SQL: SELECT creatorGuid, giftCreatorGuid, count, duration, charges, flags, enchantments, randomPropertyId, transmogrifyId, durability, text, mail_id, item_guid, itemEntry, generated_loot FROM mail_items JOIN item_instance ON item_guid = guid WHERE receiver = '363'
  | [0 ms] SQL: SELECT skill, value FROM character_forgotten_skills WHERE guid = '363'
  | [0 ms] SQL: SELECT faction,standing,flags FROM character_reputation WHERE guid = '361'
  | [0 ms] SQL: SELECT skill, value FROM character_forgotten_skills WHERE guid = '408'
  | [0 ms] SQL: SELECT variableType, value FROM character_variables WHERE lowGuid = '363'
  | [0 ms] SQL: SELECT honor,conquest,weekly_honor,week_begin_day FROM character_pvp_currency WHERE guid = '366'
  | [0 ms] SQL: SELECT itemLowGuid, itemEntry, itemCount, action, timestamp FROM character_item_logs WHERE playerLowGuid = '363' ORDER BY timestamp DESC
  | [1 ms] SQL: SELECT itemId FROM character_transmogs WHERE guid = '361'
  | [0 ms] SQL: SELECT guid, spell, spec FROM `character_spell_dual_spec` WHERE guid = '363'
  | [1 ms] SQL: SELECT variableType, value FROM character_variables WHERE lowGuid = '408'
  | [1 ms] SQL: SELECT faction,standing,flags FROM character_reputation WHERE guid = '366'
  | [0 ms] SQL: SELECT guid, account, name, race, class, gender, level, xp, money, playerBytes, playerBytes2, playerFlags, position_x, position_y, position_z, map, orientation, taximask, cinematic, totaltime, leveltime, rest_bonus, logout_time, is_logout_resting, resettalents_multiplier, resettalents_time, trans_x, trans_y, trans_z, trans_o, transguid, extra_flags, stable_slots, at_login, zone, online, death_expire_time, taxi_path, honorRankPoints, honorHighestRank, honorStanding, honorLastWeekHK, honorLastWeekCP, honorStoredHK, honorStoredDK, watchedFaction, drunk, health, power1, power2, power3, power4, power5, exploredZones, equipmentCache, ammoId, actionBars, world_phase_mask, customFlags, city_protector, ignore_titles, mortality_status, total_deaths, xp_gain, extraBonusTalentCount FROM characters WHERE guid = '791'
  | [0 ms] SQL: SELECT * FROM (SELECT creatorGuid, giftCreatorGuid, count, duration, charges, flags, enchantments, randomPropertyId, transmogrifyId, durability, text, bag, slot, item, itemEntry, generated_loot FROM character_inventory JOIN item_instance ON character_inventory.item = item_instance.guid WHERE character_inventory.guid = '361') as t ORDER BY bag,slot
  | [0 ms] SQL: SELECT groupId FROM group_member WHERE memberGuid ='791'
  | [0 ms] SQL: SELECT guid,itemid,amount,property FROM item_loot WHERE owner_guid = '361'
  | [1 ms] SQL: SELECT id, permanent, map, resettime FROM character_instance LEFT JOIN instance ON instance = id WHERE guid = '791'
  | [0 ms] SQL: SELECT button,action,type FROM character_action WHERE guid = '361' ORDER BY button
  | [0 ms] SQL: SELECT caster_guid,item_guid,spell,stackcount,remaincharges,basepoints0,basepoints1,basepoints2,periodictime0,periodictime1,periodictime2,maxduration,remaintime,effIndexMask FROM character_aura WHERE guid = '791'
  | [0 ms] SQL: SELECT friend,flags FROM character_social WHERE guid = '361' LIMIT 255
  | [0 ms] SQL: SELECT map,zone,position_x,position_y,position_z FROM character_homebind WHERE guid = '361'
  | [0 ms] SQL: SELECT spell,item,time,cattime FROM character_spell_cooldown WHERE guid = '361'
  | [2 ms] SQL: SELECT itemLowGuid, itemEntry, itemCount, action, timestamp FROM character_item_logs WHERE playerLowGuid = '408' ORDER BY timestamp DESC[1 ms] SQL: SELECT guildid,`rank` FROM guild_member WHERE guid = '361'
  | [1 ms] SQL: SELECT itemId FROM character_transmogs WHERE guid = '366'
  | [1 ms] SQL: SELECT spell,active,disabled FROM character_spell WHERE guid = '791'
  | [0 ms] SQL: SELECT instance_id, team, join_x, join_y, join_z, join_o, join_map FROM character_battleground_data WHERE guid = '361'
  | [0 ms] SQL: SELECT quest,status,rewarded,explored,timer,mobcount1,mobcount2,mobcount3,mobcount4,itemcount1,itemcount2,itemcount3,itemcount4,reward_choice FROM character_queststatus WHERE guid = '791'
  | [0 ms] SQL: SELECT victimType,victim,cp,date,type FROM character_honor_cp WHERE guid = '791'
  | [0 ms] SQL: SELECT guid, spell, spec FROM `character_spell_dual_spec` WHERE guid = '408'
  | [0 ms] SQL: SELECT honor,conquest,weekly_honor,week_begin_day FROM character_pvp_currency WHERE guid = '791'
  | [0 ms] SQL: SELECT skill, value, max FROM character_skills WHERE guid = '361'
  | [1 ms] SQL: SELECT * FROM (SELECT creatorGuid, giftCreatorGuid, count, duration, charges, flags, enchantments, randomPropertyId, transmogrifyId, durability, text, bag, slot, item, itemEntry, generated_loot FROM character_inventory JOIN item_instance ON character_inventory.item = item_instance.guid WHERE character_inventory.guid = '366') as t ORDER BY bag,slot
  | [0 ms] SQL: SELECT guid,itemid,amount,property FROM item_loot WHERE owner_guid = '366'
  | [1 ms] SQL: SELECT id,messageType,sender,receiver,subject,itemTextId,expire_time,deliver_time,money,cod,checked,stationery,mailTemplateId,has_items,isDeleted FROM mail WHERE receiver = '361' ORDER BY id DESC
  | [0 ms] SQL: SELECT button,action,type FROM character_action WHERE guid = '366' ORDER BY button
  | [1 ms] SQL: SELECT guid, account, name, race, class, gender, level, xp, money, playerBytes, playerBytes2, playerFlags, position_x, position_y, position_z, map, orientation, taximask, cinematic, totaltime, leveltime, rest_bonus, logout_time, is_logout_resting, resettalents_multiplier, resettalents_time, trans_x, trans_y, trans_z, trans_o, transguid, extra_flags, stable_slots, at_login, zone, online, death_expire_time, taxi_path, honorRankPoints, honorHighestRank, honorStanding, honorLastWeekHK, honorLastWeekCP, honorStoredHK, honorStoredDK, watchedFaction, drunk, health, power1, power2, power3, power4, power5, exploredZones, equipmentCache, ammoId, actionBars, world_phase_mask, customFlags, city_protector, ignore_titles, mortality_status, total_deaths, xp_gain, extraBonusTalentCount FROM characters WHERE guid = '364'
  | [1 ms] SQL: SELECT creatorGuid, giftCreatorGuid, count, duration, charges, flags, enchantments, randomPropertyId, transmogrifyId, durability, text, mail_id, item_guid, itemEntry, generated_loot FROM mail_items JOIN item_instance ON item_guid = guid WHERE receiver = '361'
  | [2 ms] SQL: SELECT faction,standing,flags FROM character_reputation WHERE guid = '791'
  | [1 ms] SQL: SELECT friend,flags FROM character_social WHERE guid = '366' LIMIT 255
  | [0 ms] SQL: SELECT skill, value FROM character_forgotten_skills WHERE guid = '361'
  | [0 ms] SQL: SELECT groupId FROM group_member WHERE memberGuid ='364'
  | [0 ms] SQL: SELECT variableType, value FROM character_variables WHERE lowGuid = '361'
  | [0 ms] SQL: SELECT map,zone,position_x,position_y,position_z FROM character_homebind WHERE guid = '366'
  | [0 ms] SQL: SELECT itemId FROM character_transmogs WHERE guid = '791'
  | [1 ms] SQL: SELECT spell,item,time,cattime FROM character_spell_cooldown WHERE guid = '366'
  | [1 ms] SQL: SELECT itemLowGuid, itemEntry, itemCount, action, timestamp FROM character_item_logs WHERE playerLowGuid = '361' ORDER BY timestamp DESC
  | [0 ms] SQL: SELECT guildid,`rank` FROM guild_member WHERE guid = '366'
  | [0 ms] SQL: SELECT id, permanent, map, resettime FROM character_instance LEFT JOIN instance ON instance = id WHERE guid = '364'
  | [0 ms] SQL: SELECT guid, spell, spec FROM `character_spell_dual_spec` WHERE guid = '361'
  | [1 ms] SQL: SELECT caster_guid,item_guid,spell,stackcount,remaincharges,basepoints0,basepoints1,basepoints2,periodictime0,periodictime1,periodictime2,maxduration,remaintime,effIndexMask FROM character_aura WHERE guid = '364'
  | [1 ms] SQL: SELECT guid, account, name, race, class, gender, level, xp, money, playerBytes, playerBytes2, playerFlags, position_x, position_y, position_z, map, orientation, taximask, cinematic, totaltime, leveltime, rest_bonus, logout_time, is_logout_resting, resettalents_multiplier, resettalents_time, trans_x, trans_y, trans_z, trans_o, transguid, extra_flags, stable_slots, at_login, zone, online, death_expire_time, taxi_path, honorRankPoints, honorHighestRank, honorStanding, honorLastWeekHK, honorLastWeekCP, honorStoredHK, honorStoredDK, watchedFaction, drunk, health, power1, power2, power3, power4, power5, exploredZones, equipmentCache, ammoId, actionBars, world_phase_mask, customFlags, city_protector, ignore_titles, mortality_status, total_deaths, xp_gain, extraBonusTalentCount FROM characters WHERE guid = '369'
  | [1 ms] SQL: SELECT instance_id, team, join_x, join_y, join_z, join_o, join_map FROM character_battleground_data WHERE guid = '366'
  | [0 ms] SQL: SELECT groupId FROM group_member WHERE memberGuid ='369'
  | [0 ms] SQL: SELECT id, permanent, map, resettime FROM character_instance LEFT JOIN instance ON instance = id WHERE guid = '369'
  | [0 ms] SQL: SELECT spell,active,disabled FROM character_spell WHERE guid = '364'
  | [1 ms] SQL: SELECT skill, value, max FROM character_skills WHERE guid = '366'
  | [1 ms] SQL: SELECT caster_guid,item_guid,spell,stackcount,remaincharges,basepoints0,basepoints1,basepoints2,periodictime0,periodictime1,periodictime2,maxduration,remaintime,effIndexMask FROM character_aura WHERE guid = '369'
  | [1 ms] SQL: SELECT quest,status,rewarded,explored,timer,mobcount1,mobcount2,mobcount3,mobcount4,itemcount1,itemcount2,itemcount3,itemcount4,reward_choice FROM character_queststatus WHERE guid = '364'
  | [2 ms] SQL: SELECT * FROM (SELECT creatorGuid, giftCreatorGuid, count, duration, charges, flags, enchantments, randomPropertyId, transmogrifyId, durability, text, bag, slot, item, itemEntry, generated_loot FROM character_inventory JOIN item_instance ON character_inventory.item = item_instance.guid WHERE character_inventory.guid = '791') as t ORDER BY bag,slot
  | [0 ms] SQL: SELECT victimType,victim,cp,date,type FROM character_honor_cp WHERE guid = '364'
  | [0 ms] SQL: SELECT id,messageType,sender,receiver,subject,itemTextId,expire_time,deliver_time,money,cod,checked,stationery,mailTemplateId,has_items,isDeleted FROM mail WHERE receiver = '366' ORDER BY id DESC
  | [1 ms] SQL: SELECT spell,active,disabled FROM character_spell WHERE guid = '369'
  | [1 ms] SQL: SELECT guid,itemid,amount,property FROM item_loot WHERE owner_guid = '791'
  | [1 ms] SQL: SELECT honor,conquest,weekly_honor,week_begin_day FROM character_pvp_currency WHERE guid = '364'
  | [0 ms] SQL: SELECT button,action,type FROM character_action WHERE guid = '791' ORDER BY button[0 ms] SQL: SELECT quest,status,rewarded,explored,timer,mobcount1,mobcount2,mobcount3,mobcount4,itemcount1,itemcount2,itemcount3,itemcount4,reward_choice FROM character_queststatus WHERE guid = '369'
  | [1 ms] SQL: SELECT creatorGuid, giftCreatorGuid, count, duration, charges, flags, enchantments, randomPropertyId, transmogrifyId, durability, text, mail_id, item_guid, itemEntry, generated_loot FROM mail_items JOIN item_instance ON item_guid = guid WHERE receiver = '366'
  | [0 ms] SQL: SELECT skill, value FROM character_forgotten_skills WHERE guid = '366'[0 ms] SQL: SELECT friend,flags FROM character_social WHERE guid = '791' LIMIT 255
  | [0 ms] SQL: SELECT victimType,victim,cp,date,type FROM character_honor_cp WHERE guid = '369'
  | [0 ms] SQL: SELECT faction,standing,flags FROM character_reputation WHERE guid = '364'
  | [0 ms] SQL: SELECT variableType, value FROM character_variables WHERE lowGuid = '366'
  | [0 ms] SQL: SELECT itemId FROM character_transmogs WHERE guid = '364'
  | [1 ms] SQL: SELECT itemLowGuid, itemEntry, itemCount, action, timestamp FROM character_item_logs WHERE playerLowGuid = '366' ORDER BY timestamp DESC
  | [0 ms] SQL: SELECT guid, spell, spec FROM `character_spell_dual_spec` WHERE guid = '366'
  | [0 ms] SQL: SELECT * FROM (SELECT creatorGuid, giftCreatorGuid, count, duration, charges, flags, enchantments, randomPropertyId, transmogrifyId, durability, text, bag, slot, item, itemEntry, generated_loot FROM character_inventory JOIN item_instance ON character_inventory.item = item_instance.guid WHERE character_inventory.guid = '364') as t ORDER BY bag,slot
  | [0 ms] SQL: SELECT guid, account, name, race, class, gender, level, xp, money, playerBytes, playerBytes2, playerFlags, position_x, position_y, position_z, map, orientation, taximask, cinematic, totaltime, leveltime, rest_bonus, logout_time, is_logout_resting, resettalents_multiplier, resettalents_time, trans_x, trans_y, trans_z, trans_o, transguid, extra_flags, stable_slots, at_login, zone, online, death_expire_time, taxi_path, honorRankPoints, honorHighestRank, honorStanding, honorLastWeekHK, honorLastWeekCP, honorStoredHK, honorStoredDK, watchedFaction, drunk, health, power1, power2, power3, power4, power5, exploredZones, equipmentCache, ammoId, actionBars, world_phase_mask, customFlags, city_protector, ignore_titles, mortality_status, total_deaths, xp_gain, extraBonusTalentCount FROM characters WHERE guid = '362'
  | [1 ms] SQL: SELECT guid,itemid,amount,property FROM item_loot WHERE owner_guid = '364'[1 ms] SQL: SELECT groupId FROM group_member WHERE memberGuid ='362'
  | [0 ms] SQL: SELECT id, permanent, map, resettime FROM character_instance LEFT JOIN instance ON instance = id WHERE guid = '362'
  | [0 ms] SQL: SELECT button,action,type FROM character_action WHERE guid = '364' ORDER BY button
  | [0 ms] SQL: SELECT caster_guid,item_guid,spell,stackcount,remaincharges,basepoints0,basepoints1,basepoints2,periodictime0,periodictime1,periodictime2,maxduration,remaintime,effIndexMask FROM character_aura WHERE guid = '362'
  | [0 ms] SQL: SELECT friend,flags FROM character_social WHERE guid = '364' LIMIT 255
  | [0 ms] SQL: SELECT map,zone,position_x,position_y,position_z FROM character_homebind WHERE guid = '364'
  | [3 ms] SQL: SELECT honor,conquest,weekly_honor,week_begin_day FROM character_pvp_currency WHERE guid = '369'
  | [1 ms] SQL: SELECT spell,active,disabled FROM character_spell WHERE guid = '362'
  | [0 ms] SQL: SELECT spell,item,time,cattime FROM character_spell_cooldown WHERE guid = '364'
  | [0 ms] SQL: SELECT quest,status,rewarded,explored,timer,mobcount1,mobcount2,mobcount3,mobcount4,itemcount1,itemcount2,itemcount3,itemcount4,reward_choice FROM character_queststatus WHERE guid = '362'
  | [0 ms] SQL: SELECT faction,standing,flags FROM character_reputation WHERE guid = '369'
  | [1 ms] SQL: SELECT victimType,victim,cp,date,type FROM character_honor_cp WHERE guid = '362'
  | [1 ms] SQL: SELECT itemId FROM character_transmogs WHERE guid = '369'
  | [1 ms] SQL: SELECT map,zone,position_x,position_y,position_z FROM character_homebind WHERE guid = '791'
  | [0 ms] SQL: SELECT honor,conquest,weekly_honor,week_begin_day FROM character_pvp_currency WHERE guid = '362'
  | [1 ms] SQL: SELECT guildid,`rank` FROM guild_member WHERE guid = '364'
  | [0 ms] SQL: SELECT spell,item,time,cattime FROM character_spell_cooldown WHERE guid = '791'
  | [0 ms] SQL: SELECT faction,standing,flags FROM character_reputation WHERE guid = '362'
  | [0 ms] SQL: SELECT guildid,`rank` FROM guild_member WHERE guid = '791'
  | [0 ms] SQL: SELECT itemId FROM character_transmogs WHERE guid = '362'
  | [1 ms] SQL: SELECT instance_id, team, join_x, join_y, join_z, join_o, join_map FROM character_battleground_data WHERE guid = '364'
  | [1 ms] SQL: SELECT instance_id, team, join_x, join_y, join_z, join_o, join_map FROM character_battleground_data WHERE guid = '791'
  | [0 ms] SQL: SELECT skill, value, max FROM character_skills WHERE guid = '364'
  | [0 ms] SQL: SELECT skill, value, max FROM character_skills WHERE guid = '791'
  | [1 ms] SQL: SELECT * FROM (SELECT creatorGuid, giftCreatorGuid, count, duration, charges, flags, enchantments, randomPropertyId, transmogrifyId, durability, text, bag, slot, item, itemEntry, generated_loot FROM character_inventory JOIN item_instance ON character_inventory.item = item_instance.guid WHERE character_inventory.guid = '369') as t ORDER BY bag,slot
  | [1 ms] SQL: SELECT * FROM (SELECT creatorGuid, giftCreatorGuid, count, duration, charges, flags, enchantments, randomPropertyId, transmogrifyId, durability, text, bag, slot, item, itemEntry, generated_loot FROM character_inventory JOIN item_instance ON character_inventory.item = item_instance.guid WHERE character_inventory.guid = '362') as t ORDER BY bag,slot
  | [0 ms] SQL: SELECT guid,itemid,amount,property FROM item_loot WHERE owner_guid = '369'
  | [0 ms] SQL: SELECT id,messageType,sender,receiver,subject,itemTextId,expire_time,deliver_time,money,cod,checked,stationery,mailTemplateId,has_items,isDeleted FROM mail WHERE receiver = '364' ORDER BY id DESC
  | [0 ms] SQL: SELECT id,messageType,sender,receiver,subject,itemTextId,expire_time,deliver_time,money,cod,checked,stationery,mailTemplateId,has_items,isDeleted FROM mail WHERE receiver = '791' ORDER BY id DESC
  | [0 ms] SQL: SELECT guid,itemid,amount,property FROM item_loot WHERE owner_guid = '362'
  | [0 ms] SQL: SELECT button,action,type FROM character_action WHERE guid = '369' ORDER BY button
  | [1 ms] SQL: SELECT button,action,type FROM character_action WHERE guid = '362' ORDER BY button
  | [1 ms] SQL: SELECT creatorGuid, giftCreatorGuid, count, duration, charges, flags, enchantments, randomPropertyId, transmogrifyId, durability, text, mail_id, item_guid, itemEntry, generated_loot FROM mail_items JOIN item_instance ON item_guid = guid WHERE receiver = '364'
  | [1 ms] SQL: SELECT creatorGuid, giftCreatorGuid, count, duration, charges, flags, enchantments, randomPropertyId, transmogrifyId, durability, text, mail_id, item_guid, itemEntry, generated_loot FROM mail_items JOIN item_instance ON item_guid = guid WHERE receiver = '791'
  | [1 ms] SQL: SELECT friend,flags FROM character_social WHERE guid = '369' LIMIT 255
  | [0 ms] SQL: SELECT friend,flags FROM character_social WHERE guid = '362' LIMIT 255
  | [0 ms] SQL: SELECT skill, value FROM character_forgotten_skills WHERE guid = '791'
  | [0 ms] SQL: SELECT map,zone,position_x,position_y,position_z FROM character_homebind WHERE guid = '369'
  | [0 ms] SQL: SELECT variableType, value FROM character_variables WHERE lowGuid = '791'
  | [0 ms] SQL: SELECT skill, value FROM character_forgotten_skills WHERE guid = '364'
  | [0 ms] SQL: SELECT spell,item,time,cattime FROM character_spell_cooldown WHERE guid = '369'
  | [0 ms] SQL: SELECT itemLowGuid, itemEntry, itemCount, action, timestamp FROM character_item_logs WHERE playerLowGuid = '791' ORDER BY timestamp DESC
  | [0 ms] SQL: SELECT guildid,`rank` FROM guild_member WHERE guid = '369'
  | [0 ms] SQL: SELECT variableType, value FROM character_variables WHERE lowGuid = '364'
  | [0 ms] SQL: SELECT guid, spell, spec FROM `character_spell_dual_spec` WHERE guid = '791'
  | [0 ms] SQL: SELECT instance_id, team, join_x, join_y, join_z, join_o, join_map FROM character_battleground_data WHERE guid = '369'
  | [1 ms] SQL: SELECT itemLowGuid, itemEntry, itemCount, action, timestamp FROM character_item_logs WHERE playerLowGuid = '364' ORDER BY timestamp DESC
  | [1 ms] SQL: SELECT skill, value, max FROM character_skills WHERE guid = '369'
  | [1 ms] SQL: SELECT guid, account, name, race, class, gender, level, xp, money, playerBytes, playerBytes2, playerFlags, position_x, position_y, position_z, map, orientation, taximask, cinematic, totaltime, leveltime, rest_bonus, logout_time, is_logout_resting, resettalents_multiplier, resettalents_time, trans_x, trans_y, trans_z, trans_o, transguid, extra_flags, stable_slots, at_login, zone, online, death_expire_time, taxi_path, honorRankPoints, honorHighestRank, honorStanding, honorLastWeekHK, honorLastWeekCP, honorStoredHK, honorStoredDK, watchedFaction, drunk, health, power1, power2, power3, power4, power5, exploredZones, equipmentCache, ammoId, actionBars, world_phase_mask, customFlags, city_protector, ignore_titles, mortality_status, total_deaths, xp_gain, extraBonusTalentCount FROM characters WHERE guid = '803'
  | [0 ms] SQL: SELECT guid, spell, spec FROM `character_spell_dual_spec` WHERE guid = '364'[0 ms] SQL: SELECT groupId FROM group_member WHERE memberGuid ='803'
  | [0 ms] SQL: SELECT id,messageType,sender,receiver,subject,itemTextId,expire_time,deliver_time,money,cod,checked,stationery,mailTemplateId,has_items,isDeleted FROM mail WHERE receiver = '369' ORDER BY id DESC
  | [0 ms] SQL: SELECT id, permanent, map, resettime FROM character_instance LEFT JOIN instance ON instance = id WHERE guid = '803'
  | [0 ms] SQL: SELECT creatorGuid, giftCreatorGuid, count, duration, charges, flags, enchantments, randomPropertyId, transmogrifyId, durability, text, mail_id, item_guid, itemEntry, generated_loot FROM mail_items JOIN item_instance ON item_guid = guid WHERE receiver = '369'
  | [1 ms] SQL: SELECT skill, value FROM character_forgotten_skills WHERE guid = '369'
  | [1 ms] SQL: SELECT caster_guid,item_guid,spell,stackcount,remaincharges,basepoints0,basepoints1,basepoints2,periodictime0,periodictime1,periodictime2,maxduration,remaintime,effIndexMask FROM character_aura WHERE guid = '803'
  | [0 ms] SQL: SELECT variableType, value FROM character_variables WHERE lowGuid = '369'
  | [0 ms] SQL: SELECT itemLowGuid, itemEntry, itemCount, action, timestamp FROM character_item_logs WHERE playerLowGuid = '369' ORDER BY timestamp DESC
  | [0 ms] SQL: SELECT spell,active,disabled FROM character_spell WHERE guid = '803'
  | [0 ms] SQL: SELECT guid, spell, spec FROM `character_spell_dual_spec` WHERE guid = '369'
  | [0 ms] SQL: SELECT map,zone,position_x,position_y,position_z FROM character_homebind WHERE guid = '362'
  | [0 ms] SQL: SELECT guid, account, name, race, class, gender, level, xp, money, playerBytes, playerBytes2, playerFlags, position_x, position_y, position_z, map, orientation, taximask, cinematic, totaltime, leveltime, rest_bonus, logout_time, is_logout_resting, resettalents_multiplier, resettalents_time, trans_x, trans_y, trans_z, trans_o, transguid, extra_flags, stable_slots, at_login, zone, online, death_expire_time, taxi_path, honorRankPoints, honorHighestRank, honorStanding, honorLastWeekHK, honorLastWeekCP, honorStoredHK, honorStoredDK, watchedFaction, drunk, health, power1, power2, power3, power4, power5, exploredZones, equipmentCache, ammoId, actionBars, world_phase_mask, customFlags, city_protector, ignore_titles, mortality_status, total_deaths, xp_gain, extraBonusTalentCount FROM characters WHERE guid = '365'
  | [0 ms] SQL: SELECT spell,item,time,cattime FROM character_spell_cooldown WHERE guid = '362'
  | [1 ms] SQL: SELECT groupId FROM group_member WHERE memberGuid ='365'
  | [1 ms] SQL: SELECT guildid,`rank` FROM guild_member WHERE guid = '362'
  | [0 ms] SQL: SELECT id, permanent, map, resettime FROM character_instance LEFT JOIN instance ON instance = id WHERE guid = '365'
  | [0 ms] SQL: SELECT instance_id, team, join_x, join_y, join_z, join_o, join_map FROM character_battleground_data WHERE guid = '362'
  | [1 ms] SQL: SELECT guid, account, name, race, class, gender, level, xp, money, playerBytes, playerBytes2, playerFlags, position_x, position_y, position_z, map, orientation, taximask, cinematic, totaltime, leveltime, rest_bonus, logout_time, is_logout_resting, resettalents_multiplier, resettalents_time, trans_x, trans_y, trans_z, trans_o, transguid, extra_flags, stable_slots, at_login, zone, online, death_expire_time, taxi_path, honorRankPoints, honorHighestRank, honorStanding, honorLastWeekHK, honorLastWeekCP, honorStoredHK, honorStoredDK, watchedFaction, drunk, health, power1, power2, power3, power4, power5, exploredZones, equipmentCache, ammoId, actionBars, world_phase_mask, customFlags, city_protector, ignore_titles, mortality_status, total_deaths, xp_gain, extraBonusTalentCount FROM characters WHERE guid = '368'
  | [0 ms] SQL: SELECT caster_guid,item_guid,spell,stackcount,remaincharges,basepoints0,basepoints1,basepoints2,periodictime0,periodictime1,periodictime2,maxduration,remaintime,effIndexMask FROM character_aura WHERE guid = '365'
  | [0 ms] SQL: SELECT skill, value, max FROM character_skills WHERE guid = '362'
  | [0 ms] SQL: SELECT groupId FROM group_member WHERE memberGuid ='368'
  | [2 ms] SQL: SELECT quest,status,rewarded,explored,timer,mobcount1,mobcount2,mobcount3,mobcount4,itemcount1,itemcount2,itemcount3,itemcount4,reward_choice FROM character_queststatus WHERE guid = '803'
  | [0 ms] SQL: SELECT id,messageType,sender,receiver,subject,itemTextId,expire_time,deliver_time,money,cod,checked,stationery,mailTemplateId,has_items,isDeleted FROM mail WHERE receiver = '362' ORDER BY id DESC
  | [0 ms] SQL: SELECT spell,active,disabled FROM character_spell WHERE guid = '365'
  | [0 ms] SQL: SELECT id, permanent, map, resettime FROM character_instance LEFT JOIN instance ON instance = id WHERE guid = '368'
  | [0 ms] SQL: SELECT victimType,victim,cp,date,type FROM character_honor_cp WHERE guid = '803'
  | [0 ms] SQL: SELECT quest,status,rewarded,explored,timer,mobcount1,mobcount2,mobcount3,mobcount4,itemcount1,itemcount2,itemcount3,itemcount4,reward_choice FROM character_queststatus WHERE guid = '365'
  | [0 ms] SQL: SELECT creatorGuid, giftCreatorGuid, count, duration, charges, flags, enchantments, randomPropertyId, transmogrifyId, durability, text, mail_id, item_guid, itemEntry, generated_loot FROM mail_items JOIN item_instance ON item_guid = guid WHERE receiver = '362'
  | [0 ms] SQL: SELECT honor,conquest,weekly_honor,week_begin_day FROM character_pvp_currency WHERE guid = '803'
  | [0 ms] SQL: SELECT skill, value FROM character_forgotten_skills WHERE guid = '362'
  | [0 ms] SQL: SELECT victimType,victim,cp,date,type FROM character_honor_cp WHERE guid = '365'
  | [0 ms] SQL: SELECT caster_guid,item_guid,spell,stackcount,remaincharges,basepoints0,basepoints1,basepoints2,periodictime0,periodictime1,periodictime2,maxduration,remaintime,effIndexMask FROM character_aura WHERE guid = '368'
  | [0 ms] SQL: SELECT variableType, value FROM character_variables WHERE lowGuid = '362'
  | [1 ms] SQL: SELECT faction,standing,flags FROM character_reputation WHERE guid = '803'
  | [1 ms] SQL: SELECT itemLowGuid, itemEntry, itemCount, action, timestamp FROM character_item_logs WHERE playerLowGuid = '362' ORDER BY timestamp DESC
  | [0 ms] SQL: SELECT itemId FROM character_transmogs WHERE guid = '803'
  | [1 ms] SQL: SELECT spell,active,disabled FROM character_spell WHERE guid = '368'
  | [0 ms] SQL: SELECT guid, spell, spec FROM `character_spell_dual_spec` WHERE guid = '362'
  | [0 ms] SQL: SELECT guid, account, name, race, class, gender, level, xp, money, playerBytes, playerBytes2, playerFlags, position_x, position_y, position_z, map, orientation, taximask, cinematic, totaltime, leveltime, rest_bonus, logout_time, is_logout_resting, resettalents_multiplier, resettalents_time, trans_x, trans_y, trans_z, trans_o, transguid, extra_flags, stable_slots, at_login, zone, online, death_expire_time, taxi_path, honorRankPoints, honorHighestRank, honorStanding, honorLastWeekHK, honorLastWeekCP, honorStoredHK, honorStoredDK, watchedFaction, drunk, health, power1, power2, power3, power4, power5, exploredZones, equipmentCache, ammoId, actionBars, world_phase_mask, customFlags, city_protector, ignore_titles, mortality_status, total_deaths, xp_gain, extraBonusTalentCount FROM characters WHERE guid = '790'
  | [1 ms] SQL: SELECT honor,conquest,weekly_honor,week_begin_day FROM character_pvp_currency WHERE guid = '365'
  | [0 ms] SQL: SELECT * FROM (SELECT creatorGuid, giftCreatorGuid, count, duration, charges, flags, enchantments, randomPropertyId, transmogrifyId, durability, text, bag, slot, item, itemEntry, generated_loot FROM character_inventory JOIN item_instance ON character_inventory.item = item_instance.guid WHERE character_inventory.guid = '803') as t ORDER BY bag,slot
  | [0 ms] SQL: SELECT groupId FROM group_member WHERE memberGuid ='790'
  | [1 ms] SQL: SELECT guid,itemid,amount,property FROM item_loot WHERE owner_guid = '803'
  | [1 ms] SQL: SELECT id, permanent, map, resettime FROM character_instance LEFT JOIN instance ON instance = id WHERE guid = '790'
  | [1 ms] SQL: SELECT faction,standing,flags FROM character_reputation WHERE guid = '365'
  | [0 ms] SQL: SELECT button,action,type FROM character_action WHERE guid = '803' ORDER BY button
  | [0 ms] SQL: SELECT caster_guid,item_guid,spell,stackcount,remaincharges,basepoints0,basepoints1,basepoints2,periodictime0,periodictime1,periodictime2,maxduration,remaintime,effIndexMask FROM character_aura WHERE guid = '790'
  | [0 ms] SQL: SELECT itemId FROM character_transmogs WHERE guid = '365'
  | [1 ms] SQL: SELECT id FROM character_pet WHERE owner = '151'
  | [1 ms] SQL: SELECT quest,status,rewarded,explored,timer,mobcount1,mobcount2,mobcount3,mobcount4,itemcount1,itemcount2,itemcount3,itemcount4,reward_choice FROM character_queststatus WHERE guid = '368'
  | [0 ms] SQL: SELECT victimType,victim,cp,date,type FROM character_honor_cp WHERE guid = '368'
  | [0 ms] SQL: SELECT spell,active,disabled FROM character_spell WHERE guid = '790'
  | [1 ms] SQL: SELECT honor,conquest,weekly_honor,week_begin_day FROM character_pvp_currency WHERE guid = '368'
  | [1 ms] SQL: SELECT * FROM (SELECT creatorGuid, giftCreatorGuid, count, duration, charges, flags, enchantments, randomPropertyId, transmogrifyId, durability, text, bag, slot, item, itemEntry, generated_loot FROM character_inventory JOIN item_instance ON character_inventory.item = item_instance.guid WHERE character_inventory.guid = '365') as t ORDER BY bag,slot
  | [1 ms] SQL: SELECT quest,status,rewarded,explored,timer,mobcount1,mobcount2,mobcount3,mobcount4,itemcount1,itemcount2,itemcount3,itemcount4,reward_choice FROM character_queststatus WHERE guid = '790'
  | [0 ms] SQL: SELECT guid,itemid,amount,property FROM item_loot WHERE owner_guid = '365'
  | [0 ms] SQL: SELECT victimType,victim,cp,date,type FROM character_honor_cp WHERE guid = '790'
  | [0 ms] SQL: SELECT button,action,type FROM character_action WHERE guid = '365' ORDER BY button
  | [0 ms] SQL: SELECT honor,conquest,weekly_honor,week_begin_day FROM character_pvp_currency WHERE guid = '790'
  | [0 ms] SQL: SELECT friend,flags FROM character_social WHERE guid = '365' LIMIT 255
  | [0 ms] SQL: SELECT map,zone,position_x,position_y,position_z FROM character_homebind WHERE guid = '365'
  | [1 ms] SQL: SELECT faction,standing,flags FROM character_reputation WHERE guid = '368'
  | [1 ms] SQL: SELECT spell,item,time,cattime FROM character_spell_cooldown WHERE guid = '365'
  | [1 ms] SQL: SELECT faction,standing,flags FROM character_reputation WHERE guid = '790'
  | [0 ms] SQL: SELECT guildid,`rank` FROM guild_member WHERE guid = '365'
  | [0 ms] SQL: SELECT itemId FROM character_transmogs WHERE guid = '368'
  | [0 ms] SQL: SELECT instance_id, team, join_x, join_y, join_z, join_o, join_map FROM character_battleground_data WHERE guid = '365'
  | [0 ms] SQL: SELECT itemId FROM character_transmogs WHERE guid = '790'
  | [0 ms] SQL: SELECT skill, value, max FROM character_skills WHERE guid = '365'
  | [0 ms] SQL: SELECT id,messageType,sender,receiver,subject,itemTextId,expire_time,deliver_time,money,cod,checked,stationery,mailTemplateId,has_items,isDeleted FROM mail WHERE receiver = '365' ORDER BY id DESC
  | [1 ms] SQL: SELECT creatorGuid, giftCreatorGuid, count, duration, charges, flags, enchantments, randomPropertyId, transmogrifyId, durability, text, mail_id, item_guid, itemEntry, generated_loot FROM mail_items JOIN item_instance ON item_guid = guid WHERE receiver = '365'
  | [1 ms] SQL: SELECT * FROM (SELECT creatorGuid, giftCreatorGuid, count, duration, charges, flags, enchantments, randomPropertyId, transmogrifyId, durability, text, bag, slot, item, itemEntry, generated_loot FROM character_inventory JOIN item_instance ON character_inventory.item = item_instance.guid WHERE character_inventory.guid = '790') as t ORDER BY bag,slot
  | [0 ms] SQL: SELECT skill, value FROM character_forgotten_skills WHERE guid = '365'
  | [1 ms] SQL: SELECT * FROM (SELECT creatorGuid, giftCreatorGuid, count, duration, charges, flags, enchantments, randomPropertyId, transmogrifyId, durability, text, bag, slot, item, itemEntry, generated_loot FROM character_inventory JOIN item_instance ON character_inventory.item = item_instance.guid WHERE character_inventory.guid = '368') as t ORDER BY bag,slot
  | [0 ms] SQL: SELECT variableType, value FROM character_variables WHERE lowGuid = '365'
  | [0 ms] SQL: SELECT guid,itemid,amount,property FROM item_loot WHERE owner_guid = '790'
  | [0 ms] SQL: SELECT friend,flags FROM character_social WHERE guid = '803' LIMIT 255
  | [0 ms] SQL: SELECT button,action,type FROM character_action WHERE guid = '790' ORDER BY button
  | [1 ms] SQL: SELECT guid,itemid,amount,property FROM item_loot WHERE owner_guid = '368'
  | [1 ms] SQL: SELECT map,zone,position_x,position_y,position_z FROM character_homebind WHERE guid = '803'
  | [1 ms] SQL: SELECT itemLowGuid, itemEntry, itemCount, action, timestamp FROM character_item_logs WHERE playerLowGuid = '365' ORDER BY timestamp DESC
  | [1 ms] SQL: SELECT friend,flags FROM character_social WHERE guid = '790' LIMIT 255
  | [0 ms] SQL: SELECT button,action,type FROM character_action WHERE guid = '368' ORDER BY button
  | [0 ms] SQL: SELECT guid, spell, spec FROM `character_spell_dual_spec` WHERE guid = '365'
  | [0 ms] SQL: SELECT map,zone,position_x,position_y,position_z FROM character_homebind WHERE guid = '790'
  | [0 ms] SQL: SELECT spell,item,time,cattime FROM character_spell_cooldown WHERE guid = '790'
  | [0 ms] SQL: SELECT friend,flags FROM character_social WHERE guid = '368' LIMIT 255
  | [0 ms] SQL: SELECT guid, account, name, race, class, gender, level, xp, money, playerBytes, playerBytes2, playerFlags, position_x, position_y, position_z, map, orientation, taximask, cinematic, totaltime, leveltime, rest_bonus, logout_time, is_logout_resting, resettalents_multiplier, resettalents_time, trans_x, trans_y, trans_z, trans_o, transguid, extra_flags, stable_slots, at_login, zone, online, death_expire_time, taxi_path, honorRankPoints, honorHighestRank, honorStanding, honorLastWeekHK, honorLastWeekCP, honorStoredHK, honorStoredDK, watchedFaction, drunk, health, power1, power2, power3, power4, power5, exploredZones, equipmentCache, ammoId, actionBars, world_phase_mask, customFlags, city_protector, ignore_titles, mortality_status, total_deaths, xp_gain, extraBonusTalentCount FROM characters WHERE guid = '785'
  | [0 ms] SQL: SELECT guildid,`rank` FROM guild_member WHERE guid = '790'
  | [1 ms] SQL: SELECT instance_id, team, join_x, join_y, join_z, join_o, join_map FROM character_battleground_data WHERE guid = '790'
  | [1 ms] SQL: SELECT groupId FROM group_member WHERE memberGuid ='785'
  | [1 ms] SQL: SELECT map,zone,position_x,position_y,position_z FROM character_homebind WHERE guid = '368'
  | [0 ms] SQL: SELECT id, permanent, map, resettime FROM character_instance LEFT JOIN instance ON instance = id WHERE guid = '785'
  | [0 ms] SQL: SELECT spell,item,time,cattime FROM character_spell_cooldown WHERE guid = '368'
  | [1 ms] SQL: SELECT guildid,`rank` FROM guild_member WHERE guid = '368'
  | [2 ms] SQL: SELECT spell,item,time,cattime FROM character_spell_cooldown WHERE guid = '803'
  | [0 ms] SQL: SELECT caster_guid,item_guid,spell,stackcount,remaincharges,basepoints0,basepoints1,basepoints2,periodictime0,periodictime1,periodictime2,maxduration,remaintime,effIndexMask FROM character_aura WHERE guid = '785'
  | [0 ms] SQL: SELECT instance_id, team, join_x, join_y, join_z, join_o, join_map FROM character_battleground_data WHERE guid = '368'
  | [0 ms] SQL: SELECT guildid,`rank` FROM guild_member WHERE guid = '803'
  | [0 ms] SQL: SELECT instance_id, team, join_x, join_y, join_z, join_o, join_map FROM character_battleground_data WHERE guid = '803'
  | [1 ms] SQL: SELECT spell,active,disabled FROM character_spell WHERE guid = '785'
  | [1 ms] SQL: SELECT skill, value, max FROM character_skills WHERE guid = '803'
  | [1 ms] SQL: SELECT skill, value, max FROM character_skills WHERE guid = '368'
  | [0 ms] SQL: SELECT id,messageType,sender,receiver,subject,itemTextId,expire_time,deliver_time,money,cod,checked,stationery,mailTemplateId,has_items,isDeleted FROM mail WHERE receiver = '803' ORDER BY id DESC
  | [0 ms] SQL: SELECT quest,status,rewarded,explored,timer,mobcount1,mobcount2,mobcount3,mobcount4,itemcount1,itemcount2,itemcount3,itemcount4,reward_choice FROM character_queststatus WHERE guid = '785'
  | [0 ms] SQL: SELECT creatorGuid, giftCreatorGuid, count, duration, charges, flags, enchantments, randomPropertyId, transmogrifyId, durability, text, mail_id, item_guid, itemEntry, generated_loot FROM mail_items JOIN item_instance ON item_guid = guid WHERE receiver = '803'
  | [1 ms] SQL: SELECT skill, value, max FROM character_skills WHERE guid = '790'
  | [1 ms] SQL: SELECT skill, value FROM character_forgotten_skills WHERE guid = '803'
  | [1 ms] SQL: SELECT victimType,victim,cp,date,type FROM character_honor_cp WHERE guid = '785'
  | [0 ms] SQL: SELECT variableType, value FROM character_variables WHERE lowGuid = '803'
  | [0 ms] SQL: SELECT id,messageType,sender,receiver,subject,itemTextId,expire_time,deliver_time,money,cod,checked,stationery,mailTemplateId,has_items,isDeleted FROM mail WHERE receiver = '790' ORDER BY id DESC
  | [0 ms] SQL: SELECT itemLowGuid, itemEntry, itemCount, action, timestamp FROM character_item_logs WHERE playerLowGuid = '803' ORDER BY timestamp DESC
  | [0 ms] SQL: SELECT honor,conquest,weekly_honor,week_begin_day FROM character_pvp_currency WHERE guid = '785'
  | [0 ms] SQL: SELECT guid, spell, spec FROM `character_spell_dual_spec` WHERE guid = '803'
  | [2 ms] SQL: SELECT id,messageType,sender,receiver,subject,itemTextId,expire_time,deliver_time,money,cod,checked,stationery,mailTemplateId,has_items,isDeleted FROM mail WHERE receiver = '368' ORDER BY id DESC
  | [1 ms] SQL: SELECT guid, account, name, race, class, gender, level, xp, money, playerBytes, playerBytes2, playerFlags, position_x, position_y, position_z, map, orientation, taximask, cinematic, totaltime, leveltime, rest_bonus, logout_time, is_logout_resting, resettalents_multiplier, resettalents_time, trans_x, trans_y, trans_z, trans_o, transguid, extra_flags, stable_slots, at_login, zone, online, death_expire_time, taxi_path, honorRankPoints, honorHighestRank, honorStanding, honorLastWeekHK, honorLastWeekCP, honorStoredHK, honorStoredDK, watchedFaction, drunk, health, power1, power2, power3, power4, power5, exploredZones, equipmentCache, ammoId, actionBars, world_phase_mask, customFlags, city_protector, ignore_titles, mortality_status, total_deaths, xp_gain, extraBonusTalentCount FROM characters WHERE guid = '807'
  | [0 ms] SQL: SELECT creatorGuid, giftCreatorGuid, count, duration, charges, flags, enchantments, randomPropertyId, transmogrifyId, durability, text, mail_id, item_guid, itemEntry, generated_loot FROM mail_items JOIN item_instance ON item_guid = guid WHERE receiver = '368'
  | [1 ms] SQL: SELECT creatorGuid, giftCreatorGuid, count, duration, charges, flags, enchantments, randomPropertyId, transmogrifyId, durability, text, mail_id, item_guid, itemEntry, generated_loot FROM mail_items JOIN item_instance ON item_guid = guid WHERE receiver = '790'
  | [1 ms] SQL: SELECT faction,standing,flags FROM character_reputation WHERE guid = '785'
  | [0 ms] SQL: SELECT groupId FROM group_member WHERE memberGuid ='807'
  | [0 ms] SQL: SELECT itemId FROM character_transmogs WHERE guid = '785'
  | [0 ms] SQL: SELECT skill, value FROM character_forgotten_skills WHERE guid = '368'[0 ms] SQL: SELECT id, permanent, map, resettime FROM character_instance LEFT JOIN instance ON instance = id WHERE guid = '807'
  | [1 ms] SQL: SELECT caster_guid,item_guid,spell,stackcount,remaincharges,basepoints0,basepoints1,basepoints2,periodictime0,periodictime1,periodictime2,maxduration,remaintime,effIndexMask FROM character_aura WHERE guid = '807'
  | [1 ms] SQL: SELECT variableType, value FROM character_variables WHERE lowGuid = '368'
  | [1 ms] SQL: SELECT * FROM (SELECT creatorGuid, giftCreatorGuid, count, duration, charges, flags, enchantments, randomPropertyId, transmogrifyId, durability, text, bag, slot, item, itemEntry, generated_loot FROM character_inventory JOIN item_instance ON character_inventory.item = item_instance.guid WHERE character_inventory.guid = '785') as t ORDER BY bag,slot
  | [1 ms] SQL: SELECT skill, value FROM character_forgotten_skills WHERE guid = '790'
  | [0 ms] SQL: SELECT itemLowGuid, itemEntry, itemCount, action, timestamp FROM character_item_logs WHERE playerLowGuid = '368' ORDER BY timestamp DESC
  | [0 ms] SQL: SELECT variableType, value FROM character_variables WHERE lowGuid = '790'
  | [0 ms] SQL: SELECT guid, spell, spec FROM `character_spell_dual_spec` WHERE guid = '368'
  | [0 ms] SQL: SELECT itemLowGuid, itemEntry, itemCount, action, timestamp FROM character_item_logs WHERE playerLowGuid = '790' ORDER BY timestamp DESC
  | [1 ms] SQL: SELECT spell,active,disabled FROM character_spell WHERE guid = '807'
  | [1 ms] SQL: SELECT guid, spell, spec FROM `character_spell_dual_spec` WHERE guid = '790'
  | [1 ms] SQL: SELECT guid,itemid,amount,property FROM item_loot WHERE owner_guid = '785'
  | [0 ms] SQL: SELECT quest,status,rewarded,explored,timer,mobcount1,mobcount2,mobcount3,mobcount4,itemcount1,itemcount2,itemcount3,itemcount4,reward_choice FROM character_queststatus WHERE guid = '807'
  | [1 ms] SQL: SELECT id FROM character_pet WHERE owner = '60'
  | [0 ms] SQL: SELECT button,action,type FROM character_action WHERE guid = '785' ORDER BY button
  | [0 ms] SQL: SELECT victimType,victim,cp,date,type FROM character_honor_cp WHERE guid = '807'
  | [1 ms] SQL: SELECT friend,flags FROM character_social WHERE guid = '785' LIMIT 255
  | [0 ms] SQL: SELECT guid, account, name, race, class, gender, level, xp, money, playerBytes, playerBytes2, playerFlags, position_x, position_y, position_z, map, orientation, taximask, cinematic, totaltime, leveltime, rest_bonus, logout_time, is_logout_resting, resettalents_multiplier, resettalents_time, trans_x, trans_y, trans_z, trans_o, transguid, extra_flags, stable_slots, at_login, zone, online, death_expire_time, taxi_path, honorRankPoints, honorHighestRank, honorStanding, honorLastWeekHK, honorLastWeekCP, honorStoredHK, honorStoredDK, watchedFaction, drunk, health, power1, power2, power3, power4, power5, exploredZones, equipmentCache, ammoId, actionBars, world_phase_mask, customFlags, city_protector, ignore_titles, mortality_status, total_deaths, xp_gain, extraBonusTalentCount FROM characters WHERE guid = '786'
  | [1 ms] SQL: SELECT guid, account, name, race, class, gender, level, xp, money, playerBytes, playerBytes2, playerFlags, position_x, position_y, position_z, map, orientation, taximask, cinematic, totaltime, leveltime, rest_bonus, logout_time, is_logout_resting, resettalents_multiplier, resettalents_time, trans_x, trans_y, trans_z, trans_o, transguid, extra_flags, stable_slots, at_login, zone, online, death_expire_time, taxi_path, honorRankPoints, honorHighestRank, honorStanding, honorLastWeekHK, honorLastWeekCP, honorStoredHK, honorStoredDK, watchedFaction, drunk, health, power1, power2, power3, power4, power5, exploredZones, equipmentCache, ammoId, actionBars, world_phase_mask, customFlags, city_protector, ignore_titles, mortality_status, total_deaths, xp_gain, extraBonusTalentCount FROM characters WHERE guid = '788'
  | [0 ms] SQL: SELECT honor,conquest,weekly_honor,week_begin_day FROM character_pvp_currency WHERE guid = '807'
  | [0 ms] SQL: SELECT map,zone,position_x,position_y,position_z FROM character_homebind WHERE guid = '785'
  | [0 ms] SQL: SELECT faction,standing,flags FROM character_reputation WHERE guid = '807'
  | [0 ms] SQL: SELECT groupId FROM group_member WHERE memberGuid ='788'
  | [0 ms] SQL: SELECT groupId FROM group_member WHERE memberGuid ='786'
  | [0 ms] SQL: SELECT id, permanent, map, resettime FROM character_instance LEFT JOIN instance ON instance = id WHERE guid = '788'
  | [1 ms] SQL: SELECT itemId FROM character_transmogs WHERE guid = '807'
  | [0 ms] SQL: SELECT id, permanent, map, resettime FROM character_instance LEFT JOIN instance ON instance = id WHERE guid = '786'
  | [1 ms] SQL: SELECT caster_guid,item_guid,spell,stackcount,remaincharges,basepoints0,basepoints1,basepoints2,periodictime0,periodictime1,periodictime2,maxduration,remaintime,effIndexMask FROM character_aura WHERE guid = '788'
  | [1 ms] SQL: SELECT caster_guid,item_guid,spell,stackcount,remaincharges,basepoints0,basepoints1,basepoints2,periodictime0,periodictime1,periodictime2,maxduration,remaintime,effIndexMask FROM character_aura WHERE guid = '786'
  | [1 ms] SQL: SELECT spell,item,time,cattime FROM character_spell_cooldown WHERE guid = '785'
  | [0 ms] SQL: SELECT spell,active,disabled FROM character_spell WHERE guid = '786'
  | [1 ms] SQL: SELECT spell,active,disabled FROM character_spell WHERE guid = '788'
  | [1 ms] SQL: SELECT guildid,`rank` FROM guild_member WHERE guid = '785'
  | [0 ms] SQL: SELECT instance_id, team, join_x, join_y, join_z, join_o, join_map FROM character_battleground_data WHERE guid = '785'
  | [0 ms] SQL: SELECT id FROM character_pet WHERE owner = '61'
  | [1 ms] SQL: SELECT skill, value, max FROM character_skills WHERE guid = '785'
  | [0 ms] SQL: SELECT quest,status,rewarded,explored,timer,mobcount1,mobcount2,mobcount3,mobcount4,itemcount1,itemcount2,itemcount3,itemcount4,reward_choice FROM character_queststatus WHERE guid = '786'
  | [2 ms] SQL: SELECT * FROM (SELECT creatorGuid, giftCreatorGuid, count, duration, charges, flags, enchantments, randomPropertyId, transmogrifyId, durability, text, bag, slot, item, itemEntry, generated_loot FROM character_inventory JOIN item_instance ON character_inventory.item = item_instance.guid WHERE character_inventory.guid = '807') as t ORDER BY bag,slot
  | [0 ms] SQL: SELECT guid,itemid,amount,property FROM item_loot WHERE owner_guid = '807'
  | [1 ms] SQL: SELECT quest,status,rewarded,explored,timer,mobcount1,mobcount2,mobcount3,mobcount4,itemcount1,itemcount2,itemcount3,itemcount4,reward_choice FROM character_queststatus WHERE guid = '788'
  | [0 ms] SQL: SELECT victimType,victim,cp,date,type FROM character_honor_cp WHERE guid = '786'
  | [0 ms] SQL: SELECT id,messageType,sender,receiver,subject,itemTextId,expire_time,deliver_time,money,cod,checked,stationery,mailTemplateId,has_items,isDeleted FROM mail WHERE receiver = '785' ORDER BY id DESC
  | [1 ms] SQL: SELECT button,action,type FROM character_action WHERE guid = '807' ORDER BY button
  | [1 ms] SQL: SELECT honor,conquest,weekly_honor,week_begin_day FROM character_pvp_currency WHERE guid = '786'
  | [0 ms] SQL: SELECT friend,flags FROM character_social WHERE guid = '807' LIMIT 255
  | [1 ms] SQL: SELECT victimType,victim,cp,date,type FROM character_honor_cp WHERE guid = '788'
  | [0 ms] SQL: SELECT creatorGuid, giftCreatorGuid, count, duration, charges, flags, enchantments, randomPropertyId, transmogrifyId, durability, text, mail_id, item_guid, itemEntry, generated_loot FROM mail_items JOIN item_instance ON item_guid = guid WHERE receiver = '785'
  | [0 ms] SQL: SELECT map,zone,position_x,position_y,position_z FROM character_homebind WHERE guid = '807'
  | [0 ms] SQL: SELECT faction,standing,flags FROM character_reputation WHERE guid = '786'
  | [1 ms] SQL: SELECT honor,conquest,weekly_honor,week_begin_day FROM character_pvp_currency WHERE guid = '788'
  | [0 ms] SQL: SELECT itemId FROM character_transmogs WHERE guid = '786'
  | [0 ms] SQL: SELECT id FROM character_pet WHERE owner = '637'
  | [0 ms] SQL: SELECT skill, value FROM character_forgotten_skills WHERE guid = '785'
  | [0 ms] SQL: SELECT spell,item,time,cattime FROM character_spell_cooldown WHERE guid = '807'
  | [0 ms] SQL: SELECT faction,standing,flags FROM character_reputation WHERE guid = '788'
  | [0 ms] SQL: SELECT variableType, value FROM character_variables WHERE lowGuid = '785'
  | [1 ms] SQL: SELECT itemId FROM character_transmogs WHERE guid = '788'
  | [1 ms] SQL: SELECT guildid,`rank` FROM guild_member WHERE guid = '807'
  | [0 ms] SQL: SELECT itemLowGuid, itemEntry, itemCount, action, timestamp FROM character_item_logs WHERE playerLowGuid = '785' ORDER BY timestamp DESC
  | [1 ms] SQL: SELECT * FROM (SELECT creatorGuid, giftCreatorGuid, count, duration, charges, flags, enchantments, randomPropertyId, transmogrifyId, durability, text, bag, slot, item, itemEntry, generated_loot FROM character_inventory JOIN item_instance ON character_inventory.item = item_instance.guid WHERE character_inventory.guid = '786') as t ORDER BY bag,slot
  | [0 ms] SQL: SELECT instance_id, team, join_x, join_y, join_z, join_o, join_map FROM character_battleground_data WHERE guid = '807'
  | [0 ms] SQL: SELECT guid,itemid,amount,property FROM item_loot WHERE owner_guid = '786'
  | [0 ms] SQL: SELECT guid, spell, spec FROM `character_spell_dual_spec` WHERE guid = '785'
  | [1 ms] SQL: SELECT button,action,type FROM character_action WHERE guid = '786' ORDER BY button
  | [1 ms] SQL: SELECT skill, value, max FROM character_skills WHERE guid = '807'
  | [0 ms] SQL: SELECT friend,flags FROM character_social WHERE guid = '786' LIMIT 255
  | [0 ms] SQL: SELECT id,messageType,sender,receiver,subject,itemTextId,expire_time,deliver_time,money,cod,checked,stationery,mailTemplateId,has_items,isDeleted FROM mail WHERE receiver = '807' ORDER BY id DESC
  | [1 ms] SQL: SELECT * FROM (SELECT creatorGuid, giftCreatorGuid, count, duration, charges, flags, enchantments, randomPropertyId, transmogrifyId, durability, text, bag, slot, item, itemEntry, generated_loot FROM character_inventory JOIN item_instance ON character_inventory.item = item_instance.guid WHERE character_inventory.guid = '788') as t ORDER BY bag,slot
  | [0 ms] SQL: SELECT map,zone,position_x,position_y,position_z FROM character_homebind WHERE guid = '786'
  | [0 ms] SQL: SELECT guid, account, name, race, class, gender, level, xp, money, playerBytes, playerBytes2, playerFlags, position_x, position_y, position_z, map, orientation, taximask, cinematic, totaltime, leveltime, rest_bonus, logout_time, is_logout_resting, resettalents_multiplier, resettalents_time, trans_x, trans_y, trans_z, trans_o, transguid, extra_flags, stable_slots, at_login, zone, online, death_expire_time, taxi_path, honorRankPoints, honorHighestRank, honorStanding, honorLastWeekHK, honorLastWeekCP, honorStoredHK, honorStoredDK, watchedFaction, drunk, health, power1, power2, power3, power4, power5, exploredZones, equipmentCache, ammoId, actionBars, world_phase_mask, customFlags, city_protector, ignore_titles, mortality_status, total_deaths, xp_gain, extraBonusTalentCount FROM characters WHERE guid = '805'
  | [1 ms] SQL: SELECT creatorGuid, giftCreatorGuid, count, duration, charges, flags, enchantments, randomPropertyId, transmogrifyId, durability, text, mail_id, item_guid, itemEntry, generated_loot FROM mail_items JOIN item_instance ON item_guid = guid WHERE receiver = '807'
  | [1 ms] SQL: SELECT spell,item,time,cattime FROM character_spell_cooldown WHERE guid = '786'
  | [0 ms] SQL: SELECT skill, value FROM character_forgotten_skills WHERE guid = '807'
  | [0 ms] SQL: SELECT guildid,`rank` FROM guild_member WHERE guid = '786'
  | [0 ms] SQL: SELECT groupId FROM group_member WHERE memberGuid ='805'
  | [0 ms] SQL: SELECT instance_id, team, join_x, join_y, join_z, join_o, join_map FROM character_battleground_data WHERE guid = '786'
  | [1 ms] SQL: SELECT guid,itemid,amount,property FROM item_loot WHERE owner_guid = '788'
  | [0 ms] SQL: SELECT variableType, value FROM character_variables WHERE lowGuid = '807'
  | [0 ms] SQL: SELECT skill, value, max FROM character_skills WHERE guid = '786'
  | [1 ms] SQL: SELECT id, permanent, map, resettime FROM character_instance LEFT JOIN instance ON instance = id WHERE guid = '805'
  | [1 ms] SQL: SELECT itemLowGuid, itemEntry, itemCount, action, timestamp FROM character_item_logs WHERE playerLowGuid = '807' ORDER BY timestamp DESC
  | [1 ms] SQL: SELECT id,messageType,sender,receiver,subject,itemTextId,expire_time,deliver_time,money,cod,checked,stationery,mailTemplateId,has_items,isDeleted FROM mail WHERE receiver = '786' ORDER BY id DESC
  | [1 ms] SQL: SELECT button,action,type FROM character_action WHERE guid = '788' ORDER BY button
  | [0 ms] SQL: SELECT caster_guid,item_guid,spell,stackcount,remaincharges,basepoints0,basepoints1,basepoints2,periodictime0,periodictime1,periodictime2,maxduration,remaintime,effIndexMask FROM character_aura WHERE guid = '805'
  | [0 ms] SQL: SELECT guid, spell, spec FROM `character_spell_dual_spec` WHERE guid = '807'[0 ms] SQL: SELECT creatorGuid, giftCreatorGuid, count, duration, charges, flags, enchantments, randomPropertyId, transmogrifyId, durability, text, mail_id, item_guid, itemEntry, generated_loot FROM mail_items JOIN item_instance ON item_guid = guid WHERE receiver = '786'
  | [0 ms] SQL: SELECT friend,flags FROM character_social WHERE guid = '788' LIMIT 255
  | [1 ms] SQL: SELECT map,zone,position_x,position_y,position_z FROM character_homebind WHERE guid = '788'
  | [0 ms] SQL: SELECT spell,item,time,cattime FROM character_spell_cooldown WHERE guid = '788'
  | [0 ms] SQL: SELECT skill, value FROM character_forgotten_skills WHERE guid = '786'
  | [0 ms] SQL: SELECT guildid,`rank` FROM guild_member WHERE guid = '788'
  | [1 ms] SQL: SELECT variableType, value FROM character_variables WHERE lowGuid = '786'
  | [1 ms] SQL: SELECT instance_id, team, join_x, join_y, join_z, join_o, join_map FROM character_battleground_data WHERE guid = '788'
  | [2 ms] SQL: SELECT spell,active,disabled FROM character_spell WHERE guid = '805'
  | [0 ms] SQL: SELECT skill, value, max FROM character_skills WHERE guid = '788'
  | [0 ms] SQL: SELECT id,messageType,sender,receiver,subject,itemTextId,expire_time,deliver_time,money,cod,checked,stationery,mailTemplateId,has_items,isDeleted FROM mail WHERE receiver = '788' ORDER BY id DESC
  | [1 ms] SQL: SELECT quest,status,rewarded,explored,timer,mobcount1,mobcount2,mobcount3,mobcount4,itemcount1,itemcount2,itemcount3,itemcount4,reward_choice FROM character_queststatus WHERE guid = '805'
  | [1 ms] SQL: SELECT creatorGuid, giftCreatorGuid, count, duration, charges, flags, enchantments, randomPropertyId, transmogrifyId, durability, text, mail_id, item_guid, itemEntry, generated_loot FROM mail_items JOIN item_instance ON item_guid = guid WHERE receiver = '788'
  | [0 ms] SQL: SELECT skill, value FROM character_forgotten_skills WHERE guid = '788'
  | [0 ms] SQL: SELECT victimType,victim,cp,date,type FROM character_honor_cp WHERE guid = '805'
  | [0 ms] SQL: SELECT variableType, value FROM character_variables WHERE lowGuid = '788'
  | [0 ms] SQL: SELECT itemLowGuid, itemEntry, itemCount, action, timestamp FROM character_item_logs WHERE playerLowGuid = '788' ORDER BY timestamp DESC
  | [0 ms] SQL: SELECT honor,conquest,weekly_honor,week_begin_day FROM character_pvp_currency WHERE guid = '805'
  | [0 ms] SQL: SELECT guid, spell, spec FROM `character_spell_dual_spec` WHERE guid = '788'
  | [1 ms] SQL: SELECT guid, account, name, race, class, gender, level, xp, money, playerBytes, playerBytes2, playerFlags, position_x, position_y, position_z, map, orientation, taximask, cinematic, totaltime, leveltime, rest_bonus, logout_time, is_logout_resting, resettalents_multiplier, resettalents_time, trans_x, trans_y, trans_z, trans_o, transguid, extra_flags, stable_slots, at_login, zone, online, death_expire_time, taxi_path, honorRankPoints, honorHighestRank, honorStanding, honorLastWeekHK, honorLastWeekCP, honorStoredHK, honorStoredDK, watchedFaction, drunk, health, power1, power2, power3, power4, power5, exploredZones, equipmentCache, ammoId, actionBars, world_phase_mask, customFlags, city_protector, ignore_titles, mortality_status, total_deaths, xp_gain, extraBonusTalentCount FROM characters WHERE guid = '792'
  | [1 ms] SQL: SELECT faction,standing,flags FROM character_reputation WHERE guid = '805'
  | [2 ms] SQL: SELECT guid, account, name, race, class, gender, level, xp, money, playerBytes, playerBytes2, playerFlags, position_x, position_y, position_z, map, orientation, taximask, cinematic, totaltime, leveltime, rest_bonus, logout_time, is_logout_resting, resettalents_multiplier, resettalents_time, trans_x, trans_y, trans_z, trans_o, transguid, extra_flags, stable_slots, at_login, zone, online, death_expire_time, taxi_path, honorRankPoints, honorHighestRank, honorStanding, honorLastWeekHK, honorLastWeekCP, honorStoredHK, honorStoredDK, watchedFaction, drunk, health, power1, power2, power3, power4, power5, exploredZones, equipmentCache, ammoId, actionBars, world_phase_mask, customFlags, city_protector, ignore_titles, mortality_status, total_deaths, xp_gain, extraBonusTalentCount FROM characters WHERE guid = '199'
  | [0 ms] SQL: SELECT groupId FROM group_member WHERE memberGuid ='792'
  | [0 ms] SQL: SELECT groupId FROM group_member WHERE memberGuid ='199'
  | [0 ms] SQL: SELECT id, permanent, map, resettime FROM character_instance LEFT JOIN instance ON instance = id WHERE guid = '199'
  | [0 ms] SQL: SELECT itemId FROM character_transmogs WHERE guid = '805'
  | [1 ms] SQL: SELECT caster_guid,item_guid,spell,stackcount,remaincharges,basepoints0,basepoints1,basepoints2,periodictime0,periodictime1,periodictime2,maxduration,remaintime,effIndexMask FROM character_aura WHERE guid = '199'
  | [0 ms] SQL: SELECT spell,active,disabled FROM character_spell WHERE guid = '199'
  | [0 ms] SQL: SELECT quest,status,rewarded,explored,timer,mobcount1,mobcount2,mobcount3,mobcount4,itemcount1,itemcount2,itemcount3,itemcount4,reward_choice FROM character_queststatus WHERE guid = '199'
  | [0 ms] SQL: SELECT id, permanent, map, resettime FROM character_instance LEFT JOIN instance ON instance = id WHERE guid = '792'
  | [3 ms] SQL: SELECT itemLowGuid, itemEntry, itemCount, action, timestamp FROM character_item_logs WHERE playerLowGuid = '786' ORDER BY timestamp DESC
  | [1 ms] SQL: SELECT guid, spell, spec FROM `character_spell_dual_spec` WHERE guid = '786'
  | [1 ms] SQL: SELECT victimType,victim,cp,date,type FROM character_honor_cp WHERE guid = '199'
  | [0 ms] SQL: SELECT guid, account, name, race, class, gender, level, xp, money, playerBytes, playerBytes2, playerFlags, position_x, position_y, position_z, map, orientation, taximask, cinematic, totaltime, leveltime, rest_bonus, logout_time, is_logout_resting, resettalents_multiplier, resettalents_time, trans_x, trans_y, trans_z, trans_o, transguid, extra_flags, stable_slots, at_login, zone, online, death_expire_time, taxi_path, honorRankPoints, honorHighestRank, honorStanding, honorLastWeekHK, honorLastWeekCP, honorStoredHK, honorStoredDK, watchedFaction, drunk, health, power1, power2, power3, power4, power5, exploredZones, equipmentCache, ammoId, actionBars, world_phase_mask, customFlags, city_protector, ignore_titles, mortality_status, total_deaths, xp_gain, extraBonusTalentCount FROM characters WHERE guid = '802'
  | [0 ms] SQL: SELECT honor,conquest,weekly_honor,week_begin_day FROM character_pvp_currency WHERE guid = '199'
  | [0 ms] SQL: SELECT groupId FROM group_member WHERE memberGuid ='802'
  | [1 ms] SQL: SELECT caster_guid,item_guid,spell,stackcount,remaincharges,basepoints0,basepoints1,basepoints2,periodictime0,periodictime1,periodictime2,maxduration,remaintime,effIndexMask FROM character_aura WHERE guid = '792'
  | [1 ms] SQL: SELECT faction,standing,flags FROM character_reputation WHERE guid = '199'
  | [1 ms] SQL: SELECT id, permanent, map, resettime FROM character_instance LEFT JOIN instance ON instance = id WHERE guid = '802'
  | [0 ms] SQL: SELECT itemId FROM character_transmogs WHERE guid = '199'
  | [0 ms] SQL: SELECT caster_guid,item_guid,spell,stackcount,remaincharges,basepoints0,basepoints1,basepoints2,periodictime0,periodictime1,periodictime2,maxduration,remaintime,effIndexMask FROM character_aura WHERE guid = '802'
  | [0 ms] SQL: SELECT * FROM (SELECT creatorGuid, giftCreatorGuid, count, duration, charges, flags, enchantments, randomPropertyId, transmogrifyId, durability, text, bag, slot, item, itemEntry, generated_loot FROM character_inventory JOIN item_instance ON character_inventory.item = item_instance.guid WHERE character_inventory.guid = '805') as t ORDER BY bag,slot
  | [0 ms] SQL: SELECT spell,active,disabled FROM character_spell WHERE guid = '792'
  | [1 ms] SQL: SELECT quest,status,rewarded,explored,timer,mobcount1,mobcount2,mobcount3,mobcount4,itemcount1,itemcount2,itemcount3,itemcount4,reward_choice FROM character_queststatus WHERE guid = '792'
  | [1 ms] SQL: SELECT * FROM (SELECT creatorGuid, giftCreatorGuid, count, duration, charges, flags, enchantments, randomPropertyId, transmogrifyId, durability, text, bag, slot, item, itemEntry, generated_loot FROM character_inventory JOIN item_instance ON character_inventory.item = item_instance.guid WHERE character_inventory.guid = '199') as t ORDER BY bag,slot
  | [1 ms] SQL: SELECT guid,itemid,amount,property FROM item_loot WHERE owner_guid = '805'
  | [1 ms] SQL: SELECT spell,active,disabled FROM character_spell WHERE guid = '802'
  | [0 ms] SQL: SELECT guid,itemid,amount,property FROM item_loot WHERE owner_guid = '199'
  | [0 ms] SQL: SELECT button,action,type FROM character_action WHERE guid = '199' ORDER BY button
  | [0 ms] SQL: SELECT victimType,victim,cp,date,type FROM character_honor_cp WHERE guid = '792'[0 ms] SQL: SELECT button,action,type FROM character_action WHERE guid = '805' ORDER BY button
  | [0 ms] SQL: SELECT quest,status,rewarded,explored,timer,mobcount1,mobcount2,mobcount3,mobcount4,itemcount1,itemcount2,itemcount3,itemcount4,reward_choice FROM character_queststatus WHERE guid = '802'
  | [1 ms] SQL: SELECT friend,flags FROM character_social WHERE guid = '199' LIMIT 255
  | [1 ms] SQL: SELECT friend,flags FROM character_social WHERE guid = '805' LIMIT 255
  | [1 ms] SQL: SELECT victimType,victim,cp,date,type FROM character_honor_cp WHERE guid = '802'
  | [0 ms] SQL: SELECT map,zone,position_x,position_y,position_z FROM character_homebind WHERE guid = '199'
  | [0 ms] SQL: SELECT map,zone,position_x,position_y,position_z FROM character_homebind WHERE guid = '805'
  | [0 ms] SQL: SELECT spell,item,time,cattime FROM character_spell_cooldown WHERE guid = '199'
  | [0 ms] SQL: SELECT honor,conquest,weekly_honor,week_begin_day FROM character_pvp_currency WHERE guid = '802'
  | [0 ms] SQL: SELECT honor,conquest,weekly_honor,week_begin_day FROM character_pvp_currency WHERE guid = '792'
  | [0 ms] SQL: SELECT guildid,`rank` FROM guild_member WHERE guid = '199'
  | [1 ms] SQL: SELECT instance_id, team, join_x, join_y, join_z, join_o, join_map FROM character_battleground_data WHERE guid = '199'
  | [1 ms] SQL: SELECT faction,standing,flags FROM character_reputation WHERE guid = '802'
  | [1 ms] SQL: SELECT faction,standing,flags FROM character_reputation WHERE guid = '792'
  | [1 ms] SQL: SELECT spell,item,time,cattime FROM character_spell_cooldown WHERE guid = '805'
  | [0 ms] SQL: SELECT skill, value, max FROM character_skills WHERE guid = '199'
  | [0 ms] SQL: SELECT guildid,`rank` FROM guild_member WHERE guid = '805'
  | [0 ms] SQL: SELECT itemId FROM character_transmogs WHERE guid = '792'
  | [0 ms] SQL: SELECT id,messageType,sender,receiver,subject,itemTextId,expire_time,deliver_time,money,cod,checked,stationery,mailTemplateId,has_items,isDeleted FROM mail WHERE receiver = '199' ORDER BY id DESC
  | [0 ms] SQL: SELECT instance_id, team, join_x, join_y, join_z, join_o, join_map FROM character_battleground_data WHERE guid = '805'
  | [0 ms] SQL: SELECT itemId FROM character_transmogs WHERE guid = '802'
  | [1 ms] SQL: SELECT creatorGuid, giftCreatorGuid, count, duration, charges, flags, enchantments, randomPropertyId, transmogrifyId, durability, text, mail_id, item_guid, itemEntry, generated_loot FROM mail_items JOIN item_instance ON item_guid = guid WHERE receiver = '199'
  | [1 ms] SQL: SELECT skill, value, max FROM character_skills WHERE guid = '805'
  | [0 ms] SQL: SELECT skill, value FROM character_forgotten_skills WHERE guid = '199'
  | [1 ms] SQL: SELECT * FROM (SELECT creatorGuid, giftCreatorGuid, count, duration, charges, flags, enchantments, randomPropertyId, transmogrifyId, durability, text, bag, slot, item, itemEntry, generated_loot FROM character_inventory JOIN item_instance ON character_inventory.item = item_instance.guid WHERE character_inventory.guid = '802') as t ORDER BY bag,slot
  | [0 ms] SQL: SELECT variableType, value FROM character_variables WHERE lowGuid = '199'
  | [1 ms] SQL: SELECT * FROM (SELECT creatorGuid, giftCreatorGuid, count, duration, charges, flags, enchantments, randomPropertyId, transmogrifyId, durability, text, bag, slot, item, itemEntry, generated_loot FROM character_inventory JOIN item_instance ON character_inventory.item = item_instance.guid WHERE character_inventory.guid = '792') as t ORDER BY bag,slot
  | [0 ms] SQL: SELECT guid,itemid,amount,property FROM item_loot WHERE owner_guid = '802'
  | [1 ms] SQL: SELECT id,messageType,sender,receiver,subject,itemTextId,expire_time,deliver_time,money,cod,checked,stationery,mailTemplateId,has_items,isDeleted FROM mail WHERE receiver = '805' ORDER BY id DESC
  | [1 ms] SQL: SELECT button,action,type FROM character_action WHERE guid = '802' ORDER BY button
  | [1 ms] SQL: SELECT itemLowGuid, itemEntry, itemCount, action, timestamp FROM character_item_logs WHERE playerLowGuid = '199' ORDER BY timestamp DESC
  | [0 ms] SQL: SELECT guid, spell, spec FROM `character_spell_dual_spec` WHERE guid = '199'
  | [0 ms] SQL: SELECT friend,flags FROM character_social WHERE guid = '802' LIMIT 255
  | [0 ms] SQL: SELECT creatorGuid, giftCreatorGuid, count, duration, charges, flags, enchantments, randomPropertyId, transmogrifyId, durability, text, mail_id, item_guid, itemEntry, generated_loot FROM mail_items JOIN item_instance ON item_guid = guid WHERE receiver = '805'
  | [0 ms] SQL: SELECT skill, value FROM character_forgotten_skills WHERE guid = '805'
  | [1 ms] SQL: SELECT guid, account, name, race, class, gender, level, xp, money, playerBytes, playerBytes2, playerFlags, position_x, position_y, position_z, map, orientation, taximask, cinematic, totaltime, leveltime, rest_bonus, logout_time, is_logout_resting, resettalents_multiplier, resettalents_time, trans_x, trans_y, trans_z, trans_o, transguid, extra_flags, stable_slots, at_login, zone, online, death_expire_time, taxi_path, honorRankPoints, honorHighestRank, honorStanding, honorLastWeekHK, honorLastWeekCP, honorStoredHK, honorStoredDK, watchedFaction, drunk, health, power1, power2, power3, power4, power5, exploredZones, equipmentCache, ammoId, actionBars, world_phase_mask, customFlags, city_protector, ignore_titles, mortality_status, total_deaths, xp_gain, extraBonusTalentCount FROM characters WHERE guid = '203'
  | [1 ms] SQL: SELECT map,zone,position_x,position_y,position_z FROM character_homebind WHERE guid = '802'
  | [1 ms] SQL: SELECT guid,itemid,amount,property FROM item_loot WHERE owner_guid = '792'
  | [0 ms] SQL: SELECT groupId FROM group_member WHERE memberGuid ='203'
  | [0 ms] SQL: SELECT button,action,type FROM character_action WHERE guid = '792' ORDER BY button
  | [1 ms] SQL: SELECT variableType, value FROM character_variables WHERE lowGuid = '805'
  | [0 ms] SQL: SELECT spell,item,time,cattime FROM character_spell_cooldown WHERE guid = '802'
  | [0 ms] SQL: SELECT itemLowGuid, itemEntry, itemCount, action, timestamp FROM character_item_logs WHERE playerLowGuid = '805' ORDER BY timestamp DESC
  | [0 ms] SQL: SELECT friend,flags FROM character_social WHERE guid = '792' LIMIT 255
  | [1 ms] SQL: SELECT guildid,`rank` FROM guild_member WHERE guid = '802'
  | [1 ms] SQL: SELECT guid, spell, spec FROM `character_spell_dual_spec` WHERE guid = '805'
  | [1 ms] SQL: SELECT id, permanent, map, resettime FROM character_instance LEFT JOIN instance ON instance = id WHERE guid = '203'
  | [1 ms] SQL: SELECT map,zone,position_x,position_y,position_z FROM character_homebind WHERE guid = '792'
  | [0 ms] SQL: SELECT caster_guid,item_guid,spell,stackcount,remaincharges,basepoints0,basepoints1,basepoints2,periodictime0,periodictime1,periodictime2,maxduration,remaintime,effIndexMask FROM character_aura WHERE guid = '203'
  | [0 ms] SQL: SELECT instance_id, team, join_x, join_y, join_z, join_o, join_map FROM character_battleground_data WHERE guid = '802'
  | [0 ms] SQL: SELECT spell,item,time,cattime FROM character_spell_cooldown WHERE guid = '792'
  | [1 ms] SQL: SELECT skill, value, max FROM character_skills WHERE guid = '802'
  | [0 ms] SQL: SELECT guid, account, name, race, class, gender, level, xp, money, playerBytes, playerBytes2, playerFlags, position_x, position_y, position_z, map, orientation, taximask, cinematic, totaltime, leveltime, rest_bonus, logout_time, is_logout_resting, resettalents_multiplier, resettalents_time, trans_x, trans_y, trans_z, trans_o, transguid, extra_flags, stable_slots, at_login, zone, online, death_expire_time, taxi_path, honorRankPoints, honorHighestRank, honorStanding, honorLastWeekHK, honorLastWeekCP, honorStoredHK, honorStoredDK, watchedFaction, drunk, health, power1, power2, power3, power4, power5, exploredZones, equipmentCache, ammoId, actionBars, world_phase_mask, customFlags, city_protector, ignore_titles, mortality_status, total_deaths, xp_gain, extraBonusTalentCount FROM characters WHERE guid = '809'
  | [1 ms] SQL: SELECT guildid,`rank` FROM guild_member WHERE guid = '792'
  | [0 ms] SQL: SELECT id,messageType,sender,receiver,subject,itemTextId,expire_time,deliver_time,money,cod,checked,stationery,mailTemplateId,has_items,isDeleted FROM mail WHERE receiver = '802' ORDER BY id DESC
  | [0 ms] SQL: SELECT groupId FROM group_member WHERE memberGuid ='809'
  | [1 ms] SQL: SELECT creatorGuid, giftCreatorGuid, count, duration, charges, flags, enchantments, randomPropertyId, transmogrifyId, durability, text, mail_id, item_guid, itemEntry, generated_loot FROM mail_items JOIN item_instance ON item_guid = guid WHERE receiver = '802'
  | [1 ms] SQL: SELECT instance_id, team, join_x, join_y, join_z, join_o, join_map FROM character_battleground_data WHERE guid = '792'
  | [0 ms] SQL: SELECT skill, value FROM character_forgotten_skills WHERE guid = '802'
  | [1 ms] SQL: SELECT id, permanent, map, resettime FROM character_instance LEFT JOIN instance ON instance = id WHERE guid = '809'
  | [0 ms] SQL: SELECT variableType, value FROM character_variables WHERE lowGuid = '802'
  | [0 ms] SQL: SELECT skill, value, max FROM character_skills WHERE guid = '792'
  | [0 ms] SQL: SELECT itemLowGuid, itemEntry, itemCount, action, timestamp FROM character_item_logs WHERE playerLowGuid = '802' ORDER BY timestamp DESC
  | [0 ms] SQL: SELECT caster_guid,item_guid,spell,stackcount,remaincharges,basepoints0,basepoints1,basepoints2,periodictime0,periodictime1,periodictime2,maxduration,remaintime,effIndexMask FROM character_aura WHERE guid = '809'
  | [1 ms] SQL: SELECT guid, spell, spec FROM `character_spell_dual_spec` WHERE guid = '802'
  | [1 ms] SQL: SELECT id,messageType,sender,receiver,subject,itemTextId,expire_time,deliver_time,money,cod,checked,stationery,mailTemplateId,has_items,isDeleted FROM mail WHERE receiver = '792' ORDER BY id DESC
  | [3 ms] SQL: SELECT spell,active,disabled FROM character_spell WHERE guid = '203'
  | [1 ms] SQL: SELECT spell,active,disabled FROM character_spell WHERE guid = '809'
  | [0 ms] SQL: SELECT creatorGuid, giftCreatorGuid, count, duration, charges, flags, enchantments, randomPropertyId, transmogrifyId, durability, text, mail_id, item_guid, itemEntry, generated_loot FROM mail_items JOIN item_instance ON item_guid = guid WHERE receiver = '792'
  | [0 ms] SQL: SELECT quest,status,rewarded,explored,timer,mobcount1,mobcount2,mobcount3,mobcount4,itemcount1,itemcount2,itemcount3,itemcount4,reward_choice FROM character_queststatus WHERE guid = '203'
  | [0 ms] SQL: SELECT guid, account, name, race, class, gender, level, xp, money, playerBytes, playerBytes2, playerFlags, position_x, position_y, position_z, map, orientation, taximask, cinematic, totaltime, leveltime, rest_bonus, logout_time, is_logout_resting, resettalents_multiplier, resettalents_time, trans_x, trans_y, trans_z, trans_o, transguid, extra_flags, stable_slots, at_login, zone, online, death_expire_time, taxi_path, honorRankPoints, honorHighestRank, honorStanding, honorLastWeekHK, honorLastWeekCP, honorStoredHK, honorStoredDK, watchedFaction, drunk, health, power1, power2, power3, power4, power5, exploredZones, equipmentCache, ammoId, actionBars, world_phase_mask, customFlags, city_protector, ignore_titles, mortality_status, total_deaths, xp_gain, extraBonusTalentCount FROM characters WHERE guid = '806'
  | [0 ms] SQL: SELECT quest,status,rewarded,explored,timer,mobcount1,mobcount2,mobcount3,mobcount4,itemcount1,itemcount2,itemcount3,itemcount4,reward_choice FROM character_queststatus WHERE guid = '809'
  | [1 ms] SQL: SELECT victimType,victim,cp,date,type FROM character_honor_cp WHERE guid = '203'
  | [0 ms] SQL: SELECT skill, value FROM character_forgotten_skills WHERE guid = '792'
  | [0 ms] SQL: SELECT groupId FROM group_member WHERE memberGuid ='806'
  | [0 ms] SQL: SELECT honor,conquest,weekly_honor,week_begin_day FROM character_pvp_currency WHERE guid = '203'
  | [0 ms] SQL: SELECT victimType,victim,cp,date,type FROM character_honor_cp WHERE guid = '809'
  | [0 ms] SQL: SELECT id, permanent, map, resettime FROM character_instance LEFT JOIN instance ON instance = id WHERE guid = '806'
  | [0 ms] SQL: SELECT honor,conquest,weekly_honor,week_begin_day FROM character_pvp_currency WHERE guid = '809'[0 ms] SQL: SELECT variableType, value FROM character_variables WHERE lowGuid = '792'
  | [1 ms] SQL: SELECT faction,standing,flags FROM character_reputation WHERE guid = '203'
  | [1 ms] SQL: SELECT caster_guid,item_guid,spell,stackcount,remaincharges,basepoints0,basepoints1,basepoints2,periodictime0,periodictime1,periodictime2,maxduration,remaintime,effIndexMask FROM character_aura WHERE guid = '806'
  | [0 ms] SQL: SELECT itemId FROM character_transmogs WHERE guid = '203'
  | [1 ms] SQL: SELECT itemLowGuid, itemEntry, itemCount, action, timestamp FROM character_item_logs WHERE playerLowGuid = '792' ORDER BY timestamp DESC
  | [0 ms] SQL: SELECT faction,standing,flags FROM character_reputation WHERE guid = '809'
  | [0 ms] SQL: SELECT guid, spell, spec FROM `character_spell_dual_spec` WHERE guid = '792'
  | [0 ms] SQL: SELECT spell,active,disabled FROM character_spell WHERE guid = '806'
  | [1 ms] SQL: SELECT itemId FROM character_transmogs WHERE guid = '809'
  | [1 ms] SQL: SELECT * FROM (SELECT creatorGuid, giftCreatorGuid, count, duration, charges, flags, enchantments, randomPropertyId, transmogrifyId, durability, text, bag, slot, item, itemEntry, generated_loot FROM character_inventory JOIN item_instance ON character_inventory.item = item_instance.guid WHERE character_inventory.guid = '203') as t ORDER BY bag,slot
  | [0 ms] SQL: SELECT quest,status,rewarded,explored,timer,mobcount1,mobcount2,mobcount3,mobcount4,itemcount1,itemcount2,itemcount3,itemcount4,reward_choice FROM character_queststatus WHERE guid = '806'
  | [0 ms] SQL: SELECT guid,itemid,amount,property FROM item_loot WHERE owner_guid = '203'
  | [1 ms] SQL: SELECT guid, account, name, race, class, gender, level, xp, money, playerBytes, playerBytes2, playerFlags, position_x, position_y, position_z, map, orientation, taximask, cinematic, totaltime, leveltime, rest_bonus, logout_time, is_logout_resting, resettalents_multiplier, resettalents_time, trans_x, trans_y, trans_z, trans_o, transguid, extra_flags, stable_slots, at_login, zone, online, death_expire_time, taxi_path, honorRankPoints, honorHighestRank, honorStanding, honorLastWeekHK, honorLastWeekCP, honorStoredHK, honorStoredDK, watchedFaction, drunk, health, power1, power2, power3, power4, power5, exploredZones, equipmentCache, ammoId, actionBars, world_phase_mask, customFlags, city_protector, ignore_titles, mortality_status, total_deaths, xp_gain, extraBonusTalentCount FROM characters WHERE guid = '784'
  | [0 ms] SQL: SELECT button,action,type FROM character_action WHERE guid = '203' ORDER BY button
  | [0 ms] SQL: SELECT victimType,victim,cp,date,type FROM character_honor_cp WHERE guid = '806'
  | [0 ms] SQL: SELECT groupId FROM group_member WHERE memberGuid ='784'
  | [0 ms] SQL: SELECT friend,flags FROM character_social WHERE guid = '203' LIMIT 255
  | [0 ms] SQL: SELECT * FROM (SELECT creatorGuid, giftCreatorGuid, count, duration, charges, flags, enchantments, randomPropertyId, transmogrifyId, durability, text, bag, slot, item, itemEntry, generated_loot FROM character_inventory JOIN item_instance ON character_inventory.item = item_instance.guid WHERE character_inventory.guid = '809') as t ORDER BY bag,slot
  | [1 ms] SQL: SELECT id, permanent, map, resettime FROM character_instance LEFT JOIN instance ON instance = id WHERE guid = '784'
  | [1 ms] SQL: SELECT honor,conquest,weekly_honor,week_begin_day FROM character_pvp_currency WHERE guid = '806'
  | [1 ms] SQL: SELECT guid,itemid,amount,property FROM item_loot WHERE owner_guid = '809'
  | [0 ms] SQL: SELECT map,zone,position_x,position_y,position_z FROM character_homebind WHERE guid = '203'
  | [0 ms] SQL: SELECT caster_guid,item_guid,spell,stackcount,remaincharges,basepoints0,basepoints1,basepoints2,periodictime0,periodictime1,periodictime2,maxduration,remaintime,effIndexMask FROM character_aura WHERE guid = '784'
  | [0 ms] SQL: SELECT spell,item,time,cattime FROM character_spell_cooldown WHERE guid = '203'
  | [0 ms] SQL: SELECT faction,standing,flags FROM character_reputation WHERE guid = '806'
  | [0 ms] SQL: SELECT guildid,`rank` FROM guild_member WHERE guid = '203'
  | [0 ms] SQL: SELECT button,action,type FROM character_action WHERE guid = '809' ORDER BY button
  | [0 ms] SQL: SELECT itemId FROM character_transmogs WHERE guid = '806'
  | [0 ms] SQL: SELECT spell,active,disabled FROM character_spell WHERE guid = '784'
  | [1 ms] SQL: SELECT instance_id, team, join_x, join_y, join_z, join_o, join_map FROM character_battleground_data WHERE guid = '203'
  | [0 ms] SQL: SELECT quest,status,rewarded,explored,timer,mobcount1,mobcount2,mobcount3,mobcount4,itemcount1,itemcount2,itemcount3,itemcount4,reward_choice FROM character_queststatus WHERE guid = '784'
  | [1 ms] SQL: SELECT friend,flags FROM character_social WHERE guid = '809' LIMIT 255
  | [0 ms] SQL: SELECT skill, value, max FROM character_skills WHERE guid = '203'
  | [0 ms] SQL: SELECT victimType,victim,cp,date,type FROM character_honor_cp WHERE guid = '784'
  | [0 ms] SQL: SELECT id,messageType,sender,receiver,subject,itemTextId,expire_time,deliver_time,money,cod,checked,stationery,mailTemplateId,has_items,isDeleted FROM mail WHERE receiver = '203' ORDER BY id DESC
  | [1 ms] SQL: SELECT * FROM (SELECT creatorGuid, giftCreatorGuid, count, duration, charges, flags, enchantments, randomPropertyId, transmogrifyId, durability, text, bag, slot, item, itemEntry, generated_loot FROM character_inventory JOIN item_instance ON character_inventory.item = item_instance.guid WHERE character_inventory.guid = '806') as t ORDER BY bag,slot
  | [1 ms] SQL: SELECT map,zone,position_x,position_y,position_z FROM character_homebind WHERE guid = '809'[1 ms] SQL: SELECT honor,conquest,weekly_honor,week_begin_day FROM character_pvp_currency WHERE guid = '784'
  | [0 ms] SQL: SELECT guid,itemid,amount,property FROM item_loot WHERE owner_guid = '806'
  | [0 ms] SQL: SELECT button,action,type FROM character_action WHERE guid = '806' ORDER BY button
  | [0 ms] SQL: SELECT spell,item,time,cattime FROM character_spell_cooldown WHERE guid = '809'
  | [0 ms] SQL: SELECT friend,flags FROM character_social WHERE guid = '806' LIMIT 255
  | [0 ms] SQL: SELECT faction,standing,flags FROM character_reputation WHERE guid = '784'
  | [1 ms] SQL: SELECT map,zone,position_x,position_y,position_z FROM character_homebind WHERE guid = '806'
  | [1 ms] SQL: SELECT itemId FROM character_transmogs WHERE guid = '784'
  | [1 ms] SQL: SELECT creatorGuid, giftCreatorGuid, count, duration, charges, flags, enchantments, randomPropertyId, transmogrifyId, durability, text, mail_id, item_guid, itemEntry, generated_loot FROM mail_items JOIN item_instance ON item_guid = guid WHERE receiver = '203'
  | [0 ms] SQL: SELECT spell,item,time,cattime FROM character_spell_cooldown WHERE guid = '806'
  | [0 ms] SQL: SELECT guildid,`rank` FROM guild_member WHERE guid = '809'[0 ms] SQL: SELECT guildid,`rank` FROM guild_member WHERE guid = '806'
  | [0 ms] SQL: SELECT skill, value FROM character_forgotten_skills WHERE guid = '203'
  | [0 ms] SQL: SELECT instance_id, team, join_x, join_y, join_z, join_o, join_map FROM character_battleground_data WHERE guid = '806'
  | [0 ms] SQL: SELECT * FROM (SELECT creatorGuid, giftCreatorGuid, count, duration, charges, flags, enchantments, randomPropertyId, transmogrifyId, durability, text, bag, slot, item, itemEntry, generated_loot FROM character_inventory JOIN item_instance ON character_inventory.item = item_instance.guid WHERE character_inventory.guid = '784') as t ORDER BY bag,slot
  | [1 ms] SQL: SELECT instance_id, team, join_x, join_y, join_z, join_o, join_map FROM character_battleground_data WHERE guid = '809'
  | [1 ms] SQL: SELECT skill, value, max FROM character_skills WHERE guid = '806'
  | [0 ms] SQL: SELECT variableType, value FROM character_variables WHERE lowGuid = '203'
  | [0 ms] SQL: SELECT guid,itemid,amount,property FROM item_loot WHERE owner_guid = '784'
  | [0 ms] SQL: SELECT id,messageType,sender,receiver,subject,itemTextId,expire_time,deliver_time,money,cod,checked,stationery,mailTemplateId,has_items,isDeleted FROM mail WHERE receiver = '806' ORDER BY id DESC
  | [0 ms] SQL: SELECT itemLowGuid, itemEntry, itemCount, action, timestamp FROM character_item_logs WHERE playerLowGuid = '203' ORDER BY timestamp DESC
  | [0 ms] SQL: SELECT button,action,type FROM character_action WHERE guid = '784' ORDER BY button
  | [0 ms] SQL: SELECT creatorGuid, giftCreatorGuid, count, duration, charges, flags, enchantments, randomPropertyId, transmogrifyId, durability, text, mail_id, item_guid, itemEntry, generated_loot FROM mail_items JOIN item_instance ON item_guid = guid WHERE receiver = '806'
  | [0 ms] SQL: SELECT friend,flags FROM character_social WHERE guid = '784' LIMIT 255
  | [0 ms] SQL: SELECT skill, value, max FROM character_skills WHERE guid = '809'
  | [0 ms] SQL: SELECT skill, value FROM character_forgotten_skills WHERE guid = '806'
  | [0 ms] SQL: SELECT guid, spell, spec FROM `character_spell_dual_spec` WHERE guid = '203'
  | [0 ms] SQL: SELECT variableType, value FROM character_variables WHERE lowGuid = '806'
  | [0 ms] SQL: SELECT map,zone,position_x,position_y,position_z FROM character_homebind WHERE guid = '784'
  | [1 ms] SQL: SELECT id,messageType,sender,receiver,subject,itemTextId,expire_time,deliver_time,money,cod,checked,stationery,mailTemplateId,has_items,isDeleted FROM mail WHERE receiver = '809' ORDER BY id DESC
  | [0 ms] SQL: SELECT itemLowGuid, itemEntry, itemCount, action, timestamp FROM character_item_logs WHERE playerLowGuid = '806' ORDER BY timestamp DESC
  | [0 ms] SQL: SELECT guid, account, name, race, class, gender, level, xp, money, playerBytes, playerBytes2, playerFlags, position_x, position_y, position_z, map, orientation, taximask, cinematic, totaltime, leveltime, rest_bonus, logout_time, is_logout_resting, resettalents_multiplier, resettalents_time, trans_x, trans_y, trans_z, trans_o, transguid, extra_flags, stable_slots, at_login, zone, online, death_expire_time, taxi_path, honorRankPoints, honorHighestRank, honorStanding, honorLastWeekHK, honorLastWeekCP, honorStoredHK, honorStoredDK, watchedFaction, drunk, health, power1, power2, power3, power4, power5, exploredZones, equipmentCache, ammoId, actionBars, world_phase_mask, customFlags, city_protector, ignore_titles, mortality_status, total_deaths, xp_gain, extraBonusTalentCount FROM characters WHERE guid = '207'
  | [0 ms] SQL: SELECT guid, spell, spec FROM `character_spell_dual_spec` WHERE guid = '806'
  | [1 ms] SQL: SELECT guid, account, name, race, class, gender, level, xp, money, playerBytes, playerBytes2, playerFlags, position_x, position_y, position_z, map, orientation, taximask, cinematic, totaltime, leveltime, rest_bonus, logout_time, is_logout_resting, resettalents_multiplier, resettalents_time, trans_x, trans_y, trans_z, trans_o, transguid, extra_flags, stable_slots, at_login, zone, online, death_expire_time, taxi_path, honorRankPoints, honorHighestRank, honorStanding, honorLastWeekHK, honorLastWeekCP, honorStoredHK, honorStoredDK, watchedFaction, drunk, health, power1, power2, power3, power4, power5, exploredZones, equipmentCache, ammoId, actionBars, world_phase_mask, customFlags, city_protector, ignore_titles, mortality_status, total_deaths, xp_gain, extraBonusTalentCount FROM characters WHERE guid = '810'
  | [1 ms] SQL: SELECT creatorGuid, giftCreatorGuid, count, duration, charges, flags, enchantments, randomPropertyId, transmogrifyId, durability, text, mail_id, item_guid, itemEntry, generated_loot FROM mail_items JOIN item_instance ON item_guid = guid WHERE receiver = '809'
  | [0 ms] SQL: SELECT spell,item,time,cattime FROM character_spell_cooldown WHERE guid = '784'
  | [1 ms] SQL: SELECT groupId FROM group_member WHERE memberGuid ='207'
  | [0 ms] SQL: SELECT skill, value FROM character_forgotten_skills WHERE guid = '809'
  | [1 ms] SQL: SELECT guildid,`rank` FROM guild_member WHERE guid = '784'
  | [1 ms] SQL: SELECT id, permanent, map, resettime FROM character_instance LEFT JOIN instance ON instance = id WHERE guid = '207'
  | [2 ms] SQL: SELECT id FROM character_pet WHERE owner = '766'[0 ms] SQL: SELECT groupId FROM group_member WHERE memberGuid ='810'
  | [0 ms] SQL: SELECT caster_guid,item_guid,spell,stackcount,remaincharges,basepoints0,basepoints1,basepoints2,periodictime0,periodictime1,periodictime2,maxduration,remaintime,effIndexMask FROM character_aura WHERE guid = '207'[0 ms] SQL: SELECT variableType, value FROM character_variables WHERE lowGuid = '809'
  | [0 ms] SQL: SELECT instance_id, team, join_x, join_y, join_z, join_o, join_map FROM character_battleground_data WHERE guid = '784'
  | [0 ms] SQL: SELECT spell,active,disabled FROM character_spell WHERE guid = '207'
  | [0 ms] SQL: SELECT id, permanent, map, resettime FROM character_instance LEFT JOIN instance ON instance = id WHERE guid = '810'
  | [1 ms] SQL: SELECT quest,status,rewarded,explored,timer,mobcount1,mobcount2,mobcount3,mobcount4,itemcount1,itemcount2,itemcount3,itemcount4,reward_choice FROM character_queststatus WHERE guid = '207'
  | [0 ms] SQL: SELECT caster_guid,item_guid,spell,stackcount,remaincharges,basepoints0,basepoints1,basepoints2,periodictime0,periodictime1,periodictime2,maxduration,remaintime,effIndexMask FROM character_aura WHERE guid = '810'
  | [0 ms] SQL: SELECT victimType,victim,cp,date,type FROM character_honor_cp WHERE guid = '207'
  | [0 ms] SQL: SELECT honor,conquest,weekly_honor,week_begin_day FROM character_pvp_currency WHERE guid = '207'
  | [1 ms] SQL: SELECT itemLowGuid, itemEntry, itemCount, action, timestamp FROM character_item_logs WHERE playerLowGuid = '809' ORDER BY timestamp DESC
  | [1 ms] SQL: SELECT faction,standing,flags FROM character_reputation WHERE guid = '207'
  | [0 ms] SQL: SELECT itemId FROM character_transmogs WHERE guid = '207'
  | [1 ms] SQL: SELECT spell,active,disabled FROM character_spell WHERE guid = '810'
  | [2 ms] SQL: SELECT skill, value, max FROM character_skills WHERE guid = '784'
  | [0 ms] SQL: SELECT id,messageType,sender,receiver,subject,itemTextId,expire_time,deliver_time,money,cod,checked,stationery,mailTemplateId,has_items,isDeleted FROM mail WHERE receiver = '784' ORDER BY id DESC
  | [0 ms] SQL: SELECT * FROM (SELECT creatorGuid, giftCreatorGuid, count, duration, charges, flags, enchantments, randomPropertyId, transmogrifyId, durability, text, bag, slot, item, itemEntry, generated_loot FROM character_inventory JOIN item_instance ON character_inventory.item = item_instance.guid WHERE character_inventory.guid = '207') as t ORDER BY bag,slot
  | [0 ms] SQL: SELECT quest,status,rewarded,explored,timer,mobcount1,mobcount2,mobcount3,mobcount4,itemcount1,itemcount2,itemcount3,itemcount4,reward_choice FROM character_queststatus WHERE guid = '810'[1 ms] SQL: SELECT guid, spell, spec FROM `character_spell_dual_spec` WHERE guid = '809'
  | [1 ms] SQL: SELECT guid,itemid,amount,property FROM item_loot WHERE owner_guid = '207'
  | [0 ms] SQL: SELECT button,action,type FROM character_action WHERE guid = '207' ORDER BY button
  | [0 ms] SQL: SELECT victimType,victim,cp,date,type FROM character_honor_cp WHERE guid = '810'
  | [0 ms] SQL: SELECT friend,flags FROM character_social WHERE guid = '207' LIMIT 255
  | [0 ms] SQL: SELECT guid, account, name, race, class, gender, level, xp, money, playerBytes, playerBytes2, playerFlags, position_x, position_y, position_z, map, orientation, taximask, cinematic, totaltime, leveltime, rest_bonus, logout_time, is_logout_resting, resettalents_multiplier, resettalents_time, trans_x, trans_y, trans_z, trans_o, transguid, extra_flags, stable_slots, at_login, zone, online, death_expire_time, taxi_path, honorRankPoints, honorHighestRank, honorStanding, honorLastWeekHK, honorLastWeekCP, honorStoredHK, honorStoredDK, watchedFaction, drunk, health, power1, power2, power3, power4, power5, exploredZones, equipmentCache, ammoId, actionBars, world_phase_mask, customFlags, city_protector, ignore_titles, mortality_status, total_deaths, xp_gain, extraBonusTalentCount FROM characters WHERE guid = '201'
  | [0 ms] SQL: SELECT map,zone,position_x,position_y,position_z FROM character_homebind WHERE guid = '207'
  | [0 ms] SQL: SELECT honor,conquest,weekly_honor,week_begin_day FROM character_pvp_currency WHERE guid = '810'
  | [0 ms] SQL: SELECT spell,item,time,cattime FROM character_spell_cooldown WHERE guid = '207'
  | [1 ms] SQL: SELECT guildid,`rank` FROM guild_member WHERE guid = '207'
  | [2 ms] SQL: SELECT creatorGuid, giftCreatorGuid, count, duration, charges, flags, enchantments, randomPropertyId, transmogrifyId, durability, text, mail_id, item_guid, itemEntry, generated_loot FROM mail_items JOIN item_instance ON item_guid = guid WHERE receiver = '784'
  | [1 ms] SQL: SELECT faction,standing,flags FROM character_reputation WHERE guid = '810'
  | [1 ms] SQL: SELECT groupId FROM group_member WHERE memberGuid ='201'
  | [0 ms] SQL: SELECT skill, value FROM character_forgotten_skills WHERE guid = '784'
  | [0 ms] SQL: SELECT instance_id, team, join_x, join_y, join_z, join_o, join_map FROM character_battleground_data WHERE guid = '207'
  | [1 ms] SQL: SELECT itemId FROM character_transmogs WHERE guid = '810'
  | [1 ms] SQL: SELECT id, permanent, map, resettime FROM character_instance LEFT JOIN instance ON instance = id WHERE guid = '201'
  | [1 ms] SQL: SELECT variableType, value FROM character_variables WHERE lowGuid = '784'
  | [0 ms] SQL: SELECT caster_guid,item_guid,spell,stackcount,remaincharges,basepoints0,basepoints1,basepoints2,periodictime0,periodictime1,periodictime2,maxduration,remaintime,effIndexMask FROM character_aura WHERE guid = '201'
  | [1 ms] SQL: SELECT skill, value, max FROM character_skills WHERE guid = '207'
  | [0 ms] SQL: SELECT * FROM (SELECT creatorGuid, giftCreatorGuid, count, duration, charges, flags, enchantments, randomPropertyId, transmogrifyId, durability, text, bag, slot, item, itemEntry, generated_loot FROM character_inventory JOIN item_instance ON character_inventory.item = item_instance.guid WHERE character_inventory.guid = '810') as t ORDER BY bag,slot
  | [0 ms] SQL: SELECT spell,active,disabled FROM character_spell WHERE guid = '201'
  | [1 ms] SQL: SELECT guid,itemid,amount,property FROM item_loot WHERE owner_guid = '810'
  | [1 ms] SQL: SELECT itemLowGuid, itemEntry, itemCount, action, timestamp FROM character_item_logs WHERE playerLowGuid = '784' ORDER BY timestamp DESC
  | [1 ms] SQL: SELECT id,messageType,sender,receiver,subject,itemTextId,expire_time,deliver_time,money,cod,checked,stationery,mailTemplateId,has_items,isDeleted FROM mail WHERE receiver = '207' ORDER BY id DESC
  | [0 ms] SQL: SELECT button,action,type FROM character_action WHERE guid = '810' ORDER BY button
  | [1 ms] SQL: SELECT quest,status,rewarded,explored,timer,mobcount1,mobcount2,mobcount3,mobcount4,itemcount1,itemcount2,itemcount3,itemcount4,reward_choice FROM character_queststatus WHERE guid = '201'
  | [0 ms] SQL: SELECT friend,flags FROM character_social WHERE guid = '810' LIMIT 255
  | [0 ms] SQL: SELECT creatorGuid, giftCreatorGuid, count, duration, charges, flags, enchantments, randomPropertyId, transmogrifyId, durability, text, mail_id, item_guid, itemEntry, generated_loot FROM mail_items JOIN item_instance ON item_guid = guid WHERE receiver = '207'
  | [0 ms] SQL: SELECT map,zone,position_x,position_y,position_z FROM character_homebind WHERE guid = '810'
  | [1 ms] SQL: SELECT skill, value FROM character_forgotten_skills WHERE guid = '207'
  | [1 ms] SQL: SELECT guid, spell, spec FROM `character_spell_dual_spec` WHERE guid = '784'
  | [0 ms] SQL: SELECT spell,item,time,cattime FROM character_spell_cooldown WHERE guid = '810'
  | [0 ms] SQL: SELECT variableType, value FROM character_variables WHERE lowGuid = '207'
  | [0 ms] SQL: SELECT guildid,`rank` FROM guild_member WHERE guid = '810'
  | [0 ms] SQL: SELECT itemLowGuid, itemEntry, itemCount, action, timestamp FROM character_item_logs WHERE playerLowGuid = '207' ORDER BY timestamp DESC
  | [0 ms] SQL: SELECT instance_id, team, join_x, join_y, join_z, join_o, join_map FROM character_battleground_data WHERE guid = '810'
  | [1 ms] SQL: SELECT victimType,victim,cp,date,type FROM character_honor_cp WHERE guid = '201'
  | [0 ms] SQL: SELECT guid, spell, spec FROM `character_spell_dual_spec` WHERE guid = '207'
  | [0 ms] SQL: SELECT guid, account, name, race, class, gender, level, xp, money, playerBytes, playerBytes2, playerFlags, position_x, position_y, position_z, map, orientation, taximask, cinematic, totaltime, leveltime, rest_bonus, logout_time, is_logout_resting, resettalents_multiplier, resettalents_time, trans_x, trans_y, trans_z, trans_o, transguid, extra_flags, stable_slots, at_login, zone, online, death_expire_time, taxi_path, honorRankPoints, honorHighestRank, honorStanding, honorLastWeekHK, honorLastWeekCP, honorStoredHK, honorStoredDK, watchedFaction, drunk, health, power1, power2, power3, power4, power5, exploredZones, equipmentCache, ammoId, actionBars, world_phase_mask, customFlags, city_protector, ignore_titles, mortality_status, total_deaths, xp_gain, extraBonusTalentCount FROM characters WHERE guid = '804'
  | [0 ms] SQL: SELECT skill, value, max FROM character_skills WHERE guid = '810'
  | [1 ms] SQL: SELECT id,messageType,sender,receiver,subject,itemTextId,expire_time,deliver_time,money,cod,checked,stationery,mailTemplateId,has_items,isDeleted FROM mail WHERE receiver = '810' ORDER BY id DESC
  | [1 ms] SQL: SELECT honor,conquest,weekly_honor,week_begin_day FROM character_pvp_currency WHERE guid = '201'
  | [0 ms] SQL: SELECT creatorGuid, giftCreatorGuid, count, duration, charges, flags, enchantments, randomPropertyId, transmogrifyId, durability, text, mail_id, item_guid, itemEntry, generated_loot FROM mail_items JOIN item_instance ON item_guid = guid WHERE receiver = '810'
  | [0 ms] SQL: SELECT skill, value FROM character_forgotten_skills WHERE guid = '810'
  | [1 ms] SQL: SELECT groupId FROM group_member WHERE memberGuid ='804'
  | [0 ms] SQL: SELECT variableType, value FROM character_variables WHERE lowGuid = '810'
  | [0 ms] SQL: SELECT faction,standing,flags FROM character_reputation WHERE guid = '201'
  | [1 ms] SQL: SELECT itemLowGuid, itemEntry, itemCount, action, timestamp FROM character_item_logs WHERE playerLowGuid = '810' ORDER BY timestamp DESC
  | [1 ms] SQL: SELECT id, permanent, map, resettime FROM character_instance LEFT JOIN instance ON instance = id WHERE guid = '804'
  | [0 ms] SQL: SELECT guid, spell, spec FROM `character_spell_dual_spec` WHERE guid = '810'
  | [0 ms] SQL: SELECT itemId FROM character_transmogs WHERE guid = '201'
  | [1 ms] SQL: SELECT caster_guid,item_guid,spell,stackcount,remaincharges,basepoints0,basepoints1,basepoints2,periodictime0,periodictime1,periodictime2,maxduration,remaintime,effIndexMask FROM character_aura WHERE guid = '804'
  | [1 ms] SQL: SELECT * FROM (SELECT creatorGuid, giftCreatorGuid, count, duration, charges, flags, enchantments, randomPropertyId, transmogrifyId, durability, text, bag, slot, item, itemEntry, generated_loot FROM character_inventory JOIN item_instance ON character_inventory.item = item_instance.guid WHERE character_inventory.guid = '201') as t ORDER BY bag,slot
  | [0 ms] SQL: SELECT guid, account, name, race, class, gender, level, xp, money, playerBytes, playerBytes2, playerFlags, position_x, position_y, position_z, map, orientation, taximask, cinematic, totaltime, leveltime, rest_bonus, logout_time, is_logout_resting, resettalents_multiplier, resettalents_time, trans_x, trans_y, trans_z, trans_o, transguid, extra_flags, stable_slots, at_login, zone, online, death_expire_time, taxi_path, honorRankPoints, honorHighestRank, honorStanding, honorLastWeekHK, honorLastWeekCP, honorStoredHK, honorStoredDK, watchedFaction, drunk, health, power1, power2, power3, power4, power5, exploredZones, equipmentCache, ammoId, actionBars, world_phase_mask, customFlags, city_protector, ignore_titles, mortality_status, total_deaths, xp_gain, extraBonusTalentCount FROM characters WHERE guid = '202'
  | [1 ms] SQL: SELECT guid,itemid,amount,property FROM item_loot WHERE owner_guid = '201'
  | [1 ms] SQL: SELECT groupId FROM group_member WHERE memberGuid ='202'
  | [0 ms] SQL: SELECT spell,active,disabled FROM character_spell WHERE guid = '804'
  | [0 ms] SQL: SELECT button,action,type FROM character_action WHERE guid = '201' ORDER BY button
  | [0 ms] SQL: SELECT id, permanent, map, resettime FROM character_instance LEFT JOIN instance ON instance = id WHERE guid = '202'
  | [0 ms] SQL: SELECT quest,status,rewarded,explored,timer,mobcount1,mobcount2,mobcount3,mobcount4,itemcount1,itemcount2,itemcount3,itemcount4,reward_choice FROM character_queststatus WHERE guid = '804'
  | [0 ms] SQL: SELECT friend,flags FROM character_social WHERE guid = '201' LIMIT 255
  | [1 ms] SQL: SELECT map,zone,position_x,position_y,position_z FROM character_homebind WHERE guid = '201'
  | [1 ms] SQL: SELECT victimType,victim,cp,date,type FROM character_honor_cp WHERE guid = '804'
  | [0 ms] SQL: SELECT spell,item,time,cattime FROM character_spell_cooldown WHERE guid = '201'
  | [0 ms] SQL: SELECT guildid,`rank` FROM guild_member WHERE guid = '201'
  | [0 ms] SQL: SELECT honor,conquest,weekly_honor,week_begin_day FROM character_pvp_currency WHERE guid = '804'
  | [0 ms] SQL: SELECT instance_id, team, join_x, join_y, join_z, join_o, join_map FROM character_battleground_data WHERE guid = '201'
  | [1 ms] SQL: SELECT skill, value, max FROM character_skills WHERE guid = '201'
  | [2 ms] SQL: SELECT caster_guid,item_guid,spell,stackcount,remaincharges,basepoints0,basepoints1,basepoints2,periodictime0,periodictime1,periodictime2,maxduration,remaintime,effIndexMask FROM character_aura WHERE guid = '202'
  | [0 ms] SQL: SELECT id,messageType,sender,receiver,subject,itemTextId,expire_time,deliver_time,money,cod,checked,stationery,mailTemplateId,has_items,isDeleted FROM mail WHERE receiver = '201' ORDER BY id DESC
  | [0 ms] SQL: SELECT creatorGuid, giftCreatorGuid, count, duration, charges, flags, enchantments, randomPropertyId, transmogrifyId, durability, text, mail_id, item_guid, itemEntry, generated_loot FROM mail_items JOIN item_instance ON item_guid = guid WHERE receiver = '201'
  | [1 ms] SQL: SELECT faction,standing,flags FROM character_reputation WHERE guid = '804'
  | [0 ms] SQL: SELECT skill, value FROM character_forgotten_skills WHERE guid = '201'
  | [0 ms] SQL: SELECT variableType, value FROM character_variables WHERE lowGuid = '201'
  | [0 ms] SQL: SELECT itemLowGuid, itemEntry, itemCount, action, timestamp FROM character_item_logs WHERE playerLowGuid = '201' ORDER BY timestamp DESC
  | [0 ms] SQL: SELECT itemId FROM character_transmogs WHERE guid = '804'
  | [0 ms] SQL: SELECT guid, spell, spec FROM `character_spell_dual_spec` WHERE guid = '201'
  | [1 ms] SQL: SELECT guid, account, name, race, class, gender, level, xp, money, playerBytes, playerBytes2, playerFlags, position_x, position_y, position_z, map, orientation, taximask, cinematic, totaltime, leveltime, rest_bonus, logout_time, is_logout_resting, resettalents_multiplier, resettalents_time, trans_x, trans_y, trans_z, trans_o, transguid, extra_flags, stable_slots, at_login, zone, online, death_expire_time, taxi_path, honorRankPoints, honorHighestRank, honorStanding, honorLastWeekHK, honorLastWeekCP, honorStoredHK, honorStoredDK, watchedFaction, drunk, health, power1, power2, power3, power4, power5, exploredZones, equipmentCache, ammoId, actionBars, world_phase_mask, customFlags, city_protector, ignore_titles, mortality_status, total_deaths, xp_gain, extraBonusTalentCount FROM characters WHERE guid = '205'
  | [0 ms] SQL: SELECT groupId FROM group_member WHERE memberGuid ='205'
  | [2 ms] SQL: SELECT spell,active,disabled FROM character_spell WHERE guid = '202'
  | [0 ms] SQL: SELECT id, permanent, map, resettime FROM character_instance LEFT JOIN instance ON instance = id WHERE guid = '205'
  | [1 ms] SQL: SELECT * FROM (SELECT creatorGuid, giftCreatorGuid, count, duration, charges, flags, enchantments, randomPropertyId, transmogrifyId, durability, text, bag, slot, item, itemEntry, generated_loot FROM character_inventory JOIN item_instance ON character_inventory.item = item_instance.guid WHERE character_inventory.guid = '804') as t ORDER BY bag,slot
  | [0 ms] SQL: SELECT quest,status,rewarded,explored,timer,mobcount1,mobcount2,mobcount3,mobcount4,itemcount1,itemcount2,itemcount3,itemcount4,reward_choice FROM character_queststatus WHERE guid = '202'
  | [0 ms] SQL: SELECT caster_guid,item_guid,spell,stackcount,remaincharges,basepoints0,basepoints1,basepoints2,periodictime0,periodictime1,periodictime2,maxduration,remaintime,effIndexMask FROM character_aura WHERE guid = '205'
  | [0 ms] SQL: SELECT guid,itemid,amount,property FROM item_loot WHERE owner_guid = '804'
  | [1 ms] SQL: SELECT button,action,type FROM character_action WHERE guid = '804' ORDER BY button
  | [1 ms] SQL: SELECT victimType,victim,cp,date,type FROM character_honor_cp WHERE guid = '202'
  | [0 ms] SQL: SELECT friend,flags FROM character_social WHERE guid = '804' LIMIT 255
  | [1 ms] SQL: SELECT spell,active,disabled FROM character_spell WHERE guid = '205'
  | [0 ms] SQL: SELECT honor,conquest,weekly_honor,week_begin_day FROM character_pvp_currency WHERE guid = '202'
  | [0 ms] SQL: SELECT map,zone,position_x,position_y,position_z FROM character_homebind WHERE guid = '804'
  | [1 ms] SQL: SELECT quest,status,rewarded,explored,timer,mobcount1,mobcount2,mobcount3,mobcount4,itemcount1,itemcount2,itemcount3,itemcount4,reward_choice FROM character_queststatus WHERE guid = '205'
  | [0 ms] SQL: SELECT faction,standing,flags FROM character_reputation WHERE guid = '202'
  | [0 ms] SQL: SELECT spell,item,time,cattime FROM character_spell_cooldown WHERE guid = '804'
  | [0 ms] SQL: SELECT itemId FROM character_transmogs WHERE guid = '202'
  | [0 ms] SQL: SELECT guildid,`rank` FROM guild_member WHERE guid = '804'
  | [0 ms] SQL: SELECT victimType,victim,cp,date,type FROM character_honor_cp WHERE guid = '205'
  | [0 ms] SQL: SELECT instance_id, team, join_x, join_y, join_z, join_o, join_map FROM character_battleground_data WHERE guid = '804'
  | [0 ms] SQL: SELECT honor,conquest,weekly_honor,week_begin_day FROM character_pvp_currency WHERE guid = '205'
  | [1 ms] SQL: SELECT skill, value, max FROM character_skills WHERE guid = '804'
  | [1 ms] SQL: SELECT * FROM (SELECT creatorGuid, giftCreatorGuid, count, duration, charges, flags, enchantments, randomPropertyId, transmogrifyId, durability, text, bag, slot, item, itemEntry, generated_loot FROM character_inventory JOIN item_instance ON character_inventory.item = item_instance.guid WHERE character_inventory.guid = '202') as t ORDER BY bag,slot
  | [0 ms] SQL: SELECT guid,itemid,amount,property FROM item_loot WHERE owner_guid = '202'
  | [0 ms] SQL: SELECT faction,standing,flags FROM character_reputation WHERE guid = '205'
  | [0 ms] SQL: SELECT button,action,type FROM character_action WHERE guid = '202' ORDER BY button
  | [0 ms] SQL: SELECT itemId FROM character_transmogs WHERE guid = '205'
  | [0 ms] SQL: SELECT friend,flags FROM character_social WHERE guid = '202' LIMIT 255
  | [1 ms] SQL: SELECT map,zone,position_x,position_y,position_z FROM character_homebind WHERE guid = '202'
  | [0 ms] SQL: SELECT spell,item,time,cattime FROM character_spell_cooldown WHERE guid = '202'
  | [0 ms] SQL: SELECT guildid,`rank` FROM guild_member WHERE guid = '202'
  | [0 ms] SQL: SELECT instance_id, team, join_x, join_y, join_z, join_o, join_map FROM character_battleground_data WHERE guid = '202'
  | [1 ms] SQL: SELECT * FROM (SELECT creatorGuid, giftCreatorGuid, count, duration, charges, flags, enchantments, randomPropertyId, transmogrifyId, durability, text, bag, slot, item, itemEntry, generated_loot FROM character_inventory JOIN item_instance ON character_inventory.item = item_instance.guid WHERE character_inventory.guid = '205') as t ORDER BY bag,slot
  | [1 ms] SQL: SELECT id,messageType,sender,receiver,subject,itemTextId,expire_time,deliver_time,money,cod,checked,stationery,mailTemplateId,has_items,isDeleted FROM mail WHERE receiver = '804' ORDER BY id DESC
  | [0 ms] SQL: SELECT skill, value, max FROM character_skills WHERE guid = '202'
  | [1 ms] SQL: SELECT guid,itemid,amount,property FROM item_loot WHERE owner_guid = '205'
  | [1 ms] SQL: SELECT creatorGuid, giftCreatorGuid, count, duration, charges, flags, enchantments, randomPropertyId, transmogrifyId, durability, text, mail_id, item_guid, itemEntry, generated_loot FROM mail_items JOIN item_instance ON item_guid = guid WHERE receiver = '804'
  | [1 ms] SQL: SELECT id,messageType,sender,receiver,subject,itemTextId,expire_time,deliver_time,money,cod,checked,stationery,mailTemplateId,has_items,isDeleted FROM mail WHERE receiver = '202' ORDER BY id DESC
  | [0 ms] SQL: SELECT button,action,type FROM character_action WHERE guid = '205' ORDER BY button
  | [0 ms] SQL: SELECT skill, value FROM character_forgotten_skills WHERE guid = '804'
  | [0 ms] SQL: SELECT creatorGuid, giftCreatorGuid, count, duration, charges, flags, enchantments, randomPropertyId, transmogrifyId, durability, text, mail_id, item_guid, itemEntry, generated_loot FROM mail_items JOIN item_instance ON item_guid = guid WHERE receiver = '202'
  | [0 ms] SQL: SELECT friend,flags FROM character_social WHERE guid = '205' LIMIT 255
  | [0 ms] SQL: SELECT skill, value FROM character_forgotten_skills WHERE guid = '202'
  | [0 ms] SQL: SELECT map,zone,position_x,position_y,position_z FROM character_homebind WHERE guid = '205'
  | [0 ms] SQL: SELECT variableType, value FROM character_variables WHERE lowGuid = '202'
  | [1 ms] SQL: SELECT itemLowGuid, itemEntry, itemCount, action, timestamp FROM character_item_logs WHERE playerLowGuid = '202' ORDER BY timestamp DESC
  | [1 ms] SQL: SELECT spell,item,time,cattime FROM character_spell_cooldown WHERE guid = '205'
  | [0 ms] SQL: SELECT guid, spell, spec FROM `character_spell_dual_spec` WHERE guid = '202'
  | [1 ms] SQL: SELECT variableType, value FROM character_variables WHERE lowGuid = '804'
  | [0 ms] SQL: SELECT guildid,`rank` FROM guild_member WHERE guid = '205'
  | [0 ms] SQL: SELECT instance_id, team, join_x, join_y, join_z, join_o, join_map FROM character_battleground_data WHERE guid = '205'
  | [0 ms] SQL: SELECT itemLowGuid, itemEntry, itemCount, action, timestamp FROM character_item_logs WHERE playerLowGuid = '804' ORDER BY timestamp DESC
  | [0 ms] SQL: SELECT guid, account, name, race, class, gender, level, xp, money, playerBytes, playerBytes2, playerFlags, position_x, position_y, position_z, map, orientation, taximask, cinematic, totaltime, leveltime, rest_bonus, logout_time, is_logout_resting, resettalents_multiplier, resettalents_time, trans_x, trans_y, trans_z, trans_o, transguid, extra_flags, stable_slots, at_login, zone, online, death_expire_time, taxi_path, honorRankPoints, honorHighestRank, honorStanding, honorLastWeekHK, honorLastWeekCP, honorStoredHK, honorStoredDK, watchedFaction, drunk, health, power1, power2, power3, power4, power5, exploredZones, equipmentCache, ammoId, actionBars, world_phase_mask, customFlags, city_protector, ignore_titles, mortality_status, total_deaths, xp_gain, extraBonusTalentCount FROM characters WHERE guid = '206'
  | [0 ms] SQL: SELECT guid, spell, spec FROM `character_spell_dual_spec` WHERE guid = '804'
  | [0 ms] SQL: SELECT groupId FROM group_member WHERE memberGuid ='206'
  | [1 ms] SQL: SELECT skill, value, max FROM character_skills WHERE guid = '205'
  | [1 ms] SQL: SELECT id, permanent, map, resettime FROM character_instance LEFT JOIN instance ON instance = id WHERE guid = '206'
  | [1 ms] SQL: SELECT guid, account, name, race, class, gender, level, xp, money, playerBytes, playerBytes2, playerFlags, position_x, position_y, position_z, map, orientation, taximask, cinematic, totaltime, leveltime, rest_bonus, logout_time, is_logout_resting, resettalents_multiplier, resettalents_time, trans_x, trans_y, trans_z, trans_o, transguid, extra_flags, stable_slots, at_login, zone, online, death_expire_time, taxi_path, honorRankPoints, honorHighestRank, honorStanding, honorLastWeekHK, honorLastWeekCP, honorStoredHK, honorStoredDK, watchedFaction, drunk, health, power1, power2, power3, power4, power5, exploredZones, equipmentCache, ammoId, actionBars, world_phase_mask, customFlags, city_protector, ignore_titles, mortality_status, total_deaths, xp_gain, extraBonusTalentCount FROM characters WHERE guid = '808'
  | [0 ms] SQL: SELECT caster_guid,item_guid,spell,stackcount,remaincharges,basepoints0,basepoints1,basepoints2,periodictime0,periodictime1,periodictime2,maxduration,remaintime,effIndexMask FROM character_aura WHERE guid = '206'
  | [0 ms] SQL: SELECT groupId FROM group_member WHERE memberGuid ='808'
  | [0 ms] SQL: SELECT id,messageType,sender,receiver,subject,itemTextId,expire_time,deliver_time,money,cod,checked,stationery,mailTemplateId,has_items,isDeleted FROM mail WHERE receiver = '205' ORDER BY id DESC
  | [0 ms] SQL: SELECT id, permanent, map, resettime FROM character_instance LEFT JOIN instance ON instance = id WHERE guid = '808'
  | [0 ms] SQL: SELECT spell,active,disabled FROM character_spell WHERE guid = '206'
  | [0 ms] SQL: SELECT caster_guid,item_guid,spell,stackcount,remaincharges,basepoints0,basepoints1,basepoints2,periodictime0,periodictime1,periodictime2,maxduration,remaintime,effIndexMask FROM character_aura WHERE guid = '808'
  | [0 ms] SQL: SELECT quest,status,rewarded,explored,timer,mobcount1,mobcount2,mobcount3,mobcount4,itemcount1,itemcount2,itemcount3,itemcount4,reward_choice FROM character_queststatus WHERE guid = '206'
  | [0 ms] SQL: SELECT creatorGuid, giftCreatorGuid, count, duration, charges, flags, enchantments, randomPropertyId, transmogrifyId, durability, text, mail_id, item_guid, itemEntry, generated_loot FROM mail_items JOIN item_instance ON item_guid = guid WHERE receiver = '205'
  | [0 ms] SQL: SELECT victimType,victim,cp,date,type FROM character_honor_cp WHERE guid = '206'
  | [0 ms] SQL: SELECT honor,conquest,weekly_honor,week_begin_day FROM character_pvp_currency WHERE guid = '206'
  | [0 ms] SQL: SELECT skill, value FROM character_forgotten_skills WHERE guid = '205'
  | [5 ms] SQL: DELETE FROM ai_playerbot_random_bots WHERE owner = 0 AND bot = '622' AND event = 'sellmultiplier'
  | [1 ms] SQL: SELECT faction,standing,flags FROM character_reputation WHERE guid = '206'
  | [1 ms] SQL: SELECT variableType, value FROM character_variables WHERE lowGuid = '205'
  | [0 ms] SQL: SELECT itemId FROM character_transmogs WHERE guid = '206'
  | [2 ms] SQL: SELECT spell,active,disabled FROM character_spell WHERE guid = '808'
  | [1 ms] SQL: SELECT quest,status,rewarded,explored,timer,mobcount1,mobcount2,mobcount3,mobcount4,itemcount1,itemcount2,itemcount3,itemcount4,reward_choice FROM character_queststatus WHERE guid = '808'
  | [1 ms] SQL: SELECT * FROM (SELECT creatorGuid, giftCreatorGuid, count, duration, charges, flags, enchantments, randomPropertyId, transmogrifyId, durability, text, bag, slot, item, itemEntry, generated_loot FROM character_inventory JOIN item_instance ON character_inventory.item = item_instance.guid WHERE character_inventory.guid = '206') as t ORDER BY bag,slot
  | [1 ms] SQL: SELECT itemLowGuid, itemEntry, itemCount, action, timestamp FROM character_item_logs WHERE playerLowGuid = '205' ORDER BY timestamp DESC
  | [0 ms] SQL: SELECT victimType,victim,cp,date,type FROM character_honor_cp WHERE guid = '808'
  | [0 ms] SQL: SELECT guid,itemid,amount,property FROM item_loot WHERE owner_guid = '206'
  | [0 ms] SQL: SELECT honor,conquest,weekly_honor,week_begin_day FROM character_pvp_currency WHERE guid = '808'
  | [1 ms] SQL: SELECT button,action,type FROM character_action WHERE guid = '206' ORDER BY button
  | [0 ms] SQL: SELECT friend,flags FROM character_social WHERE guid = '206' LIMIT 255
  | [1 ms] SQL: SELECT faction,standing,flags FROM character_reputation WHERE guid = '808'
  | [0 ms] SQL: SELECT guid, spell, spec FROM `character_spell_dual_spec` WHERE guid = '205'
  | [0 ms] SQL: SELECT map,zone,position_x,position_y,position_z FROM character_homebind WHERE guid = '206'
  | [0 ms] SQL: SELECT itemId FROM character_transmogs WHERE guid = '808'
  | [0 ms] SQL: SELECT spell,item,time,cattime FROM character_spell_cooldown WHERE guid = '206'[1 ms] SQL: SELECT guid, account, name, race, class, gender, level, xp, money, playerBytes, playerBytes2, playerFlags, position_x, position_y, position_z, map, orientation, taximask, cinematic, totaltime, leveltime, rest_bonus, logout_time, is_logout_resting, resettalents_multiplier, resettalents_time, trans_x, trans_y, trans_z, trans_o, transguid, extra_flags, stable_slots, at_login, zone, online, death_expire_time, taxi_path, honorRankPoints, honorHighestRank, honorStanding, honorLastWeekHK, honorLastWeekCP, honorStoredHK, honorStoredDK, watchedFaction, drunk, health, power1, power2, power3, power4, power5, exploredZones, equipmentCache, ammoId, actionBars, world_phase_mask, customFlags, city_protector, ignore_titles, mortality_status, total_deaths, xp_gain, extraBonusTalentCount FROM characters WHERE guid = '13'
  | [0 ms] SQL: SELECT groupId FROM group_member WHERE memberGuid ='13'
  | [0 ms] SQL: SELECT guildid,`rank` FROM guild_member WHERE guid = '206'
  | [0 ms] SQL: SELECT id, permanent, map, resettime FROM character_instance LEFT JOIN instance ON instance = id WHERE guid = '13'
  | [0 ms] SQL: SELECT instance_id, team, join_x, join_y, join_z, join_o, join_map FROM character_battleground_data WHERE guid = '206'
  | [0 ms] SQL: SELECT caster_guid,item_guid,spell,stackcount,remaincharges,basepoints0,basepoints1,basepoints2,periodictime0,periodictime1,periodictime2,maxduration,remaintime,effIndexMask FROM character_aura WHERE guid = '13'
  | [0 ms] SQL: SELECT * FROM (SELECT creatorGuid, giftCreatorGuid, count, duration, charges, flags, enchantments, randomPropertyId, transmogrifyId, durability, text, bag, slot, item, itemEntry, generated_loot FROM character_inventory JOIN item_instance ON character_inventory.item = item_instance.guid WHERE character_inventory.guid = '808') as t ORDER BY bag,slot
  | [1 ms] SQL: SELECT skill, value, max FROM character_skills WHERE guid = '206'
  | [1 ms] SQL: SELECT spell,active,disabled FROM character_spell WHERE guid = '13'
  | [0 ms] SQL: SELECT guid,itemid,amount,property FROM item_loot WHERE owner_guid = '808'
  | [0 ms] SQL: SELECT id,messageType,sender,receiver,subject,itemTextId,expire_time,deliver_time,money,cod,checked,stationery,mailTemplateId,has_items,isDeleted FROM mail WHERE receiver = '206' ORDER BY id DESC
  | [5 ms] SQL: INSERT INTO ai_playerbot_random_bots (owner, bot, `time`, validIn, event, `value`) VALUES ('0', '622', '1788480114', '95299', 'sellmultiplier', '197')
  | [0 ms] SQL: SELECT button,action,type FROM character_action WHERE guid = '808' ORDER BY button
  | [0 ms] SQL: SELECT creatorGuid, giftCreatorGuid, count, duration, charges, flags, enchantments, randomPropertyId, transmogrifyId, durability, text, mail_id, item_guid, itemEntry, generated_loot FROM mail_items JOIN item_instance ON item_guid = guid WHERE receiver = '206'
  | [0 ms] SQL: SELECT quest,status,rewarded,explored,timer,mobcount1,mobcount2,mobcount3,mobcount4,itemcount1,itemcount2,itemcount3,itemcount4,reward_choice FROM character_queststatus WHERE guid = '13'
  | [1 ms] SQL: DELETE FROM ai_playerbot_random_bots WHERE owner = 0 AND bot = '626' AND event = 'sellmultiplier'
  | [1 ms] SQL: SELECT friend,flags FROM character_social WHERE guid = '808' LIMIT 255
  | [1 ms] SQL: SELECT skill, value FROM character_forgotten_skills WHERE guid = '206'[1 ms] SQL: SELECT victimType,victim,cp,date,type FROM character_honor_cp WHERE guid = '13'
  | [0 ms] SQL: SELECT map,zone,position_x,position_y,position_z FROM character_homebind WHERE guid = '808'
  | [0 ms] SQL: SELECT variableType, value FROM character_variables WHERE lowGuid = '206'
  | [0 ms] SQL: SELECT spell,item,time,cattime FROM character_spell_cooldown WHERE guid = '808'
  | [1 ms] SQL: SELECT itemLowGuid, itemEntry, itemCount, action, timestamp FROM character_item_logs WHERE playerLowGuid = '206' ORDER BY timestamp DESC
  | [0 ms] SQL: SELECT guid, spell, spec FROM `character_spell_dual_spec` WHERE guid = '206'
  | [1 ms] SQL: SELECT guildid,`rank` FROM guild_member WHERE guid = '808'
  | [1 ms] SQL: SELECT honor,conquest,weekly_honor,week_begin_day FROM character_pvp_currency WHERE guid = '13'
  | [0 ms] SQL: SELECT instance_id, team, join_x, join_y, join_z, join_o, join_map FROM character_battleground_data WHERE guid = '808'
  | [0 ms] SQL: SELECT guid, account, name, race, class, gender, level, xp, money, playerBytes, playerBytes2, playerFlags, position_x, position_y, position_z, map, orientation, taximask, cinematic, totaltime, leveltime, rest_bonus, logout_time, is_logout_resting, resettalents_multiplier, resettalents_time, trans_x, trans_y, trans_z, trans_o, transguid, extra_flags, stable_slots, at_login, zone, online, death_expire_time, taxi_path, honorRankPoints, honorHighestRank, honorStanding, honorLastWeekHK, honorLastWeekCP, honorStoredHK, honorStoredDK, watchedFaction, drunk, health, power1, power2, power3, power4, power5, exploredZones, equipmentCache, ammoId, actionBars, world_phase_mask, customFlags, city_protector, ignore_titles, mortality_status, total_deaths, xp_gain, extraBonusTalentCount FROM characters WHERE guid = '10'
  | [0 ms] SQL: SELECT faction,standing,flags FROM character_reputation WHERE guid = '13'
  | [0 ms] SQL: SELECT groupId FROM group_member WHERE memberGuid ='10'
  | [0 ms] SQL: SELECT skill, value, max FROM character_skills WHERE guid = '808'
  | [0 ms] SQL: SELECT id, permanent, map, resettime FROM character_instance LEFT JOIN instance ON instance = id WHERE guid = '10'
  | [1 ms] SQL: SELECT id,messageType,sender,receiver,subject,itemTextId,expire_time,deliver_time,money,cod,checked,stationery,mailTemplateId,has_items,isDeleted FROM mail WHERE receiver = '808' ORDER BY id DESC
  | [0 ms] SQL: SELECT caster_guid,item_guid,spell,stackcount,remaincharges,basepoints0,basepoints1,basepoints2,periodictime0,periodictime1,periodictime2,maxduration,remaintime,effIndexMask FROM character_aura WHERE guid = '10'
  | [1 ms] SQL: SELECT itemId FROM character_transmogs WHERE guid = '13'
  | [0 ms] SQL: SELECT creatorGuid, giftCreatorGuid, count, duration, charges, flags, enchantments, randomPropertyId, transmogrifyId, durability, text, mail_id, item_guid, itemEntry, generated_loot FROM mail_items JOIN item_instance ON item_guid = guid WHERE receiver = '808'
  | [0 ms] SQL: SELECT skill, value FROM character_forgotten_skills WHERE guid = '808'
  | [0 ms] SQL: SELECT spell,active,disabled FROM character_spell WHERE guid = '10'
  | [0 ms] SQL: SELECT variableType, value FROM character_variables WHERE lowGuid = '808'
  | [1 ms] SQL: SELECT quest,status,rewarded,explored,timer,mobcount1,mobcount2,mobcount3,mobcount4,itemcount1,itemcount2,itemcount3,itemcount4,reward_choice FROM character_queststatus WHERE guid = '10'
  | [0 ms] SQL: SELECT itemLowGuid, itemEntry, itemCount, action, timestamp FROM character_item_logs WHERE playerLowGuid = '808' ORDER BY timestamp DESC
  | [0 ms] SQL: SELECT victimType,victim,cp,date,type FROM character_honor_cp WHERE guid = '10'
  | [1 ms] SQL: SELECT * FROM (SELECT creatorGuid, giftCreatorGuid, count, duration, charges, flags, enchantments, randomPropertyId, transmogrifyId, durability, text, bag, slot, item, itemEntry, generated_loot FROM character_inventory JOIN item_instance ON character_inventory.item = item_instance.guid WHERE character_inventory.guid = '13') as t ORDER BY bag,slot
  | [0 ms] SQL: SELECT guid, spell, spec FROM `character_spell_dual_spec` WHERE guid = '808'
  | [0 ms] SQL: SELECT honor,conquest,weekly_honor,week_begin_day FROM character_pvp_currency WHERE guid = '10'
  | [0 ms] SQL: SELECT guid,itemid,amount,property FROM item_loot WHERE owner_guid = '13'
  | [0 ms] SQL: SELECT button,action,type FROM character_action WHERE guid = '13' ORDER BY button
  | [0 ms] SQL: SELECT guid, account, name, race, class, gender, level, xp, money, playerBytes, playerBytes2, playerFlags, position_x, position_y, position_z, map, orientation, taximask, cinematic, totaltime, leveltime, rest_bonus, logout_time, is_logout_resting, resettalents_multiplier, resettalents_time, trans_x, trans_y, trans_z, trans_o, transguid, extra_flags, stable_slots, at_login, zone, online, death_expire_time, taxi_path, honorRankPoints, honorHighestRank, honorStanding, honorLastWeekHK, honorLastWeekCP, honorStoredHK, honorStoredDK, watchedFaction, drunk, health, power1, power2, power3, power4, power5, exploredZones, equipmentCache, ammoId, actionBars, world_phase_mask, customFlags, city_protector, ignore_titles, mortality_status, total_deaths, xp_gain, extraBonusTalentCount FROM characters WHERE guid = '200'
  | [0 ms] SQL: SELECT friend,flags FROM character_social WHERE guid = '13' LIMIT 255
  | [0 ms] SQL: SELECT groupId FROM group_member WHERE memberGuid ='200'
  | [0 ms] SQL: SELECT map,zone,position_x,position_y,position_z FROM character_homebind WHERE guid = '13'
  | [0 ms] SQL: SELECT spell,item,time,cattime FROM character_spell_cooldown WHERE guid = '13'
  | [0 ms] SQL: SELECT id, permanent, map, resettime FROM character_instance LEFT JOIN instance ON instance = id WHERE guid = '200'
  | [1 ms] SQL: SELECT guildid,`rank` FROM guild_member WHERE guid = '13'
  | [0 ms] SQL: SELECT instance_id, team, join_x, join_y, join_z, join_o, join_map FROM character_battleground_data WHERE guid = '13'
  | [5 ms] SQL: INSERT INTO ai_playerbot_random_bots (owner, bot, `time`, validIn, event, `value`) VALUES ('0', '626', '1788480114', '116581', 'sellmultiplier', '147')
  | [1 ms] SQL: SELECT caster_guid,item_guid,spell,stackcount,remaincharges,basepoints0,basepoints1,basepoints2,periodictime0,periodictime1,periodictime2,maxduration,remaintime,effIndexMask FROM character_aura WHERE guid = '200'
  | [3 ms] SQL: SELECT faction,standing,flags FROM character_reputation WHERE guid = '10'
  | [0 ms] SQL: SELECT skill, value, max FROM character_skills WHERE guid = '13'
  | [1 ms] SQL: DELETE FROM ai_playerbot_random_bots WHERE owner = 0 AND bot = '752' AND event = 'sellmultiplier'
  | [0 ms] SQL: SELECT itemId FROM character_transmogs WHERE guid = '10'
  | [1 ms] SQL: SELECT spell,active,disabled FROM character_spell WHERE guid = '200'
  | [0 ms] SQL: SELECT id,messageType,sender,receiver,subject,itemTextId,expire_time,deliver_time,money,cod,checked,stationery,mailTemplateId,has_items,isDeleted FROM mail WHERE receiver = '13' ORDER BY id DESC
  | [0 ms] SQL: SELECT quest,status,rewarded,explored,timer,mobcount1,mobcount2,mobcount3,mobcount4,itemcount1,itemcount2,itemcount3,itemcount4,reward_choice FROM character_queststatus WHERE guid = '200'
  | [1 ms] SQL: SELECT * FROM (SELECT creatorGuid, giftCreatorGuid, count, duration, charges, flags, enchantments, randomPropertyId, transmogrifyId, durability, text, bag, slot, item, itemEntry, generated_loot FROM character_inventory JOIN item_instance ON character_inventory.item = item_instance.guid WHERE character_inventory.guid = '10') as t ORDER BY bag,slot
  | [0 ms] SQL: SELECT guid,itemid,amount,property FROM item_loot WHERE owner_guid = '10'
  | [1 ms] SQL: SELECT creatorGuid, giftCreatorGuid, count, duration, charges, flags, enchantments, randomPropertyId, transmogrifyId, durability, text, mail_id, item_guid, itemEntry, generated_loot FROM mail_items JOIN item_instance ON item_guid = guid WHERE receiver = '13'
  | [0 ms] SQL: SELECT victimType,victim,cp,date,type FROM character_honor_cp WHERE guid = '200'
  | [0 ms] SQL: SELECT button,action,type FROM character_action WHERE guid = '10' ORDER BY button
  | [0 ms] SQL: SELECT skill, value FROM character_forgotten_skills WHERE guid = '13'
  | [0 ms] SQL: SELECT friend,flags FROM character_social WHERE guid = '10' LIMIT 255
  | [0 ms] SQL: SELECT honor,conquest,weekly_honor,week_begin_day FROM character_pvp_currency WHERE guid = '200'
  | [1 ms] SQL: SELECT variableType, value FROM character_variables WHERE lowGuid = '13'
  | [1 ms] SQL: SELECT map,zone,position_x,position_y,position_z FROM character_homebind WHERE guid = '10'
  | [0 ms] SQL: SELECT spell,item,time,cattime FROM character_spell_cooldown WHERE guid = '10'
  | [0 ms] SQL: SELECT itemLowGuid, itemEntry, itemCount, action, timestamp FROM character_item_logs WHERE playerLowGuid = '13' ORDER BY timestamp DESC
  | [0 ms] SQL: SELECT guildid,`rank` FROM guild_member WHERE guid = '10'
  | [0 ms] SQL: SELECT faction,standing,flags FROM character_reputation WHERE guid = '200'
  | [0 ms] SQL: SELECT instance_id, team, join_x, join_y, join_z, join_o, join_map FROM character_battleground_data WHERE guid = '10'
  | [0 ms] SQL: SELECT guid, spell, spec FROM `character_spell_dual_spec` WHERE guid = '13'
  | [1 ms] SQL: SELECT itemId FROM character_transmogs WHERE guid = '200'
  | [1 ms] SQL: SELECT skill, value, max FROM character_skills WHERE guid = '10'
  | [0 ms] SQL: SELECT id,messageType,sender,receiver,subject,itemTextId,expire_time,deliver_time,money,cod,checked,stationery,mailTemplateId,has_items,isDeleted FROM mail WHERE receiver = '10' ORDER BY id DESC
  | [0 ms] SQL: SELECT creatorGuid, giftCreatorGuid, count, duration, charges, flags, enchantments, randomPropertyId, transmogrifyId, durability, text, mail_id, item_guid, itemEntry, generated_loot FROM mail_items JOIN item_instance ON item_guid = guid WHERE receiver = '10'
  | [1 ms] SQL: SELECT * FROM (SELECT creatorGuid, giftCreatorGuid, count, duration, charges, flags, enchantments, randomPropertyId, transmogrifyId, durability, text, bag, slot, item, itemEntry, generated_loot FROM character_inventory JOIN item_instance ON character_inventory.item = item_instance.guid WHERE character_inventory.guid = '200') as t ORDER BY bag,slot
  | [0 ms] SQL: SELECT guid,itemid,amount,property FROM item_loot WHERE owner_guid = '200'
  | [0 ms] SQL: SELECT skill, value FROM character_forgotten_skills WHERE guid = '10'
  | [0 ms] SQL: SELECT button,action,type FROM character_action WHERE guid = '200' ORDER BY button
  | [0 ms] SQL: SELECT variableType, value FROM character_variables WHERE lowGuid = '10'
  | [4 ms] SQL: INSERT INTO ai_playerbot_random_bots (owner, bot, `time`, validIn, event, `value`) VALUES ('0', '752', '1788480114', '72530', 'sellmultiplier', '234')
  | [0 ms] SQL: SELECT friend,flags FROM character_social WHERE guid = '200' LIMIT 255
  | [0 ms] SQL: SELECT itemLowGuid, itemEntry, itemCount, action, timestamp FROM character_item_logs WHERE playerLowGuid = '10' ORDER BY timestamp DESC
  | [1 ms] SQL: SELECT guid, spell, spec FROM `character_spell_dual_spec` WHERE guid = '10'
  | [4 ms] SQL: SELECT id FROM character_pet WHERE owner = '578'
  | [1 ms] SQL: SELECT map,zone,position_x,position_y,position_z FROM character_homebind WHERE guid = '200'
  | [0 ms] SQL: SELECT spell,item,time,cattime FROM character_spell_cooldown WHERE guid = '200'
  | [1 ms] SQL: SELECT guildid,`rank` FROM guild_member WHERE guid = '200'
  | [0 ms] SQL: SELECT instance_id, team, join_x, join_y, join_z, join_o, join_map FROM character_battleground_data WHERE guid = '200'
  | [0 ms] SQL: SELECT skill, value, max FROM character_skills WHERE guid = '200'
  | [0 ms] SQL: SELECT id,messageType,sender,receiver,subject,itemTextId,expire_time,deliver_time,money,cod,checked,stationery,mailTemplateId,has_items,isDeleted FROM mail WHERE receiver = '200' ORDER BY id DESC
  | [0 ms] SQL: SELECT creatorGuid, giftCreatorGuid, count, duration, charges, flags, enchantments, randomPropertyId, transmogrifyId, durability, text, mail_id, item_guid, itemEntry, generated_loot FROM mail_items JOIN item_instance ON item_guid = guid WHERE receiver = '200'
  | [0 ms] SQL: SELECT skill, value FROM character_forgotten_skills WHERE guid = '200'
  | [0 ms] SQL: SELECT variableType, value FROM character_variables WHERE lowGuid = '200'
  | [0 ms] SQL: SELECT itemLowGuid, itemEntry, itemCount, action, timestamp FROM character_item_logs WHERE playerLowGuid = '200' ORDER BY timestamp DESC
  | [0 ms] SQL: SELECT guid, spell, spec FROM `character_spell_dual_spec` WHERE guid = '200'
  | [1 ms] SQL: SELECT guid, account, name, race, class, gender, level, xp, money, playerBytes, playerBytes2, playerFlags, position_x, position_y, position_z, map, orientation, taximask, cinematic, totaltime, leveltime, rest_bonus, logout_time, is_logout_resting, resettalents_multiplier, resettalents_time, trans_x, trans_y, trans_z, trans_o, transguid, extra_flags, stable_slots, at_login, zone, online, death_expire_time, taxi_path, honorRankPoints, honorHighestRank, honorStanding, honorLastWeekHK, honorLastWeekCP, honorStoredHK, honorStoredDK, watchedFaction, drunk, health, power1, power2, power3, power4, power5, exploredZones, equipmentCache, ammoId, actionBars, world_phase_mask, customFlags, city_protector, ignore_titles, mortality_status, total_deaths, xp_gain, extraBonusTalentCount FROM characters WHERE guid = '204'
  | [0 ms] SQL: SELECT groupId FROM group_member WHERE memberGuid ='204'
  | [0 ms] SQL: SELECT id, permanent, map, resettime FROM character_instance LEFT JOIN instance ON instance = id WHERE guid = '204'
  | [1 ms] SQL: SELECT caster_guid,item_guid,spell,stackcount,remaincharges,basepoints0,basepoints1,basepoints2,periodictime0,periodictime1,periodictime2,maxduration,remaintime,effIndexMask FROM character_aura WHERE guid = '204'
  | [6 ms] SQL: DELETE FROM ai_playerbot_random_bots WHERE owner = 0 AND bot = '750' AND event = 'sellmultiplier'
  | [0 ms] SQL: SELECT spell,active,disabled FROM character_spell WHERE guid = '204'
  | [1 ms] SQL: SELECT quest,status,rewarded,explored,timer,mobcount1,mobcount2,mobcount3,mobcount4,itemcount1,itemcount2,itemcount3,itemcount4,reward_choice FROM character_queststatus WHERE guid = '204'
  | [0 ms] SQL: SELECT victimType,victim,cp,date,type FROM character_honor_cp WHERE guid = '204'
  | [0 ms] SQL: SELECT honor,conquest,weekly_honor,week_begin_day FROM character_pvp_currency WHERE guid = '204'
  | [0 ms] SQL: SELECT faction,standing,flags FROM character_reputation WHERE guid = '204'
  | [0 ms] SQL: SELECT itemId FROM character_transmogs WHERE guid = '204'
  | [1 ms] SQL: SELECT * FROM (SELECT creatorGuid, giftCreatorGuid, count, duration, charges, flags, enchantments, randomPropertyId, transmogrifyId, durability, text, bag, slot, item, itemEntry, generated_loot FROM character_inventory JOIN item_instance ON character_inventory.item = item_instance.guid WHERE character_inventory.guid = '204') as t ORDER BY bag,slot
  | [1 ms] SQL: SELECT guid,itemid,amount,property FROM item_loot WHERE owner_guid = '204'
  | [1 ms] SQL: SELECT id FROM character_pet WHERE owner = '585'
  | [0 ms] SQL: SELECT button,action,type FROM character_action WHERE guid = '204' ORDER BY button
  | [0 ms] SQL: SELECT friend,flags FROM character_social WHERE guid = '204' LIMIT 255
  | [0 ms] SQL: SELECT map,zone,position_x,position_y,position_z FROM character_homebind WHERE guid = '204'
  | [1 ms] SQL: SELECT spell,item,time,cattime FROM character_spell_cooldown WHERE guid = '204'
  | [0 ms] SQL: SELECT guildid,`rank` FROM guild_member WHERE guid = '204'
  | [0 ms] SQL: SELECT instance_id, team, join_x, join_y, join_z, join_o, join_map FROM character_battleground_data WHERE guid = '204'
  | [0 ms] SQL: SELECT skill, value, max FROM character_skills WHERE guid = '204'
  | [0 ms] SQL: SELECT id,messageType,sender,receiver,subject,itemTextId,expire_time,deliver_time,money,cod,checked,stationery,mailTemplateId,has_items,isDeleted FROM mail WHERE receiver = '204' ORDER BY id DESC
  | [6 ms] SQL: INSERT INTO ai_playerbot_random_bots (owner, bot, `time`, validIn, event, `value`) VALUES ('0', '750', '1788480114', '58642', 'sellmultiplier', '206')
  | [1 ms] SQL: SELECT creatorGuid, giftCreatorGuid, count, duration, charges, flags, enchantments, randomPropertyId, transmogrifyId, durability, text, mail_id, item_guid, itemEntry, generated_loot FROM mail_items JOIN item_instance ON item_guid = guid WHERE receiver = '204'
  | [0 ms] SQL: SELECT skill, value FROM character_forgotten_skills WHERE guid = '204'
  | [0 ms] SQL: SELECT variableType, value FROM character_variables WHERE lowGuid = '204'
  | [1 ms] SQL: SELECT itemLowGuid, itemEntry, itemCount, action, timestamp FROM character_item_logs WHERE playerLowGuid = '204' ORDER BY timestamp DESC
  | [0 ms] SQL: SELECT guid, spell, spec FROM `character_spell_dual_spec` WHERE guid = '204'
  | [0 ms] SQL: SELECT guid, account, name, race, class, gender, level, xp, money, playerBytes, playerBytes2, playerFlags, position_x, position_y, position_z, map, orientation, taximask, cinematic, totaltime, leveltime, rest_bonus, logout_time, is_logout_resting, resettalents_multiplier, resettalents_time, trans_x, trans_y, trans_z, trans_o, transguid, extra_flags, stable_slots, at_login, zone, online, death_expire_time, taxi_path, honorRankPoints, honorHighestRank, honorStanding, honorLastWeekHK, honorLastWeekCP, honorStoredHK, honorStoredDK, watchedFaction, drunk, health, power1, power2, power3, power4, power5, exploredZones, equipmentCache, ammoId, actionBars, world_phase_mask, customFlags, city_protector, ignore_titles, mortality_status, total_deaths, xp_gain, extraBonusTalentCount FROM characters WHERE guid = '12'
  | [1 ms] SQL: SELECT groupId FROM group_member WHERE memberGuid ='12'
  | [0 ms] SQL: SELECT id, permanent, map, resettime FROM character_instance LEFT JOIN instance ON instance = id WHERE guid = '12'
  | [0 ms] SQL: SELECT caster_guid,item_guid,spell,stackcount,remaincharges,basepoints0,basepoints1,basepoints2,periodictime0,periodictime1,periodictime2,maxduration,remaintime,effIndexMask FROM character_aura WHERE guid = '12'
  | [1 ms] SQL: SELECT spell,active,disabled FROM character_spell WHERE guid = '12'
  | [0 ms] SQL: SELECT quest,status,rewarded,explored,timer,mobcount1,mobcount2,mobcount3,mobcount4,itemcount1,itemcount2,itemcount3,itemcount4,reward_choice FROM character_queststatus WHERE guid = '12'
  | [0 ms] SQL: SELECT victimType,victim,cp,date,type FROM character_honor_cp WHERE guid = '12'
  | [1 ms] SQL: SELECT honor,conquest,weekly_honor,week_begin_day FROM character_pvp_currency WHERE guid = '12'
  | [0 ms] SQL: SELECT faction,standing,flags FROM character_reputation WHERE guid = '12'
  | [7 ms] SQL: DELETE FROM ai_playerbot_random_bots WHERE owner = 0 AND bot = '60' AND event = 'sellmultiplier'
  | [1 ms] SQL: SELECT itemId FROM character_transmogs WHERE guid = '12'
  | [0 ms] SQL: SELECT * FROM (SELECT creatorGuid, giftCreatorGuid, count, duration, charges, flags, enchantments, randomPropertyId, transmogrifyId, durability, text, bag, slot, item, itemEntry, generated_loot FROM character_inventory JOIN item_instance ON character_inventory.item = item_instance.guid WHERE character_inventory.guid = '12') as t ORDER BY bag,slot
  | [1 ms] SQL: SELECT guid,itemid,amount,property FROM item_loot WHERE owner_guid = '12'
  | [0 ms] SQL: SELECT button,action,type FROM character_action WHERE guid = '12' ORDER BY button
  | [0 ms] SQL: SELECT friend,flags FROM character_social WHERE guid = '12' LIMIT 255
  | [0 ms] SQL: SELECT map,zone,position_x,position_y,position_z FROM character_homebind WHERE guid = '12'
  | [1 ms] SQL: SELECT spell,item,time,cattime FROM character_spell_cooldown WHERE guid = '12'
  | [0 ms] SQL: SELECT guildid,`rank` FROM guild_member WHERE guid = '12'
  | [0 ms] SQL: SELECT instance_id, team, join_x, join_y, join_z, join_o, join_map FROM character_battleground_data WHERE guid = '12'
  | [1 ms] SQL: SELECT skill, value, max FROM character_skills WHERE guid = '12'
  | [0 ms] SQL: SELECT id,messageType,sender,receiver,subject,itemTextId,expire_time,deliver_time,money,cod,checked,stationery,mailTemplateId,has_items,isDeleted FROM mail WHERE receiver = '12' ORDER BY id DESC
  | [8 ms] SQL: INSERT INTO ai_playerbot_random_bots (owner, bot, `time`, validIn, event, `value`) VALUES ('0', '60', '1788480114', '86801', 'sellmultiplier', '140')
  | [8 ms] SQL: DELETE FROM ai_playerbot_random_bots WHERE owner = 0 AND bot = '178' AND event = 'sellmultiplier'
  | [0 ms] SQL: SELECT creatorGuid, giftCreatorGuid, count, duration, charges, flags, enchantments, randomPropertyId, transmogrifyId, durability, text, mail_id, item_guid, itemEntry, generated_loot FROM mail_items JOIN item_instance ON item_guid = guid WHERE receiver = '12'
  | [0 ms] SQL: SELECT skill, value FROM character_forgotten_skills WHERE guid = '12'
  | [1 ms] SQL: SELECT variableType, value FROM character_variables WHERE lowGuid = '12'
  | [0 ms] SQL: SELECT itemLowGuid, itemEntry, itemCount, action, timestamp FROM character_item_logs WHERE playerLowGuid = '12' ORDER BY timestamp DESC
  | [0 ms] SQL: SELECT guid, spell, spec FROM `character_spell_dual_spec` WHERE guid = '12'
  | [8 ms] SQL: INSERT INTO ai_playerbot_random_bots (owner, bot, `time`, validIn, event, `value`) VALUES ('0', '178', '1788480114', '76149', 'sellmultiplier', '195')
  | [2 ms] SQL: SELECT `target_guid`, `time` FROM `whisper_targets` WHERE `account` = 53
  | [1 ms] SQL: SELECT `title`, `active` FROM `character_titles` WHERE `guid` = '854'
  | [1 ms] SQL: SELECT action_line FROM ai_playerbot_custom_strategy WHERE name = 'say' and owner = '854' order by idx
  | [1 ms] SQL: SELECT action_line FROM ai_playerbot_custom_strategy WHERE name = 'say' and owner = '0' order by idx
  | [0 ms] SQL: SELECT 1 FROM character_social WHERE flags='1' and friend='854'
  | [1 ms] SQL: SELECT `target_guid`, `time` FROM `whisper_targets` WHERE `account` = 53
  | [0 ms] SQL: SELECT `title`, `active` FROM `character_titles` WHERE `guid` = '853'
  | [1 ms] SQL: SELECT action_line FROM ai_playerbot_custom_strategy WHERE name = 'say' and owner = '853' order by idx
  | [0 ms] SQL: SELECT action_line FROM ai_playerbot_custom_strategy WHERE name = 'say' and owner = '0' order by idx
  | [0 ms] SQL: SELECT 1 FROM character_social WHERE flags='1' and friend='853'
  | [1 ms] SQL: SELECT `target_guid`, `time` FROM `whisper_targets` WHERE `account` = 53
  | [1 ms] SQL: SELECT `title`, `active` FROM `character_titles` WHERE `guid` = '855'
  | [1 ms] SQL: SELECT action_line FROM ai_playerbot_custom_strategy WHERE name = 'say' and owner = '855' order by idx
  | [0 ms] SQL: SELECT action_line FROM ai_playerbot_custom_strategy WHERE name = 'say' and owner = '0' order by idx
  | [0 ms] SQL: SELECT 1 FROM character_social WHERE flags='1' and friend='855'
  | [0 ms] SQL: SELECT `target_guid`, `time` FROM `whisper_targets` WHERE `account` = 53
  | [0 ms] SQL: SELECT `title`, `active` FROM `character_titles` WHERE `guid` = '850'
  | [0 ms] SQL: INSERT INTO character_homebind (guid,map,zone,position_x,position_y,position_z) VALUES ('850', '0', '12', '-8949.950195', '-132.492996', '83.531197')
  | [1 ms] SQL: SELECT action_line FROM ai_playerbot_custom_strategy WHERE name = 'say' and owner = '850' order by idx
  | [0 ms] SQL: SELECT action_line FROM ai_playerbot_custom_strategy WHERE name = 'say' and owner = '0' order by idx
  | [0 ms] SQL: SELECT 1 FROM character_social WHERE flags='1' and friend='850'
  | SPECROLL: factory picked marksmanship for class 3 (2 paths, weight 200)
  | Could not open bot log file ../logs/bot_events.csv (No such file or directory). Logging to it is off for this run.
  | [2 ms] SQL: DELETE FROM ai_playerbot_random_bots WHERE owner = 0 AND bot = '850' AND event = 'level'
  | [0 ms] SQL: DELETE FROM character_queststatus WHERE guid = '850'
  | [0 ms] SQL: DELETE FROM ai_playerbot_random_bots WHERE owner = 0 AND bot = '850' AND event = 'firstSkill'
  | [6 ms] SQL: INSERT INTO ai_playerbot_random_bots (owner, bot, `time`, validIn, event, `value`) VALUES ('0', '850', '1788480114', '1296000', 'level', '11')
  | [0 ms] SQL: DELETE FROM ai_playerbot_random_bots WHERE owner = 0 AND bot = '850' AND event = 'specNo'
  | [10 ms] SQL: INSERT INTO ai_playerbot_random_bots (owner, bot, `time`, validIn, event, `value`) VALUES ('0', '850', '1788480114', '1296000', 'secondSkill', '165')
  | [10 ms] SQL: INSERT INTO ai_playerbot_random_bots (owner, bot, `time`, validIn, event, `value`) VALUES ('0', '850', '1788480114', '1296000', 'firstSkill', '202')
  | [10 ms] SQL: DELETE FROM ai_playerbot_random_bots WHERE owner = 0 AND bot = '850' AND event = 'secondSkill'
  | [0 ms] SQL: DELETE FROM ai_playerbot_random_bots WHERE owner = 0 AND bot = '850' AND event = 'specLink'
  | [1 ms] SQL: DELETE FROM `ai_playerbot_db_store` WHERE `guid` = '850' AND `preset` = ''
  | [12 ms] SQL: INSERT INTO ai_playerbot_random_bots (owner, bot, `time`, validIn, event, `value`) VALUES ('0', '850', '1788480114', '1296000', 'specNo', '2')
  | [9 ms] SQL: DELETE FROM ai_playerbot_random_bots WHERE owner = 0 AND bot = '850' AND event = 'specNo'
  | [9 ms] SQL: INSERT INTO ai_playerbot_random_bots (owner, bot, `time`, validIn, event, `value`) VALUES ('0', '850', '1788480114', '1296000', 'specNo', '2')
  | [0 ms] SQL: DELETE FROM ai_playerbot_random_bots WHERE owner = 0 AND bot = '850' AND event = 'randomize'
  | SQL: cannot execute 'INSERT INTO character_pet ( id, entry,  owner, modelid, level, exp, Reactstate, loyaltypoints, loyalty, trainpoint, slot, name, renamed, curhealth, curmana, curhappiness, abdata, TeachSpelldata, savetime, resettalents_cost, resettalents_time, CreatedBySpell, PetType) VALUES ( ?, ?, ?, ?, ?, ?, ?, ?, ?, ?, ?, ?, ?, ?, ?, ?, ?, ?, ?, ?, ?, ?, ?)'
  | SQL ERROR: Duplicate entry '151' for key 'PRIMARY'
  | [8 ms] SQL: INSERT INTO ai_playerbot_random_bots (owner, bot, `time`, validIn, event, `value`) VALUES ('0', '850', '1788480114', '50954', 'randomize', '1')
  | [0 ms] SQL: REPLACE INTO `character_pvp_currency` (`guid`, `honor`, `conquest`, `weekly_honor`, `week_begin_day`) VALUES (850, 0, 0, 0, 20698)
  | [1 ms] SQL: UPDATE `characters` SET `honorRankPoints` = 0.0, `honorStanding` = 0, `honorHighestRank` = 0, `honorLastWeekHK` = 0, `honorLastWeekCP` = 0.0, `honorStoredHK` = 0, `honorStoredDK` = 0 WHERE `guid` = 850
  | [0 ms] SQL: SELECT `target_guid`, `time` FROM `whisper_targets` WHERE `account` = 53
  | [1 ms] SQL: SELECT `title`, `active` FROM `character_titles` WHERE `guid` = '849'
  | [1 ms] SQL: SELECT action_line FROM ai_playerbot_custom_strategy WHERE name = 'say' and owner = '849' order by idx
  | [0 ms] SQL: SELECT action_line FROM ai_playerbot_custom_strategy WHERE name = 'say' and owner = '0' order by idx
  | [1 ms] SQL: INSERT INTO character_homebind (guid,map,zone,position_x,position_y,position_z) VALUES ('849', '0', '85', '1676.349976', '1677.449951', '121.669998')
  | [1 ms] SQL: SELECT 1 FROM character_social WHERE flags='1' and friend='849'
  | [0 ms] SQL: REPLACE INTO `character_pvp_currency` (`guid`, `honor`, `conquest`, `weekly_honor`, `week_begin_day`) VALUES (850, 0, 0, 0, 20698)
  | [1 ms] SQL: UPDATE `characters` SET `honorRankPoints` = 0.0, `honorStanding` = 0, `honorHighestRank` = 0, `honorLastWeekHK` = 0, `honorLastWeekCP` = 0.0, `honorStoredHK` = 0, `honorStoredDK` = 0 WHERE `guid` = 850
  | SPECROLL: factory picked frost for class 8 (3 paths, weight 300)
  | Could not open bot log file ../logs/bot_events.csv (No such file or directory). Logging to it is off for this run.
  | [0 ms] SQL: DELETE FROM ai_playerbot_random_bots WHERE owner = 0 AND bot = '849' AND event = 'level'
  | [0 ms] SQL: DELETE FROM character_queststatus WHERE guid = '849'
  | [0 ms] SQL: DELETE FROM ai_playerbot_random_bots WHERE owner = 0 AND bot = '849' AND event = 'firstSkill'
  | [0 ms] SQL: DELETE FROM ai_playerbot_random_bots WHERE owner = 0 AND bot = '849' AND event = 'secondSkill'
  | [4 ms] SQL: INSERT INTO ai_playerbot_random_bots (owner, bot, `time`, validIn, event, `value`) VALUES ('0', '849', '1788480114', '1296000', 'level', '44')
  | [1 ms] SQL: DELETE FROM ai_playerbot_random_bots WHERE owner = 0 AND bot = '849' AND event = 'specNo'
  | [8 ms] SQL: INSERT INTO ai_playerbot_random_bots (owner, bot, `time`, validIn, event, `value`) VALUES ('0', '849', '1788480114', '1296000', 'firstSkill', '182')
  | [7 ms] SQL: INSERT INTO ai_playerbot_random_bots (owner, bot, `time`, validIn, event, `value`) VALUES ('0', '849', '1788480114', '1296000', 'secondSkill', '186')
  | [1 ms] SQL: DELETE FROM ai_playerbot_random_bots WHERE owner = 0 AND bot = '849' AND event = 'specLink'
  | [0 ms] SQL: DELETE FROM `ai_playerbot_db_store` WHERE `guid` = '849' AND `preset` = ''
  | [0 ms] SQL: DELETE FROM ai_playerbot_random_bots WHERE owner = 0 AND bot = '849' AND event = 'weaponType'
  | [6 ms] SQL: DELETE FROM ai_playerbot_random_bots WHERE owner = 0 AND bot = '849' AND event = 'specNo'
  | [8 ms] SQL: INSERT INTO ai_playerbot_random_bots (owner, bot, `time`, validIn, event, `value`) VALUES ('0', '849', '1788480114', '1296000', 'specNo', '3')
  | [7 ms] SQL: INSERT INTO ai_playerbot_random_bots (owner, bot, `time`, validIn, event, `value`) VALUES ('0', '849', '1788480114', '1296000', 'weaponType', '17')
  | [9 ms] SQL: INSERT INTO ai_playerbot_random_bots (owner, bot, `time`, validIn, event, `value`) VALUES ('0', '849', '1788480114', '1296000', 'specNo', '3')
  | [0 ms] SQL: DELETE FROM ai_playerbot_random_bots WHERE owner = 0 AND bot = '849' AND event = 'randomize'
  | [1 ms] SQL: INSERT INTO guild_member (guildid,guid,`rank`,pnote,offnote) VALUES ('16', '849', '1','','')
  | [9 ms] SQL: INSERT INTO ai_playerbot_random_bots (owner, bot, `time`, validIn, event, `value`) VALUES ('0', '849', '1788480114', '46623', 'randomize', '1')
  | [0 ms] SQL: REPLACE INTO `character_pvp_currency` (`guid`, `honor`, `conquest`, `weekly_honor`, `week_begin_day`) VALUES (849, 0, 0, 0, 20698)
  | [1 ms] SQL: UPDATE `characters` SET `honorRankPoints` = 0.0, `honorStanding` = 0, `honorHighestRank` = 0, `honorLastWeekHK` = 0, `honorLastWeekCP` = 0.0, `honorStoredHK` = 0, `honorStoredDK` = 0 WHERE `guid` = 849
  | [1 ms] SQL: SELECT `target_guid`, `time` FROM `whisper_targets` WHERE `account` = 53
  | [1 ms] SQL: SELECT `title`, `active` FROM `character_titles` WHERE `guid` = '852'
  | [0 ms] SQL: REPLACE INTO `character_pvp_currency` (`guid`, `honor`, `conquest`, `weekly_honor`, `week_begin_day`) VALUES (849, 0, 0, 0, 20698)
  | [1 ms] SQL: UPDATE `characters` SET `honorRankPoints` = 0.0, `honorStanding` = 0, `honorHighestRank` = 0, `honorLastWeekHK` = 0, `honorLastWeekCP` = 0.0, `honorStoredHK` = 0, `honorStoredDK` = 0 WHERE `guid` = 849
  | [1 ms] SQL: SELECT action_line FROM ai_playerbot_custom_strategy WHERE name = 'say' and owner = '852' order by idx
  | [0 ms] SQL: SELECT action_line FROM ai_playerbot_custom_strategy WHERE name = 'say' and owner = '0' order by idx
  | [0 ms] SQL: SELECT 1 FROM character_social WHERE flags='1' and friend='852'
  | [0 ms] SQL: SELECT `target_guid`, `time` FROM `whisper_targets` WHERE `account` = 10
  | [1 ms] SQL: SELECT `title`, `active` FROM `character_titles` WHERE `guid` = '111'
  | [1 ms] SQL: SELECT action_line FROM ai_playerbot_custom_strategy WHERE name = 'say' and owner = '111' order by idx
  | [0 ms] SQL: SELECT action_line FROM ai_playerbot_custom_strategy WHERE name = 'say' and owner = '0' order by idx
  | [0 ms] SQL: SELECT 1 FROM character_social WHERE flags='1' and friend='111'
  | [0 ms] SQL: SELECT `target_guid`, `time` FROM `whisper_targets` WHERE `account` = 10
  | [0 ms] SQL: SELECT `title`, `active` FROM `character_titles` WHERE `guid` = '110'
  | [0 ms] SQL: SELECT action_line FROM ai_playerbot_custom_strategy WHERE name = 'say' and owner = '110' order by idx
  | [1 ms] SQL: SELECT action_line FROM ai_playerbot_custom_strategy WHERE name = 'say' and owner = '0' order by idx
  | [0 ms] SQL: SELECT 1 FROM character_social WHERE flags='1' and friend='110'
  | [1 ms] SQL: SELECT `target_guid`, `time` FROM `whisper_targets` WHERE `account` = 10
  | [1 ms] SQL: SELECT `title`, `active` FROM `character_titles` WHERE `guid` = '109'
  | [0 ms] SQL: SELECT action_line FROM ai_playerbot_custom_strategy WHERE name = 'say' and owner = '109' order by idx
  | [1 ms] SQL: SELECT action_line FROM ai_playerbot_custom_strategy WHERE name = 'say' and owner = '0' order by idx
  | [0 ms] SQL: SELECT 1 FROM character_social WHERE flags='1' and friend='109'
  | [1 ms] SQL: SELECT `target_guid`, `time` FROM `whisper_targets` WHERE `account` = 10
  | [0 ms] SQL: SELECT `title`, `active` FROM `character_titles` WHERE `guid` = '116'
  | [0 ms] SQL: SELECT action_line FROM ai_playerbot_custom_strategy WHERE name = 'say' and owner = '116' order by idx
  | [0 ms] SQL: SELECT action_line FROM ai_playerbot_custom_strategy WHERE name = 'say' and owner = '0' order by idx
  | [0 ms] SQL: SELECT 1 FROM character_social WHERE flags='1' and friend='116'
  | [1 ms] SQL: SELECT `target_guid`, `time` FROM `whisper_targets` WHERE `account` = 10
  | [1 ms] SQL: SELECT `title`, `active` FROM `character_titles` WHERE `guid` = '114'
  | [0 ms] SQL: SELECT action_line FROM ai_playerbot_custom_strategy WHERE name = 'say' and owner = '114' order by idx
  | [1 ms] SQL: SELECT action_line FROM ai_playerbot_custom_strategy WHERE name = 'say' and owner = '0' order by idx
  | [0 ms] SQL: SELECT 1 FROM character_social WHERE flags='1' and friend='114'
  | [0 ms] SQL: SELECT `target_guid`, `time` FROM `whisper_targets` WHERE `account` = 10
  | [0 ms] SQL: DELETE FROM `groups` WHERE groupId='19'
  | [0 ms] SQL: DELETE FROM group_member WHERE groupId='19'
  | [0 ms] SQL: SELECT `title`, `active` FROM `character_titles` WHERE `guid` = '113'
  | [0 ms] SQL: DELETE FROM character_inventory WHERE item = '37083'
  | [1 ms] SQL: SELECT action_line FROM ai_playerbot_custom_strategy WHERE name = 'say' and owner = '113' order by idx
  | [0 ms] SQL: SELECT action_line FROM ai_playerbot_custom_strategy WHERE name = 'say' and owner = '0' order by idx
  | [1 ms] SQL: SELECT 1 FROM character_social WHERE flags='1' and friend='113'
  | [0 ms] SQL: SELECT `target_guid`, `time` FROM `whisper_targets` WHERE `account` = 10
  | [1 ms] SQL: SELECT `title`, `active` FROM `character_titles` WHERE `guid` = '115'
  | [1 ms] SQL: SELECT action_line FROM ai_playerbot_custom_strategy WHERE name = 'say' and owner = '115' order by idx
  | [0 ms] SQL: SELECT action_line FROM ai_playerbot_custom_strategy WHERE name = 'say' and owner = '0' order by idx
  | [0 ms] SQL: SELECT 1 FROM character_social WHERE flags='1' and friend='115'
  | [1 ms] SQL: SELECT `target_guid`, `time` FROM `whisper_targets` WHERE `account` = 10
  | [1 ms] SQL: SELECT `title`, `active` FROM `character_titles` WHERE `guid` = '112'
  | [0 ms] SQL: SELECT action_line FROM ai_playerbot_custom_strategy WHERE name = 'say' and owner = '112' order by idx
  | [1 ms] SQL: SELECT action_line FROM ai_playerbot_custom_strategy WHERE name = 'say' and owner = '0' order by idx
  | [0 ms] SQL: SELECT 1 FROM character_social WHERE flags='1' and friend='112'
  | [0 ms] SQL: SELECT `target_guid`, `time` FROM `whisper_targets` WHERE `account` = 28
  | [0 ms] SQL: SELECT `title`, `active` FROM `character_titles` WHERE `guid` = '410'
  | [0 ms] SQL: SELECT action_line FROM ai_playerbot_custom_strategy WHERE name = 'say' and owner = '410' order by idx
  | [1 ms] SQL: SELECT action_line FROM ai_playerbot_custom_strategy WHERE name = 'say' and owner = '0' order by idx
  | [1 ms] SQL: SELECT 1 FROM character_social WHERE flags='1' and friend='410'
  | [0 ms] SQL: SELECT `target_guid`, `time` FROM `whisper_targets` WHERE `account` = 10
  | [0 ms] SQL: SELECT `title`, `active` FROM `character_titles` WHERE `guid` = '117'
  | [0 ms] SQL: SELECT action_line FROM ai_playerbot_custom_strategy WHERE name = 'say' and owner = '117' order by idx
  | [0 ms] SQL: SELECT action_line FROM ai_playerbot_custom_strategy WHERE name = 'say' and owner = '0' order by idx
  | [0 ms] SQL: SELECT 1 FROM character_social WHERE flags='1' and friend='117'
  | [0 ms] SQL: SELECT `target_guid`, `time` FROM `whisper_targets` WHERE `account` = 28
  | [0 ms] SQL: SELECT `title`, `active` FROM `character_titles` WHERE `guid` = '411'
  | [1 ms] SQL: SELECT action_line FROM ai_playerbot_custom_strategy WHERE name = 'say' and owner = '411' order by idx
  | [0 ms] SQL: SELECT action_line FROM ai_playerbot_custom_strategy WHERE name = 'say' and owner = '0' order by idx
  | [0 ms] SQL: SELECT 1 FROM character_social WHERE flags='1' and friend='411'
  | [0 ms] SQL: SELECT `target_guid`, `time` FROM `whisper_targets` WHERE `account` = 28
  | [0 ms] SQL: SELECT `title`, `active` FROM `character_titles` WHERE `guid` = '412'
  | [0 ms] SQL: DELETE FROM `groups` WHERE groupId='41'
  | [1 ms] SQL: DELETE FROM group_member WHERE groupId='41'
  | [0 ms] SQL: SELECT action_line FROM ai_playerbot_custom_strategy WHERE name = 'say' and owner = '412' order by idx
  | [0 ms] SQL: SELECT action_line FROM ai_playerbot_custom_strategy WHERE name = 'say' and owner = '0' order by idx
  | [1 ms] SQL: SELECT 1 FROM character_social WHERE flags='1' and friend='412'
  | [0 ms] SQL: SELECT `target_guid`, `time` FROM `whisper_targets` WHERE `account` = 28
  | [0 ms] SQL: SELECT `title`, `active` FROM `character_titles` WHERE `guid` = '406'
  | [0 ms] SQL: SELECT action_line FROM ai_playerbot_custom_strategy WHERE name = 'say' and owner = '406' order by idx
  | [1 ms] SQL: SELECT action_line FROM ai_playerbot_custom_strategy WHERE name = 'say' and owner = '0' order by idx
  | [0 ms] SQL: SELECT 1 FROM character_social WHERE flags='1' and friend='406'
  | [0 ms] SQL: SELECT `target_guid`, `time` FROM `whisper_targets` WHERE `account` = 28
  | [1 ms] SQL: SELECT `title`, `active` FROM `character_titles` WHERE `guid` = '409'
  | [0 ms] SQL: SELECT action_line FROM ai_playerbot_custom_strategy WHERE name = 'say' and owner = '409' order by idx
  | [0 ms] SQL: SELECT action_line FROM ai_playerbot_custom_strategy WHERE name = 'say' and owner = '0' order by idx
  | [1 ms] SQL: SELECT 1 FROM character_social WHERE flags='1' and friend='409'
  | [0 ms] SQL: SELECT `target_guid`, `time` FROM `whisper_targets` WHERE `account` = 28
  | [0 ms] SQL: SELECT `title`, `active` FROM `character_titles` WHERE `guid` = '407'
  | [1 ms] SQL: SELECT action_line FROM ai_playerbot_custom_strategy WHERE name = 'say' and owner = '407' order by idx
  | [0 ms] SQL: SELECT action_line FROM ai_playerbot_custom_strategy WHERE name = 'say' and owner = '0' order by idx
  | [0 ms] SQL: SELECT 1 FROM character_social WHERE flags='1' and friend='407'
  | [1 ms] SQL: SELECT `target_guid`, `time` FROM `whisper_targets` WHERE `account` = 28
  | [0 ms] SQL: SELECT `title`, `active` FROM `character_titles` WHERE `guid` = '414'
  | [0 ms] SQL: SELECT action_line FROM ai_playerbot_custom_strategy WHERE name = 'say' and owner = '414' order by idx
  | [1 ms] SQL: SELECT action_line FROM ai_playerbot_custom_strategy WHERE name = 'say' and owner = '0' order by idx
  | [0 ms] SQL: SELECT 1 FROM character_social WHERE flags='1' and friend='414'
  | [1 ms] SQL: SELECT `target_guid`, `time` FROM `whisper_targets` WHERE `account` = 28
  | [0 ms] SQL: SELECT `title`, `active` FROM `character_titles` WHERE `guid` = '413'
  | [1 ms] SQL: SELECT action_line FROM ai_playerbot_custom_strategy WHERE name = 'say' and owner = '413' order by idx
  | [0 ms] SQL: SELECT action_line FROM ai_playerbot_custom_strategy WHERE name = 'say' and owner = '0' order by idx
  | [0 ms] SQL: SELECT 1 FROM character_social WHERE flags='1' and friend='413'
  | [1 ms] SQL: SELECT `target_guid`, `time` FROM `whisper_targets` WHERE `account` = 102
  | [0 ms] SQL: SELECT `title`, `active` FROM `character_titles` WHERE `guid` = '363'
  | [0 ms] SQL: SELECT action_line FROM ai_playerbot_custom_strategy WHERE name = 'say' and owner = '363' order by idx
  | [1 ms] SQL: SELECT action_line FROM ai_playerbot_custom_strategy WHERE name = 'say' and owner = '0' order by idx
  | [0 ms] SQL: SELECT 1 FROM character_social WHERE flags='1' and friend='363'
  | [1 ms] SQL: SELECT `target_guid`, `time` FROM `whisper_targets` WHERE `account` = 28
  | [0 ms] SQL: SELECT `title`, `active` FROM `character_titles` WHERE `guid` = '408'
  | [0 ms] SQL: SELECT action_line FROM ai_playerbot_custom_strategy WHERE name = 'say' and owner = '408' order by idx
  | [0 ms] SQL: SELECT action_line FROM ai_playerbot_custom_strategy WHERE name = 'say' and owner = '0' order by idx
  | [0 ms] SQL: SELECT 1 FROM character_social WHERE flags='1' and friend='408'
  | [1 ms] SQL: SELECT `target_guid`, `time` FROM `whisper_targets` WHERE `account` = 102
  | [0 ms] SQL: SELECT `title`, `active` FROM `character_titles` WHERE `guid` = '361'
  | [0 ms] SQL: SELECT action_line FROM ai_playerbot_custom_strategy WHERE name = 'say' and owner = '361' order by idx
  | [1 ms] SQL: SELECT action_line FROM ai_playerbot_custom_strategy WHERE name = 'say' and owner = '0' order by idx
  | [0 ms] SQL: DELETE FROM `groups` WHERE groupId='44'
  | [0 ms] SQL: SELECT 1 FROM character_social WHERE flags='1' and friend='361'
  | [1 ms] SQL: DELETE FROM group_member WHERE groupId='44'
  | [1 ms] SQL: SELECT `target_guid`, `time` FROM `whisper_targets` WHERE `account` = 102
  | [0 ms] SQL: SELECT `title`, `active` FROM `character_titles` WHERE `guid` = '366'
  | [1 ms] SQL: SELECT action_line FROM ai_playerbot_custom_strategy WHERE name = 'say' and owner = '366' order by idx
  | [0 ms] SQL: SELECT action_line FROM ai_playerbot_custom_strategy WHERE name = 'say' and owner = '0' order by idx
  | [0 ms] SQL: SELECT 1 FROM character_social WHERE flags='1' and friend='366'
  | [1 ms] SQL: SELECT `target_guid`, `time` FROM `whisper_targets` WHERE `account` = 101
  | [1 ms] SQL: SELECT `title`, `active` FROM `character_titles` WHERE `guid` = '791'
  | [0 ms] SQL: SELECT action_line FROM ai_playerbot_custom_strategy WHERE name = 'say' and owner = '791' order by idx
  | [0 ms] SQL: SELECT action_line FROM ai_playerbot_custom_strategy WHERE name = 'say' and owner = '0' order by idx
  | [0 ms] SQL: SELECT 1 FROM character_social WHERE flags='1' and friend='791'
  | [1 ms] SQL: SELECT `target_guid`, `time` FROM `whisper_targets` WHERE `account` = 102
  | [1 ms] SQL: DELETE FROM `groups` WHERE groupId='29'
  | [0 ms] SQL: DELETE FROM group_member WHERE groupId='29'
  | [1 ms] SQL: SELECT `title`, `active` FROM `character_titles` WHERE `guid` = '369'
  | [0 ms] SQL: SELECT action_line FROM ai_playerbot_custom_strategy WHERE name = 'say' and owner = '369' order by idx
  | [1 ms] SQL: SELECT action_line FROM ai_playerbot_custom_strategy WHERE name = 'say' and owner = '0' order by idx
  | [0 ms] SQL: SELECT 1 FROM character_social WHERE flags='1' and friend='369'
  | [1 ms] SQL: SELECT `target_guid`, `time` FROM `whisper_targets` WHERE `account` = 102
  | [0 ms] SQL: SELECT `title`, `active` FROM `character_titles` WHERE `guid` = '364'
  | [0 ms] SQL: SELECT action_line FROM ai_playerbot_custom_strategy WHERE name = 'say' and owner = '364' order by idx
  | [0 ms] SQL: SELECT action_line FROM ai_playerbot_custom_strategy WHERE name = 'say' and owner = '0' order by idx
  | [0 ms] SQL: SELECT 1 FROM character_social WHERE flags='1' and friend='364'
  | [0 ms] SQL: SELECT `target_guid`, `time` FROM `whisper_targets` WHERE `account` = 102
  | [0 ms] SQL: SELECT `title`, `active` FROM `character_titles` WHERE `guid` = '362'
  | [0 ms] SQL: SELECT action_line FROM ai_playerbot_custom_strategy WHERE name = 'say' and owner = '362' order by idx
  | [1 ms] SQL: SELECT action_line FROM ai_playerbot_custom_strategy WHERE name = 'say' and owner = '0' order by idx
  | [1 ms] SQL: SELECT 1 FROM character_social WHERE flags='1' and friend='362'
  | [0 ms] SQL: SELECT `target_guid`, `time` FROM `whisper_targets` WHERE `account` = 102
  | [1 ms] SQL: SELECT `title`, `active` FROM `character_titles` WHERE `guid` = '365'
  | [0 ms] SQL: SELECT action_line FROM ai_playerbot_custom_strategy WHERE name = 'say' and owner = '365' order by idx
  | [1 ms] SQL: SELECT action_line FROM ai_playerbot_custom_strategy WHERE name = 'say' and owner = '0' order by idx
  | [0 ms] SQL: SELECT 1 FROM character_social WHERE flags='1' and friend='365'
  | [1 ms] SQL: SELECT `target_guid`, `time` FROM `whisper_targets` WHERE `account` = 77
  | [1 ms] SQL: SELECT `title`, `active` FROM `character_titles` WHERE `guid` = '803'
  | [0 ms] SQL: SELECT action_line FROM ai_playerbot_custom_strategy WHERE name = 'say' and owner = '803' order by idx
  | [1 ms] SQL: SELECT action_line FROM ai_playerbot_custom_strategy WHERE name = 'say' and owner = '0' order by idx
  | [1 ms] SQL: SELECT 1 FROM character_social WHERE flags='1' and friend='803'
  | [0 ms] SQL: SELECT `target_guid`, `time` FROM `whisper_targets` WHERE `account` = 102
  | [0 ms] SQL: SELECT `title`, `active` FROM `character_titles` WHERE `guid` = '368'
  | [0 ms] SQL: SELECT action_line FROM ai_playerbot_custom_strategy WHERE name = 'say' and owner = '368' order by idx
  | [1 ms] SQL: SELECT action_line FROM ai_playerbot_custom_strategy WHERE name = 'say' and owner = '0' order by idx
  | [0 ms] SQL: SELECT 1 FROM character_social WHERE flags='1' and friend='368'
  | [0 ms] SQL: SELECT `target_guid`, `time` FROM `whisper_targets` WHERE `account` = 101
  | [0 ms] SQL: SELECT `title`, `active` FROM `character_titles` WHERE `guid` = '790'
  | [0 ms] SQL: SELECT action_line FROM ai_playerbot_custom_strategy WHERE name = 'say' and owner = '790' order by idx
  | [1 ms] SQL: SELECT action_line FROM ai_playerbot_custom_strategy WHERE name = 'say' and owner = '0' order by idx
  | [0 ms] SQL: SELECT 1 FROM character_social WHERE flags='1' and friend='790'
  | [0 ms] SQL: SELECT `target_guid`, `time` FROM `whisper_targets` WHERE `account` = 101
  | [0 ms] SQL: SELECT `title`, `active` FROM `character_titles` WHERE `guid` = '785'
  | [1 ms] SQL: SELECT action_line FROM ai_playerbot_custom_strategy WHERE name = 'say' and owner = '785' order by idx
  | [0 ms] SQL: SELECT action_line FROM ai_playerbot_custom_strategy WHERE name = 'say' and owner = '0' order by idx
  | [0 ms] SQL: SELECT 1 FROM character_social WHERE flags='1' and friend='785'
  | [0 ms] SQL: SELECT `target_guid`, `time` FROM `whisper_targets` WHERE `account` = 77
  | [0 ms] SQL: SELECT `title`, `active` FROM `character_titles` WHERE `guid` = '807'
  | [1 ms] SQL: SELECT action_line FROM ai_playerbot_custom_strategy WHERE name = 'say' and owner = '807' order by idx
  | [0 ms] SQL: SELECT action_line FROM ai_playerbot_custom_strategy WHERE name = 'say' and owner = '0' order by idx
  | [1 ms] SQL: SELECT 1 FROM character_social WHERE flags='1' and friend='807'
  | [0 ms] SQL: SELECT `target_guid`, `time` FROM `whisper_targets` WHERE `account` = 101
  | [0 ms] SQL: SELECT `title`, `active` FROM `character_titles` WHERE `guid` = '788'
  | [1 ms] SQL: SELECT action_line FROM ai_playerbot_custom_strategy WHERE name = 'say' and owner = '788' order by idx
  | [0 ms] SQL: SELECT action_line FROM ai_playerbot_custom_strategy WHERE name = 'say' and owner = '0' order by idx
  | [0 ms] SQL: SELECT 1 FROM character_social WHERE flags='1' and friend='788'
  | [1 ms] SQL: SELECT `target_guid`, `time` FROM `whisper_targets` WHERE `account` = 101
  | [1 ms] SQL: SELECT `title`, `active` FROM `character_titles` WHERE `guid` = '786'
  | [0 ms] SQL: SELECT action_line FROM ai_playerbot_custom_strategy WHERE name = 'say' and owner = '786' order by idx
  | [1 ms] SQL: SELECT action_line FROM ai_playerbot_custom_strategy WHERE name = 'say' and owner = '0' order by idx
  | [1 ms] SQL: SELECT 1 FROM character_social WHERE flags='1' and friend='786'
  | [0 ms] SQL: SELECT `target_guid`, `time` FROM `whisper_targets` WHERE `account` = 15
  | [0 ms] SQL: SELECT `title`, `active` FROM `character_titles` WHERE `guid` = '199'
  | [1 ms] SQL: SELECT action_line FROM ai_playerbot_custom_strategy WHERE name = 'say' and owner = '199' order by idx
  | [0 ms] SQL: SELECT action_line FROM ai_playerbot_custom_strategy WHERE name = 'say' and owner = '0' order by idx
  | [0 ms] SQL: SELECT 1 FROM character_social WHERE flags='1' and friend='199'
  | [1 ms] SQL: SELECT `target_guid`, `time` FROM `whisper_targets` WHERE `account` = 77
  | [0 ms] SQL: SELECT `title`, `active` FROM `character_titles` WHERE `guid` = '805'
  | [0 ms] SQL: SELECT action_line FROM ai_playerbot_custom_strategy WHERE name = 'say' and owner = '805' order by idx
  | [1 ms] SQL: SELECT action_line FROM ai_playerbot_custom_strategy WHERE name = 'say' and owner = '0' order by idx
  | [0 ms] SQL: SELECT 1 FROM character_social WHERE flags='1' and friend='805'
  | [0 ms] SQL: SELECT `target_guid`, `time` FROM `whisper_targets` WHERE `account` = 77
  | [1 ms] SQL: SELECT `title`, `active` FROM `character_titles` WHERE `guid` = '802'
  | [1 ms] SQL: SELECT action_line FROM ai_playerbot_custom_strategy WHERE name = 'say' and owner = '802' order by idx
  | [0 ms] SQL: SELECT action_line FROM ai_playerbot_custom_strategy WHERE name = 'say' and owner = '0' order by idx
  | [0 ms] SQL: SELECT 1 FROM character_social WHERE flags='1' and friend='802'
  | [1 ms] SQL: SELECT `target_guid`, `time` FROM `whisper_targets` WHERE `account` = 101
  | [0 ms] SQL: SELECT `title`, `active` FROM `character_titles` WHERE `guid` = '792'
  | [0 ms] SQL: SELECT action_line FROM ai_playerbot_custom_strategy WHERE name = 'say' and owner = '792' order by idx
  | [1 ms] SQL: SELECT action_line FROM ai_playerbot_custom_strategy WHERE name = 'say' and owner = '0' order by idx
  | [0 ms] SQL: SELECT 1 FROM character_social WHERE flags='1' and friend='792'
  | [1 ms] SQL: SELECT `target_guid`, `time` FROM `whisper_targets` WHERE `account` = 15
  | [0 ms] SQL: SELECT `title`, `active` FROM `character_titles` WHERE `guid` = '203'
  | [1 ms] SQL: SELECT action_line FROM ai_playerbot_custom_strategy WHERE name = 'say' and owner = '203' order by idx
  | [0 ms] SQL: SELECT action_line FROM ai_playerbot_custom_strategy WHERE name = 'say' and owner = '0' order by idx
  | [1 ms] SQL: SELECT 1 FROM character_social WHERE flags='1' and friend='203'
  | [0 ms] SQL: SELECT `target_guid`, `time` FROM `whisper_targets` WHERE `account` = 77
  | [1 ms] SQL: SELECT `title`, `active` FROM `character_titles` WHERE `guid` = '806'
  | [0 ms] SQL: SELECT action_line FROM ai_playerbot_custom_strategy WHERE name = 'say' and owner = '806' order by idx
  | [1 ms] SQL: SELECT action_line FROM ai_playerbot_custom_strategy WHERE name = 'say' and owner = '0' order by idx
  | [0 ms] SQL: SELECT 1 FROM character_social WHERE flags='1' and friend='806'
  | [1 ms] SQL: SELECT `target_guid`, `time` FROM `whisper_targets` WHERE `account` = 77
  | [PlayerBots] HandlePlayerBotLoginCallback: bot 809 failed to enter world
  | [0 ms] SQL: UPDATE characters SET at_login = at_login | '1' WHERE guid ='809'
  | [0 ms] SQL: SELECT `target_guid`, `time` FROM `whisper_targets` WHERE `account` = 101
  | [1 ms] SQL: SELECT `title`, `active` FROM `character_titles` WHERE `guid` = '784'
  | [0 ms] SQL: SELECT action_line FROM ai_playerbot_custom_strategy WHERE name = 'say' and owner = '784' order by idx
  | [1 ms] SQL: SELECT action_line FROM ai_playerbot_custom_strategy WHERE name = 'say' and owner = '0' order by idx
  | [0 ms] SQL: SELECT 1 FROM character_social WHERE flags='1' and friend='784'
  | [0 ms] SQL: SELECT `target_guid`, `time` FROM `whisper_targets` WHERE `account` = 15
  | [0 ms] SQL: SELECT `title`, `active` FROM `character_titles` WHERE `guid` = '207'
  | [0 ms] SQL: SELECT action_line FROM ai_playerbot_custom_strategy WHERE name = 'say' and owner = '207' order by idx
  | [0 ms] SQL: SELECT action_line FROM ai_playerbot_custom_strategy WHERE name = 'say' and owner = '0' order by idx
  | [0 ms] SQL: SELECT 1 FROM character_social WHERE flags='1' and friend='207'
  | [1 ms] SQL: SELECT `target_guid`, `time` FROM `whisper_targets` WHERE `account` = 77
  | [0 ms] SQL: SELECT `title`, `active` FROM `character_titles` WHERE `guid` = '810'
  | [0 ms] SQL: SELECT action_line FROM ai_playerbot_custom_strategy WHERE name = 'say' and owner = '810' order by idx
  | [1 ms] SQL: SELECT action_line FROM ai_playerbot_custom_strategy WHERE name = 'say' and owner = '0' order by idx
  | [1 ms] SQL: SELECT 1 FROM character_social WHERE flags='1' and friend='810'
  | [0 ms] SQL: SELECT `target_guid`, `time` FROM `whisper_targets` WHERE `account` = 15
  | [0 ms] SQL: SELECT `title`, `active` FROM `character_titles` WHERE `guid` = '201'
  | [0 ms] SQL: SELECT action_line FROM ai_playerbot_custom_strategy WHERE name = 'say' and owner = '201' order by idx
  | [1 ms] SQL: SELECT action_line FROM ai_playerbot_custom_strategy WHERE name = 'say' and owner = '0' order by idx
  | [1 ms] SQL: SELECT 1 FROM character_social WHERE flags='1' and friend='201'
  | [0 ms] SQL: SELECT `target_guid`, `time` FROM `whisper_targets` WHERE `account` = 15
  | [0 ms] SQL: SELECT `title`, `active` FROM `character_titles` WHERE `guid` = '202'
  | [1 ms] SQL: SELECT action_line FROM ai_playerbot_custom_strategy WHERE name = 'say' and owner = '202' order by idx
  | [0 ms] SQL: SELECT action_line FROM ai_playerbot_custom_strategy WHERE name = 'say' and owner = '0' order by idx
  | [1 ms] SQL: SELECT 1 FROM character_social WHERE flags='1' and friend='202'
  | [0 ms] SQL: SELECT `target_guid`, `time` FROM `whisper_targets` WHERE `account` = 77
  | [1 ms] SQL: SELECT `title`, `active` FROM `character_titles` WHERE `guid` = '804'
  | [0 ms] SQL: SELECT action_line FROM ai_playerbot_custom_strategy WHERE name = 'say' and owner = '804' order by idx
  | [1 ms] SQL: SELECT action_line FROM ai_playerbot_custom_strategy WHERE name = 'say' and owner = '0' order by idx
  | [1 ms] SQL: SELECT 1 FROM character_social WHERE flags='1' and friend='804'
  | [0 ms] SQL: SELECT `target_guid`, `time` FROM `whisper_targets` WHERE `account` = 15
  | [0 ms] SQL: SELECT `title`, `active` FROM `character_titles` WHERE `guid` = '205'
  | [0 ms] SQL: SELECT action_line FROM ai_playerbot_custom_strategy WHERE name = 'say' and owner = '205' order by idx
  | [1 ms] SQL: SELECT action_line FROM ai_playerbot_custom_strategy WHERE name = 'say' and owner = '0' order by idx
  | [1 ms] SQL: SELECT 1 FROM character_social WHERE flags='1' and friend='205'
  | [0 ms] SQL: SELECT `target_guid`, `time` FROM `whisper_targets` WHERE `account` = 15
  | [0 ms] SQL: SELECT `title`, `active` FROM `character_titles` WHERE `guid` = '206'
  | [0 ms] SQL: SELECT action_line FROM ai_playerbot_custom_strategy WHERE name = 'say' and owner = '206' order by idx
  | [1 ms] SQL: SELECT action_line FROM ai_playerbot_custom_strategy WHERE name = 'say' and owner = '0' order by idx
  | [0 ms] SQL: SELECT 1 FROM character_social WHERE flags='1' and friend='206'
  | [1 ms] SQL: SELECT `target_guid`, `time` FROM `whisper_targets` WHERE `account` = 77
  | [0 ms] SQL: SELECT `title`, `active` FROM `character_titles` WHERE `guid` = '808'
  | [0 ms] SQL: SELECT action_line FROM ai_playerbot_custom_strategy WHERE name = 'say' and owner = '808' order by idx
  | [0 ms] SQL: SELECT action_line FROM ai_playerbot_custom_strategy WHERE name = 'say' and owner = '0' order by idx
  | [0 ms] SQL: SELECT 1 FROM character_social WHERE flags='1' and friend='808'
  | [0 ms] SQL: SELECT `target_guid`, `time` FROM `whisper_targets` WHERE `account` = 72
  | [0 ms] SQL: SELECT `title`, `active` FROM `character_titles` WHERE `guid` = '13'
  | WaypointMovementGenerator::LoadPath: GUID 2581911 Entry 81030 doesn't have waypoint path
  | [1 ms] SQL: SELECT action_line FROM ai_playerbot_custom_strategy WHERE name = 'say' and owner = '13' order by idx
  | [0 ms] SQL: SELECT action_line FROM ai_playerbot_custom_strategy WHERE name = 'say' and owner = '0' order by idx
  | [0 ms] SQL: SELECT 1 FROM character_social WHERE flags='1' and friend='13'
  | [1 ms] SQL: SELECT `target_guid`, `time` FROM `whisper_targets` WHERE `account` = 72
  | [1 ms] SQL: SELECT `title`, `active` FROM `character_titles` WHERE `guid` = '10'
  | [0 ms] SQL: SELECT action_line FROM ai_playerbot_custom_strategy WHERE name = 'say' and owner = '10' order by idx
  | [1 ms] SQL: SELECT action_line FROM ai_playerbot_custom_strategy WHERE name = 'say' and owner = '0' order by idx
  | [0 ms] SQL: SELECT 1 FROM character_social WHERE flags='1' and friend='10'
  | [0 ms] SQL: SELECT `target_guid`, `time` FROM `whisper_targets` WHERE `account` = 15
  | [1 ms] SQL: SELECT `title`, `active` FROM `character_titles` WHERE `guid` = '200'
  | [1 ms] SQL: SELECT action_line FROM ai_playerbot_custom_strategy WHERE name = 'say' and owner = '200' order by idx
  | [0 ms] SQL: SELECT action_line FROM ai_playerbot_custom_strategy WHERE name = 'say' and owner = '0' order by idx
  | [0 ms] SQL: SELECT 1 FROM character_social WHERE flags='1' and friend='200'
  | [0 ms] SQL: SELECT `target_guid`, `time` FROM `whisper_targets` WHERE `account` = 15
  | [1 ms] SQL: SELECT `title`, `active` FROM `character_titles` WHERE `guid` = '204'
  | [0 ms] SQL: SELECT action_line FROM ai_playerbot_custom_strategy WHERE name = 'say' and owner = '204' order by idx
  | [1 ms] SQL: SELECT action_line FROM ai_playerbot_custom_strategy WHERE name = 'say' and owner = '0' order by idx
  | [0 ms] SQL: SELECT 1 FROM character_social WHERE flags='1' and friend='204'
  | [1 ms] SQL: SELECT `target_guid`, `time` FROM `whisper_targets` WHERE `account` = 72
  | [0 ms] SQL: SELECT `title`, `active` FROM `character_titles` WHERE `guid` = '12'
  | [1 ms] SQL: SELECT action_line FROM ai_playerbot_custom_strategy WHERE name = 'say' and owner = '12' order by idx
  | [0 ms] SQL: SELECT action_line FROM ai_playerbot_custom_strategy WHERE name = 'say' and owner = '0' order by idx
  | [0 ms] SQL: SELECT 1 FROM character_social WHERE flags='1' and friend='12'
  | Core revision: unknown / 1970-01-01 00:00:00 +0000 / Linux_x64 (little-endian)
  | Players online: 0. Max online: 0.
  | Server uptime: 1 Minute 42 Seconds.
  | Server Time: Fri, 04.09.2026 00:01:53
tortoise-mangosd after:  {'pid': 15677, 'restarts': 0, 'started_at': '2026-09-04T00:00:02.826869489Z'}
[OK] send_command('server info') answered in 3.61s and left pid/RestartCount/StartedAt unchanged (pid 15677, RestartCount 0)
[OK] the reply carries 1914 line(s) cut on this core's own prompt

====================== backup() -- live, with the server running ======================
2026-09-04 02:02:03 INFO [yulon.controller_wow_wotlk.maintenance] backed up 4 database(s) into /home/pk/tortoise-server/sql_scripts/backups: tw_char (59356883 bytes), tw_logon (107976 bytes), tw_logs (3177 bytes), tw_world (170786943 bytes)
  dump: tw_char /home/pk/tortoise-server/sql_scripts/backups/20260904_020157_tw_char.sql 59356883 bytes
  dump: tw_logon /home/pk/tortoise-server/sql_scripts/backups/20260904_020157_tw_logon.sql 107976 bytes
  dump: tw_logs /home/pk/tortoise-server/sql_scripts/backups/20260904_020157_tw_logs.sql 3177 bytes
  dump: tw_world /home/pk/tortoise-server/sql_scripts/backups/20260904_020157_tw_world.sql 170786943 bytes
  missing_core: ()
[OK] backup() -> 4 dump(s) (tw_char, tw_logon, tw_logs, tw_world) in /home/pk/tortoise-server/sql_scripts/backups in 6.4s, server_was_running=True

====================== verify_dump() on every dump ======================
  verify_dump(20260904_020157_tw_char.sql) -> 59356883 bytes
  verify_dump(20260904_020157_tw_logon.sql) -> 107976 bytes
  verify_dump(20260904_020157_tw_logs.sql) -> 3177 bytes
  verify_dump(20260904_020157_tw_world.sql) -> 170786943 bytes
[OK] verify_dump() passed for all 4 dump(s)

====================== plan_restore() while the server is up -- it must REFUSE ======================
2026-09-04 02:02:05 INFO [yulon.controller_wow_wotlk.maintenance] restore of 20260904_020157_tw_char.sql refused: tortoise-mangosd, tortoise-realmd are running. A restore has to happen with the game servers stopped: the worldserver keeps characters in memory and saves them back, so it would overwrite the restored data within minutes. Stop the server and try again.
refusals: ('tortoise-mangosd, tortoise-realmd are running. A restore has to happen with the game servers stopped: the worldserver keeps characters in memory and saves them back, so it would overwrite the restored data within minutes. Stop the server and try again.',)
[OK] plan_restore() refused while running: ('tortoise-mangosd, tortoise-realmd are running. A restore has to happen with the game servers stopped: the worldserver keeps characters in memory and saves them back, so it would overwrite the restored data within minutes. Stop the server and try again.',)

====================== Controller.stop() -- the Stop button, which calls stop_staged() ======================
2026-09-04 02:02:10 INFO [yulon.docker] stop_staged(): stopped; containers kept for a fast restart
running after stop: {'tortoise-mangosd': False, 'tortoise-realmd': False, 'tortoise-db': False}
[OK] stop_staged() took 4.6s and returned True; db, auth and world all down

====================== Controller.start() -- the Start button, which calls start_staged() ======================
2026-09-04 02:02:10 INFO [yulon.docker] start_staged(): `compose up -d --no-deps tortoise-db tortoise-realmd tortoise-mangosd` in /home/pk/tortoise-server
running after start: {'tortoise-mangosd': True, 'tortoise-realmd': True, 'tortoise-db': True}
[OK] start_staged() returned in 6.6s; all three up

====================== time from start_staged() to this game's own ready marker ======================
[OK] reached ready 98.4s after start_staged() returned

====================== restore round trip: db up, world+auth down ======================
tortoise-mangosd
tortoise-realmd
refusals now: ()
databases: ('tw_char',)  size_bytes: 59356883
interrupted: None
2026-09-04 02:04:13 WARNING [yulon.controller_wow_wotlk.maintenance] this install has no acore_auth, acore_characters, acore_world; backing up what it does
2026-09-04 02:04:14 INFO [yulon.controller_wow_wotlk.maintenance] backed up 1 database(s) into /home/pk/tortoise-server/sql_scripts/backups: tw_char (59405513 bytes)
2026-09-04 02:04:14 WARNING [yulon.controller_wow_wotlk.maintenance] restoring tw_char from /home/pk/tortoise-server/sql_scripts/backups/20260904_020157_tw_char.sql
2026-09-04 02:04:39 INFO [yulon.controller_wow_wotlk.maintenance] restored tw_char from /home/pk/tortoise-server/sql_scripts/backups/20260904_020157_tw_char.sql
[OK] restore() put back ('tw_char',) from 20260904_020157_tw_char.sql in 28.7s (safety backup: ['20260904_020413_pre-restore_tw_char.sql'])

====================== start again, and confirm the restored server comes back ready ======================
2026-09-04 02:04:39 INFO [yulon.docker] start_staged(): `compose up -d --no-deps tortoise-db tortoise-realmd tortoise-mangosd` in /home/pk/tortoise-server
running: {'tortoise-mangosd': True, 'tortoise-realmd': True, 'tortoise-db': True}
[OK] the restored server reached ready again in 85.8s

====================== SUMMARY ======================
OK send_command('server info') answered in 3.61s and left pid/RestartCount/StartedAt unchanged (pid 15677, RestartCount 0)
OK the reply carries 1914 line(s) cut on this core's own prompt
OK backup() -> 4 dump(s) (tw_char, tw_logon, tw_logs, tw_world) in /home/pk/tortoise-server/sql_scripts/backups in 6.4s, server_was_running=True
OK verify_dump() passed for all 4 dump(s)
OK plan_restore() refused while running: ('tortoise-mangosd, tortoise-realmd are running. A restore has to happen with the game servers stopped: the worldserver keeps characters in memory and saves them back, so it would overwrite the restored data within minutes. Stop the server and try again.',)
OK stop_staged() took 4.6s and returned True; db, auth and world all down
OK start_staged() returned in 6.6s; all three up
OK reached ready 98.4s after start_staged() returned
OK restore() put back ('tw_char',) from 20260904_020157_tw_char.sql in 28.7s (safety backup: ['20260904_020413_pre-restore_tw_char.sql'])
OK the restored server reached ready again in 85.8s

TIMES {"console_seconds": 3.607044807999955, "backup_seconds": 6.4212222730002395, "stop_staged_seconds": 4.574165148999782, "start_staged_seconds": 6.639714269999786, "ready_seconds": 98.4155465849999, "restore_seconds": 28.651352539000072, "ready_after_restore_seconds": 85.7804501770006}

10 passed, 0 failed
