Installing WoW WotLK into D:\gate\wotlk-server77
You can stop this at any time. What an install writes outside the folder below is named here rather than denied: the images this build produces and the volumes holding the database and the server data, which live in Docker's own storage — that is why the checks below look at the space on Docker's disk too; Docker itself, when no daemon answers yet (on Linux: system packages, a service, and the group you are asked about first); and this app's own settings and log, in its config folder. Starting the install again continues from where it stopped: source this app has finished cloning is never fetched, reset or moved, and the build is not run a second time once Docker confirms its images are there. Everything cheap runs again on every attempt — the compose files this app writes are put back the way the catalog says, the server-data download resumes and re-checks itself, and the database and server are started and waited for.
Checking Docker.
[pass] Docker: the daemon answered
[pass] memory: Docker's VM has 11.7 GB
[pass] compiler jobs vs memory: 5 parallel jobs against about 5 the memory affords
[warn] free space on Docker's disk: 43 GB free; 60 GB is the comfortable figure
[pass] free space on the server folder: 113 GB free
[pass] the server folder: D:\gate\wotlk-server77 looks usable
[pass] sharing the folder with Docker: a container can read D:\gate\wotlk-server77
[pass] SELinux: not a Linux host, so it does not apply
[pass] the server's ports: nothing else is using them
Using D:\gate\wotlk-server77 (a fresh install)
2026-09-05 01:56:36 WARNING [yulon.catalog.native] not holding this machine awake: keep_awake() must run on the worker thread doing the install: Windows scopes the assertion to the thread that set it, so holding it on the GUI thread would claim a guarantee the install does not have.
This machine may go to sleep during the build; leave it awake, and leave the lid open on a laptop.
Step 1 of 9 (11%): clone-core
--- clone-core
Cloning mod-playerbots/azerothcore-wotlk into D:\gate\wotlk-server77 (this is a large repository)
2026-09-05 01:56:36 INFO [yulon.git] containerized git: `run --rm -v D:\gate\wotlk-server77:/git -w /git alpine/git@sha256:c0280cf9572316299b08544065d3bf35db65043d5e3963982ec50647d2746e26 -c core.autocrlf=false -c core.eol=lf -c http.version=HTTP/1.1 clone --config core.autocrlf=false --config core.eol=lf --config http.version=HTTP/1.1 --branch Playerbot https://github.com/mod-playerbots/azerothcore-wotlk.git .` into D:\gate\wotlk-server77
mod-playerbots/azerothcore-wotlk is in place.
Step 2 of 9 (22%): clone-modules
--- clone-modules
Cloning mod-playerbots/mod-playerbots into modules/mod-playerbots
2026-09-05 02:22:12 INFO [yulon.git] containerized git: `run --rm -v D:\gate\wotlk-server77\modules\mod-playerbots:/git -w /git alpine/git@sha256:c0280cf9572316299b08544065d3bf35db65043d5e3963982ec50647d2746e26 -c core.autocrlf=false -c core.eol=lf -c http.version=HTTP/1.1 clone --config core.autocrlf=false --config core.eol=lf --config http.version=HTTP/1.1 --depth 1 --branch master https://github.com/mod-playerbots/mod-playerbots.git .` into D:\gate\wotlk-server77\modules\mod-playerbots
Modules are in place.
Step 3 of 9 (33%): generate-compose
--- generate-compose
2026-09-05 02:23:41 INFO [yulon.git] containerized git: `run --rm --network none --cap-drop ALL --security-opt no-new-privileges --read-only -v D:\gate\wotlk-server77:/git:ro -w /git alpine/git@sha256:c0280cf9572316299b08544065d3bf35db65043d5e3963982ec50647d2746e26 --no-optional-locks --attr-source=4b825dc642cb6eb9a060e54bf8d69288fbee4904 -c core.attributesFile=/dev/null -c core.fsmonitor=false -c core.hooksPath=/dev/null -c core.autocrlf=false -c core.eol=lf -c http.version=HTTP/1.1 status --ignore-submodules=all --porcelain -- docker-compose.yml` into D:\gate\wotlk-server77
Replacing the docker-compose.yml that came with the repository; it is unchanged from what git has, so `git checkout` brings it back.
Wrote docker-compose.yml
Wrote docker-compose.override.yml
Wrote docker-compose.build.yml
Step 4 of 9 (44%): build
--- build
Stopping now leaves Docker finishing the build step it is already on, in the background. That is deliberate: the work it has done is kept, and starting this install again picks up from there instead of compiling it all a second time.
Building the server. This takes hours on a first install; the output below is live.
2026-09-05 02:23:44 INFO [yulon.docker] build_staged(): `docker compose -f docker-compose.yml -f docker-compose.override.yml -f docker-compose.build.yml build --progress plain` in D:\gate\wotlk-server77
--progress is a global compose flag, better use `docker compose --progress xx build ...
 Image yulon.local/ac-wotlk-db-import:native-f7357748 Building 
 Image yulon.local/ac-wotlk-client-data:native-f7357748 Building 
 Image yulon.local/ac-wotlk-authserver:native-f7357748 Building 
 Image yulon.local/ac-wotlk-worldserver:native-f7357748 Building 
#1 [internal] load local bake definitions
#1 reading from stdin 2.22kB 0.0s done
#1 DONE 0.0s

#2 [ac-authserver internal] load build definition from Dockerfile
#2 transferring dockerfile:
#2 transferring dockerfile: 9.07kB 0.0s done
#2 DONE 0.2s

#3 [ac-worldserver internal] load metadata for docker.io/library/ubuntu:24.04
#3 DONE 3.3s

#4 [ac-client-data-init internal] load .dockerignore
#4 transferring context:
#4 transferring context: 261B 0.0s done
#4 DONE 0.2s

#5 [ac-client-data-init skeleton 1/4] FROM docker.io/library/ubuntu:24.04@sha256:33ceb71981b602c1a7443a53469e4dba065f7503eab3078a2d7a57a2ab987517
#5 ...

#6 [ac-db-import internal] load build context
#6 DONE 0.0s

#7 [ac-authserver internal] load build context
#7 DONE 0.0s

#5 [ac-authserver skeleton 1/4] FROM docker.io/library/ubuntu:24.04@sha256:33ceb71981b602c1a7443a53469e4dba065f7503eab3078a2d7a57a2ab987517
#5 resolve docker.io/library/ubuntu:24.04@sha256:33ceb71981b602c1a7443a53469e4dba065f7503eab3078a2d7a57a2ab987517
#5 resolve docker.io/library/ubuntu:24.04@sha256:33ceb71981b602c1a7443a53469e4dba065f7503eab3078a2d7a57a2ab987517 0.2s done
#5 DONE 0.5s

#8 [ac-client-data-init internal] load build context
#8 transferring context: 597.04kB 0.2s done
#8 DONE 0.5s

#6 [ac-db-import internal] load build context
#6 ...

#9 [ac-worldserver skeleton 2/4] RUN mkdir -pv         /azerothcore/bin                           /azerothcore/data                          /azerothcore/deps                          /azerothcore/env/dist/bin                  /azerothcore/env/dist/data/Cameras         /azerothcore/env/dist/data/dbc             /azerothcore/env/dist/data/maps            /azerothcore/env/dist/data/mmaps           /azerothcore/env/dist/data/vmaps           /azerothcore/env/dist/logs                 /azerothcore/env/dist/temp                 /azerothcore/env/dist/etc                  /azerothcore/modules                       /azerothcore/src                           /azerothcore/build
#9 1.265 mkdir: created directory '/azerothcore'
#9 1.265 mkdir: created directory '/azerothcore/bin'
#9 1.265 mkdir: created directory '/azerothcore/data'
#9 1.265 mkdir: created directory '/azerothcore/deps'
#9 1.265 mkdir: created directory '/azerothcore/env'
#9 1.265 mkdir: created directory '/azerothcore/env/dist'
#9 1.265 mkdir: created directory '/azerothcore/env/dist/bin'
#9 1.265 mkdir: created directory '/azerothcore/env/dist/data'
#9 1.265 mkdir: created directory '/azerothcore/env/dist/data/Cameras'
#9 1.265 mkdir: created directory '/azerothcore/env/dist/data/dbc'
#9 1.265 mkdir: created directory '/azerothcore/env/dist/data/maps'
#9 1.265 mkdir: created directory '/azerothcore/env/dist/data/mmaps'
#9 1.265 mkdir: created directory '/azerothcore/env/dist/data/vmaps'
#9 1.265 mkdir: created directory '/azerothcore/env/dist/logs'
#9 1.265 mkdir: created directory '/azerothcore/env/dist/temp'
#9 1.265 mkdir: created directory '/azerothcore/env/dist/etc'
#9 1.265 mkdir: created directory '/azerothcore/modules'
#9 1.265 mkdir: created directory '/azerothcore/src'
#9 1.265 mkdir: created directory '/azerothcore/build'
#9 DONE 1.5s

#10 [ac-db-import skeleton 3/4] RUN apt-get update                                                           && apt-get install -y --no-install-recommends tzdata ca-certificates     && ln -snf "/usr/share/zoneinfo/Etc/UTC" /etc/localtime                      && echo "Etc/UTC" > /etc/timezone                                              && dpkg-reconfigure --frontend noninteractive tzdata                     && rm -rf /var/lib/apt/lists/*
#10 1.882 Get:1 http://security.ubuntu.com/ubuntu noble-security InRelease [126 kB]
#10 1.939 Get:2 http://archive.ubuntu.com/ubuntu noble InRelease [256 kB]
#10 2.159 Get:3 http://archive.ubuntu.com/ubuntu noble-updates InRelease [126 kB]
#10 2.358 Get:4 http://archive.ubuntu.com/ubuntu noble-backports InRelease [126 kB]
#10 2.479 Get:5 http://archive.ubuntu.com/ubuntu noble/universe amd64 Packages [19.3 MB]
#10 2.670 Get:6 http://security.ubuntu.com/ubuntu noble-security/restricted amd64 Packages [1786 kB]
#10 3.347 Get:7 http://security.ubuntu.com/ubuntu noble-security/universe amd64 Packages [1530 kB]
#10 3.855 Get:8 http://security.ubuntu.com/ubuntu noble-security/multiverse amd64 Packages [50.0 kB]
#10 3.870 Get:9 http://security.ubuntu.com/ubuntu noble-security/main amd64 Packages [1237 kB]
#10 ...

#7 [ac-worldserver internal] load build context
#7 transferring context: 14.05MB 6.8s
#7 ...

#6 [ac-db-import internal] load build context
#6 ...

#7 [ac-worldserver internal] load build context
#7 transferring context: 26.40MB 11.9s
#7 transferring context: 40.10MB 16.9s
#7 ...

#10 [ac-db-import skeleton 3/4] RUN apt-get update                                                           && apt-get install -y --no-install-recommends tzdata ca-certificates     && ln -snf "/usr/share/zoneinfo/Etc/UTC" /etc/localtime                      && echo "Etc/UTC" > /etc/timezone                                              && dpkg-reconfigure --frontend noninteractive tzdata                     && rm -rf /var/lib/apt/lists/*
#10 6.951 Get:10 http://archive.ubuntu.com/ubuntu noble/main amd64 Packages [1808 kB]
#10 7.345 Get:11 http://archive.ubuntu.com/ubuntu noble/restricted amd64 Packages [117 kB]
#10 7.373 Get:12 http://archive.ubuntu.com/ubuntu noble/multiverse amd64 Packages [331 kB]
#10 7.446 Get:13 http://archive.ubuntu.com/ubuntu noble-updates/restricted amd64 Packages [1903 kB]
#10 7.794 Get:14 http://archive.ubuntu.com/ubuntu noble-updates/universe amd64 Packages [2151 kB]
#10 8.277 Get:15 http://archive.ubuntu.com/ubuntu noble-updates/main amd64 Packages [1562 kB]
#10 8.579 Get:16 http://archive.ubuntu.com/ubuntu noble-updates/multiverse amd64 Packages [55.8 kB]
#10 8.579 Get:17 http://archive.ubuntu.com/ubuntu noble-backports/multiverse amd64 Packages [671 B]
#10 8.579 Get:18 http://archive.ubuntu.com/ubuntu noble-backports/main amd64 Packages [48.9 kB]
#10 8.588 Get:19 http://archive.ubuntu.com/ubuntu noble-backports/universe amd64 Packages [35.9 kB]
#10 9.467 Fetched 32.6 MB in 8s (4123 kB/s)
#10 9.467 Reading package lists...
#10 11.66 Reading package lists...
#10 13.98 Building dependency tree...
#10 14.37 Reading state information...
#10 14.85 The following additional packages will be installed:
#10 14.85   libssl3t64 openssl
#10 14.99 The following NEW packages will be installed:
#10 14.99   ca-certificates openssl tzdata
#10 15.00 The following packages will be upgraded:
#10 15.00   libssl3t64
#10 15.18 1 upgraded, 3 newly installed, 0 to remove and 26 not upgraded.
#10 15.18 Need to get 3366 kB of archives.
#10 15.18 After this operation, 3693 kB of additional disk space will be used.
#10 15.18 Get:1 http://archive.ubuntu.com/ubuntu noble-updates/main amd64 libssl3t64 amd64 3.0.13-0ubuntu3.15 [1944 kB]
#10 15.69 Get:2 http://archive.ubuntu.com/ubuntu noble-updates/main amd64 openssl amd64 3.0.13-0ubuntu3.15 [1003 kB]
#10 15.93 Get:3 http://archive.ubuntu.com/ubuntu noble-updates/main amd64 ca-certificates all 20260601~24.04.1 [139 kB]
#10 15.95 Get:4 http://archive.ubuntu.com/ubuntu noble-updates/main amd64 tzdata all 2026c-0ubuntu0.24.04.1 [280 kB]
#10 16.54 debconf: delaying package configuration, since apt-utils is not installed
#10 16.63 Fetched 3366 kB in 1s (3532 kB/s)
#10 16.82 (Reading database ... 
(Reading database ... 5%
(Reading database ... 10%
(Reading database ... 15%
(Reading database ... 20%
(Reading database ... 25%
(Reading database ... 30%
(Reading database ... 35%
(Reading database ... 40%
(Reading database ... 45%
(Reading database ... 50%
(Reading database ... 55%
(Reading database ... 60%
(Reading database ... 65%
(Reading database ... 70%
(Reading database ... 75%
(Reading database ... 80%
(Reading database ... 85%
(Reading database ... 90%
(Reading database ... 95%
(Reading database ... 100%
(Reading database ... 4381 files and directories currently installed.)
#10 16.97 Preparing to unpack .../libssl3t64_3.0.13-0ubuntu3.15_amd64.deb ...
#10 17.09 Unpacking libssl3t64:amd64 (3.0.13-0ubuntu3.15) over (3.0.13-0ubuntu3.12) ...
#10 ...

#7 [ac-worldserver internal] load build context
#7 ...

#6 [ac-db-import internal] load build context
#6 ...

#7 [ac-worldserver internal] load build context
#7 transferring context: 51.90MB 22.0s
#7 transferring context: 64.63MB 27.1s
#7 ...

#10 [ac-db-import skeleton 3/4] RUN apt-get update                                                           && apt-get install -y --no-install-recommends tzdata ca-certificates     && ln -snf "/usr/share/zoneinfo/Etc/UTC" /etc/localtime                      && echo "Etc/UTC" > /etc/timezone                                              && dpkg-reconfigure --frontend noninteractive tzdata                     && rm -rf /var/lib/apt/lists/*
#10 17.78 Setting up libssl3t64:amd64 (3.0.13-0ubuntu3.15) ...
#10 18.05 Selecting previously unselected package openssl.
#10 18.05 (Reading database ... 
(Reading database ... 5%
(Reading database ... 10%
(Reading database ... 15%
(Reading database ... 20%
(Reading database ... 25%
(Reading database ... 30%
(Reading database ... 35%
(Reading database ... 40%
(Reading database ... 45%
(Reading database ... 50%
(Reading database ... 55%
(Reading database ... 60%
(Reading database ... 65%
(Reading database ... 70%
(Reading database ... 75%
(Reading database ... 80%
(Reading database ... 85%
(Reading database ... 90%
(Reading database ... 95%
(Reading database ... 100%
(Reading database ... 4381 files and directories currently installed.)
#10 18.07 Preparing to unpack .../openssl_3.0.13-0ubuntu3.15_amd64.deb ...
#10 18.10 Unpacking openssl (3.0.13-0ubuntu3.15) ...
#10 18.49 Selecting previously unselected package ca-certificates.
#10 18.49 Preparing to unpack .../ca-certificates_20260601~24.04.1_all.deb ...
#10 18.52 Unpacking ca-certificates (20260601~24.04.1) ...
#10 19.09 Selecting previously unselected package tzdata.
#10 19.09 Preparing to unpack .../tzdata_2026c-0ubuntu0.24.04.1_all.deb ...
#10 19.15 Unpacking tzdata (2026c-0ubuntu0.24.04.1) ...
#10 19.74 Setting up tzdata (2026c-0ubuntu0.24.04.1) ...
#10 20.11 
#10 20.11 Current default time zone: 'Etc/UTC'
#10 20.12 Local time is now:      Sat Sep  5 09:24:12 UTC 2026.
#10 20.12 Universal Time is now:  Sat Sep  5 09:24:12 UTC 2026.
#10 20.12 Run 'dpkg-reconfigure tzdata' if you wish to change it.
#10 20.12 
#10 20.20 Setting up openssl (3.0.13-0ubuntu3.15) ...
#10 20.32 Setting up ca-certificates (20260601~24.04.1) ...
#10 22.57 Updating certificates in /etc/ssl/certs...
#10 25.31 121 added, 0 removed; done.
#10 25.84 Processing triggers for libc-bin (2.39-0ubuntu8.8) ...
#10 26.10 Processing triggers for ca-certificates (20260601~24.04.1) ...
#10 26.15 Updating certificates in /etc/ssl/certs...
#10 ...

#7 [ac-worldserver internal] load build context
#7 ...

#10 [ac-authserver skeleton 3/4] RUN apt-get update                                                           && apt-get install -y --no-install-recommends tzdata ca-certificates     && ln -snf "/usr/share/zoneinfo/Etc/UTC" /etc/localtime                      && echo "Etc/UTC" > /etc/timezone                                              && dpkg-reconfigure --frontend noninteractive tzdata                     && rm -rf /var/lib/apt/lists/*
#10 28.28 0 added, 0 removed; done.
#10 28.28 Running hooks in /etc/ca-certificates/update.d...
#10 28.70 done.
#10 29.48 
#10 29.48 Current default time zone: 'Etc/UTC'
#10 29.49 Local time is now:      Sat Sep  5 09:24:22 UTC 2026.
#10 29.49 Universal Time is now:  Sat Sep  5 09:24:22 UTC 2026.
#10 29.49 
#10 DONE 30.2s

#7 [ac-worldserver internal] load build context
#7 ...

#11 [ac-client-data-init skeleton 4/4] WORKDIR /azerothcore
#11 DONE 0.4s

#7 [ac-worldserver internal] load build context
#7 ...

#6 [ac-db-import internal] load build context
#6 ...

#11 [ac-worldserver skeleton 4/4] WORKDIR /azerothcore
#11 DONE 0.4s

#6 [ac-db-import internal] load build context
#6 transferring context: 70.84MB 32.5s
#6 ...

#7 [ac-worldserver internal] load build context
#7 transferring context: 89.51MB 37.5s
#7 ...

#12 [ac-authserver runtime 1/4] RUN apt-get update     && apt-get install -y --no-install-recommends       libmysqlclient21 libreadline8 libicu74 libncurses5-dev       gettext-base default-mysql-client       adduser     && rm -rf /var/lib/apt/lists/*
#12 2.092 Get:1 http://security.ubuntu.com/ubuntu noble-security InRelease [126 kB]
#12 2.263 Get:2 http://archive.ubuntu.com/ubuntu noble InRelease [256 kB]
#12 2.709 Get:3 http://security.ubuntu.com/ubuntu noble-security/restricted amd64 Packages [1786 kB]
#12 2.927 Get:4 http://archive.ubuntu.com/ubuntu noble-updates InRelease [126 kB]
#12 3.171 Get:5 http://archive.ubuntu.com/ubuntu noble-backports InRelease [126 kB]
#12 3.326 Get:6 http://archive.ubuntu.com/ubuntu noble/multiverse amd64 Packages [331 kB]
#12 3.570 Get:7 http://archive.ubuntu.com/ubuntu noble/restricted amd64 Packages [117 kB]
#12 3.581 Get:8 http://archive.ubuntu.com/ubuntu noble/main amd64 Packages [1808 kB]
#12 4.637 Get:9 http://archive.ubuntu.com/ubuntu noble/universe amd64 Packages [19.3 MB]
#12 5.968 Get:10 http://security.ubuntu.com/ubuntu noble-security/main amd64 Packages [1237 kB]
#12 8.298 Get:11 http://security.ubuntu.com/ubuntu noble-security/universe amd64 Packages [1530 kB]
#12 8.796 Get:12 http://security.ubuntu.com/ubuntu noble-security/multiverse amd64 Packages [50.0 kB]
#12 ...

#13 [ac-authserver build 1/8] RUN apt-get update                                                         && apt-get install -y --no-install-recommends                                 build-essential ccache libtool cmake-data ninja-build cmake clang            git lsb-base curl unzip default-mysql-client openssl                          default-libmysqlclient-dev libboost-all-dev libssl-dev libmysql++-dev         libreadline-dev zlib1g-dev libbz2-dev libncurses5-dev liblzma-dev      && rm -rf /var/lib/apt/lists/*
#13 2.080 Get:1 http://security.ubuntu.com/ubuntu noble-security InRelease [126 kB]
#13 2.145 Get:2 http://archive.ubuntu.com/ubuntu noble InRelease [256 kB]
#13 2.377 Get:3 http://archive.ubuntu.com/ubuntu noble-updates InRelease [126 kB]
#13 2.542 Get:4 http://archive.ubuntu.com/ubuntu noble-backports InRelease [126 kB]
#13 2.627 Get:5 http://archive.ubuntu.com/ubuntu noble/main amd64 Packages [1808 kB]
#13 2.930 Get:6 http://security.ubuntu.com/ubuntu noble-security/main amd64 Packages [1237 kB]
#13 3.795 Get:7 http://security.ubuntu.com/ubuntu noble-security/multiverse amd64 Packages [50.0 kB]
#13 3.816 Get:8 http://security.ubuntu.com/ubuntu noble-security/restricted amd64 Packages [1786 kB]
#13 4.647 Get:9 http://archive.ubuntu.com/ubuntu noble/multiverse amd64 Packages [331 kB]
#13 4.915 Get:10 http://security.ubuntu.com/ubuntu noble-security/universe amd64 Packages [1530 kB]
#13 4.975 Get:11 http://archive.ubuntu.com/ubuntu noble/restricted amd64 Packages [117 kB]
#13 5.023 Get:12 http://archive.ubuntu.com/ubuntu noble/universe amd64 Packages [19.3 MB]
#13 ...

#14 [ac-client-data-init client-data 1/3] RUN apt-get update &&     apt-get install -y curl unzip adduser &&     rm -rf /var/lib/apt/lists/*
#14 2.114 Get:1 http://security.ubuntu.com/ubuntu noble-security InRelease [126 kB]
#14 2.178 Get:2 http://archive.ubuntu.com/ubuntu noble InRelease [256 kB]
#14 2.408 Get:3 http://archive.ubuntu.com/ubuntu noble-updates InRelease [126 kB]
#14 2.597 Get:4 http://archive.ubuntu.com/ubuntu noble-backports InRelease [126 kB]
#14 2.697 Get:5 http://archive.ubuntu.com/ubuntu noble/restricted amd64 Packages [117 kB]
#14 2.821 Get:6 http://archive.ubuntu.com/ubuntu noble/main amd64 Packages [1808 kB]
#14 3.007 Get:7 http://security.ubuntu.com/ubuntu noble-security/main amd64 Packages [1237 kB]
#14 3.638 Get:8 http://archive.ubuntu.com/ubuntu noble/multiverse amd64 Packages [331 kB]
#14 3.712 Get:9 http://security.ubuntu.com/ubuntu noble-security/multiverse amd64 Packages [50.0 kB]
#14 3.732 Get:10 http://archive.ubuntu.com/ubuntu noble/universe amd64 Packages [19.3 MB]
#14 3.778 Get:11 http://security.ubuntu.com/ubuntu noble-security/universe amd64 Packages [1530 kB]
#14 4.778 Get:12 http://security.ubuntu.com/ubuntu noble-security/restricted amd64 Packages [1786 kB]
#14 ...

#6 [ac-db-import internal] load build context
#6 transferring context: 77.32MB 43.2s
#6 ...

#7 [ac-worldserver internal] load build context
#7 transferring context: 95.14MB 48.0s
#7 transferring context: 104.57MB 53.0s
#7 ...

#6 [ac-db-import internal] load build context
#6 ...

#7 [ac-worldserver internal] load build context
#7 ...

#14 [ac-client-data-init client-data 1/3] RUN apt-get update &&     apt-get install -y curl unzip adduser &&     rm -rf /var/lib/apt/lists/*
#14 11.85 Get:13 http://archive.ubuntu.com/ubuntu noble-updates/universe amd64 Packages [2151 kB]
#14 12.63 Get:14 http://archive.ubuntu.com/ubuntu noble-updates/restricted amd64 Packages [1903 kB]
#14 13.36 Get:15 http://archive.ubuntu.com/ubuntu noble-updates/main amd64 Packages [1562 kB]
#14 13.87 Get:16 http://archive.ubuntu.com/ubuntu noble-updates/multiverse amd64 Packages [55.8 kB]
#14 13.89 Get:17 http://archive.ubuntu.com/ubuntu noble-backports/multiverse amd64 Packages [671 B]
#14 13.90 Get:18 http://archive.ubuntu.com/ubuntu noble-backports/universe amd64 Packages [35.9 kB]
#14 13.91 Get:19 http://archive.ubuntu.com/ubuntu noble-backports/main amd64 Packages [48.9 kB]
#14 14.71 Fetched 32.6 MB in 13s (2566 kB/s)
#14 14.71 Reading package lists...
#14 18.03 Reading package lists...
#14 21.99 Building dependency tree...
#14 ...

#7 [ac-worldserver internal] load build context
#7 ...

#12 [ac-authserver runtime 1/4] RUN apt-get update     && apt-get install -y --no-install-recommends       libmysqlclient21 libreadline8 libicu74 libncurses5-dev       gettext-base default-mysql-client       adduser     && rm -rf /var/lib/apt/lists/*
#12 12.35 Get:13 http://archive.ubuntu.com/ubuntu noble-updates/restricted amd64 Packages [1903 kB]
#12 13.12 Get:14 http://archive.ubuntu.com/ubuntu noble-updates/universe amd64 Packages [2151 kB]
#12 13.83 Get:15 http://archive.ubuntu.com/ubuntu noble-updates/main amd64 Packages [1562 kB]
#12 14.25 Get:16 http://archive.ubuntu.com/ubuntu noble-updates/multiverse amd64 Packages [55.8 kB]
#12 14.27 Get:17 http://archive.ubuntu.com/ubuntu noble-backports/multiverse amd64 Packages [671 B]
#12 14.27 Get:18 http://archive.ubuntu.com/ubuntu noble-backports/main amd64 Packages [48.9 kB]
#12 14.28 Get:19 http://archive.ubuntu.com/ubuntu noble-backports/universe amd64 Packages [35.9 kB]
#12 15.24 Fetched 32.6 MB in 13s (2458 kB/s)
#12 15.24 Reading package lists...
#12 18.28 Reading package lists...
#12 21.55 Building dependency tree...
#12 22.00 Reading state information...
#12 ...

#7 [ac-worldserver internal] load build context
#7 ...

#13 [ac-authserver build 1/8] RUN apt-get update                                                         && apt-get install -y --no-install-recommends                                 build-essential ccache libtool cmake-data ninja-build cmake clang            git lsb-base curl unzip default-mysql-client openssl                          default-libmysqlclient-dev libboost-all-dev libssl-dev libmysql++-dev         libreadline-dev zlib1g-dev libbz2-dev libncurses5-dev liblzma-dev      && rm -rf /var/lib/apt/lists/*
#13 14.87 Get:13 http://archive.ubuntu.com/ubuntu noble-updates/multiverse amd64 Packages [55.8 kB]
#13 14.88 Get:14 http://archive.ubuntu.com/ubuntu noble-updates/universe amd64 Packages [2151 kB]
#13 15.33 Get:15 http://archive.ubuntu.com/ubuntu noble-updates/main amd64 Packages [1562 kB]
#13 15.61 Get:16 http://archive.ubuntu.com/ubuntu noble-updates/restricted amd64 Packages [1903 kB]
#13 15.85 Get:17 http://archive.ubuntu.com/ubuntu noble-backports/main amd64 Packages [48.9 kB]
#13 15.85 Get:18 http://archive.ubuntu.com/ubuntu noble-backports/universe amd64 Packages [35.9 kB]
#13 15.87 Get:19 http://archive.ubuntu.com/ubuntu noble-backports/multiverse amd64 Packages [671 B]
#13 19.58 Fetched 32.6 MB in 18s (1845 kB/s)
#13 19.58 Reading package lists...
#13 23.14 Reading package lists...
#13 ...

#7 [ac-worldserver internal] load build context
#7 transferring context: 112.70MB 58.1s
#7 transferring context: 119.70MB 63.1s
#7 ...

#6 [ac-db-import internal] load build context
#6 ...

#7 [ac-worldserver internal] load build context
#7 ...

#12 [ac-authserver runtime 1/4] RUN apt-get update     && apt-get install -y --no-install-recommends       libmysqlclient21 libreadline8 libicu74 libncurses5-dev       gettext-base default-mysql-client       adduser     && rm -rf /var/lib/apt/lists/*
#12 22.50 The following additional packages will be installed:
#12 22.50   libbsd0 libc-dev-bin libc6-dev libcrypt-dev libedit2 libncurses6
#12 22.50   libncursesw6 libtinfo6 linux-libc-dev mysql-client-8.0 mysql-client-core-8.0
#12 22.50   mysql-common ncurses-base ncurses-bin readline-common rpcsvc-proto
#12 22.51 Suggested packages:
#12 22.51   liblocale-gettext-perl perl cron quota ecryptfs-utils glibc-doc manpages-dev
#12 22.51   ncurses-doc readline-doc
#12 22.51 Recommended packages:
#12 22.51   manpages manpages-dev libc-devtools libgpm2
#12 22.97 The following NEW packages will be installed:
#12 22.97   adduser default-mysql-client gettext-base libbsd0 libc-dev-bin libc6-dev
#12 22.97   libcrypt-dev libedit2 libicu74 libmysqlclient21 libncurses-dev libncurses6
#12 22.97   libreadline8t64 linux-libc-dev mysql-client-8.0 mysql-client-core-8.0
#12 22.97   mysql-common readline-common rpcsvc-proto
#12 22.98 The following packages will be upgraded:
#12 22.98   libncursesw6 libtinfo6 ncurses-base ncurses-bin
#12 23.25 4 upgraded, 19 newly installed, 0 to remove and 22 not upgraded.
#12 23.25 Need to get 20.2 MB of archives.
#12 23.25 After this operation, 132 MB of additional disk space will be used.
#12 23.25 Get:1 http://archive.ubuntu.com/ubuntu noble-updates/main amd64 ncurses-bin amd64 6.4+20240113-1ubuntu2.2 [188 kB]
#12 23.36 Get:2 http://archive.ubuntu.com/ubuntu noble-updates/main amd64 ncurses-base all 6.4+20240113-1ubuntu2.2 [25.8 kB]
#12 23.37 Get:3 http://archive.ubuntu.com/ubuntu noble-updates/main amd64 libncursesw6 amd64 6.4+20240113-1ubuntu2.2 [148 kB]
#12 23.41 Get:4 http://archive.ubuntu.com/ubuntu noble-updates/main amd64 libtinfo6 amd64 6.4+20240113-1ubuntu2.2 [108 kB]
#12 23.44 Get:5 http://archive.ubuntu.com/ubuntu noble/main amd64 adduser all 3.137ubuntu1 [101 kB]
#12 23.46 Get:6 http://archive.ubuntu.com/ubuntu noble-updates/main amd64 libbsd0 amd64 0.12.1-1build1.1 [41.2 kB]
#12 23.47 Get:7 http://archive.ubuntu.com/ubuntu noble-updates/main amd64 libicu74 amd64 74.2-1ubuntu3.1 [10.9 MB]
#12 26.06 Get:8 http://archive.ubuntu.com/ubuntu noble/main amd64 readline-common all 8.2-4build1 [56.5 kB]
#12 26.07 Get:9 http://archive.ubuntu.com/ubuntu noble/main amd64 libreadline8t64 amd64 8.2-4build1 [153 kB]
#12 26.10 Get:10 http://archive.ubuntu.com/ubuntu noble/main amd64 gettext-base amd64 0.21-14ubuntu2 [38.4 kB]
#12 26.11 Get:11 http://archive.ubuntu.com/ubuntu noble/main amd64 libedit2 amd64 3.1-20230828-1build1 [97.6 kB]
#12 26.12 Get:12 http://archive.ubuntu.com/ubuntu noble-updates/main amd64 libncurses6 amd64 6.4+20240113-1ubuntu2.2 [112 kB]
#12 26.14 Get:13 http://archive.ubuntu.com/ubuntu noble-updates/main amd64 mysql-client-core-8.0 amd64 8.0.46-0ubuntu0.24.04.4 [2740 kB]
#12 26.72 Get:14 http://archive.ubuntu.com/ubuntu noble/main amd64 mysql-common all 5.8+1.1.0build1 [6746 B]
#12 26.73 Get:15 http://archive.ubuntu.com/ubuntu noble-updates/main amd64 mysql-client-8.0 amd64 8.0.46-0ubuntu0.24.04.4 [22.4 kB]
#12 26.73 Get:16 http://archive.ubuntu.com/ubuntu noble/universe amd64 default-mysql-client all 1.1.0build1 [2908 B]
#12 26.73 Get:17 http://archive.ubuntu.com/ubuntu noble-updates/main amd64 libc-dev-bin amd64 2.39-0ubuntu8.8 [20.4 kB]
#12 26.73 Get:18 http://archive.ubuntu.com/ubuntu noble-updates/main amd64 linux-libc-dev amd64 6.8.0-139.139 [1527 kB]
#12 27.06 Get:19 http://archive.ubuntu.com/ubuntu noble/main amd64 libcrypt-dev amd64 1:4.4.36-4build1 [112 kB]
#12 27.08 Get:20 http://archive.ubuntu.com/ubuntu noble/main amd64 rpcsvc-proto amd64 1.4.2-0ubuntu7 [67.4 kB]
#12 27.10 Get:21 http://archive.ubuntu.com/ubuntu noble-updates/main amd64 libc6-dev amd64 2.39-0ubuntu8.8 [2125 kB]
#12 27.56 Get:22 http://archive.ubuntu.com/ubuntu noble-updates/main amd64 libmysqlclient21 amd64 8.0.46-0ubuntu0.24.04.4 [1255 kB]
#12 27.76 Get:23 http://archive.ubuntu.com/ubuntu noble-updates/main amd64 libncurses-dev amd64 6.4+20240113-1ubuntu2.2 [384 kB]
#12 28.78 debconf: delaying package configuration, since apt-utils is not installed
#12 28.99 Fetched 20.2 MB in 5s (4193 kB/s)
#12 29.21 (Reading database ... 
(Reading database ... 5%
(Reading database ... 10%
(Reading database ... 15%
(Reading database ... 20%
(Reading database ... 25%
(Reading database ... 30%
(Reading database ... 35%
(Reading database ... 40%
(Reading database ... 45%
(Reading database ... 50%
(Reading database ... 55%
(Reading database ... 60%
(Reading database ... 65%
(Reading database ... 70%
(Reading database ... 75%
(Reading database ... 80%
(Reading database ... 85%
(Reading database ... 90%
(Reading database ... 95%
(Reading database ... 100%
(Reading database ... 5366 files and directories currently installed.)
#12 29.24 Preparing to unpack .../ncurses-bin_6.4+20240113-1ubuntu2.2_amd64.deb ...
#12 29.54 Unpacking ncurses-bin (6.4+20240113-1ubuntu2.2) over (6.4+20240113-1ubuntu2.1) ...
#12 30.66 Setting up ncurses-bin (6.4+20240113-1ubuntu2.2) ...
#12 31.06 (Reading database ... 
(Reading database ... 5%
(Reading database ... 10%
(Reading database ... 15%
(Reading database ... 20%
(Reading database ... 25%
(Reading database ... 30%
(Reading database ... 35%
(Reading database ... 40%
(Reading database ... 45%
(Reading database ... 50%
(Reading database ... 55%
(Reading database ... 60%
(Reading database ... 65%
(Reading database ... 70%
(Reading database ... 75%
(Reading database ... 80%
(Reading database ... 85%
(Reading database ... 90%
(Reading database ... 95%
(Reading database ... 100%
(Reading database ... 5366 files and directories currently installed.)
#12 31.09 Preparing to unpack .../ncurses-base_6.4+20240113-1ubuntu2.2_all.deb ...
#12 31.24 Unpacking ncurses-base (6.4+20240113-1ubuntu2.2) over (6.4+20240113-1ubuntu2.1) ...
#12 ...

#6 [ac-db-import internal] load build context
#6 ...

#14 [ac-client-data-init client-data 1/3] RUN apt-get update &&     apt-get install -y curl unzip adduser &&     rm -rf /var/lib/apt/lists/*
#14 21.99 Building dependency tree...
#14 22.82 Reading state information...
#14 23.69 The following additional packages will be installed:
#14 23.69   krb5-locales libbrotli1 libcurl4t64 libgssapi-krb5-2 libk5crypto3
#14 23.69   libkeyutils1 libkrb5-3 libkrb5support0 libldap-common libldap2 libnghttp2-14
#14 23.69   libpsl5t64 librtmp1 libsasl2-2 libsasl2-modules libsasl2-modules-db libssh-4
#14 23.69   publicsuffix
#14 23.69 Suggested packages:
#14 23.69   liblocale-gettext-perl perl cron quota ecryptfs-utils krb5-doc krb5-user
#14 23.69   libsasl2-modules-gssapi-mit | libsasl2-modules-gssapi-heimdal
#14 23.69   libsasl2-modules-ldap libsasl2-modules-otp libsasl2-modules-sql zip
#14 23.88 The following NEW packages will be installed:
#14 23.88   adduser curl krb5-locales libbrotli1 libcurl4t64 libgssapi-krb5-2
#14 23.88   libk5crypto3 libkeyutils1 libkrb5-3 libkrb5support0 libldap-common libldap2
#14 23.89   libnghttp2-14 libpsl5t64 librtmp1 libsasl2-2 libsasl2-modules
#14 23.89   libsasl2-modules-db libssh-4 publicsuffix unzip
#14 24.05 0 upgraded, 21 newly installed, 0 to remove and 26 not upgraded.
#14 24.05 Need to get 2689 kB of archives.
#14 24.05 After this operation, 7745 kB of additional disk space will be used.
#14 24.05 Get:1 http://archive.ubuntu.com/ubuntu noble/main amd64 adduser all 3.137ubuntu1 [101 kB]
#14 24.19 Get:2 http://archive.ubuntu.com/ubuntu noble-updates/main amd64 krb5-locales all 1.20.1-6ubuntu2.8 [15.1 kB]
#14 24.20 Get:3 http://archive.ubuntu.com/ubuntu noble-updates/main amd64 libkrb5support0 amd64 1.20.1-6ubuntu2.8 [34.7 kB]
#14 24.22 Get:4 http://archive.ubuntu.com/ubuntu noble-updates/main amd64 libk5crypto3 amd64 1.20.1-6ubuntu2.8 [81.9 kB]
#14 24.25 Get:5 http://archive.ubuntu.com/ubuntu noble/main amd64 libkeyutils1 amd64 1.6.3-3build1 [9490 B]
#14 24.26 Get:6 http://archive.ubuntu.com/ubuntu noble-updates/main amd64 libkrb5-3 amd64 1.20.1-6ubuntu2.8 [348 kB]
#14 24.40 Get:7 http://archive.ubuntu.com/ubuntu noble-updates/main amd64 libgssapi-krb5-2 amd64 1.20.1-6ubuntu2.8 [143 kB]
#14 24.43 Get:8 http://archive.ubuntu.com/ubuntu noble-updates/main amd64 libnghttp2-14 amd64 1.59.0-1ubuntu0.4 [74.6 kB]
#14 24.46 Get:9 http://archive.ubuntu.com/ubuntu noble/main amd64 libpsl5t64 amd64 0.21.2-1.1build1 [57.1 kB]
#14 24.48 Get:10 http://archive.ubuntu.com/ubuntu noble/main amd64 publicsuffix all 20231001.0357-0.1 [129 kB]
#14 24.51 Get:11 http://archive.ubuntu.com/ubuntu noble/main amd64 libbrotli1 amd64 1.1.0-2build2 [331 kB]
#14 24.59 Get:12 http://archive.ubuntu.com/ubuntu noble-updates/main amd64 libsasl2-modules-db amd64 2.1.28+dfsg1-5ubuntu3.1 [20.4 kB]
#14 24.61 Get:13 http://archive.ubuntu.com/ubuntu noble-updates/main amd64 libsasl2-2 amd64 2.1.28+dfsg1-5ubuntu3.1 [53.2 kB]
#14 24.61 Get:14 http://archive.ubuntu.com/ubuntu noble-updates/main amd64 libldap2 amd64 2.6.10+dfsg-0ubuntu0.24.04.1 [198 kB]
#14 24.65 Get:15 http://archive.ubuntu.com/ubuntu noble/main amd64 librtmp1 amd64 2.4+20151223.gitfa8646d.1-2build7 [56.3 kB]
#14 24.69 Get:16 http://archive.ubuntu.com/ubuntu noble-updates/main amd64 libssh-4 amd64 0.10.6-2ubuntu0.5 [191 kB]
#14 24.77 Get:17 http://archive.ubuntu.com/ubuntu noble-updates/main amd64 libcurl4t64 amd64 8.5.0-2ubuntu10.13 [343 kB]
#14 24.89 Get:18 http://archive.ubuntu.com/ubuntu noble-updates/main amd64 curl amd64 8.5.0-2ubuntu10.13 [226 kB]
#14 24.98 Get:19 http://archive.ubuntu.com/ubuntu noble-updates/main amd64 libldap-common all 2.6.10+dfsg-0ubuntu0.24.04.1 [32.9 kB]
#14 24.98 Get:20 http://archive.ubuntu.com/ubuntu noble-updates/main amd64 libsasl2-modules amd64 2.1.28+dfsg1-5ubuntu3.1 [69.9 kB]
#14 25.01 Get:21 http://archive.ubuntu.com/ubuntu noble-updates/main amd64 unzip amd64 6.0-28ubuntu4.1 [174 kB]
#14 26.12 debconf: delaying package configuration, since apt-utils is not installed
#14 26.35 Fetched 2689 kB in 1s (2351 kB/s)
#14 26.98 Selecting previously unselected package adduser.
#14 26.98 (Reading database ... 
(Reading database ... 5%
(Reading database ... 10%
(Reading database ... 15%
(Reading database ... 20%
(Reading database ... 25%
(Reading database ... 30%
(Reading database ... 35%
(Reading database ... 40%
(Reading database ... 45%
(Reading database ... 50%
(Reading database ... 55%
(Reading database ... 60%
(Reading database ... 65%
(Reading database ... 70%
(Reading database ... 75%
(Reading database ... 80%
(Reading database ... 85%
(Reading database ... 90%
(Reading database ... 95%
(Reading database ... 100%
(Reading database ... 5366 files and directories currently installed.)
#14 27.04 Preparing to unpack .../adduser_3.137ubuntu1_all.deb ...
#14 27.10 Unpacking adduser (3.137ubuntu1) ...
#14 27.53 Setting up adduser (3.137ubuntu1) ...
#14 27.91 Selecting previously unselected package krb5-locales.
#14 27.91 (Reading database ... 
(Reading database ... 5%
(Reading database ... 10%
(Reading database ... 15%
(Reading database ... 20%
(Reading database ... 25%
(Reading database ... 30%
(Reading database ... 35%
(Reading database ... 40%
(Reading database ... 45%
(Reading database ... 50%
(Reading database ... 55%
(Reading database ... 60%
(Reading database ... 65%
(Reading database ... 70%
(Reading database ... 75%
(Reading database ... 80%
(Reading database ... 85%
(Reading database ... 90%
(Reading database ... 95%
(Reading database ... 100%
(Reading database ... 5414 files and directories currently installed.)
#14 27.94 Preparing to unpack .../00-krb5-locales_1.20.1-6ubuntu2.8_all.deb ...
#14 27.98 Unpacking krb5-locales (1.20.1-6ubuntu2.8) ...
#14 28.87 Selecting previously unselected package libkrb5support0:amd64.
#14 28.87 Preparing to unpack .../01-libkrb5support0_1.20.1-6ubuntu2.8_amd64.deb ...
#14 29.01 Unpacking libkrb5support0:amd64 (1.20.1-6ubuntu2.8) ...
#14 29.73 Selecting previously unselected package libk5crypto3:amd64.
#14 29.73 Preparing to unpack .../02-libk5crypto3_1.20.1-6ubuntu2.8_amd64.deb ...
#14 29.82 Unpacking libk5crypto3:amd64 (1.20.1-6ubuntu2.8) ...
#14 30.53 Selecting previously unselected package libkeyutils1:amd64.
#14 30.54 Preparing to unpack .../03-libkeyutils1_1.6.3-3build1_amd64.deb ...
#14 30.59 Unpacking libkeyutils1:amd64 (1.6.3-3build1) ...
#14 30.96 Selecting previously unselected package libkrb5-3:amd64.
#14 30.96 Preparing to unpack .../04-libkrb5-3_1.20.1-6ubuntu2.8_amd64.deb ...
#14 31.03 Unpacking libkrb5-3:amd64 (1.20.1-6ubuntu2.8) ...
#14 31.45 Selecting previously unselected package libgssapi-krb5-2:amd64.
#14 31.45 Preparing to unpack .../05-libgssapi-krb5-2_1.20.1-6ubuntu2.8_amd64.deb ...
#14 31.50 Unpacking libgssapi-krb5-2:amd64 (1.20.1-6ubuntu2.8) ...
#14 31.87 Selecting previously unselected package libnghttp2-14:amd64.
#14 31.87 Preparing to unpack .../06-libnghttp2-14_1.59.0-1ubuntu0.4_amd64.deb ...
#14 31.94 Unpacking libnghttp2-14:amd64 (1.59.0-1ubuntu0.4) ...
#14 32.30 Selecting previously unselected package libpsl5t64:amd64.
#14 32.30 Preparing to unpack .../07-libpsl5t64_0.21.2-1.1build1_amd64.deb ...
#14 32.33 Unpacking libpsl5t64:amd64 (0.21.2-1.1build1) ...
#14 32.64 Selecting previously unselected package publicsuffix.
#14 32.64 Preparing to unpack .../08-publicsuffix_20231001.0357-0.1_all.deb ...
#14 32.70 Unpacking publicsuffix (20231001.0357-0.1) ...
#14 ...

#6 [ac-db-import internal] load build context
#6 ...

#13 [ac-authserver build 1/8] RUN apt-get update                                                         && apt-get install -y --no-install-recommends                                 build-essential ccache libtool cmake-data ninja-build cmake clang            git lsb-base curl unzip default-mysql-client openssl                          default-libmysqlclient-dev libboost-all-dev libssl-dev libmysql++-dev         libreadline-dev zlib1g-dev libbz2-dev libncurses5-dev liblzma-dev      && rm -rf /var/lib/apt/lists/*
#13 23.14 Reading package lists...
#13 26.01 Building dependency tree...
#13 26.58 Reading state information...
#13 27.29 openssl is already the newest version (3.0.13-0ubuntu3.15).
#13 27.29 openssl set to manually installed.
#13 27.29 The following additional packages will be installed:
#13 27.29   adduser autoconf automake autotools-dev binutils binutils-common
#13 27.29   binutils-x86-64-linux-gnu bzip2 clang-18 cpp cpp-13 cpp-13-x86-64-linux-gnu
#13 27.29   cpp-x86-64-linux-gnu dpkg-dev file g++ g++-13 g++-13-x86-64-linux-gnu
#13 27.29   g++-x86-64-linux-gnu gcc gcc-13 gcc-13-base gcc-13-x86-64-linux-gnu
#13 27.29   gcc-x86-64-linux-gnu gfortran-13 gfortran-13-x86-64-linux-gnu git-man
#13 27.29   ibverbs-providers icu-devtools libamd-comgr2 libamdhip64-5 libarchive13t64
#13 27.29   libasan8 libatomic1 libbinutils libboost-atomic-dev libboost-atomic1.83-dev
#13 27.29   libboost-atomic1.83.0 libboost-chrono-dev libboost-chrono1.83-dev
#13 27.29   libboost-chrono1.83.0t64 libboost-container-dev libboost-container1.83-dev
#13 27.29   libboost-container1.83.0 libboost-context-dev libboost-context1.83-dev
#13 27.29   libboost-context1.83.0 libboost-coroutine-dev libboost-coroutine1.83-dev
#13 27.29   libboost-coroutine1.83.0 libboost-date-time-dev libboost-date-time1.83-dev
#13 27.29   libboost-date-time1.83.0 libboost-dev libboost-exception-dev
#13 27.29   libboost-exception1.83-dev libboost-fiber-dev libboost-fiber1.83-dev
#13 27.29   libboost-fiber1.83.0 libboost-filesystem-dev libboost-filesystem1.83-dev
#13 27.29   libboost-filesystem1.83.0 libboost-graph-dev libboost-graph-parallel-dev
#13 27.29   libboost-graph-parallel1.83-dev libboost-graph-parallel1.83.0
#13 27.29   libboost-graph1.83-dev libboost-graph1.83.0 libboost-iostreams-dev
#13 27.29   libboost-iostreams1.83-dev libboost-iostreams1.83.0 libboost-json-dev
#13 27.29   libboost-json1.83-dev libboost-json1.83.0 libboost-locale-dev
#13 27.29   libboost-locale1.83-dev libboost-locale1.83.0 libboost-log-dev
#13 27.29   libboost-log1.83-dev libboost-log1.83.0 libboost-math-dev
#13 27.29   libboost-math1.83-dev libboost-math1.83.0 libboost-mpi-dev
#13 27.29   libboost-mpi-python-dev libboost-mpi-python1.83-dev
#13 27.29   libboost-mpi-python1.83.0 libboost-mpi1.83-dev libboost-mpi1.83.0
#13 27.29   libboost-nowide-dev libboost-nowide1.83-dev libboost-nowide1.83.0
#13 27.29   libboost-numpy-dev libboost-numpy1.83-dev libboost-numpy1.83.0
#13 27.29   libboost-program-options-dev libboost-program-options1.83-dev
#13 27.29   libboost-program-options1.83.0 libboost-python-dev libboost-python1.83-dev
#13 27.29   libboost-python1.83.0 libboost-random-dev libboost-random1.83-dev
#13 27.29   libboost-random1.83.0 libboost-regex-dev libboost-regex1.83-dev
#13 27.29   libboost-regex1.83.0 libboost-serialization-dev
#13 27.29   libboost-serialization1.83-dev libboost-serialization1.83.0
#13 27.29   libboost-stacktrace-dev libboost-stacktrace1.83-dev
#13 27.29   libboost-stacktrace1.83.0 libboost-system-dev libboost-system1.83-dev
#13 27.29   libboost-system1.83.0 libboost-test-dev libboost-test1.83-dev
#13 27.29   libboost-test1.83.0 libboost-thread-dev libboost-thread1.83-dev
#13 27.29   libboost-thread1.83.0 libboost-timer-dev libboost-timer1.83-dev
#13 27.29   libboost-timer1.83.0 libboost-tools-dev libboost-type-erasure-dev
#13 27.29   libboost-type-erasure1.83-dev libboost-type-erasure1.83.0 libboost-url-dev
#13 27.29   libboost-url1.83-dev libboost-url1.83.0 libboost-wave-dev
#13 27.29   libboost-wave1.83-dev libboost-wave1.83.0 libboost1.83-dev
#13 27.29   libboost1.83-tools-dev libbrotli1 libbsd0 libbz2-1.0 libc-dev-bin libc6-dev
#13 27.29   libcbor0.10 libcc1-0 libclang-common-18-dev libclang-cpp18 libclang1-18
#13 27.29   libcrypt-dev libctf-nobfd0 libctf0 libcurl3t64-gnutls libcurl4t64
#13 27.29   libdpkg-perl libdrm-amdgpu1 libdrm-common libdrm2 libedit2 libelf1t64
#13 27.29   liberror-perl libevent-2.1-7t64 libevent-core-2.1-7t64 libevent-dev
#13 27.29   libevent-extra-2.1-7t64 libevent-openssl-2.1-7t64 libevent-pthreads-2.1-7t64
#13 27.29   libexpat1 libexpat1-dev libfabric1 libfido2-1 libgc1 libgcc-13-dev
#13 27.29   libgdbm-compat4t64 libgdbm6t64 libgfortran-13-dev libgfortran5 libgomp1
#13 27.29   libgprofng0 libgssapi-krb5-2 libhiredis1.1.0 libhsa-runtime64-1 libhsakmt1
#13 27.29   libhwasan0 libhwloc-dev libhwloc-plugins libhwloc15 libibverbs-dev
#13 27.29   libibverbs1 libicu-dev libicu74 libisl23 libitm1 libjansson4 libjs-jquery
#13 27.29   libjs-jquery-ui libjs-sphinxdoc libjs-underscore libjsoncpp25 libk5crypto3
#13 27.29   libkeyutils1 libkrb5-3 libkrb5support0 libldap2 libllvm17t64 libllvm18
#13 27.29   liblsan0 libltdl-dev libltdl7 libmagic-mgc libmagic1t64 libmpc3 libmpfr6
#13 27.29   libmunge2 libmysql++3t64 libmysqlclient-dev libmysqlclient21 libncurses6
#13 27.29   libncursesw6 libnghttp2-14 libnl-3-200 libnl-3-dev libnl-route-3-200
#13 27.29   libnl-route-3-dev libnuma-dev libnuma1 libobjc-13-dev libobjc4
#13 27.29   libopenmpi-dev libopenmpi3t64 libpciaccess0 libperl5.38t64 libpmix-dev
#13 27.29   libpmix2t64 libpsl5t64 libpsm-infinipath1 libpsm2-2 libpython3-dev
#13 27.29   libpython3-stdlib libpython3.12-dev libpython3.12-minimal
#13 27.29   libpython3.12-stdlib libpython3.12t64 libquadmath0 librdmacm1t64
#13 27.29   libreadline8t64 librhash0 librtmp1 libsasl2-2 libsasl2-modules-db libsframe1
#13 27.29   libsqlite3-0 libssh-4 libstdc++-13-dev libtinfo6 libtsan2 libubsan1 libucx0
#13 27.29   libuv1t64 libx11-6 libx11-data libxau6 libxcb1 libxdmcp6 libxext6 libxml2
#13 27.29   libxnvctrl0 libzstd-dev linux-libc-dev llvm-18-linker-tools
#13 27.29   lto-disabled-list m4 make media-types mpi-default-bin mpi-default-dev
#13 27.29   mysql-client-8.0 mysql-client-core-8.0 mysql-common ncurses-base ncurses-bin
#13 27.30   netbase ocl-icd-libopencl1 openmpi-bin openmpi-common openssh-client patch
#13 27.30   perl perl-base perl-modules-5.38 python3 python3-dev python3-minimal
#13 27.30   python3.12 python3.12-dev python3.12-minimal readline-common rpcsvc-proto
#13 27.30   xz-utils zlib1g
#13 27.30 Suggested packages:
#13 27.30   liblocale-gettext-perl cron quota ecryptfs-utils autoconf-archive
#13 27.30   gnu-standards autoconf-doc gettext binutils-doc gprofng-gui bzip2-doc distcc
#13 27.30   | icecc clang-18-doc wasi-libc cmake-doc cmake-format elpa-cmake-mode
#13 27.30   cpp-doc gcc-13-locales cpp-13-doc debian-keyring g++-multilib
#13 27.30   g++-13-multilib gcc-13-doc gcc-multilib manpages-dev flex bison gdb gcc-doc
#13 27.30   gcc-13-multilib gdb-x86-64-linux-gnu gfortran-13-multilib gfortran-13-doc
#13 27.30   libcoarrays-dev gettext-base git-daemon-run | git-daemon-sysvinit git-doc
#13 27.30   git-email git-gui gitk gitweb git-cvs git-mediawiki git-svn lrzip
#13 27.30   libboost-doc graphviz libboost1.83-doc gccxml libboost-contract1.83-dev
#13 27.30   libmpfrc++-dev libntl-dev xsltproc doxygen docbook-xml docbook-xsl
#13 27.30   default-jdk fop glibc-doc gnupg | sq | sqop | pgpainless-cli
#13 27.30   | sequoia-chameleon-gnupg bzr gdbm-l10n krb5-doc krb5-user
#13 27.30   libhwloc-contrib-plugins icu-doc libjs-jquery-ui-docs libtool-doc
#13 27.30   liblzma-doc libmysql++-doc ncurses-doc openmpi-doc pciutils readline-doc
#13 27.30   libssl-doc libstdc++-13-doc gcj-jdk m4-doc make-doc opencl-icd gfortran
#13 27.30   | fortran-compiler keychain libpam-ssh monkeysphere ssh-askpass ed
#13 27.30   diffutils-doc perl-doc libterm-readline-gnu-perl
#13 27.30   | libterm-readline-perl-perl libtap-harness-archive-perl python3-doc
#13 27.30   python3-tk python3-venv python3.12-venv python3.12-doc binfmt-support zip
#13 27.30 Recommended packages:
#13 27.30   llvm-18-dev fakeroot gnupg | sq | sqop | pgpainless-cli
#13 27.30   | sequoia-chameleon-gnupg libalgorithm-merge-perl less bzip2-doc manpages
#13 27.30   manpages-dev libc-devtools libclang-rt-18-dev libfile-fcntllock-perl
#13 27.30   liblocale-gettext-perl javascript-common krb5-locales libldap-common libgpm2
#13 27.30   libcoarrays-openmpi-dev publicsuffix libsasl2-modules xauth
#13 28.98 The following NEW packages will be installed:
#13 28.98   adduser autoconf automake autotools-dev binutils binutils-common
#13 28.98   binutils-x86-64-linux-gnu build-essential bzip2 ccache clang clang-18 cmake
#13 28.98   cmake-data cpp cpp-13 cpp-13-x86-64-linux-gnu cpp-x86-64-linux-gnu curl
#13 28.98   default-libmysqlclient-dev default-mysql-client dpkg-dev file g++ g++-13
#13 28.98   g++-13-x86-64-linux-gnu g++-x86-64-linux-gnu gcc gcc-13 gcc-13-base
#13 28.98   gcc-13-x86-64-linux-gnu gcc-x86-64-linux-gnu gfortran-13
#13 28.98   gfortran-13-x86-64-linux-gnu git git-man ibverbs-providers icu-devtools
#13 28.98   libamd-comgr2 libamdhip64-5 libarchive13t64 libasan8 libatomic1 libbinutils
#13 28.98   libboost-all-dev libboost-atomic-dev libboost-atomic1.83-dev
#13 28.98   libboost-atomic1.83.0 libboost-chrono-dev libboost-chrono1.83-dev
#13 28.98   libboost-chrono1.83.0t64 libboost-container-dev libboost-container1.83-dev
#13 28.98   libboost-container1.83.0 libboost-context-dev libboost-context1.83-dev
#13 28.98   libboost-context1.83.0 libboost-coroutine-dev libboost-coroutine1.83-dev
#13 28.98   libboost-coroutine1.83.0 libboost-date-time-dev libboost-date-time1.83-dev
#13 28.98   libboost-date-time1.83.0 libboost-dev libboost-exception-dev
#13 28.98   libboost-exception1.83-dev libboost-fiber-dev libboost-fiber1.83-dev
#13 28.98   libboost-fiber1.83.0 libboost-filesystem-dev libboost-filesystem1.83-dev
#13 28.98   libboost-filesystem1.83.0 libboost-graph-dev libboost-graph-parallel-dev
#13 28.98   libboost-graph-parallel1.83-dev libboost-graph-parallel1.83.0
#13 28.98   libboost-graph1.83-dev libboost-graph1.83.0 libboost-iostreams-dev
#13 28.98   libboost-iostreams1.83-dev libboost-iostreams1.83.0 libboost-json-dev
#13 28.98   libboost-json1.83-dev libboost-json1.83.0 libboost-locale-dev
#13 28.98   libboost-locale1.83-dev libboost-locale1.83.0 libboost-log-dev
#13 28.98   libboost-log1.83-dev libboost-log1.83.0 libboost-math-dev
#13 28.98   libboost-math1.83-dev libboost-math1.83.0 libboost-mpi-dev
#13 28.98   libboost-mpi-python-dev libboost-mpi-python1.83-dev
#13 28.98   libboost-mpi-python1.83.0 libboost-mpi1.83-dev libboost-mpi1.83.0
#13 28.98   libboost-nowide-dev libboost-nowide1.83-dev libboost-nowide1.83.0
#13 28.98   libboost-numpy-dev libboost-numpy1.83-dev libboost-numpy1.83.0
#13 28.98   libboost-program-options-dev libboost-program-options1.83-dev
#13 28.98   libboost-program-options1.83.0 libboost-python-dev libboost-python1.83-dev
#13 28.98   libboost-python1.83.0 libboost-random-dev libboost-random1.83-dev
#13 28.98   libboost-random1.83.0 libboost-regex-dev libboost-regex1.83-dev
#13 28.98   libboost-regex1.83.0 libboost-serialization-dev
#13 28.98   libboost-serialization1.83-dev libboost-serialization1.83.0
#13 28.98   libboost-stacktrace-dev libboost-stacktrace1.83-dev
#13 28.98   libboost-stacktrace1.83.0 libboost-system-dev libboost-system1.83-dev
#13 28.98   libboost-system1.83.0 libboost-test-dev libboost-test1.83-dev
#13 28.98   libboost-test1.83.0 libboost-thread-dev libboost-thread1.83-dev
#13 28.98   libboost-thread1.83.0 libboost-timer-dev libboost-timer1.83-dev
#13 28.98   libboost-timer1.83.0 libboost-tools-dev libboost-type-erasure-dev
#13 28.98   libboost-type-erasure1.83-dev libboost-type-erasure1.83.0 libboost-url-dev
#13 28.98   libboost-url1.83-dev libboost-url1.83.0 libboost-wave-dev
#13 28.98   libboost-wave1.83-dev libboost-wave1.83.0 libboost1.83-dev
#13 28.98   libboost1.83-tools-dev libbrotli1 libbsd0 libbz2-dev libc-dev-bin libc6-dev
#13 28.98   libcbor0.10 libcc1-0 libclang-common-18-dev libclang-cpp18 libclang1-18
#13 28.98   libcrypt-dev libctf-nobfd0 libctf0 libcurl3t64-gnutls libcurl4t64
#13 28.98   libdpkg-perl libdrm-amdgpu1 libdrm-common libdrm2 libedit2 libelf1t64
#13 28.98   liberror-perl libevent-2.1-7t64 libevent-core-2.1-7t64 libevent-dev
#13 28.98   libevent-extra-2.1-7t64 libevent-openssl-2.1-7t64 libevent-pthreads-2.1-7t64
#13 28.98   libexpat1 libexpat1-dev libfabric1 libfido2-1 libgc1 libgcc-13-dev
#13 28.98   libgdbm-compat4t64 libgdbm6t64 libgfortran-13-dev libgfortran5 libgomp1
#13 28.98   libgprofng0 libgssapi-krb5-2 libhiredis1.1.0 libhsa-runtime64-1 libhsakmt1
#13 28.98   libhwasan0 libhwloc-dev libhwloc-plugins libhwloc15 libibverbs-dev
#13 28.98   libibverbs1 libicu-dev libicu74 libisl23 libitm1 libjansson4 libjs-jquery
#13 28.98   libjs-jquery-ui libjs-sphinxdoc libjs-underscore libjsoncpp25 libk5crypto3
#13 28.98   libkeyutils1 libkrb5-3 libkrb5support0 libldap2 libllvm17t64 libllvm18
#13 28.98   liblsan0 libltdl-dev libltdl7 liblzma-dev libmagic-mgc libmagic1t64 libmpc3
#13 28.98   libmpfr6 libmunge2 libmysql++-dev libmysql++3t64 libmysqlclient-dev
#13 28.98   libmysqlclient21 libncurses-dev libncurses6 libnghttp2-14 libnl-3-200
#13 28.98   libnl-3-dev libnl-route-3-200 libnl-route-3-dev libnuma-dev libnuma1
#13 28.98   libobjc-13-dev libobjc4 libopenmpi-dev libopenmpi3t64 libpciaccess0
#13 28.98   libperl5.38t64 libpmix-dev libpmix2t64 libpsl5t64 libpsm-infinipath1
#13 28.98   libpsm2-2 libpython3-dev libpython3-stdlib libpython3.12-dev
#13 28.98   libpython3.12-minimal libpython3.12-stdlib libpython3.12t64 libquadmath0
#13 28.98   librdmacm1t64 libreadline-dev libreadline8t64 librhash0 librtmp1 libsasl2-2
#13 28.98   libsasl2-modules-db libsframe1 libsqlite3-0 libssh-4 libssl-dev
#13 28.98   libstdc++-13-dev libtool libtsan2 libubsan1 libucx0 libuv1t64 libx11-6
#13 28.98   libx11-data libxau6 libxcb1 libxdmcp6 libxext6 libxml2 libxnvctrl0
#13 28.98   libzstd-dev linux-libc-dev llvm-18-linker-tools lsb-base lto-disabled-list
#13 28.98   m4 make media-types mpi-default-bin mpi-default-dev mysql-client-8.0
#13 28.98   mysql-client-core-8.0 mysql-common netbase ninja-build ocl-icd-libopencl1
#13 28.98   openmpi-bin openmpi-common openssh-client patch perl perl-modules-5.38
#13 28.98   python3 python3-dev python3-minimal python3.12 python3.12-dev
#13 28.98   python3.12-minimal readline-common rpcsvc-proto unzip xz-utils zlib1g-dev
#13 28.99 The following packages will be upgraded:
#13 28.99   libbz2-1.0 libncursesw6 libtinfo6 ncurses-base ncurses-bin perl-base zlib1g
#13 29.24 7 upgraded, 312 newly installed, 0 to remove and 19 not upgraded.
#13 29.24 Need to get 321 MB of archives.
#13 29.24 After this operation, 1573 MB of additional disk space will be used.
#13 29.24 Get:1 http://archive.ubuntu.com/ubuntu noble-updates/main amd64 ncurses-bin amd64 6.4+20240113-1ubuntu2.2 [188 kB]
#13 29.35 Get:2 http://archive.ubuntu.com/ubuntu noble-updates/main amd64 perl-base amd64 5.38.2-3.2ubuntu0.4 [1826 kB]
#13 29.75 Get:3 http://archive.ubuntu.com/ubuntu noble-updates/main amd64 ncurses-base all 6.4+20240113-1ubuntu2.2 [25.8 kB]
#13 29.76 Get:4 http://archive.ubuntu.com/ubuntu noble-updates/main amd64 libpython3.12-minimal amd64 3.12.3-1ubuntu0.16 [838 kB]
#13 29.88 Get:5 http://archive.ubuntu.com/ubuntu noble-updates/main amd64 libexpat1 amd64 2.6.1-2ubuntu0.4 [88.2 kB]
#13 29.90 Get:6 http://archive.ubuntu.com/ubuntu noble-updates/main amd64 zlib1g amd64 1:1.3.dfsg-3.1ubuntu2.2 [63.0 kB]
#13 29.90 Get:7 http://archive.ubuntu.com/ubuntu noble-updates/main amd64 python3.12-minimal amd64 3.12.3-1ubuntu0.16 [2335 kB]
#13 30.28 Get:8 http://archive.ubuntu.com/ubuntu noble-updates/main amd64 python3-minimal amd64 3.12.3-0ubuntu2.1 [27.4 kB]
#13 30.28 Get:9 http://archive.ubuntu.com/ubuntu noble/main amd64 media-types all 10.1.0 [27.5 kB]
#13 30.28 Get:10 http://archive.ubuntu.com/ubuntu noble/main amd64 netbase all 6.4 [13.1 kB]
#13 30.28 Get:11 http://archive.ubuntu.com/ubuntu noble-updates/main amd64 libbz2-1.0 amd64 1.0.8-5.1ubuntu0.1 [34.6 kB]
#13 30.29 Get:12 http://archive.ubuntu.com/ubuntu noble-updates/main amd64 libncursesw6 amd64 6.4+20240113-1ubuntu2.2 [148 kB]
#13 30.31 Get:13 http://archive.ubuntu.com/ubuntu noble-updates/main amd64 libtinfo6 amd64 6.4+20240113-1ubuntu2.2 [108 kB]
#13 30.33 Get:14 http://archive.ubuntu.com/ubuntu noble/main amd64 readline-common all 8.2-4build1 [56.5 kB]
#13 30.33 Get:15 http://archive.ubuntu.com/ubuntu noble/main amd64 libreadline8t64 amd64 8.2-4build1 [153 kB]
#13 30.35 Get:16 http://archive.ubuntu.com/ubuntu noble-updates/main amd64 libsqlite3-0 amd64 3.45.1-1ubuntu2.7 [701 kB]
#13 30.51 Get:17 http://archive.ubuntu.com/ubuntu noble-updates/main amd64 libpython3.12-stdlib amd64 3.12.3-1ubuntu0.16 [2070 kB]
#13 30.88 Get:18 http://archive.ubuntu.com/ubuntu noble-updates/main amd64 python3.12 amd64 3.12.3-1ubuntu0.16 [651 kB]
#13 31.09 Get:19 http://archive.ubuntu.com/ubuntu noble-updates/main amd64 libpython3-stdlib amd64 3.12.3-0ubuntu2.1 [10.1 kB]
#13 31.09 Get:20 http://archive.ubuntu.com/ubuntu noble-updates/main amd64 python3 amd64 3.12.3-0ubuntu2.1 [23.0 kB]
#13 31.09 Get:21 http://archive.ubuntu.com/ubuntu noble-updates/main amd64 perl-modules-5.38 all 5.38.2-3.2ubuntu0.4 [3110 kB]
#13 31.73 Get:22 http://archive.ubuntu.com/ubuntu noble/main amd64 libgdbm6t64 amd64 1.23-5.1build1 [34.4 kB]
#13 31.73 Get:23 http://archive.ubuntu.com/ubuntu noble/main amd64 libgdbm-compat4t64 amd64 1.23-5.1build1 [6710 B]
#13 31.73 Get:24 http://archive.ubuntu.com/ubuntu noble-updates/main amd64 libperl5.38t64 amd64 5.38.2-3.2ubuntu0.4 [4870 kB]
#13 32.63 Get:25 http://archive.ubuntu.com/ubuntu noble-updates/main amd64 perl amd64 5.38.2-3.2ubuntu0.4 [231 kB]
#13 32.66 Get:26 http://archive.ubuntu.com/ubuntu noble/main amd64 adduser all 3.137ubuntu1 [101 kB]
#13 32.68 Get:27 http://archive.ubuntu.com/ubuntu noble-updates/main amd64 libbsd0 amd64 0.12.1-1build1.1 [41.2 kB]
#13 32.71 Get:28 http://archive.ubuntu.com/ubuntu noble-updates/main amd64 libelf1t64 amd64 0.190-1.1ubuntu0.1 [57.8 kB]
#13 32.72 Get:29 http://archive.ubuntu.com/ubuntu noble-updates/main amd64 libkrb5support0 amd64 1.20.1-6ubuntu2.8 [34.7 kB]
#13 32.73 Get:30 http://archive.ubuntu.com/ubuntu noble-updates/main amd64 libk5crypto3 amd64 1.20.1-6ubuntu2.8 [81.9 kB]
#13 32.79 Get:31 http://archive.ubuntu.com/ubuntu noble/main amd64 libkeyutils1 amd64 1.6.3-3build1 [9490 B]
#13 32.79 Get:32 http://archive.ubuntu.com/ubuntu noble-updates/main amd64 libkrb5-3 amd64 1.20.1-6ubuntu2.8 [348 kB]
#13 32.94 Get:33 http://archive.ubuntu.com/ubuntu noble-updates/main amd64 libgssapi-krb5-2 amd64 1.20.1-6ubuntu2.8 [143 kB]
#13 32.98 Get:34 http://archive.ubuntu.com/ubuntu noble-updates/main amd64 libicu74 amd64 74.2-1ubuntu3.1 [10.9 MB]
#13 34.70 Get:35 http://archive.ubuntu.com/ubuntu noble-updates/main amd64 libxml2 amd64 2.9.14+dfsg-1.3ubuntu3.8 [764 kB]
#13 34.80 Get:36 http://archive.ubuntu.com/ubuntu noble/main amd64 libmagic-mgc amd64 1:5.45-3build1 [307 kB]
#13 34.85 Get:37 http://archive.ubuntu.com/ubuntu noble/main amd64 libmagic1t64 amd64 1:5.45-3build1 [87.2 kB]
#13 34.86 Get:38 http://archive.ubuntu.com/ubuntu noble/main amd64 file amd64 1:5.45-3build1 [22.0 kB]
#13 34.87 Get:39 http://archive.ubuntu.com/ubuntu noble-updates/main amd64 libnl-3-200 amd64 3.7.0-0.3build1.1 [55.7 kB]
#13 34.88 Get:40 http://archive.ubuntu.com/ubuntu noble-updates/main amd64 libnl-route-3-200 amd64 3.7.0-0.3build1.1 [189 kB]
#13 34.90 Get:41 http://archive.ubuntu.com/ubuntu noble-updates/main amd64 libibverbs1 amd64 50.0-2ubuntu0.2 [68.0 kB]
#13 34.91 Get:42 http://archive.ubuntu.com/ubuntu noble-updates/main amd64 ibverbs-providers amd64 50.0-2ubuntu0.2 [381 kB]
#13 34.98 Get:43 http://archive.ubuntu.com/ubuntu noble/main amd64 libcbor0.10 amd64 0.10.2-1.2ubuntu2 [25.8 kB]
#13 34.98 Get:44 http://archive.ubuntu.com/ubuntu noble-updates/main amd64 libdrm-common all 2.4.125-1ubuntu0.1~24.04.2 [9250 B]
#13 34.98 Get:45 http://archive.ubuntu.com/ubuntu noble-updates/main amd64 libdrm2 amd64 2.4.125-1ubuntu0.1~24.04.2 [41.4 kB]
#13 34.99 Get:46 http://archive.ubuntu.com/ubuntu noble/main amd64 libedit2 amd64 3.1-20230828-1build1 [97.6 kB]
#13 35.01 Get:47 http://archive.ubuntu.com/ubuntu noble/main amd64 libfido2-1 amd64 1.14.0-1build3 [83.5 kB]
#13 35.06 Get:48 http://archive.ubuntu.com/ubuntu noble/main amd64 libjansson4 amd64 2.14-2build2 [32.8 kB]
#13 35.06 Get:49 http://archive.ubuntu.com/ubuntu noble-updates/main amd64 libncurses6 amd64 6.4+20240113-1ubuntu2.2 [112 kB]
#13 35.09 Get:50 http://archive.ubuntu.com/ubuntu noble-updates/main amd64 libnghttp2-14 amd64 1.59.0-1ubuntu0.4 [74.6 kB]
#13 35.10 Get:51 http://archive.ubuntu.com/ubuntu noble-updates/main amd64 libnuma1 amd64 2.0.18-1ubuntu0.24.04.1 [23.4 kB]
#13 35.10 Get:52 http://archive.ubuntu.com/ubuntu noble/main amd64 libpsl5t64 amd64 0.21.2-1.1build1 [57.1 kB]
#13 35.12 Get:53 http://archive.ubuntu.com/ubuntu noble/main amd64 libuv1t64 amd64 1.48.0-1.1build1 [97.3 kB]
#13 35.14 Get:54 http://archive.ubuntu.com/ubuntu noble/main amd64 libxau6 amd64 1:1.0.9-1build6 [7160 B]
#13 35.14 Get:55 http://archive.ubuntu.com/ubuntu noble/main amd64 libxdmcp6 amd64 1:1.1.3-0ubuntu6 [10.3 kB]
#13 35.14 Get:56 http://archive.ubuntu.com/ubuntu noble/main amd64 libxcb1 amd64 1.15-1ubuntu2 [47.7 kB]
#13 35.15 Get:57 http://archive.ubuntu.com/ubuntu noble/main amd64 libx11-data all 2:1.8.7-1build1 [115 kB]
#13 35.16 Get:58 http://archive.ubuntu.com/ubuntu noble/main amd64 libx11-6 amd64 2:1.8.7-1build1 [650 kB]
#13 35.34 Get:59 http://archive.ubuntu.com/ubuntu noble/main amd64 libxext6 amd64 2:1.3.4-1build2 [30.4 kB]
#13 35.34 Get:60 http://archive.ubuntu.com/ubuntu noble-updates/main amd64 openssh-client amd64 1:9.6p1-3ubuntu13.19 [908 kB]
#13 35.48 Get:61 http://archive.ubuntu.com/ubuntu noble-updates/main amd64 xz-utils amd64 5.6.1+really5.4.5-1ubuntu0.3 [267 kB]
#13 35.52 Get:62 http://archive.ubuntu.com/ubuntu noble/main amd64 m4 amd64 1.4.19-4build1 [244 kB]
#13 35.55 Get:63 http://archive.ubuntu.com/ubuntu noble/main amd64 autoconf all 2.71-3 [339 kB]
#13 35.63 Get:64 http://archive.ubuntu.com/ubuntu noble/main amd64 autotools-dev all 20220109.1 [44.9 kB]
#13 35.63 Get:65 http://archive.ubuntu.com/ubuntu noble/main amd64 automake all 1:1.16.5-1.3ubuntu1 [558 kB]
#13 35.72 Get:66 http://archive.ubuntu.com/ubuntu noble-updates/main amd64 binutils-common amd64 2.42-4ubuntu2.10 [240 kB]
#13 35.74 Get:67 http://archive.ubuntu.com/ubuntu noble-updates/main amd64 libsframe1 amd64 2.42-4ubuntu2.10 [15.7 kB]
#13 35.74 Get:68 http://archive.ubuntu.com/ubuntu noble-updates/main amd64 libbinutils amd64 2.42-4ubuntu2.10 [577 kB]
#13 35.89 Get:69 http://archive.ubuntu.com/ubuntu noble-updates/main amd64 libctf-nobfd0 amd64 2.42-4ubuntu2.10 [98.0 kB]
#13 35.91 Get:70 http://archive.ubuntu.com/ubuntu noble-updates/main amd64 libctf0 amd64 2.42-4ubuntu2.10 [94.5 kB]
#13 35.92 Get:71 http://archive.ubuntu.com/ubuntu noble-updates/main amd64 libgprofng0 amd64 2.42-4ubuntu2.10 [849 kB]
#13 ...

#7 [ac-worldserver internal] load build context
#7 transferring context: 122.83MB 68.2s
#7 transferring context: 126.69MB 73.2s
#7 ...

#14 [ac-client-data-init client-data 1/3] RUN apt-get update &&     apt-get install -y curl unzip adduser &&     rm -rf /var/lib/apt/lists/*
#14 33.13 Selecting previously unselected package libbrotli1:amd64.
#14 33.13 Preparing to unpack .../09-libbrotli1_1.1.0-2build2_amd64.deb ...
#14 33.18 Unpacking libbrotli1:amd64 (1.1.0-2build2) ...
#14 33.50 Selecting previously unselected package libsasl2-modules-db:amd64.
#14 33.51 Preparing to unpack .../10-libsasl2-modules-db_2.1.28+dfsg1-5ubuntu3.1_amd64.deb ...
#14 33.56 Unpacking libsasl2-modules-db:amd64 (2.1.28+dfsg1-5ubuntu3.1) ...
#14 34.02 Selecting previously unselected package libsasl2-2:amd64.
#14 34.02 Preparing to unpack .../11-libsasl2-2_2.1.28+dfsg1-5ubuntu3.1_amd64.deb ...
#14 34.17 Unpacking libsasl2-2:amd64 (2.1.28+dfsg1-5ubuntu3.1) ...
#14 34.60 Selecting previously unselected package libldap2:amd64.
#14 34.61 Preparing to unpack .../12-libldap2_2.6.10+dfsg-0ubuntu0.24.04.1_amd64.deb ...
#14 34.67 Unpacking libldap2:amd64 (2.6.10+dfsg-0ubuntu0.24.04.1) ...
#14 35.14 Selecting previously unselected package librtmp1:amd64.
#14 35.15 Preparing to unpack .../13-librtmp1_2.4+20151223.gitfa8646d.1-2build7_amd64.deb ...
#14 35.21 Unpacking librtmp1:amd64 (2.4+20151223.gitfa8646d.1-2build7) ...
#14 35.55 Selecting previously unselected package libssh-4:amd64.
#14 35.56 Preparing to unpack .../14-libssh-4_0.10.6-2ubuntu0.5_amd64.deb ...
#14 35.62 Unpacking libssh-4:amd64 (0.10.6-2ubuntu0.5) ...
#14 ...

#12 [ac-authserver runtime 1/4] RUN apt-get update     && apt-get install -y --no-install-recommends       libmysqlclient21 libreadline8 libicu74 libncurses5-dev       gettext-base default-mysql-client       adduser     && rm -rf /var/lib/apt/lists/*
#12 32.97 Setting up ncurses-base (6.4+20240113-1ubuntu2.2) ...
#12 33.49 (Reading database ... 
(Reading database ... 5%
(Reading database ... 10%
(Reading database ... 15%
(Reading database ... 20%
(Reading database ... 25%
(Reading database ... 30%
(Reading database ... 35%
(Reading database ... 40%
(Reading database ... 45%
(Reading database ... 50%
(Reading database ... 55%
(Reading database ... 60%
(Reading database ... 65%
(Reading database ... 70%
(Reading database ... 75%
(Reading database ... 80%
(Reading database ... 85%
(Reading database ... 90%
(Reading database ... 95%
(Reading database ... 100%
(Reading database ... 5366 files and directories currently installed.)
#12 33.52 Preparing to unpack .../libncursesw6_6.4+20240113-1ubuntu2.2_amd64.deb ...
#12 33.73 Unpacking libncursesw6:amd64 (6.4+20240113-1ubuntu2.2) over (6.4+20240113-1ubuntu2.1) ...
#12 34.52 Preparing to unpack .../libtinfo6_6.4+20240113-1ubuntu2.2_amd64.deb ...
#12 34.68 Unpacking libtinfo6:amd64 (6.4+20240113-1ubuntu2.2) over (6.4+20240113-1ubuntu2.1) ...
#12 35.21 Setting up libtinfo6:amd64 (6.4+20240113-1ubuntu2.2) ...
#12 35.66 Selecting previously unselected package adduser.
#12 35.66 (Reading database ... 
(Reading database ... 5%
(Reading database ... 10%
(Reading database ... 15%
(Reading database ... 20%
(Reading database ... 25%
(Reading database ... 30%
(Reading database ... 35%
(Reading database ... 40%
(Reading database ... 45%
(Reading database ... 50%
(Reading database ... 55%
(Reading database ... 60%
(Reading database ... 65%
(Reading database ... 70%
(Reading database ... 75%
(Reading database ... 80%
(Reading database ... 85%
(Reading database ... 90%
(Reading database ... 95%
(Reading database ... 100%
(Reading database ... 5366 files and directories currently installed.)
#12 35.70 Preparing to unpack .../adduser_3.137ubuntu1_all.deb ...
#12 36.14 Unpacking adduser (3.137ubuntu1) ...
#12 ...

#7 [ac-worldserver internal] load build context
#7 ...

#6 [ac-db-import internal] load build context
#6 ...

#13 [ac-authserver build 1/8] RUN apt-get update                                                         && apt-get install -y --no-install-recommends                                 build-essential ccache libtool cmake-data ninja-build cmake clang            git lsb-base curl unzip default-mysql-client openssl                          default-libmysqlclient-dev libboost-all-dev libssl-dev libmysql++-dev         libreadline-dev zlib1g-dev libbz2-dev libncurses5-dev liblzma-dev      && rm -rf /var/lib/apt/lists/*
#13 36.19 Get:72 http://archive.ubuntu.com/ubuntu noble-updates/main amd64 binutils-x86-64-linux-gnu amd64 2.42-4ubuntu2.10 [2463 kB]
#13 36.64 Get:73 http://archive.ubuntu.com/ubuntu noble-updates/main amd64 binutils amd64 2.42-4ubuntu2.10 [18.2 kB]
#13 36.64 Get:74 http://archive.ubuntu.com/ubuntu noble-updates/main amd64 libc-dev-bin amd64 2.39-0ubuntu8.8 [20.4 kB]
#13 36.64 Get:75 http://archive.ubuntu.com/ubuntu noble-updates/main amd64 linux-libc-dev amd64 6.8.0-139.139 [1527 kB]
#13 36.92 Get:76 http://archive.ubuntu.com/ubuntu noble/main amd64 libcrypt-dev amd64 1:4.4.36-4build1 [112 kB]
#13 36.93 Get:77 http://archive.ubuntu.com/ubuntu noble/main amd64 rpcsvc-proto amd64 1.4.2-0ubuntu7 [67.4 kB]
#13 36.94 Get:78 http://archive.ubuntu.com/ubuntu noble-updates/main amd64 libc6-dev amd64 2.39-0ubuntu8.8 [2125 kB]
#13 37.31 Get:79 http://archive.ubuntu.com/ubuntu noble-updates/main amd64 gcc-13-base amd64 13.3.0-6ubuntu2~24.04.1 [51.6 kB]
#13 37.31 Get:80 http://archive.ubuntu.com/ubuntu noble-updates/main amd64 libisl23 amd64 0.26-3build1.1 [680 kB]
#13 37.40 Get:81 http://archive.ubuntu.com/ubuntu noble-updates/main amd64 libmpfr6 amd64 4.2.1-1build1.1 [353 kB]
#13 37.46 Get:82 http://archive.ubuntu.com/ubuntu noble-updates/main amd64 libmpc3 amd64 1.3.1-1build1.1 [54.6 kB]
#13 37.47 Get:83 http://archive.ubuntu.com/ubuntu noble-updates/main amd64 cpp-13-x86-64-linux-gnu amd64 13.3.0-6ubuntu2~24.04.1 [10.7 MB]
#13 39.74 Get:84 http://archive.ubuntu.com/ubuntu noble-updates/main amd64 cpp-13 amd64 13.3.0-6ubuntu2~24.04.1 [1042 B]
#13 39.74 Get:85 http://archive.ubuntu.com/ubuntu noble/main amd64 cpp-x86-64-linux-gnu amd64 4:13.2.0-7ubuntu1 [5326 B]
#13 39.75 Get:86 http://archive.ubuntu.com/ubuntu noble/main amd64 cpp amd64 4:13.2.0-7ubuntu1 [22.4 kB]
#13 39.75 Get:87 http://archive.ubuntu.com/ubuntu noble-updates/main amd64 libcc1-0 amd64 14.2.0-4ubuntu2~24.04.1 [48.0 kB]
#13 39.76 Get:88 http://archive.ubuntu.com/ubuntu noble-updates/main amd64 libgomp1 amd64 14.2.0-4ubuntu2~24.04.1 [148 kB]
#13 39.76 Get:89 http://archive.ubuntu.com/ubuntu noble-updates/main amd64 libitm1 amd64 14.2.0-4ubuntu2~24.04.1 [29.7 kB]
#13 39.76 Get:90 http://archive.ubuntu.com/ubuntu noble-updates/main amd64 libatomic1 amd64 14.2.0-4ubuntu2~24.04.1 [10.5 kB]
#13 39.76 Get:91 http://archive.ubuntu.com/ubuntu noble-updates/main amd64 libasan8 amd64 14.2.0-4ubuntu2~24.04.1 [3027 kB]
#13 40.30 Get:92 http://archive.ubuntu.com/ubuntu noble-updates/main amd64 liblsan0 amd64 14.2.0-4ubuntu2~24.04.1 [1322 kB]
#13 40.50 Get:93 http://archive.ubuntu.com/ubuntu noble-updates/main amd64 libtsan2 amd64 14.2.0-4ubuntu2~24.04.1 [2772 kB]
#13 41.16 Get:94 http://archive.ubuntu.com/ubuntu noble-updates/main amd64 libubsan1 amd64 14.2.0-4ubuntu2~24.04.1 [1184 kB]
#13 41.32 Get:95 http://archive.ubuntu.com/ubuntu noble-updates/main amd64 libhwasan0 amd64 14.2.0-4ubuntu2~24.04.1 [1641 kB]
#13 41.63 Get:96 http://archive.ubuntu.com/ubuntu noble-updates/main amd64 libquadmath0 amd64 14.2.0-4ubuntu2~24.04.1 [153 kB]
#13 41.65 Get:97 http://archive.ubuntu.com/ubuntu noble-updates/main amd64 libgcc-13-dev amd64 13.3.0-6ubuntu2~24.04.1 [2681 kB]
#13 42.15 Get:98 http://archive.ubuntu.com/ubuntu noble-updates/main amd64 gcc-13-x86-64-linux-gnu amd64 13.3.0-6ubuntu2~24.04.1 [21.1 MB]
#13 46.16 Get:99 http://archive.ubuntu.com/ubuntu noble-updates/main amd64 gcc-13 amd64 13.3.0-6ubuntu2~24.04.1 [494 kB]
#13 46.26 Get:100 http://archive.ubuntu.com/ubuntu noble/main amd64 gcc-x86-64-linux-gnu amd64 4:13.2.0-7ubuntu1 [1212 B]
#13 46.26 Get:101 http://archive.ubuntu.com/ubuntu noble/main amd64 gcc amd64 4:13.2.0-7ubuntu1 [5018 B]
#13 46.27 Get:102 http://archive.ubuntu.com/ubuntu noble-updates/main amd64 libstdc++-13-dev amd64 13.3.0-6ubuntu2~24.04.1 [2420 kB]
#13 ...

#7 [ac-worldserver internal] load build context
#7 transferring context: 129.63MB 78.3s
#7 transferring context: 132.24MB 83.3s
#7 ...

#14 [ac-client-data-init client-data 1/3] RUN apt-get update &&     apt-get install -y curl unzip adduser &&     rm -rf /var/lib/apt/lists/*
#14 43.56 Selecting previously unselected package libcurl4t64:amd64.
#14 43.56 Preparing to unpack .../15-libcurl4t64_8.5.0-2ubuntu10.13_amd64.deb ...
#14 45.62 Unpacking libcurl4t64:amd64 (8.5.0-2ubuntu10.13) ...
#14 ...

#7 [ac-worldserver internal] load build context
#7 ...

#12 [ac-authserver runtime 1/4] RUN apt-get update     && apt-get install -y --no-install-recommends       libmysqlclient21 libreadline8 libicu74 libncurses5-dev       gettext-base default-mysql-client       adduser     && rm -rf /var/lib/apt/lists/*
#12 44.90 Setting up adduser (3.137ubuntu1) ...
#12 ...

#6 [ac-db-import internal] load build context
#6 ...

#7 [ac-worldserver internal] load build context
#7 transferring context: 133.59MB 88.4s
#7 ...

#13 [ac-authserver build 1/8] RUN apt-get update                                                         && apt-get install -y --no-install-recommends                                 build-essential ccache libtool cmake-data ninja-build cmake clang            git lsb-base curl unzip default-mysql-client openssl                          default-libmysqlclient-dev libboost-all-dev libssl-dev libmysql++-dev         libreadline-dev zlib1g-dev libbz2-dev libncurses5-dev liblzma-dev      && rm -rf /var/lib/apt/lists/*
#13 46.66 Get:103 http://archive.ubuntu.com/ubuntu noble-updates/main amd64 g++-13-x86-64-linux-gnu amd64 13.3.0-6ubuntu2~24.04.1 [12.2 MB]
#13 49.55 Get:104 http://archive.ubuntu.com/ubuntu noble-updates/main amd64 g++-13 amd64 13.3.0-6ubuntu2~24.04.1 [16.0 kB]
#13 49.55 Get:105 http://archive.ubuntu.com/ubuntu noble/main amd64 g++-x86-64-linux-gnu amd64 4:13.2.0-7ubuntu1 [964 B]
#13 49.56 Get:106 http://archive.ubuntu.com/ubuntu noble/main amd64 g++ amd64 4:13.2.0-7ubuntu1 [1100 B]
#13 49.56 Get:107 http://archive.ubuntu.com/ubuntu noble/main amd64 make amd64 4.3-4.1build2 [180 kB]
#13 49.58 Get:108 http://archive.ubuntu.com/ubuntu noble-updates/main amd64 libdpkg-perl all 1.22.6ubuntu6.6 [268 kB]
#13 49.61 Get:109 http://archive.ubuntu.com/ubuntu noble-updates/main amd64 bzip2 amd64 1.0.8-5.1ubuntu0.1 [34.6 kB]
#13 49.61 Get:110 http://archive.ubuntu.com/ubuntu noble/main amd64 patch amd64 2.7.6-7build3 [104 kB]
#13 49.63 Get:111 http://archive.ubuntu.com/ubuntu noble/main amd64 lto-disabled-list all 47 [12.4 kB]
#13 49.63 Get:112 http://archive.ubuntu.com/ubuntu noble-updates/main amd64 dpkg-dev all 1.22.6ubuntu6.6 [1074 kB]
#13 49.89 Get:113 http://archive.ubuntu.com/ubuntu noble/main amd64 build-essential amd64 12.10ubuntu1 [4928 B]
#13 49.89 Get:114 http://archive.ubuntu.com/ubuntu noble/universe amd64 libhiredis1.1.0 amd64 1.2.0-6ubuntu3 [41.4 kB]
#13 49.89 Get:115 http://archive.ubuntu.com/ubuntu noble/universe amd64 ccache amd64 4.9.1-1 [592 kB]
#13 50.00 Get:116 http://archive.ubuntu.com/ubuntu noble-updates/main amd64 libllvm18 amd64 1:18.1.3-1ubuntu1 [27.5 MB]
#13 55.43 Get:117 http://archive.ubuntu.com/ubuntu noble-updates/main amd64 libclang-cpp18 amd64 1:18.1.3-1ubuntu1 [13.5 MB]
#13 ...

#7 [ac-worldserver internal] load build context
#7 transferring context: 135.39MB 94.1s
#7 ...

#6 [ac-db-import internal] load build context
#6 ...

#7 [ac-worldserver internal] load build context
#7 transferring context: 137.44MB 99.1s
#7 ...

#13 [ac-authserver build 1/8] RUN apt-get update                                                         && apt-get install -y --no-install-recommends                                 build-essential ccache libtool cmake-data ninja-build cmake clang            git lsb-base curl unzip default-mysql-client openssl                          default-libmysqlclient-dev libboost-all-dev libssl-dev libmysql++-dev         libreadline-dev zlib1g-dev libbz2-dev libncurses5-dev liblzma-dev      && rm -rf /var/lib/apt/lists/*
#13 57.54 Get:118 http://archive.ubuntu.com/ubuntu noble/main amd64 libgc1 amd64 1:8.2.6-1build1 [90.3 kB]
#13 57.60 Get:119 http://archive.ubuntu.com/ubuntu noble-updates/universe amd64 libobjc4 amd64 14.2.0-4ubuntu2~24.04.1 [47.1 kB]
#13 57.61 Get:120 http://archive.ubuntu.com/ubuntu noble-updates/universe amd64 libobjc-13-dev amd64 13.3.0-6ubuntu2~24.04.1 [194 kB]
#13 57.64 Get:121 http://archive.ubuntu.com/ubuntu noble-updates/universe amd64 libclang-common-18-dev amd64 1:18.1.3-1ubuntu1 [736 kB]
#13 57.74 Get:122 http://archive.ubuntu.com/ubuntu noble-updates/universe amd64 llvm-18-linker-tools amd64 1:18.1.3-1ubuntu1 [1314 kB]
#13 57.97 Get:123 http://archive.ubuntu.com/ubuntu noble-updates/main amd64 libclang1-18 amd64 1:18.1.3-1ubuntu1 [7803 kB]
#13 60.24 Get:124 http://archive.ubuntu.com/ubuntu noble-updates/universe amd64 clang-18 amd64 1:18.1.3-1ubuntu1 [80.0 kB]
#13 60.25 Get:125 http://archive.ubuntu.com/ubuntu noble/universe amd64 clang amd64 1:18.0-59~exp2 [5846 B]
#13 60.25 Get:126 http://archive.ubuntu.com/ubuntu noble-updates/main amd64 libarchive13t64 amd64 3.7.2-2ubuntu0.8 [383 kB]
#13 60.33 Get:127 http://archive.ubuntu.com/ubuntu noble/main amd64 libbrotli1 amd64 1.1.0-2build2 [331 kB]
#13 60.40 Get:128 http://archive.ubuntu.com/ubuntu noble-updates/main amd64 libsasl2-modules-db amd64 2.1.28+dfsg1-5ubuntu3.1 [20.4 kB]
#13 60.90 Get:129 http://archive.ubuntu.com/ubuntu noble-updates/main amd64 libsasl2-2 amd64 2.1.28+dfsg1-5ubuntu3.1 [53.2 kB]
#13 60.90 Get:130 http://archive.ubuntu.com/ubuntu noble-updates/main amd64 libldap2 amd64 2.6.10+dfsg-0ubuntu0.24.04.1 [198 kB]
#13 60.91 Get:131 http://archive.ubuntu.com/ubuntu noble/main amd64 librtmp1 amd64 2.4+20151223.gitfa8646d.1-2build7 [56.3 kB]
#13 60.91 Get:132 http://archive.ubuntu.com/ubuntu noble-updates/main amd64 libssh-4 amd64 0.10.6-2ubuntu0.5 [191 kB]
#13 60.92 Get:133 http://archive.ubuntu.com/ubuntu noble-updates/main amd64 libcurl4t64 amd64 8.5.0-2ubuntu10.13 [343 kB]
#13 60.93 Get:134 http://archive.ubuntu.com/ubuntu noble/main amd64 libjsoncpp25 amd64 1.9.5-6build1 [82.8 kB]
#13 60.94 Get:135 http://archive.ubuntu.com/ubuntu noble/main amd64 librhash0 amd64 1.4.3-3build1 [129 kB]
#13 61.02 Get:136 http://archive.ubuntu.com/ubuntu noble/main amd64 cmake-data all 3.28.3-1build7 [2155 kB]
#13 61.36 Get:137 http://archive.ubuntu.com/ubuntu noble/main amd64 cmake amd64 3.28.3-1build7 [11.2 MB]
#13 63.12 Get:138 http://archive.ubuntu.com/ubuntu noble-updates/main amd64 curl amd64 8.5.0-2ubuntu10.13 [226 kB]
#13 63.15 Get:139 http://archive.ubuntu.com/ubuntu noble/main amd64 mysql-common all 5.8+1.1.0build1 [6746 B]
#13 63.16 Get:140 http://archive.ubuntu.com/ubuntu noble-updates/main amd64 libmysqlclient21 amd64 8.0.46-0ubuntu0.24.04.4 [1255 kB]
#13 63.45 Get:141 http://archive.ubuntu.com/ubuntu noble-updates/main amd64 libssl-dev amd64 3.0.13-0ubuntu3.15 [2408 kB]
#13 63.94 Get:142 http://archive.ubuntu.com/ubuntu noble-updates/main amd64 libzstd-dev amd64 1.5.5+dfsg2-2build1.1 [364 kB]
#13 63.99 Get:143 http://archive.ubuntu.com/ubuntu noble-updates/main amd64 zlib1g-dev amd64 1:1.3.dfsg-3.1ubuntu2.2 [894 kB]
#13 64.10 Get:144 http://archive.ubuntu.com/ubuntu noble-updates/main amd64 libmysqlclient-dev amd64 8.0.46-0ubuntu0.24.04.4 [1591 kB]
#13 64.36 Get:145 http://archive.ubuntu.com/ubuntu noble/main amd64 default-libmysqlclient-dev amd64 1.1.0build1 [3132 B]
#13 64.36 Get:146 http://archive.ubuntu.com/ubuntu noble-updates/main amd64 mysql-client-core-8.0 amd64 8.0.46-0ubuntu0.24.04.4 [2740 kB]
#13 64.80 Get:147 http://archive.ubuntu.com/ubuntu noble-updates/main amd64 mysql-client-8.0 amd64 8.0.46-0ubuntu0.24.04.4 [22.4 kB]
#13 64.80 Get:148 http://archive.ubuntu.com/ubuntu noble/universe amd64 default-mysql-client all 1.1.0build1 [2908 B]
#13 64.80 Get:149 http://archive.ubuntu.com/ubuntu noble-updates/main amd64 libgfortran5 amd64 14.2.0-4ubuntu2~24.04.1 [916 kB]
#13 65.01 Get:150 http://archive.ubuntu.com/ubuntu noble-updates/main amd64 libgfortran-13-dev amd64 13.3.0-6ubuntu2~24.04.1 [928 kB]
#13 65.18 Get:151 http://archive.ubuntu.com/ubuntu noble-updates/main amd64 gfortran-13-x86-64-linux-gnu amd64 13.3.0-6ubuntu2~24.04.1 [11.4 MB]
#13 67.16 Get:152 http://archive.ubuntu.com/ubuntu noble-updates/main amd64 gfortran-13 amd64 13.3.0-6ubuntu2~24.04.1 [13.9 kB]
#13 67.17 Get:153 http://archive.ubuntu.com/ubuntu noble-updates/main amd64 libcurl3t64-gnutls amd64 8.5.0-2ubuntu10.13 [335 kB]
#13 67.26 Get:154 http://archive.ubuntu.com/ubuntu noble/main amd64 liberror-perl all 0.17029-2 [25.6 kB]
#13 67.26 Get:155 http://archive.ubuntu.com/ubuntu noble-updates/main amd64 git-man all 1:2.43.0-1ubuntu7.3 [1100 kB]
#13 67.50 Get:156 http://archive.ubuntu.com/ubuntu noble-updates/main amd64 git amd64 1:2.43.0-1ubuntu7.3 [3680 kB]
#13 ...

#7 [ac-worldserver internal] load build context
#7 transferring context: 141.56MB 104.2s
#7 ...

#6 [ac-db-import internal] load build context
#6 ...

#7 [ac-worldserver internal] load build context
#7 transferring context: 145.46MB 109.3s
#7 ...

#14 [ac-client-data-init client-data 1/3] RUN apt-get update &&     apt-get install -y curl unzip adduser &&     rm -rf /var/lib/apt/lists/*
#14 68.29 Selecting previously unselected package curl.
#14 68.29 Preparing to unpack .../16-curl_8.5.0-2ubuntu10.13_amd64.deb ...
#14 68.71 Unpacking curl (8.5.0-2ubuntu10.13) ...
#14 70.72 Selecting previously unselected package libldap-common.
#14 70.72 Preparing to unpack .../17-libldap-common_2.6.10+dfsg-0ubuntu0.24.04.1_all.deb ...
#14 71.08 Unpacking libldap-common (2.6.10+dfsg-0ubuntu0.24.04.1) ...
#14 73.65 Selecting previously unselected package libsasl2-modules:amd64.
#14 73.65 Preparing to unpack .../18-libsasl2-modules_2.1.28+dfsg1-5ubuntu3.1_amd64.deb ...
#14 75.26 Unpacking libsasl2-modules:amd64 (2.1.28+dfsg1-5ubuntu3.1) ...
#14 ...

#13 [ac-authserver build 1/8] RUN apt-get update                                                         && apt-get install -y --no-install-recommends                                 build-essential ccache libtool cmake-data ninja-build cmake clang            git lsb-base curl unzip default-mysql-client openssl                          default-libmysqlclient-dev libboost-all-dev libssl-dev libmysql++-dev         libreadline-dev zlib1g-dev libbz2-dev libncurses5-dev liblzma-dev      && rm -rf /var/lib/apt/lists/*
#13 68.22 Get:157 http://archive.ubuntu.com/ubuntu noble-updates/main amd64 icu-devtools amd64 74.2-1ubuntu3.1 [212 kB]
#13 68.27 Get:158 http://archive.ubuntu.com/ubuntu noble/main amd64 libllvm17t64 amd64 1:17.0.6-9ubuntu1 [26.2 MB]
#13 73.72 Get:159 http://archive.ubuntu.com/ubuntu noble/universe amd64 libamd-comgr2 amd64 6.0+git20231212.4510c28+dfsg-3build2 [14.4 MB]
#13 76.36 Get:160 http://archive.ubuntu.com/ubuntu noble-updates/main amd64 libdrm-amdgpu1 amd64 2.4.125-1ubuntu0.1~24.04.2 [21.4 kB]
#13 76.36 Get:161 http://archive.ubuntu.com/ubuntu noble/universe amd64 libhsakmt1 amd64 5.7.0-1build1 [62.9 kB]
#13 76.36 Get:162 http://archive.ubuntu.com/ubuntu noble/universe amd64 libhsa-runtime64-1 amd64 5.7.1-2build1 [491 kB]
#13 76.42 Get:163 http://archive.ubuntu.com/ubuntu noble/universe amd64 libamdhip64-5 amd64 5.7.1-3 [9621 kB]
#13 78.38 Get:164 http://archive.ubuntu.com/ubuntu noble-updates/main amd64 libboost1.83-dev amd64 1.83.0-2.1ubuntu3.2 [10.7 MB]
#13 ...

#7 [ac-worldserver internal] load build context
#7 ...

#12 [ac-authserver runtime 1/4] RUN apt-get update     && apt-get install -y --no-install-recommends       libmysqlclient21 libreadline8 libicu74 libncurses5-dev       gettext-base default-mysql-client       adduser     && rm -rf /var/lib/apt/lists/*
#12 70.34 Selecting previously unselected package libbsd0:amd64.
#12 70.34 (Reading database ... 
(Reading database ... 5%
(Reading database ... 10%
(Reading database ... 15%
(Reading database ... 20%
(Reading database ... 25%
(Reading database ... 30%
(Reading database ... 35%
(Reading database ... 40%
(Reading database ... 45%
(Reading database ... 50%
(Reading database ... 55%
(Reading database ... 60%
(Reading database ... 65%
(Reading database ... 70%
(Reading database ... 75%
(Reading database ... 80%
(Reading database ... 85%
(Reading database ... 90%
(Reading database ... 95%
(Reading database ... 100%
(Reading database ... 5414 files and directories currently installed.)
#12 70.38 Preparing to unpack .../00-libbsd0_0.12.1-1build1.1_amd64.deb ...
#12 70.72 Unpacking libbsd0:amd64 (0.12.1-1build1.1) ...
#12 73.07 Selecting previously unselected package libicu74:amd64.
#12 73.07 Preparing to unpack .../01-libicu74_74.2-1ubuntu3.1_amd64.deb ...
#12 73.48 Unpacking libicu74:amd64 (74.2-1ubuntu3.1) ...
#12 78.56 Selecting previously unselected package readline-common.
#12 78.56 Preparing to unpack .../02-readline-common_8.2-4build1_all.deb ...
#12 78.70 Unpacking readline-common (8.2-4build1) ...
#12 79.47 Selecting previously unselected package libreadline8t64:amd64.
#12 79.47 Preparing to unpack .../03-libreadline8t64_8.2-4build1_amd64.deb ...
#12 79.61 Adding 'diversion of /lib/x86_64-linux-gnu/libhistory.so.8 to /lib/x86_64-linux-gnu/libhistory.so.8.usr-is-merged by libreadline8t64'
#12 79.73 Adding 'diversion of /lib/x86_64-linux-gnu/libhistory.so.8.2 to /lib/x86_64-linux-gnu/libhistory.so.8.2.usr-is-merged by libreadline8t64'
#12 79.80 Adding 'diversion of /lib/x86_64-linux-gnu/libreadline.so.8 to /lib/x86_64-linux-gnu/libreadline.so.8.usr-is-merged by libreadline8t64'
#12 79.85 Adding 'diversion of /lib/x86_64-linux-gnu/libreadline.so.8.2 to /lib/x86_64-linux-gnu/libreadline.so.8.2.usr-is-merged by libreadline8t64'
#12 79.90 Unpacking libreadline8t64:amd64 (8.2-4build1) ...
#12 80.49 Selecting previously unselected package gettext-base.
#12 80.50 Preparing to unpack .../04-gettext-base_0.21-14ubuntu2_amd64.deb ...
#12 ...

#7 [ac-worldserver internal] load build context
#7 transferring context: 147.56MB 114.5s
#7 ...

#14 [ac-client-data-init client-data 1/3] RUN apt-get update &&     apt-get install -y curl unzip adduser &&     rm -rf /var/lib/apt/lists/*
#14 78.76 Selecting previously unselected package unzip.
#14 78.76 Preparing to unpack .../19-unzip_6.0-28ubuntu4.1_amd64.deb ...
#14 78.89 Unpacking unzip (6.0-28ubuntu4.1) ...
#14 79.45 Setting up libkeyutils1:amd64 (1.6.3-3build1) ...
#14 79.75 Setting up unzip (6.0-28ubuntu4.1) ...
#14 80.06 Setting up libbrotli1:amd64 (1.1.0-2build2) ...
#14 80.39 Setting up libsasl2-modules:amd64 (2.1.28+dfsg1-5ubuntu3.1) ...
#14 80.65 Setting up libpsl5t64:amd64 (0.21.2-1.1build1) ...
#14 81.01 Setting up libnghttp2-14:amd64 (1.59.0-1ubuntu0.4) ...
#14 81.33 Setting up krb5-locales (1.20.1-6ubuntu2.8) ...
#14 81.56 Setting up libldap-common (2.6.10+dfsg-0ubuntu0.24.04.1) ...
#14 81.95 Setting up libkrb5support0:amd64 (1.20.1-6ubuntu2.8) ...
#14 82.21 Setting up libsasl2-modules-db:amd64 (2.1.28+dfsg1-5ubuntu3.1) ...
#14 82.50 Setting up librtmp1:amd64 (2.4+20151223.gitfa8646d.1-2build7) ...
#14 82.81 Setting up libk5crypto3:amd64 (1.20.1-6ubuntu2.8) ...
#14 83.02 Setting up libsasl2-2:amd64 (2.1.28+dfsg1-5ubuntu3.1) ...
#14 83.18 Setting up libkrb5-3:amd64 (1.20.1-6ubuntu2.8) ...
#14 83.35 Setting up publicsuffix (20231001.0357-0.1) ...
#14 83.51 Setting up libldap2:amd64 (2.6.10+dfsg-0ubuntu0.24.04.1) ...
#14 83.72 Setting up libgssapi-krb5-2:amd64 (1.20.1-6ubuntu2.8) ...
#14 83.94 Setting up libssh-4:amd64 (0.10.6-2ubuntu0.5) ...
#14 84.13 Setting up libcurl4t64:amd64 (8.5.0-2ubuntu10.13) ...
#14 84.31 Setting up curl (8.5.0-2ubuntu10.13) ...
#14 84.49 Processing triggers for libc-bin (2.39-0ubuntu8.8) ...
#14 DONE 85.5s

#7 [ac-worldserver internal] load build context
#7 ...

#15 [ac-client-data-init client-data 2/3] RUN userdel --remove ubuntu   && addgroup --gid "1000" "acore"   && adduser --disabled-password --gecos '' --uid "1000" --gid "1000" "acore"   && passwd -d "acore"   && chown -R "acore:acore" /azerothcore
#15 ...

#6 [ac-db-import internal] load build context
#6 ...

#7 [ac-worldserver internal] load build context
#7 transferring context: 151.24MB 119.6s
#7 ...

#15 [ac-client-data-init client-data 2/3] RUN userdel --remove ubuntu   && addgroup --gid "1000" "acore"   && adduser --disabled-password --gecos '' --uid "1000" --gid "1000" "acore"   && passwd -d "acore"   && chown -R "acore:acore" /azerothcore
#15 1.285 userdel: ubuntu mail spool (/var/mail/ubuntu) not found
#15 1.821 info: Adding group `acore' (GID 1000) ...
#15 2.091 info: Adding user `acore' ...
#15 2.104 info: Adding new user `acore' (1000) with group `acore (1000)' ...
#15 2.504 info: Creating home directory `/home/acore' ...
#15 2.521 info: Copying files from `/etc/skel' ...
#15 2.746 info: Adding new user `acore' to supplemental / extra groups `users' ...
#15 2.752 info: Adding user `acore' to group `users' ...
#15 3.123 passwd: password changed.
#15 DONE 3.6s

#16 [ac-client-data-init client-data 3/3] COPY --chown=acore:acore apps apps
#16 ...

#13 [ac-authserver build 1/8] RUN apt-get update                                                         && apt-get install -y --no-install-recommends                                 build-essential ccache libtool cmake-data ninja-build cmake clang            git lsb-base curl unzip default-mysql-client openssl                          default-libmysqlclient-dev libboost-all-dev libssl-dev libmysql++-dev         libreadline-dev zlib1g-dev libbz2-dev libncurses5-dev liblzma-dev      && rm -rf /var/lib/apt/lists/*
#13 80.11 Get:165 http://archive.ubuntu.com/ubuntu noble/main amd64 libboost-dev amd64 1.83.0.1ubuntu2 [4308 B]
#13 80.11 Get:166 http://archive.ubuntu.com/ubuntu noble-updates/main amd64 libboost1.83-tools-dev amd64 1.83.0-2.1ubuntu3.2 [1402 kB]
#13 80.30 Get:167 http://archive.ubuntu.com/ubuntu noble/universe amd64 libboost-tools-dev amd64 1.83.0.1ubuntu2 [4238 B]
#13 80.31 Get:168 http://archive.ubuntu.com/ubuntu noble-updates/main amd64 libboost-atomic1.83.0 amd64 1.83.0-2.1ubuntu3.2 [240 kB]
#13 80.33 Get:169 http://archive.ubuntu.com/ubuntu noble-updates/main amd64 libboost-atomic1.83-dev amd64 1.83.0-2.1ubuntu3.2 [235 kB]
#13 80.37 Get:170 http://archive.ubuntu.com/ubuntu noble/universe amd64 libboost-atomic-dev amd64 1.83.0.1ubuntu2 [4360 B]
#13 80.38 Get:171 http://archive.ubuntu.com/ubuntu noble-updates/main amd64 libboost-chrono1.83.0t64 amd64 1.83.0-2.1ubuntu3.2 [245 kB]
#13 80.42 Get:172 http://archive.ubuntu.com/ubuntu noble-updates/main amd64 libboost-chrono1.83-dev amd64 1.83.0-2.1ubuntu3.2 [246 kB]
#13 80.54 Get:173 http://archive.ubuntu.com/ubuntu noble/universe amd64 libboost-chrono-dev amd64 1.83.0.1ubuntu2 [4672 B]
#13 80.54 Get:174 http://archive.ubuntu.com/ubuntu noble-updates/universe amd64 libboost-container1.83.0 amd64 1.83.0-2.1ubuntu3.2 [261 kB]
#13 80.57 Get:175 http://archive.ubuntu.com/ubuntu noble-updates/universe amd64 libboost-container1.83-dev amd64 1.83.0-2.1ubuntu3.2 [267 kB]
#13 80.61 Get:176 http://archive.ubuntu.com/ubuntu noble/universe amd64 libboost-container-dev amd64 1.83.0.1ubuntu2 [4530 B]
#13 80.61 Get:177 http://archive.ubuntu.com/ubuntu noble-updates/main amd64 libboost-date-time1.83.0 amd64 1.83.0-2.1ubuntu3.2 [236 kB]
#13 80.63 Get:178 http://archive.ubuntu.com/ubuntu noble-updates/main amd64 libboost-serialization1.83.0 amd64 1.83.0-2.1ubuntu3.2 [341 kB]
#13 80.69 Get:179 http://archive.ubuntu.com/ubuntu noble-updates/main amd64 libboost-serialization1.83-dev amd64 1.83.0-2.1ubuntu3.2 [387 kB]
#13 80.77 Get:180 http://archive.ubuntu.com/ubuntu noble-updates/main amd64 libboost-date-time1.83-dev amd64 1.83.0-2.1ubuntu3.2 [239 kB]
#13 80.80 Get:181 http://archive.ubuntu.com/ubuntu noble-updates/main amd64 libboost-system1.83.0 amd64 1.83.0-2.1ubuntu3.2 [236 kB]
#13 80.83 Get:182 http://archive.ubuntu.com/ubuntu noble-updates/main amd64 libboost-system1.83-dev amd64 1.83.0-2.1ubuntu3.2 [231 kB]
#13 80.88 Get:183 http://archive.ubuntu.com/ubuntu noble-updates/main amd64 libboost-thread1.83.0 amd64 1.83.0-2.1ubuntu3.2 [276 kB]
#13 80.93 Get:184 http://archive.ubuntu.com/ubuntu noble-updates/main amd64 libboost-thread1.83-dev amd64 1.83.0-2.1ubuntu3.2 [282 kB]
#13 80.97 Get:185 http://archive.ubuntu.com/ubuntu noble-updates/main amd64 libboost-context1.83.0 amd64 1.83.0-2.1ubuntu3.2 [237 kB]
#13 81.00 Get:186 http://archive.ubuntu.com/ubuntu noble-updates/universe amd64 libboost-context1.83-dev amd64 1.83.0-2.1ubuntu3.2 [232 kB]
#13 81.03 Get:187 http://archive.ubuntu.com/ubuntu noble/universe amd64 libboost-context-dev amd64 1.83.0.1ubuntu2 [4276 B]
#13 81.03 Get:188 http://archive.ubuntu.com/ubuntu noble-updates/universe amd64 libboost-coroutine1.83.0 amd64 1.83.0-2.1ubuntu3.2 [234 kB]
#13 81.07 Get:189 http://archive.ubuntu.com/ubuntu noble-updates/universe amd64 libboost-coroutine1.83-dev amd64 1.83.0-2.1ubuntu3.2 [237 kB]
#13 81.10 Get:190 http://archive.ubuntu.com/ubuntu noble/universe amd64 libboost-coroutine-dev amd64 1.83.0.1ubuntu2 [4344 B]
#13 81.10 Get:191 http://archive.ubuntu.com/ubuntu noble/universe amd64 libboost-date-time-dev amd64 1.83.0.1ubuntu2 [4058 B]
#13 81.10 Get:192 http://archive.ubuntu.com/ubuntu noble-updates/universe amd64 libboost-exception1.83-dev amd64 1.83.0-2.1ubuntu3.2 [229 kB]
#13 81.13 Get:193 http://archive.ubuntu.com/ubuntu noble/universe amd64 libboost-exception-dev amd64 1.83.0.1ubuntu2 [4058 B]
#13 81.13 Get:194 http://archive.ubuntu.com/ubuntu noble-updates/main amd64 libboost-filesystem1.83.0 amd64 1.83.0-2.1ubuntu3.2 [284 kB]
#13 81.23 Get:195 http://archive.ubuntu.com/ubuntu noble-updates/universe amd64 libboost-filesystem1.83-dev amd64 1.83.0-2.1ubuntu3.2 [301 kB]
#13 81.34 Get:196 http://archive.ubuntu.com/ubuntu noble-updates/universe amd64 libboost-fiber1.83.0 amd64 1.83.0-2.1ubuntu3.2 [255 kB]
#13 81.41 Get:197 http://archive.ubuntu.com/ubuntu noble-updates/universe amd64 libboost-fiber1.83-dev amd64 1.83.0-2.1ubuntu3.2 [268 kB]
#13 81.45 Get:198 http://archive.ubuntu.com/ubuntu noble/universe amd64 libboost-fiber-dev amd64 1.83.0.1ubuntu2 [4486 B]
#13 81.45 Get:199 http://archive.ubuntu.com/ubuntu noble/universe amd64 libboost-filesystem-dev amd64 1.83.0.1ubuntu2 [4096 B]
#13 81.45 Get:200 http://archive.ubuntu.com/ubuntu noble-updates/universe amd64 libboost-graph1.83.0 amd64 1.83.0-2.1ubuntu3.2 [361 kB]
#13 81.54 Get:201 http://archive.ubuntu.com/ubuntu noble-updates/main amd64 libboost-regex1.83.0 amd64 1.83.0-2.1ubuntu3.2 [340 kB]
#13 81.60 Get:202 http://archive.ubuntu.com/ubuntu noble-updates/main amd64 libicu-dev amd64 74.2-1ubuntu3.1 [11.9 MB]
#13 83.58 Get:203 http://archive.ubuntu.com/ubuntu noble-updates/main amd64 libboost-regex1.83-dev amd64 1.83.0-2.1ubuntu3.2 [355 kB]
#13 83.63 Get:204 http://archive.ubuntu.com/ubuntu noble-updates/universe amd64 libboost-test1.83.0 amd64 1.83.0-2.1ubuntu3.2 [454 kB]
#13 83.71 Get:205 http://archive.ubuntu.com/ubuntu noble-updates/universe amd64 libboost-test1.83-dev amd64 1.83.0-2.1ubuntu3.2 [566 kB]
#13 83.78 Get:206 http://archive.ubuntu.com/ubuntu noble-updates/universe amd64 libboost-graph1.83-dev amd64 1.83.0-2.1ubuntu3.2 [399 kB]
#13 83.83 Get:207 http://archive.ubuntu.com/ubuntu noble/universe amd64 libboost-graph-dev amd64 1.83.0.1ubuntu2 [4160 B]
#13 83.83 Get:208 http://archive.ubuntu.com/ubuntu noble-updates/main amd64 libevent-core-2.1-7t64 amd64 2.1.12-stable-9ubuntu2.1 [91.8 kB]
#13 83.84 Get:209 http://archive.ubuntu.com/ubuntu noble-updates/main amd64 libevent-pthreads-2.1-7t64 amd64 2.1.12-stable-9ubuntu2.1 [7984 B]
#13 83.85 Get:210 http://archive.ubuntu.com/ubuntu noble/universe amd64 libpsm-infinipath1 amd64 3.3+20.604758e7-6.3build1 [178 kB]
#13 83.87 Get:211 http://archive.ubuntu.com/ubuntu noble/universe amd64 libpsm2-2 amd64 11.2.185-2build1 [194 kB]
#13 83.89 Get:212 http://archive.ubuntu.com/ubuntu noble-updates/main amd64 librdmacm1t64 amd64 50.0-2ubuntu0.2 [70.7 kB]
#13 83.90 Get:213 http://archive.ubuntu.com/ubuntu noble/universe amd64 libfabric1 amd64 1.17.0-3build2 [657 kB]
#13 83.98 Get:214 http://archive.ubuntu.com/ubuntu noble/universe amd64 libhwloc15 amd64 2.10.0-1build1 [172 kB]
#13 84.01 Get:215 http://archive.ubuntu.com/ubuntu noble-updates/universe amd64 libmunge2 amd64 0.5.15-4ubuntu0.1 [14.8 kB]
#13 84.01 Get:216 http://archive.ubuntu.com/ubuntu noble-updates/main amd64 libpciaccess0 amd64 0.17-3ubuntu0.24.04.2 [18.9 kB]
#13 84.03 Get:217 http://archive.ubuntu.com/ubuntu noble-updates/main amd64 libxnvctrl0 amd64 510.47.03-0ubuntu4.24.04.1 [12.7 kB]
#13 84.03 Get:218 http://archive.ubuntu.com/ubuntu noble/universe amd64 ocl-icd-libopencl1 amd64 2.3.2-1build1 [38.5 kB]
#13 84.04 Get:219 http://archive.ubuntu.com/ubuntu noble/universe amd64 libhwloc-plugins amd64 2.10.0-1build1 [15.7 kB]
#13 84.04 Get:220 http://archive.ubuntu.com/ubuntu noble/universe amd64 libpmix2t64 amd64 5.0.1-4.1build1 [697 kB]
#13 84.24 Get:221 http://archive.ubuntu.com/ubuntu noble/universe amd64 libucx0 amd64 1.16.0+ds-5ubuntu1 [1140 kB]
#13 84.49 Get:222 http://archive.ubuntu.com/ubuntu noble/universe amd64 libopenmpi3t64 amd64 4.1.6-7ubuntu2 [2563 kB]
#13 84.99 Get:223 http://archive.ubuntu.com/ubuntu noble-updates/universe amd64 libboost-mpi1.83.0 amd64 1.83.0-2.1ubuntu3.2 [271 kB]
#13 85.07 Get:224 http://archive.ubuntu.com/ubuntu noble-updates/universe amd64 libboost-graph-parallel1.83.0 amd64 1.83.0-2.1ubuntu3.2 [278 kB]
#13 85.13 Get:225 http://archive.ubuntu.com/ubuntu noble-updates/universe amd64 libboost-graph-parallel1.83-dev amd64 1.83.0-2.1ubuntu3.2 [288 kB]
#13 85.18 Get:226 http://archive.ubuntu.com/ubuntu noble/universe amd64 libboost-graph-parallel-dev amd64 1.83.0.1ubuntu2 [4192 B]
#13 85.18 Get:227 http://archive.ubuntu.com/ubuntu noble-updates/main amd64 libboost-iostreams1.83.0 amd64 1.83.0-2.1ubuntu3.2 [260 kB]
#13 85.22 Get:228 http://archive.ubuntu.com/ubuntu noble-updates/universe amd64 libboost-iostreams1.83-dev amd64 1.83.0-2.1ubuntu3.2 [264 kB]
#13 85.30 Get:229 http://archive.ubuntu.com/ubuntu noble/universe amd64 libboost-iostreams-dev amd64 1.83.0.1ubuntu2 [4046 B]
#13 85.31 Get:230 http://archive.ubuntu.com/ubuntu noble-updates/universe amd64 libboost-json1.83.0 amd64 1.83.0-2.1ubuntu3.2 [365 kB]
#13 85.35 Get:231 http://archive.ubuntu.com/ubuntu noble-updates/universe amd64 libboost-json1.83-dev amd64 1.83.0-2.1ubuntu3.2 [380 kB]
#13 85.49 Get:232 http://archive.ubuntu.com/ubuntu noble/universe amd64 libboost-json-dev amd64 1.83.0.1ubuntu2 [4172 B]
#13 85.49 Get:233 http://archive.ubuntu.com/ubuntu noble-updates/main amd64 libboost-locale1.83.0 amd64 1.83.0-2.1ubuntu3.2 [413 kB]
#13 85.62 Get:234 http://archive.ubuntu.com/ubuntu noble-updates/universe amd64 libboost-locale1.83-dev amd64 1.83.0-2.1ubuntu3.2 [582 kB]
#13 85.77 Get:235 http://archive.ubuntu.com/ubuntu noble/universe amd64 libboost-locale-dev amd64 1.83.0.1ubuntu2 [4378 B]
#13 85.77 Get:236 http://archive.ubuntu.com/ubuntu noble-updates/universe amd64 libboost-log1.83.0 amd64 1.83.0-2.1ubuntu3.2 [679 kB]
#13 85.86 Get:237 http://archive.ubuntu.com/ubuntu noble-updates/universe amd64 libboost-log1.83-dev amd64 1.83.0-2.1ubuntu3.2 [937 kB]
#13 86.30 Get:238 http://archive.ubuntu.com/ubuntu noble/universe amd64 libboost-log-dev amd64 1.83.0.1ubuntu2 [4260 B]
#13 86.30 Get:239 http://archive.ubuntu.com/ubuntu noble-updates/universe amd64 libboost-math1.83.0 amd64 1.83.0-2.1ubuntu3.2 [440 kB]
#13 86.33 Get:240 http://archive.ubuntu.com/ubuntu noble-updates/universe amd64 libboost-math1.83-dev amd64 1.83.0-2.1ubuntu3.2 [586 kB]
#13 86.49 Get:241 http://archive.ubuntu.com/ubuntu noble/universe amd64 libboost-math-dev amd64 1.83.0.1ubuntu2 [4264 B]
#13 86.49 Get:242 http://archive.ubuntu.com/ubuntu noble/universe amd64 openmpi-common all 4.1.6-7ubuntu2 [170 kB]
#13 86.52 Get:243 http://archive.ubuntu.com/ubuntu noble-updates/main amd64 libnl-3-dev amd64 3.7.0-0.3build1.1 [99.5 kB]
#13 86.53 Get:244 http://archive.ubuntu.com/ubuntu noble-updates/main amd64 libnl-route-3-dev amd64 3.7.0-0.3build1.1 [216 kB]
#13 86.57 Get:245 http://archive.ubuntu.com/ubuntu noble-updates/main amd64 libibverbs-dev amd64 50.0-2ubuntu0.2 [686 kB]
#13 86.81 Get:246 http://archive.ubuntu.com/ubuntu noble-updates/main amd64 libnuma-dev amd64 2.0.18-1ubuntu0.24.04.1 [37.0 kB]
#13 86.81 Get:247 http://archive.ubuntu.com/ubuntu noble/main amd64 libltdl7 amd64 2.4.7-7build1 [40.3 kB]
#13 86.85 Get:248 http://archive.ubuntu.com/ubuntu noble/main amd64 libltdl-dev amd64 2.4.7-7build1 [168 kB]
#13 86.93 Get:249 http://archive.ubuntu.com/ubuntu noble/universe amd64 libhwloc-dev amd64 2.10.0-1build1 [268 kB]
#13 87.00 Get:250 http://archive.ubuntu.com/ubuntu noble-updates/main amd64 libevent-2.1-7t64 amd64 2.1.12-stable-9ubuntu2.1 [146 kB]
#13 87.03 Get:251 http://archive.ubuntu.com/ubuntu noble-updates/main amd64 libevent-extra-2.1-7t64 amd64 2.1.12-stable-9ubuntu2.1 [64.6 kB]
#13 87.05 Get:252 http://archive.ubuntu.com/ubuntu noble-updates/main amd64 libevent-openssl-2.1-7t64 amd64 2.1.12-stable-9ubuntu2.1 [15.7 kB]
#13 87.05 Get:253 http://archive.ubuntu.com/ubuntu noble-updates/main amd64 libevent-dev amd64 2.1.12-stable-9ubuntu2.1 [274 kB]
#13 87.09 Get:254 http://archive.ubuntu.com/ubuntu noble/universe amd64 libpmix-dev amd64 5.0.1-4.1build1 [4018 kB]
#13 87.82 Get:255 http://archive.ubuntu.com/ubuntu noble/main amd64 libjs-jquery all 3.6.1+dfsg+~3.5.14-1 [328 kB]
#13 87.85 Get:256 http://archive.ubuntu.com/ubuntu noble/universe amd64 libjs-jquery-ui all 1.13.2+dfsg-1 [252 kB]
#13 87.88 Get:257 http://archive.ubuntu.com/ubuntu noble/universe amd64 openmpi-bin amd64 4.1.6-7ubuntu2 [114 kB]
#13 87.91 Get:258 http://archive.ubuntu.com/ubuntu noble/universe amd64 libopenmpi-dev amd64 4.1.6-7ubuntu2 [864 kB]
#13 88.05 Get:259 http://archive.ubuntu.com/ubuntu noble/universe amd64 mpi-default-dev amd64 1.15build1 [3154 B]
#13 88.05 Get:260 http://archive.ubuntu.com/ubuntu noble-updates/universe amd64 libboost-mpi1.83-dev amd64 1.83.0-2.1ubuntu3.2 [296 kB]
#13 88.09 Get:261 http://archive.ubuntu.com/ubuntu noble/universe amd64 libboost-mpi-dev amd64 1.83.0.1ubuntu2 [4144 B]
#13 88.09 Get:262 http://archive.ubuntu.com/ubuntu noble-updates/main amd64 libboost-python1.83.0 amd64 1.83.0-2.1ubuntu3.2 [312 kB]
#13 88.13 Get:263 http://archive.ubuntu.com/ubuntu noble/universe amd64 mpi-default-bin amd64 1.15build1 [2376 B]
#13 88.13 Get:264 http://archive.ubuntu.com/ubuntu noble-updates/universe amd64 libboost-mpi-python1.83.0 amd64 1.83.0-2.1ubuntu3.2 [362 kB]
#13 88.18 Get:265 http://archive.ubuntu.com/ubuntu noble-updates/universe amd64 libboost-mpi-python1.83-dev amd64 1.83.0-2.1ubuntu3.2 [237 kB]
#13 88.21 Get:266 http://archive.ubuntu.com/ubuntu noble/universe amd64 libboost-mpi-python-dev amd64 1.83.0.1ubuntu2 [4196 B]
#13 88.21 Get:267 http://archive.ubuntu.com/ubuntu noble-updates/universe amd64 libboost-numpy1.83.0 amd64 1.83.0-2.1ubuntu3.2 [242 kB]
#13 88.33 Get:268 http://archive.ubuntu.com/ubuntu noble-updates/universe amd64 libboost-numpy1.83-dev amd64 1.83.0-2.1ubuntu3.2 [247 kB]
#13 88.36 Get:269 http://archive.ubuntu.com/ubuntu noble/universe amd64 libboost-numpy-dev amd64 1.83.0.1ubuntu2 [4100 B]
#13 88.36 Get:270 http://archive.ubuntu.com/ubuntu noble-updates/main amd64 libboost-program-options1.83.0 amd64 1.83.0-2.1ubuntu3.2 [321 kB]
#13 88.40 Get:271 http://archive.ubuntu.com/ubuntu noble-updates/main amd64 libboost-program-options1.83-dev amd64 1.83.0-2.1ubuntu3.2 [388 kB]
#13 88.58 Get:272 http://archive.ubuntu.com/ubuntu noble/main amd64 libboost-program-options-dev amd64 1.83.0.1ubuntu2 [4086 B]
#13 88.58 Get:273 http://archive.ubuntu.com/ubuntu noble-updates/main amd64 libpython3.12t64 amd64 3.12.3-1ubuntu0.16 [2339 kB]
#13 89.08 Get:274 http://archive.ubuntu.com/ubuntu noble-updates/main amd64 libexpat1-dev amd64 2.6.1-2ubuntu0.4 [140 kB]
#13 89.10 Get:275 http://archive.ubuntu.com/ubuntu noble-updates/main amd64 libpython3.12-dev amd64 3.12.3-1ubuntu0.16 [5683 kB]
#13 89.90 Get:276 http://archive.ubuntu.com/ubuntu noble-updates/main amd64 libpython3-dev amd64 3.12.3-0ubuntu2.1 [10.3 kB]
#13 89.91 Get:277 http://archive.ubuntu.com/ubuntu noble-updates/main amd64 python3.12-dev amd64 3.12.3-1ubuntu0.16 [498 kB]
#13 ...

#16 [ac-client-data-init client-data 3/3] COPY --chown=acore:acore apps apps
#16 DONE 1.0s

#13 [ac-authserver build 1/8] RUN apt-get update                                                         && apt-get install -y --no-install-recommends                                 build-essential ccache libtool cmake-data ninja-build cmake clang            git lsb-base curl unzip default-mysql-client openssl                          default-libmysqlclient-dev libboost-all-dev libssl-dev libmysql++-dev         libreadline-dev zlib1g-dev libbz2-dev libncurses5-dev liblzma-dev      && rm -rf /var/lib/apt/lists/*
#13 89.97 Get:278 http://archive.ubuntu.com/ubuntu noble/main amd64 libjs-underscore all 1.13.4~dfsg+~1.11.4-3 [118 kB]
#13 89.98 Get:279 http://archive.ubuntu.com/ubuntu noble/main amd64 libjs-sphinxdoc all 7.2.6-6 [149 kB]
#13 90.01 Get:280 http://archive.ubuntu.com/ubuntu noble-updates/main amd64 python3-dev amd64 3.12.3-0ubuntu2.1 [26.7 kB]
#13 90.01 Get:281 http://archive.ubuntu.com/ubuntu noble-updates/universe amd64 libboost-python1.83-dev amd64 1.83.0-2.1ubuntu3.2 [337 kB]
#13 90.04 Get:282 http://archive.ubuntu.com/ubuntu noble/universe amd64 libboost-python-dev amd64 1.83.0.1ubuntu2 [4344 B]
#13 90.04 Get:283 http://archive.ubuntu.com/ubuntu noble-updates/universe amd64 libboost-random1.83.0 amd64 1.83.0-2.1ubuntu3.2 [242 kB]
#13 90.08 Get:284 http://archive.ubuntu.com/ubuntu noble-updates/universe amd64 libboost-random1.83-dev amd64 1.83.0-2.1ubuntu3.2 [241 kB]
#13 90.12 Get:285 http://archive.ubuntu.com/ubuntu noble/universe amd64 libboost-random-dev amd64 1.83.0.1ubuntu2 [4062 B]
#13 90.12 Get:286 http://archive.ubuntu.com/ubuntu noble/main amd64 libboost-regex-dev amd64 1.83.0.1ubuntu2 [4324 B]
#13 90.12 Get:287 http://archive.ubuntu.com/ubuntu noble/universe amd64 libboost-serialization-dev amd64 1.83.0.1ubuntu2 [4280 B]
#13 90.15 Get:288 http://archive.ubuntu.com/ubuntu noble-updates/universe amd64 libboost-stacktrace1.83.0 amd64 1.83.0-2.1ubuntu3.2 [290 kB]
#13 90.18 Get:289 http://archive.ubuntu.com/ubuntu noble-updates/universe amd64 libboost-stacktrace1.83-dev amd64 1.83.0-2.1ubuntu3.2 [247 kB]
#13 ...

#7 [ac-worldserver internal] load build context
#7 ...

#12 [ac-authserver runtime 1/4] RUN apt-get update     && apt-get install -y --no-install-recommends       libmysqlclient21 libreadline8 libicu74 libncurses5-dev       gettext-base default-mysql-client       adduser     && rm -rf /var/lib/apt/lists/*
#12 80.59 Unpacking gettext-base (0.21-14ubuntu2) ...
#12 81.39 Selecting previously unselected package libedit2:amd64.
#12 81.39 Preparing to unpack .../05-libedit2_3.1-20230828-1build1_amd64.deb ...
#12 81.50 Unpacking libedit2:amd64 (3.1-20230828-1build1) ...
#12 82.19 Selecting previously unselected package libncurses6:amd64.
#12 82.19 Preparing to unpack .../06-libncurses6_6.4+20240113-1ubuntu2.2_amd64.deb ...
#12 82.29 Unpacking libncurses6:amd64 (6.4+20240113-1ubuntu2.2) ...
#12 82.81 Selecting previously unselected package mysql-client-core-8.0.
#12 82.81 Preparing to unpack .../07-mysql-client-core-8.0_8.0.46-0ubuntu0.24.04.4_amd64.deb ...
#12 82.94 Unpacking mysql-client-core-8.0 (8.0.46-0ubuntu0.24.04.4) ...
#12 84.34 Selecting previously unselected package mysql-common.
#12 84.35 Preparing to unpack .../08-mysql-common_5.8+1.1.0build1_all.deb ...
#12 84.46 Unpacking mysql-common (5.8+1.1.0build1) ...
#12 84.85 Selecting previously unselected package mysql-client-8.0.
#12 84.85 Preparing to unpack .../09-mysql-client-8.0_8.0.46-0ubuntu0.24.04.4_amd64.deb ...
#12 84.90 Unpacking mysql-client-8.0 (8.0.46-0ubuntu0.24.04.4) ...
#12 85.47 Selecting previously unselected package default-mysql-client.
#12 85.48 Preparing to unpack .../10-default-mysql-client_1.1.0build1_all.deb ...
#12 85.53 Unpacking default-mysql-client (1.1.0build1) ...
#12 85.79 Selecting previously unselected package libc-dev-bin.
#12 85.79 Preparing to unpack .../11-libc-dev-bin_2.39-0ubuntu8.8_amd64.deb ...
#12 85.83 Unpacking libc-dev-bin (2.39-0ubuntu8.8) ...
#12 86.34 Selecting previously unselected package linux-libc-dev:amd64.
#12 86.34 Preparing to unpack .../12-linux-libc-dev_6.8.0-139.139_amd64.deb ...
#12 86.39 Unpacking linux-libc-dev:amd64 (6.8.0-139.139) ...
#12 87.61 Selecting previously unselected package libcrypt-dev:amd64.
#12 87.61 Preparing to unpack .../13-libcrypt-dev_1%3a4.4.36-4build1_amd64.deb ...
#12 87.67 Unpacking libcrypt-dev:amd64 (1:4.4.36-4build1) ...
#12 88.00 Selecting previously unselected package rpcsvc-proto.
#12 88.00 Preparing to unpack .../14-rpcsvc-proto_1.4.2-0ubuntu7_amd64.deb ...
#12 88.04 Unpacking rpcsvc-proto (1.4.2-0ubuntu7) ...
#12 88.31 Selecting previously unselected package libc6-dev:amd64.
#12 88.32 Preparing to unpack .../15-libc6-dev_2.39-0ubuntu8.8_amd64.deb ...
#12 88.36 Unpacking libc6-dev:amd64 (2.39-0ubuntu8.8) ...
#12 89.58 Selecting previously unselected package libmysqlclient21:amd64.
#12 89.58 Preparing to unpack .../16-libmysqlclient21_8.0.46-0ubuntu0.24.04.4_amd64.deb ...
#12 89.63 Unpacking libmysqlclient21:amd64 (8.0.46-0ubuntu0.24.04.4) ...
#12 90.27 Selecting previously unselected package libncurses-dev:amd64.
#12 90.27 Preparing to unpack .../17-libncurses-dev_6.4+20240113-1ubuntu2.2_amd64.deb ...
#12 90.34 Unpacking libncurses-dev:amd64 (6.4+20240113-1ubuntu2.2) ...
#12 ...

#13 [ac-authserver build 1/8] RUN apt-get update                                                         && apt-get install -y --no-install-recommends                                 build-essential ccache libtool cmake-data ninja-build cmake clang            git lsb-base curl unzip default-mysql-client openssl                          default-libmysqlclient-dev libboost-all-dev libssl-dev libmysql++-dev         libreadline-dev zlib1g-dev libbz2-dev libncurses5-dev liblzma-dev      && rm -rf /var/lib/apt/lists/*
#13 90.24 Get:290 http://archive.ubuntu.com/ubuntu noble/universe amd64 libboost-stacktrace-dev amd64 1.83.0.1ubuntu2 [4068 B]
#13 90.25 Get:291 http://archive.ubuntu.com/ubuntu noble/universe amd64 libboost-system-dev amd64 1.83.0.1ubuntu2 [4206 B]
#13 90.25 Get:292 http://archive.ubuntu.com/ubuntu noble/universe amd64 libboost-test-dev amd64 1.83.0.1ubuntu2 [4090 B]
#13 90.25 Get:293 http://archive.ubuntu.com/ubuntu noble/main amd64 libboost-thread-dev amd64 1.83.0.1ubuntu2 [4088 B]
#13 90.25 Get:294 http://archive.ubuntu.com/ubuntu noble-updates/universe amd64 libboost-timer1.83.0 amd64 1.83.0-2.1ubuntu3.2 [241 kB]
#13 90.28 Get:295 http://archive.ubuntu.com/ubuntu noble-updates/universe amd64 libboost-timer1.83-dev amd64 1.83.0-2.1ubuntu3.2 [237 kB]
#13 90.31 Get:296 http://archive.ubuntu.com/ubuntu noble/universe amd64 libboost-timer-dev amd64 1.83.0.1ubuntu2 [4190 B]
#13 90.31 Get:297 http://archive.ubuntu.com/ubuntu noble-updates/universe amd64 libboost-type-erasure1.83.0 amd64 1.83.0-2.1ubuntu3.2 [246 kB]
#13 90.35 Get:298 http://archive.ubuntu.com/ubuntu noble-updates/universe amd64 libboost-type-erasure1.83-dev amd64 1.83.0-2.1ubuntu3.2 [250 kB]
#13 90.45 Get:299 http://archive.ubuntu.com/ubuntu noble/universe amd64 libboost-type-erasure-dev amd64 1.83.0.1ubuntu2 [4162 B]
#13 90.45 Get:300 http://archive.ubuntu.com/ubuntu noble-updates/main amd64 libboost-url1.83.0 amd64 1.83.0-2.1ubuntu3.2 [343 kB]
#13 90.52 Get:301 http://archive.ubuntu.com/ubuntu noble-updates/universe amd64 libboost-url1.83-dev amd64 1.83.0-2.1ubuntu3.2 [444 kB]
#13 90.58 Get:302 http://archive.ubuntu.com/ubuntu noble/universe amd64 libboost-url-dev amd64 1.83.0.1ubuntu2 [4192 B]
#13 90.58 Get:303 http://archive.ubuntu.com/ubuntu noble-updates/universe amd64 libboost-wave1.83.0 amd64 1.83.0-2.1ubuntu3.2 [454 kB]
#13 90.63 Get:304 http://archive.ubuntu.com/ubuntu noble-updates/universe amd64 libboost-wave1.83-dev amd64 1.83.0-2.1ubuntu3.2 [499 kB]
#13 90.68 Get:305 http://archive.ubuntu.com/ubuntu noble/universe amd64 libboost-wave-dev amd64 1.83.0.1ubuntu2 [4096 B]
#13 90.68 Get:306 http://archive.ubuntu.com/ubuntu noble-updates/universe amd64 libboost-nowide1.83.0 amd64 1.83.0-2.1ubuntu3.2 [240 kB]
#13 90.73 Get:307 http://archive.ubuntu.com/ubuntu noble-updates/universe amd64 libboost-nowide1.83-dev amd64 1.83.0-2.1ubuntu3.2 [236 kB]
#13 90.77 Get:308 http://archive.ubuntu.com/ubuntu noble/universe amd64 libboost-nowide-dev amd64 1.83.0.1ubuntu2 [4136 B]
#13 90.77 Get:309 http://archive.ubuntu.com/ubuntu noble/universe amd64 libboost-all-dev amd64 1.83.0.1ubuntu2 [2286 B]
#13 90.77 Get:310 http://archive.ubuntu.com/ubuntu noble-updates/main amd64 libbz2-dev amd64 1.0.8-5.1ubuntu0.1 [33.6 kB]
#13 90.78 Get:311 http://archive.ubuntu.com/ubuntu noble/universe amd64 libmysql++3t64 amd64 3.2.5-2.3 [102 kB]
#13 90.79 Get:312 http://archive.ubuntu.com/ubuntu noble/universe amd64 libmysql++-dev amd64 3.2.5-2.3 [96.3 kB]
#13 90.80 Get:313 http://archive.ubuntu.com/ubuntu noble-updates/main amd64 libncurses-dev amd64 6.4+20240113-1ubuntu2.2 [384 kB]
#13 90.85 Get:314 http://archive.ubuntu.com/ubuntu noble/main amd64 libreadline-dev amd64 8.2-4build1 [167 kB]
#13 90.89 Get:315 http://archive.ubuntu.com/ubuntu noble/main amd64 libtool all 2.4.7-7build1 [166 kB]
#13 90.92 Get:316 http://archive.ubuntu.com/ubuntu noble/main amd64 lsb-base all 11.6 [4606 B]
#13 90.93 Get:317 http://archive.ubuntu.com/ubuntu noble/universe amd64 ninja-build amd64 1.11.1-2 [129 kB]
#13 90.97 Get:318 http://archive.ubuntu.com/ubuntu noble-updates/main amd64 unzip amd64 6.0-28ubuntu4.1 [174 kB]
#13 90.99 Get:319 http://archive.ubuntu.com/ubuntu noble-updates/main amd64 liblzma-dev amd64 5.6.1+really5.4.5-1ubuntu0.3 [176 kB]
#13 91.69 debconf: delaying package configuration, since apt-utils is not installed
#13 91.82 Fetched 321 MB in 1min 2s (5191 kB/s)
#13 92.04 (Reading database ... 
(Reading database ... 5%
(Reading database ... 10%
(Reading database ... 15%
(Reading database ... 20%
(Reading database ... 25%
(Reading database ... 30%
(Reading database ... 35%
(Reading database ... 40%
(Reading database ... 45%
(Reading database ... 50%
(Reading database ... 55%
(Reading database ... 60%
(Reading database ... 65%
(Reading database ... 70%
(Reading database ... 75%
(Reading database ... 80%
(Reading database ... 85%
(Reading database ... 90%
(Reading database ... 95%
(Reading database ... 100%
(Reading database ... 5366 files and directories currently installed.)
#13 92.09 Preparing to unpack .../ncurses-bin_6.4+20240113-1ubuntu2.2_amd64.deb ...
#13 92.37 Unpacking ncurses-bin (6.4+20240113-1ubuntu2.2) over (6.4+20240113-1ubuntu2.1) ...
#13 93.04 Setting up ncurses-bin (6.4+20240113-1ubuntu2.2) ...
#13 93.61 (Reading database ... 
(Reading database ... 5%
(Reading database ... 10%
(Reading database ... 15%
(Reading database ... 20%
(Reading database ... 25%
(Reading database ... 30%
(Reading database ... 35%
(Reading database ... 40%
(Reading database ... 45%
(Reading database ... 50%
(Reading database ... 55%
(Reading database ... 60%
(Reading database ... 65%
(Reading database ... 70%
(Reading database ... 75%
(Reading database ... 80%
(Reading database ... 85%
(Reading database ... 90%
(Reading database ... 95%
(Reading database ... 100%
(Reading database ... 5366 files and directories currently installed.)
#13 93.66 Preparing to unpack .../perl-base_5.38.2-3.2ubuntu0.4_amd64.deb ...
#13 93.93 Unpacking perl-base (5.38.2-3.2ubuntu0.4) over (5.38.2-3.2ubuntu0.3) ...
#13 ...

#12 [ac-db-import runtime 1/4] RUN apt-get update     && apt-get install -y --no-install-recommends       libmysqlclient21 libreadline8 libicu74 libncurses5-dev       gettext-base default-mysql-client       adduser     && rm -rf /var/lib/apt/lists/*
#12 90.79 Setting up mysql-common (5.8+1.1.0build1) ...
#12 91.25 update-alternatives: using /etc/mysql/my.cnf.fallback to provide /etc/mysql/my.cnf (my.cnf) in auto mode
#12 91.32 Setting up libmysqlclient21:amd64 (8.0.46-0ubuntu0.24.04.4) ...
#12 91.47 Setting up linux-libc-dev:amd64 (6.8.0-139.139) ...
#12 91.62 Setting up gettext-base (0.21-14ubuntu2) ...
#12 91.74 Setting up rpcsvc-proto (1.4.2-0ubuntu7) ...
#12 91.94 Setting up libncurses6:amd64 (6.4+20240113-1ubuntu2.2) ...
#12 92.12 Setting up libncursesw6:amd64 (6.4+20240113-1ubuntu2.2) ...
#12 92.38 Setting up libicu74:amd64 (74.2-1ubuntu3.1) ...
#12 92.58 Setting up libcrypt-dev:amd64 (1:4.4.36-4build1) ...
#12 92.77 Setting up libc-dev-bin (2.39-0ubuntu8.8) ...
#12 92.97 Setting up libbsd0:amd64 (0.12.1-1build1.1) ...
#12 93.21 Setting up readline-common (8.2-4build1) ...
#12 93.38 Setting up libedit2:amd64 (3.1-20230828-1build1) ...
#12 93.55 Setting up libreadline8t64:amd64 (8.2-4build1) ...
#12 93.70 Setting up libc6-dev:amd64 (2.39-0ubuntu8.8) ...
#12 93.92 Setting up mysql-client-core-8.0 (8.0.46-0ubuntu0.24.04.4) ...
#12 94.13 Setting up libncurses-dev:amd64 (6.4+20240113-1ubuntu2.2) ...
#12 94.30 Setting up mysql-client-8.0 (8.0.46-0ubuntu0.24.04.4) ...
#12 94.48 Setting up default-mysql-client (1.1.0build1) ...
#12 94.84 Processing triggers for libc-bin (2.39-0ubuntu8.8) ...
#12 DONE 95.6s

#7 [ac-worldserver internal] load build context
#7 transferring context: 161.52MB 127.5s
#7 ...

#12 [ac-authserver runtime 1/4] RUN apt-get update     && apt-get install -y --no-install-recommends       libmysqlclient21 libreadline8 libicu74 libncurses5-dev       gettext-base default-mysql-client       adduser     && rm -rf /var/lib/apt/lists/*
#12 DONE 95.6s

#7 [ac-worldserver internal] load build context
#7 ...

#6 [ac-db-import internal] load build context
#6 ...

#7 [ac-worldserver internal] load build context
#7 ...

#17 [ac-client-data-init] exporting to image
#17 exporting layers 3.7s done
#17 exporting manifest sha256:deef064ce3ab22b6f32fcc3a80b3b35d318281e5102922556a6bd270b6fe593d 0.2s done
#17 exporting config sha256:2339975b5b024551ca9e0c19afc6d863083ec7259e183f3a42a2a8305f549f19 0.2s done
#17 exporting attestation manifest sha256:04895622c79aa9aea9f3233b37e46fdc050e4241c830b816095704530e58d48d 0.3s done
#17 exporting manifest list sha256:9dd3018100b9728efbebdb663d4373715da102456cf7f4b5c1ec66984605c89e 0.2s done
#17 naming to yulon.local/ac-wotlk-client-data:native-f7357748 0.0s done
#17 unpacking to yulon.local/ac-wotlk-client-data:native-f7357748 2.6s done
#17 DONE 7.5s

#7 [ac-worldserver internal] load build context
#7 ...

#18 [ac-client-data-init] resolving provenance for metadata file
#18 DONE 0.3s

#7 [ac-worldserver internal] load build context
#7 transferring context: 173.36MB 132.6s
#7 transferring context: 188.36MB 137.8s
#7 ...

#6 [ac-db-import internal] load build context
#6 ...

#7 [ac-worldserver internal] load build context
#7 transferring context: 200.99MB 142.8s
#7 transferring context: 214.18MB 147.9s
#7 ...

#6 [ac-db-import internal] load build context
#6 ...

#7 [ac-worldserver internal] load build context
#7 ...

#13 [ac-authserver build 1/8] RUN apt-get update                                                         && apt-get install -y --no-install-recommends                                 build-essential ccache libtool cmake-data ninja-build cmake clang            git lsb-base curl unzip default-mysql-client openssl                          default-libmysqlclient-dev libboost-all-dev libssl-dev libmysql++-dev         libreadline-dev zlib1g-dev libbz2-dev libncurses5-dev liblzma-dev      && rm -rf /var/lib/apt/lists/*
#13 108.5 Setting up perl-base (5.38.2-3.2ubuntu0.4) ...
#13 108.8 (Reading database ... 
(Reading database ... 5%
(Reading database ... 10%
(Reading database ... 15%
(Reading database ... 20%
(Reading database ... 25%
(Reading database ... 30%
(Reading database ... 35%
(Reading database ... 40%
(Reading database ... 45%
(Reading database ... 50%
(Reading database ... 55%
(Reading database ... 60%
(Reading database ... 65%
(Reading database ... 70%
(Reading database ... 75%
(Reading database ... 80%
(Reading database ... 85%
(Reading database ... 90%
(Reading database ... 95%
(Reading database ... 100%
(Reading database ... 5366 files and directories currently installed.)
#13 108.9 Preparing to unpack .../ncurses-base_6.4+20240113-1ubuntu2.2_all.deb ...
#13 109.0 Unpacking ncurses-base (6.4+20240113-1ubuntu2.2) over (6.4+20240113-1ubuntu2.1) ...
#13 110.6 Setting up ncurses-base (6.4+20240113-1ubuntu2.2) ...
#13 111.0 Selecting previously unselected package libpython3.12-minimal:amd64.
#13 111.0 (Reading database ... 
(Reading database ... 5%
(Reading database ... 10%
(Reading database ... 15%
(Reading database ... 20%
(Reading database ... 25%
(Reading database ... 30%
(Reading database ... 35%
(Reading database ... 40%
(Reading database ... 45%
(Reading database ... 50%
(Reading database ... 55%
(Reading database ... 60%
(Reading database ... 65%
(Reading database ... 70%
(Reading database ... 75%
(Reading database ... 80%
(Reading database ... 85%
(Reading database ... 90%
(Reading database ... 95%
(Reading database ... 100%
(Reading database ... 5366 files and directories currently installed.)
#13 111.0 Preparing to unpack .../libpython3.12-minimal_3.12.3-1ubuntu0.16_amd64.deb ...
#13 111.1 Unpacking libpython3.12-minimal:amd64 (3.12.3-1ubuntu0.16) ...
#13 112.2 Selecting previously unselected package libexpat1:amd64.
#13 112.2 Preparing to unpack .../libexpat1_2.6.1-2ubuntu0.4_amd64.deb ...
#13 112.2 Unpacking libexpat1:amd64 (2.6.1-2ubuntu0.4) ...
#13 112.5 Preparing to unpack .../zlib1g_1%3a1.3.dfsg-3.1ubuntu2.2_amd64.deb ...
#13 112.6 Unpacking zlib1g:amd64 (1:1.3.dfsg-3.1ubuntu2.2) over (1:1.3.dfsg-3.1ubuntu2.1) ...
#13 113.0 Setting up zlib1g:amd64 (1:1.3.dfsg-3.1ubuntu2.2) ...
#13 113.4 Selecting previously unselected package python3.12-minimal.
#13 113.4 (Reading database ... 
(Reading database ... 5%
(Reading database ... 10%
(Reading database ... 15%
(Reading database ... 20%
(Reading database ... 25%
(Reading database ... 30%
(Reading database ... 35%
(Reading database ... 40%
(Reading database ... 45%
(Reading database ... 50%
(Reading database ... 55%
(Reading database ... 60%
(Reading database ... 65%
(Reading database ... 70%
(Reading database ... 75%
(Reading database ... 80%
(Reading database ... 85%
(Reading database ... 90%
(Reading database ... 95%
(Reading database ... 100%
(Reading database ... 5674 files and directories currently installed.)
#13 113.4 Preparing to unpack .../python3.12-minimal_3.12.3-1ubuntu0.16_amd64.deb ...
#13 113.5 Unpacking python3.12-minimal (3.12.3-1ubuntu0.16) ...
#13 114.5 Setting up libpython3.12-minimal:amd64 (3.12.3-1ubuntu0.16) ...
#13 114.8 Setting up libexpat1:amd64 (2.6.1-2ubuntu0.4) ...
#13 114.8 Setting up python3.12-minimal (3.12.3-1ubuntu0.16) ...
#13 117.5 Selecting previously unselected package python3-minimal.
#13 117.5 (Reading database ... 
(Reading database ... 5%
(Reading database ... 10%
(Reading database ... 15%
(Reading database ... 20%
(Reading database ... 25%
(Reading database ... 30%
(Reading database ... 35%
(Reading database ... 40%
(Reading database ... 45%
(Reading database ... 50%
(Reading database ... 55%
(Reading database ... 60%
(Reading database ... 65%
(Reading database ... 70%
(Reading database ... 75%
(Reading database ... 80%
(Reading database ... 85%
(Reading database ... 90%
(Reading database ... 95%
(Reading database ... 100%
(Reading database ... 5685 files and directories currently installed.)
#13 117.5 Preparing to unpack .../python3-minimal_3.12.3-0ubuntu2.1_amd64.deb ...
#13 117.5 Unpacking python3-minimal (3.12.3-0ubuntu2.1) ...
#13 117.8 Selecting previously unselected package media-types.
#13 117.8 Preparing to unpack .../media-types_10.1.0_all.deb ...
#13 117.9 Unpacking media-types (10.1.0) ...
#13 118.1 Selecting previously unselected package netbase.
#13 118.2 Preparing to unpack .../archives/netbase_6.4_all.deb ...
#13 118.2 Unpacking netbase (6.4) ...
#13 118.4 Preparing to unpack .../libbz2-1.0_1.0.8-5.1ubuntu0.1_amd64.deb ...
#13 118.5 Unpacking libbz2-1.0:amd64 (1.0.8-5.1ubuntu0.1) over (1.0.8-5.1build0.1) ...
#13 ...

#7 [ac-worldserver internal] load build context
#7 transferring context: 229.33MB 152.9s
#7 transferring context: 241.47MB 158.0s
#7 ...

#6 [ac-db-import internal] load build context
#6 ...

#7 [ac-worldserver internal] load build context
#7 ...

#13 [ac-authserver build 1/8] RUN apt-get update                                                         && apt-get install -y --no-install-recommends                                 build-essential ccache libtool cmake-data ninja-build cmake clang            git lsb-base curl unzip default-mysql-client openssl                          default-libmysqlclient-dev libboost-all-dev libssl-dev libmysql++-dev         libreadline-dev zlib1g-dev libbz2-dev libncurses5-dev liblzma-dev      && rm -rf /var/lib/apt/lists/*
#13 118.8 Setting up libbz2-1.0:amd64 (1.0.8-5.1ubuntu0.1) ...
#13 119.1 (Reading database ... 
(Reading database ... 5%
(Reading database ... 10%
(Reading database ... 15%
(Reading database ... 20%
(Reading database ... 25%
(Reading database ... 30%
(Reading database ... 35%
(Reading database ... 40%
(Reading database ... 45%
(Reading database ... 50%
(Reading database ... 55%
(Reading database ... 60%
(Reading database ... 65%
(Reading database ... 70%
(Reading database ... 75%
(Reading database ... 80%
(Reading database ... 85%
(Reading database ... 90%
(Reading database ... 95%
(Reading database ... 100%
(Reading database ... 5719 files and directories currently installed.)
#13 119.1 Preparing to unpack .../libncursesw6_6.4+20240113-1ubuntu2.2_amd64.deb ...
#13 119.2 Unpacking libncursesw6:amd64 (6.4+20240113-1ubuntu2.2) over (6.4+20240113-1ubuntu2.1) ...
#13 119.6 Preparing to unpack .../libtinfo6_6.4+20240113-1ubuntu2.2_amd64.deb ...
#13 119.7 Unpacking libtinfo6:amd64 (6.4+20240113-1ubuntu2.2) over (6.4+20240113-1ubuntu2.1) ...
#13 120.0 Setting up libtinfo6:amd64 (6.4+20240113-1ubuntu2.2) ...
#13 120.4 Selecting previously unselected package readline-common.
#13 120.4 (Reading database ... 
(Reading database ... 5%
(Reading database ... 10%
(Reading database ... 15%
(Reading database ... 20%
(Reading database ... 25%
(Reading database ... 30%
(Reading database ... 35%
(Reading database ... 40%
(Reading database ... 45%
(Reading database ... 50%
(Reading database ... 55%
(Reading database ... 60%
(Reading database ... 65%
(Reading database ... 70%
(Reading database ... 75%
(Reading database ... 80%
(Reading database ... 85%
(Reading database ... 90%
(Reading database ... 95%
(Reading database ... 100%
(Reading database ... 5719 files and directories currently installed.)
#13 120.5 Preparing to unpack .../0-readline-common_8.2-4build1_all.deb ...
#13 120.6 Unpacking readline-common (8.2-4build1) ...
#13 120.8 Selecting previously unselected package libreadline8t64:amd64.
#13 120.8 Preparing to unpack .../1-libreadline8t64_8.2-4build1_amd64.deb ...
#13 120.9 Adding 'diversion of /lib/x86_64-linux-gnu/libhistory.so.8 to /lib/x86_64-linux-gnu/libhistory.so.8.usr-is-merged by libreadline8t64'
#13 121.0 Adding 'diversion of /lib/x86_64-linux-gnu/libhistory.so.8.2 to /lib/x86_64-linux-gnu/libhistory.so.8.2.usr-is-merged by libreadline8t64'
#13 121.0 Adding 'diversion of /lib/x86_64-linux-gnu/libreadline.so.8 to /lib/x86_64-linux-gnu/libreadline.so.8.usr-is-merged by libreadline8t64'
#13 121.0 Adding 'diversion of /lib/x86_64-linux-gnu/libreadline.so.8.2 to /lib/x86_64-linux-gnu/libreadline.so.8.2.usr-is-merged by libreadline8t64'
#13 121.0 Unpacking libreadline8t64:amd64 (8.2-4build1) ...
#13 121.3 Selecting previously unselected package libsqlite3-0:amd64.
#13 121.3 Preparing to unpack .../2-libsqlite3-0_3.45.1-1ubuntu2.7_amd64.deb ...
#13 121.3 Unpacking libsqlite3-0:amd64 (3.45.1-1ubuntu2.7) ...
#13 121.7 Selecting previously unselected package libpython3.12-stdlib:amd64.
#13 121.7 Preparing to unpack .../3-libpython3.12-stdlib_3.12.3-1ubuntu0.16_amd64.deb ...
#13 121.8 Unpacking libpython3.12-stdlib:amd64 (3.12.3-1ubuntu0.16) ...
#13 122.3 Selecting previously unselected package python3.12.
#13 122.3 Preparing to unpack .../4-python3.12_3.12.3-1ubuntu0.16_amd64.deb ...
#13 122.4 Unpacking python3.12 (3.12.3-1ubuntu0.16) ...
#13 122.6 Selecting previously unselected package libpython3-stdlib:amd64.
#13 122.6 Preparing to unpack .../5-libpython3-stdlib_3.12.3-0ubuntu2.1_amd64.deb ...
#13 122.6 Unpacking libpython3-stdlib:amd64 (3.12.3-0ubuntu2.1) ...
#13 122.8 Setting up python3-minimal (3.12.3-0ubuntu2.1) ...
#13 123.9 Selecting previously unselected package python3.
#13 123.9 (Reading database ... 
(Reading database ... 5%
(Reading database ... 10%
(Reading database ... 15%
(Reading database ... 20%
(Reading database ... 25%
(Reading database ... 30%
(Reading database ... 35%
(Reading database ... 40%
(Reading database ... 45%
(Reading database ... 50%
(Reading database ... 55%
(Reading database ... 60%
(Reading database ... 65%
(Reading database ... 70%
(Reading database ... 75%
(Reading database ... 80%
(Reading database ... 85%
(Reading database ... 90%
(Reading database ... 95%
(Reading database ... 100%
(Reading database ... 6162 files and directories currently installed.)
#13 123.9 Preparing to unpack .../0-python3_3.12.3-0ubuntu2.1_amd64.deb ...
#13 123.9 Unpacking python3 (3.12.3-0ubuntu2.1) ...
#13 124.2 Selecting previously unselected package perl-modules-5.38.
#13 124.2 Preparing to unpack .../1-perl-modules-5.38_5.38.2-3.2ubuntu0.4_all.deb ...
#13 124.3 Unpacking perl-modules-5.38 (5.38.2-3.2ubuntu0.4) ...
#13 126.7 Selecting previously unselected package libgdbm6t64:amd64.
#13 126.7 Preparing to unpack .../2-libgdbm6t64_1.23-5.1build1_amd64.deb ...
#13 126.8 Unpacking libgdbm6t64:amd64 (1.23-5.1build1) ...
#13 127.1 Selecting previously unselected package libgdbm-compat4t64:amd64.
#13 127.1 Preparing to unpack .../3-libgdbm-compat4t64_1.23-5.1build1_amd64.deb ...
#13 127.1 Unpacking libgdbm-compat4t64:amd64 (1.23-5.1build1) ...
#13 127.4 Selecting previously unselected package libperl5.38t64:amd64.
#13 127.4 Preparing to unpack .../4-libperl5.38t64_5.38.2-3.2ubuntu0.4_amd64.deb ...
#13 127.4 Unpacking libperl5.38t64:amd64 (5.38.2-3.2ubuntu0.4) ...
#13 128.5 Selecting previously unselected package perl.
#13 128.5 Preparing to unpack .../5-perl_5.38.2-3.2ubuntu0.4_amd64.deb ...
#13 128.6 Unpacking perl (5.38.2-3.2ubuntu0.4) ...
#13 ...

#7 [ac-worldserver internal] load build context
#7 transferring context: 254.49MB 163.1s
#7 transferring context: 268.67MB 168.2s
#7 ...

#6 [ac-db-import internal] load build context
#6 ...

#7 [ac-worldserver internal] load build context
#7 ...

#13 [ac-authserver build 1/8] RUN apt-get update                                                         && apt-get install -y --no-install-recommends                                 build-essential ccache libtool cmake-data ninja-build cmake clang            git lsb-base curl unzip default-mysql-client openssl                          default-libmysqlclient-dev libboost-all-dev libssl-dev libmysql++-dev         libreadline-dev zlib1g-dev libbz2-dev libncurses5-dev liblzma-dev      && rm -rf /var/lib/apt/lists/*
#13 129.0 Selecting previously unselected package adduser.
#13 129.0 Preparing to unpack .../6-adduser_3.137ubuntu1_all.deb ...
#13 129.1 Unpacking adduser (3.137ubuntu1) ...
#13 129.4 Setting up adduser (3.137ubuntu1) ...
#13 130.3 Selecting previously unselected package libbsd0:amd64.
#13 130.3 (Reading database ... 
(Reading database ... 5%
(Reading database ... 10%
(Reading database ... 15%
(Reading database ... 20%
(Reading database ... 25%
(Reading database ... 30%
(Reading database ... 35%
(Reading database ... 40%
(Reading database ... 45%
(Reading database ... 50%
(Reading database ... 55%
(Reading database ... 60%
(Reading database ... 65%
(Reading database ... 70%
(Reading database ... 75%
(Reading database ... 80%
(Reading database ... 85%
(Reading database ... 90%
(Reading database ... 95%
(Reading database ... 100%
(Reading database ... 8243 files and directories currently installed.)
#13 130.4 Preparing to unpack .../000-libbsd0_0.12.1-1build1.1_amd64.deb ...
#13 130.4 Unpacking libbsd0:amd64 (0.12.1-1build1.1) ...
#13 130.7 Selecting previously unselected package libelf1t64:amd64.
#13 130.7 Preparing to unpack .../001-libelf1t64_0.190-1.1ubuntu0.1_amd64.deb ...
#13 130.7 Unpacking libelf1t64:amd64 (0.190-1.1ubuntu0.1) ...
#13 131.1 Selecting previously unselected package libkrb5support0:amd64.
#13 131.1 Preparing to unpack .../002-libkrb5support0_1.20.1-6ubuntu2.8_amd64.deb ...
#13 131.1 Unpacking libkrb5support0:amd64 (1.20.1-6ubuntu2.8) ...
#13 131.4 Selecting previously unselected package libk5crypto3:amd64.
#13 131.4 Preparing to unpack .../003-libk5crypto3_1.20.1-6ubuntu2.8_amd64.deb ...
#13 131.4 Unpacking libk5crypto3:amd64 (1.20.1-6ubuntu2.8) ...
#13 131.7 Selecting previously unselected package libkeyutils1:amd64.
#13 131.7 Preparing to unpack .../004-libkeyutils1_1.6.3-3build1_amd64.deb ...
#13 131.7 Unpacking libkeyutils1:amd64 (1.6.3-3build1) ...
#13 132.0 Selecting previously unselected package libkrb5-3:amd64.
#13 132.0 Preparing to unpack .../005-libkrb5-3_1.20.1-6ubuntu2.8_amd64.deb ...
#13 132.0 Unpacking libkrb5-3:amd64 (1.20.1-6ubuntu2.8) ...
#13 132.4 Selecting previously unselected package libgssapi-krb5-2:amd64.
#13 132.4 Preparing to unpack .../006-libgssapi-krb5-2_1.20.1-6ubuntu2.8_amd64.deb ...
#13 132.4 Unpacking libgssapi-krb5-2:amd64 (1.20.1-6ubuntu2.8) ...
#13 132.6 Selecting previously unselected package libicu74:amd64.
#13 132.6 Preparing to unpack .../007-libicu74_74.2-1ubuntu3.1_amd64.deb ...
#13 132.7 Unpacking libicu74:amd64 (74.2-1ubuntu3.1) ...
#13 133.6 Selecting previously unselected package libxml2:amd64.
#13 133.6 Preparing to unpack .../008-libxml2_2.9.14+dfsg-1.3ubuntu3.8_amd64.deb ...
#13 133.6 Unpacking libxml2:amd64 (2.9.14+dfsg-1.3ubuntu3.8) ...
#13 133.8 Selecting previously unselected package libmagic-mgc.
#13 133.8 Preparing to unpack .../009-libmagic-mgc_1%3a5.45-3build1_amd64.deb ...
#13 133.9 Unpacking libmagic-mgc (1:5.45-3build1) ...
#13 134.9 Selecting previously unselected package libmagic1t64:amd64.
#13 134.9 Preparing to unpack .../010-libmagic1t64_1%3a5.45-3build1_amd64.deb ...
#13 134.9 Unpacking libmagic1t64:amd64 (1:5.45-3build1) ...
#13 135.2 Selecting previously unselected package file.
#13 135.2 Preparing to unpack .../011-file_1%3a5.45-3build1_amd64.deb ...
#13 135.2 Unpacking file (1:5.45-3build1) ...
#13 135.6 Selecting previously unselected package libnl-3-200:amd64.
#13 135.6 Preparing to unpack .../012-libnl-3-200_3.7.0-0.3build1.1_amd64.deb ...
#13 135.6 Unpacking libnl-3-200:amd64 (3.7.0-0.3build1.1) ...
#13 135.9 Selecting previously unselected package libnl-route-3-200:amd64.
#13 135.9 Preparing to unpack .../013-libnl-route-3-200_3.7.0-0.3build1.1_amd64.deb ...
#13 135.9 Unpacking libnl-route-3-200:amd64 (3.7.0-0.3build1.1) ...
#13 136.3 Selecting previously unselected package libibverbs1:amd64.
#13 136.3 Preparing to unpack .../014-libibverbs1_50.0-2ubuntu0.2_amd64.deb ...
#13 136.3 Unpacking libibverbs1:amd64 (50.0-2ubuntu0.2) ...
#13 136.7 Selecting previously unselected package ibverbs-providers:amd64.
#13 136.7 Preparing to unpack .../015-ibverbs-providers_50.0-2ubuntu0.2_amd64.deb ...
#13 136.8 Unpacking ibverbs-providers:amd64 (50.0-2ubuntu0.2) ...
#13 137.6 Selecting previously unselected package libcbor0.10:amd64.
#13 137.6 Preparing to unpack .../016-libcbor0.10_0.10.2-1.2ubuntu2_amd64.deb ...
#13 137.7 Unpacking libcbor0.10:amd64 (0.10.2-1.2ubuntu2) ...
#13 137.9 Selecting previously unselected package libdrm-common.
#13 137.9 Preparing to unpack .../017-libdrm-common_2.4.125-1ubuntu0.1~24.04.2_all.deb ...
#13 138.0 Unpacking libdrm-common (2.4.125-1ubuntu0.1~24.04.2) ...
#13 138.2 Selecting previously unselected package libdrm2:amd64.
#13 138.2 Preparing to unpack .../018-libdrm2_2.4.125-1ubuntu0.1~24.04.2_amd64.deb ...
#13 138.2 Unpacking libdrm2:amd64 (2.4.125-1ubuntu0.1~24.04.2) ...
#13 138.5 Selecting previously unselected package libedit2:amd64.
#13 138.5 Preparing to unpack .../019-libedit2_3.1-20230828-1build1_amd64.deb ...
#13 138.6 Unpacking libedit2:amd64 (3.1-20230828-1build1) ...
#13 138.8 Selecting previously unselected package libfido2-1:amd64.
#13 138.8 Preparing to unpack .../020-libfido2-1_1.14.0-1build3_amd64.deb ...
#13 138.8 Unpacking libfido2-1:amd64 (1.14.0-1build3) ...
#13 139.1 Selecting previously unselected package libjansson4:amd64.
#13 139.1 Preparing to unpack .../021-libjansson4_2.14-2build2_amd64.deb ...
#13 139.1 Unpacking libjansson4:amd64 (2.14-2build2) ...
#13 ...

#6 [ac-db-import internal] load build context
#6 transferring context: 318.92MB 173.5s
#6 ...

#7 [ac-worldserver internal] load build context
#7 transferring context: 292.99MB 178.3s
#7 ...

#13 [ac-authserver build 1/8] RUN apt-get update                                                         && apt-get install -y --no-install-recommends                                 build-essential ccache libtool cmake-data ninja-build cmake clang            git lsb-base curl unzip default-mysql-client openssl                          default-libmysqlclient-dev libboost-all-dev libssl-dev libmysql++-dev         libreadline-dev zlib1g-dev libbz2-dev libncurses5-dev liblzma-dev      && rm -rf /var/lib/apt/lists/*
#13 139.4 Selecting previously unselected package libncurses6:amd64.
#13 139.4 Preparing to unpack .../022-libncurses6_6.4+20240113-1ubuntu2.2_amd64.deb ...
#13 139.4 Unpacking libncurses6:amd64 (6.4+20240113-1ubuntu2.2) ...
#13 139.7 Selecting previously unselected package libnghttp2-14:amd64.
#13 139.7 Preparing to unpack .../023-libnghttp2-14_1.59.0-1ubuntu0.4_amd64.deb ...
#13 139.7 Unpacking libnghttp2-14:amd64 (1.59.0-1ubuntu0.4) ...
#13 140.0 Selecting previously unselected package libnuma1:amd64.
#13 140.0 Preparing to unpack .../024-libnuma1_2.0.18-1ubuntu0.24.04.1_amd64.deb ...
#13 140.1 Unpacking libnuma1:amd64 (2.0.18-1ubuntu0.24.04.1) ...
#13 140.4 Selecting previously unselected package libpsl5t64:amd64.
#13 140.4 Preparing to unpack .../025-libpsl5t64_0.21.2-1.1build1_amd64.deb ...
#13 140.5 Unpacking libpsl5t64:amd64 (0.21.2-1.1build1) ...
#13 140.8 Selecting previously unselected package libuv1t64:amd64.
#13 140.8 Preparing to unpack .../026-libuv1t64_1.48.0-1.1build1_amd64.deb ...
#13 140.9 Unpacking libuv1t64:amd64 (1.48.0-1.1build1) ...
#13 141.1 Selecting previously unselected package libxau6:amd64.
#13 141.1 Preparing to unpack .../027-libxau6_1%3a1.0.9-1build6_amd64.deb ...
#13 141.1 Unpacking libxau6:amd64 (1:1.0.9-1build6) ...
#13 141.6 Selecting previously unselected package libxdmcp6:amd64.
#13 141.6 Preparing to unpack .../028-libxdmcp6_1%3a1.1.3-0ubuntu6_amd64.deb ...
#13 141.6 Unpacking libxdmcp6:amd64 (1:1.1.3-0ubuntu6) ...
#13 141.9 Selecting previously unselected package libxcb1:amd64.
#13 141.9 Preparing to unpack .../029-libxcb1_1.15-1ubuntu2_amd64.deb ...
#13 141.9 Unpacking libxcb1:amd64 (1.15-1ubuntu2) ...
#13 142.1 Selecting previously unselected package libx11-data.
#13 142.1 Preparing to unpack .../030-libx11-data_2%3a1.8.7-1build1_all.deb ...
#13 142.1 Unpacking libx11-data (2:1.8.7-1build1) ...
#13 143.1 Selecting previously unselected package libx11-6:amd64.
#13 143.1 Preparing to unpack .../031-libx11-6_2%3a1.8.7-1build1_amd64.deb ...
#13 143.1 Unpacking libx11-6:amd64 (2:1.8.7-1build1) ...
#13 143.5 Selecting previously unselected package libxext6:amd64.
#13 143.5 Preparing to unpack .../032-libxext6_2%3a1.3.4-1build2_amd64.deb ...
#13 143.5 Unpacking libxext6:amd64 (2:1.3.4-1build2) ...
#13 143.8 Selecting previously unselected package openssh-client.
#13 143.8 Preparing to unpack .../033-openssh-client_1%3a9.6p1-3ubuntu13.19_amd64.deb ...
#13 143.9 Unpacking openssh-client (1:9.6p1-3ubuntu13.19) ...
#13 144.3 Selecting previously unselected package xz-utils.
#13 144.3 Preparing to unpack .../034-xz-utils_5.6.1+really5.4.5-1ubuntu0.3_amd64.deb ...
#13 144.3 Unpacking xz-utils (5.6.1+really5.4.5-1ubuntu0.3) ...
#13 144.5 Selecting previously unselected package m4.
#13 144.5 Preparing to unpack .../035-m4_1.4.19-4build1_amd64.deb ...
#13 144.6 Unpacking m4 (1.4.19-4build1) ...
#13 144.9 Selecting previously unselected package autoconf.
#13 144.9 Preparing to unpack .../036-autoconf_2.71-3_all.deb ...
#13 144.9 Unpacking autoconf (2.71-3) ...
#13 145.2 Selecting previously unselected package autotools-dev.
#13 145.2 Preparing to unpack .../037-autotools-dev_20220109.1_all.deb ...
#13 145.3 Unpacking autotools-dev (20220109.1) ...
#13 145.6 Selecting previously unselected package automake.
#13 145.6 Preparing to unpack .../038-automake_1%3a1.16.5-1.3ubuntu1_all.deb ...
#13 145.6 Unpacking automake (1:1.16.5-1.3ubuntu1) ...
#13 146.5 Selecting previously unselected package binutils-common:amd64.
#13 146.5 Preparing to unpack .../039-binutils-common_2.42-4ubuntu2.10_amd64.deb ...
#13 146.5 Unpacking binutils-common:amd64 (2.42-4ubuntu2.10) ...
#13 146.9 Selecting previously unselected package libsframe1:amd64.
#13 146.9 Preparing to unpack .../040-libsframe1_2.42-4ubuntu2.10_amd64.deb ...
#13 146.9 Unpacking libsframe1:amd64 (2.42-4ubuntu2.10) ...
#13 147.1 Selecting previously unselected package libbinutils:amd64.
#13 147.1 Preparing to unpack .../041-libbinutils_2.42-4ubuntu2.10_amd64.deb ...
#13 147.2 Unpacking libbinutils:amd64 (2.42-4ubuntu2.10) ...
#13 147.5 Selecting previously unselected package libctf-nobfd0:amd64.
#13 147.5 Preparing to unpack .../042-libctf-nobfd0_2.42-4ubuntu2.10_amd64.deb ...
#13 147.5 Unpacking libctf-nobfd0:amd64 (2.42-4ubuntu2.10) ...
#13 147.8 Selecting previously unselected package libctf0:amd64.
#13 147.8 Preparing to unpack .../043-libctf0_2.42-4ubuntu2.10_amd64.deb ...
#13 147.8 Unpacking libctf0:amd64 (2.42-4ubuntu2.10) ...
#13 148.1 Selecting previously unselected package libgprofng0:amd64.
#13 148.1 Preparing to unpack .../044-libgprofng0_2.42-4ubuntu2.10_amd64.deb ...
#13 148.1 Unpacking libgprofng0:amd64 (2.42-4ubuntu2.10) ...
#13 148.4 Selecting previously unselected package binutils-x86-64-linux-gnu.
#13 148.4 Preparing to unpack .../045-binutils-x86-64-linux-gnu_2.42-4ubuntu2.10_amd64.deb ...
#13 148.4 Unpacking binutils-x86-64-linux-gnu (2.42-4ubuntu2.10) ...
#13 149.5 Selecting previously unselected package binutils.
#13 149.5 Preparing to unpack .../046-binutils_2.42-4ubuntu2.10_amd64.deb ...
#13 149.5 Unpacking binutils (2.42-4ubuntu2.10) ...
#13 ...

#7 [ac-worldserver internal] load build context
#7 transferring context: 310.16MB 183.3s
#7 ...

#6 [ac-db-import internal] load build context
#6 ...

#7 [ac-worldserver internal] load build context
#7 transferring context: 327.27MB 188.4s
#7 ...

#13 [ac-authserver build 1/8] RUN apt-get update                                                         && apt-get install -y --no-install-recommends                                 build-essential ccache libtool cmake-data ninja-build cmake clang            git lsb-base curl unzip default-mysql-client openssl                          default-libmysqlclient-dev libboost-all-dev libssl-dev libmysql++-dev         libreadline-dev zlib1g-dev libbz2-dev libncurses5-dev liblzma-dev      && rm -rf /var/lib/apt/lists/*
#13 149.8 Selecting previously unselected package libc-dev-bin.
#13 149.8 Preparing to unpack .../047-libc-dev-bin_2.39-0ubuntu8.8_amd64.deb ...
#13 149.9 Unpacking libc-dev-bin (2.39-0ubuntu8.8) ...
#13 150.2 Selecting previously unselected package linux-libc-dev:amd64.
#13 150.2 Preparing to unpack .../048-linux-libc-dev_6.8.0-139.139_amd64.deb ...
#13 150.3 Unpacking linux-libc-dev:amd64 (6.8.0-139.139) ...
#13 151.7 Selecting previously unselected package libcrypt-dev:amd64.
#13 151.7 Preparing to unpack .../049-libcrypt-dev_1%3a4.4.36-4build1_amd64.deb ...
#13 151.8 Unpacking libcrypt-dev:amd64 (1:4.4.36-4build1) ...
#13 152.1 Selecting previously unselected package rpcsvc-proto.
#13 152.1 Preparing to unpack .../050-rpcsvc-proto_1.4.2-0ubuntu7_amd64.deb ...
#13 152.1 Unpacking rpcsvc-proto (1.4.2-0ubuntu7) ...
#13 152.4 Selecting previously unselected package libc6-dev:amd64.
#13 152.4 Preparing to unpack .../051-libc6-dev_2.39-0ubuntu8.8_amd64.deb ...
#13 152.4 Unpacking libc6-dev:amd64 (2.39-0ubuntu8.8) ...
#13 153.4 Selecting previously unselected package gcc-13-base:amd64.
#13 153.4 Preparing to unpack .../052-gcc-13-base_13.3.0-6ubuntu2~24.04.1_amd64.deb ...
#13 153.4 Unpacking gcc-13-base:amd64 (13.3.0-6ubuntu2~24.04.1) ...
#13 153.7 Selecting previously unselected package libisl23:amd64.
#13 153.7 Preparing to unpack .../053-libisl23_0.26-3build1.1_amd64.deb ...
#13 153.7 Unpacking libisl23:amd64 (0.26-3build1.1) ...
#13 154.2 Selecting previously unselected package libmpfr6:amd64.
#13 154.2 Preparing to unpack .../054-libmpfr6_4.2.1-1build1.1_amd64.deb ...
#13 154.2 Unpacking libmpfr6:amd64 (4.2.1-1build1.1) ...
#13 154.5 Selecting previously unselected package libmpc3:amd64.
#13 154.5 Preparing to unpack .../055-libmpc3_1.3.1-1build1.1_amd64.deb ...
#13 154.6 Unpacking libmpc3:amd64 (1.3.1-1build1.1) ...
#13 154.8 Selecting previously unselected package cpp-13-x86-64-linux-gnu.
#13 154.8 Preparing to unpack .../056-cpp-13-x86-64-linux-gnu_13.3.0-6ubuntu2~24.04.1_amd64.deb ...
#13 154.8 Unpacking cpp-13-x86-64-linux-gnu (13.3.0-6ubuntu2~24.04.1) ...
#13 155.9 Selecting previously unselected package cpp-13.
#13 155.9 Preparing to unpack .../057-cpp-13_13.3.0-6ubuntu2~24.04.1_amd64.deb ...
#13 155.9 Unpacking cpp-13 (13.3.0-6ubuntu2~24.04.1) ...
#13 156.7 Selecting previously unselected package cpp-x86-64-linux-gnu.
#13 156.8 Preparing to unpack .../058-cpp-x86-64-linux-gnu_4%3a13.2.0-7ubuntu1_amd64.deb ...
#13 156.8 Unpacking cpp-x86-64-linux-gnu (4:13.2.0-7ubuntu1) ...
#13 157.1 Selecting previously unselected package cpp.
#13 157.1 Preparing to unpack .../059-cpp_4%3a13.2.0-7ubuntu1_amd64.deb ...
#13 157.1 Unpacking cpp (4:13.2.0-7ubuntu1) ...
#13 157.5 Selecting previously unselected package libcc1-0:amd64.
#13 157.5 Preparing to unpack .../060-libcc1-0_14.2.0-4ubuntu2~24.04.1_amd64.deb ...
#13 157.5 Unpacking libcc1-0:amd64 (14.2.0-4ubuntu2~24.04.1) ...
#13 157.8 Selecting previously unselected package libgomp1:amd64.
#13 157.8 Preparing to unpack .../061-libgomp1_14.2.0-4ubuntu2~24.04.1_amd64.deb ...
#13 157.9 Unpacking libgomp1:amd64 (14.2.0-4ubuntu2~24.04.1) ...
#13 158.1 Selecting previously unselected package libitm1:amd64.
#13 158.1 Preparing to unpack .../062-libitm1_14.2.0-4ubuntu2~24.04.1_amd64.deb ...
#13 158.1 Unpacking libitm1:amd64 (14.2.0-4ubuntu2~24.04.1) ...
#13 158.4 Selecting previously unselected package libatomic1:amd64.
#13 158.4 Preparing to unpack .../063-libatomic1_14.2.0-4ubuntu2~24.04.1_amd64.deb ...
#13 158.4 Unpacking libatomic1:amd64 (14.2.0-4ubuntu2~24.04.1) ...
#13 158.6 Selecting previously unselected package libasan8:amd64.
#13 158.6 Preparing to unpack .../064-libasan8_14.2.0-4ubuntu2~24.04.1_amd64.deb ...
#13 158.7 Unpacking libasan8:amd64 (14.2.0-4ubuntu2~24.04.1) ...
#13 159.2 Selecting previously unselected package liblsan0:amd64.
#13 159.2 Preparing to unpack .../065-liblsan0_14.2.0-4ubuntu2~24.04.1_amd64.deb ...
#13 159.2 Unpacking liblsan0:amd64 (14.2.0-4ubuntu2~24.04.1) ...
#13 159.6 Selecting previously unselected package libtsan2:amd64.
#13 159.6 Preparing to unpack .../066-libtsan2_14.2.0-4ubuntu2~24.04.1_amd64.deb ...
#13 159.6 Unpacking libtsan2:amd64 (14.2.0-4ubuntu2~24.04.1) ...
#13 ...

#7 [ac-worldserver internal] load build context
#7 transferring context: 342.41MB 193.9s
#7 ...

#6 [ac-db-import internal] load build context
#6 ...

#7 [ac-worldserver internal] load build context
#7 transferring context: 355.59MB 199.0s
#7 ...

#13 [ac-authserver build 1/8] RUN apt-get update                                                         && apt-get install -y --no-install-recommends                                 build-essential ccache libtool cmake-data ninja-build cmake clang            git lsb-base curl unzip default-mysql-client openssl                          default-libmysqlclient-dev libboost-all-dev libssl-dev libmysql++-dev         libreadline-dev zlib1g-dev libbz2-dev libncurses5-dev liblzma-dev      && rm -rf /var/lib/apt/lists/*
#13 160.7 Selecting previously unselected package libubsan1:amd64.
#13 160.7 Preparing to unpack .../067-libubsan1_14.2.0-4ubuntu2~24.04.1_amd64.deb ...
#13 160.8 Unpacking libubsan1:amd64 (14.2.0-4ubuntu2~24.04.1) ...
#13 161.2 Selecting previously unselected package libhwasan0:amd64.
#13 161.2 Preparing to unpack .../068-libhwasan0_14.2.0-4ubuntu2~24.04.1_amd64.deb ...
#13 161.2 Unpacking libhwasan0:amd64 (14.2.0-4ubuntu2~24.04.1) ...
#13 162.3 Selecting previously unselected package libquadmath0:amd64.
#13 162.3 Preparing to unpack .../069-libquadmath0_14.2.0-4ubuntu2~24.04.1_amd64.deb ...
#13 162.3 Unpacking libquadmath0:amd64 (14.2.0-4ubuntu2~24.04.1) ...
#13 162.5 Selecting previously unselected package libgcc-13-dev:amd64.
#13 162.5 Preparing to unpack .../070-libgcc-13-dev_13.3.0-6ubuntu2~24.04.1_amd64.deb ...
#13 162.5 Unpacking libgcc-13-dev:amd64 (13.3.0-6ubuntu2~24.04.1) ...
#13 163.5 Selecting previously unselected package gcc-13-x86-64-linux-gnu.
#13 163.5 Preparing to unpack .../071-gcc-13-x86-64-linux-gnu_13.3.0-6ubuntu2~24.04.1_amd64.deb ...
#13 163.5 Unpacking gcc-13-x86-64-linux-gnu (13.3.0-6ubuntu2~24.04.1) ...
#13 165.4 Selecting previously unselected package gcc-13.
#13 165.4 Preparing to unpack .../072-gcc-13_13.3.0-6ubuntu2~24.04.1_amd64.deb ...
#13 165.4 Unpacking gcc-13 (13.3.0-6ubuntu2~24.04.1) ...
#13 165.7 Selecting previously unselected package gcc-x86-64-linux-gnu.
#13 165.7 Preparing to unpack .../073-gcc-x86-64-linux-gnu_4%3a13.2.0-7ubuntu1_amd64.deb ...
#13 165.8 Unpacking gcc-x86-64-linux-gnu (4:13.2.0-7ubuntu1) ...
#13 166.0 Selecting previously unselected package gcc.
#13 166.0 Preparing to unpack .../074-gcc_4%3a13.2.0-7ubuntu1_amd64.deb ...
#13 166.1 Unpacking gcc (4:13.2.0-7ubuntu1) ...
#13 166.3 Selecting previously unselected package libstdc++-13-dev:amd64.
#13 166.3 Preparing to unpack .../075-libstdc++-13-dev_13.3.0-6ubuntu2~24.04.1_amd64.deb ...
#13 166.4 Unpacking libstdc++-13-dev:amd64 (13.3.0-6ubuntu2~24.04.1) ...
#13 167.5 Selecting previously unselected package g++-13-x86-64-linux-gnu.
#13 167.5 Preparing to unpack .../076-g++-13-x86-64-linux-gnu_13.3.0-6ubuntu2~24.04.1_amd64.deb ...
#13 167.5 Unpacking g++-13-x86-64-linux-gnu (13.3.0-6ubuntu2~24.04.1) ...
#13 168.4 Selecting previously unselected package g++-13.
#13 168.4 Preparing to unpack .../077-g++-13_13.3.0-6ubuntu2~24.04.1_amd64.deb ...
#13 168.4 Unpacking g++-13 (13.3.0-6ubuntu2~24.04.1) ...
#13 168.7 Selecting previously unselected package g++-x86-64-linux-gnu.
#13 168.7 Preparing to unpack .../078-g++-x86-64-linux-gnu_4%3a13.2.0-7ubuntu1_amd64.deb ...
#13 168.7 Unpacking g++-x86-64-linux-gnu (4:13.2.0-7ubuntu1) ...
#13 169.0 Selecting previously unselected package g++.
#13 169.0 Preparing to unpack .../079-g++_4%3a13.2.0-7ubuntu1_amd64.deb ...
#13 169.0 Unpacking g++ (4:13.2.0-7ubuntu1) ...
#13 169.3 Selecting previously unselected package make.
#13 169.3 Preparing to unpack .../080-make_4.3-4.1build2_amd64.deb ...
#13 169.4 Unpacking make (4.3-4.1build2) ...
#13 169.7 Selecting previously unselected package libdpkg-perl.
#13 169.7 Preparing to unpack .../081-libdpkg-perl_1.22.6ubuntu6.6_all.deb ...
#13 169.8 Unpacking libdpkg-perl (1.22.6ubuntu6.6) ...
#13 170.1 Selecting previously unselected package bzip2.
#13 170.1 Preparing to unpack .../082-bzip2_1.0.8-5.1ubuntu0.1_amd64.deb ...
#13 170.2 Unpacking bzip2 (1.0.8-5.1ubuntu0.1) ...
#13 170.5 Selecting previously unselected package patch.
#13 170.5 Preparing to unpack .../083-patch_2.7.6-7build3_amd64.deb ...
#13 170.5 Unpacking patch (2.7.6-7build3) ...
#13 170.8 Selecting previously unselected package lto-disabled-list.
#13 170.8 Preparing to unpack .../084-lto-disabled-list_47_all.deb ...
#13 170.9 Unpacking lto-disabled-list (47) ...
#13 ...

#7 [ac-worldserver internal] load build context
#7 transferring context: 372.11MB 204.1s
#7 ...

#6 [ac-db-import internal] load build context
#6 ...

#7 [ac-worldserver internal] load build context
#7 transferring context: 386.56MB 209.2s
#7 ...

#13 [ac-authserver build 1/8] RUN apt-get update                                                         && apt-get install -y --no-install-recommends                                 build-essential ccache libtool cmake-data ninja-build cmake clang            git lsb-base curl unzip default-mysql-client openssl                          default-libmysqlclient-dev libboost-all-dev libssl-dev libmysql++-dev         libreadline-dev zlib1g-dev libbz2-dev libncurses5-dev liblzma-dev      && rm -rf /var/lib/apt/lists/*
#13 171.1 Selecting previously unselected package dpkg-dev.
#13 171.1 Preparing to unpack .../085-dpkg-dev_1.22.6ubuntu6.6_all.deb ...
#13 171.1 Unpacking dpkg-dev (1.22.6ubuntu6.6) ...
#13 171.6 Selecting previously unselected package build-essential.
#13 171.6 Preparing to unpack .../086-build-essential_12.10ubuntu1_amd64.deb ...
#13 171.6 Unpacking build-essential (12.10ubuntu1) ...
#13 172.0 Selecting previously unselected package libhiredis1.1.0:amd64.
#13 172.0 Preparing to unpack .../087-libhiredis1.1.0_1.2.0-6ubuntu3_amd64.deb ...
#13 172.0 Unpacking libhiredis1.1.0:amd64 (1.2.0-6ubuntu3) ...
#13 172.3 Selecting previously unselected package ccache.
#13 172.3 Preparing to unpack .../088-ccache_4.9.1-1_amd64.deb ...
#13 172.4 Unpacking ccache (4.9.1-1) ...
#13 172.7 Selecting previously unselected package libllvm18:amd64.
#13 172.7 Preparing to unpack .../089-libllvm18_1%3a18.1.3-1ubuntu1_amd64.deb ...
#13 172.7 Unpacking libllvm18:amd64 (1:18.1.3-1ubuntu1) ...
#13 175.2 Selecting previously unselected package libclang-cpp18.
#13 175.2 Preparing to unpack .../090-libclang-cpp18_1%3a18.1.3-1ubuntu1_amd64.deb ...
#13 175.2 Unpacking libclang-cpp18 (1:18.1.3-1ubuntu1) ...
#13 177.3 Selecting previously unselected package libgc1:amd64.
#13 177.3 Preparing to unpack .../091-libgc1_1%3a8.2.6-1build1_amd64.deb ...
#13 177.3 Unpacking libgc1:amd64 (1:8.2.6-1build1) ...
#13 177.7 Selecting previously unselected package libobjc4:amd64.
#13 177.7 Preparing to unpack .../092-libobjc4_14.2.0-4ubuntu2~24.04.1_amd64.deb ...
#13 177.7 Unpacking libobjc4:amd64 (14.2.0-4ubuntu2~24.04.1) ...
#13 177.9 Selecting previously unselected package libobjc-13-dev:amd64.
#13 178.0 Preparing to unpack .../093-libobjc-13-dev_13.3.0-6ubuntu2~24.04.1_amd64.deb ...
#13 178.0 Unpacking libobjc-13-dev:amd64 (13.3.0-6ubuntu2~24.04.1) ...
#13 178.3 Selecting previously unselected package libclang-common-18-dev:amd64.
#13 178.3 Preparing to unpack .../094-libclang-common-18-dev_1%3a18.1.3-1ubuntu1_amd64.deb ...
#13 178.4 Unpacking libclang-common-18-dev:amd64 (1:18.1.3-1ubuntu1) ...
#13 179.5 Selecting previously unselected package llvm-18-linker-tools.
#13 179.5 Preparing to unpack .../095-llvm-18-linker-tools_1%3a18.1.3-1ubuntu1_amd64.deb ...
#13 179.5 Unpacking llvm-18-linker-tools (1:18.1.3-1ubuntu1) ...
#13 180.5 Selecting previously unselected package libclang1-18.
#13 180.5 Preparing to unpack .../096-libclang1-18_1%3a18.1.3-1ubuntu1_amd64.deb ...
#13 180.5 Unpacking libclang1-18 (1:18.1.3-1ubuntu1) ...
#13 ...

#7 [ac-worldserver internal] load build context
#7 transferring context: 401.51MB 214.4s
#7 ...

#6 [ac-db-import internal] load build context
#6 ...

#7 [ac-worldserver internal] load build context
#7 transferring context: 417.44MB 219.4s
#7 ...

#13 [ac-authserver build 1/8] RUN apt-get update                                                         && apt-get install -y --no-install-recommends                                 build-essential ccache libtool cmake-data ninja-build cmake clang            git lsb-base curl unzip default-mysql-client openssl                          default-libmysqlclient-dev libboost-all-dev libssl-dev libmysql++-dev         libreadline-dev zlib1g-dev libbz2-dev libncurses5-dev liblzma-dev      && rm -rf /var/lib/apt/lists/*
#13 181.5 Selecting previously unselected package clang-18.
#13 181.5 Preparing to unpack .../097-clang-18_1%3a18.1.3-1ubuntu1_amd64.deb ...
#13 181.5 Unpacking clang-18 (1:18.1.3-1ubuntu1) ...
#13 181.9 Selecting previously unselected package clang.
#13 181.9 Preparing to unpack .../098-clang_1%3a18.0-59~exp2_amd64.deb ...
#13 181.9 Unpacking clang (1:18.0-59~exp2) ...
#13 182.2 Selecting previously unselected package libarchive13t64:amd64.
#13 182.2 Preparing to unpack .../099-libarchive13t64_3.7.2-2ubuntu0.8_amd64.deb ...
#13 182.3 Unpacking libarchive13t64:amd64 (3.7.2-2ubuntu0.8) ...
#13 182.6 Selecting previously unselected package libbrotli1:amd64.
#13 182.6 Preparing to unpack .../100-libbrotli1_1.1.0-2build2_amd64.deb ...
#13 182.6 Unpacking libbrotli1:amd64 (1.1.0-2build2) ...
#13 182.9 Selecting previously unselected package libsasl2-modules-db:amd64.
#13 182.9 Preparing to unpack .../101-libsasl2-modules-db_2.1.28+dfsg1-5ubuntu3.1_amd64.deb ...
#13 182.9 Unpacking libsasl2-modules-db:amd64 (2.1.28+dfsg1-5ubuntu3.1) ...
#13 183.2 Selecting previously unselected package libsasl2-2:amd64.
#13 183.2 Preparing to unpack .../102-libsasl2-2_2.1.28+dfsg1-5ubuntu3.1_amd64.deb ...
#13 183.3 Unpacking libsasl2-2:amd64 (2.1.28+dfsg1-5ubuntu3.1) ...
#13 183.6 Selecting previously unselected package libldap2:amd64.
#13 183.6 Preparing to unpack .../103-libldap2_2.6.10+dfsg-0ubuntu0.24.04.1_amd64.deb ...
#13 183.6 Unpacking libldap2:amd64 (2.6.10+dfsg-0ubuntu0.24.04.1) ...
#13 184.0 Selecting previously unselected package librtmp1:amd64.
#13 184.0 Preparing to unpack .../104-librtmp1_2.4+20151223.gitfa8646d.1-2build7_amd64.deb ...
#13 184.0 Unpacking librtmp1:amd64 (2.4+20151223.gitfa8646d.1-2build7) ...
#13 184.3 Selecting previously unselected package libssh-4:amd64.
#13 184.3 Preparing to unpack .../105-libssh-4_0.10.6-2ubuntu0.5_amd64.deb ...
#13 184.3 Unpacking libssh-4:amd64 (0.10.6-2ubuntu0.5) ...
#13 184.5 Selecting previously unselected package libcurl4t64:amd64.
#13 184.5 Preparing to unpack .../106-libcurl4t64_8.5.0-2ubuntu10.13_amd64.deb ...
#13 184.6 Unpacking libcurl4t64:amd64 (8.5.0-2ubuntu10.13) ...
#13 185.0 Selecting previously unselected package libjsoncpp25:amd64.
#13 185.0 Preparing to unpack .../107-libjsoncpp25_1.9.5-6build1_amd64.deb ...
#13 185.0 Unpacking libjsoncpp25:amd64 (1.9.5-6build1) ...
#13 185.2 Selecting previously unselected package librhash0:amd64.
#13 185.3 Preparing to unpack .../108-librhash0_1.4.3-3build1_amd64.deb ...
#13 185.3 Unpacking librhash0:amd64 (1.4.3-3build1) ...
#13 185.7 Selecting previously unselected package cmake-data.
#13 185.7 Preparing to unpack .../109-cmake-data_3.28.3-1build7_all.deb ...
#13 185.8 Unpacking cmake-data (3.28.3-1build7) ...
#13 188.2 Selecting previously unselected package cmake.
#13 188.2 Preparing to unpack .../110-cmake_3.28.3-1build7_amd64.deb ...
#13 188.2 Unpacking cmake (3.28.3-1build7) ...
#13 189.4 Selecting previously unselected package curl.
#13 189.4 Preparing to unpack .../111-curl_8.5.0-2ubuntu10.13_amd64.deb ...
#13 189.5 Unpacking curl (8.5.0-2ubuntu10.13) ...
#13 190.0 Selecting previously unselected package mysql-common.
#13 190.0 Preparing to unpack .../112-mysql-common_5.8+1.1.0build1_all.deb ...
#13 190.1 Unpacking mysql-common (5.8+1.1.0build1) ...
#13 190.4 Selecting previously unselected package libmysqlclient21:amd64.
#13 190.4 Preparing to unpack .../113-libmysqlclient21_8.0.46-0ubuntu0.24.04.4_amd64.deb ...
#13 190.5 Unpacking libmysqlclient21:amd64 (8.0.46-0ubuntu0.24.04.4) ...
#13 191.5 Selecting previously unselected package libssl-dev:amd64.
#13 191.5 Preparing to unpack .../114-libssl-dev_3.0.13-0ubuntu3.15_amd64.deb ...
#13 191.5 Unpacking libssl-dev:amd64 (3.0.13-0ubuntu3.15) ...
#13 ...

#7 [ac-worldserver internal] load build context
#7 transferring context: 432.77MB 224.6s
#7 ...

#6 [ac-db-import internal] load build context
#6 ...

#7 [ac-worldserver internal] load build context
#7 transferring context: 449.88MB 229.7s
#7 ...

#13 [ac-authserver build 1/8] RUN apt-get update                                                         && apt-get install -y --no-install-recommends                                 build-essential ccache libtool cmake-data ninja-build cmake clang            git lsb-base curl unzip default-mysql-client openssl                          default-libmysqlclient-dev libboost-all-dev libssl-dev libmysql++-dev         libreadline-dev zlib1g-dev libbz2-dev libncurses5-dev liblzma-dev      && rm -rf /var/lib/apt/lists/*
#13 192.5 Selecting previously unselected package libzstd-dev:amd64.
#13 192.5 Preparing to unpack .../115-libzstd-dev_1.5.5+dfsg2-2build1.1_amd64.deb ...
#13 192.5 Unpacking libzstd-dev:amd64 (1.5.5+dfsg2-2build1.1) ...
#13 192.8 Selecting previously unselected package zlib1g-dev:amd64.
#13 192.8 Preparing to unpack .../116-zlib1g-dev_1%3a1.3.dfsg-3.1ubuntu2.2_amd64.deb ...
#13 192.8 Unpacking zlib1g-dev:amd64 (1:1.3.dfsg-3.1ubuntu2.2) ...
#13 193.0 Selecting previously unselected package libmysqlclient-dev.
#13 193.0 Preparing to unpack .../117-libmysqlclient-dev_8.0.46-0ubuntu0.24.04.4_amd64.deb ...
#13 193.0 Unpacking libmysqlclient-dev (8.0.46-0ubuntu0.24.04.4) ...
#13 194.0 Selecting previously unselected package default-libmysqlclient-dev:amd64.
#13 194.0 Preparing to unpack .../118-default-libmysqlclient-dev_1.1.0build1_amd64.deb ...
#13 194.1 Unpacking default-libmysqlclient-dev:amd64 (1.1.0build1) ...
#13 194.4 Selecting previously unselected package mysql-client-core-8.0.
#13 194.4 Preparing to unpack .../119-mysql-client-core-8.0_8.0.46-0ubuntu0.24.04.4_amd64.deb ...
#13 194.4 Unpacking mysql-client-core-8.0 (8.0.46-0ubuntu0.24.04.4) ...
#13 195.3 Selecting previously unselected package mysql-client-8.0.
#13 195.3 Preparing to unpack .../120-mysql-client-8.0_8.0.46-0ubuntu0.24.04.4_amd64.deb ...
#13 195.3 Unpacking mysql-client-8.0 (8.0.46-0ubuntu0.24.04.4) ...
#13 195.6 Selecting previously unselected package default-mysql-client.
#13 195.6 Preparing to unpack .../121-default-mysql-client_1.1.0build1_all.deb ...
#13 195.6 Unpacking default-mysql-client (1.1.0build1) ...
#13 195.9 Selecting previously unselected package libgfortran5:amd64.
#13 195.9 Preparing to unpack .../122-libgfortran5_14.2.0-4ubuntu2~24.04.1_amd64.deb ...
#13 195.9 Unpacking libgfortran5:amd64 (14.2.0-4ubuntu2~24.04.1) ...
#13 196.4 Selecting previously unselected package libgfortran-13-dev:amd64.
#13 196.4 Preparing to unpack .../123-libgfortran-13-dev_13.3.0-6ubuntu2~24.04.1_amd64.deb ...
#13 196.4 Unpacking libgfortran-13-dev:amd64 (13.3.0-6ubuntu2~24.04.1) ...
#13 196.8 Selecting previously unselected package gfortran-13-x86-64-linux-gnu.
#13 196.8 Preparing to unpack .../124-gfortran-13-x86-64-linux-gnu_13.3.0-6ubuntu2~24.04.1_amd64.deb ...
#13 196.8 Unpacking gfortran-13-x86-64-linux-gnu (13.3.0-6ubuntu2~24.04.1) ...
#13 197.9 Selecting previously unselected package gfortran-13.
#13 197.9 Preparing to unpack .../125-gfortran-13_13.3.0-6ubuntu2~24.04.1_amd64.deb ...
#13 197.9 Unpacking gfortran-13 (13.3.0-6ubuntu2~24.04.1) ...
#13 198.2 Selecting previously unselected package libcurl3t64-gnutls:amd64.
#13 198.2 Preparing to unpack .../126-libcurl3t64-gnutls_8.5.0-2ubuntu10.13_amd64.deb ...
#13 198.2 Unpacking libcurl3t64-gnutls:amd64 (8.5.0-2ubuntu10.13) ...
#13 198.4 Selecting previously unselected package liberror-perl.
#13 198.4 Preparing to unpack .../127-liberror-perl_0.17029-2_all.deb ...
#13 198.5 Unpacking liberror-perl (0.17029-2) ...
#13 198.8 Selecting previously unselected package git-man.
#13 198.8 Preparing to unpack .../128-git-man_1%3a2.43.0-1ubuntu7.3_all.deb ...
#13 198.8 Unpacking git-man (1:2.43.0-1ubuntu7.3) ...
#13 199.3 Selecting previously unselected package git.
#13 199.3 Preparing to unpack .../129-git_1%3a2.43.0-1ubuntu7.3_amd64.deb ...
#13 199.3 Unpacking git (1:2.43.0-1ubuntu7.3) ...
#13 200.2 Selecting previously unselected package icu-devtools.
#13 200.3 Preparing to unpack .../130-icu-devtools_74.2-1ubuntu3.1_amd64.deb ...
#13 200.3 Unpacking icu-devtools (74.2-1ubuntu3.1) ...
#13 200.6 Selecting previously unselected package libllvm17t64:amd64.
#13 200.6 Preparing to unpack .../131-libllvm17t64_1%3a17.0.6-9ubuntu1_amd64.deb ...
#13 200.6 Unpacking libllvm17t64:amd64 (1:17.0.6-9ubuntu1) ...
#13 ...

#7 [ac-worldserver internal] load build context
#7 transferring context: 465.55MB 234.8s
#7 ...

#6 [ac-db-import internal] load build context
#6 ...

#7 [ac-worldserver internal] load build context
#7 transferring context: 481.84MB 239.8s
#7 transferring context: 496.36MB 244.8s
#7 ...

#13 [ac-authserver build 1/8] RUN apt-get update                                                         && apt-get install -y --no-install-recommends                                 build-essential ccache libtool cmake-data ninja-build cmake clang            git lsb-base curl unzip default-mysql-client openssl                          default-libmysqlclient-dev libboost-all-dev libssl-dev libmysql++-dev         libreadline-dev zlib1g-dev libbz2-dev libncurses5-dev liblzma-dev      && rm -rf /var/lib/apt/lists/*
#13 202.7 Selecting previously unselected package libamd-comgr2:amd64.
#13 202.7 Preparing to unpack .../132-libamd-comgr2_6.0+git20231212.4510c28+dfsg-3build2_amd64.deb ...
#13 202.8 Unpacking libamd-comgr2:amd64 (6.0+git20231212.4510c28+dfsg-3build2) ...
#13 204.1 Selecting previously unselected package libdrm-amdgpu1:amd64.
#13 204.1 Preparing to unpack .../133-libdrm-amdgpu1_2.4.125-1ubuntu0.1~24.04.2_amd64.deb ...
#13 204.2 Unpacking libdrm-amdgpu1:amd64 (2.4.125-1ubuntu0.1~24.04.2) ...
#13 204.5 Selecting previously unselected package libhsakmt1:amd64.
#13 204.5 Preparing to unpack .../134-libhsakmt1_5.7.0-1build1_amd64.deb ...
#13 204.5 Unpacking libhsakmt1:amd64 (5.7.0-1build1) ...
#13 204.8 Selecting previously unselected package libhsa-runtime64-1.
#13 204.8 Preparing to unpack .../135-libhsa-runtime64-1_5.7.1-2build1_amd64.deb ...
#13 204.8 Unpacking libhsa-runtime64-1 (5.7.1-2build1) ...
#13 205.2 Selecting previously unselected package libamdhip64-5.
#13 205.2 Preparing to unpack .../136-libamdhip64-5_5.7.1-3_amd64.deb ...
#13 205.2 Unpacking libamdhip64-5 (5.7.1-3) ...
#13 206.3 Selecting previously unselected package libboost1.83-dev:amd64.
#13 206.3 Preparing to unpack .../137-libboost1.83-dev_1.83.0-2.1ubuntu3.2_amd64.deb ...
#13 206.3 Unpacking libboost1.83-dev:amd64 (1.83.0-2.1ubuntu3.2) ...
#13 ...

#7 [ac-worldserver internal] load build context
#7 ...

#6 [ac-db-import internal] load build context
#6 ...

#7 [ac-worldserver internal] load build context
#7 transferring context: 512.81MB 250.0s
#7 transferring context: 527.79MB 255.2s
#7 ...

#6 [ac-db-import internal] load build context
#6 ...

#7 [ac-worldserver internal] load build context
#7 transferring context: 542.31MB 260.3s
#7 ...

#13 [ac-authserver build 1/8] RUN apt-get update                                                         && apt-get install -y --no-install-recommends                                 build-essential ccache libtool cmake-data ninja-build cmake clang            git lsb-base curl unzip default-mysql-client openssl                          default-libmysqlclient-dev libboost-all-dev libssl-dev libmysql++-dev         libreadline-dev zlib1g-dev libbz2-dev libncurses5-dev liblzma-dev      && rm -rf /var/lib/apt/lists/*
#13 219.1 Selecting previously unselected package libboost-dev:amd64.
#13 219.1 Preparing to unpack .../138-libboost-dev_1.83.0.1ubuntu2_amd64.deb ...
#13 219.1 Unpacking libboost-dev:amd64 (1.83.0.1ubuntu2) ...
#13 219.4 Selecting previously unselected package libboost1.83-tools-dev.
#13 219.4 Preparing to unpack .../139-libboost1.83-tools-dev_1.83.0-2.1ubuntu3.2_amd64.deb ...
#13 219.4 Unpacking libboost1.83-tools-dev (1.83.0-2.1ubuntu3.2) ...
#13 220.4 Selecting previously unselected package libboost-tools-dev.
#13 220.5 Preparing to unpack .../140-libboost-tools-dev_1.83.0.1ubuntu2_amd64.deb ...
#13 220.5 Unpacking libboost-tools-dev (1.83.0.1ubuntu2) ...
#13 220.8 Selecting previously unselected package libboost-atomic1.83.0:amd64.
#13 220.8 Preparing to unpack .../141-libboost-atomic1.83.0_1.83.0-2.1ubuntu3.2_amd64.deb ...
#13 220.8 Unpacking libboost-atomic1.83.0:amd64 (1.83.0-2.1ubuntu3.2) ...
#13 221.1 Selecting previously unselected package libboost-atomic1.83-dev:amd64.
#13 221.1 Preparing to unpack .../142-libboost-atomic1.83-dev_1.83.0-2.1ubuntu3.2_amd64.deb ...
#13 221.1 Unpacking libboost-atomic1.83-dev:amd64 (1.83.0-2.1ubuntu3.2) ...
#13 221.4 Selecting previously unselected package libboost-atomic-dev:amd64.
#13 221.5 Preparing to unpack .../143-libboost-atomic-dev_1.83.0.1ubuntu2_amd64.deb ...
#13 221.5 Unpacking libboost-atomic-dev:amd64 (1.83.0.1ubuntu2) ...
#13 221.7 Selecting previously unselected package libboost-chrono1.83.0t64:amd64.
#13 221.7 Preparing to unpack .../144-libboost-chrono1.83.0t64_1.83.0-2.1ubuntu3.2_amd64.deb ...
#13 221.8 Unpacking libboost-chrono1.83.0t64:amd64 (1.83.0-2.1ubuntu3.2) ...
#13 222.1 Selecting previously unselected package libboost-chrono1.83-dev:amd64.
#13 222.1 Preparing to unpack .../145-libboost-chrono1.83-dev_1.83.0-2.1ubuntu3.2_amd64.deb ...
#13 222.1 Unpacking libboost-chrono1.83-dev:amd64 (1.83.0-2.1ubuntu3.2) ...
#13 222.5 Selecting previously unselected package libboost-chrono-dev:amd64.
#13 222.5 Preparing to unpack .../146-libboost-chrono-dev_1.83.0.1ubuntu2_amd64.deb ...
#13 222.5 Unpacking libboost-chrono-dev:amd64 (1.83.0.1ubuntu2) ...
#13 222.8 Selecting previously unselected package libboost-container1.83.0:amd64.
#13 222.8 Preparing to unpack .../147-libboost-container1.83.0_1.83.0-2.1ubuntu3.2_amd64.deb ...
#13 222.8 Unpacking libboost-container1.83.0:amd64 (1.83.0-2.1ubuntu3.2) ...
#13 223.2 Selecting previously unselected package libboost-container1.83-dev:amd64.
#13 223.2 Preparing to unpack .../148-libboost-container1.83-dev_1.83.0-2.1ubuntu3.2_amd64.deb ...
#13 223.3 Unpacking libboost-container1.83-dev:amd64 (1.83.0-2.1ubuntu3.2) ...
#13 223.5 Selecting previously unselected package libboost-container-dev:amd64.
#13 223.6 Preparing to unpack .../149-libboost-container-dev_1.83.0.1ubuntu2_amd64.deb ...
#13 223.6 Unpacking libboost-container-dev:amd64 (1.83.0.1ubuntu2) ...
#13 223.8 Selecting previously unselected package libboost-date-time1.83.0:amd64.
#13 223.8 Preparing to unpack .../150-libboost-date-time1.83.0_1.83.0-2.1ubuntu3.2_amd64.deb ...
#13 223.9 Unpacking libboost-date-time1.83.0:amd64 (1.83.0-2.1ubuntu3.2) ...
#13 224.2 Selecting previously unselected package libboost-serialization1.83.0:amd64.
#13 224.2 Preparing to unpack .../151-libboost-serialization1.83.0_1.83.0-2.1ubuntu3.2_amd64.deb ...
#13 224.2 Unpacking libboost-serialization1.83.0:amd64 (1.83.0-2.1ubuntu3.2) ...
#13 224.6 Selecting previously unselected package libboost-serialization1.83-dev:amd64.
#13 224.6 Preparing to unpack .../152-libboost-serialization1.83-dev_1.83.0-2.1ubuntu3.2_amd64.deb ...
#13 224.7 Unpacking libboost-serialization1.83-dev:amd64 (1.83.0-2.1ubuntu3.2) ...
#13 225.7 Selecting previously unselected package libboost-date-time1.83-dev:amd64.
#13 225.7 Preparing to unpack .../153-libboost-date-time1.83-dev_1.83.0-2.1ubuntu3.2_amd64.deb ...
#13 225.7 Unpacking libboost-date-time1.83-dev:amd64 (1.83.0-2.1ubuntu3.2) ...
#13 226.2 Selecting previously unselected package libboost-system1.83.0:amd64.
#13 226.2 Preparing to unpack .../154-libboost-system1.83.0_1.83.0-2.1ubuntu3.2_amd64.deb ...
#13 226.2 Unpacking libboost-system1.83.0:amd64 (1.83.0-2.1ubuntu3.2) ...
#13 226.5 Selecting previously unselected package libboost-system1.83-dev:amd64.
#13 226.5 Preparing to unpack .../155-libboost-system1.83-dev_1.83.0-2.1ubuntu3.2_amd64.deb ...
#13 226.6 Unpacking libboost-system1.83-dev:amd64 (1.83.0-2.1ubuntu3.2) ...
#13 226.9 Selecting previously unselected package libboost-thread1.83.0:amd64.
#13 226.9 Preparing to unpack .../156-libboost-thread1.83.0_1.83.0-2.1ubuntu3.2_amd64.deb ...
#13 226.9 Unpacking libboost-thread1.83.0:amd64 (1.83.0-2.1ubuntu3.2) ...
#13 227.3 Selecting previously unselected package libboost-thread1.83-dev:amd64.
#13 227.3 Preparing to unpack .../157-libboost-thread1.83-dev_1.83.0-2.1ubuntu3.2_amd64.deb ...
#13 227.3 Unpacking libboost-thread1.83-dev:amd64 (1.83.0-2.1ubuntu3.2) ...
#13 227.7 Selecting previously unselected package libboost-context1.83.0:amd64.
#13 227.7 Preparing to unpack .../158-libboost-context1.83.0_1.83.0-2.1ubuntu3.2_amd64.deb ...
#13 227.7 Unpacking libboost-context1.83.0:amd64 (1.83.0-2.1ubuntu3.2) ...
#13 228.1 Selecting previously unselected package libboost-context1.83-dev:amd64.
#13 228.1 Preparing to unpack .../159-libboost-context1.83-dev_1.83.0-2.1ubuntu3.2_amd64.deb ...
#13 228.1 Unpacking libboost-context1.83-dev:amd64 (1.83.0-2.1ubuntu3.2) ...
#13 228.5 Selecting previously unselected package libboost-context-dev:amd64.
#13 228.5 Preparing to unpack .../160-libboost-context-dev_1.83.0.1ubuntu2_amd64.deb ...
#13 228.5 Unpacking libboost-context-dev:amd64 (1.83.0.1ubuntu2) ...
#13 228.8 Selecting previously unselected package libboost-coroutine1.83.0:amd64.
#13 228.9 Preparing to unpack .../161-libboost-coroutine1.83.0_1.83.0-2.1ubuntu3.2_amd64.deb ...
#13 228.9 Unpacking libboost-coroutine1.83.0:amd64 (1.83.0-2.1ubuntu3.2) ...
#13 ...

#7 [ac-worldserver internal] load build context
#7 transferring context: 557.59MB 265.4s
#7 ...

#6 [ac-db-import internal] load build context
#6 ...

#7 [ac-worldserver internal] load build context
#7 transferring context: 573.68MB 270.5s
#7 ...

#13 [ac-authserver build 1/8] RUN apt-get update                                                         && apt-get install -y --no-install-recommends                                 build-essential ccache libtool cmake-data ninja-build cmake clang            git lsb-base curl unzip default-mysql-client openssl                          default-libmysqlclient-dev libboost-all-dev libssl-dev libmysql++-dev         libreadline-dev zlib1g-dev libbz2-dev libncurses5-dev liblzma-dev      && rm -rf /var/lib/apt/lists/*
#13 229.2 Selecting previously unselected package libboost-coroutine1.83-dev:amd64.
#13 229.2 Preparing to unpack .../162-libboost-coroutine1.83-dev_1.83.0-2.1ubuntu3.2_amd64.deb ...
#13 229.3 Unpacking libboost-coroutine1.83-dev:amd64 (1.83.0-2.1ubuntu3.2) ...
#13 229.6 Selecting previously unselected package libboost-coroutine-dev:amd64.
#13 229.7 Preparing to unpack .../163-libboost-coroutine-dev_1.83.0.1ubuntu2_amd64.deb ...
#13 229.7 Unpacking libboost-coroutine-dev:amd64 (1.83.0.1ubuntu2) ...
#13 230.0 Selecting previously unselected package libboost-date-time-dev:amd64.
#13 230.1 Preparing to unpack .../164-libboost-date-time-dev_1.83.0.1ubuntu2_amd64.deb ...
#13 230.1 Unpacking libboost-date-time-dev:amd64 (1.83.0.1ubuntu2) ...
#13 230.3 Selecting previously unselected package libboost-exception1.83-dev:amd64.
#13 230.3 Preparing to unpack .../165-libboost-exception1.83-dev_1.83.0-2.1ubuntu3.2_amd64.deb ...
#13 230.4 Unpacking libboost-exception1.83-dev:amd64 (1.83.0-2.1ubuntu3.2) ...
#13 230.8 Selecting previously unselected package libboost-exception-dev:amd64.
#13 230.8 Preparing to unpack .../166-libboost-exception-dev_1.83.0.1ubuntu2_amd64.deb ...
#13 230.8 Unpacking libboost-exception-dev:amd64 (1.83.0.1ubuntu2) ...
#13 231.1 Selecting previously unselected package libboost-filesystem1.83.0:amd64.
#13 231.1 Preparing to unpack .../167-libboost-filesystem1.83.0_1.83.0-2.1ubuntu3.2_amd64.deb ...
#13 231.2 Unpacking libboost-filesystem1.83.0:amd64 (1.83.0-2.1ubuntu3.2) ...
#13 231.6 Selecting previously unselected package libboost-filesystem1.83-dev:amd64.
#13 231.6 Preparing to unpack .../168-libboost-filesystem1.83-dev_1.83.0-2.1ubuntu3.2_amd64.deb ...
#13 232.0 Unpacking libboost-filesystem1.83-dev:amd64 (1.83.0-2.1ubuntu3.2) ...
#13 232.7 Selecting previously unselected package libboost-fiber1.83.0:amd64.
#13 232.7 Preparing to unpack .../169-libboost-fiber1.83.0_1.83.0-2.1ubuntu3.2_amd64.deb ...
#13 232.7 Unpacking libboost-fiber1.83.0:amd64 (1.83.0-2.1ubuntu3.2) ...
#13 238.9 Selecting previously unselected package libboost-fiber1.83-dev:amd64.
#13 238.9 Preparing to unpack .../170-libboost-fiber1.83-dev_1.83.0-2.1ubuntu3.2_amd64.deb ...
#13 ...

#6 [ac-db-import internal] load build context
#6 transferring context: 615.66MB 275.8s
#6 ...

#7 [ac-worldserver internal] load build context
#7 transferring context: 606.55MB 280.6s
#7 ...

#13 [ac-authserver build 1/8] RUN apt-get update                                                         && apt-get install -y --no-install-recommends                                 build-essential ccache libtool cmake-data ninja-build cmake clang            git lsb-base curl unzip default-mysql-client openssl                          default-libmysqlclient-dev libboost-all-dev libssl-dev libmysql++-dev         libreadline-dev zlib1g-dev libbz2-dev libncurses5-dev liblzma-dev      && rm -rf /var/lib/apt/lists/*
#13 239.7 Unpacking libboost-fiber1.83-dev:amd64 (1.83.0-2.1ubuntu3.2) ...
#13 244.0 Selecting previously unselected package libboost-fiber-dev:amd64.
#13 244.0 Preparing to unpack .../171-libboost-fiber-dev_1.83.0.1ubuntu2_amd64.deb ...
#13 244.7 Unpacking libboost-fiber-dev:amd64 (1.83.0.1ubuntu2) ...
#13 248.5 Selecting previously unselected package libboost-filesystem-dev:amd64.
#13 248.5 Preparing to unpack .../172-libboost-filesystem-dev_1.83.0.1ubuntu2_amd64.deb ...
#13 ...

#7 [ac-worldserver internal] load build context
#7 transferring context: 623.11MB 285.6s
#7 ...

#6 [ac-db-import internal] load build context
#6 ...

#7 [ac-worldserver internal] load build context
#7 transferring context: 640.31MB 290.7s
#7 ...

#13 [ac-authserver build 1/8] RUN apt-get update                                                         && apt-get install -y --no-install-recommends                                 build-essential ccache libtool cmake-data ninja-build cmake clang            git lsb-base curl unzip default-mysql-client openssl                          default-libmysqlclient-dev libboost-all-dev libssl-dev libmysql++-dev         libreadline-dev zlib1g-dev libbz2-dev libncurses5-dev liblzma-dev      && rm -rf /var/lib/apt/lists/*
#13 251.1 Unpacking libboost-filesystem-dev:amd64 (1.83.0.1ubuntu2) ...
#13 254.1 Selecting previously unselected package libboost-graph1.83.0:amd64.
#13 254.1 Preparing to unpack .../173-libboost-graph1.83.0_1.83.0-2.1ubuntu3.2_amd64.deb ...
#13 254.9 Unpacking libboost-graph1.83.0:amd64 (1.83.0-2.1ubuntu3.2) ...
#13 256.5 Selecting previously unselected package libboost-regex1.83.0:amd64.
#13 256.5 Preparing to unpack .../174-libboost-regex1.83.0_1.83.0-2.1ubuntu3.2_amd64.deb ...
#13 256.8 Unpacking libboost-regex1.83.0:amd64 (1.83.0-2.1ubuntu3.2) ...
#13 258.1 Selecting previously unselected package libicu-dev:amd64.
#13 258.2 Preparing to unpack .../175-libicu-dev_74.2-1ubuntu3.1_amd64.deb ...
#13 258.4 Unpacking libicu-dev:amd64 (74.2-1ubuntu3.1) ...
#13 260.5 Selecting previously unselected package libboost-regex1.83-dev:amd64.
#13 260.5 Preparing to unpack .../176-libboost-regex1.83-dev_1.83.0-2.1ubuntu3.2_amd64.deb ...
#13 260.8 Unpacking libboost-regex1.83-dev:amd64 (1.83.0-2.1ubuntu3.2) ...
#13 ...

#7 [ac-worldserver internal] load build context
#7 transferring context: 656.54MB 295.7s
#7 ...

#6 [ac-db-import internal] load build context
#6 ...

#7 [ac-worldserver internal] load build context
#7 transferring context: 673.71MB 300.8s
#7 ...

#13 [ac-authserver build 1/8] RUN apt-get update                                                         && apt-get install -y --no-install-recommends                                 build-essential ccache libtool cmake-data ninja-build cmake clang            git lsb-base curl unzip default-mysql-client openssl                          default-libmysqlclient-dev libboost-all-dev libssl-dev libmysql++-dev         libreadline-dev zlib1g-dev libbz2-dev libncurses5-dev liblzma-dev      && rm -rf /var/lib/apt/lists/*
#13 262.6 Selecting previously unselected package libboost-test1.83.0:amd64.
#13 262.6 Preparing to unpack .../177-libboost-test1.83.0_1.83.0-2.1ubuntu3.2_amd64.deb ...
#13 262.9 Unpacking libboost-test1.83.0:amd64 (1.83.0-2.1ubuntu3.2) ...
#13 264.9 Selecting previously unselected package libboost-test1.83-dev:amd64.
#13 264.9 Preparing to unpack .../178-libboost-test1.83-dev_1.83.0-2.1ubuntu3.2_amd64.deb ...
#13 265.2 Unpacking libboost-test1.83-dev:amd64 (1.83.0-2.1ubuntu3.2) ...
#13 266.3 Selecting previously unselected package libboost-graph1.83-dev:amd64.
#13 266.3 Preparing to unpack .../179-libboost-graph1.83-dev_1.83.0-2.1ubuntu3.2_amd64.deb ...
#13 266.4 Unpacking libboost-graph1.83-dev:amd64 (1.83.0-2.1ubuntu3.2) ...
#13 267.5 Selecting previously unselected package libboost-graph-dev:amd64.
#13 267.5 Preparing to unpack .../180-libboost-graph-dev_1.83.0.1ubuntu2_amd64.deb ...
#13 267.7 Unpacking libboost-graph-dev:amd64 (1.83.0.1ubuntu2) ...
#13 269.1 Selecting previously unselected package libevent-core-2.1-7t64:amd64.
#13 269.1 Preparing to unpack .../181-libevent-core-2.1-7t64_2.1.12-stable-9ubuntu2.1_amd64.deb ...
#13 269.4 Unpacking libevent-core-2.1-7t64:amd64 (2.1.12-stable-9ubuntu2.1) ...
#13 271.0 Selecting previously unselected package libevent-pthreads-2.1-7t64:amd64.
#13 271.0 Preparing to unpack .../182-libevent-pthreads-2.1-7t64_2.1.12-stable-9ubuntu2.1_amd64.deb ...
#13 271.1 Unpacking libevent-pthreads-2.1-7t64:amd64 (2.1.12-stable-9ubuntu2.1) ...
#13 272.6 Selecting previously unselected package libpsm-infinipath1.
#13 272.6 Preparing to unpack .../183-libpsm-infinipath1_3.3+20.604758e7-6.3build1_amd64.deb ...
#13 ...

#7 [ac-worldserver internal] load build context
#7 transferring context: 690.79MB 305.8s
#7 ...

#6 [ac-db-import internal] load build context
#6 ...

#7 [ac-worldserver internal] load build context
#7 transferring context: 708.16MB 310.8s
#7 ...

#13 [ac-authserver build 1/8] RUN apt-get update                                                         && apt-get install -y --no-install-recommends                                 build-essential ccache libtool cmake-data ninja-build cmake clang            git lsb-base curl unzip default-mysql-client openssl                          default-libmysqlclient-dev libboost-all-dev libssl-dev libmysql++-dev         libreadline-dev zlib1g-dev libbz2-dev libncurses5-dev liblzma-dev      && rm -rf /var/lib/apt/lists/*
#13 272.7 Unpacking libpsm-infinipath1 (3.3+20.604758e7-6.3build1) ...
#13 273.6 Selecting previously unselected package libpsm2-2.
#13 273.6 Preparing to unpack .../184-libpsm2-2_11.2.185-2build1_amd64.deb ...
#13 273.7 Unpacking libpsm2-2 (11.2.185-2build1) ...
#13 274.1 Selecting previously unselected package librdmacm1t64:amd64.
#13 274.2 Preparing to unpack .../185-librdmacm1t64_50.0-2ubuntu0.2_amd64.deb ...
#13 274.2 Unpacking librdmacm1t64:amd64 (50.0-2ubuntu0.2) ...
#13 274.6 Selecting previously unselected package libfabric1:amd64.
#13 274.6 Preparing to unpack .../186-libfabric1_1.17.0-3build2_amd64.deb ...
#13 274.7 Unpacking libfabric1:amd64 (1.17.0-3build2) ...
#13 275.1 Selecting previously unselected package libhwloc15:amd64.
#13 275.1 Preparing to unpack .../187-libhwloc15_2.10.0-1build1_amd64.deb ...
#13 275.2 Unpacking libhwloc15:amd64 (2.10.0-1build1) ...
#13 275.6 Selecting previously unselected package libmunge2:amd64.
#13 275.6 Preparing to unpack .../188-libmunge2_0.5.15-4ubuntu0.1_amd64.deb ...
#13 275.7 Unpacking libmunge2:amd64 (0.5.15-4ubuntu0.1) ...
#13 276.1 Selecting previously unselected package libpciaccess0:amd64.
#13 276.1 Preparing to unpack .../189-libpciaccess0_0.17-3ubuntu0.24.04.2_amd64.deb ...
#13 276.2 Unpacking libpciaccess0:amd64 (0.17-3ubuntu0.24.04.2) ...
#13 276.6 Selecting previously unselected package libxnvctrl0:amd64.
#13 276.6 Preparing to unpack .../190-libxnvctrl0_510.47.03-0ubuntu4.24.04.1_amd64.deb ...
#13 276.6 Unpacking libxnvctrl0:amd64 (510.47.03-0ubuntu4.24.04.1) ...
#13 277.0 Selecting previously unselected package ocl-icd-libopencl1:amd64.
#13 277.0 Preparing to unpack .../191-ocl-icd-libopencl1_2.3.2-1build1_amd64.deb ...
#13 277.1 Unpacking ocl-icd-libopencl1:amd64 (2.3.2-1build1) ...
#13 277.8 Selecting previously unselected package libhwloc-plugins:amd64.
#13 277.8 Preparing to unpack .../192-libhwloc-plugins_2.10.0-1build1_amd64.deb ...
#13 277.9 Unpacking libhwloc-plugins:amd64 (2.10.0-1build1) ...
#13 278.7 Selecting previously unselected package libpmix2t64:amd64.
#13 278.8 Preparing to unpack .../193-libpmix2t64_5.0.1-4.1build1_amd64.deb ...
#13 278.8 Unpacking libpmix2t64:amd64 (5.0.1-4.1build1) ...
#13 279.2 Selecting previously unselected package libucx0:amd64.
#13 279.3 Preparing to unpack .../194-libucx0_1.16.0+ds-5ubuntu1_amd64.deb ...
#13 279.3 Unpacking libucx0:amd64 (1.16.0+ds-5ubuntu1) ...
#13 279.8 Selecting previously unselected package libopenmpi3t64:amd64.
#13 279.8 Preparing to unpack .../195-libopenmpi3t64_4.1.6-7ubuntu2_amd64.deb ...
#13 279.9 Unpacking libopenmpi3t64:amd64 (4.1.6-7ubuntu2) ...
#13 280.5 Selecting previously unselected package libboost-mpi1.83.0.
#13 280.5 Preparing to unpack .../196-libboost-mpi1.83.0_1.83.0-2.1ubuntu3.2_amd64.deb ...
#13 280.6 Unpacking libboost-mpi1.83.0 (1.83.0-2.1ubuntu3.2) ...
#13 281.0 Selecting previously unselected package libboost-graph-parallel1.83.0.
#13 281.0 Preparing to unpack .../197-libboost-graph-parallel1.83.0_1.83.0-2.1ubuntu3.2_amd64.deb ...
#13 281.0 Unpacking libboost-graph-parallel1.83.0 (1.83.0-2.1ubuntu3.2) ...
#13 281.3 Selecting previously unselected package libboost-graph-parallel1.83-dev.
#13 281.3 Preparing to unpack .../198-libboost-graph-parallel1.83-dev_1.83.0-2.1ubuntu3.2_amd64.deb ...
#13 281.4 Unpacking libboost-graph-parallel1.83-dev (1.83.0-2.1ubuntu3.2) ...
#13 281.9 Selecting previously unselected package libboost-graph-parallel-dev.
#13 281.9 Preparing to unpack .../199-libboost-graph-parallel-dev_1.83.0.1ubuntu2_amd64.deb ...
#13 281.9 Unpacking libboost-graph-parallel-dev (1.83.0.1ubuntu2) ...
#13 282.2 Selecting previously unselected package libboost-iostreams1.83.0:amd64.
#13 282.2 Preparing to unpack .../200-libboost-iostreams1.83.0_1.83.0-2.1ubuntu3.2_amd64.deb ...
#13 282.2 Unpacking libboost-iostreams1.83.0:amd64 (1.83.0-2.1ubuntu3.2) ...
#13 282.5 Selecting previously unselected package libboost-iostreams1.83-dev:amd64.
#13 282.5 Preparing to unpack .../201-libboost-iostreams1.83-dev_1.83.0-2.1ubuntu3.2_amd64.deb ...
#13 282.5 Unpacking libboost-iostreams1.83-dev:amd64 (1.83.0-2.1ubuntu3.2) ...
#13 282.9 Selecting previously unselected package libboost-iostreams-dev:amd64.
#13 282.9 Preparing to unpack .../202-libboost-iostreams-dev_1.83.0.1ubuntu2_amd64.deb ...
#13 282.9 Unpacking libboost-iostreams-dev:amd64 (1.83.0.1ubuntu2) ...
#13 ...

#7 [ac-worldserver internal] load build context
#7 transferring context: 725.24MB 315.8s
#7 ...

#6 [ac-db-import internal] load build context
#6 ...

#7 [ac-worldserver internal] load build context
#7 transferring context: 742.08MB 320.9s
#7 ...

#13 [ac-authserver build 1/8] RUN apt-get update                                                         && apt-get install -y --no-install-recommends                                 build-essential ccache libtool cmake-data ninja-build cmake clang            git lsb-base curl unzip default-mysql-client openssl                          default-libmysqlclient-dev libboost-all-dev libssl-dev libmysql++-dev         libreadline-dev zlib1g-dev libbz2-dev libncurses5-dev liblzma-dev      && rm -rf /var/lib/apt/lists/*
#13 283.2 Selecting previously unselected package libboost-json1.83.0:amd64.
#13 283.2 Preparing to unpack .../203-libboost-json1.83.0_1.83.0-2.1ubuntu3.2_amd64.deb ...
#13 283.3 Unpacking libboost-json1.83.0:amd64 (1.83.0-2.1ubuntu3.2) ...
#13 283.6 Selecting previously unselected package libboost-json1.83-dev:amd64.
#13 283.6 Preparing to unpack .../204-libboost-json1.83-dev_1.83.0-2.1ubuntu3.2_amd64.deb ...
#13 283.7 Unpacking libboost-json1.83-dev:amd64 (1.83.0-2.1ubuntu3.2) ...
#13 284.1 Selecting previously unselected package libboost-json-dev:amd64.
#13 284.1 Preparing to unpack .../205-libboost-json-dev_1.83.0.1ubuntu2_amd64.deb ...
#13 284.1 Unpacking libboost-json-dev:amd64 (1.83.0.1ubuntu2) ...
#13 284.5 Selecting previously unselected package libboost-locale1.83.0:amd64.
#13 284.5 Preparing to unpack .../206-libboost-locale1.83.0_1.83.0-2.1ubuntu3.2_amd64.deb ...
#13 284.5 Unpacking libboost-locale1.83.0:amd64 (1.83.0-2.1ubuntu3.2) ...
#13 284.9 Selecting previously unselected package libboost-locale1.83-dev:amd64.
#13 284.9 Preparing to unpack .../207-libboost-locale1.83-dev_1.83.0-2.1ubuntu3.2_amd64.deb ...
#13 284.9 Unpacking libboost-locale1.83-dev:amd64 (1.83.0-2.1ubuntu3.2) ...
#13 285.3 Selecting previously unselected package libboost-locale-dev:amd64.
#13 285.3 Preparing to unpack .../208-libboost-locale-dev_1.83.0.1ubuntu2_amd64.deb ...
#13 285.3 Unpacking libboost-locale-dev:amd64 (1.83.0.1ubuntu2) ...
#13 285.7 Selecting previously unselected package libboost-log1.83.0.
#13 285.7 Preparing to unpack .../209-libboost-log1.83.0_1.83.0-2.1ubuntu3.2_amd64.deb ...
#13 285.7 Unpacking libboost-log1.83.0 (1.83.0-2.1ubuntu3.2) ...
#13 286.0 Selecting previously unselected package libboost-log1.83-dev.
#13 286.0 Preparing to unpack .../210-libboost-log1.83-dev_1.83.0-2.1ubuntu3.2_amd64.deb ...
#13 286.1 Unpacking libboost-log1.83-dev (1.83.0-2.1ubuntu3.2) ...
#13 286.9 Selecting previously unselected package libboost-log-dev.
#13 286.9 Preparing to unpack .../211-libboost-log-dev_1.83.0.1ubuntu2_amd64.deb ...
#13 286.9 Unpacking libboost-log-dev (1.83.0.1ubuntu2) ...
#13 287.3 Selecting previously unselected package libboost-math1.83.0:amd64.
#13 287.3 Preparing to unpack .../212-libboost-math1.83.0_1.83.0-2.1ubuntu3.2_amd64.deb ...
#13 287.3 Unpacking libboost-math1.83.0:amd64 (1.83.0-2.1ubuntu3.2) ...
#13 287.7 Selecting previously unselected package libboost-math1.83-dev:amd64.
#13 287.7 Preparing to unpack .../213-libboost-math1.83-dev_1.83.0-2.1ubuntu3.2_amd64.deb ...
#13 287.8 Unpacking libboost-math1.83-dev:amd64 (1.83.0-2.1ubuntu3.2) ...
#13 288.6 Selecting previously unselected package libboost-math-dev:amd64.
#13 288.6 Preparing to unpack .../214-libboost-math-dev_1.83.0.1ubuntu2_amd64.deb ...
#13 288.6 Unpacking libboost-math-dev:amd64 (1.83.0.1ubuntu2) ...
#13 288.8 Selecting previously unselected package openmpi-common.
#13 288.8 Preparing to unpack .../215-openmpi-common_4.1.6-7ubuntu2_all.deb ...
#13 288.9 Unpacking openmpi-common (4.1.6-7ubuntu2) ...
#13 289.3 Selecting previously unselected package libnl-3-dev:amd64.
#13 289.3 Preparing to unpack .../216-libnl-3-dev_3.7.0-0.3build1.1_amd64.deb ...
#13 289.3 Unpacking libnl-3-dev:amd64 (3.7.0-0.3build1.1) ...
#13 289.8 Selecting previously unselected package libnl-route-3-dev:amd64.
#13 289.8 Preparing to unpack .../217-libnl-route-3-dev_3.7.0-0.3build1.1_amd64.deb ...
#13 289.9 Unpacking libnl-route-3-dev:amd64 (3.7.0-0.3build1.1) ...
#13 290.2 Selecting previously unselected package libibverbs-dev:amd64.
#13 290.2 Preparing to unpack .../218-libibverbs-dev_50.0-2ubuntu0.2_amd64.deb ...
#13 290.3 Unpacking libibverbs-dev:amd64 (50.0-2ubuntu0.2) ...
#13 290.6 Selecting previously unselected package libnuma-dev:amd64.
#13 290.6 Preparing to unpack .../219-libnuma-dev_2.0.18-1ubuntu0.24.04.1_amd64.deb ...
#13 290.6 Unpacking libnuma-dev:amd64 (2.0.18-1ubuntu0.24.04.1) ...
#13 290.9 Selecting previously unselected package libltdl7:amd64.
#13 291.0 Preparing to unpack .../220-libltdl7_2.4.7-7build1_amd64.deb ...
#13 291.0 Unpacking libltdl7:amd64 (2.4.7-7build1) ...
#13 291.2 Selecting previously unselected package libltdl-dev:amd64.
#13 291.2 Preparing to unpack .../221-libltdl-dev_2.4.7-7build1_amd64.deb ...
#13 291.2 Unpacking libltdl-dev:amd64 (2.4.7-7build1) ...
#13 291.6 Selecting previously unselected package libhwloc-dev:amd64.
#13 291.6 Preparing to unpack .../222-libhwloc-dev_2.10.0-1build1_amd64.deb ...
#13 291.6 Unpacking libhwloc-dev:amd64 (2.10.0-1build1) ...
#13 292.0 Selecting previously unselected package libevent-2.1-7t64:amd64.
#13 292.0 Preparing to unpack .../223-libevent-2.1-7t64_2.1.12-stable-9ubuntu2.1_amd64.deb ...
#13 292.0 Unpacking libevent-2.1-7t64:amd64 (2.1.12-stable-9ubuntu2.1) ...
#13 292.4 Selecting previously unselected package libevent-extra-2.1-7t64:amd64.
#13 292.4 Preparing to unpack .../224-libevent-extra-2.1-7t64_2.1.12-stable-9ubuntu2.1_amd64.deb ...
#13 292.5 Unpacking libevent-extra-2.1-7t64:amd64 (2.1.12-stable-9ubuntu2.1) ...
#13 293.0 Selecting previously unselected package libevent-openssl-2.1-7t64:amd64.
#13 293.0 Preparing to unpack .../225-libevent-openssl-2.1-7t64_2.1.12-stable-9ubuntu2.1_amd64.deb ...
#13 293.1 Unpacking libevent-openssl-2.1-7t64:amd64 (2.1.12-stable-9ubuntu2.1) ...
#13 ...

#7 [ac-worldserver internal] load build context
#7 transferring context: 758.63MB 326.0s
#7 ...

#6 [ac-db-import internal] load build context
#6 ...

#7 [ac-worldserver internal] load build context
#7 transferring context: 774.76MB 331.1s
#7 ...

#13 [ac-authserver build 1/8] RUN apt-get update                                                         && apt-get install -y --no-install-recommends                                 build-essential ccache libtool cmake-data ninja-build cmake clang            git lsb-base curl unzip default-mysql-client openssl                          default-libmysqlclient-dev libboost-all-dev libssl-dev libmysql++-dev         libreadline-dev zlib1g-dev libbz2-dev libncurses5-dev liblzma-dev      && rm -rf /var/lib/apt/lists/*
#13 293.4 Selecting previously unselected package libevent-dev.
#13 293.4 Preparing to unpack .../226-libevent-dev_2.1.12-stable-9ubuntu2.1_amd64.deb ...
#13 293.5 Unpacking libevent-dev (2.1.12-stable-9ubuntu2.1) ...
#13 293.8 Selecting previously unselected package libpmix-dev:amd64.
#13 293.8 Preparing to unpack .../227-libpmix-dev_5.0.1-4.1build1_amd64.deb ...
#13 293.8 Unpacking libpmix-dev:amd64 (5.0.1-4.1build1) ...
#13 294.8 Selecting previously unselected package libjs-jquery.
#13 294.8 Preparing to unpack .../228-libjs-jquery_3.6.1+dfsg+~3.5.14-1_all.deb ...
#13 294.8 Unpacking libjs-jquery (3.6.1+dfsg+~3.5.14-1) ...
#13 295.2 Selecting previously unselected package libjs-jquery-ui.
#13 295.2 Preparing to unpack .../229-libjs-jquery-ui_1.13.2+dfsg-1_all.deb ...
#13 295.2 Unpacking libjs-jquery-ui (1.13.2+dfsg-1) ...
#13 296.3 Selecting previously unselected package openmpi-bin.
#13 296.3 Preparing to unpack .../230-openmpi-bin_4.1.6-7ubuntu2_amd64.deb ...
#13 296.3 Unpacking openmpi-bin (4.1.6-7ubuntu2) ...
#13 296.7 Selecting previously unselected package libopenmpi-dev:amd64.
#13 296.7 Preparing to unpack .../231-libopenmpi-dev_4.1.6-7ubuntu2_amd64.deb ...
#13 296.9 Unpacking libopenmpi-dev:amd64 (4.1.6-7ubuntu2) ...
#13 298.6 Selecting previously unselected package mpi-default-dev.
#13 298.6 Preparing to unpack .../232-mpi-default-dev_1.15build1_amd64.deb ...
#13 298.6 Unpacking mpi-default-dev (1.15build1) ...
#13 298.9 Selecting previously unselected package libboost-mpi1.83-dev.
#13 298.9 Preparing to unpack .../233-libboost-mpi1.83-dev_1.83.0-2.1ubuntu3.2_amd64.deb ...
#13 298.9 Unpacking libboost-mpi1.83-dev (1.83.0-2.1ubuntu3.2) ...
#13 299.2 Selecting previously unselected package libboost-mpi-dev.
#13 299.2 Preparing to unpack .../234-libboost-mpi-dev_1.83.0.1ubuntu2_amd64.deb ...
#13 299.2 Unpacking libboost-mpi-dev (1.83.0.1ubuntu2) ...
#13 299.5 Selecting previously unselected package libboost-python1.83.0.
#13 299.6 Preparing to unpack .../235-libboost-python1.83.0_1.83.0-2.1ubuntu3.2_amd64.deb ...
#13 299.6 Unpacking libboost-python1.83.0 (1.83.0-2.1ubuntu3.2) ...
#13 299.9 Selecting previously unselected package mpi-default-bin.
#13 300.0 Preparing to unpack .../236-mpi-default-bin_1.15build1_amd64.deb ...
#13 300.0 Unpacking mpi-default-bin (1.15build1) ...
#13 300.3 Selecting previously unselected package libboost-mpi-python1.83.0.
#13 300.3 Preparing to unpack .../237-libboost-mpi-python1.83.0_1.83.0-2.1ubuntu3.2_amd64.deb ...
#13 300.3 Unpacking libboost-mpi-python1.83.0 (1.83.0-2.1ubuntu3.2) ...
#13 300.7 Selecting previously unselected package libboost-mpi-python1.83-dev.
#13 300.7 Preparing to unpack .../238-libboost-mpi-python1.83-dev_1.83.0-2.1ubuntu3.2_amd64.deb ...
#13 300.7 Unpacking libboost-mpi-python1.83-dev (1.83.0-2.1ubuntu3.2) ...
#13 301.1 Selecting previously unselected package libboost-mpi-python-dev.
#13 301.1 Preparing to unpack .../239-libboost-mpi-python-dev_1.83.0.1ubuntu2_amd64.deb ...
#13 301.2 Unpacking libboost-mpi-python-dev (1.83.0.1ubuntu2) ...
#13 301.4 Selecting previously unselected package libboost-numpy1.83.0.
#13 301.4 Preparing to unpack .../240-libboost-numpy1.83.0_1.83.0-2.1ubuntu3.2_amd64.deb ...
#13 301.5 Unpacking libboost-numpy1.83.0 (1.83.0-2.1ubuntu3.2) ...
#13 301.8 Selecting previously unselected package libboost-numpy1.83-dev.
#13 301.8 Preparing to unpack .../241-libboost-numpy1.83-dev_1.83.0-2.1ubuntu3.2_amd64.deb ...
#13 301.8 Unpacking libboost-numpy1.83-dev (1.83.0-2.1ubuntu3.2) ...
#13 302.1 Selecting previously unselected package libboost-numpy-dev.
#13 302.1 Preparing to unpack .../242-libboost-numpy-dev_1.83.0.1ubuntu2_amd64.deb ...
#13 302.2 Unpacking libboost-numpy-dev (1.83.0.1ubuntu2) ...
#13 302.5 Selecting previously unselected package libboost-program-options1.83.0:amd64.
#13 302.5 Preparing to unpack .../243-libboost-program-options1.83.0_1.83.0-2.1ubuntu3.2_amd64.deb ...
#13 302.6 Unpacking libboost-program-options1.83.0:amd64 (1.83.0-2.1ubuntu3.2) ...
#13 302.9 Selecting previously unselected package libboost-program-options1.83-dev:amd64.
#13 302.9 Preparing to unpack .../244-libboost-program-options1.83-dev_1.83.0-2.1ubuntu3.2_amd64.deb ...
#13 302.9 Unpacking libboost-program-options1.83-dev:amd64 (1.83.0-2.1ubuntu3.2) ...
#13 303.2 Selecting previously unselected package libboost-program-options-dev:amd64.
#13 303.2 Preparing to unpack .../245-libboost-program-options-dev_1.83.0.1ubuntu2_amd64.deb ...
#13 303.2 Unpacking libboost-program-options-dev:amd64 (1.83.0.1ubuntu2) ...
#13 303.5 Selecting previously unselected package libpython3.12t64:amd64.
#13 303.5 Preparing to unpack .../246-libpython3.12t64_3.12.3-1ubuntu0.16_amd64.deb ...
#13 ...

#7 [ac-worldserver internal] load build context
#7 transferring context: 789.74MB 336.1s
#7 ...

#6 [ac-db-import internal] load build context
#6 ...

#7 [ac-worldserver internal] load build context
#7 transferring context: 805.11MB 341.1s
#7 ...

#13 [ac-authserver build 1/8] RUN apt-get update                                                         && apt-get install -y --no-install-recommends                                 build-essential ccache libtool cmake-data ninja-build cmake clang            git lsb-base curl unzip default-mysql-client openssl                          default-libmysqlclient-dev libboost-all-dev libssl-dev libmysql++-dev         libreadline-dev zlib1g-dev libbz2-dev libncurses5-dev liblzma-dev      && rm -rf /var/lib/apt/lists/*
#13 303.6 Unpacking libpython3.12t64:amd64 (3.12.3-1ubuntu0.16) ...
#13 304.0 Selecting previously unselected package libexpat1-dev:amd64.
#13 304.0 Preparing to unpack .../247-libexpat1-dev_2.6.1-2ubuntu0.4_amd64.deb ...
#13 304.1 Unpacking libexpat1-dev:amd64 (2.6.1-2ubuntu0.4) ...
#13 304.4 Selecting previously unselected package libpython3.12-dev:amd64.
#13 304.4 Preparing to unpack .../248-libpython3.12-dev_3.12.3-1ubuntu0.16_amd64.deb ...
#13 304.4 Unpacking libpython3.12-dev:amd64 (3.12.3-1ubuntu0.16) ...
#13 305.2 Selecting previously unselected package libpython3-dev:amd64.
#13 305.2 Preparing to unpack .../249-libpython3-dev_3.12.3-0ubuntu2.1_amd64.deb ...
#13 305.3 Unpacking libpython3-dev:amd64 (3.12.3-0ubuntu2.1) ...
#13 305.5 Selecting previously unselected package python3.12-dev.
#13 305.5 Preparing to unpack .../250-python3.12-dev_3.12.3-1ubuntu0.16_amd64.deb ...
#13 305.5 Unpacking python3.12-dev (3.12.3-1ubuntu0.16) ...
#13 305.9 Selecting previously unselected package libjs-underscore.
#13 305.9 Preparing to unpack .../251-libjs-underscore_1.13.4~dfsg+~1.11.4-3_all.deb ...
#13 305.9 Unpacking libjs-underscore (1.13.4~dfsg+~1.11.4-3) ...
#13 306.2 Selecting previously unselected package libjs-sphinxdoc.
#13 306.2 Preparing to unpack .../252-libjs-sphinxdoc_7.2.6-6_all.deb ...
#13 306.2 Unpacking libjs-sphinxdoc (7.2.6-6) ...
#13 306.5 Selecting previously unselected package python3-dev.
#13 306.5 Preparing to unpack .../253-python3-dev_3.12.3-0ubuntu2.1_amd64.deb ...
#13 306.6 Unpacking python3-dev (3.12.3-0ubuntu2.1) ...
#13 306.8 Selecting previously unselected package libboost-python1.83-dev.
#13 306.8 Preparing to unpack .../254-libboost-python1.83-dev_1.83.0-2.1ubuntu3.2_amd64.deb ...
#13 306.8 Unpacking libboost-python1.83-dev (1.83.0-2.1ubuntu3.2) ...
#13 307.2 Selecting previously unselected package libboost-python-dev.
#13 307.2 Preparing to unpack .../255-libboost-python-dev_1.83.0.1ubuntu2_amd64.deb ...
#13 307.2 Unpacking libboost-python-dev (1.83.0.1ubuntu2) ...
#13 307.7 Selecting previously unselected package libboost-random1.83.0:amd64.
#13 307.7 Preparing to unpack .../256-libboost-random1.83.0_1.83.0-2.1ubuntu3.2_amd64.deb ...
#13 307.8 Unpacking libboost-random1.83.0:amd64 (1.83.0-2.1ubuntu3.2) ...
#13 308.1 Selecting previously unselected package libboost-random1.83-dev:amd64.
#13 308.1 Preparing to unpack .../257-libboost-random1.83-dev_1.83.0-2.1ubuntu3.2_amd64.deb ...
#13 308.2 Unpacking libboost-random1.83-dev:amd64 (1.83.0-2.1ubuntu3.2) ...
#13 308.9 Selecting previously unselected package libboost-random-dev:amd64.
#13 308.9 Preparing to unpack .../258-libboost-random-dev_1.83.0.1ubuntu2_amd64.deb ...
#13 308.9 Unpacking libboost-random-dev:amd64 (1.83.0.1ubuntu2) ...
#13 309.2 Selecting previously unselected package libboost-regex-dev:amd64.
#13 309.2 Preparing to unpack .../259-libboost-regex-dev_1.83.0.1ubuntu2_amd64.deb ...
#13 309.2 Unpacking libboost-regex-dev:amd64 (1.83.0.1ubuntu2) ...
#13 309.6 Selecting previously unselected package libboost-serialization-dev:amd64.
#13 309.6 Preparing to unpack .../260-libboost-serialization-dev_1.83.0.1ubuntu2_amd64.deb ...
#13 309.6 Unpacking libboost-serialization-dev:amd64 (1.83.0.1ubuntu2) ...
#13 310.0 Selecting previously unselected package libboost-stacktrace1.83.0:amd64.
#13 310.0 Preparing to unpack .../261-libboost-stacktrace1.83.0_1.83.0-2.1ubuntu3.2_amd64.deb ...
#13 310.1 Unpacking libboost-stacktrace1.83.0:amd64 (1.83.0-2.1ubuntu3.2) ...
#13 310.4 Selecting previously unselected package libboost-stacktrace1.83-dev:amd64.
#13 310.4 Preparing to unpack .../262-libboost-stacktrace1.83-dev_1.83.0-2.1ubuntu3.2_amd64.deb ...
#13 310.5 Unpacking libboost-stacktrace1.83-dev:amd64 (1.83.0-2.1ubuntu3.2) ...
#13 310.8 Selecting previously unselected package libboost-stacktrace-dev:amd64.
#13 310.8 Preparing to unpack .../263-libboost-stacktrace-dev_1.83.0.1ubuntu2_amd64.deb ...
#13 310.8 Unpacking libboost-stacktrace-dev:amd64 (1.83.0.1ubuntu2) ...
#13 311.1 Selecting previously unselected package libboost-system-dev:amd64.
#13 311.1 Preparing to unpack .../264-libboost-system-dev_1.83.0.1ubuntu2_amd64.deb ...
#13 311.1 Unpacking libboost-system-dev:amd64 (1.83.0.1ubuntu2) ...
#13 311.4 Selecting previously unselected package libboost-test-dev:amd64.
#13 311.4 Preparing to unpack .../265-libboost-test-dev_1.83.0.1ubuntu2_amd64.deb ...
#13 311.4 Unpacking libboost-test-dev:amd64 (1.83.0.1ubuntu2) ...
#13 311.6 Selecting previously unselected package libboost-thread-dev:amd64.
#13 311.6 Preparing to unpack .../266-libboost-thread-dev_1.83.0.1ubuntu2_amd64.deb ...
#13 311.7 Unpacking libboost-thread-dev:amd64 (1.83.0.1ubuntu2) ...
#13 312.0 Selecting previously unselected package libboost-timer1.83.0:amd64.
#13 312.0 Preparing to unpack .../267-libboost-timer1.83.0_1.83.0-2.1ubuntu3.2_amd64.deb ...
#13 312.0 Unpacking libboost-timer1.83.0:amd64 (1.83.0-2.1ubuntu3.2) ...
#13 312.3 Selecting previously unselected package libboost-timer1.83-dev:amd64.
#13 312.4 Preparing to unpack .../268-libboost-timer1.83-dev_1.83.0-2.1ubuntu3.2_amd64.deb ...
#13 312.4 Unpacking libboost-timer1.83-dev:amd64 (1.83.0-2.1ubuntu3.2) ...
#13 312.8 Selecting previously unselected package libboost-timer-dev:amd64.
#13 312.8 Preparing to unpack .../269-libboost-timer-dev_1.83.0.1ubuntu2_amd64.deb ...
#13 312.8 Unpacking libboost-timer-dev:amd64 (1.83.0.1ubuntu2) ...
#13 313.1 Selecting previously unselected package libboost-type-erasure1.83.0:amd64.
#13 313.1 Preparing to unpack .../270-libboost-type-erasure1.83.0_1.83.0-2.1ubuntu3.2_amd64.deb ...
#13 313.1 Unpacking libboost-type-erasure1.83.0:amd64 (1.83.0-2.1ubuntu3.2) ...
#13 313.4 Selecting previously unselected package libboost-type-erasure1.83-dev:amd64.
#13 313.4 Preparing to unpack .../271-libboost-type-erasure1.83-dev_1.83.0-2.1ubuntu3.2_amd64.deb ...
#13 313.4 Unpacking libboost-type-erasure1.83-dev:amd64 (1.83.0-2.1ubuntu3.2) ...
#13 313.8 Selecting previously unselected package libboost-type-erasure-dev:amd64.
#13 313.8 Preparing to unpack .../272-libboost-type-erasure-dev_1.83.0.1ubuntu2_amd64.deb ...
#13 ...

#7 [ac-worldserver internal] load build context
#7 transferring context: 820.97MB 346.2s
#7 ...

#6 [ac-db-import internal] load build context
#6 ...

#7 [ac-worldserver internal] load build context
#7 transferring context: 837.13MB 351.4s
#7 ...

#13 [ac-authserver build 1/8] RUN apt-get update                                                         && apt-get install -y --no-install-recommends                                 build-essential ccache libtool cmake-data ninja-build cmake clang            git lsb-base curl unzip default-mysql-client openssl                          default-libmysqlclient-dev libboost-all-dev libssl-dev libmysql++-dev         libreadline-dev zlib1g-dev libbz2-dev libncurses5-dev liblzma-dev      && rm -rf /var/lib/apt/lists/*
#13 313.8 Unpacking libboost-type-erasure-dev:amd64 (1.83.0.1ubuntu2) ...
#13 314.0 Selecting previously unselected package libboost-url1.83.0:amd64.
#13 314.0 Preparing to unpack .../273-libboost-url1.83.0_1.83.0-2.1ubuntu3.2_amd64.deb ...
#13 314.1 Unpacking libboost-url1.83.0:amd64 (1.83.0-2.1ubuntu3.2) ...
#13 314.4 Selecting previously unselected package libboost-url1.83-dev:amd64.
#13 314.4 Preparing to unpack .../274-libboost-url1.83-dev_1.83.0-2.1ubuntu3.2_amd64.deb ...
#13 314.5 Unpacking libboost-url1.83-dev:amd64 (1.83.0-2.1ubuntu3.2) ...
#13 314.8 Selecting previously unselected package libboost-url-dev:amd64.
#13 314.8 Preparing to unpack .../275-libboost-url-dev_1.83.0.1ubuntu2_amd64.deb ...
#13 314.8 Unpacking libboost-url-dev:amd64 (1.83.0.1ubuntu2) ...
#13 315.1 Selecting previously unselected package libboost-wave1.83.0:amd64.
#13 315.1 Preparing to unpack .../276-libboost-wave1.83.0_1.83.0-2.1ubuntu3.2_amd64.deb ...
#13 315.2 Unpacking libboost-wave1.83.0:amd64 (1.83.0-2.1ubuntu3.2) ...
#13 315.4 Selecting previously unselected package libboost-wave1.83-dev:amd64.
#13 315.5 Preparing to unpack .../277-libboost-wave1.83-dev_1.83.0-2.1ubuntu3.2_amd64.deb ...
#13 315.5 Unpacking libboost-wave1.83-dev:amd64 (1.83.0-2.1ubuntu3.2) ...
#13 315.9 Selecting previously unselected package libboost-wave-dev:amd64.
#13 315.9 Preparing to unpack .../278-libboost-wave-dev_1.83.0.1ubuntu2_amd64.deb ...
#13 315.9 Unpacking libboost-wave-dev:amd64 (1.83.0.1ubuntu2) ...
#13 316.2 Selecting previously unselected package libboost-nowide1.83.0.
#13 316.2 Preparing to unpack .../279-libboost-nowide1.83.0_1.83.0-2.1ubuntu3.2_amd64.deb ...
#13 316.3 Unpacking libboost-nowide1.83.0 (1.83.0-2.1ubuntu3.2) ...
#13 316.6 Selecting previously unselected package libboost-nowide1.83-dev.
#13 316.6 Preparing to unpack .../280-libboost-nowide1.83-dev_1.83.0-2.1ubuntu3.2_amd64.deb ...
#13 316.6 Unpacking libboost-nowide1.83-dev (1.83.0-2.1ubuntu3.2) ...
#13 316.9 Selecting previously unselected package libboost-nowide-dev.
#13 316.9 Preparing to unpack .../281-libboost-nowide-dev_1.83.0.1ubuntu2_amd64.deb ...
#13 317.0 Unpacking libboost-nowide-dev (1.83.0.1ubuntu2) ...
#13 317.2 Selecting previously unselected package libboost-all-dev.
#13 317.2 Preparing to unpack .../282-libboost-all-dev_1.83.0.1ubuntu2_amd64.deb ...
#13 317.2 Unpacking libboost-all-dev (1.83.0.1ubuntu2) ...
#13 317.5 Selecting previously unselected package libbz2-dev:amd64.
#13 317.5 Preparing to unpack .../283-libbz2-dev_1.0.8-5.1ubuntu0.1_amd64.deb ...
#13 317.6 Unpacking libbz2-dev:amd64 (1.0.8-5.1ubuntu0.1) ...
#13 318.1 Selecting previously unselected package libmysql++3t64:amd64.
#13 318.1 Preparing to unpack .../284-libmysql++3t64_3.2.5-2.3_amd64.deb ...
#13 318.1 Unpacking libmysql++3t64:amd64 (3.2.5-2.3) ...
#13 318.4 Selecting previously unselected package libmysql++-dev:amd64.
#13 318.4 Preparing to unpack .../285-libmysql++-dev_3.2.5-2.3_amd64.deb ...
#13 318.5 Unpacking libmysql++-dev:amd64 (3.2.5-2.3) ...
#13 318.8 Selecting previously unselected package libncurses-dev:amd64.
#13 318.9 Preparing to unpack .../286-libncurses-dev_6.4+20240113-1ubuntu2.2_amd64.deb ...
#13 318.9 Unpacking libncurses-dev:amd64 (6.4+20240113-1ubuntu2.2) ...
#13 319.2 Selecting previously unselected package libreadline-dev:amd64.
#13 319.3 Preparing to unpack .../287-libreadline-dev_8.2-4build1_amd64.deb ...
#13 319.3 Unpacking libreadline-dev:amd64 (8.2-4build1) ...
#13 319.6 Selecting previously unselected package libtool.
#13 319.6 Preparing to unpack .../288-libtool_2.4.7-7build1_all.deb ...
#13 319.6 Unpacking libtool (2.4.7-7build1) ...
#13 319.9 Selecting previously unselected package lsb-base.
#13 319.9 Preparing to unpack .../289-lsb-base_11.6_all.deb ...
#13 320.0 Unpacking lsb-base (11.6) ...
#13 320.3 Selecting previously unselected package ninja-build.
#13 320.3 Preparing to unpack .../290-ninja-build_1.11.1-2_amd64.deb ...
#13 320.3 Unpacking ninja-build (1.11.1-2) ...
#13 320.6 Selecting previously unselected package unzip.
#13 320.6 Preparing to unpack .../291-unzip_6.0-28ubuntu4.1_amd64.deb ...
#13 320.6 Unpacking unzip (6.0-28ubuntu4.1) ...
#13 320.9 Selecting previously unselected package liblzma-dev:amd64.
#13 320.9 Preparing to unpack .../292-liblzma-dev_5.6.1+really5.4.5-1ubuntu0.3_amd64.deb ...
#13 320.9 Unpacking liblzma-dev:amd64 (5.6.1+really5.4.5-1ubuntu0.3) ...
#13 321.3 Setting up media-types (10.1.0) ...
#13 321.4 Setting up libboost-python1.83.0 (1.83.0-2.1ubuntu3.2) ...
#13 321.5 Setting up libboost-program-options1.83.0:amd64 (1.83.0-2.1ubuntu3.2) ...
#13 321.6 Setting up lsb-base (11.6) ...
#13 321.7 Setting up libpciaccess0:amd64 (0.17-3ubuntu0.24.04.2) ...
#13 321.8 Setting up mysql-common (5.8+1.1.0build1) ...
#13 322.1 update-alternatives: using /etc/mysql/my.cnf.fallback to provide /etc/mysql/my.cnf (my.cnf) in auto mode
#13 322.1 Setting up libmysqlclient21:amd64 (8.0.46-0ubuntu0.24.04.4) ...
#13 322.2 Setting up libxau6:amd64 (1:1.0.9-1build6) ...
#13 322.3 Setting up libboost-stacktrace1.83.0:amd64 (1.83.0-2.1ubuntu3.2) ...
#13 322.4 Setting up libkeyutils1:amd64 (1.6.3-3build1) ...
#13 322.5 Setting up lto-disabled-list (47) ...
#13 322.6 Setting up libzstd-dev:amd64 (1.5.5+dfsg2-2build1.1) ...
#13 323.1 Setting up libgdbm6t64:amd64 (1.23-5.1build1) ...
#13 323.2 Setting up libboost-nowide1.83.0 (1.83.0-2.1ubuntu3.2) ...
#13 323.3 Setting up libboost-date-time1.83.0:amd64 (1.83.0-2.1ubuntu3.2) ...
#13 ...

#7 [ac-worldserver internal] load build context
#7 transferring context: 853.16MB 356.5s
#7 ...

#6 [ac-db-import internal] load build context
#6 ...

#7 [ac-worldserver internal] load build context
#7 transferring context: 869.45MB 361.5s
#7 transferring context: 885.77MB 366.5s
#7 ...

#6 [ac-db-import internal] load build context
#6 ...

#7 [ac-worldserver internal] load build context
#7 transferring context: 902.26MB 371.7s
#7 ...

#13 [ac-authserver build 1/8] RUN apt-get update                                                         && apt-get install -y --no-install-recommends                                 build-essential ccache libtool cmake-data ninja-build cmake clang            git lsb-base curl unzip default-mysql-client openssl                          default-libmysqlclient-dev libboost-all-dev libssl-dev libmysql++-dev         libreadline-dev zlib1g-dev libbz2-dev libncurses5-dev liblzma-dev      && rm -rf /var/lib/apt/lists/*
#13 332.8 Setting up libgdbm-compat4t64:amd64 (1.23-5.1build1) ...
#13 336.7 Setting up libboost-json1.83.0:amd64 (1.83.0-2.1ubuntu3.2) ...
#13 336.9 Setting up libmagic-mgc (1:5.45-3build1) ...
#13 337.0 Setting up libboost-timer1.83.0:amd64 (1.83.0-2.1ubuntu3.2) ...
#13 337.2 Setting up libcbor0.10:amd64 (0.10.2-1.2ubuntu2) ...
#13 337.4 Setting up libboost-regex1.83.0:amd64 (1.83.0-2.1ubuntu3.2) ...
#13 337.6 Setting up unzip (6.0-28ubuntu4.1) ...
#13 337.8 Setting up libbrotli1:amd64 (1.1.0-2build2) ...
#13 338.0 Setting up libsqlite3-0:amd64 (3.45.1-1ubuntu2.7) ...
#13 338.6 Setting up libboost-system1.83.0:amd64 (1.83.0-2.1ubuntu3.2) ...
#13 339.1 Setting up libuv1t64:amd64 (1.48.0-1.1build1) ...
#13 339.3 Setting up libboost-context1.83.0:amd64 (1.83.0-2.1ubuntu3.2) ...
#13 339.4 Setting up libmagic1t64:amd64 (1:5.45-3build1) ...
#13 339.7 Setting up libboost-random1.83.0:amd64 (1.83.0-2.1ubuntu3.2) ...
#13 339.8 Setting up binutils-common:amd64 (2.42-4ubuntu2.10) ...
#13 340.0 Setting up libpsl5t64:amd64 (0.21.2-1.1build1) ...
#13 340.2 Setting up libnghttp2-14:amd64 (1.59.0-1ubuntu0.4) ...
#13 340.4 Setting up linux-libc-dev:amd64 (6.8.0-139.139) ...
#13 340.6 Setting up libctf-nobfd0:amd64 (2.42-4ubuntu2.10) ...
#13 340.7 Setting up libboost-thread1.83.0:amd64 (1.83.0-2.1ubuntu3.2) ...
#13 340.9 Setting up m4 (1.4.19-4build1) ...
#13 341.0 Setting up libevent-2.1-7t64:amd64 (2.1.12-stable-9ubuntu2.1) ...
#13 341.2 Setting up file (1:5.45-3build1) ...
#13 341.3 Setting up libboost-filesystem1.83.0:amd64 (1.83.0-2.1ubuntu3.2) ...
#13 341.5 Setting up libgomp1:amd64 (14.2.0-4ubuntu2~24.04.1) ...
#13 341.7 Setting up bzip2 (1.0.8-5.1ubuntu0.1) ...
#13 341.8 Setting up libboost-url1.83.0:amd64 (1.83.0-2.1ubuntu3.2) ...
#13 342.0 Setting up libsframe1:amd64 (2.42-4ubuntu2.10) ...
#13 342.1 Setting up ninja-build (1.11.1-2) ...
#13 342.3 Setting up libelf1t64:amd64 (0.190-1.1ubuntu0.1) ...
#13 342.4 Setting up libjansson4:amd64 (2.14-2build2) ...
#13 342.6 Setting up libkrb5support0:amd64 (1.20.1-6ubuntu2.8) ...
#13 342.8 Setting up libsasl2-modules-db:amd64 (2.1.28+dfsg1-5ubuntu3.1) ...
#13 342.9 Setting up libboost-atomic1.83.0:amd64 (1.83.0-2.1ubuntu3.2) ...
#13 ...

#7 [ac-worldserver internal] load build context
#7 transferring context: 919.56MB 376.8s
#7 ...

#6 [ac-db-import internal] load build context
#6 ...

#7 [ac-worldserver internal] load build context
#7 transferring context: 935.03MB 381.8s
#7 ...

#13 [ac-authserver build 1/8] RUN apt-get update                                                         && apt-get install -y --no-install-recommends                                 build-essential ccache libtool cmake-data ninja-build cmake clang            git lsb-base curl unzip default-mysql-client openssl                          default-libmysqlclient-dev libboost-all-dev libssl-dev libmysql++-dev         libreadline-dev zlib1g-dev libbz2-dev libncurses5-dev liblzma-dev      && rm -rf /var/lib/apt/lists/*
#13 343.1 Setting up libboost-serialization1.83.0:amd64 (1.83.0-2.1ubuntu3.2) ...
#13 343.2 Setting up libboost-numpy1.83.0 (1.83.0-2.1ubuntu3.2) ...
#13 343.4 Setting up autotools-dev (20220109.1) ...
#13 343.5 Setting up rpcsvc-proto (1.4.2-0ubuntu7) ...
#13 343.7 Setting up gcc-13-base:amd64 (13.3.0-6ubuntu2~24.04.1) ...
#13 343.8 Setting up libmunge2:amd64 (0.5.15-4ubuntu0.1) ...
#13 343.9 Setting up libx11-data (2:1.8.7-1build1) ...
#13 344.0 Setting up make (4.3-4.1build2) ...
#13 344.1 Setting up libmpfr6:amd64 (4.2.1-1build1.1) ...
#13 344.2 Setting up libboost-chrono1.83.0t64:amd64 (1.83.0-2.1ubuntu3.2) ...
#13 344.3 Setting up librtmp1:amd64 (2.4+20151223.gitfa8646d.1-2build7) ...
#13 344.4 Setting up libboost-iostreams1.83.0:amd64 (1.83.0-2.1ubuntu3.2) ...
#13 344.5 Setting up libncurses6:amd64 (6.4+20240113-1ubuntu2.2) ...
#13 344.6 Setting up xz-utils (5.6.1+really5.4.5-1ubuntu0.3) ...
#13 344.7 update-alternatives: using /usr/bin/xz to provide /usr/bin/lzma (lzma) in auto mode
#13 344.7 update-alternatives: warning: skip creation of /usr/share/man/man1/lzma.1.gz because associated file /usr/share/man/man1/xz.1.gz (of link group lzma) doesn't exist
#13 344.7 update-alternatives: warning: skip creation of /usr/share/man/man1/unlzma.1.gz because associated file /usr/share/man/man1/unxz.1.gz (of link group lzma) doesn't exist
#13 344.7 update-alternatives: warning: skip creation of /usr/share/man/man1/lzcat.1.gz because associated file /usr/share/man/man1/xzcat.1.gz (of link group lzma) doesn't exist
#13 344.7 update-alternatives: warning: skip creation of /usr/share/man/man1/lzmore.1.gz because associated file /usr/share/man/man1/xzmore.1.gz (of link group lzma) doesn't exist
#13 344.7 update-alternatives: warning: skip creation of /usr/share/man/man1/lzless.1.gz because associated file /usr/share/man/man1/xzless.1.gz (of link group lzma) doesn't exist
#13 344.7 update-alternatives: warning: skip creation of /usr/share/man/man1/lzdiff.1.gz because associated file /usr/share/man/man1/xzdiff.1.gz (of link group lzma) doesn't exist
#13 344.7 update-alternatives: warning: skip creation of /usr/share/man/man1/lzcmp.1.gz because associated file /usr/share/man/man1/xzcmp.1.gz (of link group lzma) doesn't exist
#13 344.7 update-alternatives: warning: skip creation of /usr/share/man/man1/lzgrep.1.gz because associated file /usr/share/man/man1/xzgrep.1.gz (of link group lzma) doesn't exist
#13 344.7 update-alternatives: warning: skip creation of /usr/share/man/man1/lzegrep.1.gz because associated file /usr/share/man/man1/xzegrep.1.gz (of link group lzma) doesn't exist
#13 344.7 update-alternatives: warning: skip creation of /usr/share/man/man1/lzfgrep.1.gz because associated file /usr/share/man/man1/xzfgrep.1.gz (of link group lzma) doesn't exist
#13 344.7 Setting up perl-modules-5.38 (5.38.2-3.2ubuntu0.4) ...
#13 344.8 Setting up libquadmath0:amd64 (14.2.0-4ubuntu2~24.04.1) ...
#13 344.9 Setting up libssl-dev:amd64 (3.0.13-0ubuntu3.15) ...
#13 345.0 Setting up libboost-nowide1.83-dev (1.83.0-2.1ubuntu3.2) ...
#13 345.1 Setting up libhwloc15:amd64 (2.10.0-1build1) ...
#13 345.2 Setting up libmpc3:amd64 (1.3.1-1build1.1) ...
#13 345.3 Setting up libatomic1:amd64 (14.2.0-4ubuntu2~24.04.1) ...
#13 345.4 Setting up patch (2.7.6-7build3) ...
#13 345.5 Setting up libboost-numpy1.83-dev (1.83.0-2.1ubuntu3.2) ...
#13 345.6 Setting up libjsoncpp25:amd64 (1.9.5-6build1) ...
#13 345.7 Setting up libclang-common-18-dev:amd64 (1:18.1.3-1ubuntu1) ...
#13 345.7 Setting up libncursesw6:amd64 (6.4+20240113-1ubuntu2.2) ...
#13 345.9 Setting up libk5crypto3:amd64 (1.20.1-6ubuntu2.8) ...
#13 346.0 Setting up libgc1:amd64 (1:8.2.6-1build1) ...
#13 346.0 Setting up libltdl7:amd64 (2.4.7-7build1) ...
#13 346.1 Setting up libboost-test1.83.0:amd64 (1.83.0-2.1ubuntu3.2) ...
#13 346.2 Setting up libsasl2-2:amd64 (2.1.28+dfsg1-5ubuntu3.1) ...
#13 346.3 Setting up libgfortran5:amd64 (14.2.0-4ubuntu2~24.04.1) ...
#13 346.4 Setting up libboost-fiber1.83.0:amd64 (1.83.0-2.1ubuntu3.2) ...
#13 346.6 Setting up liblzma-dev:amd64 (5.6.1+really5.4.5-1ubuntu0.3) ...
#13 346.7 Setting up libubsan1:amd64 (14.2.0-4ubuntu2~24.04.1) ...
#13 346.8 Setting up libicu74:amd64 (74.2-1ubuntu3.1) ...
#13 346.9 Setting up libnuma1:amd64 (2.0.18-1ubuntu0.24.04.1) ...
#13 347.0 Setting up ocl-icd-libopencl1:amd64 (2.3.2-1build1) ...
#13 347.1 Setting up libhwasan0:amd64 (14.2.0-4ubuntu2~24.04.1) ...
#13 347.1 Setting up librhash0:amd64 (1.4.3-3build1) ...
#13 347.2 Setting up libcrypt-dev:amd64 (1:4.4.36-4build1) ...
#13 347.4 Setting up libasan8:amd64 (14.2.0-4ubuntu2~24.04.1) ...
#13 347.4 Setting up libnl-3-200:amd64 (3.7.0-0.3build1.1) ...
#13 347.6 Setting up libboost-graph1.83.0:amd64 (1.83.0-2.1ubuntu3.2) ...
#13 347.7 Setting up libpsm2-2 (11.2.185-2build1) ...
#13 347.9 Setting up openmpi-common (4.1.6-7ubuntu2) ...
#13 348.0 Setting up libboost-container1.83.0:amd64 (1.83.0-2.1ubuntu3.2) ...
#13 348.1 Setting up git-man (1:2.43.0-1ubuntu7.3) ...
#13 348.2 Setting up netbase (6.4) ...
#13 348.4 Setting up libboost-type-erasure1.83.0:amd64 (1.83.0-2.1ubuntu3.2) ...
#13 348.5 Setting up cmake-data (3.28.3-1build7) ...
#13 348.7 Setting up libkrb5-3:amd64 (1.20.1-6ubuntu2.8) ...
#13 348.8 Setting up libevent-core-2.1-7t64:amd64 (2.1.12-stable-9ubuntu2.1) ...
#13 348.9 Setting up libperl5.38t64:amd64 (5.38.2-3.2ubuntu0.4) ...
#13 349.0 Setting up libpsm-infinipath1 (3.3+20.604758e7-6.3build1) ...
#13 349.0 update-alternatives: using /usr/lib/libpsm1/libpsm_infinipath.so.1.16 to provide /usr/lib/x86_64-linux-gnu/libpsm_infinipath.so.1 (libpsm_infinipath.so.1) in auto mode
#13 349.1 Setting up libboost-math1.83.0:amd64 (1.83.0-2.1ubuntu3.2) ...
#13 349.2 Setting up libtsan2:amd64 (14.2.0-4ubuntu2~24.04.1) ...
#13 349.3 Setting up libjs-jquery (3.6.1+dfsg+~3.5.14-1) ...
#13 349.4 Setting up libbinutils:amd64 (2.42-4ubuntu2.10) ...
#13 349.5 Setting up libfido2-1:amd64 (1.14.0-1build3) ...
#13 349.7 Setting up libisl23:amd64 (0.26-3build1.1) ...
#13 349.8 Setting up libc-dev-bin (2.39-0ubuntu8.8) ...
#13 350.0 Setting up libbsd0:amd64 (0.12.1-1build1.1) ...
#13 350.2 Setting up libdrm-common (2.4.125-1ubuntu0.1~24.04.2) ...
#13 350.3 Setting up libhiredis1.1.0:amd64 (1.2.0-6ubuntu3) ...
#13 350.5 Setting up readline-common (8.2-4build1) ...
#13 350.6 Setting up libxml2:amd64 (2.9.14+dfsg-1.3ubuntu3.8) ...
#13 350.7 Setting up libcc1-0:amd64 (14.2.0-4ubuntu2~24.04.1) ...
#13 350.8 Setting up libldap2:amd64 (2.6.10+dfsg-0ubuntu0.24.04.1) ...
#13 350.9 Setting up libboost1.83-tools-dev (1.83.0-2.1ubuntu3.2) ...
#13 351.0 Setting up liblsan0:amd64 (14.2.0-4ubuntu2~24.04.1) ...
#13 351.1 Setting up libitm1:amd64 (14.2.0-4ubuntu2~24.04.1) ...
#13 351.2 Setting up libjs-underscore (1.13.4~dfsg+~1.11.4-3) ...
#13 351.2 Setting up libctf0:amd64 (2.42-4ubuntu2.10) ...
#13 351.3 Setting up libmysql++3t64:amd64 (3.2.5-2.3) ...
#13 351.4 Setting up libxdmcp6:amd64 (1:1.1.3-0ubuntu6) ...
#13 351.5 Setting up libboost-wave1.83.0:amd64 (1.83.0-2.1ubuntu3.2) ...
#13 351.6 Setting up libxcb1:amd64 (1.15-1ubuntu2) ...
#13 351.8 Setting up libboost-coroutine1.83.0:amd64 (1.83.0-2.1ubuntu3.2) ...
#13 351.9 Setting up cpp-13-x86-64-linux-gnu (13.3.0-6ubuntu2~24.04.1) ...
#13 352.0 Setting up libevent-pthreads-2.1-7t64:amd64 (2.1.12-stable-9ubuntu2.1) ...
#13 352.1 Setting up libboost-log1.83.0 (1.83.0-2.1ubuntu3.2) ...
#13 352.2 Setting up libedit2:amd64 (3.1-20230828-1build1) ...
#13 352.3 Setting up libevent-openssl-2.1-7t64:amd64 (2.1.12-stable-9ubuntu2.1) ...
#13 352.4 Setting up ccache (4.9.1-1) ...
#13 352.4 Updating symlinks in /usr/lib/ccache ...
#13 352.5 Setting up libboost-locale1.83.0:amd64 (1.83.0-2.1ubuntu3.2) ...
#13 352.6 Setting up libboost-tools-dev (1.83.0.1ubuntu2) ...
#13 352.8 Setting up libobjc4:amd64 (14.2.0-4ubuntu2~24.04.1) ...
#13 352.9 Setting up libboost-nowide-dev (1.83.0.1ubuntu2) ...
#13 353.1 Setting up libnl-route-3-200:amd64 (3.7.0-0.3build1.1) ...
#13 353.3 Setting up perl (5.38.2-3.2ubuntu0.4) ...
#13 ...

#7 [ac-worldserver internal] load build context
#7 transferring context: 951.29MB 386.8s
#7 ...

#6 [ac-db-import internal] load build context
#6 ...

#7 [ac-worldserver internal] load build context
#7 transferring context: 967.52MB 392.0s
#7 ...

#13 [ac-authserver build 1/8] RUN apt-get update                                                         && apt-get install -y --no-install-recommends                                 build-essential ccache libtool cmake-data ninja-build cmake clang            git lsb-base curl unzip default-mysql-client openssl                          default-libmysqlclient-dev libboost-all-dev libssl-dev libmysql++-dev         libreadline-dev zlib1g-dev libbz2-dev libncurses5-dev liblzma-dev      && rm -rf /var/lib/apt/lists/*
#13 353.6 Setting up libgprofng0:amd64 (2.42-4ubuntu2.10) ...
#13 353.8 Setting up libjs-jquery-ui (1.13.2+dfsg-1) ...
#13 354.0 Setting up libllvm17t64:amd64 (1:17.0.6-9ubuntu1) ...
#13 354.1 Setting up libboost-numpy-dev (1.83.0.1ubuntu2) ...
#13 354.1 Setting up libgssapi-krb5-2:amd64 (1.20.1-6ubuntu2.8) ...
#13 354.2 Setting up icu-devtools (74.2-1ubuntu3.1) ...
#13 354.3 Setting up libjs-sphinxdoc (7.2.6-6) ...
#13 354.4 Setting up libdpkg-perl (1.22.6ubuntu6.6) ...
#13 354.5 Setting up libssh-4:amd64 (0.10.6-2ubuntu0.5) ...
#13 354.6 Setting up autoconf (2.71-3) ...
#13 354.7 Setting up libevent-extra-2.1-7t64:amd64 (2.1.12-stable-9ubuntu2.1) ...
#13 354.8 Setting up libreadline8t64:amd64 (8.2-4build1) ...
#13 354.9 Setting up libdrm2:amd64 (2.4.125-1ubuntu0.1~24.04.2) ...
#13 355.0 Setting up libnl-3-dev:amd64 (3.7.0-0.3build1.1) ...
#13 355.1 Setting up libgcc-13-dev:amd64 (13.3.0-6ubuntu2~24.04.1) ...
#13 355.2 Setting up libc6-dev:amd64 (2.39-0ubuntu8.8) ...
#13 355.3 Setting up libx11-6:amd64 (2:1.8.7-1build1) ...
#13 355.4 Setting up libamd-comgr2:amd64 (6.0+git20231212.4510c28+dfsg-3build2) ...
#13 355.5 Setting up libgfortran-13-dev:amd64 (13.3.0-6ubuntu2~24.04.1) ...
#13 355.6 Setting up libarchive13t64:amd64 (3.7.2-2ubuntu0.8) ...
#13 355.7 Setting up libicu-dev:amd64 (74.2-1ubuntu3.1) ...
#13 355.8 Setting up libobjc-13-dev:amd64 (13.3.0-6ubuntu2~24.04.1) ...
#13 355.8 Setting up libstdc++-13-dev:amd64 (13.3.0-6ubuntu2~24.04.1) ...
#13 356.0 Setting up libllvm18:amd64 (1:18.1.3-1ubuntu1) ...
#13 356.1 Setting up binutils-x86-64-linux-gnu (2.42-4ubuntu2.10) ...
#13 356.2 Setting up libdrm-amdgpu1:amd64 (2.4.125-1ubuntu0.1~24.04.2) ...
#13 356.3 Setting up libbz2-dev:amd64 (1.0.8-5.1ubuntu0.1) ...
#13 356.4 Setting up cpp-x86-64-linux-gnu (4:13.2.0-7ubuntu1) ...
#13 356.4 Setting up automake (1:1.16.5-1.3ubuntu1) ...
#13 356.5 update-alternatives: using /usr/bin/automake-1.16 to provide /usr/bin/automake (automake) in auto mode
#13 356.5 update-alternatives: warning: skip creation of /usr/share/man/man1/automake.1.gz because associated file /usr/share/man/man1/automake-1.16.1.gz (of link group automake) doesn't exist
#13 356.5 update-alternatives: warning: skip creation of /usr/share/man/man1/aclocal.1.gz because associated file /usr/share/man/man1/aclocal-1.16.1.gz (of link group automake) doesn't exist
#13 356.6 Setting up libclang1-18 (1:18.1.3-1ubuntu1) ...
#13 356.7 Setting up libibverbs1:amd64 (50.0-2ubuntu0.2) ...
#13 357.0 Setting up mysql-client-core-8.0 (8.0.46-0ubuntu0.24.04.4) ...
#13 357.1 Setting up libboost1.83-dev:amd64 (1.83.0-2.1ubuntu3.2) ...
#13 357.2 Setting up libncurses-dev:amd64 (6.4+20240113-1ubuntu2.2) ...
#13 357.3 Setting up libboost-chrono1.83-dev:amd64 (1.83.0-2.1ubuntu3.2) ...
#13 357.4 Setting up libpython3.12-stdlib:amd64 (3.12.3-1ubuntu0.16) ...
#13 357.5 Setting up cpp-13 (13.3.0-6ubuntu2~24.04.1) ...
#13 357.7 Setting up libcurl4t64:amd64 (8.5.0-2ubuntu10.13) ...
#13 357.9 Setting up ibverbs-providers:amd64 (50.0-2ubuntu0.2) ...
#13 358.9 Setting up libboost-math1.83-dev:amd64 (1.83.0-2.1ubuntu3.2) ...
#13 359.0 Setting up libboost-chrono-dev:amd64 (1.83.0.1ubuntu2) ...
#13 359.1 Setting up openssh-client (1:9.6p1-3ubuntu13.19) ...
#13 359.6 Setting up gcc-13-x86-64-linux-gnu (13.3.0-6ubuntu2~24.04.1) ...
#13 359.7 Setting up libboost-math-dev:amd64 (1.83.0.1ubuntu2) ...
#13 359.8 Setting up python3.12 (3.12.3-1ubuntu0.16) ...
#13 362.6 Setting up libboost-program-options1.83-dev:amd64 (1.83.0-2.1ubuntu3.2) ...
#13 362.7 Setting up libboost-serialization1.83-dev:amd64 (1.83.0-2.1ubuntu3.2) ...
#13 362.8 Setting up libcurl3t64-gnutls:amd64 (8.5.0-2ubuntu10.13) ...
#13 362.9 Setting up libxext6:amd64 (2:1.3.4-1build2) ...
#13 363.0 Setting up libboost-test1.83-dev:amd64 (1.83.0-2.1ubuntu3.2) ...
#13 363.1 Setting up binutils (2.42-4ubuntu2.10) ...
#13 363.2 Setting up libreadline-dev:amd64 (8.2-4build1) ...
#13 363.3 Setting up gfortran-13-x86-64-linux-gnu (13.3.0-6ubuntu2~24.04.1) ...
#13 363.4 Setting up dpkg-dev (1.22.6ubuntu6.6) ...
#13 363.5 Setting up libnuma-dev:amd64 (2.0.18-1ubuntu0.24.04.1) ...
#13 363.6 Setting up libxnvctrl0:amd64 (510.47.03-0ubuntu4.24.04.1) ...
#13 363.7 Setting up libboost-test-dev:amd64 (1.83.0.1ubuntu2) ...
#13 363.8 Setting up liberror-perl (0.17029-2) ...
#13 ...

#7 [ac-worldserver internal] load build context
#7 transferring context: 983.51MB 397.0s
#7 ...

#6 [ac-db-import internal] load build context
#6 ...

#7 [ac-worldserver internal] load build context
#7 transferring context: 1.00GB 402.0s
#7 ...

#13 [ac-authserver build 1/8] RUN apt-get update                                                         && apt-get install -y --no-install-recommends                                 build-essential ccache libtool cmake-data ninja-build cmake clang            git lsb-base curl unzip default-mysql-client openssl                          default-libmysqlclient-dev libboost-all-dev libssl-dev libmysql++-dev         libreadline-dev zlib1g-dev libbz2-dev libncurses5-dev liblzma-dev      && rm -rf /var/lib/apt/lists/*
#13 363.9 Setting up libpython3.12t64:amd64 (3.12.3-1ubuntu0.16) ...
#13 364.0 Setting up libnl-route-3-dev:amd64 (3.7.0-0.3build1.1) ...
#13 364.1 Setting up libltdl-dev:amd64 (2.4.7-7build1) ...
#13 364.1 Setting up libboost-timer1.83-dev:amd64 (1.83.0-2.1ubuntu3.2) ...
#13 364.2 Setting up libexpat1-dev:amd64 (2.6.1-2ubuntu0.4) ...
#13 364.3 Setting up libboost-program-options-dev:amd64 (1.83.0.1ubuntu2) ...
#13 364.4 Setting up libboost-container1.83-dev:amd64 (1.83.0-2.1ubuntu3.2) ...
#13 364.5 Setting up libboost-date-time1.83-dev:amd64 (1.83.0-2.1ubuntu3.2) ...
#13 364.6 Setting up libevent-dev (2.1.12-stable-9ubuntu2.1) ...
#13 364.7 Setting up gcc-13 (13.3.0-6ubuntu2~24.04.1) ...
#13 364.8 Setting up libboost-stacktrace1.83-dev:amd64 (1.83.0-2.1ubuntu3.2) ...
#13 364.9 Setting up libboost-regex1.83-dev:amd64 (1.83.0-2.1ubuntu3.2) ...
#13 365.0 Setting up libboost-serialization-dev:amd64 (1.83.0.1ubuntu2) ...
#13 365.1 Setting up git (1:2.43.0-1ubuntu7.3) ...
#13 365.2 Setting up libboost-date-time-dev:amd64 (1.83.0.1ubuntu2) ...
#13 365.3 Setting up libboost-atomic1.83-dev:amd64 (1.83.0-2.1ubuntu3.2) ...
#13 365.4 Setting up llvm-18-linker-tools (1:18.1.3-1ubuntu1) ...
#13 365.5 Setting up zlib1g-dev:amd64 (1:1.3.dfsg-3.1ubuntu2.2) ...
#13 365.6 Setting up libboost-atomic-dev:amd64 (1.83.0.1ubuntu2) ...
#13 365.7 Setting up libboost-exception1.83-dev:amd64 (1.83.0-2.1ubuntu3.2) ...
#13 365.8 Setting up cpp (4:13.2.0-7ubuntu1) ...
#13 366.0 Setting up libboost-stacktrace-dev:amd64 (1.83.0.1ubuntu2) ...
#13 366.1 Setting up cmake (3.28.3-1build7) ...
#13 366.1 Setting up mysql-client-8.0 (8.0.46-0ubuntu0.24.04.4) ...
#13 366.2 Setting up librdmacm1t64:amd64 (50.0-2ubuntu0.2) ...
#13 366.3 Setting up libhwloc-dev:amd64 (2.10.0-1build1) ...
#13 366.4 Setting up libboost-dev:amd64 (1.83.0.1ubuntu2) ...
#13 366.5 Setting up curl (8.5.0-2ubuntu10.13) ...
#13 366.6 Setting up libboost-system1.83-dev:amd64 (1.83.0-2.1ubuntu3.2) ...
#13 366.7 Setting up libboost-regex-dev:amd64 (1.83.0.1ubuntu2) ...
#13 366.8 Setting up libclang-cpp18 (1:18.1.3-1ubuntu1) ...
#13 366.9 Setting up libboost-timer-dev:amd64 (1.83.0.1ubuntu2) ...
#13 367.0 Setting up libhsakmt1:amd64 (5.7.0-1build1) ...
#13 367.1 Setting up libmysqlclient-dev (8.0.46-0ubuntu0.24.04.4) ...
#13 367.1 Setting up libpython3-stdlib:amd64 (3.12.3-0ubuntu2.1) ...
#13 367.2 Setting up default-mysql-client (1.1.0build1) ...
#13 367.3 Setting up default-libmysqlclient-dev:amd64 (1.1.0build1) ...
#13 367.4 Setting up libboost-thread1.83-dev:amd64 (1.83.0-2.1ubuntu3.2) ...
#13 367.5 Setting up libfabric1:amd64 (1.17.0-3build2) ...
#13 367.6 Setting up libboost-json1.83-dev:amd64 (1.83.0-2.1ubuntu3.2) ...
#13 367.7 Setting up libboost-locale1.83-dev:amd64 (1.83.0-2.1ubuntu3.2) ...
#13 367.9 Setting up g++-13-x86-64-linux-gnu (13.3.0-6ubuntu2~24.04.1) ...
#13 368.0 Setting up gcc-x86-64-linux-gnu (4:13.2.0-7ubuntu1) ...
#13 368.1 Setting up libtool (2.4.7-7build1) ...
#13 368.2 Setting up libboost-iostreams1.83-dev:amd64 (1.83.0-2.1ubuntu3.2) ...
#13 368.3 Setting up libboost-system-dev:amd64 (1.83.0.1ubuntu2) ...
#13 368.5 Setting up libboost-type-erasure1.83-dev:amd64 (1.83.0-2.1ubuntu3.2) ...
#13 368.7 Setting up libboost-url1.83-dev:amd64 (1.83.0-2.1ubuntu3.2) ...
#13 369.1 Setting up libboost-locale-dev:amd64 (1.83.0.1ubuntu2) ...
#13 369.2 Setting up clang-18 (1:18.1.3-1ubuntu1) ...
#13 369.3 Setting up python3 (3.12.3-0ubuntu2.1) ...
#13 370.0 Setting up libpython3.12-dev:amd64 (3.12.3-1ubuntu0.16) ...
#13 370.2 Setting up libboost-filesystem1.83-dev:amd64 (1.83.0-2.1ubuntu3.2) ...
#13 370.4 Setting up libboost-exception-dev:amd64 (1.83.0.1ubuntu2) ...
#13 370.6 Setting up libboost-iostreams-dev:amd64 (1.83.0.1ubuntu2) ...
#13 370.7 Setting up libibverbs-dev:amd64 (50.0-2ubuntu0.2) ...
#13 370.9 Setting up libhwloc-plugins:amd64 (2.10.0-1build1) ...
#13 371.0 Setting up libboost-graph1.83-dev:amd64 (1.83.0-2.1ubuntu3.2) ...
#13 371.2 Setting up libboost-container-dev:amd64 (1.83.0.1ubuntu2) ...
#13 371.4 Setting up gcc (4:13.2.0-7ubuntu1) ...
#13 371.6 Setting up libboost-type-erasure-dev:amd64 (1.83.0.1ubuntu2) ...
#13 371.6 Setting up libmysql++-dev:amd64 (3.2.5-2.3) ...
#13 371.7 Setting up libboost-context1.83-dev:amd64 (1.83.0-2.1ubuntu3.2) ...
#13 371.8 Setting up libboost-coroutine1.83-dev:amd64 (1.83.0-2.1ubuntu3.2) ...
#13 371.9 Setting up libboost-fiber1.83-dev:amd64 (1.83.0-2.1ubuntu3.2) ...
#13 372.0 Setting up gfortran-13 (13.3.0-6ubuntu2~24.04.1) ...
#13 372.1 Setting up clang (1:18.0-59~exp2) ...
#13 372.3 Setting up python3.12-dev (3.12.3-1ubuntu0.16) ...
#13 372.4 Setting up libboost-random1.83-dev:amd64 (1.83.0-2.1ubuntu3.2) ...
#13 372.5 Setting up libpmix2t64:amd64 (5.0.1-4.1build1) ...
#13 372.6 Setting up libhsa-runtime64-1 (5.7.1-2build1) ...
#13 372.7 Setting up g++-x86-64-linux-gnu (4:13.2.0-7ubuntu1) ...
#13 372.8 Setting up libboost-url-dev:amd64 (1.83.0.1ubuntu2) ...
#13 372.9 Setting up libboost-coroutine-dev:amd64 (1.83.0.1ubuntu2) ...
#13 372.9 Setting up libboost-log1.83-dev (1.83.0-2.1ubuntu3.2) ...
#13 373.0 Setting up libboost-json-dev:amd64 (1.83.0.1ubuntu2) ...
#13 373.1 Setting up libboost-log-dev (1.83.0.1ubuntu2) ...
#13 373.2 Setting up libboost-filesystem-dev:amd64 (1.83.0.1ubuntu2) ...
#13 373.4 Setting up libpmix-dev:amd64 (5.0.1-4.1build1) ...
#13 373.6 Setting up libboost-thread-dev:amd64 (1.83.0.1ubuntu2) ...
#13 373.7 Setting up libboost-fiber-dev:amd64 (1.83.0.1ubuntu2) ...
#13 373.9 Setting up g++-13 (13.3.0-6ubuntu2~24.04.1) ...
#13 374.0 Setting up libboost-graph-dev:amd64 (1.83.0.1ubuntu2) ...
#13 ...

#7 [ac-worldserver internal] load build context
#7 transferring context: 1.02GB 407.1s
#7 ...

#6 [ac-db-import internal] load build context
#6 ...

#7 [ac-worldserver internal] load build context
#7 ...

#13 [ac-authserver build 1/8] RUN apt-get update                                                         && apt-get install -y --no-install-recommends                                 build-essential ccache libtool cmake-data ninja-build cmake clang            git lsb-base curl unzip default-mysql-client openssl                          default-libmysqlclient-dev libboost-all-dev libssl-dev libmysql++-dev         libreadline-dev zlib1g-dev libbz2-dev libncurses5-dev liblzma-dev      && rm -rf /var/lib/apt/lists/*
#13 374.1 Setting up libpython3-dev:amd64 (3.12.3-0ubuntu2.1) ...
#13 374.2 Setting up libboost-wave1.83-dev:amd64 (1.83.0-2.1ubuntu3.2) ...
#13 374.3 Setting up libboost-random-dev:amd64 (1.83.0.1ubuntu2) ...
#13 374.3 Setting up libboost-wave-dev:amd64 (1.83.0.1ubuntu2) ...
#13 374.4 Setting up libboost-context-dev:amd64 (1.83.0.1ubuntu2) ...
#13 374.5 Setting up libamdhip64-5 (5.7.1-3) ...
#13 374.6 Setting up python3-dev (3.12.3-0ubuntu2.1) ...
#13 374.7 Setting up libboost-python1.83-dev (1.83.0-2.1ubuntu3.2) ...
#13 374.8 Setting up g++ (4:13.2.0-7ubuntu1) ...
#13 374.9 update-alternatives: using /usr/bin/g++ to provide /usr/bin/c++ (c++) in auto mode
#13 374.9 update-alternatives: warning: skip creation of /usr/share/man/man1/c++.1.gz because associated file /usr/share/man/man1/g++.1.gz (of link group c++) doesn't exist
#13 374.9 Setting up build-essential (12.10ubuntu1) ...
#13 375.0 Setting up libucx0:amd64 (1.16.0+ds-5ubuntu1) ...
#13 375.1 Setting up libboost-python-dev (1.83.0.1ubuntu2) ...
#13 375.2 Setting up libopenmpi3t64:amd64 (4.1.6-7ubuntu2) ...
#13 375.3 Setting up libboost-mpi1.83.0 (1.83.0-2.1ubuntu3.2) ...
#13 375.4 Setting up openmpi-bin (4.1.6-7ubuntu2) ...
#13 375.5 update-alternatives: using /usr/bin/mpirun.openmpi to provide /usr/bin/mpirun (mpirun) in auto mode
#13 375.5 update-alternatives: warning: skip creation of /usr/share/man/man1/mpirun.1.gz because associated file /usr/share/man/man1/mpirun.openmpi.1.gz (of link group mpirun) doesn't exist
#13 375.5 update-alternatives: warning: skip creation of /usr/share/man/man1/mpiexec.1.gz because associated file /usr/share/man/man1/mpiexec.openmpi.1.gz (of link group mpirun) doesn't exist
#13 375.6 update-alternatives: using /usr/bin/mpicc.openmpi to provide /usr/bin/mpicc (mpi) in auto mode
#13 375.6 update-alternatives: warning: skip creation of /usr/share/man/man1/mpicc.1.gz because associated file /usr/share/man/man1/mpicc.openmpi.1.gz (of link group mpi) doesn't exist
#13 375.6 update-alternatives: warning: skip creation of /usr/share/man/man1/mpic++.1.gz because associated file /usr/share/man/man1/mpic++.openmpi.1.gz (of link group mpi) doesn't exist
#13 375.6 update-alternatives: warning: skip creation of /usr/share/man/man1/mpicxx.1.gz because associated file /usr/share/man/man1/mpicxx.openmpi.1.gz (of link group mpi) doesn't exist
#13 375.6 update-alternatives: warning: skip creation of /usr/share/man/man1/mpiCC.1.gz because associated file /usr/share/man/man1/mpiCC.openmpi.1.gz (of link group mpi) doesn't exist
#13 375.6 update-alternatives: warning: skip creation of /usr/share/man/man1/mpif77.1.gz because associated file /usr/share/man/man1/mpif77.openmpi.1.gz (of link group mpi) doesn't exist
#13 375.6 update-alternatives: warning: skip creation of /usr/share/man/man1/mpif90.1.gz because associated file /usr/share/man/man1/mpif90.openmpi.1.gz (of link group mpi) doesn't exist
#13 375.6 update-alternatives: warning: skip creation of /usr/share/man/man1/mpifort.1.gz because associated file /usr/share/man/man1/mpifort.openmpi.1.gz (of link group mpi) doesn't exist
#13 375.6 Setting up libboost-graph-parallel1.83.0 (1.83.0-2.1ubuntu3.2) ...
#13 375.7 Setting up mpi-default-bin (1.15build1) ...
#13 375.8 Setting up libopenmpi-dev:amd64 (4.1.6-7ubuntu2) ...
#13 375.9 update-alternatives: using /usr/lib/x86_64-linux-gnu/openmpi/include to provide /usr/include/x86_64-linux-gnu/mpi (mpi-x86_64-linux-gnu) in auto mode
#13 375.9 Setting up libboost-graph-parallel1.83-dev (1.83.0-2.1ubuntu3.2) ...
#13 376.0 Setting up libboost-mpi-python1.83.0 (1.83.0-2.1ubuntu3.2) ...
#13 376.7 Setting up libboost-graph-parallel-dev (1.83.0.1ubuntu2) ...
#13 376.8 Setting up mpi-default-dev (1.15build1) ...
#13 376.9 Setting up libboost-mpi1.83-dev (1.83.0-2.1ubuntu3.2) ...
#13 377.0 Setting up libboost-mpi-dev (1.83.0.1ubuntu2) ...
#13 377.1 Setting up libboost-mpi-python1.83-dev (1.83.0-2.1ubuntu3.2) ...
#13 377.2 Setting up libboost-mpi-python-dev (1.83.0.1ubuntu2) ...
#13 377.3 Setting up libboost-all-dev (1.83.0.1ubuntu2) ...
#13 377.3 Processing triggers for libc-bin (2.39-0ubuntu8.8) ...
#13 DONE 378.9s

#7 [ac-worldserver internal] load build context
#7 transferring context: 1.04GB 412.1s
#7 transferring context: 1.05GB 417.1s
#7 ...

#6 [ac-db-import internal] load build context
#6 ...

#7 [ac-worldserver internal] load build context
#7 transferring context: 1.07GB 422.3s
#7 transferring context: 1.09GB 427.4s
#7 ...

#6 [ac-db-import internal] load build context
#6 ...

#7 [ac-worldserver internal] load build context
#7 transferring context: 1.11GB 432.6s
#7 transferring context: 1.13GB 437.7s
#7 ...

#6 [ac-db-import internal] load build context
#6 ...

#7 [ac-worldserver internal] load build context
#7 transferring context: 1.15GB 442.9s
#7 transferring context: 1.17GB 448.0s
#7 ...

#6 [ac-db-import internal] load build context
#6 ...

#7 [ac-worldserver internal] load build context
#7 transferring context: 1.19GB 453.1s
#7 transferring context: 1.21GB 458.1s
#7 ...

#6 [ac-db-import internal] load build context
#6 ...

#7 [ac-worldserver internal] load build context
#7 transferring context: 1.23GB 463.2s
#7 transferring context: 1.24GB 468.3s
#7 ...

#6 [ac-db-import internal] load build context
#6 ...

#7 [ac-worldserver internal] load build context
#7 transferring context: 1.26GB 473.3s
#7 transferring context: 1.28GB 478.4s
#7 ...

#6 [ac-db-import internal] load build context
#6 ...

#7 [ac-worldserver internal] load build context
#7 transferring context: 1.30GB 483.4s
#7 transferring context: 1.32GB 488.4s
#7 ...

#6 [ac-db-import internal] load build context
#6 ...

#7 [ac-worldserver internal] load build context
#7 transferring context: 1.34GB 493.5s
#7 transferring context: 1.36GB 498.6s
#7 ...

#6 [ac-db-import internal] load build context
#6 ...

#7 [ac-worldserver internal] load build context
#7 transferring context: 1.38GB 503.7s
#7 transferring context: 1.40GB 508.8s
#7 ...

#6 [ac-db-import internal] load build context
#6 ...

#7 [ac-worldserver internal] load build context
#7 transferring context: 1.41GB 513.9s
#7 transferring context: 1.43GB 519.0s
#7 ...

#6 [ac-db-import internal] load build context
#6 ...

#7 [ac-worldserver internal] load build context
#7 transferring context: 1.45GB 524.0s
#7 transferring context: 1.47GB 529.1s
#7 ...

#6 [ac-db-import internal] load build context
#6 ...

#7 [ac-worldserver internal] load build context
#7 transferring context: 1.49GB 534.1s
#7 transferring context: 1.51GB 539.1s
#7 transferring context: 1.51GB 540.0s done
#7 DONE 540.5s

#19 [ac-authserver build 2/8] COPY CMakeLists.txt /azerothcore/CMakeLists.txt
#19 DONE 1.9s

#20 [ac-worldserver build 3/8] COPY conf /azerothcore/conf
#20 DONE 0.5s

#21 [ac-worldserver build 4/8] COPY deps /azerothcore/deps
#21 ...

#6 [ac-db-import internal] load build context
#6 ...

#21 [ac-authserver build 4/8] COPY deps /azerothcore/deps
#21 DONE 1.3s

#6 [ac-db-import internal] load build context
#6 ...

#22 [ac-authserver build 5/8] COPY src /azerothcore/src
#22 DONE 2.0s

#23 [ac-authserver build 6/8] COPY modules /azerothcore/modules
#23 DONE 2.5s

#24 [ac-worldserver build 7/8] WORKDIR /azerothcore/build
#24 DONE 0.4s

#25 [ac-worldserver build 8/8] RUN --mount=type=cache,target=/ccache,sharing=locked     --mount=type=bind,target=/azerothcore/.git,source=.git     git config --global --add safe.directory /azerothcore     && cmake /azerothcore        -G Ninja        -DCMAKE_INSTALL_PREFIX="/azerothcore/env/dist"         -DAPPS_BUILD="all"                                     -DTOOLS_BUILD="all"                          -DSCRIPTS="static"                                  -DMODULES="static"                                  -DWITH_WARNINGS="ON"                      -DCMAKE_BUILD_TYPE="RelWithDebInfo"                            -DCMAKE_CXX_COMPILER="clang++"                         -DCMAKE_C_COMPILER="clang"                             -DCMAKE_CXX_COMPILER_LAUNCHER="ccache"                 -DCMAKE_C_COMPILER_LAUNCHER="ccache"                   -DBoost_USE_STATIC_LIBS="ON"                        && cmake --build . --config "RelWithDebInfo" -j $(($(nproc) + 1))     && cmake --install . --config "RelWithDebInfo"
#25 1.077 -- CMake version: 3.28.3
#25 1.472 -- The CXX compiler identification is Clang 18.1.3
#25 1.739 -- The C compiler identification is Clang 18.1.3
#25 1.845 -- Detecting CXX compiler ABI info
#25 2.295 -- Detecting CXX compiler ABI info - done
#25 2.311 -- Check for working CXX compiler: /usr/bin/clang++ - skipped
#25 2.312 -- Detecting CXX compile features
#25 2.316 -- Detecting CXX compile features - done
#25 2.405 -- Detecting C compiler ABI info
#25 2.754 -- Detecting C compiler ABI info - done
#25 2.777 -- Check for working C compiler: /usr/bin/clang - skipped
#25 2.778 -- Detecting C compile features
#25 2.785 -- Detecting C compile features - done
#25 2.799 -- Running cmake hook: AFTER_LOAD_CONF
#25 2.800 -- No hooks registered for AFTER_LOAD_CONF
#25 2.802 -- Enabled С++20 standard
#25 2.805 -- Detected 64-bit platform
#25 2.805 -- Detected amd64 processor architecture
#25 2.805 -- UNIX: Using jemalloc
#25 2.806 -- UNIX: Using default configuration directory
#25 2.806 -- UNIX: Using default library directory
#25 2.807 -- UNIX: Configuring uninstall target
#25 2.807 -- UNIX: Created uninstall target
#25 2.808 -- UNIX: Detected compiler: /usr/bin/clang
#25 2.808 -- Clang: disable pch timestamp when ccache and pch enabled
#25 2.808 -- Clang: Minimum version required is 10.0.0, found 18.1.3 - ok!
#25 2.809 -- Performing Test CLANG_HAVE_PROPER_CHARCONV
#25 3.400 -- Performing Test CLANG_HAVE_PROPER_CHARCONV - Success
#25 3.400 -- Clang: All warnings enabled
#25 3.402 -- Running cmake hook: AFTER_LOAD_CMAKE_MODULES
#25 3.402 -- No hooks registered for AFTER_LOAD_CMAKE_MODULES
#25 3.405 -- Using mysql-config: /usr/bin/mysql_config
#25 3.493 -- Found MySQL:    
#25 3.527 -- Found MySQL version: 8.0.46
#25 3.527 -- Found git binary : /usr/bin/git
#25 4.813 
#25 4.813 * AzerothCore revision            : 413bea61a85e+ 2026-09-04 09:03:49 -0700 (Playerbot branch)
#25 4.813 * AzerothCore buildtype           : RelWithDebInfo
#25 4.813 
#25 4.813 * Install core to                 : /azerothcore/env/dist
#25 4.813 * Install libraries to            : /azerothcore/env/dist/lib
#25 4.813 * Install configs to              : /azerothcore/env/dist/etc
#25 4.813 
#25 4.813 * Build applications              : Yes (all)
#25 4.813 * Build tools                     : Yes (all)
#25 4.813 * Build with scripts              : Yes (static)
#25 4.813 * Build with modules              : Yes (static)
#25 4.813 * Build unit tests                : No  (default)
#25 4.813 * Build core w/PCH                : Yes (default)
#25 4.813 * Build scripts w/PCH             : Yes (default)
#25 4.813 * Show all warnings               : Yes
#25 4.813 * Use coreside debug              : No  (default)
#25 4.813 * Use unix gperftools             : No  (default)
#25 4.813 * Use GIT revision hash           : Yes (default)
#25 4.813 * Use stub for libsidecar         : Yes
#25 4.813 * Enable vmap DisableMgr checks   : Yes (default)
#25 4.813 * Show source tree                : No (For UNIX default)
#25 4.813 
#25 5.150 -- Found Boost: /usr/lib/x86_64-linux-gnu/cmake/Boost-1.83.0/BoostConfig.cmake (found suitable version "1.83.0", minimum required is "1.74") found components: filesystem program_options iostreams regex thread 
#25 5.167 -- Looking for MADV_FREE
#25 ...

#6 [ac-db-import internal] load build context
#6 transferring context: 1.52GB 554.5s
#6 ...

#25 [ac-worldserver build 8/8] RUN --mount=type=cache,target=/ccache,sharing=locked     --mount=type=bind,target=/azerothcore/.git,source=.git     git config --global --add safe.directory /azerothcore     && cmake /azerothcore        -G Ninja        -DCMAKE_INSTALL_PREFIX="/azerothcore/env/dist"         -DAPPS_BUILD="all"                                     -DTOOLS_BUILD="all"                          -DSCRIPTS="static"                                  -DMODULES="static"                                  -DWITH_WARNINGS="ON"                      -DCMAKE_BUILD_TYPE="RelWithDebInfo"                            -DCMAKE_CXX_COMPILER="clang++"                         -DCMAKE_C_COMPILER="clang"                             -DCMAKE_CXX_COMPILER_LAUNCHER="ccache"                 -DCMAKE_C_COMPILER_LAUNCHER="ccache"                   -DBoost_USE_STATIC_LIBS="ON"                        && cmake --build . --config "RelWithDebInfo" -j $(($(nproc) + 1))     && cmake --install . --config "RelWithDebInfo"
#25 5.464 -- Looking for MADV_FREE - found
#25 5.486 -- Found OpenSSL: /usr/lib/x86_64-linux-gnu/libcrypto.so (found version "3.0.13") found components: Crypto SSL 
#25 5.491 -- Looking for C++ include filesystem
#25 7.756 -- Looking for C++ include filesystem - found
#25 7.756 -- Performing Test CXX_FILESYSTEM_NO_LINK_NEEDED
#25 9.927 -- Performing Test CXX_FILESYSTEM_NO_LINK_NEEDED - Success
#25 9.942 -- Found Threads: TRUE  
#25 9.970 -- Found ZLIB: /usr/lib/x86_64-linux-gnu/libz.so (found version "1.3")  
#25 9.997 -- Found Readline library: /usr/lib/x86_64-linux-gnu/libreadline.so
#25 9.997 -- Include dir is: /usr/include
#25 10.02 -- Found BZip2: /usr/lib/x86_64-linux-gnu/libbz2.so (found version "1.0.8") 
#25 10.02 -- Looking for BZ2_bzCompressInit
#25 10.30 -- Looking for BZ2_bzCompressInit - found
#25 10.40 -- Running cmake hook: BEFORE_SRC_LOAD
#25 10.40 -- No hooks registered for BEFORE_SRC_LOAD
#25 10.41 
#25 10.41 * Apps build list (all):
#25 10.41   |
#25 10.41   +- apps
#25 10.41   |   +- authserver
#25 10.41   |   +- worldserver
#25 10.41   |
#25 10.41 
#25 10.47 -- Running cmake hook: BEFORE_GAME_LIBRARY
#25 10.47 -- No hooks registered for BEFORE_GAME_LIBRARY
#25 10.70 -- Running cmake hook: AFTER_GAME_LIBRARY
#25 10.70 -- No hooks registered for AFTER_GAME_LIBRARY
#25 10.70 -- Running cmake hook: BEFORE_SCRIPTS_LIBRARY
#25 10.70 -- No hooks registered for BEFORE_SCRIPTS_LIBRARY
#25 10.70 * Script configuration (static):
#25 10.70   |
#25 10.70   +- worldserver
#25 10.70   |   +- Commands
#25 10.70   |   +- Custom
#25 10.70   |   +- EasternKingdoms
#25 10.70   |   +- Events
#25 10.70   |   +- Kalimdor
#25 10.70   |   +- Northrend
#25 10.71   |   +- OutdoorPvP
#25 10.71   |   +- Outland
#25 10.71   |   +- Pet
#25 10.71   |   +- Spells
#25 10.71   |   +- World
#25 10.71   |
#25 10.99 
#25 10.99 
#25 10.99 * Tools build list (all):
#25 10.99   |
#25 10.99   +- tools
#25 10.99   |   +- dbimport
#25 10.99   |   +- map_extractor
#25 10.99   |   +- mmaps_generator
#25 10.99   |   +- vmap4_assembler
#25 10.99   |   +- vmap4_extractor
#25 10.99   |
#25 10.99 
#25 11.03 * Modules configuration (static):
#25 11.03   |
#25 11.03   +- worldserver
#25 11.03   |   +- mod-playerbots
#25 11.03   |
#25 11.03 
#25 11.59 -- * Modules config list:
#25 11.59   |
#25 11.59 --   +- mod-playerbots
#25 11.59 
#25 11.59 --   |  * playerbots.conf
#25 11.59 -- Running cmake hook: AFTER_SRC_LOAD
#25 11.59 -- No hooks registered for AFTER_SRC_LOAD
#25 11.60 -- Configuring done (10.5s)
#25 13.16 -- Generating done (1.4s)
#25 ...

#6 [ac-db-import internal] load build context
#6 transferring context: 1.57GB 562.4s
#6 transferring context: 1.59GB 567.4s
#6 transferring context: 1.62GB 572.5s
#6 ...

#25 [ac-worldserver build 8/8] RUN --mount=type=cache,target=/ccache,sharing=locked     --mount=type=bind,target=/azerothcore/.git,source=.git     git config --global --add safe.directory /azerothcore     && cmake /azerothcore        -G Ninja        -DCMAKE_INSTALL_PREFIX="/azerothcore/env/dist"         -DAPPS_BUILD="all"                                     -DTOOLS_BUILD="all"                          -DSCRIPTS="static"                                  -DMODULES="static"                                  -DWITH_WARNINGS="ON"                      -DCMAKE_BUILD_TYPE="RelWithDebInfo"                            -DCMAKE_CXX_COMPILER="clang++"                         -DCMAKE_C_COMPILER="clang"                             -DCMAKE_CXX_COMPILER_LAUNCHER="ccache"                 -DCMAKE_C_COMPILER_LAUNCHER="ccache"                   -DBoost_USE_STATIC_LIBS="ON"                        && cmake --build . --config "RelWithDebInfo" -j $(($(nproc) + 1))     && cmake --install . --config "RelWithDebInfo"
#25 13.33 -- Build files have been written to: /azerothcore/build
#25 14.59 [1/1834] Building C object deps/argon2/CMakeFiles/argon2.dir/argon2/argon2.c.o
#25 14.63 [2/1834] Building C object deps/argon2/CMakeFiles/argon2.dir/argon2/blake2/blake2b.c.o
#25 15.18 [3/1834] Building C object deps/argon2/CMakeFiles/argon2.dir/argon2/thread.c.o
#25 15.24 [4/1834] Building C object deps/argon2/CMakeFiles/argon2.dir/argon2/encoding.c.o
#25 15.24 [5/1834] Building C object deps/SFMT/CMakeFiles/sfmt.dir/SFMT.c.o
#25 15.27 [6/1834] Building C object deps/argon2/CMakeFiles/argon2.dir/argon2/core.c.o
#25 15.67 [7/1834] Linking CXX static library deps/SFMT/libsfmt.a
#25 16.13 [8/1834] Building C object deps/argon2/CMakeFiles/argon2.dir/argon2/opt.c.o
#25 16.51 [9/1834] Linking CXX static library deps/argon2/libargon2.a
#25 19.33 [10/1834] Building C object deps/jemalloc/CMakeFiles/jemalloc.dir/src/background_thread.c.o
#25 20.16 [11/1834] Building C object deps/jemalloc/CMakeFiles/jemalloc.dir/src/base.c.o
#25 21.15 [12/1834] Building C object deps/jemalloc/CMakeFiles/jemalloc.dir/src/arena.c.o
#25 21.32 [13/1834] Building C object deps/jemalloc/CMakeFiles/jemalloc.dir/src/bin.c.o
#25 23.12 [14/1834] Building CXX object deps/fmt/CMakeFiles/fmt.dir/src/os.cc.o
#25 ...

#6 [ac-db-import internal] load build context
#6 transferring context: 1.64GB 577.6s
#6 transferring context: 1.67GB 582.7s
#6 ...

#25 [ac-worldserver build 8/8] RUN --mount=type=cache,target=/ccache,sharing=locked     --mount=type=bind,target=/azerothcore/.git,source=.git     git config --global --add safe.directory /azerothcore     && cmake /azerothcore        -G Ninja        -DCMAKE_INSTALL_PREFIX="/azerothcore/env/dist"         -DAPPS_BUILD="all"                                     -DTOOLS_BUILD="all"                          -DSCRIPTS="static"                                  -DMODULES="static"                                  -DWITH_WARNINGS="ON"                      -DCMAKE_BUILD_TYPE="RelWithDebInfo"                            -DCMAKE_CXX_COMPILER="clang++"                         -DCMAKE_C_COMPILER="clang"                             -DCMAKE_CXX_COMPILER_LAUNCHER="ccache"                 -DCMAKE_C_COMPILER_LAUNCHER="ccache"                   -DBoost_USE_STATIC_LIBS="ON"                        && cmake --build . --config "RelWithDebInfo" -j $(($(nproc) + 1))     && cmake --install . --config "RelWithDebInfo"
#25 23.55 [15/1834] Building C object deps/jemalloc/CMakeFiles/jemalloc.dir/src/bitmap.c.o
#25 23.94 [16/1834] Building C object deps/jemalloc/CMakeFiles/jemalloc.dir/src/div.c.o
#25 25.01 [17/1834] Building C object deps/jemalloc/CMakeFiles/jemalloc.dir/src/ckh.c.o
#25 27.39 [18/1834] Building C object deps/jemalloc/CMakeFiles/jemalloc.dir/src/extent_dss.c.o
#25 28.34 [19/1834] Building C object deps/jemalloc/CMakeFiles/jemalloc.dir/src/extent_mmap.c.o
#25 28.67 [20/1834] Building C object deps/jemalloc/CMakeFiles/jemalloc.dir/src/ctl.c.o
#25 29.81 [21/1834] Building C object deps/jemalloc/CMakeFiles/jemalloc.dir/src/hook.c.o
#25 29.96 [22/1834] Building C object deps/jemalloc/CMakeFiles/jemalloc.dir/src/hash.c.o
#25 31.29 [23/1834] Building C object deps/jemalloc/CMakeFiles/jemalloc.dir/src/extent.c.o
#25 33.31 [24/1834] Building C object deps/jemalloc/CMakeFiles/jemalloc.dir/src/large.c.o
#25 ...

#6 [ac-db-import internal] load build context
#6 transferring context: 1.69GB 587.8s
#6 transferring context: 1.72GB 592.8s
#6 ...

#25 [ac-worldserver build 8/8] RUN --mount=type=cache,target=/ccache,sharing=locked     --mount=type=bind,target=/azerothcore/.git,source=.git     git config --global --add safe.directory /azerothcore     && cmake /azerothcore        -G Ninja        -DCMAKE_INSTALL_PREFIX="/azerothcore/env/dist"         -DAPPS_BUILD="all"                                     -DTOOLS_BUILD="all"                          -DSCRIPTS="static"                                  -DMODULES="static"                                  -DWITH_WARNINGS="ON"                      -DCMAKE_BUILD_TYPE="RelWithDebInfo"                            -DCMAKE_CXX_COMPILER="clang++"                         -DCMAKE_C_COMPILER="clang"                             -DCMAKE_CXX_COMPILER_LAUNCHER="ccache"                 -DCMAKE_C_COMPILER_LAUNCHER="ccache"                   -DBoost_USE_STATIC_LIBS="ON"                        && cmake --build . --config "RelWithDebInfo" -j $(($(nproc) + 1))     && cmake --install . --config "RelWithDebInfo"
#25 34.28 [25/1834] Building C object deps/jemalloc/CMakeFiles/jemalloc.dir/src/log.c.o
#25 35.95 [26/1834] Building CXX object deps/jemalloc/CMakeFiles/jemalloc.dir/src/jemalloc_cpp.cpp.o
#25 36.65 [27/1834] Building C object deps/jemalloc/CMakeFiles/jemalloc.dir/src/malloc_io.c.o
#25 37.24 [28/1834] Building C object deps/jemalloc/CMakeFiles/jemalloc.dir/src/mutex.c.o
#25 37.63 [29/1834] Building C object deps/jemalloc/CMakeFiles/jemalloc.dir/src/jemalloc.c.o
#25 38.60 [30/1834] Building C object deps/jemalloc/CMakeFiles/jemalloc.dir/src/mutex_pool.c.o
#25 39.09 [31/1834] Building C object deps/jemalloc/CMakeFiles/jemalloc.dir/src/nstime.c.o
#25 39.93 [32/1834] Building C object deps/jemalloc/CMakeFiles/jemalloc.dir/src/pages.c.o
#25 39.99 [33/1834] Building C object deps/jemalloc/CMakeFiles/jemalloc.dir/src/prng.c.o
#25 42.22 [34/1834] Building C object deps/jemalloc/CMakeFiles/jemalloc.dir/src/prof.c.o
#25 42.24 [35/1834] Building C object deps/jemalloc/CMakeFiles/jemalloc.dir/src/rtree.c.o
#25 42.99 [36/1834] Building C object deps/jemalloc/CMakeFiles/jemalloc.dir/src/safety_check.c.o
#25 43.27 [37/1834] Building CXX object deps/fmt/CMakeFiles/fmt.dir/src/format.cc.o
#25 43.36 [38/1834] Building C object deps/jemalloc/CMakeFiles/jemalloc.dir/src/sz.c.o
#25 43.74 [39/1834] Building C object deps/jemalloc/CMakeFiles/jemalloc.dir/src/sc.c.o
#25 43.77 [40/1834] Linking CXX static library deps/fmt/libfmt.a
#25 43.81 [41/1834] Building C object deps/jemalloc/CMakeFiles/jemalloc.dir/src/stats.c.o
#25 44.40 [42/1834] Building C object deps/jemalloc/CMakeFiles/jemalloc.dir/src/test_hooks.c.o
#25 ...

#6 [ac-db-import internal] load build context
#6 transferring context: 1.74GB 597.9s
#6 transferring context: 1.76GB 602.9s
#6 ...

#25 [ac-worldserver build 8/8] RUN --mount=type=cache,target=/ccache,sharing=locked     --mount=type=bind,target=/azerothcore/.git,source=.git     git config --global --add safe.directory /azerothcore     && cmake /azerothcore        -G Ninja        -DCMAKE_INSTALL_PREFIX="/azerothcore/env/dist"         -DAPPS_BUILD="all"                                     -DTOOLS_BUILD="all"                          -DSCRIPTS="static"                                  -DMODULES="static"                                  -DWITH_WARNINGS="ON"                      -DCMAKE_BUILD_TYPE="RelWithDebInfo"                            -DCMAKE_CXX_COMPILER="clang++"                         -DCMAKE_C_COMPILER="clang"                             -DCMAKE_CXX_COMPILER_LAUNCHER="ccache"                 -DCMAKE_C_COMPILER_LAUNCHER="ccache"                   -DBoost_USE_STATIC_LIBS="ON"                        && cmake --build . --config "RelWithDebInfo" -j $(($(nproc) + 1))     && cmake --install . --config "RelWithDebInfo"
#25 46.42 [43/1834] Building C object deps/jemalloc/CMakeFiles/jemalloc.dir/src/witness.c.o
#25 46.47 [44/1834] Building C object deps/jemalloc/CMakeFiles/jemalloc.dir/src/ticker.c.o
#25 46.73 [45/1834] Building C object deps/jemalloc/CMakeFiles/jemalloc.dir/src/tcache.c.o
#25 46.88 [46/1834] Building C object deps/jemalloc/CMakeFiles/jemalloc.dir/src/tsd.c.o
#25 47.58 [47/1834] Linking CXX static library deps/jemalloc/libjemalloc.a
#25 52.57 [48/1834] Building CXX object deps/g3dlite/CMakeFiles/g3dlib.dir/source/BinaryFormat.cpp.o
#25 53.62 [49/1834] Building CXX object deps/g3dlite/CMakeFiles/g3dlib.dir/source/AABox.cpp.o
#25 54.56 [50/1834] Building CXX object deps/g3dlite/CMakeFiles/g3dlib.dir/source/AnyTableReader.cpp.o
#25 ...

#6 [ac-db-import internal] load build context
#6 transferring context: 1.79GB 608.0s
#6 transferring context: 1.82GB 613.0s
#6 transferring context: 1.84GB 618.1s
#6 ...

#25 [ac-worldserver build 8/8] RUN --mount=type=cache,target=/ccache,sharing=locked     --mount=type=bind,target=/azerothcore/.git,source=.git     git config --global --add safe.directory /azerothcore     && cmake /azerothcore        -G Ninja        -DCMAKE_INSTALL_PREFIX="/azerothcore/env/dist"         -DAPPS_BUILD="all"                                     -DTOOLS_BUILD="all"                          -DSCRIPTS="static"                                  -DMODULES="static"                                  -DWITH_WARNINGS="ON"                      -DCMAKE_BUILD_TYPE="RelWithDebInfo"                            -DCMAKE_CXX_COMPILER="clang++"                         -DCMAKE_C_COMPILER="clang"                             -DCMAKE_CXX_COMPILER_LAUNCHER="ccache"                 -DCMAKE_C_COMPILER_LAUNCHER="ccache"                   -DBoost_USE_STATIC_LIBS="ON"                        && cmake --build . --config "RelWithDebInfo" -j $(($(nproc) + 1))     && cmake --install . --config "RelWithDebInfo"
#25 61.79 [51/1834] Building CXX object deps/g3dlite/CMakeFiles/g3dlib.dir/source/BinaryInput.cpp.o
#25 63.97 [52/1834] Building CXX object deps/g3dlite/CMakeFiles/g3dlib.dir/source/BinaryOutput.cpp.o
#25 63.98 [53/1834] Building CXX object deps/g3dlite/CMakeFiles/g3dlib.dir/source/Capsule.cpp.o
#25 64.35 [54/1834] Building CXX object deps/g3dlite/CMakeFiles/g3dlib.dir/source/Box.cpp.o
#25 66.76 [55/1834] Building CXX object deps/g3dlite/CMakeFiles/g3dlib.dir/source/Any.cpp.o
#25 68.88 [56/1834] Building CXX object deps/g3dlite/CMakeFiles/g3dlib.dir/source/Crypto.cpp.o
#25 71.55 [57/1834] Building CXX object deps/g3dlite/CMakeFiles/g3dlib.dir/source/Cylinder.cpp.o
#25 ...

#6 [ac-db-import internal] load build context
#6 transferring context: 1.87GB 623.1s
#6 transferring context: 1.89GB 628.1s
#6 ...

#25 [ac-worldserver build 8/8] RUN --mount=type=cache,target=/ccache,sharing=locked     --mount=type=bind,target=/azerothcore/.git,source=.git     git config --global --add safe.directory /azerothcore     && cmake /azerothcore        -G Ninja        -DCMAKE_INSTALL_PREFIX="/azerothcore/env/dist"         -DAPPS_BUILD="all"                                     -DTOOLS_BUILD="all"                          -DSCRIPTS="static"                                  -DMODULES="static"                                  -DWITH_WARNINGS="ON"                      -DCMAKE_BUILD_TYPE="RelWithDebInfo"                            -DCMAKE_CXX_COMPILER="clang++"                         -DCMAKE_C_COMPILER="clang"                             -DCMAKE_CXX_COMPILER_LAUNCHER="ccache"                 -DCMAKE_C_COMPILER_LAUNCHER="ccache"                   -DBoost_USE_STATIC_LIBS="ON"                        && cmake --build . --config "RelWithDebInfo" -j $(($(nproc) + 1))     && cmake --install . --config "RelWithDebInfo"
#25 72.83 [58/1834] Building CXX object deps/g3dlite/CMakeFiles/g3dlib.dir/source/debugAssert.cpp.o
#25 73.48 [59/1834] Building CXX object deps/g3dlite/CMakeFiles/g3dlib.dir/source/CollisionDetection.cpp.o
#25 74.99 [60/1834] Building CXX object deps/g3dlite/CMakeFiles/g3dlib.dir/source/CoordinateFrame.cpp.o
#25 78.19 [61/1834] Building CXX object deps/g3dlite/CMakeFiles/g3dlib.dir/source/g3dfnmatch.cpp.o
#25 80.17 [62/1834] Building CXX object deps/g3dlite/CMakeFiles/g3dlib.dir/source/format.cpp.o
#25 82.42 [63/1834] Building CXX object deps/g3dlite/CMakeFiles/g3dlib.dir/source/g3dmath.cpp.o
#25 ...

#6 [ac-db-import internal] load build context
#6 transferring context: 1.92GB 633.2s
#6 transferring context: 1.95GB 638.2s
#6 ...

#25 [ac-worldserver build 8/8] RUN --mount=type=cache,target=/ccache,sharing=locked     --mount=type=bind,target=/azerothcore/.git,source=.git     git config --global --add safe.directory /azerothcore     && cmake /azerothcore        -G Ninja        -DCMAKE_INSTALL_PREFIX="/azerothcore/env/dist"         -DAPPS_BUILD="all"                                     -DTOOLS_BUILD="all"                          -DSCRIPTS="static"                                  -DMODULES="static"                                  -DWITH_WARNINGS="ON"                      -DCMAKE_BUILD_TYPE="RelWithDebInfo"                            -DCMAKE_CXX_COMPILER="clang++"                         -DCMAKE_C_COMPILER="clang"                             -DCMAKE_CXX_COMPILER_LAUNCHER="ccache"                 -DCMAKE_C_COMPILER_LAUNCHER="ccache"                   -DBoost_USE_STATIC_LIBS="ON"                        && cmake --build . --config "RelWithDebInfo" -j $(($(nproc) + 1))     && cmake --install . --config "RelWithDebInfo"
#25 83.52 [64/1834] Building CXX object deps/g3dlite/CMakeFiles/g3dlib.dir/source/FileSystem.cpp.o
#25 84.19 [65/1834] Building CXX object deps/g3dlite/CMakeFiles/g3dlib.dir/source/fileutils.cpp.o
#25 86.58 [66/1834] Building CXX object deps/g3dlite/CMakeFiles/g3dlib.dir/source/GThread.cpp.o
#25 87.87 [67/1834] Building CXX object deps/g3dlite/CMakeFiles/g3dlib.dir/source/Line.cpp.o
#25 89.59 [68/1834] Building CXX object deps/g3dlite/CMakeFiles/g3dlib.dir/source/LineSegment.cpp.o
#25 91.86 [69/1834] Building CXX object deps/g3dlite/CMakeFiles/g3dlib.dir/source/Log.cpp.o
#25 ...

#6 [ac-db-import internal] load build context
#6 transferring context: 1.98GB 643.3s
#6 transferring context: 2.01GB 648.4s
#6 transferring context: 2.04GB 653.4s
#6 ...

#25 [ac-worldserver build 8/8] RUN --mount=type=cache,target=/ccache,sharing=locked     --mount=type=bind,target=/azerothcore/.git,source=.git     git config --global --add safe.directory /azerothcore     && cmake /azerothcore        -G Ninja        -DCMAKE_INSTALL_PREFIX="/azerothcore/env/dist"         -DAPPS_BUILD="all"                                     -DTOOLS_BUILD="all"                          -DSCRIPTS="static"                                  -DMODULES="static"                                  -DWITH_WARNINGS="ON"                      -DCMAKE_BUILD_TYPE="RelWithDebInfo"                            -DCMAKE_CXX_COMPILER="clang++"                         -DCMAKE_C_COMPILER="clang"                             -DCMAKE_CXX_COMPILER_LAUNCHER="ccache"                 -DCMAKE_C_COMPILER_LAUNCHER="ccache"                   -DBoost_USE_STATIC_LIBS="ON"                        && cmake --build . --config "RelWithDebInfo" -j $(($(nproc) + 1))     && cmake --install . --config "RelWithDebInfo"
#25 94.81 [70/1834] Building CXX object deps/g3dlite/CMakeFiles/g3dlib.dir/source/MemoryManager.cpp.o
#25 95.83 [71/1834] Building CXX object deps/g3dlite/CMakeFiles/g3dlib.dir/source/Matrix3.cpp.o
#25 97.89 [72/1834] Building CXX object deps/g3dlite/CMakeFiles/g3dlib.dir/source/Matrix4.cpp.o
#25 101.1 [73/1834] Building CXX object deps/g3dlite/CMakeFiles/g3dlib.dir/source/prompt.cpp.o
#25 101.1 [74/1834] Building CXX object deps/g3dlite/CMakeFiles/g3dlib.dir/source/PhysicsFrame.cpp.o
#25 101.3 [75/1834] Building CXX object deps/g3dlite/CMakeFiles/g3dlib.dir/source/Plane.cpp.o
#25 ...

#6 [ac-db-import internal] load build context
#6 transferring context: 2.06GB 658.6s
#6 transferring context: 2.09GB 663.6s
#6 ...

#25 [ac-worldserver build 8/8] RUN --mount=type=cache,target=/ccache,sharing=locked     --mount=type=bind,target=/azerothcore/.git,source=.git     git config --global --add safe.directory /azerothcore     && cmake /azerothcore        -G Ninja        -DCMAKE_INSTALL_PREFIX="/azerothcore/env/dist"         -DAPPS_BUILD="all"                                     -DTOOLS_BUILD="all"                          -DSCRIPTS="static"                                  -DMODULES="static"                                  -DWITH_WARNINGS="ON"                      -DCMAKE_BUILD_TYPE="RelWithDebInfo"                            -DCMAKE_CXX_COMPILER="clang++"                         -DCMAKE_C_COMPILER="clang"                             -DCMAKE_CXX_COMPILER_LAUNCHER="ccache"                 -DCMAKE_C_COMPILER_LAUNCHER="ccache"                   -DBoost_USE_STATIC_LIBS="ON"                        && cmake --build . --config "RelWithDebInfo" -j $(($(nproc) + 1))     && cmake --install . --config "RelWithDebInfo"
#25 105.2 [76/1834] Building CXX object deps/g3dlite/CMakeFiles/g3dlib.dir/source/Random.cpp.o
#25 105.8 [77/1834] Building CXX object deps/g3dlite/CMakeFiles/g3dlib.dir/source/RegistryUtil.cpp.o
#25 107.9 [78/1834] Building CXX object deps/g3dlite/CMakeFiles/g3dlib.dir/source/Quat.cpp.o
#25 110.1 [79/1834] Building CXX object deps/g3dlite/CMakeFiles/g3dlib.dir/source/Ray.cpp.o
#25 111.8 [80/1834] Building CXX object deps/g3dlite/CMakeFiles/g3dlib.dir/source/Sphere.cpp.o
#25 ...

#6 [ac-db-import internal] load build context
#6 transferring context: 2.12GB 668.7s
#6 transferring context: 2.15GB 673.7s
#6 ...

#25 [ac-worldserver build 8/8] RUN --mount=type=cache,target=/ccache,sharing=locked     --mount=type=bind,target=/azerothcore/.git,source=.git     git config --global --add safe.directory /azerothcore     && cmake /azerothcore        -G Ninja        -DCMAKE_INSTALL_PREFIX="/azerothcore/env/dist"         -DAPPS_BUILD="all"                                     -DTOOLS_BUILD="all"                          -DSCRIPTS="static"                                  -DMODULES="static"                                  -DWITH_WARNINGS="ON"                      -DCMAKE_BUILD_TYPE="RelWithDebInfo"                            -DCMAKE_CXX_COMPILER="clang++"                         -DCMAKE_C_COMPILER="clang"                             -DCMAKE_CXX_COMPILER_LAUNCHER="ccache"                 -DCMAKE_C_COMPILER_LAUNCHER="ccache"                   -DBoost_USE_STATIC_LIBS="ON"                        && cmake --build . --config "RelWithDebInfo" -j $(($(nproc) + 1))     && cmake --install . --config "RelWithDebInfo"
#25 118.1 [81/1834] Building CXX object deps/g3dlite/CMakeFiles/g3dlib.dir/source/stringutils.cpp.o
#25 119.1 [82/1834] Building CXX object deps/g3dlite/CMakeFiles/g3dlib.dir/source/System.cpp.o
#25 120.1 [83/1834] Building CXX object deps/g3dlite/CMakeFiles/g3dlib.dir/source/TextOutput.cpp.o
#25 120.1 [84/1834] Building CXX object deps/g3dlite/CMakeFiles/g3dlib.dir/source/Triangle.cpp.o
#25 123.3 [85/1834] Building CXX object deps/g3dlite/CMakeFiles/g3dlib.dir/source/TextInput.cpp.o
#25 124.3 [86/1834] Building CXX object deps/g3dlite/CMakeFiles/g3dlib.dir/source/uint128.cpp.o
#25 124.9 [87/1834] Building CXX object deps/recastnavigation/Detour/CMakeFiles/Detour.dir/Source/DetourAlloc.cpp.o
#25 125.0 [88/1834] Building CXX object deps/recastnavigation/Detour/CMakeFiles/Detour.dir/Source/DetourAssert.cpp.o
#25 128.2 [89/1834] Building CXX object deps/recastnavigation/Detour/CMakeFiles/Detour.dir/Source/DetourCommon.cpp.o
#25 ...

#6 [ac-db-import internal] load build context
#6 transferring context: 2.17GB 678.8s
#6 transferring context: 2.20GB 683.9s
#6 ...

#25 [ac-worldserver build 8/8] RUN --mount=type=cache,target=/ccache,sharing=locked     --mount=type=bind,target=/azerothcore/.git,source=.git     git config --global --add safe.directory /azerothcore     && cmake /azerothcore        -G Ninja        -DCMAKE_INSTALL_PREFIX="/azerothcore/env/dist"         -DAPPS_BUILD="all"                                     -DTOOLS_BUILD="all"                          -DSCRIPTS="static"                                  -DMODULES="static"                                  -DWITH_WARNINGS="ON"                      -DCMAKE_BUILD_TYPE="RelWithDebInfo"                            -DCMAKE_CXX_COMPILER="clang++"                         -DCMAKE_C_COMPILER="clang"                             -DCMAKE_CXX_COMPILER_LAUNCHER="ccache"                 -DCMAKE_C_COMPILER_LAUNCHER="ccache"                   -DBoost_USE_STATIC_LIBS="ON"                        && cmake --build . --config "RelWithDebInfo" -j $(($(nproc) + 1))     && cmake --install . --config "RelWithDebInfo"
#25 128.8 [90/1834] Building CXX object deps/g3dlite/CMakeFiles/g3dlib.dir/source/Vector2.cpp.o
#25 130.4 [91/1834] Building CXX object deps/g3dlite/CMakeFiles/g3dlib.dir/source/UprightFrame.cpp.o
#25 131.3 [92/1834] Building CXX object deps/g3dlite/CMakeFiles/g3dlib.dir/source/Vector3.cpp.o
#25 132.8 [93/1834] Building CXX object deps/recastnavigation/Detour/CMakeFiles/Detour.dir/Source/DetourNavMeshBuilder.cpp.o
#25 133.5 [94/1834] Building CXX object deps/recastnavigation/Detour/CMakeFiles/Detour.dir/Source/DetourNavMesh.cpp.o
#25 134.0 [95/1834] Building CXX object deps/recastnavigation/Recast/CMakeFiles/Recast.dir/Source/RecastAlloc.cpp.o
#25 134.3 [96/1834] Building CXX object deps/recastnavigation/Recast/CMakeFiles/Recast.dir/Source/RecastAssert.cpp.o
#25 134.4 [97/1834] Building CXX object deps/recastnavigation/Detour/CMakeFiles/Detour.dir/Source/DetourNode.cpp.o
#25 134.8 [98/1834] Building CXX object deps/g3dlite/CMakeFiles/g3dlib.dir/source/Vector4.cpp.o
#25 135.8 [99/1834] Linking CXX static library deps/g3dlite/libg3dlib.a
#25 136.3 [100/1834] Building CXX object deps/recastnavigation/Recast/CMakeFiles/Recast.dir/Source/Recast.cpp.o
#25 137.7 [101/1834] Building CXX object deps/recastnavigation/Detour/CMakeFiles/Detour.dir/Source/DetourNavMeshQuery.cpp.o
#25 138.0 [102/1834] Linking CXX static library deps/recastnavigation/Detour/libDetour.a
#25 138.6 [103/1834] Building CXX object deps/recastnavigation/Recast/CMakeFiles/Recast.dir/Source/RecastArea.cpp.o
#25 ...

#6 [ac-db-import internal] load build context
#6 transferring context: 2.23GB 688.9s
#6 transferring context: 2.26GB 694.0s
#6 ...

#25 [ac-worldserver build 8/8] RUN --mount=type=cache,target=/ccache,sharing=locked     --mount=type=bind,target=/azerothcore/.git,source=.git     git config --global --add safe.directory /azerothcore     && cmake /azerothcore        -G Ninja        -DCMAKE_INSTALL_PREFIX="/azerothcore/env/dist"         -DAPPS_BUILD="all"                                     -DTOOLS_BUILD="all"                          -DSCRIPTS="static"                                  -DMODULES="static"                                  -DWITH_WARNINGS="ON"                      -DCMAKE_BUILD_TYPE="RelWithDebInfo"                            -DCMAKE_CXX_COMPILER="clang++"                         -DCMAKE_C_COMPILER="clang"                             -DCMAKE_CXX_COMPILER_LAUNCHER="ccache"                 -DCMAKE_C_COMPILER_LAUNCHER="ccache"                   -DBoost_USE_STATIC_LIBS="ON"                        && cmake --build . --config "RelWithDebInfo" -j $(($(nproc) + 1))     && cmake --install . --config "RelWithDebInfo"
#25 139.0 [104/1834] Building CXX object deps/recastnavigation/Recast/CMakeFiles/Recast.dir/Source/RecastFilter.cpp.o
#25 141.1 [105/1834] Building CXX object deps/recastnavigation/Recast/CMakeFiles/Recast.dir/Source/RecastLayers.cpp.o
#25 141.3 [106/1834] Building CXX object deps/recastnavigation/Recast/CMakeFiles/Recast.dir/Source/RecastContour.cpp.o
#25 142.5 [107/1834] Building CXX object deps/recastnavigation/Recast/CMakeFiles/Recast.dir/Source/RecastRasterization.cpp.o
#25 146.6 [108/1834] Building CXX object deps/recastnavigation/Recast/CMakeFiles/Recast.dir/Source/RecastMesh.cpp.o
#25 ...

#6 [ac-db-import internal] load build context
#6 transferring context: 2.29GB 699.2s
#6 transferring context: 2.31GB 704.3s
#6 ...

#25 [ac-worldserver build 8/8] RUN --mount=type=cache,target=/ccache,sharing=locked     --mount=type=bind,target=/azerothcore/.git,source=.git     git config --global --add safe.directory /azerothcore     && cmake /azerothcore        -G Ninja        -DCMAKE_INSTALL_PREFIX="/azerothcore/env/dist"         -DAPPS_BUILD="all"                                     -DTOOLS_BUILD="all"                          -DSCRIPTS="static"                                  -DMODULES="static"                                  -DWITH_WARNINGS="ON"                      -DCMAKE_BUILD_TYPE="RelWithDebInfo"                            -DCMAKE_CXX_COMPILER="clang++"                         -DCMAKE_C_COMPILER="clang"                             -DCMAKE_CXX_COMPILER_LAUNCHER="ccache"                 -DCMAKE_C_COMPILER_LAUNCHER="ccache"                   -DBoost_USE_STATIC_LIBS="ON"                        && cmake --build . --config "RelWithDebInfo" -j $(($(nproc) + 1))     && cmake --install . --config "RelWithDebInfo"
#25 149.2 [109/1834] Building CXX object deps/gsoap/CMakeFiles/gsoap.dir/soapServer.cpp.o
#25 149.7 [110/1834] Building CXX object deps/recastnavigation/Recast/CMakeFiles/Recast.dir/Source/RecastMeshDetail.cpp.o
#25 149.9 [111/1834] Building C object deps/libmpq/CMakeFiles/mpq.dir/libmpq/common.c.o
#25 150.7 [112/1834] Building C object deps/libmpq/CMakeFiles/mpq.dir/libmpq/extract.c.o
#25 150.9 [113/1834] Building CXX object deps/gsoap/CMakeFiles/gsoap.dir/soapC.cpp.o
#25 151.1 [114/1834] Building C object deps/libmpq/CMakeFiles/mpq.dir/libmpq/explode.c.o
#25 151.7 [115/1834] Building C object deps/libmpq/CMakeFiles/mpq.dir/libmpq/wave.c.o
#25 151.8 [116/1834] Building C object deps/libmpq/CMakeFiles/mpq.dir/libmpq/huffman.c.o
#25 152.3 [117/1834] Building C object deps/libsidecar/CMakeFiles/libsidecar.dir/stub/events-group.c.o
#25 152.4 [118/1834] Building C object deps/libsidecar/CMakeFiles/libsidecar.dir/stub/battleground-api.c.o
#25 152.5 [119/1834] Building C object deps/libmpq/CMakeFiles/mpq.dir/libmpq/mpq.c.o
#25 152.8 [120/1834] Building C object deps/libsidecar/CMakeFiles/libsidecar.dir/stub/events-guild.c.o
#25 152.9 [121/1834] Linking CXX static library deps/libmpq/libmpq.a
#25 152.9 [122/1834] Building CXX object deps/recastnavigation/Recast/CMakeFiles/Recast.dir/Source/RecastRegion.cpp.o
#25 152.9 [123/1834] Building C object deps/libsidecar/CMakeFiles/libsidecar.dir/stub/events-servers-registry.c.o
#25 153.2 [124/1834] Linking CXX static library deps/recastnavigation/Recast/libRecast.a
#25 153.4 [125/1834] Building C object deps/libsidecar/CMakeFiles/libsidecar.dir/stub/monitoring.c.o
#25 153.5 [126/1834] Building C object deps/libsidecar/CMakeFiles/libsidecar.dir/stub/libsidecar.c.o
#25 153.5 [127/1834] Building C object deps/libsidecar/CMakeFiles/libsidecar.dir/stub/player-interactions-api.c.o
#25 153.8 [128/1834] Building C object deps/libsidecar/CMakeFiles/libsidecar.dir/stub/player-items-api.c.o
#25 154.0 [129/1834] Building C object deps/libsidecar/CMakeFiles/libsidecar.dir/stub/player-money-api.c.o
#25 154.4 [130/1834] Linking CXX static library deps/libsidecar/liblibsidecar.a
#25 155.1 [131/1834] Building CXX object src/server/shared/CMakeFiles/shared.dir/SharedDefines.cpp.o
#25 156.2 [132/1834] cd /azerothcore && /usr/bin/cmake -DBUILDDIR="/azerothcore/build" -P /azerothcore/src/cmake/genrev.cmake /azerothcore/build
#25 ...

#6 [ac-db-import internal] load build context
#6 transferring context: 2.34GB 709.3s
#6 transferring context: 2.36GB 713.6s done
#6 DONE 713.9s

#25 [ac-worldserver build 8/8] RUN --mount=type=cache,target=/ccache,sharing=locked     --mount=type=bind,target=/azerothcore/.git,source=.git     git config --global --add safe.directory /azerothcore     && cmake /azerothcore        -G Ninja        -DCMAKE_INSTALL_PREFIX="/azerothcore/env/dist"         -DAPPS_BUILD="all"                                     -DTOOLS_BUILD="all"                          -DSCRIPTS="static"                                  -DMODULES="static"                                  -DWITH_WARNINGS="ON"                      -DCMAKE_BUILD_TYPE="RelWithDebInfo"                            -DCMAKE_CXX_COMPILER="clang++"                         -DCMAKE_C_COMPILER="clang"                             -DCMAKE_CXX_COMPILER_LAUNCHER="ccache"                 -DCMAKE_C_COMPILER_LAUNCHER="ccache"                   -DBoost_USE_STATIC_LIBS="ON"                        && cmake --build . --config "RelWithDebInfo" -j $(($(nproc) + 1))     && cmake --install . --config "RelWithDebInfo"
#25 162.6 [133/1834] Building CXX object src/server/shared/CMakeFiles/shared.dir/enuminfo_SharedDefines.cpp.o
#25 ...

#19 [ac-db-import build 2/8] COPY CMakeLists.txt /azerothcore/CMakeLists.txt
#19 DONE 1.9s

#20 [ac-db-import build 3/8] COPY conf /azerothcore/conf
#20 DONE 0.5s

#25 [ac-worldserver build 8/8] RUN --mount=type=cache,target=/ccache,sharing=locked     --mount=type=bind,target=/azerothcore/.git,source=.git     git config --global --add safe.directory /azerothcore     && cmake /azerothcore        -G Ninja        -DCMAKE_INSTALL_PREFIX="/azerothcore/env/dist"         -DAPPS_BUILD="all"                                     -DTOOLS_BUILD="all"                          -DSCRIPTS="static"                                  -DMODULES="static"                                  -DWITH_WARNINGS="ON"                      -DCMAKE_BUILD_TYPE="RelWithDebInfo"                            -DCMAKE_CXX_COMPILER="clang++"                         -DCMAKE_C_COMPILER="clang"                             -DCMAKE_CXX_COMPILER_LAUNCHER="ccache"                 -DCMAKE_C_COMPILER_LAUNCHER="ccache"                   -DBoost_USE_STATIC_LIBS="ON"                        && cmake --build . --config "RelWithDebInfo" -j $(($(nproc) + 1))     && cmake --install . --config "RelWithDebInfo"
#25 ...

#21 [ac-db-import build 4/8] COPY deps /azerothcore/deps
#21 DONE 1.3s

#22 [ac-db-import build 5/8] COPY src /azerothcore/src
#22 DONE 2.0s

#23 [ac-db-import build 6/8] COPY modules /azerothcore/modules
#23 DONE 2.5s

#24 [ac-db-import build 7/8] WORKDIR /azerothcore/build
#24 DONE 0.4s

#25 [ac-db-import build 8/8] RUN --mount=type=cache,target=/ccache,sharing=locked     --mount=type=bind,target=/azerothcore/.git,source=.git     git config --global --add safe.directory /azerothcore     && cmake /azerothcore        -G Ninja        -DCMAKE_INSTALL_PREFIX="/azerothcore/env/dist"         -DAPPS_BUILD="all"                                     -DTOOLS_BUILD="all"                          -DSCRIPTS="static"                                  -DMODULES="static"                                  -DWITH_WARNINGS="ON"                      -DCMAKE_BUILD_TYPE="RelWithDebInfo"                            -DCMAKE_CXX_COMPILER="clang++"                         -DCMAKE_C_COMPILER="clang"                             -DCMAKE_CXX_COMPILER_LAUNCHER="ccache"                 -DCMAKE_C_COMPILER_LAUNCHER="ccache"                   -DBoost_USE_STATIC_LIBS="ON"                        && cmake --build . --config "RelWithDebInfo" -j $(($(nproc) + 1))     && cmake --install . --config "RelWithDebInfo"
#25 168.5 [134/1834] Building CXX object deps/gsoap/CMakeFiles/gsoap.dir/stdsoap2.cpp.o
#25 169.0 [135/1834] Linking CXX static library deps/gsoap/libgsoap.a
#25 169.3 [136/1834] Building CXX object src/common/CMakeFiles/common.dir/cmake_pch.hxx.pch
#25 170.6 [137/1834] Building CXX object src/common/CMakeFiles/common.dir/Banner.cpp.o
#25 171.5 [138/1834] Building CXX object src/server/database/CMakeFiles/database.dir/cmake_pch.hxx.pch
#25 172.0 [139/1834] Building CXX object src/common/CMakeFiles/common.dir/Common.cpp.o
#25 172.8 [140/1834] Building CXX object src/common/CMakeFiles/common.dir/GitRevision.cpp.o
#25 174.2 [141/1834] Building CXX object src/common/CMakeFiles/common.dir/Collision/BoundingIntervalHierarchy.cpp.o
#25 174.8 [142/1834] Building CXX object src/server/apps/CMakeFiles/authserver.dir/cmake_pch.hxx.pch
#25 176.0 [143/1834] Building CXX object src/common/CMakeFiles/common.dir/Collision/Management/VMapFactory.cpp.o
#25 176.3 [144/1834] Building CXX object src/common/CMakeFiles/common.dir/Collision/DynamicTree.cpp.o
#25 176.3 [145/1834] Building CXX object src/common/CMakeFiles/common.dir/Collision/Management/MMapMgr.cpp.o
#25 176.4 [146/1834] Building CXX object src/server/shared/CMakeFiles/shared.dir/DataStores/DBCDatabaseLoader.cpp.o
#25 178.0 [147/1834] Building CXX object src/common/CMakeFiles/common.dir/Collision/Management/VMapMgr2.cpp.o
#25 179.4 [148/1834] Building CXX object src/common/CMakeFiles/common.dir/Collision/Management/WorldModelStore.cpp.o
#25 181.5 [149/1834] Building CXX object src/common/CMakeFiles/common.dir/Collision/Models/GameObjectModel.cpp.o
#25 181.6 [150/1834] Building CXX object src/common/CMakeFiles/common.dir/Collision/Models/ModelInstance.cpp.o
#25 182.2 [151/1834] Building CXX object src/common/CMakeFiles/common.dir/Collision/Maps/MapTree.cpp.o
#25 182.6 [152/1834] Building CXX object src/server/apps/CMakeFiles/worldserver.dir/cmake_pch.hxx.pch
#25 183.0 [153/1834] Building CXX object src/common/CMakeFiles/common.dir/Collision/Maps/TileAssembler.cpp.o
#25 183.5 [154/1834] Building CXX object src/common/CMakeFiles/common.dir/Configuration/BuiltInConfig.cpp.o
#25 184.8 [155/1834] Building CXX object src/common/CMakeFiles/common.dir/Collision/Models/WorldModel.cpp.o
#25 187.5 [156/1834] Building CXX object src/common/CMakeFiles/common.dir/Cryptography/BigNumber.cpp.o
#25 187.7 [157/1834] Building CXX object src/common/CMakeFiles/common.dir/Cryptography/AES.cpp.o
#25 188.7 [158/1834] Building CXX object src/common/CMakeFiles/common.dir/Cryptography/CryptoRandom.cpp.o
#25 188.8 [159/1834] Building CXX object src/common/CMakeFiles/common.dir/Cryptography/ARC4.cpp.o
#25 189.2 [160/1834] Building CXX object src/common/CMakeFiles/common.dir/Cryptography/Argon2.cpp.o
#25 189.7 [161/1834] Building CXX object src/common/CMakeFiles/common.dir/Cryptography/OpenSSLCrypto.cpp.o
#25 190.0 [162/1834] Building CXX object src/common/CMakeFiles/common.dir/Cryptography/TOTP.cpp.o
#25 190.4 [163/1834] Building CXX object src/common/CMakeFiles/common.dir/Cryptography/Authentication/AuthCrypt.cpp.o
#25 190.9 [164/1834] Building CXX object src/common/CMakeFiles/common.dir/DataStores/DBCFileLoader.cpp.o
#25 190.9 [165/1834] Building CXX object src/common/CMakeFiles/common.dir/Configuration/Config.cpp.o
#25 191.3 [166/1834] Building CXX object src/common/CMakeFiles/common.dir/Cryptography/Authentication/SRP6.cpp.o
#25 191.6 [167/1834] Building CXX object src/common/CMakeFiles/common.dir/Encoding/Base32.cpp.o
#25 192.3 [168/1834] Building CXX object src/common/CMakeFiles/common.dir/Encoding/Base64.cpp.o
#25 192.4 [169/1834] Building CXX object src/common/CMakeFiles/common.dir/Logging/Appender.cpp.o
#25 193.1 [170/1834] Building CXX object src/common/CMakeFiles/common.dir/Logging/AppenderConsole.cpp.o
#25 194.2 [171/1834] Building CXX object src/common/CMakeFiles/common.dir/Logging/AppenderFile.cpp.o
#25 194.6 [172/1834] Building CXX object src/common/CMakeFiles/common.dir/IPLocation/IPLocation.cpp.o
#25 194.7 [173/1834] Building CXX object src/common/CMakeFiles/common.dir/Logging/LogMessage.cpp.o
#25 195.5 [174/1834] Building CXX object src/common/CMakeFiles/common.dir/Logging/enuminfo_AppenderConsole.cpp.o
#25 195.8 [175/1834] Building CXX object src/common/CMakeFiles/common.dir/Logging/LogOperation.cpp.o
#25 196.1 [176/1834] Building CXX object src/common/CMakeFiles/common.dir/Logging/Logger.cpp.o
#25 196.7 [177/1834] Building CXX object src/common/CMakeFiles/common.dir/Logging/enuminfo_LogCommon.cpp.o
#25 197.3 [178/1834] Building CXX object src/common/CMakeFiles/common.dir/Navigation/DetourExtended.cpp.o
#25 202.2 [179/1834] Building CXX object src/common/CMakeFiles/common.dir/Logging/Log.cpp.o
#25 202.9 [180/1834] Building CXX object src/common/CMakeFiles/common.dir/Threading/ProcessPriority.cpp.o
#25 203.1 [181/1834] Building CXX object src/common/CMakeFiles/common.dir/Threading/Threading.cpp.o
#25 203.4 [182/1834] Building CXX object src/common/CMakeFiles/common.dir/Utilities/EventMap.cpp.o
#25 203.7 [183/1834] Building CXX object src/common/CMakeFiles/common.dir/Utilities/EventProcessor.cpp.o
#25 204.9 [184/1834] Building CXX object src/common/CMakeFiles/common.dir/Utilities/StringFormat.cpp.o
#25 205.1 [185/1834] Building CXX object src/common/CMakeFiles/common.dir/Utilities/SFMTRand.cpp.o
#25 205.2 [186/1834] Building CXX object src/common/CMakeFiles/common.dir/Utilities/Random.cpp.o
#25 206.8 [187/1834] Building CXX object src/common/CMakeFiles/common.dir/Utilities/Systemd.cpp.o
#25 207.3 [188/1834] Building CXX object src/common/CMakeFiles/common.dir/Utilities/Timer.cpp.o
#25 208.1 [189/1834] Building CXX object src/common/CMakeFiles/common.dir/Utilities/Tokenize.cpp.o
#25 208.7 [190/1834] Building CXX object src/common/CMakeFiles/common.dir/Metric/Metric.cpp.o
#25 209.1 [191/1834] Building CXX object src/common/CMakeFiles/common.dir/Utilities/TaskScheduler.cpp.o
#25 212.6 [192/1834] Building CXX object src/common/CMakeFiles/common.dir/Utilities/Util.cpp.o
#25 213.3 [193/1834] Building CXX object src/server/apps/CMakeFiles/authserver.dir/authserver/Authentication/AuthCodes.cpp.o
#25 217.2 [194/1834] Building CXX object src/common/CMakeFiles/common.dir/Debugging/Errors.cpp.o
#25 223.4 [195/1834] Building CXX object src/common/CMakeFiles/common.dir/Utilities/StartProcess.cpp.o
#25 225.6 [196/1834] Building CXX object src/server/apps/CMakeFiles/worldserver.dir/worldserver/ACSoap/ACSoap.cpp.o
#25 226.8 [197/1834] Linking CXX static library src/common/libcommon.a
#25 227.3 [198/1834] Building CXX object src/server/apps/CMakeFiles/authserver.dir/authserver/Server/AuthSession.cpp.o
#25 228.7 [199/1834] Building CXX object src/server/apps/CMakeFiles/authserver.dir/authserver/Main.cpp.o
#25 229.4 [200/1834] Building CXX object src/server/database/CMakeFiles/database.dir/Database/AdhocStatement.cpp.o
#25 230.2 [201/1834] Building CXX object src/server/database/CMakeFiles/database.dir/Database/DatabaseEnv.cpp.o
#25 231.7 [202/1834] Building CXX object src/server/database/CMakeFiles/database.dir/Database/DatabaseWorker.cpp.o
#25 233.8 [203/1834] Building CXX object src/server/apps/CMakeFiles/worldserver.dir/worldserver/RemoteAccess/RASession.cpp.o
#25 234.9 [204/1834] Building CXX object src/server/database/CMakeFiles/database.dir/Database/DatabaseLoader.cpp.o
#25 238.3 [205/1834] Building CXX object src/server/database/CMakeFiles/database.dir/Database/Field.cpp.o
#25 238.7 [206/1834] Building CXX object src/server/database/CMakeFiles/database.dir/Database/MySQLConnection.cpp.o
#25 238.9 [207/1834] Building CXX object src/server/database/CMakeFiles/database.dir/Database/DatabaseWorkerPool.cpp.o
#25 239.2 [208/1834] Building CXX object src/server/apps/CMakeFiles/worldserver.dir/worldserver/CommandLine/CliRunnable.cpp.o
#25 239.8 [209/1834] Building CXX object src/server/database/CMakeFiles/database.dir/Database/MySQLThreading.cpp.o
#25 241.5 [210/1834] Building CXX object src/server/database/CMakeFiles/database.dir/Database/MySQLPreparedStatement.cpp.o
#25 241.8 [211/1834] Building CXX object src/server/database/CMakeFiles/database.dir/Database/QueryCallback.cpp.o
#25 242.3 [212/1834] Building CXX object src/server/database/CMakeFiles/database.dir/Database/QueryHolder.cpp.o
#25 242.8 [213/1834] Building CXX object src/server/database/CMakeFiles/database.dir/Database/PreparedStatement.cpp.o
#25 244.0 [214/1834] Building CXX object src/server/database/CMakeFiles/database.dir/Database/Implementation/CharacterDatabase.cpp.o
#25 244.1 [215/1834] Building CXX object src/server/database/CMakeFiles/database.dir/Database/QueryResult.cpp.o
#25 244.2 [216/1834] Building CXX object src/server/database/CMakeFiles/database.dir/Database/Implementation/LoginDatabase.cpp.o
#25 245.0 [217/1834] Building CXX object src/server/database/CMakeFiles/database.dir/Database/Transaction.cpp.o
#25 245.7 [218/1834] Building CXX object src/server/database/CMakeFiles/database.dir/Database/Implementation/PlayerbotsDatabase.cpp.o
#25 245.8 [219/1834] Building CXX object src/server/database/CMakeFiles/database.dir/Database/Implementation/WorldDatabase.cpp.o
#25 246.1 [220/1834] Building CXX object src/server/database/CMakeFiles/database.dir/Logging/AppenderDB.cpp.o
#25 250.8 [221/1834] Building CXX object src/server/shared/CMakeFiles/shared.dir/DataStores/DBCStore.cpp.o
#25 252.6 [222/1834] Building CXX object src/server/apps/CMakeFiles/worldserver.dir/worldserver/Main.cpp.o
#25 252.9 [223/1834] Building CXX object src/server/database/CMakeFiles/database.dir/Updater/UpdateFetcher.cpp.o
#25 254.0 [224/1834] Building CXX object src/server/shared/CMakeFiles/shared.dir/Packets/ByteBuffer.cpp.o
#25 255.6 [225/1834] Building CXX object src/server/database/CMakeFiles/database.dir/Updater/DBUpdater.cpp.o
#25 256.0 [226/1834] Linking CXX static library src/server/database/libdatabase.a
#25 259.9 [227/1834] Building CXX object src/server/shared/CMakeFiles/shared.dir/Realms/Realm.cpp.o
#25 262.7 [228/1834] Building CXX object src/server/shared/CMakeFiles/shared.dir/Secrets/SecretMgr.cpp.o
#25 269.5 [229/1834] Building CXX object src/server/shared/CMakeFiles/shared.dir/Realms/RealmList.cpp.o
#25 269.8 [230/1834] Linking CXX static library src/server/shared/libshared.a
#25 271.3 [231/1834] Linking CXX executable src/server/apps/authserver
#25 271.5 [232/1834] Building CXX object src/tools/CMakeFiles/map_extractor.dir/map_extractor/System.cpp.o
#25 272.8 [233/1834] Building CXX object src/tools/CMakeFiles/map_extractor.dir/map_extractor/adt.cpp.o
#25 273.7 [234/1834] Building CXX object src/tools/CMakeFiles/map_extractor.dir/map_extractor/dbcfile.cpp.o
#25 274.9 [235/1834] Building CXX object src/tools/CMakeFiles/map_extractor.dir/map_extractor/loadlib.cpp.o
#25 275.9 [236/1834] Building CXX object src/tools/CMakeFiles/map_extractor.dir/map_extractor/mpq_libmpq.cpp.o
#25 276.4 [237/1834] Building CXX object src/tools/CMakeFiles/map_extractor.dir/map_extractor/wdt.cpp.o
#25 277.1 [238/1834] Linking CXX executable src/tools/map_extractor
#25 278.5 [239/1834] Building CXX object src/tools/CMakeFiles/dbimport.dir/dbimport/Main.cpp.o
#25 283.2 [240/1834] Building CXX object src/server/game/CMakeFiles/game.dir/cmake_pch.hxx.pch
#25 283.4 [241/1834] Building CXX object src/tools/CMakeFiles/mmaps_generator.dir/mmaps_generator/IntermediateValues.cpp.o
#25 287.0 [242/1834] Building CXX object src/server/scripts/CMakeFiles/scripts.dir/cmake_pch.hxx.pch
#25 291.8 [243/1834] Building CXX object src/tools/CMakeFiles/mmaps_generator.dir/mmaps_generator/MapBuilder.cpp.o
#25 294.1 [244/1834] Building CXX object src/server/game/CMakeFiles/game.dir/AI/CreatureAISelector.cpp.o
#25 294.1 [245/1834] Building CXX object src/server/game/CMakeFiles/game.dir/AI/CreatureAIRegistry.cpp.o
#25 295.1 [246/1834] Building CXX object src/server/game/CMakeFiles/game.dir/AI/enuminfo_CreatureAI.cpp.o
#25 295.3 [247/1834] Building CXX object src/server/game/CMakeFiles/game.dir/AI/CreatureAI.cpp.o
#25 297.8 [248/1834] Building CXX object src/server/game/CMakeFiles/game.dir/AI/CoreAI/GameObjectAI.cpp.o
#25 299.0 [249/1834] Building CXX object src/tools/CMakeFiles/mmaps_generator.dir/mmaps_generator/Config.cpp.o
#25 299.5 [250/1834] Building CXX object src/server/game/CMakeFiles/game.dir/AI/CoreAI/PassiveAI.cpp.o
#25 301.3 [251/1834] Building CXX object src/server/game/CMakeFiles/game.dir/AI/CoreAI/CombatAI.cpp.o
#25 301.5 [252/1834] Building CXX object src/server/game/CMakeFiles/game.dir/AI/CoreAI/GuardAI.cpp.o
#25 302.9 [253/1834] Building CXX object src/server/game/CMakeFiles/game.dir/AI/CoreAI/ReactorAI.cpp.o
#25 305.4 [254/1834] Building CXX object src/server/game/CMakeFiles/game.dir/AI/CoreAI/PetAI.cpp.o
#25 307.1 [255/1834] Building CXX object src/server/game/CMakeFiles/game.dir/AI/CoreAI/TotemAI.cpp.o
#25 309.0 [256/1834] Building CXX object src/server/game/CMakeFiles/game.dir/AI/CoreAI/UnitAI.cpp.o
#25 311.6 [257/1834] Building CXX object src/server/game/CMakeFiles/game.dir/AI/ScriptedAI/ScriptedGossip.cpp.o
#25 312.3 [258/1834] Building CXX object src/server/game/CMakeFiles/game.dir/AI/ScriptedAI/ScriptedEscortAI.cpp.o
#25 312.6 [259/1834] Building CXX object src/server/game/CMakeFiles/game.dir/AI/ScriptedAI/ScriptedCreature.cpp.o
#25 313.8 [260/1834] Building CXX object src/server/game/CMakeFiles/game.dir/AI/ScriptedAI/ScriptedFollowerAI.cpp.o
#25 318.1 [261/1834] Building CXX object src/server/game/CMakeFiles/game.dir/Accounts/RBAC.cpp.o
#25 321.4 [262/1834] Building CXX object src/server/game/CMakeFiles/game.dir/AI/SmartScripts/SmartAI.cpp.o
#25 323.3 [263/1834] Building CXX object src/server/game/CMakeFiles/game.dir/Accounts/AccountMgr.cpp.o
#25 325.6 [264/1834] Building CXX object src/server/game/CMakeFiles/game.dir/Addons/AddonMgr.cpp.o
#25 326.9 [265/1834] Building CXX object src/server/game/CMakeFiles/game.dir/AI/SmartScripts/SmartScriptMgr.cpp.o
#25 331.5 [266/1834] Building CXX object src/server/game/CMakeFiles/game.dir/ArenaSpectator/ArenaSpectator.cpp.o
#25 336.2 [267/1834] Building CXX object src/server/game/CMakeFiles/game.dir/AuctionHouse/AuctionHouseSearcher.cpp.o
#25 336.4 [268/1834] Building CXX object src/server/game/CMakeFiles/game.dir/AuctionHouse/AuctionHouseMgr.cpp.o
#25 336.5 [269/1834] Building CXX object src/server/game/CMakeFiles/game.dir/Achievements/AchievementMgr.cpp.o
#25 338.6 [270/1834] Building CXX object src/server/game/CMakeFiles/game.dir/AI/SmartScripts/SmartScript.cpp.o
#25 340.2 [271/1834] Building CXX object src/server/game/CMakeFiles/game.dir/Autobroadcast/AutobroadcastMgr.cpp.o
#25 341.8 [272/1834] Building CXX object src/server/game/CMakeFiles/game.dir/Battlefield/BattlefieldHandler.cpp.o
#25 345.3 [273/1834] Building CXX object src/server/game/CMakeFiles/game.dir/Battlefield/BattlefieldMgr.cpp.o
#25 349.5 [274/1834] Building CXX object src/server/game/CMakeFiles/game.dir/Battlegrounds/Arena.cpp.o
#25 351.1 [275/1834] Building CXX object src/server/game/CMakeFiles/game.dir/Battlefield/Zones/BattlefieldWG.cpp.o
#25 351.4 [276/1834] Building CXX object src/server/game/CMakeFiles/game.dir/Battlefield/Battlefield.cpp.o
#25 353.1 [277/1834] Building CXX object src/server/game/CMakeFiles/game.dir/Battlegrounds/ArenaTeam.cpp.o
#25 354.0 [278/1834] Building CXX object src/server/game/CMakeFiles/game.dir/Battlegrounds/ArenaTeamMgr.cpp.o
#25 358.0 [279/1834] Building CXX object src/server/game/CMakeFiles/game.dir/Battlegrounds/BattlegroundUtils.cpp.o
#25 358.2 [280/1834] Building CXX object src/server/game/CMakeFiles/game.dir/Battlegrounds/BattlegroundSpamProtect.cpp.o
#25 360.6 [281/1834] Building CXX object src/server/game/CMakeFiles/game.dir/Battlegrounds/enuminfo_ArenaTeam.cpp.o
#25 363.6 [282/1834] Building CXX object src/server/game/CMakeFiles/game.dir/Battlegrounds/BattlegroundQueue.cpp.o
#25 364.9 [283/1834] Building CXX object src/server/game/CMakeFiles/game.dir/Battlegrounds/Battleground.cpp.o
#25 367.6 [284/1834] Building CXX object src/server/game/CMakeFiles/game.dir/Battlegrounds/ArenaSeason/ArenaSeasonRewardsDistributor.cpp.o
#25 367.8 [285/1834] Building CXX object src/server/game/CMakeFiles/game.dir/Battlegrounds/ArenaSeason/ArenaSeasonMgr.cpp.o
#25 370.2 [286/1834] Building CXX object src/server/game/CMakeFiles/game.dir/Battlegrounds/Zones/BattlegroundAB.cpp.o
#25 370.4 [287/1834] Building CXX object src/server/game/CMakeFiles/game.dir/Battlegrounds/BattlegroundMgr.cpp.o
#25 372.5 [288/1834] Building CXX object src/server/game/CMakeFiles/game.dir/Battlegrounds/Zones/BattlegroundBE.cpp.o
#25 373.1 [289/1834] Building CXX object src/server/game/CMakeFiles/game.dir/Battlegrounds/Zones/BattlegroundDS.cpp.o
#25 377.4 [290/1834] Building CXX object src/server/game/CMakeFiles/game.dir/Battlegrounds/Zones/BattlegroundEY.cpp.o
#25 377.5 [291/1834] Building CXX object src/server/game/CMakeFiles/game.dir/Battlegrounds/Zones/BattlegroundNA.cpp.o
#25 378.0 [292/1834] Building CXX object src/server/game/CMakeFiles/game.dir/Battlegrounds/Zones/BattlegroundRL.cpp.o
#25 378.0 [293/1834] Building CXX object src/server/game/CMakeFiles/game.dir/Battlegrounds/Zones/BattlegroundAV.cpp.o
#25 379.1 [294/1834] Building CXX object src/server/game/CMakeFiles/game.dir/Battlegrounds/Zones/BattlegroundIC.cpp.o
#25 382.7 [295/1834] Building CXX object src/server/game/CMakeFiles/game.dir/Battlegrounds/Zones/BattlegroundRV.cpp.o
#25 384.4 [296/1834] Building CXX object src/server/game/CMakeFiles/game.dir/Cache/CharacterCache.cpp.o
#25 384.5 [297/1834] Building CXX object src/server/game/CMakeFiles/game.dir/Battlegrounds/Zones/BattlegroundWS.cpp.o
#25 384.6 [298/1834] Building CXX object src/server/game/CMakeFiles/game.dir/Cache/WhoListCacheMgr.cpp.o
#25 386.5 [299/1834] Building CXX object src/server/game/CMakeFiles/game.dir/Battlegrounds/Zones/BattlegroundSA.cpp.o
#25 390.1 [300/1834] Building CXX object src/server/game/CMakeFiles/game.dir/Chat/HyperlinkTags.cpp.o
#25 390.4 [301/1834] Building CXX object src/server/game/CMakeFiles/game.dir/Chat/Hyperlinks.cpp.o
#25 391.5 [302/1834] Building CXX object src/server/game/CMakeFiles/game.dir/Calendar/CalendarMgr.cpp.o
#25 393.6 [303/1834] Building CXX object src/server/game/CMakeFiles/game.dir/Chat/Channels/enuminfo_Channel.cpp.o
#25 395.3 [304/1834] Building CXX object src/server/game/CMakeFiles/game.dir/Chat/Channels/Channel.cpp.o
#25 397.7 [305/1834] Building CXX object src/server/game/CMakeFiles/game.dir/Chat/Channels/ChannelMgr.cpp.o
#25 398.3 [306/1834] Building CXX object src/server/game/CMakeFiles/game.dir/Chat/Chat.cpp.o
#25 400.4 [307/1834] Building CXX object src/server/game/CMakeFiles/game.dir/Chat/ChatCommands/ChatCommandHelpers.cpp.o
#25 402.0 [308/1834] Building CXX object src/server/game/CMakeFiles/game.dir/Chat/ChatCommands/ChatCommandArgs.cpp.o
#25 402.1 [309/1834] Building CXX object src/server/game/CMakeFiles/game.dir/Chat/ChatCommands/ChatCommand.cpp.o
#25 404.2 [310/1834] Building CXX object src/server/game/CMakeFiles/game.dir/Chat/ChatCommands/ChatCommandTags.cpp.o
#25 407.9 [311/1834] Building CXX object src/server/game/CMakeFiles/game.dir/Combat/CombatManager.cpp.o
#25 409.7 [312/1834] Building CXX object src/server/game/CMakeFiles/game.dir/Conditions/DisableMgr.cpp.o
#25 413.3 [313/1834] Building CXX object src/server/game/CMakeFiles/game.dir/Combat/ThreatManager.cpp.o
#25 413.5 [314/1834] Building CXX object src/server/game/CMakeFiles/game.dir/DataStores/M2Stores.cpp.o
#25 413.8 [315/1834] Building CXX object src/server/game/CMakeFiles/game.dir/DungeonFinding/LFG.cpp.o
#25 416.5 [316/1834] Building CXX object src/server/game/CMakeFiles/game.dir/DungeonFinding/LFGGroupData.cpp.o
#25 417.3 [317/1834] Building CXX object src/server/game/CMakeFiles/game.dir/DungeonFinding/LFGPlayerData.cpp.o
#25 419.2 [318/1834] Building CXX object src/server/game/CMakeFiles/game.dir/Conditions/ConditionMgr.cpp.o
#25 425.9 [319/1834] Building CXX object src/server/game/CMakeFiles/game.dir/DungeonFinding/LFGScripts.cpp.o
#25 425.9 [320/1834] Building CXX object src/server/game/CMakeFiles/game.dir/Entities/Corpse/Corpse.cpp.o
#25 428.4 [321/1834] Building CXX object src/server/game/CMakeFiles/game.dir/DungeonFinding/LFGQueue.cpp.o
#25 432.5 [322/1834] Building CXX object src/server/game/CMakeFiles/game.dir/Entities/Creature/CreatureGroups.cpp.o
#25 433.0 [323/1834] Building CXX object src/server/game/CMakeFiles/game.dir/DataStores/DBCStores.cpp.o
#25 436.8 [324/1834] Building CXX object src/server/game/CMakeFiles/game.dir/DungeonFinding/LFGMgr.cpp.o
#25 439.0 [325/1834] Building CXX object src/server/game/CMakeFiles/game.dir/Entities/Creature/Trainer.cpp.o
#25 439.2 [326/1834] Building CXX object src/server/game/CMakeFiles/game.dir/Entities/Creature/enuminfo_CreatureData.cpp.o
#25 440.5 [327/1834] Building CXX object src/server/game/CMakeFiles/game.dir/Entities/Creature/GossipDef.cpp.o
#25 441.2 [328/1834] Building CXX object src/server/game/CMakeFiles/game.dir/Entities/Creature/TemporarySummon.cpp.o
#25 445.3 [329/1834] Building CXX object src/server/game/CMakeFiles/game.dir/Entities/Item/ItemEnchantmentMgr.cpp.o
#25 447.0 [330/1834] Building CXX object src/server/game/CMakeFiles/game.dir/Entities/Creature/Creature.cpp.o
#25 448.2 [331/1834] Building CXX object src/server/game/CMakeFiles/game.dir/Entities/Item/enuminfo_Item.cpp.o
#25 448.8 [332/1834] Building CXX object src/server/game/CMakeFiles/game.dir/Entities/DynamicObject/DynamicObject.cpp.o
#25 452.1 [333/1834] Building CXX object src/server/game/CMakeFiles/game.dir/Entities/Object/ObjectGuid.cpp.o
#25 452.3 [334/1834] Building CXX object src/server/game/CMakeFiles/game.dir/Entities/Item/Item.cpp.o
#25 452.7 [335/1834] Building CXX object src/server/game/CMakeFiles/game.dir/Entities/Item/Container/Bag.cpp.o
#25 455.7 [336/1834] Building CXX object src/server/game/CMakeFiles/game.dir/Entities/Object/ObjectPosSelector.cpp.o
#25 455.7 [337/1834] Building CXX object src/server/game/CMakeFiles/game.dir/Entities/Object/Position.cpp.o
#25 457.8 [338/1834] Building CXX object src/server/game/CMakeFiles/game.dir/Entities/Object/ObjectVisibilityContainer.cpp.o
#25 458.4 [339/1834] Building CXX object src/server/game/CMakeFiles/game.dir/Entities/Object/Updates/UpdateFieldFlags.cpp.o
#25 458.5 [340/1834] Building CXX object src/server/game/CMakeFiles/game.dir/Entities/GameObject/GameObject.cpp.o
#25 459.0 [341/1834] Building CXX object src/server/game/CMakeFiles/game.dir/Entities/Object/Updates/UpdateData.cpp.o
#25 463.4 [342/1834] Building CXX object src/server/game/CMakeFiles/game.dir/Entities/Player/CinematicMgr.cpp.o
#25 466.7 [343/1834] Building CXX object src/server/game/CMakeFiles/game.dir/Entities/Player/KillRewarder.cpp.o
#25 468.1 [344/1834] Building CXX object src/server/game/CMakeFiles/game.dir/Entities/Object/Object.cpp.o
#25 470.7 [345/1834] Building CXX object src/server/game/CMakeFiles/game.dir/Entities/Player/PlayerGossip.cpp.o
#25 472.8 [346/1834] Building CXX object src/server/game/CMakeFiles/game.dir/Entities/Pet/Pet.cpp.o
#25 476.7 [347/1834] Building CXX object src/server/game/CMakeFiles/game.dir/Entities/Player/PlayerMisc.cpp.o
#25 477.0 [348/1834] Building CXX object src/server/game/CMakeFiles/game.dir/Entities/Player/PlayerSettings.cpp.o
#25 482.6 [349/1834] Building CXX object src/server/game/CMakeFiles/game.dir/Entities/Player/PlayerTaxi.cpp.o
#25 482.8 [350/1834] Building CXX object src/server/game/CMakeFiles/game.dir/Entities/Player/PlayerQuest.cpp.o
#25 487.4 [351/1834] Building CXX object src/server/game/CMakeFiles/game.dir/Entities/Player/RaceMgr.cpp.o
#25 489.1 [352/1834] Building CXX object src/server/game/CMakeFiles/game.dir/Entities/Player/SocialMgr.cpp.o
#25 492.4 [353/1834] Building CXX object src/server/game/CMakeFiles/game.dir/Entities/Player/PlayerUpdates.cpp.o
#25 492.4 [354/1834] Building CXX object src/server/game/CMakeFiles/game.dir/Entities/Player/TradeData.cpp.o
#25 494.9 [355/1834] Building CXX object src/server/game/CMakeFiles/game.dir/Entities/Totem/Totem.cpp.o
#25 499.4 [356/1834] Building CXX object src/server/game/CMakeFiles/game.dir/Entities/Unit/CharmInfo.cpp.o
#25 501.8 [357/1834] Building CXX object src/server/game/CMakeFiles/game.dir/Entities/Player/PlayerStorage.cpp.o
#25 504.0 [358/1834] Building CXX object src/server/game/CMakeFiles/game.dir/Entities/Unit/StatSystem.cpp.o
#25 504.1 [359/1834] Building CXX object src/server/game/CMakeFiles/game.dir/Entities/Transport/Transport.cpp.o
#25 504.5 [360/1834] Building CXX object src/server/game/CMakeFiles/game.dir/Entities/Unit/enuminfo_Unit.cpp.o
#25 507.7 [361/1834] Building CXX object src/server/game/CMakeFiles/game.dir/Entities/Player/Player.cpp.o
#25 508.2 [362/1834] Building CXX object src/server/game/CMakeFiles/game.dir/Events/HolidayDateCalculator.cpp.o
#25 514.3 [363/1834] Building CXX object src/server/game/CMakeFiles/game.dir/Entities/Vehicle/Vehicle.cpp.o
#25 516.0 [364/1834] Building CXX object src/server/game/CMakeFiles/game.dir/Globals/ObjectAccessor.cpp.o
#25 518.2 [365/1834] Building CXX object src/server/game/CMakeFiles/game.dir/Globals/WorldGlobals.cpp.o
#25 522.7 [366/1834] Building CXX object src/server/game/CMakeFiles/game.dir/Events/GameEventMgr.cpp.o
#25 523.1 [367/1834] Building CXX object src/server/game/CMakeFiles/game.dir/Grids/GridTerrainData.cpp.o
#25 523.5 [368/1834] Building CXX object src/server/game/CMakeFiles/game.dir/Grids/GridObjectLoader.cpp.o
#25 526.6 [369/1834] Building CXX object src/server/game/CMakeFiles/game.dir/Grids/MapGridManager.cpp.o
#25 530.7 [370/1834] Building CXX object src/server/game/CMakeFiles/game.dir/Grids/Notifiers/GridNotifiers.cpp.o
#25 530.8 [371/1834] Building CXX object src/server/game/CMakeFiles/game.dir/Grids/GridTerrainLoader.cpp.o
#25 533.9 [372/1834] Building CXX object src/server/game/CMakeFiles/game.dir/Groups/GroupReference.cpp.o
#25 535.4 [373/1834] Building CXX object src/server/game/CMakeFiles/game.dir/Groups/GroupMgr.cpp.o
#25 540.7 [374/1834] Building CXX object src/server/game/CMakeFiles/game.dir/Groups/Group.cpp.o
#25 542.5 [375/1834] Building CXX object src/server/game/CMakeFiles/game.dir/Guilds/GuildMgr.cpp.o
#25 544.2 [376/1834] Building CXX object src/server/game/CMakeFiles/game.dir/Handlers/AddonHandler.cpp.o
#25 544.5 [377/1834] Building CXX object src/server/game/CMakeFiles/game.dir/Entities/Unit/Unit.cpp.o
#25 547.5 [378/1834] Building CXX object src/server/game/CMakeFiles/game.dir/Handlers/AuthHandler.cpp.o
#25 548.7 [379/1834] Building CXX object src/server/game/CMakeFiles/game.dir/Handlers/ArenaTeamHandler.cpp.o
#25 552.7 [380/1834] Building CXX object src/server/game/CMakeFiles/game.dir/Handlers/BankHandler.cpp.o
#25 553.0 [381/1834] Building CXX object src/server/game/CMakeFiles/game.dir/Guilds/Guild.cpp.o
#25 556.6 [382/1834] Building CXX object src/server/game/CMakeFiles/game.dir/Handlers/AuctionHouseHandler.cpp.o
#25 559.8 [383/1834] Building CXX object src/server/game/CMakeFiles/game.dir/Handlers/ChannelHandler.cpp.o
#25 559.9 [384/1834] Building CXX object src/server/game/CMakeFiles/game.dir/Handlers/BattleGroundHandler.cpp.o
#25 561.6 [385/1834] Building CXX object src/server/game/CMakeFiles/game.dir/Handlers/CalendarHandler.cpp.o
#25 565.5 [386/1834] Building CXX object src/server/game/CMakeFiles/game.dir/Handlers/CombatHandler.cpp.o
#25 567.1 [387/1834] Building CXX object src/server/game/CMakeFiles/game.dir/Handlers/DuelHandler.cpp.o
#25 571.1 [388/1834] Building CXX object src/server/game/CMakeFiles/game.dir/Handlers/ChatHandler.cpp.o
#25 574.9 [389/1834] Building CXX object src/server/game/CMakeFiles/game.dir/Handlers/CharacterHandler.cpp.o
#25 575.0 [390/1834] Building CXX object src/server/game/CMakeFiles/game.dir/Handlers/GroupHandler.cpp.o
#25 575.4 [391/1834] Building CXX object src/server/game/CMakeFiles/game.dir/Handlers/GuildHandler.cpp.o
#25 582.9 [392/1834] Building CXX object src/server/game/CMakeFiles/game.dir/Handlers/ItemHandler.cpp.o
#25 584.3 [393/1834] Building CXX object src/server/game/CMakeFiles/game.dir/Handlers/LootHandler.cpp.o
#25 586.2 [394/1834] Building CXX object src/server/game/CMakeFiles/game.dir/Handlers/MailHandler.cpp.o
#25 586.3 [395/1834] Building CXX object src/server/game/CMakeFiles/game.dir/Handlers/LFGHandler.cpp.o
#25 595.0 [396/1834] Building CXX object src/server/game/CMakeFiles/game.dir/Handlers/PetHandler.cpp.o
#25 595.7 [397/1834] Building CXX object src/server/game/CMakeFiles/game.dir/Globals/ObjectMgr.cpp.o
#25 596.5 [398/1834] Building CXX object src/server/game/CMakeFiles/game.dir/Handlers/NPCHandler.cpp.o
#25 596.8 [399/1834] Building CXX object src/server/game/CMakeFiles/game.dir/Handlers/MovementHandler.cpp.o
#25 597.7 [400/1834] Building CXX object src/server/game/CMakeFiles/game.dir/Handlers/MiscHandler.cpp.o
#25 601.4 [401/1834] Building CXX object src/server/game/CMakeFiles/game.dir/Handlers/ReferAFriendHandler.cpp.o
#25 603.0 [402/1834] Building CXX object src/server/game/CMakeFiles/game.dir/Handlers/QueryHandler.cpp.o
#25 603.6 [403/1834] Building CXX object src/server/game/CMakeFiles/game.dir/Handlers/SkillHandler.cpp.o
#25 605.7 [404/1834] Building CXX object src/server/game/CMakeFiles/game.dir/Handlers/PetitionsHandler.cpp.o
#25 606.4 [405/1834] Building CXX object src/server/game/CMakeFiles/game.dir/Handlers/Socialhandler.cpp.o
#25 607.7 [406/1834] Building CXX object src/server/game/CMakeFiles/game.dir/Handlers/QuestHandler.cpp.o
#25 612.5 [407/1834] Building CXX object src/server/game/CMakeFiles/game.dir/Handlers/TaxiHandler.cpp.o
#25 612.6 [408/1834] Building CXX object src/server/game/CMakeFiles/game.dir/Handlers/TicketHandler.cpp.o
#25 613.3 [409/1834] Building CXX object src/server/game/CMakeFiles/game.dir/Handlers/VehicleHandler.cpp.o
#25 614.5 [410/1834] Building CXX object src/server/game/CMakeFiles/game.dir/Handlers/SpellHandler.cpp.o
#25 615.1 [411/1834] Building CXX object src/server/game/CMakeFiles/game.dir/Handlers/VoiceChatHandler.cpp.o
#25 616.7 [412/1834] Building CXX object src/server/game/CMakeFiles/game.dir/Handlers/TradeHandler.cpp.o
#25 619.8 [413/1834] Building CXX object src/server/game/CMakeFiles/game.dir/Loot/LootItemStorage.cpp.o
#25 624.0 [414/1834] Building CXX object src/server/game/CMakeFiles/game.dir/Mails/MailMgr.cpp.o
#25 625.5 [415/1834] Building CXX object src/server/game/CMakeFiles/game.dir/Instances/InstanceScript.cpp.o
#25 625.7 [416/1834] Building CXX object src/server/game/CMakeFiles/game.dir/Instances/InstanceSaveMgr.cpp.o
#25 625.8 [417/1834] Building CXX object src/server/game/CMakeFiles/game.dir/Mails/Mail.cpp.o
#25 628.3 [418/1834] Building CXX object src/server/game/CMakeFiles/game.dir/Maps/AreaBoundary.cpp.o
#25 629.8 [419/1834] Building CXX object src/server/game/CMakeFiles/game.dir/Maps/MapCollisionData.cpp.o
#25 630.0 [420/1834] Building CXX object src/server/game/CMakeFiles/game.dir/Loot/LootMgr.cpp.o
#25 631.9 [421/1834] Building CXX object src/server/game/CMakeFiles/game.dir/Mails/ServerMailMgr.cpp.o
#25 635.4 [422/1834] Building CXX object src/server/game/CMakeFiles/game.dir/Maps/MapUpdater.cpp.o
#25 637.0 [423/1834] Building CXX object src/server/game/CMakeFiles/game.dir/Maps/MapInstanced.cpp.o
#25 639.6 [424/1834] Building CXX object src/server/game/CMakeFiles/game.dir/Misc/DynamicVisibility.cpp.o
#25 639.6 [425/1834] Building CXX object src/server/game/CMakeFiles/game.dir/Maps/MapMgr.cpp.o
#25 640.4 [426/1834] Building CXX object src/server/game/CMakeFiles/game.dir/Maps/TransportMgr.cpp.o
#25 643.6 [427/1834] Building CXX object src/server/game/CMakeFiles/game.dir/Modules/ModuleMgr.cpp.o
#25 644.7 [428/1834] Building CXX object src/server/game/CMakeFiles/game.dir/Misc/BanMgr.cpp.o
#25 647.6 [429/1834] Building CXX object src/server/game/CMakeFiles/game.dir/Movement/AbstractFollower.cpp.o
#25 647.7 [430/1834] Building CXX object src/server/game/CMakeFiles/game.dir/Miscellaneous/Formulas.cpp.o
#25 649.4 [431/1834] Building CXX object src/server/game/CMakeFiles/game.dir/Misc/GameGraveyard.cpp.o
#25 650.1 [432/1834] Building CXX object src/server/game/CMakeFiles/game.dir/Movement/MovementGenerator.cpp.o
#25 651.5 [433/1834] Building CXX object src/server/game/CMakeFiles/game.dir/Maps/Map.cpp.o
#25 652.5 [434/1834] Building CXX object src/server/game/CMakeFiles/game.dir/Motd/MotdMgr.cpp.o
#25 654.7 [435/1834] Building CXX object src/server/game/CMakeFiles/game.dir/Movement/MovementGenerators/ConfusedMovementGenerator.cpp.o
#25 655.7 [436/1834] Building CXX object src/server/game/CMakeFiles/game.dir/Movement/MovementGenerators/EscortMovementGenerator.cpp.o
#25 656.1 [437/1834] Building CXX object src/server/game/CMakeFiles/game.dir/Movement/MovementGenerators/FormationMovementGenerator.cpp.o
#25 657.4 [438/1834] Building CXX object src/server/game/CMakeFiles/game.dir/Movement/MovementGenerators/FleeingMovementGenerator.cpp.o
#25 658.5 [439/1834] Building CXX object src/server/game/CMakeFiles/game.dir/Movement/MovementGenerators/HomeMovementGenerator.cpp.o
#25 659.1 [440/1834] Building CXX object src/server/game/CMakeFiles/game.dir/Movement/MotionMaster.cpp.o
#25 659.5 [441/1834] Building CXX object src/server/game/CMakeFiles/game.dir/Movement/MovementGenerators/IdleMovementGenerator.cpp.o
#25 662.7 [442/1834] Building CXX object src/server/game/CMakeFiles/game.dir/Movement/MovementGenerators/PathGenerator.cpp.o
#25 663.6 [443/1834] Building CXX object src/server/game/CMakeFiles/game.dir/Movement/MovementGenerators/RandomMovementGenerator.cpp.o
#25 664.1 [444/1834] Building CXX object src/server/game/CMakeFiles/game.dir/Movement/MovementGenerators/PointMovementGenerator.cpp.o
#25 666.4 [445/1834] Building CXX object src/server/game/CMakeFiles/game.dir/Movement/Spline/MovementPacketBuilder.cpp.o
#25 666.5 [446/1834] Building CXX object src/server/game/CMakeFiles/game.dir/Movement/MovementGenerators/TargetedMovementGenerator.cpp.o
#25 667.0 [447/1834] Building CXX object src/server/game/CMakeFiles/game.dir/Movement/Spline/MoveSpline.cpp.o
#25 667.8 [448/1834] Building CXX object src/server/game/CMakeFiles/game.dir/Movement/Spline/MoveSplineInit.cpp.o
#25 669.1 [449/1834] Building CXX object src/server/game/CMakeFiles/game.dir/Movement/Spline/MovementUtil.cpp.o
#25 669.2 [450/1834] Building CXX object src/server/game/CMakeFiles/game.dir/Movement/MovementGenerators/WaypointMovementGenerator.cpp.o
#25 670.1 [451/1834] Building CXX object src/server/game/CMakeFiles/game.dir/Movement/Spline/Spline.cpp.o
#25 671.6 [452/1834] Building CXX object src/server/game/CMakeFiles/game.dir/Movement/Waypoints/WaypointMgr.cpp.o
#25 676.4 [453/1834] Building CXX object src/server/game/CMakeFiles/game.dir/Petitions/PetitionMgr.cpp.o
#25 676.5 [454/1834] Building CXX object src/server/game/CMakeFiles/game.dir/OutdoorPvP/OutdoorPvP.cpp.o
#25 676.9 [455/1834] Building CXX object src/server/game/CMakeFiles/game.dir/Quests/QuestDef.cpp.o
#25 678.6 [456/1834] Building CXX object src/server/game/CMakeFiles/game.dir/OutdoorPvP/OutdoorPvPMgr.cpp.o
#25 678.9 [457/1834] Building CXX object src/server/game/CMakeFiles/game.dir/Quests/enuminfo_QuestDef.cpp.o
#25 682.3 [458/1834] Building CXX object src/server/game/CMakeFiles/game.dir/Scripting/ScriptObject.cpp.o
#25 682.9 [459/1834] Building CXX object src/server/game/CMakeFiles/game.dir/Pools/PoolMgr.cpp.o
#25 686.0 [460/1834] Building CXX object src/server/game/CMakeFiles/game.dir/Reputation/ReputationMgr.cpp.o
#25 689.0 [461/1834] Building CXX object src/server/game/CMakeFiles/game.dir/Scripting/MapScripts.cpp.o
#25 689.4 [462/1834] Building CXX object src/server/game/CMakeFiles/game.dir/Scripting/ScriptSystem.cpp.o
#25 690.3 [463/1834] Building CXX object src/server/game/CMakeFiles/game.dir/Scripting/ScriptDefines/ALEScript.cpp.o
#25 693.9 [464/1834] Building CXX object src/server/game/CMakeFiles/game.dir/Scripting/ScriptDefines/AccountScript.cpp.o
#25 696.6 [465/1834] Building CXX object src/server/game/CMakeFiles/game.dir/Scripting/ScriptDefines/AchievementCriteriaScript.cpp.o
#25 697.8 [466/1834] Building CXX object src/server/game/CMakeFiles/game.dir/Scripting/ScriptDefines/AchievementScript.cpp.o
#25 698.5 [467/1834] Building CXX object src/server/game/CMakeFiles/game.dir/Scripting/ScriptDefines/AllBattlegroundScript.cpp.o
#25 701.6 [468/1834] Building CXX object src/server/game/CMakeFiles/game.dir/Scripting/ScriptDefines/AllCommandScript.cpp.o
#25 705.0 [469/1834] Building CXX object src/server/game/CMakeFiles/game.dir/Scripting/ScriptDefines/AllCreatureScript.cpp.o
#25 705.6 [470/1834] Building CXX object src/server/game/CMakeFiles/game.dir/Scripting/ScriptDefines/AllGameObjectScript.cpp.o
#25 707.9 [471/1834] Building CXX object src/server/game/CMakeFiles/game.dir/Scripting/ScriptDefines/AllItemScript.cpp.o
#25 711.1 [472/1834] Building CXX object src/server/game/CMakeFiles/game.dir/Scripting/ScriptDefines/AllMapScript.cpp.o
#25 712.8 [473/1834] Building CXX object src/server/game/CMakeFiles/game.dir/Scripting/ScriptMgr.cpp.o
#25 713.0 [474/1834] Building CXX object src/server/game/CMakeFiles/game.dir/Scripting/ScriptDefines/AllSpellScript.cpp.o
#25 714.7 [475/1834] Building CXX object src/server/game/CMakeFiles/game.dir/Scripting/ScriptDefines/AreaTriggerScript.cpp.o
#25 715.9 [476/1834] Building CXX object src/server/game/CMakeFiles/game.dir/Scripting/ScriptDefines/ArenaScript.cpp.o
#25 719.0 [477/1834] Building CXX object src/server/game/CMakeFiles/game.dir/Scripting/ScriptDefines/ArenaTeamScript.cpp.o
#25 720.8 [478/1834] Building CXX object src/server/game/CMakeFiles/game.dir/Scripting/ScriptDefines/BattlefieldScript.cpp.o
#25 721.0 [479/1834] Building CXX object src/server/game/CMakeFiles/game.dir/Scripting/ScriptDefines/AuctionHouseScript.cpp.o
#25 722.5 [480/1834] Building CXX object src/server/game/CMakeFiles/game.dir/Scripting/ScriptDefines/BattlegroundMapScript.cpp.o
#25 723.7 [481/1834] Building CXX object src/server/game/CMakeFiles/game.dir/Scripting/ScriptDefines/BattlegroundScript.cpp.o
#25 728.0 [482/1834] Building CXX object src/server/game/CMakeFiles/game.dir/Scripting/ScriptDefines/CommandScript.cpp.o
#25 728.3 [483/1834] Building CXX object src/server/game/CMakeFiles/game.dir/Scripting/ScriptDefines/ConditionScript.cpp.o
#25 729.5 [484/1834] Building CXX object src/server/game/CMakeFiles/game.dir/Scripting/ScriptDefines/CreatureScript.cpp.o
#25 731.2 [485/1834] Building CXX object src/server/game/CMakeFiles/game.dir/Scripting/ScriptDefines/DatabaseScript.cpp.o
#25 732.1 [486/1834] Building CXX object src/server/game/CMakeFiles/game.dir/Scripting/ScriptDefines/DynamicObjectScript.cpp.o
#25 736.2 [487/1834] Building CXX object src/server/game/CMakeFiles/game.dir/Scripting/ScriptDefines/GameEventScript.cpp.o
#25 736.3 [488/1834] Building CXX object src/server/game/CMakeFiles/game.dir/Scripting/ScriptDefines/FormulaScript.cpp.o
#25 738.7 [489/1834] Building CXX object src/server/game/CMakeFiles/game.dir/Scripting/ScriptDefines/GameObjectScript.cpp.o
#25 739.8 [490/1834] Building CXX object src/server/game/CMakeFiles/game.dir/Scripting/ScriptDefines/GroupScript.cpp.o
#25 740.8 [491/1834] Building CXX object src/server/game/CMakeFiles/game.dir/Scripting/ScriptDefines/GlobalScript.cpp.o
#25 744.0 [492/1834] Building CXX object src/server/game/CMakeFiles/game.dir/Scripting/ScriptDefines/GuildScript.cpp.o
#25 744.4 [493/1834] Building CXX object src/server/game/CMakeFiles/game.dir/Scripting/ScriptDefines/InstanceMapScript.cpp.o
#25 745.5 [494/1834] Building CXX object src/server/game/CMakeFiles/game.dir/Scripting/ScriptDefines/LootScript.cpp.o
#25 748.4 [495/1834] Building CXX object src/server/game/CMakeFiles/game.dir/Scripting/ScriptDefines/MailScript.cpp.o
#25 749.2 [496/1834] Building CXX object src/server/game/CMakeFiles/game.dir/Scripting/ScriptDefines/MiscScript.cpp.o
#25 751.9 [497/1834] Building CXX object src/server/game/CMakeFiles/game.dir/Scripting/ScriptDefines/ModuleScript.cpp.o
#25 752.3 [498/1834] Building CXX object src/server/game/CMakeFiles/game.dir/Scripting/ScriptDefines/MovementHandlerScript.cpp.o
#25 753.5 [499/1834] Building CXX object src/server/game/CMakeFiles/game.dir/Scripting/ScriptDefines/OutdoorPvPScript.cpp.o
#25 756.2 [500/1834] Building CXX object src/server/game/CMakeFiles/game.dir/Scripting/ScriptDefines/PetScript.cpp.o
#25 759.0 [501/1834] Building CXX object src/server/game/CMakeFiles/game.dir/Scripting/ScriptDefines/PlayerbotsScript.cpp.o
#25 759.8 [502/1834] Building CXX object src/server/game/CMakeFiles/game.dir/Scripting/ScriptDefines/PlayerScript.cpp.o
#25 760.0 [503/1834] Building CXX object src/server/game/CMakeFiles/game.dir/Scripting/ScriptDefines/ServerScript.cpp.o
#25 762.8 [504/1834] Building CXX object src/server/game/CMakeFiles/game.dir/Scripting/ScriptDefines/SpellScriptLoader.cpp.o
#25 764.2 [505/1834] Building CXX object src/server/game/CMakeFiles/game.dir/Scripting/ScriptDefines/TicketScript.cpp.o
#25 767.5 [506/1834] Building CXX object src/server/game/CMakeFiles/game.dir/Scripting/ScriptDefines/TransportScript.cpp.o
#25 767.7 [507/1834] Building CXX object src/server/game/CMakeFiles/game.dir/Scripting/ScriptDefines/UnitScript.cpp.o
#25 768.4 [508/1834] Building CXX object src/server/game/CMakeFiles/game.dir/Scripting/ScriptDefines/VehicleScript.cpp.o
#25 770.9 [509/1834] Building CXX object src/server/game/CMakeFiles/game.dir/Server/Packet.cpp.o
#25 771.3 [510/1834] Building CXX object src/server/game/CMakeFiles/game.dir/Scripting/ScriptDefines/WeatherScript.cpp.o
#25 772.8 [511/1834] Building CXX object src/server/game/CMakeFiles/game.dir/Scripting/ScriptDefines/WorldMapScript.cpp.o
#25 775.3 [512/1834] Building CXX object src/server/game/CMakeFiles/game.dir/Scripting/ScriptDefines/WorldObjectScript.cpp.o
#25 775.8 [513/1834] Building CXX object src/server/game/CMakeFiles/game.dir/Scripting/ScriptDefines/WorldScript.cpp.o
#25 778.7 [514/1834] Building CXX object src/server/game/CMakeFiles/game.dir/Server/Packets/BankPackets.cpp.o
#25 781.4 [515/1834] Building CXX object src/server/game/CMakeFiles/game.dir/Server/WorldSessionMgr.cpp.o
#25 783.6 [516/1834] Building CXX object src/server/game/CMakeFiles/game.dir/Server/Packets/CalendarPackets.cpp.o
#25 783.9 [517/1834] Building CXX object src/server/game/CMakeFiles/game.dir/Server/Packets/CharacterPackets.cpp.o
#25 786.0 [518/1834] Building CXX object src/server/game/CMakeFiles/game.dir/Server/Packets/ChatPackets.cpp.o
#25 786.3 [519/1834] Building CXX object src/server/game/CMakeFiles/game.dir/Server/WorldSocket.cpp.o
#25 788.7 [520/1834] Building CXX object src/server/game/CMakeFiles/game.dir/Server/Packets/CombatLogPackets.cpp.o
#25 788.8 [521/1834] Building CXX object src/server/game/CMakeFiles/game.dir/Server/Packets/CombatPackets.cpp.o
#25 790.5 [522/1834] Building CXX object src/server/game/CMakeFiles/game.dir/Server/WorldSession.cpp.o
#25 791.7 [523/1834] Building CXX object src/server/game/CMakeFiles/game.dir/Server/Packets/ItemPackets.cpp.o
#25 792.3 [524/1834] Building CXX object src/server/game/CMakeFiles/game.dir/Server/WorldSocketMgr.cpp.o
#25 793.0 [525/1834] Building CXX object src/server/game/CMakeFiles/game.dir/Server/Packets/GuildPackets.cpp.o
#25 793.4 [526/1834] Building CXX object src/server/game/CMakeFiles/game.dir/Server/Packets/InstancePackets.cpp.o
#25 793.6 [527/1834] Building CXX object src/server/game/CMakeFiles/game.dir/Server/Packets/LFGPackets.cpp.o
#25 794.4 [528/1834] Building CXX object src/server/game/CMakeFiles/game.dir/Server/Packets/MiscPackets.cpp.o
#25 795.3 [529/1834] Building CXX object src/server/game/CMakeFiles/game.dir/Server/Packets/NPCPackets.cpp.o
#25 795.6 [530/1834] Building CXX object src/server/game/CMakeFiles/game.dir/Server/Packets/PetPackets.cpp.o
#25 796.3 [531/1834] Building CXX object src/server/game/CMakeFiles/game.dir/Server/Packets/QueryPackets.cpp.o
#25 796.9 [532/1834] Building CXX object src/server/game/CMakeFiles/game.dir/Server/Packets/PacketUtilities.cpp.o
#25 797.1 [533/1834] Building CXX object src/server/game/CMakeFiles/game.dir/Server/Packets/QuestPackets.cpp.o
#25 797.5 [534/1834] Building CXX object src/server/game/CMakeFiles/game.dir/Server/Packets/TotemPackets.cpp.o
#25 798.6 [535/1834] Building CXX object src/server/game/CMakeFiles/game.dir/Server/Packets/WorldStatePackets.cpp.o
#25 800.3 [536/1834] Building CXX object src/server/game/CMakeFiles/game.dir/Server/Protocol/PacketLog.cpp.o
#25 803.6 [537/1834] Building CXX object src/server/game/CMakeFiles/game.dir/Skills/SkillExtraItems.cpp.o
#25 804.0 [538/1834] Building CXX object src/server/game/CMakeFiles/game.dir/Skills/SkillDiscovery.cpp.o
#25 815.4 [539/1834] Building CXX object src/server/game/CMakeFiles/game.dir/Spells/SpellInfo.cpp.o
#25 819.8 [540/1834] Building CXX object src/server/game/CMakeFiles/game.dir/Spells/SpellEffects.cpp.o
#25 820.9 [541/1834] Building CXX object src/server/game/CMakeFiles/game.dir/Spells/Spell.cpp.o
#25 828.0 [542/1834] Building CXX object src/server/game/CMakeFiles/game.dir/Server/Protocol/Opcodes.cpp.o
#25 828.1 [543/1834] Building CXX object src/server/game/CMakeFiles/game.dir/Spells/SpellScript.cpp.o
#25 831.8 [544/1834] Building CXX object src/server/game/CMakeFiles/game.dir/TC9Sidecar/TC9GroupHooks.cpp.o
#25 836.4 [545/1834] Building CXX object src/server/game/CMakeFiles/game.dir/Spells/Auras/SpellAuraEffects.cpp.o
#25 837.4 [546/1834] Building CXX object src/server/game/CMakeFiles/game.dir/TC9Sidecar/TC9GrpcHandler.cpp.o
#25 841.4 [547/1834] Building CXX object src/server/game/CMakeFiles/game.dir/TC9Sidecar/TC9GuildHooks.cpp.o
#25 843.4 [548/1834] Building CXX object src/server/game/CMakeFiles/game.dir/Spells/SpellMgr.cpp.o
#25 843.9 [549/1834] Building CXX object src/server/game/CMakeFiles/game.dir/Spells/Auras/SpellAuras.cpp.o
#25 845.8 [550/1834] Building CXX object src/server/game/CMakeFiles/game.dir/TC9Sidecar/TC9Sidecar.cpp.o
#25 847.6 [551/1834] Building CXX object src/server/game/CMakeFiles/game.dir/Texts/ChatTextBuilder.cpp.o
#25 848.4 [552/1834] Building CXX object src/server/game/CMakeFiles/game.dir/Time/GameTime.cpp.o
#25 851.3 [553/1834] Building CXX object src/server/game/CMakeFiles/game.dir/Time/UpdateTime.cpp.o
#25 852.8 [554/1834] Building CXX object src/server/game/CMakeFiles/game.dir/Tools/CharacterDatabaseCleaner.cpp.o
#25 853.5 [555/1834] Building CXX object src/server/game/CMakeFiles/game.dir/Tickets/TicketMgr.cpp.o
#25 855.4 [556/1834] Building CXX object src/server/game/CMakeFiles/game.dir/Spells/SpellInfoCorrections.cpp.o
#25 856.1 [557/1834] Building CXX object src/server/game/CMakeFiles/game.dir/Texts/CreatureTextMgr.cpp.o
#25 858.0 [558/1834] Building CXX object src/server/game/CMakeFiles/game.dir/Warden/WardenCheckMgr.cpp.o
#25 859.3 [559/1834] Building CXX object src/server/game/CMakeFiles/game.dir/Warden/Warden.cpp.o
#25 860.0 [560/1834] Building CXX object src/server/game/CMakeFiles/game.dir/Warden/WardenPayloadMgr.cpp.o
#25 861.3 [561/1834] Building CXX object src/server/game/CMakeFiles/game.dir/Warden/WardenMac.cpp.o
#25 861.8 [562/1834] Building CXX object src/server/game/CMakeFiles/game.dir/Warden/enuminfo_WardenCheckMgr.cpp.o
#25 862.5 [563/1834] Building CXX object src/server/game/CMakeFiles/game.dir/Tools/PlayerDump.cpp.o
#25 865.3 [564/1834] Building CXX object src/server/game/CMakeFiles/game.dir/Warden/WardenWin.cpp.o
#25 865.5 [565/1834] Building CXX object src/server/game/CMakeFiles/game.dir/Weather/WeatherMgr.cpp.o
#25 868.1 [566/1834] Building CXX object src/server/scripts/CMakeFiles/scripts.dir/gen_scriptloader/static/ScriptLoader.cpp.o
#25 868.3 [567/1834] Building CXX object src/server/game/CMakeFiles/game.dir/Weather/Weather.cpp.o
#25 871.4 [568/1834] Building CXX object src/server/scripts/CMakeFiles/scripts.dir/Commands/PlayerCommand.cpp.o
#25 875.9 [569/1834] Building CXX object src/server/scripts/CMakeFiles/scripts.dir/Commands/cs_achievement.cpp.o
#25 879.2 [570/1834] Building CXX object src/server/scripts/CMakeFiles/scripts.dir/Commands/cs_account.cpp.o
#25 879.2 [571/1834] Building CXX object src/server/game/CMakeFiles/game.dir/World/WorldState.cpp.o
#25 882.6 [572/1834] Building CXX object src/server/game/CMakeFiles/game.dir/World/WorldConfig.cpp.o
#25 884.2 [573/1834] Building CXX object src/server/scripts/CMakeFiles/scripts.dir/Commands/cs_bag.cpp.o
#25 885.0 [574/1834] Building CXX object src/server/scripts/CMakeFiles/scripts.dir/Commands/cs_autobroadcast.cpp.o
#25 885.5 [575/1834] Building CXX object src/server/scripts/CMakeFiles/scripts.dir/Commands/cs_arena.cpp.o
#25 886.4 [576/1834] Building CXX object src/server/game/CMakeFiles/game.dir/World/World.cpp.o
#25 889.1 [577/1834] Building CXX object src/server/scripts/CMakeFiles/scripts.dir/Commands/cs_ban.cpp.o
#25 889.5 [578/1834] Building CXX object src/server/scripts/CMakeFiles/scripts.dir/Commands/cs_cache.cpp.o
#25 890.1 [579/1834] Building CXX object src/server/scripts/CMakeFiles/scripts.dir/Commands/cs_bf.cpp.o
#25 891.0 [580/1834] Building CXX object src/server/scripts/CMakeFiles/scripts.dir/Commands/cs_cast.cpp.o
#25 891.5 [581/1834] Linking CXX static library src/server/game/libgame.a
#25 893.4 [582/1834] Building CXX object src/server/scripts/CMakeFiles/scripts.dir/Commands/cs_chatfilter.cpp.o
#25 894.6 [583/1834] Building CXX object src/server/scripts/CMakeFiles/scripts.dir/Commands/cs_cheat.cpp.o
#25 898.2 [584/1834] Building CXX object src/server/scripts/CMakeFiles/scripts.dir/Commands/cs_deserter.cpp.o
#25 899.3 [585/1834] Building CXX object src/server/scripts/CMakeFiles/scripts.dir/Commands/cs_event.cpp.o
#25 899.8 [586/1834] Building CXX object src/server/scripts/CMakeFiles/scripts.dir/Commands/cs_disable.cpp.o
#25 901.6 [587/1834] Building CXX object src/server/scripts/CMakeFiles/scripts.dir/Commands/cs_character.cpp.o
#25 903.1 [588/1834] Building CXX object src/server/scripts/CMakeFiles/scripts.dir/Commands/cs_gear.cpp.o
#25 904.4 [589/1834] Building CXX object src/server/scripts/CMakeFiles/scripts.dir/Commands/cs_gm.cpp.o
#25 909.3 [590/1834] Building CXX object src/server/scripts/CMakeFiles/scripts.dir/Commands/cs_group.cpp.o
#25 912.5 [591/1834] Building CXX object src/server/scripts/CMakeFiles/scripts.dir/Commands/cs_guild.cpp.o
#25 913.6 [592/1834] Building CXX object src/server/scripts/CMakeFiles/scripts.dir/Commands/cs_honor.cpp.o
#25 915.2 [593/1834] Building CXX object src/server/scripts/CMakeFiles/scripts.dir/Commands/cs_gobject.cpp.o
#25 918.5 [594/1834] Building CXX object src/server/scripts/CMakeFiles/scripts.dir/Commands/cs_inventory.cpp.o
#25 919.8 [595/1834] Building CXX object src/server/scripts/CMakeFiles/scripts.dir/Commands/cs_debug.cpp.o
#25 919.9 [596/1834] Building CXX object src/server/scripts/CMakeFiles/scripts.dir/Commands/cs_instance.cpp.o
#25 921.5 [597/1834] Building CXX object src/server/scripts/CMakeFiles/scripts.dir/Commands/cs_item.cpp.o
#25 923.7 [598/1834] Building CXX object src/server/scripts/CMakeFiles/scripts.dir/Commands/cs_go.cpp.o
#25 924.6 [599/1834] Building CXX object src/server/scripts/CMakeFiles/scripts.dir/Commands/cs_learn.cpp.o
#25 925.8 [600/1834] Building CXX object src/server/scripts/CMakeFiles/scripts.dir/Commands/cs_lfg.cpp.o
#25 930.6 [601/1834] Building CXX object src/server/scripts/CMakeFiles/scripts.dir/Commands/cs_list.cpp.o
#25 930.7 [602/1834] Building CXX object src/server/scripts/CMakeFiles/scripts.dir/Commands/cs_message.cpp.o
#25 931.9 [603/1834] Building CXX object src/server/scripts/CMakeFiles/scripts.dir/Commands/cs_lookup.cpp.o
#25 932.2 [604/1834] Building CXX object src/server/scripts/CMakeFiles/scripts.dir/Commands/cs_mail.cpp.o
#25 936.6 [605/1834] Building CXX object src/server/scripts/CMakeFiles/scripts.dir/Commands/cs_mmaps.cpp.o
#25 938.5 [606/1834] Building CXX object src/server/scripts/CMakeFiles/scripts.dir/Commands/cs_pet.cpp.o
#25 941.0 [607/1834] Building CXX object src/server/scripts/CMakeFiles/scripts.dir/Commands/cs_player.cpp.o
#25 941.6 [608/1834] Building CXX object src/server/scripts/CMakeFiles/scripts.dir/Commands/cs_modify.cpp.o
#25 942.7 [609/1834] Building CXX object src/server/scripts/CMakeFiles/scripts.dir/Commands/cs_player_settings.cpp.o
#25 946.9 [610/1834] Building CXX object src/server/scripts/CMakeFiles/scripts.dir/Commands/cs_pool.cpp.o
#25 948.3 [611/1834] Building CXX object src/server/scripts/CMakeFiles/scripts.dir/Commands/cs_npc.cpp.o
#25 949.7 [612/1834] Building CXX object src/server/scripts/CMakeFiles/scripts.dir/Commands/cs_quest.cpp.o
#25 951.3 [613/1834] Building CXX object src/server/scripts/CMakeFiles/scripts.dir/Commands/cs_misc.cpp.o
#25 953.0 [614/1834] Building CXX object src/server/scripts/CMakeFiles/scripts.dir/Commands/cs_pooltools.cpp.o
#25 953.7 [615/1834] Building CXX object src/server/scripts/CMakeFiles/scripts.dir/Commands/cs_rbac.cpp.o
#25 953.9 [616/1834] Building CXX object src/server/scripts/CMakeFiles/scripts.dir/Commands/cs_script_loader.cpp.o
#25 957.1 [617/1834] Building CXX object src/server/scripts/CMakeFiles/scripts.dir/Commands/cs_reset.cpp.o
#25 958.7 [618/1834] Building CXX object src/server/scripts/CMakeFiles/scripts.dir/Commands/cs_spectator.cpp.o
#25 959.8 [619/1834] Building CXX object src/server/scripts/CMakeFiles/scripts.dir/Commands/cs_send.cpp.o
#25 960.3 [620/1834] Building CXX object src/server/scripts/CMakeFiles/scripts.dir/Commands/cs_reload.cpp.o
#25 961.7 [621/1834] Building CXX object src/server/scripts/CMakeFiles/scripts.dir/Commands/cs_spellinfo.cpp.o
#25 963.1 [622/1834] Building CXX object src/server/scripts/CMakeFiles/scripts.dir/Commands/cs_server.cpp.o
#25 965.3 [623/1834] Building CXX object src/server/scripts/CMakeFiles/scripts.dir/Commands/cs_titles.cpp.o
#25 966.4 [624/1834] Building CXX object src/server/scripts/CMakeFiles/scripts.dir/Commands/cs_ticket.cpp.o
#25 967.3 [625/1834] Building CXX object src/server/scripts/CMakeFiles/scripts.dir/Commands/cs_tele.cpp.o
#25 967.3 [626/1834] Building CXX object src/server/scripts/CMakeFiles/scripts.dir/Commands/cs_worldstate.cpp.o
#25 967.4 [627/1834] Building CXX object src/server/scripts/CMakeFiles/scripts.dir/Custom/custom_script_loader.cpp.o
#25 968.6 [628/1834] Building CXX object src/server/scripts/CMakeFiles/scripts.dir/EasternKingdoms/eastern_kingdoms_script_loader.cpp.o
#25 970.0 [629/1834] Building CXX object src/server/scripts/CMakeFiles/scripts.dir/Commands/cs_wp.cpp.o
#25 970.9 [630/1834] Building CXX object src/server/scripts/CMakeFiles/scripts.dir/EasternKingdoms/zone_blasted_lands.cpp.o
#25 971.7 [631/1834] Building CXX object src/server/scripts/CMakeFiles/scripts.dir/EasternKingdoms/zone_duskwood.cpp.o
#25 971.8 [632/1834] Building CXX object src/server/scripts/CMakeFiles/scripts.dir/EasternKingdoms/zone_arathi_highlands.cpp.o
#25 972.2 [633/1834] Building CXX object src/server/scripts/CMakeFiles/scripts.dir/EasternKingdoms/zone_eastern_plaguelands.cpp.o
#25 974.0 [634/1834] Building CXX object src/server/scripts/CMakeFiles/scripts.dir/EasternKingdoms/zone_eversong_woods.cpp.o
#25 974.9 [635/1834] Building CXX object src/server/scripts/CMakeFiles/scripts.dir/EasternKingdoms/zone_elwynn_forest.cpp.o
#25 975.8 [636/1834] Building CXX object src/server/scripts/CMakeFiles/scripts.dir/EasternKingdoms/zone_ironforge.cpp.o
#25 976.5 [637/1834] Building CXX object src/server/scripts/CMakeFiles/scripts.dir/EasternKingdoms/zone_hinterlands.cpp.o
#25 976.9 [638/1834] Building CXX object src/server/scripts/CMakeFiles/scripts.dir/EasternKingdoms/zone_ghostlands.cpp.o
#25 979.8 [639/1834] Building CXX object src/server/scripts/CMakeFiles/scripts.dir/EasternKingdoms/zone_redridge_mountains.cpp.o
#25 979.9 [640/1834] Building CXX object src/server/scripts/CMakeFiles/scripts.dir/EasternKingdoms/zone_isle_of_queldanas.cpp.o
#25 981.1 [641/1834] Building CXX object src/server/scripts/CMakeFiles/scripts.dir/EasternKingdoms/zone_silverpine_forest.cpp.o
#25 981.3 [642/1834] Building CXX object src/server/scripts/CMakeFiles/scripts.dir/EasternKingdoms/zone_stormwind_city.cpp.o
#25 982.8 [643/1834] Building CXX object src/server/scripts/CMakeFiles/scripts.dir/EasternKingdoms/zone_western_plaguelands.cpp.o
#25 985.8 [644/1834] Building CXX object src/server/scripts/CMakeFiles/scripts.dir/EasternKingdoms/zone_westfall.cpp.o
#25 986.3 [645/1834] Building CXX object src/server/scripts/CMakeFiles/scripts.dir/EasternKingdoms/zone_wetlands.cpp.o
#25 987.2 [646/1834] Building CXX object src/server/scripts/CMakeFiles/scripts.dir/EasternKingdoms/zone_the_scarlet_enclave.cpp.o
#25 987.5 [647/1834] Building CXX object src/server/scripts/CMakeFiles/scripts.dir/EasternKingdoms/zone_undercity.cpp.o
#25 988.1 [648/1834] Building CXX object src/server/scripts/CMakeFiles/scripts.dir/EasternKingdoms/AlteracValley/alterac_valley.cpp.o
#25 989.7 [649/1834] Building CXX object src/server/scripts/CMakeFiles/scripts.dir/EasternKingdoms/AlteracValley/boss_balinda.cpp.o
#25 990.1 [650/1834] Building CXX object src/server/scripts/CMakeFiles/scripts.dir/EasternKingdoms/AlteracValley/boss_galvangar.cpp.o
#25 991.4 [651/1834] Building CXX object src/server/scripts/CMakeFiles/scripts.dir/EasternKingdoms/AlteracValley/boss_drekthar.cpp.o
#25 992.7 [652/1834] Building CXX object src/server/scripts/CMakeFiles/scripts.dir/EasternKingdoms/AlteracValley/boss_vanndar.cpp.o
#25 992.9 [653/1834] Building CXX object src/server/scripts/CMakeFiles/scripts.dir/EasternKingdoms/BlackrockMountain/BlackrockDepths/boss_anubshiah.cpp.o
#25 993.4 [654/1834] Building CXX object src/server/scripts/CMakeFiles/scripts.dir/EasternKingdoms/BlackrockMountain/BlackrockDepths/boss_ambassador_flamelash.cpp.o
#25 994.1 [655/1834] Building CXX object src/server/scripts/CMakeFiles/scripts.dir/EasternKingdoms/BlackrockMountain/BlackrockDepths/blackrock_depths.cpp.o
#25 994.6 [656/1834] Building CXX object src/server/scripts/CMakeFiles/scripts.dir/EasternKingdoms/BlackrockMountain/BlackrockDepths/boss_emperor_dagran_thaurissan.cpp.o
#25 995.7 [657/1834] Building CXX object src/server/scripts/CMakeFiles/scripts.dir/EasternKingdoms/BlackrockMountain/BlackrockDepths/boss_eviscerator.cpp.o
#25 995.8 [658/1834] Building CXX object src/server/scripts/CMakeFiles/scripts.dir/EasternKingdoms/BlackrockMountain/BlackrockDepths/boss_general_angerforge.cpp.o
#25 996.2 [659/1834] Building CXX object src/server/scripts/CMakeFiles/scripts.dir/EasternKingdoms/BlackrockMountain/BlackrockDepths/boss_gorosh_the_dervish.cpp.o
#25 997.3 [660/1834] Building CXX object src/server/scripts/CMakeFiles/scripts.dir/EasternKingdoms/BlackrockMountain/BlackrockDepths/boss_grizzle.cpp.o
#25 997.9 [661/1834] Building CXX object src/server/scripts/CMakeFiles/scripts.dir/EasternKingdoms/BlackrockMountain/BlackrockDepths/boss_hedrum.cpp.o
#25 998.8 [662/1834] Building CXX object src/server/scripts/CMakeFiles/scripts.dir/EasternKingdoms/BlackrockMountain/BlackrockDepths/boss_high_interrogator_gerstahn.cpp.o
#25 998.8 [663/1834] Building CXX object src/server/scripts/CMakeFiles/scripts.dir/EasternKingdoms/BlackrockMountain/BlackrockDepths/boss_magmus.cpp.o
#25 999.8 [664/1834] Building CXX object src/server/scripts/CMakeFiles/scripts.dir/EasternKingdoms/BlackrockMountain/BlackrockDepths/boss_moira_bronzebeard.cpp.o
#25 1000.4 [665/1834] Building CXX object src/server/scripts/CMakeFiles/scripts.dir/EasternKingdoms/BlackrockMountain/BlackrockDepths/boss_okthor.cpp.o
#25 1001.1 [666/1834] Building CXX object src/server/scripts/CMakeFiles/scripts.dir/EasternKingdoms/BlackrockMountain/BlackrockDepths/boss_tomb_of_seven.cpp.o
#25 1002.1 [667/1834] Building CXX object src/server/scripts/CMakeFiles/scripts.dir/EasternKingdoms/BlackrockMountain/BlackrockSpire/boss_drakkisath.cpp.o
#25 1003.6 [668/1834] Building CXX object src/server/scripts/CMakeFiles/scripts.dir/EasternKingdoms/BlackrockMountain/BlackrockSpire/boss_halycon.cpp.o
#25 1004.1 [669/1834] Building CXX object src/server/scripts/CMakeFiles/scripts.dir/EasternKingdoms/BlackrockMountain/BlackrockDepths/instance_blackrock_depths.cpp.o
#25 1004.2 [670/1834] Building CXX object src/server/scripts/CMakeFiles/scripts.dir/EasternKingdoms/BlackrockMountain/BlackrockSpire/boss_highlord_omokk.cpp.o
#25 1004.4 [671/1834] Building CXX object src/server/scripts/CMakeFiles/scripts.dir/EasternKingdoms/BlackrockMountain/BlackrockSpire/boss_gyth.cpp.o
#25 1005.4 [672/1834] Building CXX object src/server/scripts/CMakeFiles/scripts.dir/EasternKingdoms/BlackrockMountain/BlackrockSpire/boss_lord_valthalak.cpp.o
#25 1007.5 [673/1834] Building CXX object src/server/scripts/CMakeFiles/scripts.dir/EasternKingdoms/BlackrockMountain/BlackrockSpire/boss_overlord_wyrmthalak.cpp.o
#25 1007.6 [674/1834] Building CXX object src/server/scripts/CMakeFiles/scripts.dir/EasternKingdoms/BlackrockMountain/BlackrockSpire/boss_quartermaster_zigris.cpp.o
#25 1008.4 [675/1834] Building CXX object src/server/scripts/CMakeFiles/scripts.dir/EasternKingdoms/BlackrockMountain/BlackrockSpire/boss_pyroguard_emberseer.cpp.o
#25 1008.6 [676/1834] Building CXX object src/server/scripts/CMakeFiles/scripts.dir/EasternKingdoms/BlackrockMountain/BlackrockSpire/boss_mor_grayhoof.cpp.o
#25 1008.7 [677/1834] Building CXX object src/server/scripts/CMakeFiles/scripts.dir/EasternKingdoms/BlackrockMountain/BlackrockSpire/boss_rend_blackhand.cpp.o
#25 1011.4 [678/1834] Building CXX object src/server/scripts/CMakeFiles/scripts.dir/EasternKingdoms/BlackrockMountain/BlackrockSpire/boss_the_beast.cpp.o
#25 1011.6 [679/1834] Building CXX object src/server/scripts/CMakeFiles/scripts.dir/EasternKingdoms/BlackrockMountain/BlackrockSpire/boss_urok_doomhowl.cpp.o
#25 1011.7 [680/1834] Building CXX object src/server/scripts/CMakeFiles/scripts.dir/EasternKingdoms/BlackrockMountain/BlackrockSpire/boss_solakar_flamewreath.cpp.o
#25 1011.9 [681/1834] Building CXX object src/server/scripts/CMakeFiles/scripts.dir/EasternKingdoms/BlackrockMountain/BlackrockSpire/boss_warmaster_voone.cpp.o
#25 1014.4 [682/1834] Building CXX object src/server/scripts/CMakeFiles/scripts.dir/EasternKingdoms/BlackrockMountain/BlackrockSpire/instance_blackrock_spire.cpp.o
#25 1014.8 [683/1834] Building CXX object src/server/scripts/CMakeFiles/scripts.dir/EasternKingdoms/BlackrockMountain/BlackwingLair/boss_ebonroc.cpp.o
#25 1015.6 [684/1834] Building CXX object src/server/scripts/CMakeFiles/scripts.dir/EasternKingdoms/BlackrockMountain/BlackwingLair/boss_firemaw.cpp.o
#25 1016.3 [685/1834] Building CXX object src/server/scripts/CMakeFiles/scripts.dir/EasternKingdoms/BlackrockMountain/BlackwingLair/boss_broodlord_lashlayer.cpp.o
#25 1017.1 [686/1834] Building CXX object src/server/scripts/CMakeFiles/scripts.dir/EasternKingdoms/BlackrockMountain/BlackwingLair/boss_chromaggus.cpp.o
#25 1017.6 [687/1834] Building CXX object src/server/scripts/CMakeFiles/scripts.dir/EasternKingdoms/BlackrockMountain/BlackwingLair/boss_flamegor.cpp.o
#25 1020.2 [688/1834] Building CXX object src/server/scripts/CMakeFiles/scripts.dir/EasternKingdoms/BlackrockMountain/BlackwingLair/boss_razorgore.cpp.o
#25 1021.6 [689/1834] Building CXX object src/server/scripts/CMakeFiles/scripts.dir/EasternKingdoms/BlackrockMountain/BlackwingLair/boss_vaelastrasz.cpp.o
#25 1022.1 [690/1834] Building CXX object src/server/scripts/CMakeFiles/scripts.dir/EasternKingdoms/BlackrockMountain/MoltenCore/boss_baron_geddon.cpp.o
#25 1022.4 [691/1834] Building CXX object src/server/scripts/CMakeFiles/scripts.dir/EasternKingdoms/BlackrockMountain/BlackwingLair/instance_blackwing_lair.cpp.o
#25 1024.8 [692/1834] Building CXX object src/server/scripts/CMakeFiles/scripts.dir/EasternKingdoms/BlackrockMountain/MoltenCore/boss_gehennas.cpp.o
#25 1024.9 [693/1834] Building CXX object src/server/scripts/CMakeFiles/scripts.dir/EasternKingdoms/BlackrockMountain/BlackwingLair/boss_nefarian.cpp.o
#25 1025.2 [694/1834] Building CXX object src/server/scripts/CMakeFiles/scripts.dir/EasternKingdoms/BlackrockMountain/MoltenCore/boss_golemagg.cpp.o
#25 1025.3 [695/1834] Building CXX object src/server/scripts/CMakeFiles/scripts.dir/EasternKingdoms/BlackrockMountain/MoltenCore/boss_lucifron.cpp.o
#25 1025.4 [696/1834] Building CXX object src/server/scripts/CMakeFiles/scripts.dir/EasternKingdoms/BlackrockMountain/MoltenCore/boss_garr.cpp.o
#25 1029.1 [697/1834] Building CXX object src/server/scripts/CMakeFiles/scripts.dir/EasternKingdoms/BlackrockMountain/MoltenCore/boss_sulfuron_harbinger.cpp.o
#25 1029.1 [698/1834] Building CXX object src/server/scripts/CMakeFiles/scripts.dir/EasternKingdoms/BlackrockMountain/MoltenCore/boss_magmadar.cpp.o
#25 1029.8 [699/1834] Building CXX object src/server/scripts/CMakeFiles/scripts.dir/EasternKingdoms/BlackrockMountain/MoltenCore/boss_shazzrah.cpp.o
#25 1030.4 [700/1834] Building CXX object src/server/scripts/CMakeFiles/scripts.dir/EasternKingdoms/BlackrockMountain/MoltenCore/boss_ragnaros.cpp.o
#25 1031.3 [701/1834] Building CXX object src/server/scripts/CMakeFiles/scripts.dir/EasternKingdoms/BlackrockMountain/MoltenCore/boss_majordomo_executus.cpp.o
#25 1033.2 [702/1834] Building CXX object src/server/scripts/CMakeFiles/scripts.dir/EasternKingdoms/Deadmines/boss_mr_smite.cpp.o
#25 1034.2 [703/1834] Building CXX object src/server/scripts/CMakeFiles/scripts.dir/EasternKingdoms/Deadmines/instance_deadmines.cpp.o
#25 1034.3 [704/1834] Building CXX object src/server/scripts/CMakeFiles/scripts.dir/EasternKingdoms/BlackrockMountain/MoltenCore/molten_core.cpp.o
#25 1034.6 [705/1834] Building CXX object src/server/scripts/CMakeFiles/scripts.dir/EasternKingdoms/BlackrockMountain/MoltenCore/instance_molten_core.cpp.o
#25 1036.2 [706/1834] Building CXX object src/server/scripts/CMakeFiles/scripts.dir/EasternKingdoms/Gnomeregan/instance_gnomeregan.cpp.o
#25 1038.4 [707/1834] Building CXX object src/server/scripts/CMakeFiles/scripts.dir/EasternKingdoms/Karazhan/boss_maiden_of_virtue.cpp.o
#25 1038.6 [708/1834] Building CXX object src/server/scripts/CMakeFiles/scripts.dir/EasternKingdoms/Karazhan/boss_curator.cpp.o
#25 1039.7 [709/1834] Building CXX object src/server/scripts/CMakeFiles/scripts.dir/EasternKingdoms/Karazhan/boss_chess_event.cpp.o
#25 1040.6 [710/1834] Building CXX object src/server/scripts/CMakeFiles/scripts.dir/EasternKingdoms/Karazhan/boss_midnight.cpp.o
#25 1041.8 [711/1834] Building CXX object src/server/scripts/CMakeFiles/scripts.dir/EasternKingdoms/Karazhan/boss_moroes.cpp.o
#25 1044.4 [712/1834] Building CXX object src/server/scripts/CMakeFiles/scripts.dir/EasternKingdoms/Karazhan/boss_netherspite.cpp.o
#25 1045.6 [713/1834] Building CXX object src/server/scripts/CMakeFiles/scripts.dir/EasternKingdoms/Karazhan/boss_nightbane.cpp.o
#25 1046.0 [714/1834] Building CXX object src/server/scripts/CMakeFiles/scripts.dir/EasternKingdoms/Karazhan/boss_prince_malchezaar.cpp.o
#25 1046.3 [715/1834] Building CXX object src/server/scripts/CMakeFiles/scripts.dir/EasternKingdoms/Karazhan/boss_servant_quarters.cpp.o
#25 1049.7 [716/1834] Building CXX object src/server/scripts/CMakeFiles/scripts.dir/EasternKingdoms/Karazhan/boss_shade_of_aran.cpp.o
#25 1049.9 [717/1834] Building CXX object src/server/scripts/CMakeFiles/scripts.dir/EasternKingdoms/Karazhan/boss_tenris_mirkblood.cpp.o
#25 1050.3 [718/1834] Building CXX object src/server/scripts/CMakeFiles/scripts.dir/EasternKingdoms/Karazhan/boss_terestian_illhoof.cpp.o
#25 1052.8 [719/1834] Building CXX object src/server/scripts/CMakeFiles/scripts.dir/EasternKingdoms/Karazhan/instance_karazhan.cpp.o
#25 1052.9 [720/1834] Building CXX object src/server/scripts/CMakeFiles/scripts.dir/EasternKingdoms/Karazhan/bosses_opera.cpp.o
#25 1055.5 [721/1834] Building CXX object src/server/scripts/CMakeFiles/scripts.dir/EasternKingdoms/MagistersTerrace/boss_felblood_kaelthas.cpp.o
#25 1056.1 [722/1834] Building CXX object src/server/scripts/CMakeFiles/scripts.dir/EasternKingdoms/Karazhan/karazhan.cpp.o
#25 1057.7 [723/1834] Building CXX object src/server/scripts/CMakeFiles/scripts.dir/EasternKingdoms/MagistersTerrace/boss_selin_fireheart.cpp.o
#25 1057.9 [724/1834] Building CXX object src/server/scripts/CMakeFiles/scripts.dir/EasternKingdoms/MagistersTerrace/boss_priestess_delrissa.cpp.o
#25 1058.0 [725/1834] Building CXX object src/server/scripts/CMakeFiles/scripts.dir/EasternKingdoms/MagistersTerrace/boss_vexallus.cpp.o
#25 1059.8 [726/1834] Building CXX object src/server/scripts/CMakeFiles/scripts.dir/EasternKingdoms/MagistersTerrace/instance_magisters_terrace.cpp.o
#25 1061.1 [727/1834] Building CXX object src/server/scripts/CMakeFiles/scripts.dir/EasternKingdoms/ScarletMonastery/instance_scarlet_monastery.cpp.o
#25 1061.1 [728/1834] Building CXX object src/server/scripts/CMakeFiles/scripts.dir/EasternKingdoms/Scholomance/boss_darkmaster_gandling.cpp.o
#25 1061.7 [729/1834] Building CXX object src/server/scripts/CMakeFiles/scripts.dir/EasternKingdoms/Scholomance/boss_kirtonos_the_herald.cpp.o
#25 1063.2 [730/1834] Building CXX object src/server/scripts/CMakeFiles/scripts.dir/EasternKingdoms/Scholomance/boss_kormok.cpp.o
#25 1065.5 [731/1834] Building CXX object src/server/scripts/CMakeFiles/scripts.dir/EasternKingdoms/Scholomance/instance_scholomance.cpp.o
#25 1066.2 [732/1834] Building CXX object src/server/scripts/CMakeFiles/scripts.dir/EasternKingdoms/Stratholme/boss_baroness_anastari.cpp.o
#25 1066.5 [733/1834] Building CXX object src/server/scripts/CMakeFiles/scripts.dir/EasternKingdoms/ShadowfangKeep/instance_shadowfang_keep.cpp.o
#25 1069.1 [734/1834] Building CXX object src/server/scripts/CMakeFiles/scripts.dir/EasternKingdoms/Stratholme/boss_jarien_and_sothos.cpp.o
#25 1069.7 [735/1834] Building CXX object src/server/scripts/CMakeFiles/scripts.dir/EasternKingdoms/ShadowfangKeep/boss_apothecary_hummel.cpp.o
#25 1069.8 [736/1834] Building CXX object src/server/scripts/CMakeFiles/scripts.dir/EasternKingdoms/Stratholme/instance_stratholme.cpp.o
#25 1071.9 [737/1834] Building CXX object src/server/scripts/CMakeFiles/scripts.dir/EasternKingdoms/SunkenTemple/instance_sunken_temple.cpp.o
#25 1072.0 [738/1834] Building CXX object src/server/scripts/CMakeFiles/scripts.dir/EasternKingdoms/SunwellPlateau/boss_brutallus.cpp.o
#25 1076.3 [739/1834] Building CXX object src/server/scripts/CMakeFiles/scripts.dir/EasternKingdoms/SunwellPlateau/boss_eredar_twins.cpp.o
#25 1076.3 [740/1834] Building CXX object src/server/scripts/CMakeFiles/scripts.dir/EasternKingdoms/SunwellPlateau/boss_felmyst.cpp.o
#25 1076.9 [741/1834] Building CXX object src/server/scripts/CMakeFiles/scripts.dir/EasternKingdoms/SunwellPlateau/boss_kalecgos.cpp.o
#25 1079.4 [742/1834] Building CXX object src/server/scripts/CMakeFiles/scripts.dir/EasternKingdoms/SunwellPlateau/boss_muru.cpp.o
#25 1079.8 [743/1834] Building CXX object src/server/scripts/CMakeFiles/scripts.dir/EasternKingdoms/TheStockade/instance_the_stockade.cpp.o
#25 1082.2 [744/1834] Building CXX object src/server/scripts/CMakeFiles/scripts.dir/EasternKingdoms/SunwellPlateau/boss_kiljaeden.cpp.o
#25 1082.6 [745/1834] Building CXX object src/server/scripts/CMakeFiles/scripts.dir/EasternKingdoms/Uldaman/instance_uldaman.cpp.o
#25 1083.7 [746/1834] Building CXX object src/server/scripts/CMakeFiles/scripts.dir/EasternKingdoms/SunwellPlateau/instance_sunwell_plateau.cpp.o
#25 1084.4 [747/1834] Building CXX object src/server/scripts/CMakeFiles/scripts.dir/EasternKingdoms/ZulAman/boss_halazzi.cpp.o
#25 1085.8 [748/1834] Building CXX object src/server/scripts/CMakeFiles/scripts.dir/EasternKingdoms/ZulAman/boss_akilzon.cpp.o
#25 1088.4 [749/1834] Building CXX object src/server/scripts/CMakeFiles/scripts.dir/EasternKingdoms/ZulAman/boss_hexlord.cpp.o
#25 1088.5 [750/1834] Building CXX object src/server/scripts/CMakeFiles/scripts.dir/EasternKingdoms/ZulAman/boss_janalai.cpp.o
#25 1089.9 [751/1834] Building CXX object src/server/scripts/CMakeFiles/scripts.dir/EasternKingdoms/ZulAman/boss_nalorakk.cpp.o
#25 1090.3 [752/1834] Building CXX object src/server/scripts/CMakeFiles/scripts.dir/EasternKingdoms/ZulAman/boss_zuljin.cpp.o
#25 1091.5 [753/1834] Building CXX object src/server/scripts/CMakeFiles/scripts.dir/EasternKingdoms/ZulAman/instance_zulaman.cpp.o
#25 1092.2 [754/1834] Building CXX object src/server/scripts/CMakeFiles/scripts.dir/EasternKingdoms/ZulGurub/boss_arlokk.cpp.o
#25 1094.1 [755/1834] Building CXX object src/server/scripts/CMakeFiles/scripts.dir/EasternKingdoms/ZulGurub/boss_grilek.cpp.o
#25 1094.6 [756/1834] Building CXX object src/server/scripts/CMakeFiles/scripts.dir/EasternKingdoms/ZulGurub/boss_gahzranka.cpp.o
#25 1095.7 [757/1834] Building CXX object src/server/scripts/CMakeFiles/scripts.dir/EasternKingdoms/ZulAman/zulaman.cpp.o
#25 1097.1 [758/1834] Building CXX object src/server/scripts/CMakeFiles/scripts.dir/EasternKingdoms/ZulGurub/boss_hazzarah.cpp.o
#25 1097.1 [759/1834] Building CXX object src/server/scripts/CMakeFiles/scripts.dir/EasternKingdoms/ZulGurub/boss_hakkar.cpp.o
#25 1100.3 [760/1834] Building CXX object src/server/scripts/CMakeFiles/scripts.dir/EasternKingdoms/ZulGurub/boss_jindo.cpp.o
#25 1101.0 [761/1834] Building CXX object src/server/scripts/CMakeFiles/scripts.dir/EasternKingdoms/ZulGurub/boss_jeklik.cpp.o
#25 1101.6 [762/1834] Building CXX object src/server/scripts/CMakeFiles/scripts.dir/EasternKingdoms/ZulGurub/boss_renataki.cpp.o
#25 1102.8 [763/1834] Building CXX object src/server/scripts/CMakeFiles/scripts.dir/EasternKingdoms/ZulGurub/boss_mandokir.cpp.o
#25 1104.2 [764/1834] Building CXX object src/server/scripts/CMakeFiles/scripts.dir/EasternKingdoms/ZulGurub/boss_marli.cpp.o
#25 1104.6 [765/1834] Building CXX object src/server/scripts/CMakeFiles/scripts.dir/EasternKingdoms/ZulGurub/boss_wushoolay.cpp.o
#25 1106.1 [766/1834] Building CXX object src/server/scripts/CMakeFiles/scripts.dir/EasternKingdoms/ZulGurub/boss_venoxis.cpp.o
#25 1106.4 [767/1834] Building CXX object src/server/scripts/CMakeFiles/scripts.dir/EasternKingdoms/ZulGurub/boss_thekal.cpp.o
#25 1107.5 [768/1834] Building CXX object src/server/scripts/CMakeFiles/scripts.dir/EasternKingdoms/ZulGurub/instance_zulgurub.cpp.o
#25 1107.6 [769/1834] Building CXX object src/server/scripts/CMakeFiles/scripts.dir/EasternKingdoms/ZulGurub/zulgurub.cpp.o
#25 1108.6 [770/1834] Building CXX object src/server/scripts/CMakeFiles/scripts.dir/Events/events_script_loader.cpp.o
#25 1109.6 [771/1834] Building CXX object src/server/scripts/CMakeFiles/scripts.dir/Events/childrens_week.cpp.o
#25 1113.4 [772/1834] Building CXX object src/server/scripts/CMakeFiles/scripts.dir/Events/love_in_air.cpp.o
#25 1113.9 [773/1834] Building CXX object src/server/scripts/CMakeFiles/scripts.dir/Events/noblegarden.cpp.o
#25 1115.5 [774/1834] Building CXX object src/server/scripts/CMakeFiles/scripts.dir/Events/brewfest.cpp.o
#25 1116.9 [775/1834] Building CXX object src/server/scripts/CMakeFiles/scripts.dir/Events/hallows_end.cpp.o
#25 1118.0 [776/1834] Building CXX object src/server/scripts/CMakeFiles/scripts.dir/Events/winter_veil.cpp.o
#25 1118.7 [777/1834] Building CXX object src/server/scripts/CMakeFiles/scripts.dir/Events/midsummer.cpp.o
#25 1118.9 [778/1834] Building CXX object src/server/scripts/CMakeFiles/scripts.dir/Events/pilgrims_bounty.cpp.o
#25 1120.1 [779/1834] Building CXX object src/server/scripts/CMakeFiles/scripts.dir/Kalimdor/kalimdor_script_loader.cpp.o
#25 1121.0 [780/1834] Building CXX object src/server/scripts/CMakeFiles/scripts.dir/Events/firework_show/firework_show.cpp.o
#25 1121.9 [781/1834] Building CXX object src/server/scripts/CMakeFiles/scripts.dir/Kalimdor/boss_azuregos.cpp.o
#25 1123.2 [782/1834] Building CXX object src/server/scripts/CMakeFiles/scripts.dir/Kalimdor/zone_bloodmyst_isle.cpp.o
#25 1123.5 [783/1834] Building CXX object src/server/scripts/CMakeFiles/scripts.dir/Kalimdor/zone_ashenvale.cpp.o
#25 1125.1 [784/1834] Building CXX object src/server/scripts/CMakeFiles/scripts.dir/Kalimdor/zone_azuremyst_isle.cpp.o
#25 1126.5 [785/1834] Building CXX object src/server/scripts/CMakeFiles/scripts.dir/Kalimdor/zone_darkshore.cpp.o
#25 1127.2 [786/1834] Building CXX object src/server/scripts/CMakeFiles/scripts.dir/Kalimdor/zone_dustwallow_marsh.cpp.o
#25 1127.3 [787/1834] Building CXX object src/server/scripts/CMakeFiles/scripts.dir/Kalimdor/zone_desolace.cpp.o
#25 1128.1 [788/1834] Building CXX object src/server/scripts/CMakeFiles/scripts.dir/Kalimdor/zone_felwood.cpp.o
#25 1128.5 [789/1834] Building CXX object src/server/scripts/CMakeFiles/scripts.dir/Kalimdor/zone_durotar.cpp.o
#25 1129.8 [790/1834] Building CXX object src/server/scripts/CMakeFiles/scripts.dir/Kalimdor/zone_feralas.cpp.o
#25 1132.3 [791/1834] Building CXX object src/server/scripts/CMakeFiles/scripts.dir/Kalimdor/zone_orgrimmar.cpp.o
#25 1132.6 [792/1834] Building CXX object src/server/scripts/CMakeFiles/scripts.dir/Kalimdor/zone_silithus.cpp.o
#25 1132.6 [793/1834] Building CXX object src/server/scripts/CMakeFiles/scripts.dir/Kalimdor/zone_moonglade.cpp.o
#25 1132.8 [794/1834] Building CXX object src/server/scripts/CMakeFiles/scripts.dir/Kalimdor/zone_stonetalon_mountains.cpp.o
#25 1134.9 [795/1834] Building CXX object src/server/scripts/CMakeFiles/scripts.dir/Kalimdor/zone_tanaris.cpp.o
#25 1135.0 [796/1834] Building CXX object src/server/scripts/CMakeFiles/scripts.dir/Kalimdor/zone_teldrassil.cpp.o
#25 1135.8 [797/1834] Building CXX object src/server/scripts/CMakeFiles/scripts.dir/Kalimdor/zone_thunder_bluff.cpp.o
#25 1137.7 [798/1834] Building CXX object src/server/scripts/CMakeFiles/scripts.dir/Kalimdor/zone_thousand_needles.cpp.o
#25 1137.9 [799/1834] Building CXX object src/server/scripts/CMakeFiles/scripts.dir/Kalimdor/zone_the_barrens.cpp.o
#25 1139.5 [800/1834] Building CXX object src/server/scripts/CMakeFiles/scripts.dir/Kalimdor/BlackfathomDeeps/instance_blackfathom_deeps.cpp.o
#25 1140.0 [801/1834] Building CXX object src/server/scripts/CMakeFiles/scripts.dir/Kalimdor/zone_ungoro_crater.cpp.o
#25 1140.5 [802/1834] Building CXX object src/server/scripts/CMakeFiles/scripts.dir/Kalimdor/zone_winterspring.cpp.o
#25 1143.6 [803/1834] Building CXX object src/server/scripts/CMakeFiles/scripts.dir/Kalimdor/CavernsOfTime/BattleForMountHyjal/boss_anetheron.cpp.o
#25 1145.0 [804/1834] Building CXX object src/server/scripts/CMakeFiles/scripts.dir/Kalimdor/CavernsOfTime/BattleForMountHyjal/boss_archimonde.cpp.o
#25 1145.4 [805/1834] Building CXX object src/server/scripts/CMakeFiles/scripts.dir/Kalimdor/CavernsOfTime/BattleForMountHyjal/boss_azgalor.cpp.o
#25 1145.5 [806/1834] Building CXX object src/server/scripts/CMakeFiles/scripts.dir/Kalimdor/CavernsOfTime/BattleForMountHyjal/boss_rage_winterchill.cpp.o
#25 1146.0 [807/1834] Building CXX object src/server/scripts/CMakeFiles/scripts.dir/Kalimdor/CavernsOfTime/BattleForMountHyjal/boss_kazrogal.cpp.o
#25 1148.8 [808/1834] Building CXX object src/server/scripts/CMakeFiles/scripts.dir/Kalimdor/CavernsOfTime/CullingOfStratholme/boss_epoch.cpp.o
#25 1149.0 [809/1834] Building CXX object src/server/scripts/CMakeFiles/scripts.dir/Kalimdor/CavernsOfTime/CullingOfStratholme/boss_mal_ganis.cpp.o
#25 1149.1 [810/1834] Building CXX object src/server/scripts/CMakeFiles/scripts.dir/Kalimdor/CavernsOfTime/CullingOfStratholme/boss_infinite.cpp.o
#25 1150.2 [811/1834] Building CXX object src/server/scripts/CMakeFiles/scripts.dir/Kalimdor/CavernsOfTime/BattleForMountHyjal/hyjal.cpp.o
#25 1150.9 [812/1834] Building CXX object src/server/scripts/CMakeFiles/scripts.dir/Kalimdor/CavernsOfTime/BattleForMountHyjal/instance_hyjal.cpp.o
#25 1152.0 [813/1834] Building CXX object src/server/scripts/CMakeFiles/scripts.dir/Kalimdor/CavernsOfTime/CullingOfStratholme/boss_meathook.cpp.o
#25 1153.7 [814/1834] Building CXX object src/server/scripts/CMakeFiles/scripts.dir/Kalimdor/CavernsOfTime/CullingOfStratholme/boss_salramm.cpp.o
#25 1155.0 [815/1834] Building CXX object src/server/scripts/CMakeFiles/scripts.dir/Kalimdor/CavernsOfTime/CullingOfStratholme/culling_of_stratholme.cpp.o
#25 1155.7 [816/1834] Building CXX object src/server/scripts/CMakeFiles/scripts.dir/Kalimdor/CavernsOfTime/CullingOfStratholme/instance_culling_of_stratholme.cpp.o
#25 1156.3 [817/1834] Building CXX object src/server/scripts/CMakeFiles/scripts.dir/Kalimdor/CavernsOfTime/EscapeFromDurnholdeKeep/boss_captain_skarloc.cpp.o
#25 1156.3 [818/1834] Building CXX object src/server/scripts/CMakeFiles/scripts.dir/Kalimdor/CavernsOfTime/EscapeFromDurnholdeKeep/boss_epoch_hunter.cpp.o
#25 1158.8 [819/1834] Building CXX object src/server/scripts/CMakeFiles/scripts.dir/Kalimdor/CavernsOfTime/EscapeFromDurnholdeKeep/boss_lieutenant_drake.cpp.o
#25 1159.5 [820/1834] Building CXX object src/server/scripts/CMakeFiles/scripts.dir/Kalimdor/CavernsOfTime/EscapeFromDurnholdeKeep/instance_old_hillsbrad.cpp.o
#25 1159.9 [821/1834] Building CXX object src/server/scripts/CMakeFiles/scripts.dir/Kalimdor/CavernsOfTime/TheBlackMorass/boss_chrono_lord_deja.cpp.o
#25 1160.2 [822/1834] Building CXX object src/server/scripts/CMakeFiles/scripts.dir/Kalimdor/CavernsOfTime/TheBlackMorass/boss_aeonus.cpp.o
#25 1161.3 [823/1834] Building CXX object src/server/scripts/CMakeFiles/scripts.dir/Kalimdor/CavernsOfTime/EscapeFromDurnholdeKeep/old_hillsbrad.cpp.o
#25 1162.6 [824/1834] Building CXX object src/server/scripts/CMakeFiles/scripts.dir/Kalimdor/CavernsOfTime/TheBlackMorass/boss_temporus.cpp.o
#25 1164.8 [825/1834] Building CXX object src/server/scripts/CMakeFiles/scripts.dir/Kalimdor/DireMaul/boss_isalien.cpp.o
#25 1165.5 [826/1834] Building CXX object src/server/scripts/CMakeFiles/scripts.dir/Kalimdor/DireMaul/instance_dire_maul.cpp.o
#25 1166.0 [827/1834] Building CXX object src/server/scripts/CMakeFiles/scripts.dir/Kalimdor/CavernsOfTime/TheBlackMorass/instance_the_black_morass.cpp.o
#25 1166.0 [828/1834] Building CXX object src/server/scripts/CMakeFiles/scripts.dir/Kalimdor/Maraudon/instance_maraudon.cpp.o
#25 1166.9 [829/1834] Building CXX object src/server/scripts/CMakeFiles/scripts.dir/Kalimdor/CavernsOfTime/TheBlackMorass/the_black_morass.cpp.o
#25 1168.7 [830/1834] Building CXX object src/server/scripts/CMakeFiles/scripts.dir/Kalimdor/OnyxiasLair/boss_onyxia.cpp.o
#25 1169.2 [831/1834] Building CXX object src/server/scripts/CMakeFiles/scripts.dir/Kalimdor/OnyxiasLair/instance_onyxias_lair.cpp.o
#25 1169.4 [832/1834] Building CXX object src/server/scripts/CMakeFiles/scripts.dir/Kalimdor/RagefireChasm/instance_ragefire_chasm.cpp.o
#25 1169.7 [833/1834] Building CXX object src/server/scripts/CMakeFiles/scripts.dir/Kalimdor/RazorfenDowns/instance_razorfen_downs.cpp.o
#25 1171.6 [834/1834] Building CXX object src/server/scripts/CMakeFiles/scripts.dir/Kalimdor/RazorfenDowns/razorfen_downs.cpp.o
#25 1172.4 [835/1834] Building CXX object src/server/scripts/CMakeFiles/scripts.dir/Kalimdor/RazorfenKraul/instance_razorfen_kraul.cpp.o
#25 1173.6 [836/1834] Building CXX object src/server/scripts/CMakeFiles/scripts.dir/Kalimdor/RuinsOfAhnQiraj/boss_buru.cpp.o
#25 1174.7 [837/1834] Building CXX object src/server/scripts/CMakeFiles/scripts.dir/Kalimdor/RuinsOfAhnQiraj/boss_ayamiss.cpp.o
#25 1175.2 [838/1834] Building CXX object src/server/scripts/CMakeFiles/scripts.dir/Kalimdor/RuinsOfAhnQiraj/boss_kurinnaxx.cpp.o
#25 1176.3 [839/1834] Building CXX object src/server/scripts/CMakeFiles/scripts.dir/Kalimdor/RuinsOfAhnQiraj/boss_moam.cpp.o
#25 1178.6 [840/1834] Building CXX object src/server/scripts/CMakeFiles/scripts.dir/Kalimdor/RuinsOfAhnQiraj/boss_ossirian.cpp.o
#25 1179.7 [841/1834] Building CXX object src/server/scripts/CMakeFiles/scripts.dir/Kalimdor/RuinsOfAhnQiraj/instance_ruins_of_ahnqiraj.cpp.o
#25 1180.4 [842/1834] Building CXX object src/server/scripts/CMakeFiles/scripts.dir/Kalimdor/RuinsOfAhnQiraj/ruins_of_ahnqiraj.cpp.o
#25 1180.4 [843/1834] Building CXX object src/server/scripts/CMakeFiles/scripts.dir/Kalimdor/RuinsOfAhnQiraj/boss_rajaxx.cpp.o
#25 1183.2 [844/1834] Building CXX object src/server/scripts/CMakeFiles/scripts.dir/Kalimdor/TempleOfAhnQiraj/boss_bug_trio.cpp.o
#25 1184.0 [845/1834] Building CXX object src/server/scripts/CMakeFiles/scripts.dir/Kalimdor/TempleOfAhnQiraj/boss_fankriss.cpp.o
#25 1185.6 [846/1834] Building CXX object src/server/scripts/CMakeFiles/scripts.dir/Kalimdor/TempleOfAhnQiraj/boss_huhuran.cpp.o
#25 1185.9 [847/1834] Building CXX object src/server/scripts/CMakeFiles/scripts.dir/Kalimdor/TempleOfAhnQiraj/boss_ouro.cpp.o
#25 1186.6 [848/1834] Building CXX object src/server/scripts/CMakeFiles/scripts.dir/Kalimdor/TempleOfAhnQiraj/boss_sartura.cpp.o
#25 1187.4 [849/1834] Building CXX object src/server/scripts/CMakeFiles/scripts.dir/Kalimdor/TempleOfAhnQiraj/boss_cthun.cpp.o
#25 1188.7 [850/1834] Building CXX object src/server/scripts/CMakeFiles/scripts.dir/Kalimdor/TempleOfAhnQiraj/boss_skeram.cpp.o
#25 1191.2 [851/1834] Building CXX object src/server/scripts/CMakeFiles/scripts.dir/Kalimdor/TempleOfAhnQiraj/instance_temple_of_ahnqiraj.cpp.o
#25 1191.7 [852/1834] Building CXX object src/server/scripts/CMakeFiles/scripts.dir/Kalimdor/TempleOfAhnQiraj/boss_viscidus.cpp.o
#25 1192.5 [853/1834] Building CXX object src/server/scripts/CMakeFiles/scripts.dir/Kalimdor/TempleOfAhnQiraj/boss_twinemperors.cpp.o
#25 1192.6 [854/1834] Building CXX object src/server/scripts/CMakeFiles/scripts.dir/Kalimdor/TempleOfAhnQiraj/mob_anubisath_sentinel.cpp.o
#25 1195.0 [855/1834] Building CXX object src/server/scripts/CMakeFiles/scripts.dir/Kalimdor/WailingCaverns/instance_wailing_caverns.cpp.o
#25 1197.0 [856/1834] Building CXX object src/server/scripts/CMakeFiles/scripts.dir/Kalimdor/TempleOfAhnQiraj/temple_of_ahnqiraj.cpp.o
#25 1197.2 [857/1834] Building CXX object src/server/scripts/CMakeFiles/scripts.dir/Northrend/northrend_script_loader.cpp.o
#25 1197.2 [858/1834] Building CXX object src/server/scripts/CMakeFiles/scripts.dir/Kalimdor/ZulFarrak/instance_zulfarrak.cpp.o
#25 1198.1 [859/1834] Building CXX object src/server/scripts/CMakeFiles/scripts.dir/Northrend/isle_of_conquest.cpp.o
#25 1198.5 [860/1834] Building CXX object src/server/scripts/CMakeFiles/scripts.dir/Kalimdor/ZulFarrak/zulfarrak.cpp.o
#25 1201.2 [861/1834] Building CXX object src/server/scripts/CMakeFiles/scripts.dir/Northrend/zone_crystalsong_forest.cpp.o
#25 1202.8 [862/1834] Building CXX object src/server/scripts/CMakeFiles/scripts.dir/Northrend/zone_dalaran.cpp.o
#25 1206.1 [863/1834] Building CXX object src/server/scripts/CMakeFiles/scripts.dir/Northrend/zone_borean_tundra.cpp.o
#25 1206.8 [864/1834] Building CXX object src/server/scripts/CMakeFiles/scripts.dir/Northrend/zone_grizzly_hills.cpp.o
#25 1207.2 [865/1834] Building CXX object src/server/scripts/CMakeFiles/scripts.dir/Northrend/zone_dragonblight.cpp.o
#25 1210.0 [866/1834] Building CXX object src/server/scripts/CMakeFiles/scripts.dir/Northrend/zone_howling_fjord.cpp.o
#25 1212.3 [867/1834] Building CXX object src/server/scripts/CMakeFiles/scripts.dir/Northrend/zone_icecrown.cpp.o
#25 1212.7 [868/1834] Building CXX object src/server/scripts/CMakeFiles/scripts.dir/Northrend/zone_sholazar_basin.cpp.o
#25 1215.0 [869/1834] Building CXX object src/server/scripts/CMakeFiles/scripts.dir/Northrend/zone_wintergrasp.cpp.o
#25 1216.3 [870/1834] Building CXX object src/server/scripts/CMakeFiles/scripts.dir/Northrend/zone_storm_peaks.cpp.o
#25 1217.9 [871/1834] Building CXX object src/server/scripts/CMakeFiles/scripts.dir/Northrend/zone_zuldrak.cpp.o
#25 1217.9 [872/1834] Building CXX object src/server/scripts/CMakeFiles/scripts.dir/Northrend/AzjolNerub/AzjolNerub/boss_anubarak.cpp.o
#25 1218.7 [873/1834] Building CXX object src/server/scripts/CMakeFiles/scripts.dir/Northrend/AzjolNerub/AzjolNerub/boss_hadronox.cpp.o
#25 1219.5 [874/1834] Building CXX object src/server/scripts/CMakeFiles/scripts.dir/Northrend/AzjolNerub/AzjolNerub/boss_krikthir_the_gatewatcher.cpp.o
#25 1222.4 [875/1834] Building CXX object src/server/scripts/CMakeFiles/scripts.dir/Northrend/AzjolNerub/ahnkahet/boss_elder_nadox.cpp.o
#25 1222.7 [876/1834] Building CXX object src/server/scripts/CMakeFiles/scripts.dir/Northrend/AzjolNerub/AzjolNerub/instance_azjol_nerub.cpp.o
#25 1223.3 [877/1834] Building CXX object src/server/scripts/CMakeFiles/scripts.dir/Northrend/AzjolNerub/ahnkahet/boss_herald_volazj.cpp.o
#25 1223.6 [878/1834] Building CXX object src/server/scripts/CMakeFiles/scripts.dir/Northrend/AzjolNerub/ahnkahet/boss_amanitar.cpp.o
#25 1225.0 [879/1834] Building CXX object src/server/scripts/CMakeFiles/scripts.dir/Northrend/AzjolNerub/ahnkahet/boss_jedoga_shadowseeker.cpp.o
#25 1227.2 [880/1834] Building CXX object src/server/scripts/CMakeFiles/scripts.dir/Northrend/ChamberOfAspects/ObsidianSanctum/instance_obsidian_sanctum.cpp.o
#25 1227.4 [881/1834] Building CXX object src/server/scripts/CMakeFiles/scripts.dir/Northrend/AzjolNerub/ahnkahet/boss_prince_taldaram.cpp.o
#25 1228.0 [882/1834] Building CXX object src/server/scripts/CMakeFiles/scripts.dir/Northrend/AzjolNerub/ahnkahet/instance_ahnkahet.cpp.o
#25 1229.7 [883/1834] Building CXX object src/server/scripts/CMakeFiles/scripts.dir/Northrend/ChamberOfAspects/ObsidianSanctum/boss_sartharion.cpp.o
#25 1229.9 [884/1834] Building CXX object src/server/scripts/CMakeFiles/scripts.dir/Northrend/ChamberOfAspects/RubySanctum/boss_baltharus_the_warborn.cpp.o
#25 1232.1 [885/1834] Building CXX object src/server/scripts/CMakeFiles/scripts.dir/Northrend/ChamberOfAspects/RubySanctum/boss_saviana_ragefire.cpp.o
#25 1232.4 [886/1834] Building CXX object src/server/scripts/CMakeFiles/scripts.dir/Northrend/ChamberOfAspects/RubySanctum/boss_general_zarithrian.cpp.o
#25 1234.8 [887/1834] Building CXX object src/server/scripts/CMakeFiles/scripts.dir/Northrend/ChamberOfAspects/RubySanctum/instance_ruby_sanctum.cpp.o
#25 1235.2 [888/1834] Building CXX object src/server/scripts/CMakeFiles/scripts.dir/Northrend/ChamberOfAspects/RubySanctum/boss_halion.cpp.o
#25 1236.8 [889/1834] Building CXX object src/server/scripts/CMakeFiles/scripts.dir/Northrend/CrusadersColiseum/TrialOfTheChampion/boss_argent_challenge.cpp.o
#25 1238.3 [890/1834] Building CXX object src/server/scripts/CMakeFiles/scripts.dir/Northrend/CrusadersColiseum/TrialOfTheChampion/boss_black_knight.cpp.o
#25 1238.3 [891/1834] Building CXX object src/server/scripts/CMakeFiles/scripts.dir/Northrend/CrusadersColiseum/TrialOfTheChampion/trial_of_the_champion.cpp.o
#25 1238.5 [892/1834] Building CXX object src/server/scripts/CMakeFiles/scripts.dir/Northrend/CrusadersColiseum/TrialOfTheChampion/boss_grand_champions.cpp.o
#25 1240.6 [893/1834] Building CXX object src/server/scripts/CMakeFiles/scripts.dir/Northrend/CrusadersColiseum/TrialOfTheChampion/instance_trial_of_the_champion.cpp.o
#25 1242.7 [894/1834] Building CXX object src/server/scripts/CMakeFiles/scripts.dir/Northrend/CrusadersColiseum/TrialOfTheCrusader/boss_anubarak_trial.cpp.o
#25 1243.5 [895/1834] Building CXX object src/server/scripts/CMakeFiles/scripts.dir/Northrend/CrusadersColiseum/TrialOfTheCrusader/boss_northrend_beasts.cpp.o
#25 1244.2 [896/1834] Building CXX object src/server/scripts/CMakeFiles/scripts.dir/Northrend/CrusadersColiseum/TrialOfTheCrusader/boss_lord_jaraxxus.cpp.o
#25 1245.1 [897/1834] Building CXX object src/server/scripts/CMakeFiles/scripts.dir/Northrend/CrusadersColiseum/TrialOfTheCrusader/boss_faction_champions.cpp.o
#25 1245.8 [898/1834] Building CXX object src/server/scripts/CMakeFiles/scripts.dir/Northrend/CrusadersColiseum/TrialOfTheCrusader/trial_of_the_crusader.cpp.o
#25 1246.6 [899/1834] Building CXX object src/server/scripts/CMakeFiles/scripts.dir/Northrend/CrusadersColiseum/TrialOfTheCrusader/boss_twin_valkyr.cpp.o
#25 1248.9 [900/1834] Building CXX object src/server/scripts/CMakeFiles/scripts.dir/Northrend/CrusadersColiseum/TrialOfTheCrusader/instance_trial_of_the_crusader.cpp.o
#25 1250.7 [901/1834] Building CXX object src/server/scripts/CMakeFiles/scripts.dir/Northrend/DraktharonKeep/boss_dred.cpp.o
#25 1251.0 [902/1834] Building CXX object src/server/scripts/CMakeFiles/scripts.dir/Northrend/DraktharonKeep/boss_tharon_ja.cpp.o
#25 1252.0 [903/1834] Building CXX object src/server/scripts/CMakeFiles/scripts.dir/Northrend/DraktharonKeep/boss_novos.cpp.o
#25 1252.4 [904/1834] Building CXX object src/server/scripts/CMakeFiles/scripts.dir/Northrend/DraktharonKeep/boss_trollgore.cpp.o
#25 1254.7 [905/1834] Building CXX object src/server/scripts/CMakeFiles/scripts.dir/Northrend/DraktharonKeep/instance_drak_tharon_keep.cpp.o
#25 1255.7 [906/1834] Building CXX object src/server/scripts/CMakeFiles/scripts.dir/Northrend/FrozenHalls/ForgeOfSouls/boss_devourer_of_souls.cpp.o
#25 1256.6 [907/1834] Building CXX object src/server/scripts/CMakeFiles/scripts.dir/Northrend/FrozenHalls/ForgeOfSouls/forge_of_souls.cpp.o
#25 1256.7 [908/1834] Building CXX object src/server/scripts/CMakeFiles/scripts.dir/Northrend/FrozenHalls/ForgeOfSouls/boss_bronjahm.cpp.o
#25 1256.8 [909/1834] Building CXX object src/server/scripts/CMakeFiles/scripts.dir/Northrend/FrozenHalls/ForgeOfSouls/instance_forge_of_souls.cpp.o
#25 1258.0 [910/1834] Building CXX object src/server/scripts/CMakeFiles/scripts.dir/Northrend/FrozenHalls/HallsOfReflection/boss_falric.cpp.o
#25 1260.1 [911/1834] Building CXX object src/server/scripts/CMakeFiles/scripts.dir/Northrend/FrozenHalls/HallsOfReflection/boss_marwyn.cpp.o
#25 1261.8 [912/1834] Building CXX object src/server/scripts/CMakeFiles/scripts.dir/Northrend/FrozenHalls/PitOfSaron/boss_forgemaster_garfrost.cpp.o
#25 1262.8 [913/1834] Building CXX object src/server/scripts/CMakeFiles/scripts.dir/Northrend/FrozenHalls/HallsOfReflection/instance_halls_of_reflection.cpp.o
#25 1262.9 [914/1834] Building CXX object src/server/scripts/CMakeFiles/scripts.dir/Northrend/FrozenHalls/PitOfSaron/boss_krickandick.cpp.o
#25 1263.1 [915/1834] Building CXX object src/server/scripts/CMakeFiles/scripts.dir/Northrend/FrozenHalls/HallsOfReflection/halls_of_reflection.cpp.o
#25 1264.2 [916/1834] Building CXX object src/server/scripts/CMakeFiles/scripts.dir/Northrend/FrozenHalls/PitOfSaron/boss_scourgelord_tyrannus.cpp.o
#25 1266.0 [917/1834] Building CXX object src/server/scripts/CMakeFiles/scripts.dir/Northrend/FrozenHalls/PitOfSaron/instance_pit_of_saron.cpp.o
#25 1266.6 [918/1834] Building CXX object src/server/scripts/CMakeFiles/scripts.dir/Northrend/Gundrak/boss_eck.cpp.o
#25 1267.9 [919/1834] Building CXX object src/server/scripts/CMakeFiles/scripts.dir/Northrend/Gundrak/boss_drakkari_colossus.cpp.o
#25 1268.8 [920/1834] Building CXX object src/server/scripts/CMakeFiles/scripts.dir/Northrend/Gundrak/boss_gal_darah.cpp.o
#25 1270.5 [921/1834] Building CXX object src/server/scripts/CMakeFiles/scripts.dir/Northrend/Gundrak/boss_moorabi.cpp.o
#25 1271.0 [922/1834] Building CXX object src/server/scripts/CMakeFiles/scripts.dir/Northrend/FrozenHalls/PitOfSaron/pit_of_saron.cpp.o
#25 1271.8 [923/1834] Building CXX object src/server/scripts/CMakeFiles/scripts.dir/Northrend/Gundrak/boss_slad_ran.cpp.o
#25 1272.8 [924/1834] Building CXX object src/server/scripts/CMakeFiles/scripts.dir/Northrend/Gundrak/instance_gundrak.cpp.o
#25 1276.1 [925/1834] Building CXX object src/server/scripts/CMakeFiles/scripts.dir/Northrend/IcecrownCitadel/boss_blood_prince_council.cpp.o
#25 1277.7 [926/1834] Building CXX object src/server/scripts/CMakeFiles/scripts.dir/Northrend/IcecrownCitadel/boss_festergut.cpp.o
#25 1278.2 [927/1834] Building CXX object src/server/scripts/CMakeFiles/scripts.dir/Northrend/IcecrownCitadel/boss_blood_queen_lana_thel.cpp.o
#25 1278.2 [928/1834] Building CXX object src/server/scripts/CMakeFiles/scripts.dir/Northrend/IcecrownCitadel/boss_deathbringer_saurfang.cpp.o
#25 1283.4 [929/1834] Building CXX object src/server/scripts/CMakeFiles/scripts.dir/Northrend/IcecrownCitadel/boss_icecrown_gunship_battle.cpp.o
#25 1284.1 [930/1834] Building CXX object src/server/scripts/CMakeFiles/scripts.dir/Northrend/IcecrownCitadel/boss_lord_marrowgar.cpp.o
#25 1284.2 [931/1834] Building CXX object src/server/scripts/CMakeFiles/scripts.dir/Northrend/IcecrownCitadel/boss_lady_deathwhisper.cpp.o
#25 1285.6 [932/1834] Building CXX object src/server/scripts/CMakeFiles/scripts.dir/Northrend/IcecrownCitadel/boss_rotface.cpp.o
#25 1287.1 [933/1834] Building CXX object src/server/scripts/CMakeFiles/scripts.dir/Northrend/IcecrownCitadel/boss_professor_putricide.cpp.o
#25 1290.4 [934/1834] Building CXX object src/server/scripts/CMakeFiles/scripts.dir/Northrend/IcecrownCitadel/icecrown_citadel_teleport.cpp.o
#25 1292.5 [935/1834] Building CXX object src/server/scripts/CMakeFiles/scripts.dir/Northrend/IcecrownCitadel/boss_sindragosa.cpp.o
#25 1292.9 [936/1834] Building CXX object src/server/scripts/CMakeFiles/scripts.dir/Northrend/IcecrownCitadel/boss_valithria_dreamwalker.cpp.o
#25 1296.4 [937/1834] Building CXX object src/server/scripts/CMakeFiles/scripts.dir/Northrend/Naxxramas/boss_anubrekhan.cpp.o
#25 1297.5 [938/1834] Building CXX object src/server/scripts/CMakeFiles/scripts.dir/Northrend/IcecrownCitadel/boss_the_lich_king.cpp.o
#25 1297.7 [939/1834] Building CXX object src/server/scripts/CMakeFiles/scripts.dir/Northrend/Naxxramas/boss_faerlina.cpp.o
#25 1299.0 [940/1834] Building CXX object src/server/scripts/CMakeFiles/scripts.dir/Northrend/IcecrownCitadel/instance_icecrown_citadel.cpp.o
#25 1300.9 [941/1834] Building CXX object src/server/scripts/CMakeFiles/scripts.dir/Northrend/Naxxramas/boss_four_horsemen.cpp.o
#25 1302.4 [942/1834] Building CXX object src/server/scripts/CMakeFiles/scripts.dir/Northrend/Naxxramas/boss_gluth.cpp.o
#25 1302.6 [943/1834] Building CXX object src/server/scripts/CMakeFiles/scripts.dir/Northrend/IcecrownCitadel/icecrown_citadel.cpp.o
#25 1303.6 [944/1834] Building CXX object src/server/scripts/CMakeFiles/scripts.dir/Northrend/Naxxramas/boss_gothik.cpp.o
#25 1304.7 [945/1834] Building CXX object src/server/scripts/CMakeFiles/scripts.dir/Northrend/Naxxramas/boss_grobbulus.cpp.o
#25 1305.6 [946/1834] Building CXX object src/server/scripts/CMakeFiles/scripts.dir/Northrend/Naxxramas/boss_loatheb.cpp.o
#25 1305.7 [947/1834] Building CXX object src/server/scripts/CMakeFiles/scripts.dir/Northrend/Naxxramas/boss_heigan.cpp.o
#25 1308.2 [948/1834] Building CXX object src/server/scripts/CMakeFiles/scripts.dir/Northrend/Naxxramas/boss_noth.cpp.o
#25 1308.6 [949/1834] Building CXX object src/server/scripts/CMakeFiles/scripts.dir/Northrend/Naxxramas/boss_maexxna.cpp.o
#25 1308.7 [950/1834] Building CXX object src/server/scripts/CMakeFiles/scripts.dir/Northrend/Naxxramas/boss_kelthuzad.cpp.o
#25 1309.5 [951/1834] Building CXX object src/server/scripts/CMakeFiles/scripts.dir/Northrend/Naxxramas/boss_patchwerk.cpp.o
#25 1310.8 [952/1834] Building CXX object src/server/scripts/CMakeFiles/scripts.dir/Northrend/Naxxramas/boss_razuvious.cpp.o
#25 1312.9 [953/1834] Building CXX object src/server/scripts/CMakeFiles/scripts.dir/Northrend/Naxxramas/boss_sapphiron.cpp.o
#25 1313.7 [954/1834] Building CXX object src/server/scripts/CMakeFiles/scripts.dir/Northrend/Naxxramas/boss_thaddius.cpp.o
#25 1314.7 [955/1834] Building CXX object src/server/scripts/CMakeFiles/scripts.dir/Northrend/Naxxramas/instance_naxxramas.cpp.o
#25 1315.2 [956/1834] Building CXX object src/server/scripts/CMakeFiles/scripts.dir/Northrend/Nexus/EyeOfEternity/instance_eye_of_eternity.cpp.o
#25 1316.2 [957/1834] Building CXX object src/server/scripts/CMakeFiles/scripts.dir/Northrend/Nexus/Nexus/boss_anomalus.cpp.o
#25 1317.3 [958/1834] Building CXX object src/server/scripts/CMakeFiles/scripts.dir/Northrend/Nexus/Nexus/boss_commander_stoutbeard_kolurg.cpp.o
#25 1318.1 [959/1834] Building CXX object src/server/scripts/CMakeFiles/scripts.dir/Northrend/Nexus/Nexus/boss_keristrasza.cpp.o
#25 1319.1 [960/1834] Building CXX object src/server/scripts/CMakeFiles/scripts.dir/Northrend/Nexus/EyeOfEternity/boss_malygos.cpp.o
#25 1319.4 [961/1834] Building CXX object src/server/scripts/CMakeFiles/scripts.dir/Northrend/Nexus/Nexus/boss_ormorok.cpp.o
#25 1321.0 [962/1834] Building CXX object src/server/scripts/CMakeFiles/scripts.dir/Northrend/Nexus/Nexus/boss_magus_telestra.cpp.o
#25 1321.5 [963/1834] Building CXX object src/server/scripts/CMakeFiles/scripts.dir/Northrend/Nexus/Oculus/boss_drakos.cpp.o
#25 1322.7 [964/1834] Building CXX object src/server/scripts/CMakeFiles/scripts.dir/Northrend/Nexus/Oculus/boss_eregos.cpp.o
#25 1322.8 [965/1834] Building CXX object src/server/scripts/CMakeFiles/scripts.dir/Northrend/Nexus/Nexus/instance_nexus.cpp.o
#25 1322.8 [966/1834] Building CXX object src/server/scripts/CMakeFiles/scripts.dir/Northrend/Nexus/Oculus/boss_urom.cpp.o
#25 1324.2 [967/1834] Building CXX object src/server/scripts/CMakeFiles/scripts.dir/Northrend/Nexus/Oculus/boss_varos.cpp.o
#25 1326.5 [968/1834] Building CXX object src/server/scripts/CMakeFiles/scripts.dir/Northrend/Nexus/Oculus/instance_oculus.cpp.o
#25 1328.2 [969/1834] Building CXX object src/server/scripts/CMakeFiles/scripts.dir/Northrend/Ulduar/HallsOfLightning/boss_ionar.cpp.o
#25 1328.4 [970/1834] Building CXX object src/server/scripts/CMakeFiles/scripts.dir/Northrend/Ulduar/HallsOfLightning/boss_bjarngrim.cpp.o
#25 1328.6 [971/1834] Building CXX object src/server/scripts/CMakeFiles/scripts.dir/Northrend/Ulduar/HallsOfLightning/boss_loken.cpp.o
#25 1329.4 [972/1834] Building CXX object src/server/scripts/CMakeFiles/scripts.dir/Northrend/Nexus/Oculus/oculus.cpp.o
#25 1330.3 [973/1834] Building CXX object src/server/scripts/CMakeFiles/scripts.dir/Northrend/Ulduar/HallsOfLightning/boss_volkhan.cpp.o
#25 1332.1 [974/1834] Building CXX object src/server/scripts/CMakeFiles/scripts.dir/Northrend/Ulduar/HallsOfStone/boss_maiden_of_grief.cpp.o
#25 1332.9 [975/1834] Building CXX object src/server/scripts/CMakeFiles/scripts.dir/Northrend/Ulduar/HallsOfStone/boss_krystallus.cpp.o
#25 1332.9 [976/1834] Building CXX object src/server/scripts/CMakeFiles/scripts.dir/Northrend/Ulduar/HallsOfLightning/instance_halls_of_lightning.cpp.o
#25 1334.7 [977/1834] Building CXX object src/server/scripts/CMakeFiles/scripts.dir/Northrend/Ulduar/HallsOfStone/boss_sjonnir.cpp.o
#25 1336.0 [978/1834] Building CXX object src/server/scripts/CMakeFiles/scripts.dir/Northrend/Ulduar/HallsOfStone/instance_halls_of_stone.cpp.o
#25 1338.1 [979/1834] Building CXX object src/server/scripts/CMakeFiles/scripts.dir/Northrend/Ulduar/HallsOfStone/brann_bronzebeard.cpp.o
#25 1339.2 [980/1834] Building CXX object src/server/scripts/CMakeFiles/scripts.dir/Northrend/Ulduar/Ulduar/boss_assembly_of_iron.cpp.o
#25 1340.6 [981/1834] Building CXX object src/server/scripts/CMakeFiles/scripts.dir/Northrend/Ulduar/Ulduar/boss_auriaya.cpp.o
#25 1341.4 [982/1834] Building CXX object src/server/scripts/CMakeFiles/scripts.dir/Northrend/Ulduar/Ulduar/boss_algalon_the_observer.cpp.o
#25 1344.2 [983/1834] Building CXX object src/server/scripts/CMakeFiles/scripts.dir/Northrend/Ulduar/Ulduar/boss_freya.cpp.o
#25 1345.3 [984/1834] Building CXX object src/server/scripts/CMakeFiles/scripts.dir/Northrend/Ulduar/Ulduar/boss_general_vezax.cpp.o
#25 1345.8 [985/1834] Building CXX object src/server/scripts/CMakeFiles/scripts.dir/Northrend/Ulduar/Ulduar/boss_flame_leviathan.cpp.o
#25 1347.4 [986/1834] Building CXX object src/server/scripts/CMakeFiles/scripts.dir/Northrend/Ulduar/Ulduar/boss_ignis.cpp.o
#25 1348.9 [987/1834] Building CXX object src/server/scripts/CMakeFiles/scripts.dir/Northrend/Ulduar/Ulduar/boss_hodir.cpp.o
#25 1351.6 [988/1834] Building CXX object src/server/scripts/CMakeFiles/scripts.dir/Northrend/Ulduar/Ulduar/boss_kologarn.cpp.o
#25 1354.1 [989/1834] Building CXX object src/server/scripts/CMakeFiles/scripts.dir/Northrend/Ulduar/Ulduar/boss_mimiron.cpp.o
#25 1354.3 [990/1834] Building CXX object src/server/scripts/CMakeFiles/scripts.dir/Northrend/Ulduar/Ulduar/boss_razorscale.cpp.o
#25 1355.7 [991/1834] Building CXX object src/server/scripts/CMakeFiles/scripts.dir/Northrend/Ulduar/Ulduar/boss_thorim.cpp.o
#25 1356.9 [992/1834] Building CXX object src/server/scripts/CMakeFiles/scripts.dir/Northrend/Ulduar/Ulduar/boss_xt002.cpp.o
#25 1359.5 [993/1834] Building CXX object src/server/scripts/CMakeFiles/scripts.dir/Northrend/UtgardeKeep/UtgardeKeep/boss_ingvar_the_plunderer.cpp.o
#25 1360.7 [994/1834] Building CXX object src/server/scripts/CMakeFiles/scripts.dir/Northrend/Ulduar/Ulduar/ulduar.cpp.o
#25 1361.9 [995/1834] Building CXX object src/server/scripts/CMakeFiles/scripts.dir/Northrend/UtgardeKeep/UtgardeKeep/boss_keleseth.cpp.o
#25 1362.0 [996/1834] Building CXX object src/server/scripts/CMakeFiles/scripts.dir/Northrend/Ulduar/Ulduar/instance_ulduar.cpp.o
#25 1362.8 [997/1834] Building CXX object src/server/scripts/CMakeFiles/scripts.dir/Northrend/UtgardeKeep/UtgardeKeep/boss_skarvald_dalronn.cpp.o
#25 1363.2 [998/1834] Building CXX object src/server/scripts/CMakeFiles/scripts.dir/Northrend/Ulduar/Ulduar/boss_yoggsaron.cpp.o
#25 1365.1 [999/1834] Building CXX object src/server/scripts/CMakeFiles/scripts.dir/Northrend/UtgardeKeep/UtgardeKeep/instance_utgarde_keep.cpp.o
#25 1366.4 [1000/1834] Building CXX object src/server/scripts/CMakeFiles/scripts.dir/Northrend/UtgardeKeep/UtgardePinnacle/boss_palehoof.cpp.o
#25 1367.0 [1001/1834] Building CXX object src/server/scripts/CMakeFiles/scripts.dir/Northrend/UtgardeKeep/UtgardeKeep/utgarde_keep.cpp.o
#25 1368.8 [1002/1834] Building CXX object src/server/scripts/CMakeFiles/scripts.dir/Northrend/UtgardeKeep/UtgardePinnacle/boss_ymiron.cpp.o
#25 1369.0 [1003/1834] Building CXX object src/server/scripts/CMakeFiles/scripts.dir/Northrend/UtgardeKeep/UtgardePinnacle/boss_skadi.cpp.o
#25 1369.2 [1004/1834] Building CXX object src/server/scripts/CMakeFiles/scripts.dir/Northrend/UtgardeKeep/UtgardePinnacle/boss_svala.cpp.o
#25 1370.1 [1005/1834] Building CXX object src/server/scripts/CMakeFiles/scripts.dir/Northrend/UtgardeKeep/UtgardePinnacle/instance_utgarde_pinnacle.cpp.o
#25 1370.9 [1006/1834] Building CXX object src/server/scripts/CMakeFiles/scripts.dir/Northrend/UtgardeKeep/UtgardePinnacle/utgarde_pinnacle.cpp.o
#25 1373.2 [1007/1834] Building CXX object src/server/scripts/CMakeFiles/scripts.dir/Northrend/VaultOfArchavon/boss_toravon.cpp.o
#25 1373.6 [1008/1834] Building CXX object src/server/scripts/CMakeFiles/scripts.dir/Northrend/VaultOfArchavon/boss_archavon.cpp.o
#25 1374.1 [1009/1834] Building CXX object src/server/scripts/CMakeFiles/scripts.dir/Northrend/VaultOfArchavon/boss_emalon.cpp.o
#25 1374.4 [1010/1834] Building CXX object src/server/scripts/CMakeFiles/scripts.dir/Northrend/VaultOfArchavon/boss_koralon.cpp.o
#25 1375.5 [1011/1834] Building CXX object src/server/scripts/CMakeFiles/scripts.dir/Northrend/VaultOfArchavon/instance_vault_of_archavon.cpp.o
#25 1376.3 [1012/1834] Building CXX object src/server/scripts/CMakeFiles/scripts.dir/Northrend/VioletHold/boss_cyanigosa.cpp.o
#25 1377.0 [1013/1834] Building CXX object src/server/scripts/CMakeFiles/scripts.dir/Northrend/VioletHold/boss_erekem.cpp.o
#25 1377.8 [1014/1834] Building CXX object src/server/scripts/CMakeFiles/scripts.dir/Northrend/VioletHold/boss_ichoron.cpp.o
#25 1377.9 [1015/1834] Building CXX object src/server/scripts/CMakeFiles/scripts.dir/Northrend/VioletHold/boss_lavanthor.cpp.o
#25 1379.8 [1016/1834] Building CXX object src/server/scripts/CMakeFiles/scripts.dir/Northrend/VioletHold/boss_xevozz.cpp.o
#25 1380.1 [1017/1834] Building CXX object src/server/scripts/CMakeFiles/scripts.dir/Northrend/VioletHold/boss_moragg.cpp.o
#25 1380.7 [1018/1834] Building CXX object src/server/scripts/CMakeFiles/scripts.dir/Northrend/VioletHold/boss_zuramat.cpp.o
#25 1383.4 [1019/1834] Building CXX object src/server/scripts/CMakeFiles/scripts.dir/Northrend/VioletHold/instance_violet_hold.cpp.o
#25 1384.5 [1020/1834] Building CXX object src/server/scripts/CMakeFiles/scripts.dir/OutdoorPvP/OutdoorPvPGH.cpp.o
#25 1385.5 [1021/1834] Building CXX object src/server/scripts/CMakeFiles/scripts.dir/OutdoorPvP/OutdoorPvPHP.cpp.o
#25 1385.5 [1022/1834] Building CXX object src/server/scripts/CMakeFiles/scripts.dir/Northrend/VioletHold/violet_hold.cpp.o
#25 1385.6 [1023/1834] Building CXX object src/server/scripts/CMakeFiles/scripts.dir/OutdoorPvP/OutdoorPvPEP.cpp.o
#25 1387.7 [1024/1834] Building CXX object src/server/scripts/CMakeFiles/scripts.dir/OutdoorPvP/outdoorpvp_script_loader.cpp.o
#25 1390.2 [1025/1834] Building CXX object src/server/scripts/CMakeFiles/scripts.dir/OutdoorPvP/OutdoorPvPSI.cpp.o
#25 1390.4 [1026/1834] Building CXX object src/server/scripts/CMakeFiles/scripts.dir/OutdoorPvP/OutdoorPvPZM.cpp.o
#25 1390.5 [1027/1834] Building CXX object src/server/scripts/CMakeFiles/scripts.dir/OutdoorPvP/OutdoorPvPTF.cpp.o
#25 1391.5 [1028/1834] Building CXX object src/server/scripts/CMakeFiles/scripts.dir/OutdoorPvP/OutdoorPvPNA.cpp.o
#25 1392.7 [1029/1834] Building CXX object src/server/scripts/CMakeFiles/scripts.dir/Outland/outland_script_loader.cpp.o
#25 1393.5 [1030/1834] Building CXX object src/server/scripts/CMakeFiles/scripts.dir/Outland/boss_doomlord_kazzak.cpp.o
#25 1394.5 [1031/1834] Building CXX object src/server/scripts/CMakeFiles/scripts.dir/Outland/boss_doomwalker.cpp.o
#25 1396.9 [1032/1834] Building CXX object src/server/scripts/CMakeFiles/scripts.dir/Outland/zone_blades_edge_mountains.cpp.o
#25 1397.0 [1033/1834] Building CXX object src/server/scripts/CMakeFiles/scripts.dir/Outland/zone_hellfire_peninsula.cpp.o
#25 1397.8 [1034/1834] Building CXX object src/server/scripts/CMakeFiles/scripts.dir/Outland/zone_nagrand.cpp.o
#25 1400.5 [1035/1834] Building CXX object src/server/scripts/CMakeFiles/scripts.dir/Outland/zone_netherstorm.cpp.o
#25 1401.8 [1036/1834] Building CXX object src/server/scripts/CMakeFiles/scripts.dir/Outland/zone_shattrath_city.cpp.o
#25 1402.8 [1037/1834] Building CXX object src/server/scripts/CMakeFiles/scripts.dir/Outland/Auchindoun/AuchenaiCrypts/boss_exarch_maladaar.cpp.o
#25 1403.4 [1038/1834] Building CXX object src/server/scripts/CMakeFiles/scripts.dir/Outland/zone_terokkar_forest.cpp.o
#25 1403.5 [1039/1834] Building CXX object src/server/scripts/CMakeFiles/scripts.dir/Outland/zone_shadowmoon_valley.cpp.o
#25 1405.3 [1040/1834] Building CXX object src/server/scripts/CMakeFiles/scripts.dir/Outland/Auchindoun/AuchenaiCrypts/instance_auchenai_crypts.cpp.o
#25 1406.0 [1041/1834] Building CXX object src/server/scripts/CMakeFiles/scripts.dir/Outland/Auchindoun/AuchenaiCrypts/boss_shirrak_the_dead_watcher.cpp.o
#25 1407.6 [1042/1834] Building CXX object src/server/scripts/CMakeFiles/scripts.dir/Outland/Auchindoun/ManaTombs/boss_nexusprince_shaffar.cpp.o
#25 1408.0 [1043/1834] Building CXX object src/server/scripts/CMakeFiles/scripts.dir/Outland/Auchindoun/ManaTombs/boss_tavarok.cpp.o
#25 1408.0 [1044/1834] Building CXX object src/server/scripts/CMakeFiles/scripts.dir/Outland/Auchindoun/ManaTombs/boss_pandemonius.cpp.o
#25 1409.2 [1045/1834] Building CXX object src/server/scripts/CMakeFiles/scripts.dir/Outland/Auchindoun/ManaTombs/instance_mana_tombs.cpp.o
#25 1411.0 [1046/1834] Building CXX object src/server/scripts/CMakeFiles/scripts.dir/Outland/Auchindoun/SethekkHalls/boss_anzu.cpp.o
#25 1411.6 [1047/1834] Building CXX object src/server/scripts/CMakeFiles/scripts.dir/Outland/Auchindoun/SethekkHalls/instance_sethekk_halls.cpp.o
#25 1411.7 [1048/1834] Building CXX object src/server/scripts/CMakeFiles/scripts.dir/Outland/Auchindoun/SethekkHalls/boss_darkweaver_syth.cpp.o
#25 1413.3 [1049/1834] Building CXX object src/server/scripts/CMakeFiles/scripts.dir/Outland/Auchindoun/SethekkHalls/boss_talon_king_ikiss.cpp.o
#25 1413.7 [1050/1834] Building CXX object src/server/scripts/CMakeFiles/scripts.dir/Outland/Auchindoun/ShadowLabyrinth/boss_ambassador_hellmaw.cpp.o
#25 1415.3 [1051/1834] Building CXX object src/server/scripts/CMakeFiles/scripts.dir/Outland/Auchindoun/ShadowLabyrinth/boss_blackheart_the_inciter.cpp.o
#25 1416.2 [1052/1834] Building CXX object src/server/scripts/CMakeFiles/scripts.dir/Outland/Auchindoun/ShadowLabyrinth/boss_grandmaster_vorpil.cpp.o
#25 1417.1 [1053/1834] Building CXX object src/server/scripts/CMakeFiles/scripts.dir/Outland/Auchindoun/ShadowLabyrinth/boss_murmur.cpp.o
#25 1418.5 [1054/1834] Building CXX object src/server/scripts/CMakeFiles/scripts.dir/Outland/Auchindoun/ShadowLabyrinth/instance_shadow_labyrinth.cpp.o
#25 1419.4 [1055/1834] Building CXX object src/server/scripts/CMakeFiles/scripts.dir/Outland/BlackTemple/boss_bloodboil.cpp.o
#25 1423.4 [1056/1834] Building CXX object src/server/scripts/CMakeFiles/scripts.dir/Outland/BlackTemple/boss_mother_shahraz.cpp.o
#25 1423.6 [1057/1834] Building CXX object src/server/scripts/CMakeFiles/scripts.dir/Outland/BlackTemple/boss_illidari_council.cpp.o
#25 1425.8 [1058/1834] Building CXX object src/server/scripts/CMakeFiles/scripts.dir/Outland/BlackTemple/boss_reliquary_of_souls.cpp.o
#25 1426.7 [1059/1834] Building CXX object src/server/scripts/CMakeFiles/scripts.dir/Outland/BlackTemple/boss_shade_of_akama.cpp.o
#25 1426.9 [1060/1834] Building CXX object src/server/scripts/CMakeFiles/scripts.dir/Outland/BlackTemple/boss_illidan.cpp.o
#25 1428.2 [1061/1834] Building CXX object src/server/scripts/CMakeFiles/scripts.dir/Outland/BlackTemple/boss_supremus.cpp.o
#25 1430.0 [1062/1834] Building CXX object src/server/scripts/CMakeFiles/scripts.dir/Outland/BlackTemple/boss_teron_gorefiend.cpp.o
#25 1430.5 [1063/1834] Building CXX object src/server/scripts/CMakeFiles/scripts.dir/Outland/BlackTemple/boss_warlord_najentus.cpp.o
#25 1433.8 [1064/1834] Building CXX object src/server/scripts/CMakeFiles/scripts.dir/Outland/BlackTemple/instance_black_temple.cpp.o
#25 1434.8 [1065/1834] Building CXX object src/server/scripts/CMakeFiles/scripts.dir/Outland/CoilfangReservoir/SerpentShrine/boss_hydross_the_unstable.cpp.o
#25 1434.9 [1066/1834] Building CXX object src/server/scripts/CMakeFiles/scripts.dir/Outland/CoilfangReservoir/SerpentShrine/boss_fathomlord_karathress.cpp.o
#25 1436.9 [1067/1834] Building CXX object src/server/scripts/CMakeFiles/scripts.dir/Outland/CoilfangReservoir/SerpentShrine/boss_lady_vashj.cpp.o
#25 1437.7 [1068/1834] Building CXX object src/server/scripts/CMakeFiles/scripts.dir/Outland/CoilfangReservoir/SerpentShrine/boss_leotheras_the_blind.cpp.o
#25 1439.9 [1069/1834] Building CXX object src/server/scripts/CMakeFiles/scripts.dir/Outland/CoilfangReservoir/SerpentShrine/boss_morogrim_tidewalker.cpp.o
#25 1440.6 [1070/1834] Building CXX object src/server/scripts/CMakeFiles/scripts.dir/Outland/CoilfangReservoir/SerpentShrine/boss_lurker_below.cpp.o
#25 1441.9 [1071/1834] Building CXX object src/server/scripts/CMakeFiles/scripts.dir/Outland/CoilfangReservoir/SerpentShrine/instance_serpent_shrine.cpp.o
#25 1442.1 [1072/1834] Building CXX object src/server/scripts/CMakeFiles/scripts.dir/Outland/CoilfangReservoir/SlavePens/boss_mennu_the_betrayer.cpp.o
#25 1444.0 [1073/1834] Building CXX object src/server/scripts/CMakeFiles/scripts.dir/Outland/CoilfangReservoir/SlavePens/boss_quagmirran.cpp.o
#25 1444.4 [1074/1834] Building CXX object src/server/scripts/CMakeFiles/scripts.dir/Outland/CoilfangReservoir/SlavePens/boss_rokmar_the_crackler.cpp.o
#25 1444.6 [1075/1834] Building CXX object src/server/scripts/CMakeFiles/scripts.dir/Outland/CoilfangReservoir/SlavePens/the_slave_pens.cpp.o
#25 1445.3 [1076/1834] Building CXX object src/server/scripts/CMakeFiles/scripts.dir/Outland/CoilfangReservoir/SlavePens/boss_ahune.cpp.o
#25 1445.4 [1077/1834] Building CXX object src/server/scripts/CMakeFiles/scripts.dir/Outland/CoilfangReservoir/SlavePens/instance_the_slave_pens.cpp.o
#25 1448.4 [1078/1834] Building CXX object src/server/scripts/CMakeFiles/scripts.dir/Outland/CoilfangReservoir/SteamVault/boss_hydromancer_thespia.cpp.o
#25 1448.6 [1079/1834] Building CXX object src/server/scripts/CMakeFiles/scripts.dir/Outland/CoilfangReservoir/SteamVault/boss_mekgineer_steamrigger.cpp.o
#25 1449.3 [1080/1834] Building CXX object src/server/scripts/CMakeFiles/scripts.dir/Outland/CoilfangReservoir/SteamVault/instance_steam_vault.cpp.o
#25 1449.6 [1081/1834] Building CXX object src/server/scripts/CMakeFiles/scripts.dir/Outland/CoilfangReservoir/underbog/boss_ghazan.cpp.o
#25 1450.1 [1082/1834] Building CXX object src/server/scripts/CMakeFiles/scripts.dir/Outland/CoilfangReservoir/SteamVault/boss_warlord_kalithresh.cpp.o
#25 1452.7 [1083/1834] Building CXX object src/server/scripts/CMakeFiles/scripts.dir/Outland/CoilfangReservoir/underbog/boss_swamplord_muselek.cpp.o
#25 1453.5 [1084/1834] Building CXX object src/server/scripts/CMakeFiles/scripts.dir/Outland/CoilfangReservoir/underbog/instance_the_underbog.cpp.o
#25 1454.5 [1085/1834] Building CXX object src/server/scripts/CMakeFiles/scripts.dir/Outland/CoilfangReservoir/underbog/boss_the_black_stalker.cpp.o
#25 1454.8 [1086/1834] Building CXX object src/server/scripts/CMakeFiles/scripts.dir/Outland/CoilfangReservoir/underbog/boss_hungarfen.cpp.o
#25 1456.0 [1087/1834] Building CXX object src/server/scripts/CMakeFiles/scripts.dir/Outland/CoilfangReservoir/underbog/underbog.cpp.o
#25 1458.3 [1088/1834] Building CXX object src/server/scripts/CMakeFiles/scripts.dir/Outland/GruulsLair/instance_gruuls_lair.cpp.o
#25 1458.9 [1089/1834] Building CXX object src/server/scripts/CMakeFiles/scripts.dir/Outland/GruulsLair/boss_gruul.cpp.o
#25 1459.7 [1090/1834] Building CXX object src/server/scripts/CMakeFiles/scripts.dir/Outland/GruulsLair/boss_high_king_maulgar.cpp.o
#25 1460.2 [1091/1834] Building CXX object src/server/scripts/CMakeFiles/scripts.dir/Outland/HellfireCitadel/BloodFurnace/boss_broggok.cpp.o
#25 1460.4 [1092/1834] Building CXX object src/server/scripts/CMakeFiles/scripts.dir/Outland/HellfireCitadel/BloodFurnace/boss_kelidan_the_breaker.cpp.o
#25 1462.4 [1093/1834] Building CXX object src/server/scripts/CMakeFiles/scripts.dir/Outland/HellfireCitadel/BloodFurnace/boss_the_maker.cpp.o
#25 1463.2 [1094/1834] Building CXX object src/server/scripts/CMakeFiles/scripts.dir/Outland/HellfireCitadel/BloodFurnace/instance_blood_furnace.cpp.o
#25 1463.9 [1095/1834] Building CXX object src/server/scripts/CMakeFiles/scripts.dir/Outland/HellfireCitadel/HellfireRamparts/boss_omor_the_unscarred.cpp.o
#25 1465.4 [1096/1834] Building CXX object src/server/scripts/CMakeFiles/scripts.dir/Outland/HellfireCitadel/HellfireRamparts/boss_watchkeeper_gargolmar.cpp.o
#25 1466.3 [1097/1834] Building CXX object src/server/scripts/CMakeFiles/scripts.dir/Outland/HellfireCitadel/HellfireRamparts/instance_hellfire_ramparts.cpp.o
#25 1466.5 [1098/1834] Building CXX object src/server/scripts/CMakeFiles/scripts.dir/Outland/HellfireCitadel/HellfireRamparts/boss_vazruden_the_herald.cpp.o
#25 1469.0 [1099/1834] Building CXX object src/server/scripts/CMakeFiles/scripts.dir/Outland/HellfireCitadel/MagtheridonsLair/instance_magtheridons_lair.cpp.o
#25 1471.0 [1100/1834] Building CXX object src/server/scripts/CMakeFiles/scripts.dir/Outland/HellfireCitadel/ShatteredHalls/boss_nethekurse.cpp.o
#25 1471.1 [1101/1834] Building CXX object src/server/scripts/CMakeFiles/scripts.dir/Outland/HellfireCitadel/MagtheridonsLair/boss_magtheridon.cpp.o
#25 1472.2 [1102/1834] Building CXX object src/server/scripts/CMakeFiles/scripts.dir/Outland/HellfireCitadel/ShatteredHalls/boss_porung.cpp.o
#25 1472.5 [1103/1834] Building CXX object src/server/scripts/CMakeFiles/scripts.dir/Outland/HellfireCitadel/ShatteredHalls/boss_warbringer_omrogg.cpp.o
#25 1475.2 [1104/1834] Building CXX object src/server/scripts/CMakeFiles/scripts.dir/Outland/HellfireCitadel/ShatteredHalls/boss_warchief_kargath_bladefist.cpp.o
#25 1475.9 [1105/1834] Building CXX object src/server/scripts/CMakeFiles/scripts.dir/Outland/HellfireCitadel/ShatteredHalls/instance_shattered_halls.cpp.o
#25 1478.3 [1106/1834] Building CXX object src/server/scripts/CMakeFiles/scripts.dir/Outland/TempestKeep/Eye/boss_astromancer.cpp.o
#25 1478.3 [1107/1834] Building CXX object src/server/scripts/CMakeFiles/scripts.dir/Outland/TempestKeep/Eye/boss_alar.cpp.o
#25 1479.8 [1108/1834] Building CXX object src/server/scripts/CMakeFiles/scripts.dir/Outland/TempestKeep/Eye/boss_void_reaver.cpp.o
#25 1479.8 [1109/1834] Building CXX object src/server/scripts/CMakeFiles/scripts.dir/Outland/TempestKeep/Eye/instance_the_eye.cpp.o
#25 1482.3 [1110/1834] Building CXX object src/server/scripts/CMakeFiles/scripts.dir/Outland/TempestKeep/Mechanar/boss_gatewatcher_ironhand.cpp.o
#25 1482.5 [1111/1834] Building CXX object src/server/scripts/CMakeFiles/scripts.dir/Outland/TempestKeep/Mechanar/boss_gatewatcher_gyrokill.cpp.o
#25 1482.5 [1112/1834] Building CXX object src/server/scripts/CMakeFiles/scripts.dir/Outland/TempestKeep/Eye/boss_kaelthas.cpp.o
#25 1485.5 [1113/1834] Building CXX object src/server/scripts/CMakeFiles/scripts.dir/Outland/TempestKeep/Mechanar/boss_nethermancer_sepethrea.cpp.o
#25 1485.7 [1114/1834] Building CXX object src/server/scripts/CMakeFiles/scripts.dir/Outland/TempestKeep/Mechanar/boss_mechano_lord_capacitus.cpp.o
#25 1486.1 [1115/1834] Building CXX object src/server/scripts/CMakeFiles/scripts.dir/Outland/TempestKeep/Mechanar/instance_mechanar.cpp.o
#25 1487.4 [1116/1834] Building CXX object src/server/scripts/CMakeFiles/scripts.dir/Outland/TempestKeep/Mechanar/boss_pathaleon_the_calculator.cpp.o
#25 1487.7 [1117/1834] Building CXX object src/server/scripts/CMakeFiles/scripts.dir/Outland/TempestKeep/arcatraz/arcatraz.cpp.o
#25 1489.6 [1118/1834] Building CXX object src/server/scripts/CMakeFiles/scripts.dir/Outland/TempestKeep/arcatraz/boss_dalliah_the_doomsayer.cpp.o
#25 1490.5 [1119/1834] Building CXX object src/server/scripts/CMakeFiles/scripts.dir/Outland/TempestKeep/arcatraz/boss_wrath_scryer_soccothrates.cpp.o
#25 1490.6 [1120/1834] Building CXX object src/server/scripts/CMakeFiles/scripts.dir/Outland/TempestKeep/arcatraz/boss_harbinger_skyriss.cpp.o
#25 1491.1 [1121/1834] Building CXX object src/server/scripts/CMakeFiles/scripts.dir/Outland/TempestKeep/arcatraz/boss_zereketh_the_unbound.cpp.o
#25 1491.9 [1122/1834] Building CXX object src/server/scripts/CMakeFiles/scripts.dir/Outland/TempestKeep/arcatraz/instance_arcatraz.cpp.o
#25 1494.8 [1123/1834] Building CXX object src/server/scripts/CMakeFiles/scripts.dir/Outland/TempestKeep/botanica/boss_high_botanist_freywinn.cpp.o
#25 1494.8 [1124/1834] Building CXX object src/server/scripts/CMakeFiles/scripts.dir/Outland/TempestKeep/botanica/boss_laj.cpp.o
#25 1495.1 [1125/1834] Building CXX object src/server/scripts/CMakeFiles/scripts.dir/Outland/TempestKeep/botanica/boss_thorngrin_the_tender.cpp.o
#25 1495.8 [1126/1834] Building CXX object src/server/scripts/CMakeFiles/scripts.dir/Outland/TempestKeep/botanica/boss_warp_splinter.cpp.o
#25 1495.8 [1127/1834] Building CXX object src/server/scripts/CMakeFiles/scripts.dir/Outland/TempestKeep/botanica/boss_commander_sarannis.cpp.o
#25 1500.3 [1128/1834] Building CXX object src/server/scripts/CMakeFiles/scripts.dir/Pet/pet_mage.cpp.o
#25 1500.3 [1129/1834] Building CXX object src/server/scripts/CMakeFiles/scripts.dir/Pet/pet_dk.cpp.o
#25 1500.5 [1130/1834] Building CXX object src/server/scripts/CMakeFiles/scripts.dir/Outland/TempestKeep/botanica/instance_the_botanica.cpp.o
#25 1501.1 [1131/1834] Building CXX object src/server/scripts/CMakeFiles/scripts.dir/Pet/pet_hunter.cpp.o
#25 1501.7 [1132/1834] Building CXX object src/server/scripts/CMakeFiles/scripts.dir/Pet/pet_generic.cpp.o
#25 1502.6 [1133/1834] Building CXX object src/server/scripts/CMakeFiles/scripts.dir/Pet/pets_script_loader.cpp.o
#25 1503.2 [1134/1834] Building CXX object src/server/scripts/CMakeFiles/scripts.dir/Pet/pet_priest.cpp.o
#25 1503.5 [1135/1834] Building CXX object src/server/scripts/CMakeFiles/scripts.dir/Pet/pet_shaman.cpp.o
#25 1510.6 [1136/1834] Building CXX object src/server/scripts/CMakeFiles/scripts.dir/Spells/spell_druid.cpp.o
#25 1511.8 [1137/1834] Building CXX object src/server/scripts/CMakeFiles/scripts.dir/Spells/spell_dk.cpp.o
#25 1512.8 [1138/1834] Building CXX object src/server/scripts/CMakeFiles/scripts.dir/Spells/spell_hunter.cpp.o
#25 1519.0 [1139/1834] Building CXX object src/server/scripts/CMakeFiles/scripts.dir/Spells/spell_mage.cpp.o
#25 1520.4 [1140/1834] Building CXX object src/server/scripts/CMakeFiles/scripts.dir/Spells/spell_priest.cpp.o
#25 1520.6 [1141/1834] Building CXX object src/server/scripts/CMakeFiles/scripts.dir/Spells/spell_paladin.cpp.o
#25 1522.3 [1142/1834] Building CXX object src/server/scripts/CMakeFiles/scripts.dir/Spells/spell_item.cpp.o
#25 1523.5 [1143/1834] Building CXX object src/server/scripts/CMakeFiles/scripts.dir/Spells/spell_generic.cpp.o
#25 1528.4 [1144/1834] Building CXX object src/server/scripts/CMakeFiles/scripts.dir/Spells/spell_rogue.cpp.o
#25 1529.6 [1145/1834] Building CXX object src/server/scripts/CMakeFiles/scripts.dir/Spells/spell_shaman.cpp.o
#25 1530.3 [1146/1834] Building CXX object src/server/scripts/CMakeFiles/scripts.dir/Spells/spell_quest.cpp.o
#25 1530.4 [1147/1834] Building CXX object src/server/scripts/CMakeFiles/scripts.dir/Spells/spells_script_loader.cpp.o
#25 1530.6 [1148/1834] Building CXX object src/server/scripts/CMakeFiles/scripts.dir/Spells/spell_warlock.cpp.o
#25 1530.9 [1149/1834] Building CXX object src/server/scripts/CMakeFiles/scripts.dir/Spells/spell_warrior.cpp.o
#25 1533.5 [1150/1834] Building CXX object src/server/scripts/CMakeFiles/scripts.dir/World/areatrigger_scripts.cpp.o
#25 1535.0 [1151/1834] Building CXX object src/server/scripts/CMakeFiles/scripts.dir/World/action_ip_logger.cpp.o
#25 1535.5 [1152/1834] Building CXX object src/server/scripts/CMakeFiles/scripts.dir/World/achievement_scripts.cpp.o
#25 1535.9 [1153/1834] Building CXX object src/server/scripts/CMakeFiles/scripts.dir/World/chat_log.cpp.o
#25 1536.7 [1154/1834] Building CXX object src/server/scripts/CMakeFiles/scripts.dir/World/boss_emerald_dragons.cpp.o
#25 1538.4 [1155/1834] Building CXX object src/server/scripts/CMakeFiles/scripts.dir/World/guards.cpp.o
#25 1538.7 [1156/1834] Building CXX object src/server/scripts/CMakeFiles/scripts.dir/World/mob_generic_creature.cpp.o
#25 1538.7 [1157/1834] Building CXX object src/server/scripts/CMakeFiles/scripts.dir/World/item_scripts.cpp.o
#25 1538.8 [1158/1834] Building CXX object src/server/scripts/CMakeFiles/scripts.dir/World/npc_innkeeper.cpp.o
#25 1538.8 [1159/1834] Building CXX object src/server/scripts/CMakeFiles/scripts.dir/World/go_scripts.cpp.o
#25 1541.2 [1160/1834] Building CXX object src/server/scripts/CMakeFiles/scripts.dir/World/npc_taxi.cpp.o
#25 1542.0 [1161/1834] Building CXX object src/server/scripts/CMakeFiles/scripts.dir/World/npc_professions.cpp.o
#25 1542.7 [1162/1834] Building CXX object src/server/scripts/CMakeFiles/scripts.dir/World/player_scripts.cpp.o
#25 1545.7 [1163/1834] Building CXX object src/server/scripts/CMakeFiles/scripts.dir/World/npc_stave_of_ancients.cpp.o
#25 1546.2 [1164/1834] Building CXX object src/server/scripts/CMakeFiles/scripts.dir/World/suns_reach_reclamation.cpp.o
#25 1546.6 [1165/1834] Building CXX object src/server/scripts/CMakeFiles/scripts.dir/World/server_mail.cpp.o
#25 1548.4 [1166/1834] Building CXX object src/server/scripts/CMakeFiles/scripts.dir/World/world_script_loader.cpp.o
#25 1549.1 [1167/1834] Building CXX object src/server/scripts/CMakeFiles/scripts.dir/World/scourge_invasion.cpp.o
#25 1549.3 [1168/1834] Building CXX object src/server/scripts/CMakeFiles/scripts.dir/World/npcs_special.cpp.o
#25 1550.0 [1169/1834] Building CXX object src/server/scripts/CMakeFiles/scripts.dir/World/transport_zeppelins.cpp.o
#25 1553.0 [1170/1834] Building CXX object src/tools/CMakeFiles/vmap4_assembler.dir/vmap4_assembler/VMapAssembler.cpp.o
#25 1553.6 [1171/1834] Building CXX object src/tools/CMakeFiles/vmap4_extractor.dir/vmap4_extractor/adtfile.cpp.o
#25 1553.8 [1172/1834] Linking CXX executable src/tools/vmap4_assembler
#25 1555.6 [1173/1834] Building CXX object src/tools/CMakeFiles/vmap4_extractor.dir/vmap4_extractor/dbcfile.cpp.o
#25 1557.5 [1174/1834] Building CXX object src/tools/CMakeFiles/vmap4_extractor.dir/vmap4_extractor/gameobject_extract.cpp.o
#25 1564.7 [1175/1834] Building CXX object src/tools/CMakeFiles/vmap4_extractor.dir/vmap4_extractor/mpq_libmpq.cpp.o
#25 1564.8 [1176/1834] Building CXX object src/tools/CMakeFiles/vmap4_extractor.dir/vmap4_extractor/model.cpp.o
#25 1564.8 [1177/1834] Building CXX object src/tools/CMakeFiles/mmaps_generator.dir/mmaps_generator/TerrainBuilder.cpp.o
#25 1565.0 [1178/1834] Building CXX object src/tools/CMakeFiles/mmaps_generator.dir/mmaps_generator/PathGenerator.cpp.o
#25 1566.1 [1179/1834] Linking CXX executable src/tools/mmaps_generator
#25 1568.2 [1180/1834] Building CXX object modules/CMakeFiles/modules.dir/gen_scriptloader/static/ModulesLoader.cpp.o
#25 1568.6 [1181/1834] Building CXX object src/tools/CMakeFiles/vmap4_extractor.dir/vmap4_extractor/wdtfile.cpp.o
#25 1569.1 [1182/1834] Building CXX object src/tools/CMakeFiles/vmap4_extractor.dir/vmap4_extractor/wmo.cpp.o
#25 1570.0 [1183/1834] Building CXX object src/tools/CMakeFiles/vmap4_extractor.dir/vmap4_extractor/vmapexport.cpp.o
#25 1571.5 [1184/1834] Linking CXX executable src/tools/vmap4_extractor
#25 1576.8 [1185/1834] Linking CXX static library src/server/scripts/libscripts.a
#25 1594.6 [1186/1834] Building CXX object modules/CMakeFiles/modules.dir/mod-playerbots/src/Ai/Base/Actions/AcceptBattlegroundInvitationAction.cpp.o
#25 1598.5 [1187/1834] Building CXX object modules/CMakeFiles/modules.dir/mod-playerbots/src/Ai/Base/Actions/AcceptDuelAction.cpp.o
#25 1602.4 [1188/1834] Building CXX object modules/CMakeFiles/modules.dir/mod-playerbots/src/Ai/Base/Actions/AcceptInvitationAction.cpp.o
#25 1607.4 [1189/1834] Building CXX object modules/CMakeFiles/modules.dir/mod-playerbots/src/Ai/Base/Actions/AcceptQuestAction.cpp.o
#25 1616.5 [1190/1834] Building CXX object modules/CMakeFiles/modules.dir/mod-playerbots/src/PlayerbotAIConfig.cpp.o
#25 1622.8 [1191/1834] Building CXX object modules/CMakeFiles/modules.dir/mod-playerbots/src/Ai/Base/Actions/AcceptResurrectAction.cpp.o
#25 1627.3 [1192/1834] Building CXX object modules/CMakeFiles/modules.dir/mod-playerbots/src/Ai/Base/Actions/AddLootAction.cpp.o
#25 1632.0 [1193/1834] Building CXX object modules/CMakeFiles/modules.dir/mod-playerbots/src/Ai/Base/Actions/AreaTriggerAction.cpp.o
#25 1637.3 [1194/1834] Building CXX object modules/CMakeFiles/modules.dir/mod-playerbots/src/Ai/Base/Actions/ArenaTeamActions.cpp.o
#25 1646.5 [1195/1834] Building CXX object modules/CMakeFiles/modules.dir/mod-playerbots/src/Ai/Base/Actions/AttackAction.cpp.o
#25 1649.7 [1196/1834] Building CXX object modules/CMakeFiles/modules.dir/mod-playerbots/src/Ai/Base/Actions/AutoMaintenanceOnLevelupAction.cpp.o
#25 1656.4 [1197/1834] Building CXX object modules/CMakeFiles/modules.dir/mod-playerbots/src/Ai/Base/Actions/BankAction.cpp.o
#25 1666.4 [1198/1834] Building CXX object modules/CMakeFiles/modules.dir/mod-playerbots/src/Ai/Base/Actions/BattleGroundJoinAction.cpp.o
#25 1671.5 [1199/1834] Building CXX object modules/CMakeFiles/modules.dir/mod-playerbots/src/Ai/Base/Actions/BossAuraActions.cpp.o
#25 1678.6 [1200/1834] Building CXX object modules/CMakeFiles/modules.dir/mod-playerbots/src/Ai/Base/Actions/BuffAction.cpp.o
#25 1681.7 [1201/1834] Building CXX object modules/CMakeFiles/modules.dir/mod-playerbots/src/Ai/Base/Actions/BattleGroundTactics.cpp.o
#25 1687.0 [1202/1834] Building CXX object modules/CMakeFiles/modules.dir/mod-playerbots/src/Ai/Base/Actions/BuyAction.cpp.o
#25 1690.0 [1203/1834] Building CXX object modules/CMakeFiles/modules.dir/mod-playerbots/src/Ai/Base/Actions/CancelChannelAction.cpp.o
#25 1702.5 [1204/1834] Building CXX object modules/CMakeFiles/modules.dir/mod-playerbots/src/Ai/Base/Actions/CastCustomSpellAction.cpp.o
#25 1707.3 [1205/1834] Building CXX object modules/CMakeFiles/modules.dir/mod-playerbots/src/Ai/Base/Actions/ChangeChatAction.cpp.o
#25 1709.7 [1206/1834] Building CXX object modules/CMakeFiles/modules.dir/mod-playerbots/src/Ai/Base/Actions/ChangeStrategyAction.cpp.o
#25 1715.2 [1207/1834] Building CXX object modules/CMakeFiles/modules.dir/mod-playerbots/src/Ai/Base/Actions/ChangeTalentsAction.cpp.o
#25 1719.3 [1208/1834] Building CXX object modules/CMakeFiles/modules.dir/mod-playerbots/src/Ai/Base/Actions/ChatShortcutActions.cpp.o
#25 1729.9 [1209/1834] Building CXX object modules/CMakeFiles/modules.dir/mod-playerbots/src/Ai/Base/Actions/CheatAction.cpp.o
#25 1732.7 [1210/1834] Building CXX object modules/CMakeFiles/modules.dir/mod-playerbots/src/Ai/Base/Actions/CheckMailAction.cpp.o
#25 1740.1 [1211/1834] Building CXX object modules/CMakeFiles/modules.dir/mod-playerbots/src/Ai/Base/Actions/CheckValuesAction.cpp.o
#25 1742.3 [1212/1834] Building CXX object modules/CMakeFiles/modules.dir/mod-playerbots/src/Ai/Base/Actions/CheckMountStateAction.cpp.o
#25 1750.9 [1213/1834] Building CXX object modules/CMakeFiles/modules.dir/mod-playerbots/src/Ai/Base/Actions/ChooseRpgTargetAction.cpp.o
#25 1758.8 [1214/1834] Building CXX object modules/CMakeFiles/modules.dir/mod-playerbots/src/Ai/Base/Actions/ChooseTargetActions.cpp.o
#25 1764.4 [1215/1834] Building CXX object modules/CMakeFiles/modules.dir/mod-playerbots/src/Ai/Base/Actions/ChooseTravelTargetAction.cpp.o
#25 1768.1 [1216/1834] Building CXX object modules/CMakeFiles/modules.dir/mod-playerbots/src/Ai/Base/Actions/CombatActions.cpp.o
#25 1769.9 [1217/1834] Building CXX object modules/CMakeFiles/modules.dir/mod-playerbots/src/Ai/Base/Actions/CustomStrategyEditAction.cpp.o
#25 1781.4 [1218/1834] Building CXX object modules/CMakeFiles/modules.dir/mod-playerbots/src/Ai/Base/Actions/DebugAction.cpp.o
#25 1783.2 [1219/1834] Building CXX object modules/CMakeFiles/modules.dir/mod-playerbots/src/Ai/Base/Actions/DelayAction.cpp.o
#25 1793.1 [1220/1834] Building CXX object modules/CMakeFiles/modules.dir/mod-playerbots/src/Ai/Base/Actions/DestroyItemAction.cpp.o
#25 1798.1 [1221/1834] Building CXX object modules/CMakeFiles/modules.dir/mod-playerbots/src/Ai/Base/Actions/DropQuestAction.cpp.o
#25 1800.6 [1222/1834] Building CXX object modules/CMakeFiles/modules.dir/mod-playerbots/src/Ai/Base/Actions/EmoteAction.cpp.o
#25 1811.9 [1223/1834] Building CXX object modules/CMakeFiles/modules.dir/mod-playerbots/src/Ai/Base/Actions/EquipGlyphsAction.cpp.o
#25 1811.9 [1224/1834] Building CXX object modules/CMakeFiles/modules.dir/mod-playerbots/src/Ai/Base/Actions/EquipAction.cpp.o
#25 1823.8 [1225/1834] Building CXX object modules/CMakeFiles/modules.dir/mod-playerbots/src/Ai/Base/Actions/FishingAction.cpp.o
#25 1825.8 [1226/1834] Building CXX object modules/CMakeFiles/modules.dir/mod-playerbots/src/Ai/Base/Actions/FlagAction.cpp.o
#25 1830.5 [1227/1834] Building CXX object modules/CMakeFiles/modules.dir/mod-playerbots/src/Ai/Base/Actions/FollowActions.cpp.o
#25 1841.6 [1228/1834] Building CXX object modules/CMakeFiles/modules.dir/mod-playerbots/src/Ai/Base/Actions/GiveItemAction.cpp.o
#25 1843.5 [1229/1834] Building CXX object modules/CMakeFiles/modules.dir/mod-playerbots/src/Ai/Base/Actions/GenericSpellActions.cpp.o
#25 1853.1 [1230/1834] Building CXX object modules/CMakeFiles/modules.dir/mod-playerbots/src/Ai/Base/Actions/GossipHelloAction.cpp.o
#25 1854.2 [1231/1834] Building CXX object modules/CMakeFiles/modules.dir/mod-playerbots/src/Ai/Base/Actions/GoAction.cpp.o
#25 1858.3 [1232/1834] Building CXX object modules/CMakeFiles/modules.dir/mod-playerbots/src/Ai/Base/Actions/GreetAction.cpp.o
#25 1868.7 [1233/1834] Building CXX object modules/CMakeFiles/modules.dir/mod-playerbots/src/Ai/Base/Actions/GuildBankAction.cpp.o
#25 1870.5 [1234/1834] Building CXX object modules/CMakeFiles/modules.dir/mod-playerbots/src/Ai/Base/Actions/GuildAcceptAction.cpp.o
#25 1883.9 [1235/1834] Building CXX object modules/CMakeFiles/modules.dir/mod-playerbots/src/Ai/Base/Actions/GuildCreateActions.cpp.o
#25 1886.1 [1236/1834] Building CXX object modules/CMakeFiles/modules.dir/mod-playerbots/src/Ai/Base/Actions/GuildManagementActions.cpp.o
#25 1889.0 [1237/1834] Building CXX object modules/CMakeFiles/modules.dir/mod-playerbots/src/Ai/Base/Actions/HelpAction.cpp.o
#25 1896.2 [1238/1834] Building CXX object modules/CMakeFiles/modules.dir/mod-playerbots/src/Ai/Base/Actions/HireAction.cpp.o
#25 1898.4 [1239/1834] Building CXX object modules/CMakeFiles/modules.dir/mod-playerbots/src/Ai/Base/Actions/ImbueAction.cpp.o
#25 1914.3 [1240/1834] Building CXX object modules/CMakeFiles/modules.dir/mod-playerbots/src/Ai/Base/Actions/InventoryChangeFailureAction.cpp.o
#25 1915.0 [1241/1834] Building CXX object modules/CMakeFiles/modules.dir/mod-playerbots/src/Ai/Base/Actions/InventoryAction.cpp.o
#25 1922.6 [1242/1834] Building CXX object modules/CMakeFiles/modules.dir/mod-playerbots/src/Ai/Base/Actions/InviteToGroupAction.cpp.o
#25 1926.6 [1243/1834] Building CXX object modules/CMakeFiles/modules.dir/mod-playerbots/src/Ai/Base/Actions/LeaveGroupAction.cpp.o
#25 1930.3 [1244/1834] Building CXX object modules/CMakeFiles/modules.dir/mod-playerbots/src/Ai/Base/Actions/LfgActions.cpp.o
#25 1943.3 [1245/1834] Building CXX object modules/CMakeFiles/modules.dir/mod-playerbots/src/Ai/Base/Actions/ListQuestsActions.cpp.o
#25 1944.4 [1246/1834] Building CXX object modules/CMakeFiles/modules.dir/mod-playerbots/src/Ai/Base/Actions/ListSpellsAction.cpp.o
#25 1950.1 [1247/1834] Building CXX object modules/CMakeFiles/modules.dir/mod-playerbots/src/Ai/Base/Actions/LogLevelAction.cpp.o
#25 1957.3 [1248/1834] Building CXX object modules/CMakeFiles/modules.dir/mod-playerbots/src/Ai/Base/Actions/LootAction.cpp.o
#25 1959.5 [1249/1834] Building CXX object modules/CMakeFiles/modules.dir/mod-playerbots/src/Ai/Base/Actions/LootRollAction.cpp.o
#25 1971.7 [1250/1834] Building CXX object modules/CMakeFiles/modules.dir/mod-playerbots/src/Ai/Base/Actions/LootStrategyAction.cpp.o
#25 1974.7 [1251/1834] Building CXX object modules/CMakeFiles/modules.dir/mod-playerbots/src/Ai/Base/Actions/MailAction.cpp.o
#25 1979.9 [1252/1834] Building CXX object modules/CMakeFiles/modules.dir/mod-playerbots/src/Ai/Base/Actions/MoveToRpgTargetAction.cpp.o
#25 1986.8 [1253/1834] Building CXX object modules/CMakeFiles/modules.dir/mod-playerbots/src/Ai/Base/Actions/MoveToTravelTargetAction.cpp.o
#25 1994.4 [1254/1834] Building CXX object modules/CMakeFiles/modules.dir/mod-playerbots/src/Ai/Base/Actions/MovementActions.cpp.o
#25 1999.3 [1255/1834] Building CXX object modules/CMakeFiles/modules.dir/mod-playerbots/src/Ai/Base/Actions/NonCombatActions.cpp.o
#25 1999.4 [1256/1834] Building CXX object modules/CMakeFiles/modules.dir/mod-playerbots/src/Ai/Base/Actions/OpenItemAction.cpp.o
#25 2010.5 [1257/1834] Building CXX object modules/CMakeFiles/modules.dir/mod-playerbots/src/Ai/Base/Actions/OutfitAction.cpp.o
#25 2017.3 [1258/1834] Building CXX object modules/CMakeFiles/modules.dir/mod-playerbots/src/Ai/Base/Actions/PassLeadershipToMasterAction.cpp.o
#25 2021.9 [1259/1834] Building CXX object modules/CMakeFiles/modules.dir/mod-playerbots/src/Ai/Base/Actions/PetitionSignAction.cpp.o
#25 2028.8 [1260/1834] Building CXX object modules/CMakeFiles/modules.dir/mod-playerbots/src/Ai/Base/Actions/PositionAction.cpp.o
#25 2029.8 [1261/1834] Building CXX object modules/CMakeFiles/modules.dir/mod-playerbots/src/Ai/Base/Actions/PetsAction.cpp.o
#25 2040.7 [1262/1834] Building CXX object modules/CMakeFiles/modules.dir/mod-playerbots/src/Ai/Base/Actions/PullActions.cpp.o
#25 2047.5 [1263/1834] Building CXX object modules/CMakeFiles/modules.dir/mod-playerbots/src/Ai/Base/Actions/QueryQuestAction.cpp.o
#25 2047.5 [1264/1834] Building CXX object modules/CMakeFiles/modules.dir/mod-playerbots/src/Ai/Base/Actions/QueryItemUsageAction.cpp.o
#25 2054.1 [1265/1834] Building CXX object modules/CMakeFiles/modules.dir/mod-playerbots/src/Ai/Base/Actions/QuestConfirmAcceptAction.cpp.o
#25 2058.4 [1266/1834] Building CXX object modules/CMakeFiles/modules.dir/mod-playerbots/src/Ai/Base/Actions/QuestAction.cpp.o
#25 2069.8 [1267/1834] Building CXX object modules/CMakeFiles/modules.dir/mod-playerbots/src/Ai/Base/Actions/RandomBotUpdateAction.cpp.o
#25 2075.5 [1268/1834] Building CXX object modules/CMakeFiles/modules.dir/mod-playerbots/src/Ai/Base/Actions/RangeAction.cpp.o
#25 2076.9 [1269/1834] Building CXX object modules/CMakeFiles/modules.dir/mod-playerbots/src/Ai/Base/Actions/ReachTargetActions.cpp.o
#25 2084.2 [1270/1834] Building CXX object modules/CMakeFiles/modules.dir/mod-playerbots/src/Ai/Base/Actions/ReadyCheckAction.cpp.o
#25 2086.2 [1271/1834] Building CXX object modules/CMakeFiles/modules.dir/mod-playerbots/src/Ai/Base/Actions/RememberTaxiAction.cpp.o
#25 2088.1 [1272/1834] Building CXX object modules/CMakeFiles/modules.dir/mod-playerbots/src/Ai/Base/Actions/ReleaseSpiritAction.cpp.o
#25 2103.7 [1273/1834] Building CXX object modules/CMakeFiles/modules.dir/mod-playerbots/src/Ai/Base/Actions/RemoveAuraAction.cpp.o
#25 2105.5 [1274/1834] Building CXX object modules/CMakeFiles/modules.dir/mod-playerbots/src/Ai/Base/Actions/RepairAllAction.cpp.o
#25 2109.9 [1275/1834] Building CXX object modules/CMakeFiles/modules.dir/mod-playerbots/src/Ai/Base/Actions/ResetInstancesAction.cpp.o
#25 2114.1 [1276/1834] Building CXX object modules/CMakeFiles/modules.dir/mod-playerbots/src/Ai/Base/Actions/ResetAiAction.cpp.o
#25 2114.5 [1277/1834] Building CXX object modules/CMakeFiles/modules.dir/mod-playerbots/src/Ai/Base/Actions/RevealGatheringItemAction.cpp.o
#25 2133.2 [1278/1834] Building CXX object modules/CMakeFiles/modules.dir/mod-playerbots/src/Ai/Base/Actions/RewardAction.cpp.o
#25 2135.0 [1279/1834] Building CXX object modules/CMakeFiles/modules.dir/mod-playerbots/src/Ai/Base/Actions/ReviveFromCorpseAction.cpp.o
#25 2137.3 [1280/1834] Building CXX object modules/CMakeFiles/modules.dir/mod-playerbots/src/Ai/Base/Actions/RtiAction.cpp.o
#25 2141.7 [1281/1834] Building CXX object modules/CMakeFiles/modules.dir/mod-playerbots/src/Ai/Base/Actions/RtscAction.cpp.o
#25 2142.6 [1282/1834] Building CXX object modules/CMakeFiles/modules.dir/mod-playerbots/src/Ai/Base/Actions/SaveManaAction.cpp.o
#25 2164.7 [1283/1834] Building CXX object modules/CMakeFiles/modules.dir/mod-playerbots/src/Ai/Base/Actions/SecurityCheckAction.cpp.o
#25 2168.2 [1284/1834] Building CXX object modules/CMakeFiles/modules.dir/mod-playerbots/src/Ai/Base/Actions/SeeSpellAction.cpp.o
#25 2171.1 [1285/1834] Building CXX object modules/CMakeFiles/modules.dir/mod-playerbots/src/Ai/Base/Actions/SellAction.cpp.o
#25 2173.9 [1286/1834] Building CXX object modules/CMakeFiles/modules.dir/mod-playerbots/src/Ai/Base/Actions/SendMailAction.cpp.o
#25 2178.7 [1287/1834] Building CXX object modules/CMakeFiles/modules.dir/mod-playerbots/src/Ai/Base/Actions/SayAction.cpp.o
#25 2194.6 [1288/1834] Building CXX object modules/CMakeFiles/modules.dir/mod-playerbots/src/Ai/Base/Actions/SetCraftAction.cpp.o
#25 2198.0 [1289/1834] Building CXX object modules/CMakeFiles/modules.dir/mod-playerbots/src/Ai/Base/Actions/SetFocusHealTargetsAction.cpp.o
#25 2199.3 [1290/1834] Building CXX object modules/CMakeFiles/modules.dir/mod-playerbots/src/Ai/Base/Actions/SetHomeAction.cpp.o
#25 2203.3 [1291/1834] Building CXX object modules/CMakeFiles/modules.dir/mod-playerbots/src/Ai/Base/Actions/ShareQuestAction.cpp.o
#25 2207.5 [1292/1834] Building CXX object modules/CMakeFiles/modules.dir/mod-playerbots/src/Ai/Base/Actions/SkipSpellsListAction.cpp.o
#25 2220.1 [1293/1834] Building CXX object modules/CMakeFiles/modules.dir/mod-playerbots/src/Ai/Base/Actions/StatsAction.cpp.o
#25 2227.3 [1294/1834] Building CXX object modules/CMakeFiles/modules.dir/mod-playerbots/src/Ai/Base/Actions/StayActions.cpp.o
#25 2232.2 [1295/1834] Building CXX object modules/CMakeFiles/modules.dir/mod-playerbots/src/Ai/Base/Actions/SuggestWhatToDoAction.cpp.o
#25 2233.9 [1296/1834] Building CXX object modules/CMakeFiles/modules.dir/mod-playerbots/src/Ai/Base/Actions/TalkToQuestGiverAction.cpp.o
#25 2235.4 [1297/1834] Building CXX object modules/CMakeFiles/modules.dir/mod-playerbots/src/Ai/Base/Actions/TameAction.cpp.o
#25 2249.5 [1298/1834] Building CXX object modules/CMakeFiles/modules.dir/mod-playerbots/src/Ai/Base/Actions/TaxiAction.cpp.o
#25 2253.0 [1299/1834] Building CXX object modules/CMakeFiles/modules.dir/mod-playerbots/src/Ai/Base/Actions/TeleportAction.cpp.o
#25 2259.2 [1300/1834] Building CXX object modules/CMakeFiles/modules.dir/mod-playerbots/src/Ai/Base/Actions/TellCastFailedAction.cpp.o
#25 2261.1 [1301/1834] Building CXX object modules/CMakeFiles/modules.dir/mod-playerbots/src/Ai/Base/Actions/TellEmblemsAction.cpp.o
#25 2263.5 [1302/1834] Building CXX object modules/CMakeFiles/modules.dir/mod-playerbots/src/Ai/Base/Actions/TellGlyphsAction.cpp.o
#25 2277.7 [1303/1834] Building CXX object modules/CMakeFiles/modules.dir/mod-playerbots/src/Ai/Base/Actions/TellItemCountAction.cpp.o
#25 2284.1 [1304/1834] Building CXX object modules/CMakeFiles/modules.dir/mod-playerbots/src/Ai/Base/Actions/TellLosAction.cpp.o
#25 2286.9 [1305/1834] Building CXX object modules/CMakeFiles/modules.dir/mod-playerbots/src/Ai/Base/Actions/TellMasterAction.cpp.o
#25 2287.9 [1306/1834] Building CXX object modules/CMakeFiles/modules.dir/mod-playerbots/src/Ai/Base/Actions/TellReputationAction.cpp.o
#25 2290.6 [1307/1834] Building CXX object modules/CMakeFiles/modules.dir/mod-playerbots/src/Ai/Base/Actions/TellPvpStatsAction.cpp.o
#25 2302.7 [1308/1834] Building CXX object modules/CMakeFiles/modules.dir/mod-playerbots/src/Ai/Base/Actions/TellTargetAction.cpp.o
#25 2309.3 [1309/1834] Building CXX object modules/CMakeFiles/modules.dir/mod-playerbots/src/Ai/Base/Actions/TradeAction.cpp.o
#25 2312.9 [1310/1834] Building CXX object modules/CMakeFiles/modules.dir/mod-playerbots/src/Ai/Base/Actions/TradeStatusExtendedAction.cpp.o
#25 2319.5 [1311/1834] Building CXX object modules/CMakeFiles/modules.dir/mod-playerbots/src/Ai/Base/Actions/TradeValues.cpp.o
#25 2319.9 [1312/1834] Building CXX object modules/CMakeFiles/modules.dir/mod-playerbots/src/Ai/Base/Actions/TradeStatusAction.cpp.o
#25 2336.8 [1313/1834] Building CXX object modules/CMakeFiles/modules.dir/mod-playerbots/src/Ai/Base/Actions/TrainerAction.cpp.o
#25 2340.9 [1314/1834] Building CXX object modules/CMakeFiles/modules.dir/mod-playerbots/src/Ai/Base/Actions/TravelAction.cpp.o
#25 2341.9 [1315/1834] Building CXX object modules/CMakeFiles/modules.dir/mod-playerbots/src/Ai/Base/Actions/UnequipAction.cpp.o
#25 2344.1 [1316/1834] Building CXX object modules/CMakeFiles/modules.dir/mod-playerbots/src/Ai/Base/Actions/UnlockItemAction.cpp.o
#25 2344.6 [1317/1834] Building CXX object modules/CMakeFiles/modules.dir/mod-playerbots/src/Ai/Base/Actions/UnlockTradedItemAction.cpp.o
#25 2367.3 [1318/1834] Building CXX object modules/CMakeFiles/modules.dir/mod-playerbots/src/Ai/Base/Actions/UseItemAction.cpp.o
#25 2370.7 [1319/1834] Building CXX object modules/CMakeFiles/modules.dir/mod-playerbots/src/Ai/Base/Actions/VehicleActions.cpp.o
#25 2372.3 [1320/1834] Building CXX object modules/CMakeFiles/modules.dir/mod-playerbots/src/Ai/Base/Actions/UseMeetingStoneAction.cpp.o
#25 2375.1 [1321/1834] Building CXX object modules/CMakeFiles/modules.dir/mod-playerbots/src/Ai/Base/Actions/WaitForAttackAction.cpp.o
#25 2375.5 [1322/1834] Building CXX object modules/CMakeFiles/modules.dir/mod-playerbots/src/Ai/Base/Actions/WhoAction.cpp.o
#25 2392.5 [1323/1834] Building CXX object modules/CMakeFiles/modules.dir/mod-playerbots/src/Ai/Base/Actions/WipeAction.cpp.o
#25 2399.0 [1324/1834] Building CXX object modules/CMakeFiles/modules.dir/mod-playerbots/src/Ai/Base/Actions/WorldBuffAction.cpp.o
#25 2402.8 [1325/1834] Building CXX object modules/CMakeFiles/modules.dir/mod-playerbots/src/Ai/Base/Actions/WtsAction.cpp.o
#25 2403.5 [1326/1834] Building CXX object modules/CMakeFiles/modules.dir/mod-playerbots/src/Ai/Base/Actions/XpGainAction.cpp.o
#25 2404.4 [1327/1834] Building CXX object modules/CMakeFiles/modules.dir/mod-playerbots/src/Ai/Base/Strategy/AggressiveStrategy.cpp.o
#25 2418.1 [1328/1834] Building CXX object modules/CMakeFiles/modules.dir/mod-playerbots/src/Ai/Base/Strategy/CombatStrategy.cpp.o
#25 2420.4 [1329/1834] Building CXX object modules/CMakeFiles/modules.dir/mod-playerbots/src/Ai/Base/Strategy/AttackEnemyPlayersStrategy.cpp.o
#25 2422.8 [1330/1834] Building CXX object modules/CMakeFiles/modules.dir/mod-playerbots/src/Ai/Base/Strategy/ChatCommandHandlerStrategy.cpp.o
#25 2429.8 [1331/1834] Building CXX object modules/CMakeFiles/modules.dir/mod-playerbots/src/Ai/Base/Strategy/BattlegroundStrategy.cpp.o
#25 2430.4 [1332/1834] Building CXX object modules/CMakeFiles/modules.dir/mod-playerbots/src/Ai/Base/Strategy/CastTimeStrategy.cpp.o
#25 2443.7 [1333/1834] Building CXX object modules/CMakeFiles/modules.dir/mod-playerbots/src/Ai/Base/Strategy/DuelStrategy.cpp.o
#25 2446.8 [1334/1834] Building CXX object modules/CMakeFiles/modules.dir/mod-playerbots/src/Ai/Base/Strategy/ConserveManaStrategy.cpp.o
#25 2448.0 [1335/1834] Building CXX object modules/CMakeFiles/modules.dir/mod-playerbots/src/Ai/Base/Strategy/DeadStrategy.cpp.o
#25 2450.0 [1336/1834] Building CXX object modules/CMakeFiles/modules.dir/mod-playerbots/src/Ai/Base/Strategy/DebugStrategy.cpp.o
#25 2457.9 [1337/1834] Building CXX object modules/CMakeFiles/modules.dir/mod-playerbots/src/Ai/Base/Strategy/DpsAssistStrategy.cpp.o
#25 2460.3 [1338/1834] Building CXX object modules/CMakeFiles/modules.dir/mod-playerbots/src/Ai/Base/Strategy/FollowMasterStrategy.cpp.o
#25 2471.6 [1339/1834] Building CXX object modules/CMakeFiles/modules.dir/mod-playerbots/src/Ai/Base/Strategy/EmoteStrategy.cpp.o
#25 2473.0 [1340/1834] Building CXX object modules/CMakeFiles/modules.dir/mod-playerbots/src/Ai/Base/Strategy/GuardStrategy.cpp.o
#25 2475.0 [1341/1834] Building CXX object modules/CMakeFiles/modules.dir/mod-playerbots/src/Ai/Base/Strategy/FleeStrategy.cpp.o
#25 2477.8 [1342/1834] Building CXX object modules/CMakeFiles/modules.dir/mod-playerbots/src/Ai/Base/Strategy/GrindingStrategy.cpp.o
#25 2486.2 [1343/1834] Building CXX object modules/CMakeFiles/modules.dir/mod-playerbots/src/Ai/Base/Strategy/GroupStrategy.cpp.o
#25 2500.0 [1344/1834] Building CXX object modules/CMakeFiles/modules.dir/mod-playerbots/src/Ai/Base/Strategy/GuildStrategy.cpp.o
#25 2501.4 [1345/1834] Building CXX object modules/CMakeFiles/modules.dir/mod-playerbots/src/Ai/Base/Strategy/KiteStrategy.cpp.o
#25 2504.1 [1346/1834] Building CXX object modules/CMakeFiles/modules.dir/mod-playerbots/src/Ai/Base/Strategy/LfgStrategy.cpp.o
#25 2506.9 [1347/1834] Building CXX object modules/CMakeFiles/modules.dir/mod-playerbots/src/Ai/Base/Strategy/LootNonCombatStrategy.cpp.o
#25 2515.5 [1348/1834] Building CXX object modules/CMakeFiles/modules.dir/mod-playerbots/src/Ai/Base/Strategy/MaintenanceStrategy.cpp.o
#25 2520.7 [1349/1834] Building CXX object modules/CMakeFiles/modules.dir/mod-playerbots/src/Ai/Base/Strategy/NonCombatStrategy.cpp.o
#25 2527.9 [1350/1834] Building CXX object modules/CMakeFiles/modules.dir/mod-playerbots/src/Ai/Base/Strategy/MarkRtiStrategy.cpp.o
#25 2529.4 [1351/1834] Building CXX object modules/CMakeFiles/modules.dir/mod-playerbots/src/Ai/Base/Strategy/MeleeCombatStrategy.cpp.o
#25 2531.7 [1352/1834] Building CXX object modules/CMakeFiles/modules.dir/mod-playerbots/src/Ai/Base/Strategy/MoveFromGroupStrategy.cpp.o
#25 2543.5 [1353/1834] Building CXX object modules/CMakeFiles/modules.dir/mod-playerbots/src/Ai/Base/Strategy/PassThroughStrategy.cpp.o
#25 2544.4 [1354/1834] Building CXX object modules/CMakeFiles/modules.dir/mod-playerbots/src/Ai/Base/Strategy/RTSCStrategy.cpp.o
#25 2547.6 [1355/1834] Building CXX object modules/CMakeFiles/modules.dir/mod-playerbots/src/Ai/Base/Strategy/PassiveStrategy.cpp.o
#25 2557.7 [1356/1834] Building CXX object modules/CMakeFiles/modules.dir/mod-playerbots/src/Ai/Base/Strategy/PullStrategy.cpp.o
#25 2558.1 [1357/1834] Building CXX object modules/CMakeFiles/modules.dir/mod-playerbots/src/Ai/Base/Strategy/QuestStrategies.cpp.o
#25 2571.7 [1358/1834] Building CXX object modules/CMakeFiles/modules.dir/mod-playerbots/src/Ai/Base/Strategy/RacialsStrategy.cpp.o
#25 2572.4 [1359/1834] Building CXX object modules/CMakeFiles/modules.dir/mod-playerbots/src/Ai/Base/Strategy/RangedCombatStrategy.cpp.o
#25 2575.0 [1360/1834] Building CXX object modules/CMakeFiles/modules.dir/mod-playerbots/src/Ai/Base/Strategy/ReturnStrategy.cpp.o
#25 2585.4 [1361/1834] Building CXX object modules/CMakeFiles/modules.dir/mod-playerbots/src/Ai/Base/Strategy/RunawayStrategy.cpp.o
#25 2585.6 [1362/1834] Building CXX object modules/CMakeFiles/modules.dir/mod-playerbots/src/Ai/Base/Strategy/SayStrategy.cpp.o
#25 2600.1 [1363/1834] Building CXX object modules/CMakeFiles/modules.dir/mod-playerbots/src/Ai/Base/Strategy/StayStrategy.cpp.o
#25 2600.4 [1364/1834] Building CXX object modules/CMakeFiles/modules.dir/mod-playerbots/src/Ai/Base/Strategy/TankAssistStrategy.cpp.o
#25 2602.4 [1365/1834] Building CXX object modules/CMakeFiles/modules.dir/mod-playerbots/src/Ai/Base/Strategy/TellTargetStrategy.cpp.o
#25 2612.9 [1366/1834] Building CXX object modules/CMakeFiles/modules.dir/mod-playerbots/src/Ai/Base/Strategy/TravelStrategy.cpp.o
#25 2613.5 [1367/1834] Building CXX object modules/CMakeFiles/modules.dir/mod-playerbots/src/Ai/Base/Strategy/UsePotionsStrategy.cpp.o
#25 2613.8 [1368/1834] Building CXX object modules/CMakeFiles/modules.dir/mod-playerbots/src/Ai/Base/Strategy/ThreatStrategy.cpp.o
#25 2628.4 [1369/1834] Building CXX object modules/CMakeFiles/modules.dir/mod-playerbots/src/Ai/Base/Strategy/UseFoodStrategy.cpp.o
#25 2629.2 [1370/1834] Building CXX object modules/CMakeFiles/modules.dir/mod-playerbots/src/Ai/Base/Strategy/WorldPacketHandlerStrategy.cpp.o
#25 2631.5 [1371/1834] Building CXX object modules/CMakeFiles/modules.dir/mod-playerbots/src/Ai/Base/Strategy/WaitForAttackStrategy.cpp.o
#25 2641.2 [1372/1834] Building CXX object modules/CMakeFiles/modules.dir/mod-playerbots/src/Ai/Base/Trigger/BossAuraTriggers.cpp.o
#25 2641.6 [1373/1834] Building CXX object modules/CMakeFiles/modules.dir/mod-playerbots/src/Ai/Base/Trigger/ChatCommandTrigger.cpp.o
#25 2656.4 [1374/1834] Building CXX object modules/CMakeFiles/modules.dir/mod-playerbots/src/Ai/Base/Trigger/CureTriggers.cpp.o
#25 2656.6 [1375/1834] Building CXX object modules/CMakeFiles/modules.dir/mod-playerbots/src/Ai/Base/Trigger/FishingTriggers.cpp.o
#25 2665.8 [1376/1834] Building CXX object modules/CMakeFiles/modules.dir/mod-playerbots/src/Ai/Base/Trigger/GenericTriggers.cpp.o
#25 2669.2 [1377/1834] Building CXX object modules/CMakeFiles/modules.dir/mod-playerbots/src/Ai/Base/Trigger/GuildTriggers.cpp.o
#25 2669.6 [1378/1834] Building CXX object modules/CMakeFiles/modules.dir/mod-playerbots/src/Ai/Base/Trigger/HealthTriggers.cpp.o
#25 2683.9 [1379/1834] Building CXX object modules/CMakeFiles/modules.dir/mod-playerbots/src/Ai/Base/Trigger/LootTriggers.cpp.o
#25 2684.2 [1380/1834] Building CXX object modules/CMakeFiles/modules.dir/mod-playerbots/src/Ai/Base/Trigger/LfgTriggers.cpp.o
#25 2694.9 [1381/1834] Building CXX object modules/CMakeFiles/modules.dir/mod-playerbots/src/Ai/Base/Trigger/PullTriggers.cpp.o
#25 2697.7 [1382/1834] Building CXX object modules/CMakeFiles/modules.dir/mod-playerbots/src/Ai/Base/Trigger/RangeTriggers.cpp.o
#25 2700.5 [1383/1834] Building CXX object modules/CMakeFiles/modules.dir/mod-playerbots/src/Ai/Base/Trigger/PvpTriggers.cpp.o
#25 2712.4 [1384/1834] Building CXX object modules/CMakeFiles/modules.dir/mod-playerbots/src/Ai/Base/Trigger/RtiTriggers.cpp.o
#25 2712.7 [1385/1834] Building CXX object modules/CMakeFiles/modules.dir/mod-playerbots/src/Ai/Base/Trigger/RpgTriggers.cpp.o
#25 2723.2 [1386/1834] Building CXX object modules/CMakeFiles/modules.dir/mod-playerbots/src/Ai/Base/Trigger/StuckTriggers.cpp.o
#25 2724.8 [1387/1834] Building CXX object modules/CMakeFiles/modules.dir/mod-playerbots/src/Ai/Base/Trigger/TravelTriggers.cpp.o
#25 2727.7 [1388/1834] Building CXX object modules/CMakeFiles/modules.dir/mod-playerbots/src/Ai/Base/Trigger/WithinAreaTrigger.cpp.o
#25 2739.1 [1389/1834] Building CXX object modules/CMakeFiles/modules.dir/mod-playerbots/src/Ai/Base/Util/GenericBuffUtils.cpp.o
#25 2740.2 [1390/1834] Building CXX object modules/CMakeFiles/modules.dir/mod-playerbots/src/Ai/Base/Trigger/WorldPacketTrigger.cpp.o
#25 2751.2 [1391/1834] Building CXX object modules/CMakeFiles/modules.dir/mod-playerbots/src/Ai/Base/Value/ActiveSpellValue.cpp.o
#25 2753.0 [1392/1834] Building CXX object modules/CMakeFiles/modules.dir/mod-playerbots/src/Ai/Base/Value/AggressiveTargetValue.cpp.o
#25 2755.3 [1393/1834] Building CXX object modules/CMakeFiles/modules.dir/mod-playerbots/src/Ai/Base/Value/AlwaysLootListValue.cpp.o
#25 2766.1 [1394/1834] Building CXX object modules/CMakeFiles/modules.dir/mod-playerbots/src/Ai/Base/Value/AoeHealValues.cpp.o
#25 2768.8 [1395/1834] Building CXX object modules/CMakeFiles/modules.dir/mod-playerbots/src/Ai/Base/Value/AoeValues.cpp.o
#25 2775.2 [1396/1834] Building CXX object modules/CMakeFiles/modules.dir/mod-playerbots/src/Ai/Base/Value/Arrow.cpp.o
#25 2781.7 [1397/1834] Building CXX object modules/CMakeFiles/modules.dir/mod-playerbots/src/Ai/Base/Value/AttackerCountValues.cpp.o
#25 2784.4 [1398/1834] Building CXX object modules/CMakeFiles/modules.dir/mod-playerbots/src/Ai/Base/Value/AttackerWithoutAuraTargetValue.cpp.o
#25 2795.6 [1399/1834] Building CXX object modules/CMakeFiles/modules.dir/mod-playerbots/src/Ai/Base/Value/AttackersValue.cpp.o
#25 2796.2 [1400/1834] Building CXX object modules/CMakeFiles/modules.dir/mod-playerbots/src/Ai/Base/Value/AvailableLootValue.cpp.o
#25 2804.6 [1401/1834] Building CXX object modules/CMakeFiles/modules.dir/mod-playerbots/src/Ai/Base/Value/BudgetValues.cpp.o
#25 2806.6 [1402/1834] Building CXX object modules/CMakeFiles/modules.dir/mod-playerbots/src/Ai/Base/Value/CcTargetValue.cpp.o
#25 2814.4 [1403/1834] Building CXX object modules/CMakeFiles/modules.dir/mod-playerbots/src/Ai/Base/Value/CollisionValue.cpp.o
#25 2819.9 [1404/1834] Building CXX object modules/CMakeFiles/modules.dir/mod-playerbots/src/Ai/Base/Value/CurrentCcTargetValue.cpp.o
#25 2824.6 [1405/1834] Building CXX object modules/CMakeFiles/modules.dir/mod-playerbots/src/Ai/Base/Value/CurrentTargetValue.cpp.o
#25 2833.2 [1406/1834] Building CXX object modules/CMakeFiles/modules.dir/mod-playerbots/src/Ai/Base/Value/DistanceValue.cpp.o
#25 2835.5 [1407/1834] Building CXX object modules/CMakeFiles/modules.dir/mod-playerbots/src/Ai/Base/Value/DpsTargetValue.cpp.o
#25 2841.7 [1408/1834] Building CXX object modules/CMakeFiles/modules.dir/mod-playerbots/src/Ai/Base/Value/DuelTargetValue.cpp.o
#25 2847.0 [1409/1834] Building CXX object modules/CMakeFiles/modules.dir/mod-playerbots/src/Ai/Base/Value/EnemyHealerTargetValue.cpp.o
#25 2853.5 [1410/1834] Building CXX object modules/CMakeFiles/modules.dir/mod-playerbots/src/Ai/Base/Value/EnemyPlayerValue.cpp.o
#25 2862.3 [1411/1834] Building CXX object modules/CMakeFiles/modules.dir/mod-playerbots/src/Ai/Base/Value/EstimatedLifetimeValue.cpp.o
#25 2863.2 [1412/1834] Building CXX object modules/CMakeFiles/modules.dir/mod-playerbots/src/Ai/Base/Value/FishValues.cpp.o
#25 2871.3 [1413/1834] Building CXX object modules/CMakeFiles/modules.dir/mod-playerbots/src/Ai/Base/Value/Formations.cpp.o
#25 2876.3 [1414/1834] Building CXX object modules/CMakeFiles/modules.dir/mod-playerbots/src/Ai/Base/Value/GrindTargetValue.cpp.o
#25 2881.2 [1415/1834] Building CXX object modules/CMakeFiles/modules.dir/mod-playerbots/src/Ai/Base/Value/GroupLeaderValue.cpp.o
#25 2890.4 [1416/1834] Building CXX object modules/CMakeFiles/modules.dir/mod-playerbots/src/Ai/Base/Value/GuildValues.cpp.o
#25 2891.4 [1417/1834] Building CXX object modules/CMakeFiles/modules.dir/mod-playerbots/src/Ai/Base/Value/GroupValues.cpp.o
#25 2899.4 [1418/1834] Building CXX object modules/CMakeFiles/modules.dir/mod-playerbots/src/Ai/Base/Value/HasAvailableLootValue.cpp.o
#25 2903.8 [1419/1834] Building CXX object modules/CMakeFiles/modules.dir/mod-playerbots/src/Ai/Base/Value/HasTotemValue.cpp.o
#25 2910.0 [1420/1834] Building CXX object modules/CMakeFiles/modules.dir/mod-playerbots/src/Ai/Base/Value/InvalidTargetValue.cpp.o
#25 2917.4 [1421/1834] Building CXX object modules/CMakeFiles/modules.dir/mod-playerbots/src/Ai/Base/Value/IsBehindValue.cpp.o
#25 2919.1 [1422/1834] Building CXX object modules/CMakeFiles/modules.dir/mod-playerbots/src/Ai/Base/Value/IsFacingValue.cpp.o
#25 2927.9 [1423/1834] Building CXX object modules/CMakeFiles/modules.dir/mod-playerbots/src/Ai/Base/Value/IsMovingValue.cpp.o
#25 2928.3 [1424/1834] Building CXX object modules/CMakeFiles/modules.dir/mod-playerbots/src/Ai/Base/Value/ItemCountValue.cpp.o
#25 2935.3 [1425/1834] Building CXX object modules/CMakeFiles/modules.dir/mod-playerbots/src/Ai/Base/Value/LastMovementValue.cpp.o
#25 2937.6 [1426/1834] Building CXX object modules/CMakeFiles/modules.dir/mod-playerbots/src/Ai/Base/Value/ItemForSpellValue.cpp.o
#25 2948.8 [1427/1834] Building CXX object modules/CMakeFiles/modules.dir/mod-playerbots/src/Ai/Base/Value/ItemUsageValue.cpp.o
#25 2955.6 [1428/1834] Building CXX object modules/CMakeFiles/modules.dir/mod-playerbots/src/Ai/Base/Value/LeastHpTargetValue.cpp.o
#25 2956.0 [1429/1834] Building CXX object modules/CMakeFiles/modules.dir/mod-playerbots/src/Ai/Base/Value/LastSpellCastValue.cpp.o
#25 2963.0 [1430/1834] Building CXX object modules/CMakeFiles/modules.dir/mod-playerbots/src/Ai/Base/Value/LineTargetValue.cpp.o
#25 2965.1 [1431/1834] Building CXX object modules/CMakeFiles/modules.dir/mod-playerbots/src/Ai/Base/Value/LootStrategyValue.cpp.o
#25 2982.9 [1432/1834] Building CXX object modules/CMakeFiles/modules.dir/mod-playerbots/src/Ai/Base/Value/LootValues.cpp.o
#25 2984.2 [1433/1834] Building CXX object modules/CMakeFiles/modules.dir/mod-playerbots/src/Ai/Base/Value/NearestAdsValue.cpp.o
#25 2984.4 [1434/1834] Building CXX object modules/CMakeFiles/modules.dir/mod-playerbots/src/Ai/Base/Value/MaintenanceValues.cpp.o
#25 2986.1 [1435/1834] Building CXX object modules/CMakeFiles/modules.dir/mod-playerbots/src/Ai/Base/Value/NearestCorpsesValue.cpp.o
#25 2993.8 [1436/1834] Building CXX object modules/CMakeFiles/modules.dir/mod-playerbots/src/Ai/Base/Value/NearestFriendlyPlayersValue.cpp.o
#25 3012.1 [1437/1834] Building CXX object modules/CMakeFiles/modules.dir/mod-playerbots/src/Ai/Base/Value/NearestGameObjects.cpp.o
#25 3013.3 [1438/1834] Building CXX object modules/CMakeFiles/modules.dir/mod-playerbots/src/Ai/Base/Value/NearestNonBotPlayersValue.cpp.o
#25 3014.2 [1439/1834] Building CXX object modules/CMakeFiles/modules.dir/mod-playerbots/src/Ai/Base/Value/NearestNpcsValue.cpp.o
#25 3014.8 [1440/1834] Building CXX object modules/CMakeFiles/modules.dir/mod-playerbots/src/Ai/Base/Value/NearestUnitsValue.cpp.o
#25 3021.9 [1441/1834] Building CXX object modules/CMakeFiles/modules.dir/mod-playerbots/src/Ai/Base/Value/NewPlayerNearbyValue.cpp.o
#25 3038.8 [1442/1834] Building CXX object modules/CMakeFiles/modules.dir/mod-playerbots/src/Ai/Base/Value/PartyMemberToDispel.cpp.o
#25 3040.5 [1443/1834] Building CXX object modules/CMakeFiles/modules.dir/mod-playerbots/src/Ai/Base/Value/PartyMemberSnaredTargetValue.cpp.o
#25 3041.0 [1444/1834] Building CXX object modules/CMakeFiles/modules.dir/mod-playerbots/src/Ai/Base/Value/OutfitListValue.cpp.o
#25 3042.8 [1445/1834] Building CXX object modules/CMakeFiles/modules.dir/mod-playerbots/src/Ai/Base/Value/PartyMemberToHeal.cpp.o
#25 3049.6 [1446/1834] Building CXX object modules/CMakeFiles/modules.dir/mod-playerbots/src/Ai/Base/Value/PartyMemberToResurrect.cpp.o
#25 3063.6 [1447/1834] Building CXX object modules/CMakeFiles/modules.dir/mod-playerbots/src/Ai/Base/Value/PartyMemberValue.cpp.o
#25 3068.3 [1448/1834] Building CXX object modules/CMakeFiles/modules.dir/mod-playerbots/src/Ai/Base/Value/PartyMemberWithoutAuraValue.cpp.o
#25 3069.0 [1449/1834] Building CXX object modules/CMakeFiles/modules.dir/mod-playerbots/src/Ai/Base/Value/PartyMemberWithoutItemValue.cpp.o
#25 3071.3 [1450/1834] Building CXX object modules/CMakeFiles/modules.dir/mod-playerbots/src/Ai/Base/Value/PetTargetValue.cpp.o
#25 3078.0 [1451/1834] Building CXX object modules/CMakeFiles/modules.dir/mod-playerbots/src/Ai/Base/Value/PositionValue.cpp.o
#25 3095.9 [1452/1834] Building CXX object modules/CMakeFiles/modules.dir/mod-playerbots/src/Ai/Base/Value/PossibleRpgTargetsValue.cpp.o
#25 3096.8 [1453/1834] Building CXX object modules/CMakeFiles/modules.dir/mod-playerbots/src/Ai/Base/Value/PossibleTargetsValue.cpp.o
#25 3101.2 [1454/1834] Building CXX object modules/CMakeFiles/modules.dir/mod-playerbots/src/Ai/Base/Value/PvpValues.cpp.o
#25 3106.3 [1455/1834] Building CXX object modules/CMakeFiles/modules.dir/mod-playerbots/src/Ai/Base/Value/RTSCValues.cpp.o
#25 3108.9 [1456/1834] Building CXX object modules/CMakeFiles/modules.dir/mod-playerbots/src/Ai/Base/Value/QuestValues.cpp.o
#25 3123.8 [1457/1834] Building CXX object modules/CMakeFiles/modules.dir/mod-playerbots/src/Ai/Base/Value/RangeValues.cpp.o
#25 3124.7 [1458/1834] Building CXX object modules/CMakeFiles/modules.dir/mod-playerbots/src/Ai/Base/Value/RtiTargetValue.cpp.o
#25 3128.6 [1459/1834] Building CXX object modules/CMakeFiles/modules.dir/mod-playerbots/src/Ai/Base/Value/RtiValue.cpp.o
#25 3133.5 [1460/1834] Building CXX object modules/CMakeFiles/modules.dir/mod-playerbots/src/Ai/Base/Value/SelfTargetValue.cpp.o
#25 3137.3 [1461/1834] Building CXX object modules/CMakeFiles/modules.dir/mod-playerbots/src/Ai/Base/Value/SkipSpellsListValue.cpp.o
#25 3148.2 [1462/1834] Building CXX object modules/CMakeFiles/modules.dir/mod-playerbots/src/Ai/Base/Value/SnareTargetValue.cpp.o
#25 3152.1 [1463/1834] Building CXX object modules/CMakeFiles/modules.dir/mod-playerbots/src/Ai/Base/Value/SpellCastUsefulValue.cpp.o
#25 3157.3 [1464/1834] Building CXX object modules/CMakeFiles/modules.dir/mod-playerbots/src/Ai/Base/Value/SpellIdValue.cpp.o
#25 3160.4 [1465/1834] Building CXX object modules/CMakeFiles/modules.dir/mod-playerbots/src/Ai/Base/Value/StatsValues.cpp.o
#25 3162.2 [1466/1834] Building CXX object modules/CMakeFiles/modules.dir/mod-playerbots/src/Ai/Base/Value/Stances.cpp.o
#25 3175.0 [1467/1834] Building CXX object modules/CMakeFiles/modules.dir/mod-playerbots/src/Ai/Base/Value/TankTargetValue.cpp.o
#25 3181.8 [1468/1834] Building CXX object modules/CMakeFiles/modules.dir/mod-playerbots/src/Ai/Base/Value/TargetValue.cpp.o
#25 3185.3 [1469/1834] Building CXX object modules/CMakeFiles/modules.dir/mod-playerbots/src/Ai/Base/Value/ThreatValues.cpp.o
#25 3189.0 [1470/1834] Building CXX object modules/CMakeFiles/modules.dir/mod-playerbots/src/Ai/Class/Dk/DKActions.cpp.o
#25 3197.8 [1471/1834] Building CXX object modules/CMakeFiles/modules.dir/mod-playerbots/src/Ai/Class/Dk/DKAiObjectContext.cpp.o
#25 3202.9 [1472/1834] Building CXX object modules/CMakeFiles/modules.dir/mod-playerbots/src/Ai/Class/Dk/DKTriggers.cpp.o
#25 3210.5 [1473/1834] Building CXX object modules/CMakeFiles/modules.dir/mod-playerbots/src/Ai/Class/Dk/Strategy/GenericDKNonCombatStrategy.cpp.o
#25 3211.2 [1474/1834] Building CXX object modules/CMakeFiles/modules.dir/mod-playerbots/src/Ai/Class/Dk/Strategy/BloodDKStrategy.cpp.o
#25 3213.9 [1475/1834] Building CXX object modules/CMakeFiles/modules.dir/mod-playerbots/src/Ai/Class/Dk/Strategy/DeathKnightPullStrategy.cpp.o
#25 3218.8 [1476/1834] Building CXX object modules/CMakeFiles/modules.dir/mod-playerbots/src/Ai/Class/Dk/Strategy/FrostDKStrategy.cpp.o
#25 3232.3 [1477/1834] Building CXX object modules/CMakeFiles/modules.dir/mod-playerbots/src/Ai/Class/Dk/Strategy/GenericDKStrategy.cpp.o
#25 3241.1 [1478/1834] Building CXX object modules/CMakeFiles/modules.dir/mod-playerbots/src/Ai/Class/Dk/Strategy/UnholyDKStrategy.cpp.o
#25 3242.4 [1479/1834] Building CXX object modules/CMakeFiles/modules.dir/mod-playerbots/src/Ai/Class/Druid/DruidTriggers.cpp.o
#25 3249.4 [1480/1834] Building CXX object modules/CMakeFiles/modules.dir/mod-playerbots/src/Ai/Class/Druid/Action/DruidActions.cpp.o
#25 3251.4 [1481/1834] Building CXX object modules/CMakeFiles/modules.dir/mod-playerbots/src/Ai/Class/Druid/DruidAiObjectContext.cpp.o
#25 3260.2 [1482/1834] Building CXX object modules/CMakeFiles/modules.dir/mod-playerbots/src/Ai/Class/Druid/Action/DruidBearActions.cpp.o
#25 3264.2 [1483/1834] Building CXX object modules/CMakeFiles/modules.dir/mod-playerbots/src/Ai/Class/Druid/Strategy/BalanceDruidStrategy.cpp.o
#25 3265.3 [1484/1834] Building CXX object modules/CMakeFiles/modules.dir/mod-playerbots/src/Ai/Class/Druid/Action/DruidCatActions.cpp.o
#25 3272.0 [1485/1834] Building CXX object modules/CMakeFiles/modules.dir/mod-playerbots/src/Ai/Class/Druid/Action/DruidShapeshiftActions.cpp.o
#25 3275.9 [1486/1834] Building CXX object modules/CMakeFiles/modules.dir/mod-playerbots/src/Ai/Class/Druid/Strategy/CatDruidStrategy.cpp.o
#25 3281.8 [1487/1834] Building CXX object modules/CMakeFiles/modules.dir/mod-playerbots/src/Ai/Class/Druid/Strategy/BearDruidStrategy.cpp.o
#25 3291.6 [1488/1834] Building CXX object modules/CMakeFiles/modules.dir/mod-playerbots/src/Ai/Class/Druid/Strategy/DruidPullStrategy.cpp.o
#25 3294.6 [1489/1834] Building CXX object modules/CMakeFiles/modules.dir/mod-playerbots/src/Ai/Class/Druid/Strategy/FeralDruidStrategy.cpp.o
#25 3303.6 [1490/1834] Building CXX object modules/CMakeFiles/modules.dir/mod-playerbots/src/Ai/Class/Druid/Strategy/GenericDruidNonCombatStrategy.cpp.o
#25 3307.2 [1491/1834] Building CXX object modules/CMakeFiles/modules.dir/mod-playerbots/src/Ai/Class/Druid/Strategy/GenericDruidStrategy.cpp.o
#25 3311.6 [1492/1834] Building CXX object modules/CMakeFiles/modules.dir/mod-playerbots/src/Ai/Class/Druid/Strategy/RestoDruidStrategy.cpp.o
#25 3319.5 [1493/1834] Building CXX object modules/CMakeFiles/modules.dir/mod-playerbots/src/Ai/Class/Hunter/HunterActions.cpp.o
#25 3329.7 [1494/1834] Building CXX object modules/CMakeFiles/modules.dir/mod-playerbots/src/Ai/Class/Hunter/HunterAiObjectContext.cpp.o
#25 3332.8 [1495/1834] Building CXX object modules/CMakeFiles/modules.dir/mod-playerbots/src/Ai/Class/Hunter/HunterTriggers.cpp.o
#25 3334.4 [1496/1834] Building CXX object modules/CMakeFiles/modules.dir/mod-playerbots/src/Ai/Class/Hunter/Strategy/GenericHunterStrategy.cpp.o
#25 3335.5 [1497/1834] Building CXX object modules/CMakeFiles/modules.dir/mod-playerbots/src/Ai/Class/Hunter/Strategy/BeastMasteryHunterStrategy.cpp.o
#25 3341.2 [1498/1834] Building CXX object modules/CMakeFiles/modules.dir/mod-playerbots/src/Ai/Class/Hunter/Strategy/GenericHunterNonCombatStrategy.cpp.o
#25 3359.0 [1499/1834] Building CXX object modules/CMakeFiles/modules.dir/mod-playerbots/src/Ai/Class/Hunter/Strategy/HunterBuffStrategies.cpp.o
#25 3361.9 [1500/1834] Building CXX object modules/CMakeFiles/modules.dir/mod-playerbots/src/Ai/Class/Hunter/Strategy/MarksmanshipHunterStrategy.cpp.o
#25 3364.1 [1501/1834] Building CXX object modules/CMakeFiles/modules.dir/mod-playerbots/src/Ai/Class/Hunter/Strategy/SurvivalHunterStrategy.cpp.o
#25 3365.1 [1502/1834] Building CXX object modules/CMakeFiles/modules.dir/mod-playerbots/src/Ai/Class/Mage/MageActions.cpp.o
#25 3377.4 [1503/1834] Building CXX object modules/CMakeFiles/modules.dir/mod-playerbots/src/Ai/Class/Mage/MageAiObjectContext.cpp.o
#25 3388.3 [1504/1834] Building CXX object modules/CMakeFiles/modules.dir/mod-playerbots/src/Ai/Class/Mage/MageTriggers.cpp.o
#25 3390.7 [1505/1834] Building CXX object modules/CMakeFiles/modules.dir/mod-playerbots/src/Ai/Class/Mage/Strategy/ArcaneMageStrategy.cpp.o
#25 3391.6 [1506/1834] Building CXX object modules/CMakeFiles/modules.dir/mod-playerbots/src/Ai/Class/Mage/Strategy/FireMageStrategy.cpp.o
#25 3393.2 [1507/1834] Building CXX object modules/CMakeFiles/modules.dir/mod-playerbots/src/Ai/Class/Mage/Strategy/FrostFireMageStrategy.cpp.o
#25 3405.7 [1508/1834] Building CXX object modules/CMakeFiles/modules.dir/mod-playerbots/src/Ai/Class/Mage/Strategy/FrostMageStrategy.cpp.o
#25 3417.6 [1509/1834] Building CXX object modules/CMakeFiles/modules.dir/mod-playerbots/src/Ai/Class/Mage/Strategy/GenericMageNonCombatStrategy.cpp.o
#25 3422.0 [1510/1834] Building CXX object modules/CMakeFiles/modules.dir/mod-playerbots/src/Ai/Class/Paladin/PaladinTriggers.cpp.o
#25 3422.9 [1511/1834] Building CXX object modules/CMakeFiles/modules.dir/mod-playerbots/src/Ai/Class/Mage/Strategy/GenericMageStrategy.cpp.o
#25 3429.8 [1512/1834] Building CXX object modules/CMakeFiles/modules.dir/mod-playerbots/src/Ai/Class/Paladin/PaladinAiObjectContext.cpp.o
#25 3436.0 [1513/1834] Building CXX object modules/CMakeFiles/modules.dir/mod-playerbots/src/Ai/Class/Paladin/Actions/PaladinActions.cpp.o
#25 3445.6 [1514/1834] Building CXX object modules/CMakeFiles/modules.dir/mod-playerbots/src/Ai/Class/Paladin/Strategy/GenericPaladinStrategy.cpp.o
#25 3451.1 [1515/1834] Building CXX object modules/CMakeFiles/modules.dir/mod-playerbots/src/Ai/Class/Paladin/Strategy/DpsPaladinStrategy.cpp.o
#25 3452.6 [1516/1834] Building CXX object modules/CMakeFiles/modules.dir/mod-playerbots/src/Ai/Class/Paladin/Actions/PaladinGreaterBlessingAction.cpp.o
#25 3453.1 [1517/1834] Building CXX object modules/CMakeFiles/modules.dir/mod-playerbots/src/Ai/Class/Paladin/Strategy/GenericPaladinNonCombatStrategy.cpp.o
#25 3463.7 [1518/1834] Building CXX object modules/CMakeFiles/modules.dir/mod-playerbots/src/Ai/Class/Paladin/Strategy/HealPaladinStrategy.cpp.o
#25 3476.3 [1519/1834] Building CXX object modules/CMakeFiles/modules.dir/mod-playerbots/src/Ai/Class/Paladin/Strategy/OffhealRetPaladinStrategy.cpp.o
#25 3479.4 [1520/1834] Building CXX object modules/CMakeFiles/modules.dir/mod-playerbots/src/Ai/Class/Paladin/Strategy/PaladinPullStrategy.cpp.o
#25 3480.7 [1521/1834] Building CXX object modules/CMakeFiles/modules.dir/mod-playerbots/src/Ai/Class/Paladin/Strategy/PaladinBuffStrategies.cpp.o
#25 3483.1 [1522/1834] Building CXX object modules/CMakeFiles/modules.dir/mod-playerbots/src/Ai/Class/Paladin/Strategy/TankPaladinStrategy.cpp.o
#25 3491.9 [1523/1834] Building CXX object modules/CMakeFiles/modules.dir/mod-playerbots/src/Ai/Class/Priest/PriestActions.cpp.o
#25 3507.2 [1524/1834] Building CXX object modules/CMakeFiles/modules.dir/mod-playerbots/src/Ai/Class/Priest/PriestTriggers.cpp.o
#25 3513.0 [1525/1834] Building CXX object modules/CMakeFiles/modules.dir/mod-playerbots/src/Ai/Class/Priest/Strategy/GenericPriestStrategy.cpp.o
#25 3513.0 [1526/1834] Building CXX object modules/CMakeFiles/modules.dir/mod-playerbots/src/Ai/Class/Priest/PriestAiObjectContext.cpp.o
#25 3515.6 [1527/1834] Building CXX object modules/CMakeFiles/modules.dir/mod-playerbots/src/Ai/Class/Priest/Strategy/HealPriestStrategy.cpp.o
#25 3523.8 [1528/1834] Building CXX object modules/CMakeFiles/modules.dir/mod-playerbots/src/Ai/Class/Priest/Strategy/HolyPriestStrategy.cpp.o
#25 3538.3 [1529/1834] Building CXX object modules/CMakeFiles/modules.dir/mod-playerbots/src/Ai/Class/Priest/Strategy/PriestNonCombatStrategy.cpp.o
#25 3542.2 [1530/1834] Building CXX object modules/CMakeFiles/modules.dir/mod-playerbots/src/Ai/Class/Priest/Strategy/ShadowPriestStrategy.cpp.o
#25 3543.8 [1531/1834] Building CXX object modules/CMakeFiles/modules.dir/mod-playerbots/src/Ai/Class/Rogue/RogueTriggers.cpp.o
#25 3546.5 [1532/1834] Building CXX object modules/CMakeFiles/modules.dir/mod-playerbots/src/Ai/Class/Rogue/RogueAiObjectContext.cpp.o
#25 3552.8 [1533/1834] Building CXX object modules/CMakeFiles/modules.dir/mod-playerbots/src/Ai/Class/Rogue/Action/RogueActions.cpp.o
#25 3566.1 [1534/1834] Building CXX object modules/CMakeFiles/modules.dir/mod-playerbots/src/Ai/Class/Rogue/Action/RogueComboActions.cpp.o
#25 3569.8 [1535/1834] Building CXX object modules/CMakeFiles/modules.dir/mod-playerbots/src/Ai/Class/Rogue/Action/RogueOpeningActions.cpp.o
#25 3573.7 [1536/1834] Building CXX object modules/CMakeFiles/modules.dir/mod-playerbots/src/Ai/Class/Rogue/Strategy/AssassinationRogueStrategy.cpp.o
#25 3577.5 [1537/1834] Building CXX object modules/CMakeFiles/modules.dir/mod-playerbots/src/Ai/Class/Rogue/Strategy/DpsRogueStrategy.cpp.o
#25 3581.2 [1538/1834] Building CXX object modules/CMakeFiles/modules.dir/mod-playerbots/src/Ai/Class/Rogue/Strategy/GenericRogueNonCombatStrategy.cpp.o
#25 3593.5 [1539/1834] Building CXX object modules/CMakeFiles/modules.dir/mod-playerbots/src/Ai/Class/Shaman/ShamanActions.cpp.o
#25 3603.4 [1540/1834] Building CXX object modules/CMakeFiles/modules.dir/mod-playerbots/src/Ai/Class/Shaman/ShamanTriggers.cpp.o
#25 3607.3 [1541/1834] Building CXX object modules/CMakeFiles/modules.dir/mod-playerbots/src/Ai/Class/Shaman/Strategy/ElementalShamanStrategy.cpp.o
#25 3608.7 [1542/1834] Building CXX object modules/CMakeFiles/modules.dir/mod-playerbots/src/Ai/Class/Shaman/ShamanAiObjectContext.cpp.o
#25 3610.5 [1543/1834] Building CXX object modules/CMakeFiles/modules.dir/mod-playerbots/src/Ai/Class/Shaman/Strategy/EnhancementShamanStrategy.cpp.o
#25 3624.5 [1544/1834] Building CXX object modules/CMakeFiles/modules.dir/mod-playerbots/src/Ai/Class/Shaman/Strategy/GenericShamanStrategy.cpp.o
#25 3632.9 [1545/1834] Building CXX object modules/CMakeFiles/modules.dir/mod-playerbots/src/Ai/Class/Shaman/Strategy/RestoShamanStrategy.cpp.o
#25 3638.2 [1546/1834] Building CXX object modules/CMakeFiles/modules.dir/mod-playerbots/src/Ai/Class/Shaman/Strategy/ShamanNonCombatStrategy.cpp.o
#25 3639.4 [1547/1834] Building CXX object modules/CMakeFiles/modules.dir/mod-playerbots/src/Ai/Class/Shaman/Strategy/TotemsShamanStrategy.cpp.o
#25 3640.4 [1548/1834] Building CXX object modules/CMakeFiles/modules.dir/mod-playerbots/src/Ai/Class/Warlock/WarlockActions.cpp.o
#25 3661.8 [1549/1834] Building CXX object modules/CMakeFiles/modules.dir/mod-playerbots/src/Ai/Class/Warlock/WarlockAiObjectContext.cpp.o
#25 3662.2 [1550/1834] Building CXX object modules/CMakeFiles/modules.dir/mod-playerbots/src/Ai/Class/Warlock/WarlockTriggers.cpp.o
#25 3667.0 [1551/1834] Building CXX object modules/CMakeFiles/modules.dir/mod-playerbots/src/Ai/Class/Warlock/Strategy/AfflictionWarlockStrategy.cpp.o
#25 3668.1 [1552/1834] Building CXX object modules/CMakeFiles/modules.dir/mod-playerbots/src/Ai/Class/Warlock/Strategy/DemonologyWarlockStrategy.cpp.o
#25 3669.6 [1553/1834] Building CXX object modules/CMakeFiles/modules.dir/mod-playerbots/src/Ai/Class/Warlock/Strategy/DestructionWarlockStrategy.cpp.o
#25 3676.3 [1554/1834] Building CXX object modules/CMakeFiles/modules.dir/mod-playerbots/src/Ai/Class/Warlock/Strategy/GenericWarlockStrategy.cpp.o
#25 3679.7 [1555/1834] Building CXX object modules/CMakeFiles/modules.dir/mod-playerbots/src/Ai/Class/Warlock/Strategy/TankWarlockStrategy.cpp.o
#25 3692.7 [1556/1834] Building CXX object modules/CMakeFiles/modules.dir/mod-playerbots/src/Ai/Class/Warlock/Strategy/GenericWarlockNonCombatStrategy.cpp.o
#25 3694.8 [1557/1834] Building CXX object modules/CMakeFiles/modules.dir/mod-playerbots/src/Ai/Class/Warrior/Strategy/ArmsWarriorStrategy.cpp.o
#25 3696.9 [1558/1834] Building CXX object modules/CMakeFiles/modules.dir/mod-playerbots/src/Ai/Class/Warrior/WarriorActions.cpp.o
#25 3704.6 [1559/1834] Building CXX object modules/CMakeFiles/modules.dir/mod-playerbots/src/Ai/Class/Warrior/WarriorTriggers.cpp.o
#25 3705.3 [1560/1834] Building CXX object modules/CMakeFiles/modules.dir/mod-playerbots/src/Ai/Class/Warrior/WarriorAiObjectContext.cpp.o
#25 3707.5 [1561/1834] Building CXX object modules/CMakeFiles/modules.dir/mod-playerbots/src/Ai/Class/Warrior/Strategy/FuryWarriorStrategy.cpp.o
#25 3724.0 [1562/1834] Building CXX object modules/CMakeFiles/modules.dir/mod-playerbots/src/Ai/Class/Warrior/Strategy/GenericWarriorNonCombatStrategy.cpp.o
#25 3726.3 [1563/1834] Building CXX object modules/CMakeFiles/modules.dir/mod-playerbots/src/Ai/Class/Warrior/Strategy/GenericWarriorStrategy.cpp.o
#25 3728.5 [1564/1834] Building CXX object modules/CMakeFiles/modules.dir/mod-playerbots/src/Ai/Class/Warrior/Strategy/WarriorPullStrategy.cpp.o
#25 3732.7 [1565/1834] Building CXX object modules/CMakeFiles/modules.dir/mod-playerbots/src/Ai/Class/Warrior/Strategy/TankWarriorStrategy.cpp.o
#25 3735.5 [1566/1834] Building CXX object modules/CMakeFiles/modules.dir/mod-playerbots/src/Ai/Dungeon/AC/ACActions.cpp.o
#25 3747.3 [1567/1834] Building CXX object modules/CMakeFiles/modules.dir/mod-playerbots/src/Ai/Dungeon/AC/ACStrategy.cpp.o
#25 3752.5 [1568/1834] Building CXX object modules/CMakeFiles/modules.dir/mod-playerbots/src/Ai/Dungeon/AC/ACMultipliers.cpp.o
#25 3756.2 [1569/1834] Building CXX object modules/CMakeFiles/modules.dir/mod-playerbots/src/Ai/Dungeon/AC/ACTriggers.cpp.o
#25 3760.1 [1570/1834] Building CXX object modules/CMakeFiles/modules.dir/mod-playerbots/src/Ai/Dungeon/AK/AKStrategy.cpp.o
#25 3760.6 [1571/1834] Building CXX object modules/CMakeFiles/modules.dir/mod-playerbots/src/Ai/Dungeon/AK/AKActions.cpp.o
#25 3763.3 [1572/1834] Building CXX object modules/CMakeFiles/modules.dir/mod-playerbots/src/Ai/Dungeon/AK/AKMultipliers.cpp.o
#25 3773.5 [1573/1834] Building CXX object modules/CMakeFiles/modules.dir/mod-playerbots/src/Ai/Dungeon/AN/ANStrategy.cpp.o
#25 3780.4 [1574/1834] Building CXX object modules/CMakeFiles/modules.dir/mod-playerbots/src/Ai/Dungeon/AK/AKTriggers.cpp.o
#25 3783.8 [1575/1834] Building CXX object modules/CMakeFiles/modules.dir/mod-playerbots/src/Ai/Dungeon/AN/ANActions.cpp.o
#25 3787.8 [1576/1834] Building CXX object modules/CMakeFiles/modules.dir/mod-playerbots/src/Ai/Dungeon/AN/ANMultipliers.cpp.o
#25 3791.2 [1577/1834] Building CXX object modules/CMakeFiles/modules.dir/mod-playerbots/src/Ai/Dungeon/AN/ANTriggers.cpp.o
#25 3796.3 [1578/1834] Building CXX object modules/CMakeFiles/modules.dir/mod-playerbots/src/Ai/Dungeon/CoS/CoSStrategy.cpp.o
#25 3802.0 [1579/1834] Building CXX object modules/CMakeFiles/modules.dir/mod-playerbots/src/Ai/Dungeon/CoS/CoSActions.cpp.o
#25 3808.2 [1580/1834] Building CXX object modules/CMakeFiles/modules.dir/mod-playerbots/src/Ai/Dungeon/CoS/CoSMultipliers.cpp.o
#25 3815.7 [1581/1834] Building CXX object modules/CMakeFiles/modules.dir/mod-playerbots/src/Ai/Dungeon/DTK/DTKStrategy.cpp.o
#25 3816.4 [1582/1834] Building CXX object modules/CMakeFiles/modules.dir/mod-playerbots/src/Ai/Dungeon/CoS/CoSTriggers.cpp.o
#25 3819.9 [1583/1834] Building CXX object modules/CMakeFiles/modules.dir/mod-playerbots/src/Ai/Dungeon/DTK/DTKActions.cpp.o
#25 3824.6 [1584/1834] Building CXX object modules/CMakeFiles/modules.dir/mod-playerbots/src/Ai/Dungeon/DTK/DTKMultipliers.cpp.o
#25 3833.5 [1585/1834] Building CXX object modules/CMakeFiles/modules.dir/mod-playerbots/src/Ai/Dungeon/FoS/FoSStrategy.cpp.o
#25 3835.6 [1586/1834] Building CXX object modules/CMakeFiles/modules.dir/mod-playerbots/src/Ai/Dungeon/DTK/DTKTriggers.cpp.o
#25 3843.4 [1587/1834] Building CXX object modules/CMakeFiles/modules.dir/mod-playerbots/src/Ai/Dungeon/FoS/FoSActions.cpp.o
#25 3844.3 [1588/1834] Building CXX object modules/CMakeFiles/modules.dir/mod-playerbots/src/Ai/Dungeon/FoS/FoSMultipliers.cpp.o
#25 3852.3 [1589/1834] Building CXX object modules/CMakeFiles/modules.dir/mod-playerbots/src/Ai/Dungeon/FoS/FoSTriggers.cpp.o
#25 3856.4 [1590/1834] Building CXX object modules/CMakeFiles/modules.dir/mod-playerbots/src/Ai/Dungeon/GD/GDStrategy.cpp.o
#25 3861.4 [1591/1834] Building CXX object modules/CMakeFiles/modules.dir/mod-playerbots/src/Ai/Dungeon/GD/GDActions.cpp.o
#25 3862.8 [1592/1834] Building CXX object modules/CMakeFiles/modules.dir/mod-playerbots/src/Ai/Dungeon/GD/GDMultipliers.cpp.o
#25 3871.8 [1593/1834] Building CXX object modules/CMakeFiles/modules.dir/mod-playerbots/src/Ai/Dungeon/GD/GDTriggers.cpp.o
#25 3875.3 [1594/1834] Building CXX object modules/CMakeFiles/modules.dir/mod-playerbots/src/Ai/Dungeon/HoL/HoLStrategy.cpp.o
#25 3880.8 [1595/1834] Building CXX object modules/CMakeFiles/modules.dir/mod-playerbots/src/Ai/Dungeon/HoL/HoLActions.cpp.o
#25 3884.5 [1596/1834] Building CXX object modules/CMakeFiles/modules.dir/mod-playerbots/src/Ai/Dungeon/HoL/HoLMultipliers.cpp.o
#25 3889.8 [1597/1834] Building CXX object modules/CMakeFiles/modules.dir/mod-playerbots/src/Ai/Dungeon/HoL/HoLTriggers.cpp.o
#25 3893.7 [1598/1834] Building CXX object modules/CMakeFiles/modules.dir/mod-playerbots/src/Ai/Dungeon/HoS/HoSStrategy.cpp.o
#25 3899.9 [1599/1834] Building CXX object modules/CMakeFiles/modules.dir/mod-playerbots/src/Ai/Dungeon/HoS/HoSActions.cpp.o
#25 3903.8 [1600/1834] Building CXX object modules/CMakeFiles/modules.dir/mod-playerbots/src/Ai/Dungeon/HoS/HoSMultipliers.cpp.o
#25 3912.6 [1601/1834] Building CXX object modules/CMakeFiles/modules.dir/mod-playerbots/src/Ai/Dungeon/HoS/HoSTriggers.cpp.o
#25 3918.5 [1602/1834] Building CXX object modules/CMakeFiles/modules.dir/mod-playerbots/src/Ai/Dungeon/Mech/MechActions.cpp.o
#25 3921.3 [1603/1834] Building CXX object modules/CMakeFiles/modules.dir/mod-playerbots/src/Ai/Dungeon/Mech/MechMultipliers.cpp.o
#25 3926.0 [1604/1834] Building CXX object modules/CMakeFiles/modules.dir/mod-playerbots/src/Ai/Dungeon/Mech/MechStrategy.cpp.o
#25 3929.4 [1605/1834] Building CXX object modules/CMakeFiles/modules.dir/mod-playerbots/src/Ai/Dungeon/Mech/MechShared.cpp.o
#25 3939.6 [1606/1834] Building CXX object modules/CMakeFiles/modules.dir/mod-playerbots/src/Ai/Dungeon/Nex/NexStrategy.cpp.o
#25 3940.6 [1607/1834] Building CXX object modules/CMakeFiles/modules.dir/mod-playerbots/src/Ai/Dungeon/Mech/MechTriggers.cpp.o
#25 3946.3 [1608/1834] Building CXX object modules/CMakeFiles/modules.dir/mod-playerbots/src/Ai/Dungeon/Nex/NexActions.cpp.o
#25 3949.1 [1609/1834] Building CXX object modules/CMakeFiles/modules.dir/mod-playerbots/src/Ai/Dungeon/Nex/NexMultipliers.cpp.o
#25 3958.0 [1610/1834] Building CXX object modules/CMakeFiles/modules.dir/mod-playerbots/src/Ai/Dungeon/Nex/NexTriggers.cpp.o
#25 3959.7 [1611/1834] Building CXX object modules/CMakeFiles/modules.dir/mod-playerbots/src/Ai/Dungeon/OC/OCStrategy.cpp.o
#25 3968.8 [1612/1834] Building CXX object modules/CMakeFiles/modules.dir/mod-playerbots/src/Ai/Dungeon/OC/OCMultipliers.cpp.o
#25 3968.9 [1613/1834] Building CXX object modules/CMakeFiles/modules.dir/mod-playerbots/src/Ai/Dungeon/OC/OCActions.cpp.o
#25 3977.1 [1614/1834] Building CXX object modules/CMakeFiles/modules.dir/mod-playerbots/src/Ai/Dungeon/OC/OCTriggers.cpp.o
#25 3982.3 [1615/1834] Building CXX object modules/CMakeFiles/modules.dir/mod-playerbots/src/Ai/Dungeon/PoS/PoSStrategy.cpp.o
#25 3985.7 [1616/1834] Building CXX object modules/CMakeFiles/modules.dir/mod-playerbots/src/Ai/Dungeon/PoS/PoSActions.cpp.o
#25 3988.3 [1617/1834] Building CXX object modules/CMakeFiles/modules.dir/mod-playerbots/src/Ai/Dungeon/PoS/PoSMultipliers.cpp.o
#25 3996.3 [1618/1834] Building CXX object modules/CMakeFiles/modules.dir/mod-playerbots/src/Ai/Dungeon/PoS/PoSTriggers.cpp.o
#25 3999.5 [1619/1834] Building CXX object modules/CMakeFiles/modules.dir/mod-playerbots/src/Ai/Dungeon/Seth/SethStrategy.cpp.o
#25 4005.2 [1620/1834] Building CXX object modules/CMakeFiles/modules.dir/mod-playerbots/src/Ai/Dungeon/Seth/SethActions.cpp.o
#25 4010.3 [1621/1834] Building CXX object modules/CMakeFiles/modules.dir/mod-playerbots/src/Ai/Dungeon/Seth/SethMultipliers.cpp.o
#25 4016.7 [1622/1834] Building CXX object modules/CMakeFiles/modules.dir/mod-playerbots/src/Ai/Dungeon/Seth/SethTriggers.cpp.o
#25 4018.7 [1623/1834] Building CXX object modules/CMakeFiles/modules.dir/mod-playerbots/src/Ai/Dungeon/TOC/TOCStrategy.cpp.o
#25 4025.8 [1624/1834] Building CXX object modules/CMakeFiles/modules.dir/mod-playerbots/src/Ai/Dungeon/TOC/TOCActions.cpp.o
#25 4028.0 [1625/1834] Building CXX object modules/CMakeFiles/modules.dir/mod-playerbots/src/Ai/Dungeon/TOC/TOCMultipliers.cpp.o
#25 4038.8 [1626/1834] Building CXX object modules/CMakeFiles/modules.dir/mod-playerbots/src/Ai/Dungeon/TOC/TOCTriggers.cpp.o
#25 4045.1 [1627/1834] Building CXX object modules/CMakeFiles/modules.dir/mod-playerbots/src/Ai/Dungeon/UB/UBActions.cpp.o
#25 4046.4 [1628/1834] Building CXX object modules/CMakeFiles/modules.dir/mod-playerbots/src/Ai/Dungeon/UB/UBMultipliers.cpp.o
#25 4053.7 [1629/1834] Building CXX object modules/CMakeFiles/modules.dir/mod-playerbots/src/Ai/Dungeon/UB/UBShared.cpp.o
#25 4056.2 [1630/1834] Building CXX object modules/CMakeFiles/modules.dir/mod-playerbots/src/Ai/Dungeon/UB/UBStrategy.cpp.o
#25 4065.7 [1631/1834] Building CXX object modules/CMakeFiles/modules.dir/mod-playerbots/src/Ai/Dungeon/UB/UBTriggers.cpp.o
#25 4067.2 [1632/1834] Building CXX object modules/CMakeFiles/modules.dir/mod-playerbots/src/Ai/Dungeon/UK/UKStrategy.cpp.o
#25 4073.1 [1633/1834] Building CXX object modules/CMakeFiles/modules.dir/mod-playerbots/src/Ai/Dungeon/UK/UKActions.cpp.o
#25 4074.8 [1634/1834] Building CXX object modules/CMakeFiles/modules.dir/mod-playerbots/src/Ai/Dungeon/UK/UKMultipliers.cpp.o
#25 4084.0 [1635/1834] Building CXX object modules/CMakeFiles/modules.dir/mod-playerbots/src/Ai/Dungeon/UK/UKTriggers.cpp.o
#25 4087.1 [1636/1834] Building CXX object modules/CMakeFiles/modules.dir/mod-playerbots/src/Ai/Dungeon/UP/UPStrategy.cpp.o
#25 4094.0 [1637/1834] Building CXX object modules/CMakeFiles/modules.dir/mod-playerbots/src/Ai/Dungeon/UP/UPActions.cpp.o
#25 4095.3 [1638/1834] Building CXX object modules/CMakeFiles/modules.dir/mod-playerbots/src/Ai/Dungeon/UP/UPMultipliers.cpp.o
#25 4102.8 [1639/1834] Building CXX object modules/CMakeFiles/modules.dir/mod-playerbots/src/Ai/Dungeon/UP/UPTriggers.cpp.o
#25 4106.8 [1640/1834] Building CXX object modules/CMakeFiles/modules.dir/mod-playerbots/src/Ai/Dungeon/VH/VHStrategy.cpp.o
#25 4112.1 [1641/1834] Building CXX object modules/CMakeFiles/modules.dir/mod-playerbots/src/Ai/Dungeon/VH/VHActions.cpp.o
#25 4115.5 [1642/1834] Building CXX object modules/CMakeFiles/modules.dir/mod-playerbots/src/Ai/Dungeon/VH/VHMultipliers.cpp.o
#25 4119.4 [1643/1834] Building CXX object modules/CMakeFiles/modules.dir/mod-playerbots/src/Ai/Raid/Aq20/Aq20Strategy.cpp.o
#25 4122.8 [1644/1834] Building CXX object modules/CMakeFiles/modules.dir/mod-playerbots/src/Ai/Dungeon/VH/VHTriggers.cpp.o
#25 4127.9 [1645/1834] Building CXX object modules/CMakeFiles/modules.dir/mod-playerbots/src/Ai/Raid/Aq20/Aq20Utils.cpp.o
#25 4130.2 [1646/1834] Building CXX object modules/CMakeFiles/modules.dir/mod-playerbots/src/Ai/Raid/Aq20/Aq20Actions.cpp.o
#25 4140.6 [1647/1834] Building CXX object modules/CMakeFiles/modules.dir/mod-playerbots/src/Ai/Raid/Aq20/Aq20Triggers.cpp.o
#25 4149.7 [1648/1834] Building CXX object modules/CMakeFiles/modules.dir/mod-playerbots/src/Ai/Raid/BT/BTStrategy.cpp.o
#25 4152.5 [1649/1834] Building CXX object modules/CMakeFiles/modules.dir/mod-playerbots/src/Ai/Raid/BT/BTHelpers.cpp.o
#25 4156.6 [1650/1834] Building CXX object modules/CMakeFiles/modules.dir/mod-playerbots/src/Ai/Raid/BT/BTActions.cpp.o
#25 4157.1 [1651/1834] Building CXX object modules/CMakeFiles/modules.dir/mod-playerbots/src/Ai/Raid/BT/BTMultipliers.cpp.o
#25 4170.3 [1652/1834] Building CXX object modules/CMakeFiles/modules.dir/mod-playerbots/src/Ai/Raid/BT/BTTriggers.cpp.o
#25 4172.1 [1653/1834] Building CXX object modules/CMakeFiles/modules.dir/mod-playerbots/src/Ai/Raid/BWL/BWLStrategy.cpp.o
#25 4176.3 [1654/1834] Building CXX object modules/CMakeFiles/modules.dir/mod-playerbots/src/Ai/Raid/BWL/BWLActions.cpp.o
#25 4176.8 [1655/1834] Building CXX object modules/CMakeFiles/modules.dir/mod-playerbots/src/Ai/Raid/BWL/BWLHelpers.cpp.o
#25 4184.8 [1656/1834] Building CXX object modules/CMakeFiles/modules.dir/mod-playerbots/src/Ai/Raid/BWL/BWLMultipliers.cpp.o
#25 4189.7 [1657/1834] Building CXX object modules/CMakeFiles/modules.dir/mod-playerbots/src/Ai/Raid/EoE/EoEStrategy.cpp.o
#25 4199.1 [1658/1834] Building CXX object modules/CMakeFiles/modules.dir/mod-playerbots/src/Ai/Raid/BWL/BWLTriggers.cpp.o
#25 4200.9 [1659/1834] Building CXX object modules/CMakeFiles/modules.dir/mod-playerbots/src/Ai/Raid/EoE/EoEActions.cpp.o
#25 4205.2 [1660/1834] Building CXX object modules/CMakeFiles/modules.dir/mod-playerbots/src/Ai/Raid/EoE/EoEMultipliers.cpp.o
#25 4212.9 [1661/1834] Building CXX object modules/CMakeFiles/modules.dir/mod-playerbots/src/Ai/Raid/EoE/EoETriggers.cpp.o
#25 4219.0 [1662/1834] Building CXX object modules/CMakeFiles/modules.dir/mod-playerbots/src/Ai/Raid/Gruul/GruulActions.cpp.o
#25 4219.8 [1663/1834] Building CXX object modules/CMakeFiles/modules.dir/mod-playerbots/src/Ai/Raid/Gruul/GruulStrategy.cpp.o
#25 4226.6 [1664/1834] Building CXX object modules/CMakeFiles/modules.dir/mod-playerbots/src/Ai/Raid/Gruul/GruulHelpers.cpp.o
#25 4228.9 [1665/1834] Building CXX object modules/CMakeFiles/modules.dir/mod-playerbots/src/Ai/Raid/Gruul/GruulMultipliers.cpp.o
#25 4241.9 [1666/1834] Building CXX object modules/CMakeFiles/modules.dir/mod-playerbots/src/Ai/Raid/Gruul/GruulTriggers.cpp.o
#25 4242.5 [1667/1834] Building CXX object modules/CMakeFiles/modules.dir/mod-playerbots/src/Ai/Raid/Hyjal/HyjalStrategy.cpp.o
#25 4248.3 [1668/1834] Building CXX object modules/CMakeFiles/modules.dir/mod-playerbots/src/Ai/Raid/Hyjal/HyjalMultipliers.cpp.o
#25 4249.0 [1669/1834] Building CXX object modules/CMakeFiles/modules.dir/mod-playerbots/src/Ai/Raid/Hyjal/HyjalActions.cpp.o
#25 4257.7 [1670/1834] Building CXX object modules/CMakeFiles/modules.dir/mod-playerbots/src/Ai/Raid/Hyjal/HyjalTriggers.cpp.o
#25 4271.9 [1671/1834] Building CXX object modules/CMakeFiles/modules.dir/mod-playerbots/src/Ai/Raid/Hyjal/Util/HyjalHelpers.cpp.o
#25 4274.7 [1672/1834] Building CXX object modules/CMakeFiles/modules.dir/mod-playerbots/src/Ai/Raid/Hyjal/Util/HyjalScripts.cpp.o
#25 4280.9 [1673/1834] Building CXX object modules/CMakeFiles/modules.dir/mod-playerbots/src/Ai/Raid/ICC/ICCScripts.cpp.o
#25 4281.2 [1674/1834] Building CXX object modules/CMakeFiles/modules.dir/mod-playerbots/src/Ai/Raid/ICC/ICCMultipliers.cpp.o
#25 4289.6 [1675/1834] Building CXX object modules/CMakeFiles/modules.dir/mod-playerbots/src/Ai/Raid/ICC/ICCStrategy.cpp.o
#25 4290.0 [1676/1834] Building CXX object modules/CMakeFiles/modules.dir/mod-playerbots/src/Ai/Raid/ICC/ICCShared.cpp.o
#25 4307.5 [1677/1834] Building CXX object modules/CMakeFiles/modules.dir/mod-playerbots/src/Ai/Raid/ICC/ICCTriggers.cpp.o
#25 4314.2 [1678/1834] Building CXX object modules/CMakeFiles/modules.dir/mod-playerbots/src/Ai/Raid/ICC/Action/ICCActions_BPC.cpp.o
#25 4314.6 [1679/1834] Building CXX object modules/CMakeFiles/modules.dir/mod-playerbots/src/Ai/Raid/ICC/Action/ICCActions_BQL.cpp.o
#25 4320.5 [1680/1834] Building CXX object modules/CMakeFiles/modules.dir/mod-playerbots/src/Ai/Raid/ICC/Action/ICCActions_Dogs.cpp.o
#25 4320.6 [1681/1834] Building CXX object modules/CMakeFiles/modules.dir/mod-playerbots/src/Ai/Raid/ICC/Action/ICCActions_DBS.cpp.o
#25 4339.7 [1682/1834] Building CXX object modules/CMakeFiles/modules.dir/mod-playerbots/src/Ai/Raid/ICC/Action/ICCActions_FG.cpp.o
#25 4345.5 [1683/1834] Building CXX object modules/CMakeFiles/modules.dir/mod-playerbots/src/Ai/Raid/ICC/Action/ICCActions_LDW.cpp.o
#25 4346.5 [1684/1834] Building CXX object modules/CMakeFiles/modules.dir/mod-playerbots/src/Ai/Raid/ICC/Action/ICCActions_GSB.cpp.o
#25 4352.3 [1685/1834] Building CXX object modules/CMakeFiles/modules.dir/mod-playerbots/src/Ai/Raid/ICC/Action/ICCActions_LM.cpp.o
#25 4359.0 [1686/1834] Building CXX object modules/CMakeFiles/modules.dir/mod-playerbots/src/Ai/Raid/ICC/Action/ICCActions_LK.cpp.o
#25 4374.7 [1687/1834] Building CXX object modules/CMakeFiles/modules.dir/mod-playerbots/src/Ai/Raid/ICC/Action/ICCActions_PP.cpp.o
#25 4378.0 [1688/1834] Building CXX object modules/CMakeFiles/modules.dir/mod-playerbots/src/Ai/Raid/ICC/Action/ICCActions_RF.cpp.o
#25 4381.5 [1689/1834] Building CXX object modules/CMakeFiles/modules.dir/mod-playerbots/src/Ai/Raid/ICC/Action/ICCActions_SG.cpp.o
#25 4383.9 [1690/1834] Building CXX object modules/CMakeFiles/modules.dir/mod-playerbots/src/Ai/Raid/ICC/Action/ICCActions_SS.cpp.o
#25 4391.6 [1691/1834] Building CXX object modules/CMakeFiles/modules.dir/mod-playerbots/src/Ai/Raid/ICC/Action/ICCActions_VT.cpp.o
#25 4405.3 [1692/1834] Building CXX object modules/CMakeFiles/modules.dir/mod-playerbots/src/Ai/Raid/Kara/KaraActions.cpp.o
#25 4407.5 [1693/1834] Building CXX object modules/CMakeFiles/modules.dir/mod-playerbots/src/Ai/Raid/Kara/KaraHelpers.cpp.o
#25 4411.7 [1694/1834] Building CXX object modules/CMakeFiles/modules.dir/mod-playerbots/src/Ai/Raid/Kara/KaraMultipliers.cpp.o
#25 4416.3 [1695/1834] Building CXX object modules/CMakeFiles/modules.dir/mod-playerbots/src/Ai/Raid/Kara/KaraStrategy.cpp.o
#25 4420.9 [1696/1834] Building CXX object modules/CMakeFiles/modules.dir/mod-playerbots/src/Ai/Raid/Kara/KaraTriggers.cpp.o
#25 4433.4 [1697/1834] Building CXX object modules/CMakeFiles/modules.dir/mod-playerbots/src/Ai/Raid/MC/MCActions.cpp.o
#25 4436.3 [1698/1834] Building CXX object modules/CMakeFiles/modules.dir/mod-playerbots/src/Ai/Raid/MC/MCMultipliers.cpp.o
#25 4441.7 [1699/1834] Building CXX object modules/CMakeFiles/modules.dir/mod-playerbots/src/Ai/Raid/MC/MCStrategy.cpp.o
#25 4444.3 [1700/1834] Building CXX object modules/CMakeFiles/modules.dir/mod-playerbots/src/Ai/Raid/MC/MCTriggers.cpp.o
#25 4450.1 [1701/1834] Building CXX object modules/CMakeFiles/modules.dir/mod-playerbots/src/Ai/Raid/Mag/MagStrategy.cpp.o
#25 4451.2 [1702/1834] Building CXX object modules/CMakeFiles/modules.dir/mod-playerbots/src/Ai/Raid/Mag/MagActions.cpp.o
#25 4461.5 [1703/1834] Building CXX object modules/CMakeFiles/modules.dir/mod-playerbots/src/Ai/Raid/Mag/MagMultipliers.cpp.o
#25 4469.6 [1704/1834] Building CXX object modules/CMakeFiles/modules.dir/mod-playerbots/src/Ai/Raid/Mag/MagTriggers.cpp.o
#25 4472.3 [1705/1834] Building CXX object modules/CMakeFiles/modules.dir/mod-playerbots/src/Ai/Raid/Mag/Util/MagHelpers.cpp.o
#25 4480.8 [1706/1834] Building CXX object modules/CMakeFiles/modules.dir/mod-playerbots/src/Ai/Raid/Naxx/NaxxBossHelper.cpp.o
#25 4480.8 [1707/1834] Building CXX object modules/CMakeFiles/modules.dir/mod-playerbots/src/Ai/Raid/Mag/Util/MagScripts.cpp.o
#25 4481.1 [1708/1834] Building CXX object modules/CMakeFiles/modules.dir/mod-playerbots/src/Ai/Raid/Naxx/Action/NaxxActions_Faerlina.cpp.o
#25 4491.9 [1709/1834] Building CXX object modules/CMakeFiles/modules.dir/mod-playerbots/src/Ai/Raid/Naxx/NaxxMultipliers.cpp.o
#25 4500.1 [1710/1834] Building CXX object modules/CMakeFiles/modules.dir/mod-playerbots/src/Ai/Raid/Naxx/NaxxStrategy.cpp.o
#25 4500.2 [1711/1834] Building CXX object modules/CMakeFiles/modules.dir/mod-playerbots/src/Ai/Raid/Naxx/Action/NaxxActions_Gothik.cpp.o
#25 4502.7 [1712/1834] Building CXX object modules/CMakeFiles/modules.dir/mod-playerbots/src/Ai/Raid/Naxx/NaxxTriggers.cpp.o
#25 4509.6 [1713/1834] Building CXX object modules/CMakeFiles/modules.dir/mod-playerbots/src/Ai/Raid/Naxx/Action/NaxxActions_Anubrekhan.cpp.o
#25 4510.5 [1714/1834] Building CXX object modules/CMakeFiles/modules.dir/mod-playerbots/src/Ai/Raid/Naxx/Action/NaxxActions_FourHorsemen.cpp.o
#25 4521.9 [1715/1834] Building CXX object modules/CMakeFiles/modules.dir/mod-playerbots/src/Ai/Raid/Naxx/Action/NaxxActions_Gluth.cpp.o
#25 4522.2 [1716/1834] Building CXX object modules/CMakeFiles/modules.dir/mod-playerbots/src/Ai/Raid/Naxx/Action/NaxxActions_Maexxna.cpp.o
#25 4522.3 [1717/1834] Building CXX object modules/CMakeFiles/modules.dir/mod-playerbots/src/Ai/Raid/Naxx/Action/NaxxActions_Noth.cpp.o
#25 4529.3 [1718/1834] Building CXX object modules/CMakeFiles/modules.dir/mod-playerbots/src/Ai/Raid/Naxx/Action/NaxxActions_Grobbulus.cpp.o
#25 4530.6 [1719/1834] Building CXX object modules/CMakeFiles/modules.dir/mod-playerbots/src/Ai/Raid/Naxx/Action/NaxxActions_Heigan.cpp.o
#25 4539.6 [1720/1834] Building CXX object modules/CMakeFiles/modules.dir/mod-playerbots/src/Ai/Raid/Naxx/Action/NaxxActions_Loatheb.cpp.o
#25 4540.6 [1721/1834] Building CXX object modules/CMakeFiles/modules.dir/mod-playerbots/src/Ai/Raid/Naxx/Action/NaxxActions_Kelthuzad.cpp.o
#25 4551.1 [1722/1834] Building CXX object modules/CMakeFiles/modules.dir/mod-playerbots/src/Ai/Raid/Naxx/Action/NaxxActions_Patchwerk.cpp.o
#25 4558.5 [1723/1834] Building CXX object modules/CMakeFiles/modules.dir/mod-playerbots/src/Ai/Raid/Naxx/Action/NaxxActions_Razuvious.cpp.o
#25 4559.3 [1724/1834] Building CXX object modules/CMakeFiles/modules.dir/mod-playerbots/src/Ai/Raid/Naxx/Action/NaxxActions_Sapphiron.cpp.o
#25 4567.9 [1725/1834] Building CXX object modules/CMakeFiles/modules.dir/mod-playerbots/src/Ai/Raid/Naxx/Action/NaxxActions_Shared.cpp.o
#25 4569.7 [1726/1834] Building CXX object modules/CMakeFiles/modules.dir/mod-playerbots/src/Ai/Raid/Naxx/Action/NaxxActions_Thaddius.cpp.o
#25 4572.4 [1727/1834] Building CXX object modules/CMakeFiles/modules.dir/mod-playerbots/src/Ai/Raid/OS/OSStrategy.cpp.o
#25 4579.2 [1728/1834] Building CXX object modules/CMakeFiles/modules.dir/mod-playerbots/src/Ai/Raid/OS/OSActions.cpp.o
#25 4585.8 [1729/1834] Building CXX object modules/CMakeFiles/modules.dir/mod-playerbots/src/Ai/Raid/Ony/OnyStrategy.cpp.o
#25 4587.2 [1730/1834] Building CXX object modules/CMakeFiles/modules.dir/mod-playerbots/src/Ai/Raid/OS/OSMultipliers.cpp.o
#25 4596.0 [1731/1834] Building CXX object modules/CMakeFiles/modules.dir/mod-playerbots/src/Ai/Raid/OS/OSTriggers.cpp.o
#25 4597.9 [1732/1834] Building CXX object modules/CMakeFiles/modules.dir/mod-playerbots/src/Ai/Raid/Ony/OnyActions.cpp.o
#25 4607.4 [1733/1834] Building CXX object modules/CMakeFiles/modules.dir/mod-playerbots/src/Ai/Raid/Ony/OnyTriggers.cpp.o
#25 4611.4 [1734/1834] Building CXX object modules/CMakeFiles/modules.dir/mod-playerbots/src/Ai/Raid/RS/RSStrategy.cpp.o
#25 4618.7 [1735/1834] Building CXX object modules/CMakeFiles/modules.dir/mod-playerbots/src/Ai/Raid/RS/RSMultipliers.cpp.o
#25 4620.1 [1736/1834] Building CXX object modules/CMakeFiles/modules.dir/mod-playerbots/src/Ai/Raid/RS/RSScripts.cpp.o
#25 4628.4 [1737/1834] Building CXX object modules/CMakeFiles/modules.dir/mod-playerbots/src/Ai/Raid/RS/RSTriggers.cpp.o
#25 4637.7 [1738/1834] Building CXX object modules/CMakeFiles/modules.dir/mod-playerbots/src/Ai/Raid/RS/Action/RSActions_ADD.cpp.o
#25 4641.7 [1739/1834] Building CXX object modules/CMakeFiles/modules.dir/mod-playerbots/src/Ai/Raid/RS/Action/RSActions_BAL.cpp.o
#25 4649.3 [1740/1834] Building CXX object modules/CMakeFiles/modules.dir/mod-playerbots/src/Ai/Raid/RS/Action/RSActions_SAV.cpp.o
#25 4652.6 [1741/1834] Building CXX object modules/CMakeFiles/modules.dir/mod-playerbots/src/Ai/Raid/RS/Action/RSActions_HAL.cpp.o
#25 4657.8 [1742/1834] Building CXX object modules/CMakeFiles/modules.dir/mod-playerbots/src/Ai/Raid/RS/Action/RSActions_ZAR.cpp.o
#25 4669.3 [1743/1834] Building CXX object modules/CMakeFiles/modules.dir/mod-playerbots/src/Ai/Raid/SSC/SSCStrategy.cpp.o
#25 4671.4 [1744/1834] Building CXX object modules/CMakeFiles/modules.dir/mod-playerbots/src/Ai/Raid/SSC/SSCHelpers.cpp.o
#25 4674.3 [1745/1834] Building CXX object modules/CMakeFiles/modules.dir/mod-playerbots/src/Ai/Raid/SSC/SSCActions.cpp.o
#25 4678.9 [1746/1834] Building CXX object modules/CMakeFiles/modules.dir/mod-playerbots/src/Ai/Raid/SSC/SSCMultipliers.cpp.o
#25 4687.7 [1747/1834] Building CXX object modules/CMakeFiles/modules.dir/mod-playerbots/src/Ai/Raid/SSC/SSCTriggers.cpp.o
#25 4691.3 [1748/1834] Building CXX object modules/CMakeFiles/modules.dir/mod-playerbots/src/Ai/Raid/TK/TKStrategy.cpp.o
#25 4701.3 [1749/1834] Building CXX object modules/CMakeFiles/modules.dir/mod-playerbots/src/Ai/Raid/TK/TKMultipliers.cpp.o
#25 4704.3 [1750/1834] Building CXX object modules/CMakeFiles/modules.dir/mod-playerbots/src/Ai/Raid/TK/TKActions.cpp.o
#25 4709.0 [1751/1834] Building CXX object modules/CMakeFiles/modules.dir/mod-playerbots/src/Ai/Raid/TK/TKTriggers.cpp.o
#25 4715.2 [1752/1834] Building CXX object modules/CMakeFiles/modules.dir/mod-playerbots/src/Ai/Raid/TK/Util/TKScripts.cpp.o
#25 4718.0 [1753/1834] Building CXX object modules/CMakeFiles/modules.dir/mod-playerbots/src/Ai/Raid/TK/Util/TKHelpers.cpp.o
#25 4724.1 [1754/1834] Building CXX object modules/CMakeFiles/modules.dir/mod-playerbots/src/Ai/Raid/Uld/UldStrategy.cpp.o
#25 4735.6 [1755/1834] Building CXX object modules/CMakeFiles/modules.dir/mod-playerbots/src/Ai/Raid/Uld/UldActions.cpp.o
#25 4737.1 [1756/1834] Building CXX object modules/CMakeFiles/modules.dir/mod-playerbots/src/Ai/Raid/VoA/VoAStrategy.cpp.o
#25 4742.4 [1757/1834] Building CXX object modules/CMakeFiles/modules.dir/mod-playerbots/src/Ai/Raid/Uld/UldTriggers.cpp.o
#25 4744.4 [1758/1834] Building CXX object modules/CMakeFiles/modules.dir/mod-playerbots/src/Ai/Raid/Uld/Util/UldBossHelper.cpp.o
#25 4747.3 [1759/1834] Building CXX object modules/CMakeFiles/modules.dir/mod-playerbots/src/Ai/Raid/VoA/VoAActions.cpp.o
#25 4762.5 [1760/1834] Building CXX object modules/CMakeFiles/modules.dir/mod-playerbots/src/Ai/Raid/ZA/ZAStrategy.cpp.o
#25 4763.3 [1761/1834] Building CXX object modules/CMakeFiles/modules.dir/mod-playerbots/src/Ai/Raid/VoA/VoATriggers.cpp.o
#25 4766.2 [1762/1834] Building CXX object modules/CMakeFiles/modules.dir/mod-playerbots/src/Ai/Raid/ZA/ZAActions.cpp.o
#25 4770.1 [1763/1834] Building CXX object modules/CMakeFiles/modules.dir/mod-playerbots/src/Ai/Raid/ZA/ZAHelpers.cpp.o
#25 4773.5 [1764/1834] Building CXX object modules/CMakeFiles/modules.dir/mod-playerbots/src/Ai/Raid/ZA/ZAMultipliers.cpp.o
#25 4783.7 [1765/1834] Building CXX object modules/CMakeFiles/modules.dir/mod-playerbots/src/Ai/World/Rpg/NewRpgInfo.cpp.o
#25 4791.5 [1766/1834] Building CXX object modules/CMakeFiles/modules.dir/mod-playerbots/src/Ai/Raid/ZA/ZATriggers.cpp.o
#25 4793.8 [1767/1834] Building CXX object modules/CMakeFiles/modules.dir/mod-playerbots/src/Ai/World/Rpg/Action/NewRpgAction.cpp.o
#25 4798.3 [1768/1834] Building CXX object modules/CMakeFiles/modules.dir/mod-playerbots/src/Ai/World/Rpg/Action/NewRpgOutdoorPvP.cpp.o
#25 4805.3 [1769/1834] Building CXX object modules/CMakeFiles/modules.dir/mod-playerbots/src/Ai/World/Rpg/Action/NewRpgBaseAction.cpp.o
#25 4814.7 [1770/1834] Building CXX object modules/CMakeFiles/modules.dir/mod-playerbots/src/Ai/World/Rpg/Action/RpgAction.cpp.o
#25 4815.7 [1771/1834] Building CXX object modules/CMakeFiles/modules.dir/mod-playerbots/src/Ai/World/Rpg/Strategy/NewRpgStrategy.cpp.o
#25 4823.0 [1772/1834] Building CXX object modules/CMakeFiles/modules.dir/mod-playerbots/src/Ai/World/Rpg/Action/RpgSubActions.cpp.o
#25 4827.1 [1773/1834] Building CXX object modules/CMakeFiles/modules.dir/mod-playerbots/src/Ai/World/Rpg/Strategy/RpgStrategy.cpp.o
#25 4828.7 [1774/1834] Building CXX object modules/CMakeFiles/modules.dir/mod-playerbots/src/Ai/World/Rpg/Trigger/NewRpgTrigger.cpp.o
#25 4840.1 [1775/1834] Building CXX object modules/CMakeFiles/modules.dir/mod-playerbots/src/Bot/ForceRebuff.cpp.o
#25 4863.5 [1776/1834] Building CXX object modules/CMakeFiles/modules.dir/mod-playerbots/src/Bot/RandomBotLevelMgr.cpp.o
#25 4865.0 [1777/1834] Building CXX object modules/CMakeFiles/modules.dir/mod-playerbots/src/Bot/PlayerbotMgr.cpp.o
#25 4866.2 [1778/1834] Building CXX object modules/CMakeFiles/modules.dir/mod-playerbots/src/Bot/PlayerbotAI.cpp.o
#25 4872.4 [1779/1834] Building CXX object modules/CMakeFiles/modules.dir/mod-playerbots/src/Bot/Cmd/ChatFilter.cpp.o
#25 4882.4 [1780/1834] Building CXX object modules/CMakeFiles/modules.dir/mod-playerbots/src/Bot/RandomPlayerbotMgr.cpp.o
#25 4896.8 [1781/1834] Building CXX object modules/CMakeFiles/modules.dir/mod-playerbots/src/Bot/Cmd/ChatHelper.cpp.o
#25 4899.0 [1782/1834] Building CXX object modules/CMakeFiles/modules.dir/mod-playerbots/src/Bot/Engine/AiObjectContext.cpp.o
#25 4899.1 [1783/1834] Building CXX object modules/CMakeFiles/modules.dir/mod-playerbots/src/Bot/Debug/PerfMonitor.cpp.o
#25 4900.7 [1784/1834] Building CXX object modules/CMakeFiles/modules.dir/mod-playerbots/src/Bot/Engine/AiObject.cpp.o
#25 4902.1 [1785/1834] Building CXX object modules/CMakeFiles/modules.dir/mod-playerbots/src/Bot/Cmd/PlayerbotCommandServer.cpp.o
#25 4922.5 [1786/1834] Building CXX object modules/CMakeFiles/modules.dir/mod-playerbots/src/Bot/Engine/BuildSharedStrategyContexts.cpp.o
#25 4935.3 [1787/1834] Building CXX object modules/CMakeFiles/modules.dir/mod-playerbots/src/Bot/Engine/Engine.cpp.o
#25 4941.8 [1788/1834] Building CXX object modules/CMakeFiles/modules.dir/mod-playerbots/src/Bot/Engine/BuildSharedValueContexts.cpp.o
#25 4951.7 [1789/1834] Building CXX object modules/CMakeFiles/modules.dir/mod-playerbots/src/Bot/Engine/ExternalEventHelper.cpp.o
#25 4954.0 [1790/1834] Building CXX object modules/CMakeFiles/modules.dir/mod-playerbots/src/Bot/Engine/PassiveMultiplier.cpp.o
#25 4959.5 [1791/1834] Building CXX object modules/CMakeFiles/modules.dir/mod-playerbots/src/Bot/Engine/BuildSharedTriggerContexts.cpp.o
#25 4963.1 [1792/1834] Building CXX object modules/CMakeFiles/modules.dir/mod-playerbots/src/Bot/Engine/NamedObjectContext.cpp.o
#25 4966.7 [1793/1834] Building CXX object modules/CMakeFiles/modules.dir/mod-playerbots/src/Bot/Engine/BuildSharedActionContexts.cpp.o
#25 4980.7 [1794/1834] Building CXX object modules/CMakeFiles/modules.dir/mod-playerbots/src/Bot/Engine/PlayerbotAIBase.cpp.o
#25 4981.7 [1795/1834] Building CXX object modules/CMakeFiles/modules.dir/mod-playerbots/src/Bot/Engine/Action/Action.cpp.o
#25 4991.5 [1796/1834] Building CXX object modules/CMakeFiles/modules.dir/mod-playerbots/src/Bot/Engine/Trigger/Trigger.cpp.o
#25 4992.1 [1797/1834] Building CXX object modules/CMakeFiles/modules.dir/mod-playerbots/src/Bot/Engine/Strategy/Strategy.cpp.o
#25 4998.1 [1798/1834] Building CXX object modules/CMakeFiles/modules.dir/mod-playerbots/src/Bot/Engine/Strategy/CustomStrategy.cpp.o
#25 5009.3 [1799/1834] Building CXX object modules/CMakeFiles/modules.dir/mod-playerbots/src/Bot/Engine/WorldPacket/Event.cpp.o
#25 5009.9 [1800/1834] Building CXX object modules/CMakeFiles/modules.dir/mod-playerbots/src/Bot/Engine/Value/Value.cpp.o
#25 5020.3 [1801/1834] Building CXX object modules/CMakeFiles/modules.dir/mod-playerbots/src/Db/PlayerbotDungeonRepository.cpp.o
#25 5022.6 [1802/1834] Building CXX object modules/CMakeFiles/modules.dir/mod-playerbots/src/Bot/Factory/AiFactory.cpp.o
#25 5030.4 [1803/1834] Building CXX object modules/CMakeFiles/modules.dir/mod-playerbots/src/Db/PlayerbotSpellRepository.cpp.o
#25 5034.4 [1804/1834] Building CXX object modules/CMakeFiles/modules.dir/mod-playerbots/src/Db/PlayerbotRepository.cpp.o
#25 5037.1 [1805/1834] Building CXX object modules/CMakeFiles/modules.dir/mod-playerbots/src/Bot/Factory/RandomPlayerbotFactory.cpp.o
#25 5039.3 [1806/1834] Building CXX object modules/CMakeFiles/modules.dir/mod-playerbots/src/Bot/Factory/PlayerbotFactory.cpp.o
#25 5045.1 [1807/1834] Building CXX object modules/CMakeFiles/modules.dir/mod-playerbots/src/Mgr/Item/BisListMgr.cpp.o
#25 5055.9 [1808/1834] Building CXX object modules/CMakeFiles/modules.dir/mod-playerbots/src/Mgr/Guild/GuildTaskMgr.cpp.o
#25 5059.9 [1809/1834] Building CXX object modules/CMakeFiles/modules.dir/mod-playerbots/src/Mgr/Guild/PlayerbotGuildMgr.cpp.o
#25 5065.4 [1810/1834] Building CXX object modules/CMakeFiles/modules.dir/mod-playerbots/src/Mgr/Item/ItemVisitors.cpp.o
#25 5067.8 [1811/1834] Building CXX object modules/CMakeFiles/modules.dir/mod-playerbots/src/Mgr/Item/LootObjectStack.cpp.o
#25 5080.1 [1812/1834] Building CXX object modules/CMakeFiles/modules.dir/mod-playerbots/src/Mgr/Item/StatsCollector.cpp.o
#25 5084.9 [1813/1834] Building CXX object modules/CMakeFiles/modules.dir/mod-playerbots/src/Mgr/Item/RandomItemMgr.cpp.o
#25 5086.0 [1814/1834] Building CXX object modules/CMakeFiles/modules.dir/mod-playerbots/src/Mgr/Item/StatsWeightCalculator.cpp.o
#25 5094.2 [1815/1834] Building CXX object modules/CMakeFiles/modules.dir/mod-playerbots/src/Mgr/Move/FleeManager.cpp.o
#25 5097.5 [1816/1834] Building CXX object modules/CMakeFiles/modules.dir/mod-playerbots/src/Mgr/Security/PlayerbotSecurity.cpp.o
#25 5097.5 [1817/1834] Building CXX object modules/CMakeFiles/modules.dir/mod-playerbots/src/Mgr/Text/PlayerbotTextMgr.cpp.o
#25 5102.3 [1818/1834] Building CXX object modules/CMakeFiles/modules.dir/mod-playerbots/src/Mgr/Talent/Talentspec.cpp.o
#25 5129.2 [1819/1834] Building CXX object modules/CMakeFiles/modules.dir/mod-playerbots/src/Script/PlayerbotCommandScript.cpp.o
#25 5129.4 [1820/1834] Building CXX object modules/CMakeFiles/modules.dir/mod-playerbots/src/Script/playerbots_loader.cpp.o
#25 5135.5 [1821/1834] Building CXX object modules/CMakeFiles/modules.dir/mod-playerbots/src/Script/PlayerbotsSecureLogin.cpp.o
#25 5137.1 [1822/1834] Building CXX object modules/CMakeFiles/modules.dir/mod-playerbots/src/Script/Playerbots.cpp.o
#25 5139.1 [1823/1834] Building CXX object modules/CMakeFiles/modules.dir/mod-playerbots/src/Script/WorldThr/PlayerbotWorldThreadProcessor.cpp.o
#25 5143.8 [1824/1834] Building CXX object modules/CMakeFiles/modules.dir/mod-playerbots/src/Mgr/Travel/TravelMgr.cpp.o
#25 5146.8 [1825/1834] Building CXX object modules/CMakeFiles/modules.dir/mod-playerbots/src/Util/Helpers.cpp.o
#25 5150.4 [1826/1834] Building CXX object modules/CMakeFiles/modules.dir/mod-playerbots/src/Script/WorldThr/Queue.cpp.o
#25 5153.7 [1827/1834] Building CXX object modules/CMakeFiles/modules.dir/mod-playerbots/src/Mgr/Travel/TravelNode.cpp.o
#25 5165.9 [1828/1834] Building CXX object modules/CMakeFiles/modules.dir/mod-playerbots/src/Util/EncounterHelpers.cpp.o
#25 5167.2 [1829/1834] Building CXX object modules/CMakeFiles/modules.dir/mod-playerbots/src/Util/ServerFacade.cpp.o
#25 5168.7 [1830/1834] Building CXX object modules/CMakeFiles/modules.dir/mod-playerbots/src/Util/BroadcastHelper.cpp.o
#25 5170.6 [1831/1834] Building CXX object modules/CMakeFiles/modules.dir/mod-playerbots/src/Util/PlaceholderHelper.cpp.o
#25 5193.0 [1832/1834] Linking CXX static library modules/libmodules.a
#25 5199.7 [1833/1834] Linking CXX executable src/tools/dbimport
#25 5228.3 [1834/1834] Linking CXX executable src/server/apps/worldserver
#25 5228.6 -- Installing: /azerothcore/env/dist/etc/authserver.conf.dist
#25 5228.6 -- Installing: /azerothcore/env/dist/bin/authserver
#25 5228.7 -- Set non-toolchain portion of runtime path of "/azerothcore/env/dist/bin/authserver" to "/azerothcore/env/dist/lib"
#25 5228.7 -- Installing: /azerothcore/env/dist/etc/worldserver.conf.dist
#25 5228.7 -- Installing: /azerothcore/env/dist/bin/worldserver
#25 5230.8 -- Set non-toolchain portion of runtime path of "/azerothcore/env/dist/bin/worldserver" to "/azerothcore/env/dist/lib"
#25 5231.0 -- Installing: /azerothcore/env/dist/etc/dbimport.conf.dist
#25 5231.0 -- Installing: /azerothcore/env/dist/bin/dbimport
#25 5231.1 -- Set non-toolchain portion of runtime path of "/azerothcore/env/dist/bin/dbimport" to "/azerothcore/env/dist/lib"
#25 5231.1 -- Installing: /azerothcore/env/dist/bin/map_extractor
#25 5231.2 -- Set non-toolchain portion of runtime path of "/azerothcore/env/dist/bin/map_extractor" to "/azerothcore/env/dist/lib"
#25 5231.2 -- Installing: /azerothcore/env/dist/bin/mmaps_generator
#25 5231.3 -- Set non-toolchain portion of runtime path of "/azerothcore/env/dist/bin/mmaps_generator" to "/azerothcore/env/dist/lib"
#25 5231.3 -- Installing: /azerothcore/env/dist/bin/mmaps-config.yaml
#25 5231.3 -- Installing: /azerothcore/env/dist/bin/vmap4_assembler
#25 5231.4 -- Set non-toolchain portion of runtime path of "/azerothcore/env/dist/bin/vmap4_assembler" to "/azerothcore/env/dist/lib"
#25 5231.4 -- Installing: /azerothcore/env/dist/bin/vmap4_extractor
#25 5231.5 -- Set non-toolchain portion of runtime path of "/azerothcore/env/dist/bin/vmap4_extractor" to "/azerothcore/env/dist/lib"
#25 5231.5 -- Installing: /azerothcore/env/dist/etc/modules/playerbots.conf.dist
#25 DONE 5234.7s

#25 [ac-db-import build 8/8] RUN --mount=type=cache,target=/ccache,sharing=locked     --mount=type=bind,target=/azerothcore/.git,source=.git     git config --global --add safe.directory /azerothcore     && cmake /azerothcore        -G Ninja        -DCMAKE_INSTALL_PREFIX="/azerothcore/env/dist"         -DAPPS_BUILD="all"                                     -DTOOLS_BUILD="all"                          -DSCRIPTS="static"                                  -DMODULES="static"                                  -DWITH_WARNINGS="ON"                      -DCMAKE_BUILD_TYPE="RelWithDebInfo"                            -DCMAKE_CXX_COMPILER="clang++"                         -DCMAKE_C_COMPILER="clang"                             -DCMAKE_CXX_COMPILER_LAUNCHER="ccache"                 -DCMAKE_C_COMPILER_LAUNCHER="ccache"                   -DBoost_USE_STATIC_LIBS="ON"                        && cmake --build . --config "RelWithDebInfo" -j $(($(nproc) + 1))     && cmake --install . --config "RelWithDebInfo"
#25 DONE 5234.7s

#26 [ac-db-import runtime 2/4] COPY --from=build /azerothcore/env/dist/etc/ /azerothcore/env/ref/etc
#26 DONE 0.6s

#26 [ac-db-import runtime 2/4] COPY --from=build /azerothcore/env/dist/etc/ /azerothcore/env/ref/etc
#26 DONE 0.6s

#27 [ac-authserver runtime 3/4] RUN userdel --remove ubuntu   && addgroup --gid "1000" "acore"   && adduser --disabled-password --gecos '' --uid "1000" --gid "1000" "acore"   && passwd -d "acore"   && chown -R "acore:acore" /azerothcore
#27 1.334 userdel: ubuntu mail spool (/var/mail/ubuntu) not found
#27 1.682 info: Adding group `acore' (GID 1000) ...
#27 1.895 info: Adding user `acore' ...
#27 1.902 info: Adding new user `acore' (1000) with group `acore (1000)' ...
#27 2.456 info: Creating home directory `/home/acore' ...
#27 2.475 info: Copying files from `/etc/skel' ...
#27 2.689 info: Adding new user `acore' to supplemental / extra groups `users' ...
#27 2.697 info: Adding user `acore' to group `users' ...
#27 2.881 passwd: password changed.
#27 DONE 3.1s

#27 [ac-authserver runtime 3/4] RUN userdel --remove ubuntu   && addgroup --gid "1000" "acore"   && adduser --disabled-password --gecos '' --uid "1000" --gid "1000" "acore"   && passwd -d "acore"   && chown -R "acore:acore" /azerothcore
#27 DONE 3.1s

#28 [ac-db-import runtime 4/4] COPY --chown=1000:1000      --chmod=755      apps/docker/entrypoint.sh /azerothcore/entrypoint.sh
#28 DONE 0.4s

#28 [ac-authserver runtime 4/4] COPY --chown=1000:1000      --chmod=755      apps/docker/entrypoint.sh /azerothcore/entrypoint.sh
#28 DONE 0.4s

#29 [ac-db-import runtime 2/4] COPY --from=build /azerothcore/env/dist/etc/ /azerothcore/env/ref/etc
#29 CACHED

#30 [ac-db-import build 2/8] COPY CMakeLists.txt /azerothcore/CMakeLists.txt
#30 CACHED

#31 [ac-db-import build 8/8] RUN --mount=type=cache,target=/ccache,sharing=locked     --mount=type=bind,target=/azerothcore/.git,source=.git     git config --global --add safe.directory /azerothcore     && cmake /azerothcore        -G Ninja        -DCMAKE_INSTALL_PREFIX="/azerothcore/env/dist"         -DAPPS_BUILD="all"                                     -DTOOLS_BUILD="all"                          -DSCRIPTS="static"                                  -DMODULES="static"                                  -DWITH_WARNINGS="ON"                      -DCMAKE_BUILD_TYPE="RelWithDebInfo"                            -DCMAKE_CXX_COMPILER="clang++"                         -DCMAKE_C_COMPILER="clang"                             -DCMAKE_CXX_COMPILER_LAUNCHER="ccache"                 -DCMAKE_C_COMPILER_LAUNCHER="ccache"                   -DBoost_USE_STATIC_LIBS="ON"                        && cmake --build . --config "RelWithDebInfo" -j $(($(nproc) + 1))     && cmake --install . --config "RelWithDebInfo"
#31 CACHED

#32 [ac-db-import runtime 3/4] RUN userdel --remove ubuntu   && addgroup --gid "1000" "acore"   && adduser --disabled-password --gecos '' --uid "1000" --gid "1000" "acore"   && passwd -d "acore"   && chown -R "acore:acore" /azerothcore
#32 CACHED

#33 [ac-db-import runtime 4/4] COPY --chown=1000:1000      --chmod=755      apps/docker/entrypoint.sh /azerothcore/entrypoint.sh
#33 CACHED

#34 [ac-db-import build 3/8] COPY conf /azerothcore/conf
#34 CACHED

#35 [ac-db-import build 6/8] COPY modules /azerothcore/modules
#35 CACHED

#36 [ac-db-import build 4/8] COPY deps /azerothcore/deps
#36 CACHED

#37 [ac-db-import build 5/8] COPY src /azerothcore/src
#37 CACHED

#38 [ac-db-import build 7/8] WORKDIR /azerothcore/build
#38 CACHED

#39 [ac-db-import db-import 1/3] COPY --chown=acore:acore     data data
#39 ...

#40 [ac-authserver authserver 1/1] COPY --chown=acore:acore      --from=build      /azerothcore/env/dist/bin/authserver /azerothcore/env/dist/bin/authserver
#40 DONE 0.9s

#41 [ac-worldserver worldserver 1/1] COPY --chown=acore:acore      --from=build      /azerothcore/env/dist/bin/worldserver /azerothcore/env/dist/bin/worldserver
#41 DONE 4.3s

#42 [ac-authserver] exporting to image
#42 exporting layers
#42 ...

#43 [ac-worldserver] exporting to image
#43 ...

#42 [ac-authserver] exporting to image
#42 exporting layers 13.7s done
#42 exporting manifest sha256:821bee0565b18e1792280b0356f9b307992b1a6fa4ebea7dbbbed6f557dc5988
#42 exporting manifest sha256:821bee0565b18e1792280b0356f9b307992b1a6fa4ebea7dbbbed6f557dc5988 0.3s done
#42 exporting config sha256:0360c108cdb091b580ae59625f6d8230d514158b74095ad6fbd5b211b7ed74c5
#42 exporting config sha256:0360c108cdb091b580ae59625f6d8230d514158b74095ad6fbd5b211b7ed74c5 0.4s done
#42 exporting attestation manifest sha256:de8a64cf0a463c1c0831700b7163fe36906f00e6471a3a0accb6ff5597163176
#42 exporting attestation manifest sha256:de8a64cf0a463c1c0831700b7163fe36906f00e6471a3a0accb6ff5597163176 0.3s done
#42 exporting manifest list sha256:a48d91336e49181e9f9a4f71eb0373324d87ea2066eb2ca7a43e01140631ff98
#42 exporting manifest list sha256:a48d91336e49181e9f9a4f71eb0373324d87ea2066eb2ca7a43e01140631ff98 0.3s done
#42 naming to yulon.local/ac-wotlk-authserver:native-f7357748
#42 naming to yulon.local/ac-wotlk-authserver:native-f7357748 0.0s done
#42 unpacking to yulon.local/ac-wotlk-authserver:native-f7357748
#42 unpacking to yulon.local/ac-wotlk-authserver:native-f7357748 4.8s done
#42 DONE 20.2s

#43 [ac-worldserver] exporting to image
#43 ...

#39 [ac-db-import db-import 1/3] COPY --chown=acore:acore     data data
#39 DONE 25.6s

#44 [ac-db-import db-import 2/3] COPY --chown=acore:acore     modules modules
#44 DONE 4.2s

#45 [ac-authserver] resolving provenance for metadata file
#45 ...

#46 [ac-db-import db-import 3/3] COPY --chown=acore:acore     --from=build      /azerothcore/env/dist/bin/dbimport /azerothcore/env/dist/bin/dbimport
#46 DONE 9.5s

#45 [ac-authserver] resolving provenance for metadata file
#45 ...

#47 [ac-db-import] exporting to image
#47 exporting layers
#47 ...

#45 [ac-authserver] resolving provenance for metadata file
#45 DONE 18.6s

#43 [ac-worldserver] exporting to image
#43 exporting layers 43.5s done
#43 exporting manifest sha256:999e12bb2ab6c8255f56ff3aae8be96d4cc6e58f155e3cb6d8659a1853565041
#43 exporting manifest sha256:999e12bb2ab6c8255f56ff3aae8be96d4cc6e58f155e3cb6d8659a1853565041 2.6s done
#43 exporting config sha256:7566605f478fec302096812d5e63d5a8e206507fbbab337c2ee69c30dfa2d016
#43 exporting config sha256:7566605f478fec302096812d5e63d5a8e206507fbbab337c2ee69c30dfa2d016 2.3s done
#43 exporting attestation manifest sha256:1c4b347398f4d50570cb97def22a3d684805e3ff6c87abce5994e26a5a1421ab
#43 exporting attestation manifest sha256:1c4b347398f4d50570cb97def22a3d684805e3ff6c87abce5994e26a5a1421ab 4.1s done
#43 exporting manifest list sha256:4539e3147fbc35498619ba292ee3cca0d5a93170b21a295e3481343cef475d18
#43 exporting manifest list sha256:4539e3147fbc35498619ba292ee3cca0d5a93170b21a295e3481343cef475d18 2.5s done
#43 naming to yulon.local/ac-wotlk-worldserver:native-f7357748
#43 naming to yulon.local/ac-wotlk-worldserver:native-f7357748 0.8s done
#43 unpacking to yulon.local/ac-wotlk-worldserver:native-f7357748
#43 unpacking to yulon.local/ac-wotlk-worldserver:native-f7357748 11.2s done
#43 DONE 69.6s

#47 [ac-db-import] exporting to image
#47 ...

#48 [ac-worldserver] resolving provenance for metadata file
#48 DONE 0.1s

#47 [ac-db-import] exporting to image
#47 exporting layers 58.1s done
#47 exporting manifest sha256:37f99320b705bde1c07c399f547b393d78cc5a40911687b2979c276d8cf03bc7 0.1s done
#47 exporting config sha256:0533350105ff64f20a9ac8881359f43168e3cad257c3f569be67e01909e8b365
#47 exporting config sha256:0533350105ff64f20a9ac8881359f43168e3cad257c3f569be67e01909e8b365 0.1s done
#47 exporting attestation manifest sha256:9c0718e99f7dc378d9c24c96570e54e35fd61a6056422c2fd712c1f65073c107
#47 exporting attestation manifest sha256:9c0718e99f7dc378d9c24c96570e54e35fd61a6056422c2fd712c1f65073c107 0.1s done
#47 exporting manifest list sha256:01b9298f4eee91b5a15fdaa0efd0f1b083252eeb5cd77d32807433fda9248b3f
#47 exporting manifest list sha256:01b9298f4eee91b5a15fdaa0efd0f1b083252eeb5cd77d32807433fda9248b3f 0.1s done
#47 naming to yulon.local/ac-wotlk-db-import:native-f7357748
#47 naming to yulon.local/ac-wotlk-db-import:native-f7357748 0.0s done
#47 unpacking to yulon.local/ac-wotlk-db-import:native-f7357748
#47 unpacking to yulon.local/ac-wotlk-db-import:native-f7357748 23.6s done
#47 DONE 82.5s

#49 [ac-db-import] resolving provenance for metadata file
#49 DONE 0.1s
 Image yulon.local/ac-wotlk-authserver:native-f7357748 Built 
 Image yulon.local/ac-wotlk-client-data:native-f7357748 Built 
 Image yulon.local/ac-wotlk-db-import:native-f7357748 Built 
 Image yulon.local/ac-wotlk-worldserver:native-f7357748 Built 
The build finished.
Step 5 of 9 (55%): client-data
--- client-data
The part of the download that finished is kept: the fetch resumes from where it stopped.
Fetching server data (ac-client-data-init). The download resumes if it is interrupted.
Attaching to ac-client-data-init
ac-client-data-init  | yulon: downloading client data v20.0 (resumable)
ac-client-data-init  | yulon: extracting client data v20.0
ac-client-data-init  | yulon: client data v20.0 installed

[Kac-client-data-init exited with code 0
 Network yulon-wow-wotlk-f7357748_default Creating 
 Volume yulon-wow-wotlk-f7357748_client-data Creating 
 Volume yulon-wow-wotlk-f7357748_client-data Creating 
 Network yulon-wow-wotlk-f7357748_default Creating 
 Volume yulon-wow-wotlk-f7357748_client-data Created 
 Volume yulon-wow-wotlk-f7357748_client-data Created 
 Network yulon-wow-wotlk-f7357748_default Created 
 Network yulon-wow-wotlk-f7357748_default Created 
 Container ac-client-data-init Creating 
 Container ac-client-data-init Created 
 Container ac-client-data-init Starting 
ac-client-data-init  |   % Total    % Received % Xferd  Average Speed   Time    Time     Time  Current
ac-client-data-init  |                                  Dload  Upload   Total   Spent    Left  Speed
 Container ac-client-data-init Started 
ac-client-data-init  | 
  0     0    0     0    0     0      0      0 --:--:-- --:--:-- --:--:--     0
  0     0    0     0    0     0      0      0 --:--:-- --:--:-- --:--:--     0
  0     0    0     0    0     0      0      0 --:--:--  0:00:01 --:--:--     0
ac-client-data-init  | 
  0     0    0     0    0     0      0      0 --:--:--  0:00:01 --:--:--     0
  0 1140M    0 4479k    0     0  1821k      0  0:10:41  0:00:02  0:10:39 4543k
  0 1140M    0  9.8M    0     0  2913k      0  0:06:40  0:00:03  0:06:37 5075k
  1 1140M    1 13.8M    0     0  3027k      0  0:06:25  0:00:04  0:06:21 4424k
  1 1140M    1 18.0M    0     0  3393k      0  0:05:44  0:00:05  0:05:39 4647k
  2 1140M    2 24.0M    0     0  3808k      0  0:05:06  0:00:06  0:05:00 4933k
  2 1140M    2 29.4M    0     0  4049k      0  0:04:48  0:00:07  0:04:41 5145k
  3 1140M    3 35.2M    0     0  4270k      0  0:04:33  0:00:08  0:04:25 5209k
  3 1140M    3 41.0M    0     0  4441k      0  0:04:22  0:00:09  0:04:13 5819k
  3 1140M    3 45.3M    0     0  4436k      0  0:04:23  0:00:10  0:04:13 5574k
  4 1140M    4 51.1M    0     0  4513k      0  0:04:18  0:00:11  0:04:07 5400k
  4 1140M    4 56.3M    0     0  4634k      0  0:04:12  0:00:12  0:04:00 5507k
  5 1140M    5 61.4M    0     0  4676k      0  0:04:09  0:00:13  0:03:56 5362k
  5 1140M    5 67.9M    0     0  4813k      0  0:04:02  0:00:14  0:03:48 5516k
  6 1140M    6 73.1M    0     0  4842k      0  0:04:01  0:00:15  0:03:46 5692k
  6 1140M    6 78.9M    0     0  4914k      0  0:03:57  0:00:16  0:03:41 5871k
  7 1140M    7 84.8M    0     0  4976k      0  0:03:54  0:00:17  0:03:37 5829k
  7 1140M    7 90.5M    0     0  5021k      0  0:03:52  0:00:18  0:03:34 5952k
  8 1140M    8 96.8M    0     0  5095k      0  0:03:49  0:00:19  0:03:30 5910k
  8 1140M    8  101M    0     0  5046k      0  0:03:51  0:00:20  0:03:31 5662k
  9 1140M    9  106M    0     0  5075k      0  0:03:50  0:00:21  0:03:29 5604k
  9 1140M    9  112M    0     0  5115k      0  0:03:48  0:00:22  0:03:26 5599k
 10 1140M   10  117M    0     0  5140k      0  0:03:47  0:00:23  0:03:24 5577k
 10 1140M   10  123M    0     0  5164k      0  0:03:46  0:00:24  0:03:22 5434k
 11 1140M   11  129M    0     0  5203k      0  0:03:44  0:00:25  0:03:19 5866k
 11 1140M   11  134M    0     0  5208k      0  0:03:44  0:00:26  0:03:18 5778k
 12 1140M   12  140M    0     0  5245k      0  0:03:42  0:00:27  0:03:15 5831k
 12 1140M   12  145M    0     0  5238k      0  0:03:42  0:00:28  0:03:14 5698k
 13 1140M   13  150M    0     0  5223k      0  0:03:43  0:00:29  0:03:14 5512k
 13 1140M   13  153M    0     0  5177k      0  0:03:45  0:00:30  0:03:15 5043k
 13 1140M   13  158M    0     0  5170k      0  0:03:45  0:00:31  0:03:14 4972k
 14 1140M   14  164M    0     0  5196k      0  0:03:44  0:00:32  0:03:12 4927k
 14 1140M   14  170M    0     0  5218k      0  0:03:43  0:00:33  0:03:10 5106k
 15 1140M   15  175M    0     0  5191k      0  0:03:44  0:00:34  0:03:10 5008k
 15 1140M   15  180M    0     0  5215k      0  0:03:43  0:00:35  0:03:08 5450k
 16 1140M   16  186M    0     0  5235k      0  0:03:43  0:00:36  0:03:07 5641k
 16 1140M   16  192M    0     0  5248k      0  0:03:42  0:00:37  0:03:05 5585k
 17 1140M   17  198M    0     0  5282k      0  0:03:41  0:00:38  0:03:03 5705k
 17 1140M   17  204M    0     0  5299k      0  0:03:40  0:00:39  0:03:01 6051k
 18 1140M   18  209M    0     0  5313k      0  0:03:39  0:00:40  0:02:59 6003k
 18 1140M   18  215M    0     0  5329k      0  0:03:39  0:00:41  0:02:58 6014k
 19 1140M   19  221M    0     0  5347k      0  0:03:38  0:00:42  0:02:56 6083k
 19 1140M   19  226M    0     0  5334k      0  0:03:38  0:00:43  0:02:55 5733k
 20 1140M   20  232M    0     0  5353k      0  0:03:38  0:00:44  0:02:54 5778k
 20 1140M   20  238M    0     0  5362k      0  0:03:37  0:00:45  0:02:52 5762k
 21 1140M   21  244M    0     0  5378k      0  0:03:37  0:00:46  0:02:51 5784k
 21 1140M   21  250M    0     0  5395k      0  0:03:36  0:00:47  0:02:49 5808k
 22 1140M   22  256M    0     0  5409k      0  0:03:35  0:00:48  0:02:47 6067k
 22 1140M   22  262M    0     0  5429k      0  0:03:35  0:00:49  0:02:46 6105k
 23 1140M   23  267M    0     0  5436k      0  0:03:34  0:00:50  0:02:44 6108k
 24 1140M   24  274M    0     0  5453k      0  0:03:34  0:00:51  0:02:43 6155k
 24 1140M   24  279M    0     0  5463k      0  0:03:33  0:00:52  0:02:41 6112k
 25 1140M   25  285M    0     0  5463k      0  0:03:33  0:00:53  0:02:40 5980k
 25 1140M   25  291M    0     0  5477k      0  0:03:33  0:00:54  0:02:39 5951k
 26 1140M   26  297M    0     0  5494k      0  0:03:32  0:00:55  0:02:37 6082k
 26 1140M   26  300M    0     0  5456k      0  0:03:34  0:00:56  0:02:38 5484k
 26 1140M   26  303M    0     0  5408k      0  0:03:35  0:00:57  0:02:38 4822k
 26 1140M   26  307M    0     0  5378k      0  0:03:37  0:00:58  0:02:39 4476k
 27 1140M   27  312M    0     0  5373k      0  0:03:37  0:00:59  0:02:38 4243k
 27 1140M   27  317M    0     0  5379k      0  0:03:37  0:01:00  0:02:37 4099k
 28 1140M   28  323M    0     0  5390k      0  0:03:36  0:01:01  0:02:35 4639k
 28 1140M   28  329M    0     0  5394k      0  0:03:36  0:01:02  0:02:34 5234k
 29 1140M   29  334M    0     0  5396k      0  0:03:36  0:01:03  0:02:33 5606k
 29 1140M   29  340M    0     0  5406k      0  0:03:36  0:01:04  0:02:32 5792k
 30 1140M   30  346M    0     0  5414k      0  0:03:35  0:01:05  0:02:30 5835k
 30 1140M   30  352M    0     0  5425k      0  0:03:35  0:01:06  0:02:29 5860k
 31 1140M   31  358M    0     0  5445k      0  0:03:34  0:01:07  0:02:27 6080k
 31 1140M   31  363M    0     0  5440k      0  0:03:34  0:01:08  0:02:26 5995k
 32 1140M   32  369M    0     0  5448k      0  0:03:34  0:01:09  0:02:25 5992k
 32 1140M   32  372M    0     0  5399k      0  0:03:36  0:01:10  0:02:26 5205k
 33 1140M   33  377M    0     0  5411k      0  0:03:35  0:01:11  0:02:24 5226k
 33 1140M   33  383M    0     0  5425k      0  0:03:35  0:01:12  0:02:23 5166k
 34 1140M   34  388M    0     0  5420k      0  0:03:35  0:01:13  0:02:22 5153k
 34 1140M   34  395M    0     0  5436k      0  0:03:34  0:01:14  0:02:20 5274k
 35 1140M   35  401M    0     0  5443k      0  0:03:34  0:01:15  0:02:19 6088k
 35 1140M   35  407M    0     0  5454k      0  0:03:34  0:01:16  0:02:18 6068k
 36 1140M   36  412M    0     0  5458k      0  0:03:33  0:01:17  0:02:16 5938k
 36 1140M   36  419M    0     0  5472k      0  0:03:33  0:01:18  0:02:15 6232k
 37 1140M   37  425M    0     0  5480k      0  0:03:33  0:01:19  0:02:14 6139k
 37 1140M   37  429M    0     0  5464k      0  0:03:33  0:01:20  0:02:13 5781k
 38 1140M   38  433M    0     0  5453k      0  0:03:34  0:01:21  0:02:13 5443k
 38 1140M   38  439M    0     0  5457k      0  0:03:34  0:01:22  0:02:12 5437k
 38 1140M   38  444M    0     0  5451k      0  0:03:34  0:01:23  0:02:11 5113k
 39 1140M   39  449M    0     0  5454k      0  0:03:34  0:01:24  0:02:10 5027k
 39 1140M   39  455M    0     0  5456k      0  0:03:34  0:01:25  0:02:09 5328k
 40 1140M   40  461M    0     0  5462k      0  0:03:33  0:01:26  0:02:07 5603k
 40 1140M   40  466M    0     0  5466k      0  0:03:33  0:01:27  0:02:06 5606k
 41 1140M   41  472M    0     0  5471k      0  0:03:33  0:01:28  0:02:05 5812k
 41 1140M   41  476M    0     0  5448k      0  0:03:34  0:01:29  0:02:05 5356k
 42 1140M   42  482M    0     0  5458k      0  0:03:34  0:01:30  0:02:04 5481k
 42 1140M   42  488M    0     0  5467k      0  0:03:33  0:01:31  0:02:02 5545k
 43 1140M   43  494M    0     0  5473k      0  0:03:33  0:01:32  0:02:01 5599k
 43 1140M   43  499M    0     0  5468k      0  0:03:33  0:01:33  0:02:00 5410k
 44 1140M   44  505M    0     0  5476k      0  0:03:33  0:01:34  0:01:59 5992k
 44 1140M   44  511M    0     0  5481k      0  0:03:33  0:01:35  0:01:58 5903k
 45 1140M   45  516M    0     0  5488k      0  0:03:32  0:01:36  0:01:56 5871k
 45 1140M   45  522M    0     0  5494k      0  0:03:32  0:01:37  0:01:55 5895k
 46 1140M   46  526M    0     0  5480k      0  0:03:33  0:01:38  0:01:55 5709k
 46 1140M   46  532M    0     0  5483k      0  0:03:33  0:01:39  0:01:54 5606k
 47 1140M   47  538M    0     0  5489k      0  0:03:32  0:01:40  0:01:52 5648k
 47 1140M   47  543M    0     0  5490k      0  0:03:32  0:01:41  0:01:51 5532k
 48 1140M   48  549M    0     0  5494k      0  0:03:32  0:01:42  0:01:50 5484k
 48 1140M   48  556M    0     0  5503k      0  0:03:32  0:01:43  0:01:49 5954k
 49 1140M   49  561M    0     0  5505k      0  0:03:32  0:01:44  0:01:48 5946k
 49 1140M   49  567M    0     0  5509k      0  0:03:32  0:01:45  0:01:47 5894k
 50 1140M   50  573M    0     0  5514k      0  0:03:31  0:01:46  0:01:45 6009k
 50 1140M   50  579M    0     0  5523k      0  0:03:31  0:01:47  0:01:44 6127k
 51 1140M   51  585M    0     0  5529k      0  0:03:31  0:01:48  0:01:43 6065k
 51 1140M   51  591M    0     0  5532k      0  0:03:31  0:01:49  0:01:42 6104k
 52 1140M   52  596M    0     0  5528k      0  0:03:31  0:01:50  0:01:41 5948k
 52 1140M   52  602M    0     0  5537k      0  0:03:30  0:01:51  0:01:39 6016k
 53 1140M   53  608M    0     0  5542k      0  0:03:30  0:01:52  0:01:38 5939k
 53 1140M   53  614M    0     0  5541k      0  0:03:30  0:01:53  0:01:37 5816k
 54 1140M   54  620M    0     0  5547k      0  0:03:30  0:01:54  0:01:36 5869k
 54 1140M   54  625M    0     0  5546k      0  0:03:30  0:01:55  0:01:35 5942k
 55 1140M   55  630M    0     0  5541k      0  0:03:30  0:01:56  0:01:34 5632k
 55 1140M   55  635M    0     0  5542k      0  0:03:30  0:01:57  0:01:33 5546k
 56 1140M   56  641M    0     0  5547k      0  0:03:30  0:01:58  0:01:32 5674k
 56 1140M   56  647M    0     0  5551k      0  0:03:30  0:01:59  0:01:31 5631k
 57 1140M   57  653M    0     0  5553k      0  0:03:30  0:02:00  0:01:30 5696k
 57 1140M   57  659M    0     0  5559k      0  0:03:30  0:02:01  0:01:29 5996k
 58 1140M   58  665M    0     0  5565k      0  0:03:29  0:02:02  0:01:27 6114k
 58 1140M   58  671M    0     0  5567k      0  0:03:29  0:02:03  0:01:26 6038k
 59 1140M   59  677M    0     0  5571k      0  0:03:29  0:02:04  0:01:25 6070k
 59 1140M   59  682M    0     0  5570k      0  0:03:29  0:02:05  0:01:24 5994k
 60 1140M   60  688M    0     0  5575k      0  0:03:29  0:02:06  0:01:23 5964k
 60 1140M   60  693M    0     0  5562k      0  0:03:30  0:02:07  0:01:23 5480k
 61 1140M   61  698M    0     0  5565k      0  0:03:29  0:02:08  0:01:21 5522k
 61 1140M   61  704M    0     0  5569k      0  0:03:29  0:02:09  0:01:20 5519k
 62 1140M   62  710M    0     0  5572k      0  0:03:29  0:02:10  0:01:19 5626k
 62 1140M   62  715M    0     0  5576k      0  0:03:29  0:02:11  0:01:18 5581k
 63 1140M   63  721M    0     0  5580k      0  0:03:29  0:02:12  0:01:17 6064k
 63 1140M   63  728M    0     0  5589k      0  0:03:28  0:02:13  0:01:15 6191k
 64 1140M   64  734M    0     0  5594k      0  0:03:28  0:02:14  0:01:14 6220k
 64 1140M   64  739M    0     0  5588k      0  0:03:29  0:02:15  0:01:14 6002k
 65 1140M   65  745M    0     0  5594k      0  0:03:28  0:02:16  0:01:12 6068k
 65 1140M   65  751M    0     0  5598k      0  0:03:28  0:02:17  0:01:11 6076k
 66 1140M   66  756M    0     0  5594k      0  0:03:28  0:02:18  0:01:10 5731k
 66 1140M   66  762M    0     0  5597k      0  0:03:28  0:02:19  0:01:09 5677k
 67 1140M   67  767M    0     0  5597k      0  0:03:28  0:02:20  0:01:08 5845k
 67 1140M   67  773M    0     0  5597k      0  0:03:28  0:02:21  0:01:07 5697k
 68 1140M   68  778M    0     0  5599k      0  0:03:28  0:02:22  0:01:06 5603k
 68 1140M   68  784M    0     0  5600k      0  0:03:28  0:02:23  0:01:05 5760k
 69 1140M   69  790M    0     0  5603k      0  0:03:28  0:02:24  0:01:04 5767k
 69 1140M   69  796M    0     0  5607k      0  0:03:28  0:02:25  0:01:03 5866k
 70 1140M   70  802M    0     0  5610k      0  0:03:28  0:02:26  0:01:02 5970k
 70 1140M   70  808M    0     0  5611k      0  0:03:28  0:02:27  0:01:01 5974k
 71 1140M   71  814M    0     0  5617k      0  0:03:27  0:02:28  0:00:59 6104k
 71 1140M   71  820M    0     0  5620k      0  0:03:27  0:02:29  0:00:58 6130k
 72 1140M   72  825M    0     0  5618k      0  0:03:27  0:02:30  0:00:57 5947k
 72 1140M   72  831M    0     0  5621k      0  0:03:27  0:02:31  0:00:56 5929k
 73 1140M   73  837M    0     0  5626k      0  0:03:27  0:02:32  0:00:55 6048k
 73 1140M   73  842M    0     0  5622k      0  0:03:27  0:02:33  0:00:54 5779k
 74 1140M   74  848M    0     0  5624k      0  0:03:27  0:02:34  0:00:53 5746k
 74 1140M   74  853M    0     0  5623k      0  0:03:27  0:02:35  0:00:52 5785k
 75 1140M   75  860M    0     0  5629k      0  0:03:27  0:02:36  0:00:51 5871k
 75 1140M   75  865M    0     0  5628k      0  0:03:27  0:02:37  0:00:50 5705k
 76 1140M   76  871M    0     0  5630k      0  0:03:27  0:02:38  0:00:49 5876k
 76 1140M   76  877M    0     0  5634k      0  0:03:27  0:02:39  0:00:48 5933k
 77 1140M   77  883M    0     0  5636k      0  0:03:27  0:02:40  0:00:47 6044k
 77 1140M   77  889M    0     0  5641k      0  0:03:27  0:02:41  0:00:46 6025k
 78 1140M   78  895M    0     0  5645k      0  0:03:26  0:02:42  0:00:44 6191k
 79 1140M   79  902M    0     0  5650k      0  0:03:26  0:02:43  0:00:43 6296k
 79 1140M   79  907M    0     0  5651k      0  0:03:26  0:02:44  0:00:42 6200k
 80 1140M   80  913M    0     0  5651k      0  0:03:26  0:02:45  0:00:41 6118k
 80 1140M   80  919M    0     0  5654k      0  0:03:26  0:02:46  0:00:40 6079k
 81 1140M   81  925M    0     0  5657k      0  0:03:26  0:02:47  0:00:39 6048k
 81 1140M   81  931M    0     0  5659k      0  0:03:26  0:02:48  0:00:38 5954k
 82 1140M   82  937M    0     0  5663k      0  0:03:26  0:02:49  0:00:37 6056k
 82 1140M   82  943M    0     0  5666k      0  0:03:26  0:02:50  0:00:36 6169k
 83 1140M   83  949M    0     0  5669k      0  0:03:26  0:02:51  0:00:35 6159k
 83 1140M   83  955M    0     0  5671k      0  0:03:25  0:02:52  0:00:33 6136k
 84 1140M   84  960M    0     0  5669k      0  0:03:26  0:02:53  0:00:33 6007k
 84 1140M   84  965M    0     0  5669k      0  0:03:26  0:02:54  0:00:32 5882k
 85 1140M   85  971M    0     0  5669k      0  0:03:26  0:02:55  0:00:31 5771k
 85 1140M   85  977M    0     0  5669k      0  0:03:26  0:02:56  0:00:30 5687k
 86 1140M   86  982M    0     0  5671k      0  0:03:25  0:02:57  0:00:28 5668k
 86 1140M   86  988M    0     0  5672k      0  0:03:25  0:02:58  0:00:27 5772k
 87 1140M   87  994M    0     0  5675k      0  0:03:25  0:02:59  0:00:26 5881k
 87 1140M   87  999M    0     0  5672k      0  0:03:25  0:03:00  0:00:25 5786k
 88 1140M   88 1005M    0     0  5674k      0  0:03:25  0:03:01  0:00:24 5834k
 88 1140M   88 1011M    0     0  5676k      0  0:03:25  0:03:02  0:00:23 5852k
 89 1140M   89 1016M    0     0  5674k      0  0:03:25  0:03:03  0:00:22 5756k
 89 1140M   89 1022M    0     0  5676k      0  0:03:25  0:03:04  0:00:21 5702k
 90 1140M   90 1028M    0     0  5677k      0  0:03:25  0:03:05  0:00:20 5825k
 90 1140M   90 1034M    0     0  5678k      0  0:03:25  0:03:06  0:00:19 5837k
 90 1140M   90 1037M    0     0  5669k      0  0:03:26  0:03:07  0:00:19 5417k
 91 1140M   91 1043M    0     0  5670k      0  0:03:25  0:03:08  0:00:17 5507k
 91 1140M   91 1049M    0     0  5670k      0  0:03:25  0:03:09  0:00:16 5465k
 92 1140M   92 1054M    0     0  5667k      0  0:03:26  0:03:10  0:00:16 5310k
 92 1140M   92 1060M    0     0  5669k      0  0:03:26  0:03:11  0:00:15 5335k
 93 1140M   93 1066M    0     0  5672k      0  0:03:25  0:03:12  0:00:13 5769k
 93 1140M   93 1071M    0     0  5670k      0  0:03:26  0:03:13  0:00:13 5650k
 94 1140M   94 1077M    0     0  5671k      0  0:03:25  0:03:14  0:00:11 5703k
 94 1140M   94 1082M    0     0  5668k      0  0:03:26  0:03:15  0:00:11 5719k
 95 1140M   95 1087M    0     0  5670k      0  0:03:25  0:03:16  0:00:09 5714k
 95 1140M   95 1093M    0     0  5671k      0  0:03:25  0:03:17  0:00:08 5644k
 96 1140M   96 1099M    0     0  5673k      0  0:03:25  0:03:18  0:00:07 5791k
 96 1140M   96 1105M    0     0  5675k      0  0:03:25  0:03:19  0:00:06 5820k
 97 1140M   97 1110M    0     0  5675k      0  0:03:25  0:03:20  0:00:05 5943k
 97 1140M   97 1117M    0     0  5678k      0  0:03:25  0:03:21  0:00:04 5979k
 98 1140M   98 1123M    0     0  5680k      0  0:03:25  0:03:22  0:00:03 6028k
 98 1140M   98 1128M    0     0  5678k      0  0:03:25  0:03:23  0:00:02 5893k
 99 1140M   99 1134M    0     0  5680k      0  0:03:25  0:03:24  0:00:01 5888k
 99 1140M   99 1140M    0     0  5685k      0  0:03:25  0:03:25 --:--:-- 6093k
100 1140M  100 1140M    0     0  5685k      0  0:03:25  0:03:25 --:--:-- 6032k
Server data is in place.
Step 6 of 9 (66%): start-db
--- start-db
Starting the database, which the import writes into.
2026-09-05 04:07:55 INFO [yulon.docker] start_database(): starting ac-database alone
The database is up.
Step 7 of 9 (77%): import
--- import
Databases left half-written are detected and cleared before the import is run again, so nothing here has to be undone by hand.
The databases read as absent: none of acore_auth, acore_characters, acore_world exists on this server yet
Importing the databases (ac-db-import). This takes several minutes.
Attaching to ac-db-import
ac-db-import  | '/azerothcore/env/ref/etc/authserver.conf.dist' -> '/azerothcore/env/dist/etc/authserver.conf.dist'
ac-db-import  | '/azerothcore/env/ref/etc/dbimport.conf.dist' -> '/azerothcore/env/dist/etc/dbimport.conf.dist'
ac-db-import  | '/azerothcore/env/ref/etc/modules' -> '/azerothcore/env/dist/etc/modules'
ac-db-import  | '/azerothcore/env/ref/etc/modules/playerbots.conf.dist' -> '/azerothcore/env/dist/etc/modules/playerbots.conf.dist'
ac-db-import  | '/azerothcore/env/ref/etc/worldserver.conf.dist' -> '/azerothcore/env/dist/etc/worldserver.conf.dist'
ac-db-import  | '/azerothcore/env/dist/etc/dbimport.conf.dist' -> '/azerothcore/env/dist/etc/dbimport.conf'
ac-db-import  | Starting dbimport...
ac-db-import  | [36mAzerothCore rev. 413bea61a85e+ 2026-09-04 09:03:49 -0700 (Playerbot branch) (Unix, RelWithDebInfo, Static) (dbimport)
ac-db-import  | [0m[36m<Ctrl-C> to stop.
ac-db-import  | 
ac-db-import  | [0m[36m   █████╗ ███████╗███████╗██████╗  ██████╗ ████████╗██╗  ██╗
ac-db-import  | [0m[36m  ██╔══██╗╚══███╔╝██╔════╝██╔══██╗██╔═══██╗╚══██╔══╝██║  ██║
ac-db-import  | [0m[36m  ███████║  ███╔╝ █████╗  ██████╔╝██║   ██║   ██║   ███████║
ac-db-import  | [0m[36m  ██╔══██║ ███╔╝  ██╔══╝  ██╔══██╗██║   ██║   ██║   ██╔══██║
ac-db-import  | [0m[36m  ██║  ██║███████╗███████╗██║  ██║╚██████╔╝   ██║   ██║  ██║
ac-db-import  | [0m[36m  ╚═╝  ╚═╝╚══════╝╚══════╝╚═╝  ╚═╝ ╚═════╝    ╚═╝   ╚═╝  ╚═╝
ac-db-import  | [0m[36m                                 ██████╗ ██████╗ ██████╗ ███████╗
ac-db-import  | [0m[36m                                ██╔════╝██╔═══██╗██╔══██╗██╔════╝
ac-db-import  | [0m[36m                                ██║     ██║   ██║██████╔╝█████╗
ac-db-import  | [0m[36m                                ██║     ██║   ██║██╔══██╗██╔══╝
ac-db-import  | [0m[36m                                ╚██████╗╚██████╔╝██║  ██║███████╗
ac-db-import  | [0m[36m                                 ╚═════╝ ╚═════╝ ╚═╝  ╚═╝╚══════╝
ac-db-import  | 
ac-db-import  | [0m[36m     AzerothCore 3.3.5a  -  www.azerothcore.org
ac-db-import  | 
ac-db-import  | [0m[36m> Using configuration file:       /azerothcore/env/dist/etc/dbimport.conf
ac-db-import  | [0m[36m> Using SSL version:              OpenSSL 3.0.13 30 Jan 2024 (library: OpenSSL 3.0.13 30 Jan 2024)
ac-db-import  | [0m[36m> Using Boost version:            1.83.0
ac-db-import  | [0m[36m 
ac-db-import  | [0m[36mConfiguration field WorldDatabaseInfo was overridden with environment variable.
ac-db-import  | [0m[36mConfiguration field CharacterDatabaseInfo was overridden with environment variable.
ac-db-import  | [0m[36mConfiguration field LoginDatabaseInfo was overridden with environment variable.
ac-db-import  | [0m[36mConfiguration field LogsDir was overridden with environment variable.
ac-db-import  | [0m[36mLoading modules: all
ac-db-import  | [0m[36mOpening DatabasePool 'acore_auth'. Asynchronous connections: 1, synchronous connections: 1.
ac-db-import  | [0m[33mDatabase "acore_auth" does not exist
ac-db-import  | [0mDo you want to create it? [yes (default) / no]:
ac-db-import  | [36mCreating database "acore_auth"...
ac-db-import  | [0m[36mDone.
ac-db-import  | [0m[36m 
ac-db-import  | [0m[36mOpening DatabasePool 'acore_auth'. Asynchronous connections: 1, synchronous connections: 1.
ac-db-import  | [0m[36mMySQL client library: 8.0.46
ac-db-import  | [0m[36mMySQL server ver: 8.4.11 
ac-db-import  | [0m[36mConnected to MySQL database at ac-database
ac-db-import  | [0m[36mMySQL client library: 8.0.46
ac-db-import  | [0m[36mMySQL server ver: 8.4.11 
ac-db-import  | [0m[36mConnected to MySQL database at ac-database
ac-db-import  | [0m[36mDatabasePool 'acore_auth' opened successfully. 2 total connections running.
ac-db-import  | [0m[36m 
ac-db-import  | [0m[36mOpening DatabasePool 'acore_characters'. Asynchronous connections: 1, synchronous connections: 1.
ac-db-import  | [0m[33mDatabase "acore_characters" does not exist
ac-db-import  | [0mDo you want to create it? [yes (default) / no]:
ac-db-import  | [36mCreating database "acore_characters"...
ac-db-import  | [0m[36mDone.
ac-db-import  | [0m[36m 
ac-db-import  | [0m[36mOpening DatabasePool 'acore_characters'. Asynchronous connections: 1, synchronous connections: 1.
ac-db-import  | [0m[36mMySQL client library: 8.0.46
ac-db-import  | [0m[36mMySQL server ver: 8.4.11 
ac-db-import  | [0m[36mConnected to MySQL database at ac-database
ac-db-import  | [0m[36mMySQL client library: 8.0.46
ac-db-import  | [0m[36mMySQL server ver: 8.4.11 
ac-db-import  | [0m[36mConnected to MySQL database at ac-database
ac-db-import  | [0m[36mDatabasePool 'acore_characters' opened successfully. 2 total connections running.
ac-db-import  | [0m[36m 
ac-db-import  | [0m[36mOpening DatabasePool 'acore_world'. Asynchronous connections: 1, synchronous connections: 1.
ac-db-import  | [0m[33mDatabase "acore_world" does not exist
ac-db-import  | [0mDo you want to create it? [yes (default) / no]:
ac-db-import  | [36mCreating database "acore_world"...
ac-db-import  | [0m[36mDone.
ac-db-import  | [0m[36m 
ac-db-import  | [0m[36mOpening DatabasePool 'acore_world'. Asynchronous connections: 1, synchronous connections: 1.
ac-db-import  | [0m[36mMySQL client library: 8.0.46
ac-db-import  | [0m[36mMySQL server ver: 8.4.11 
ac-db-import  | [0m[36mConnected to MySQL database at ac-database
ac-db-import  | [0m[36mMySQL client library: 8.0.46
ac-db-import  | [0m[36mMySQL server ver: 8.4.11 
ac-db-import  | [0m[36mConnected to MySQL database at ac-database
ac-db-import  | [0m[36mDatabasePool 'acore_world' opened successfully. 2 total connections running.
ac-db-import  | [0m[36m 
ac-db-import  | [0m[36mDatabase Auth is empty, auto populating it...
ac-db-import  | [0m[36m>> Applying 'account.sql'...
ac-db-import  | [0m[36m>> Applying 'account_access.sql'...
ac-db-import  | [0m[36m>> Applying 'account_banned.sql'...
ac-db-import  | [0m[36m>> Applying 'account_muted.sql'...
ac-db-import  | [0m[36m>> Applying 'autobroadcast.sql'...
ac-db-import  | [0m[36m>> Applying 'autobroadcast_locale.sql'...
ac-db-import  | [0m[36m>> Applying 'build_info.sql'...
ac-db-import  | [0m[36m>> Applying 'ip_banned.sql'...
ac-db-import  | [0m[36m>> Applying 'logs.sql'...
ac-db-import  | [0m[36m>> Applying 'logs_ip_actions.sql'...
ac-db-import  | [0m[36m>> Applying 'motd.sql'...
ac-db-import  | [0m[36m>> Applying 'motd_localized.sql'...
ac-db-import  | [0m[36m>> Applying 'rbac_account_permissions.sql'...
ac-db-import  | [0m[36m>> Applying 'rbac_default_permissions.sql'...
ac-db-import  | [0m[36m>> Applying 'rbac_linked_permissions.sql'...
ac-db-import  | [0m[36m>> Applying 'rbac_permissions.sql'...
ac-db-import  | [0m[36m>> Applying 'realmcharacters.sql'...
ac-db-import  | [0m[36m>> Applying 'realmlist.sql'...
ac-db-import  | [0m[36m>> Applying 'secret_digest.sql'...
ac-db-import  | [0m[36m>> Applying 'updates.sql'...
ac-db-import  | [0m[36m>> Applying 'updates_include.sql'...
ac-db-import  | [0m[36m>> Applying 'uptime.sql'...
ac-db-import  | [0m[36m>> Done!
ac-db-import  | [0m[36m 
ac-db-import  | [0m[36mDatabase Character is empty, auto populating it...
ac-db-import  | [0m[36m>> Applying 'account_data.sql'...
ac-db-import  | [0m[36m>> Applying 'account_instance_times.sql'...
ac-db-import  | [0m[36m>> Applying 'account_tutorial.sql'...
ac-db-import  | [0m[36m>> Applying 'active_arena_season.sql'...
ac-db-import  | [0m[36m>> Applying 'addons.sql'...
ac-db-import  | [0m[36m>> Applying 'arena_team.sql'...
ac-db-import  | [0m[36m>> Applying 'arena_team_member.sql'...
ac-db-import  | [0m[36m>> Applying 'auctionhouse.sql'...
ac-db-import  | [0m[36m>> Applying 'banned_addons.sql'...
ac-db-import  | [0m[36m>> Applying 'battleground_deserters.sql'...
ac-db-import  | [0m[36m>> Applying 'bugreport.sql'...
ac-db-import  | [0m[36m>> Applying 'calendar_events.sql'...
ac-db-import  | [0m[36m>> Applying 'calendar_invites.sql'...
ac-db-import  | [0m[36m>> Applying 'channels.sql'...
ac-db-import  | [0m[36m>> Applying 'channels_bans.sql'...
ac-db-import  | [0m[36m>> Applying 'channels_rights.sql'...
ac-db-import  | [0m[36m>> Applying 'character_account_data.sql'...
ac-db-import  | [0m[36m>> Applying 'character_achievement.sql'...
ac-db-import  | [0m[36m>> Applying 'character_achievement_offline_updates.sql'...
ac-db-import  | [0m[36m>> Applying 'character_achievement_progress.sql'...
ac-db-import  | [0m[36m>> Applying 'character_action.sql'...
ac-db-import  | [0m[36m>> Applying 'character_arena_stats.sql'...
ac-db-import  | [0m[36m>> Applying 'character_aura.sql'...
ac-db-import  | [0m[36m>> Applying 'character_banned.sql'...
ac-db-import  | [0m[36m>> Applying 'character_battleground_random.sql'...
ac-db-import  | [0m[36m>> Applying 'character_brew_of_the_month.sql'...
ac-db-import  | [0m[36m>> Applying 'character_declinedname.sql'...
ac-db-import  | [0m[36m>> Applying 'character_entry_point.sql'...
ac-db-import  | [0m[36m>> Applying 'character_equipmentsets.sql'...
ac-db-import  | [0m[36m>> Applying 'character_gifts.sql'...
ac-db-import  | [0m[36m>> Applying 'character_glyphs.sql'...
ac-db-import  | [0m[36m>> Applying 'character_homebind.sql'...
ac-db-import  | [0m[36m>> Applying 'character_instance.sql'...
ac-db-import  | [0m[36m>> Applying 'character_inventory.sql'...
ac-db-import  | [0m[36m>> Applying 'character_pet.sql'...
ac-db-import  | [0m[36m>> Applying 'character_pet_declinedname.sql'...
ac-db-import  | [0m[36m>> Applying 'character_queststatus.sql'...
ac-db-import  | [0m[36m>> Applying 'character_queststatus_daily.sql'...
ac-db-import  | [0m[36m>> Applying 'character_queststatus_monthly.sql'...
ac-db-import  | [0m[36m>> Applying 'character_queststatus_rewarded.sql'...
ac-db-import  | [0m[36m>> Applying 'character_queststatus_seasonal.sql'...
ac-db-import  | [0m[36m>> Applying 'character_queststatus_weekly.sql'...
ac-db-import  | [0m[36m>> Applying 'character_reputation.sql'...
ac-db-import  | [0m[36m>> Applying 'character_settings.sql'...
ac-db-import  | [0m[36m>> Applying 'character_skills.sql'...
ac-db-import  | [0m[36m>> Applying 'character_social.sql'...
ac-db-import  | [0m[36m>> Applying 'character_spell.sql'...
ac-db-import  | [0m[36m>> Applying 'character_spell_cooldown.sql'...
ac-db-import  | [0m[36m>> Applying 'character_stats.sql'...
ac-db-import  | [0m[36m>> Applying 'character_talent.sql'...
ac-db-import  | [0m[36m>> Applying 'characters.sql'...
ac-db-import  | [0m[36m>> Applying 'chat_filter.sql'...
ac-db-import  | [0m[36m>> Applying 'corpse.sql'...
ac-db-import  | [0m[36m>> Applying 'creature_respawn.sql'...
ac-db-import  | [0m[36m>> Applying 'game_event_condition_save.sql'...
ac-db-import  | [0m[36m>> Applying 'game_event_save.sql'...
ac-db-import  | [0m[36m>> Applying 'gameobject_respawn.sql'...
ac-db-import  | [0m[36m>> Applying 'gm_subsurvey.sql'...
ac-db-import  | [0m[36m>> Applying 'gm_survey.sql'...
ac-db-import  | [0m[36m>> Applying 'gm_ticket.sql'...
ac-db-import  | [0m[36m>> Applying 'group_member.sql'...
ac-db-import  | [0m[36m>> Applying 'groups.sql'...
ac-db-import  | [0m[36m>> Applying 'guild.sql'...
ac-db-import  | [0m[36m>> Applying 'guild_bank_eventlog.sql'...
ac-db-import  | [0m[36m>> Applying 'guild_bank_item.sql'...
ac-db-import  | [0m[36m>> Applying 'guild_bank_right.sql'...
ac-db-import  | [0m[36m>> Applying 'guild_bank_tab.sql'...
ac-db-import  | [0m[36m>> Applying 'guild_eventlog.sql'...
ac-db-import  | [0m[36m>> Applying 'guild_member.sql'...
ac-db-import  | [0m[36m>> Applying 'guild_member_withdraw.sql'...
ac-db-import  | [0m[36m>> Applying 'guild_rank.sql'...
ac-db-import  | [0m[36m>> Applying 'instance.sql'...
ac-db-import  | [0m[36m>> Applying 'instance_reset.sql'...
ac-db-import  | [0m[36m>> Applying 'instance_saved_go_state_data.sql'...
ac-db-import  | [0m[36m>> Applying 'item_instance.sql'...
ac-db-import  | [0m[36m>> Applying 'item_loot_storage.sql'...
ac-db-import  | [0m[36m>> Applying 'item_refund_instance.sql'...
ac-db-import  | [0m[36m>> Applying 'item_soulbound_trade_data.sql'...
ac-db-import  | [0m[36m>> Applying 'lag_reports.sql'...
ac-db-import  | [0m[36m>> Applying 'lfg_data.sql'...
ac-db-import  | [0m[36m>> Applying 'log_arena_fights.sql'...
ac-db-import  | [0m[36m>> Applying 'log_arena_memberstats.sql'...
ac-db-import  | [0m[36m>> Applying 'log_encounter.sql'...
ac-db-import  | [0m[36m>> Applying 'log_money.sql'...
ac-db-import  | [0m[36m>> Applying 'mail.sql'...
ac-db-import  | [0m[36m>> Applying 'mail_items.sql'...
ac-db-import  | [0m[36m>> Applying 'mail_server_character.sql'...
ac-db-import  | [0m[36m>> Applying 'mail_server_template.sql'...
ac-db-import  | [0m[36m>> Applying 'mail_server_template_conditions.sql'...
ac-db-import  | [0m[36m>> Applying 'mail_server_template_items.sql'...
ac-db-import  | [0m[36m>> Applying 'pet_aura.sql'...
ac-db-import  | [0m[36m>> Applying 'pet_spell.sql'...
ac-db-import  | [0m[36m>> Applying 'pet_spell_cooldown.sql'...
ac-db-import  | [0m[36m>> Applying 'petition.sql'...
ac-db-import  | [0m[36m>> Applying 'petition_sign.sql'...
ac-db-import  | [0m[36m>> Applying 'pool_quest_save.sql'...
ac-db-import  | [0m[36m>> Applying 'profanity_name.sql'...
ac-db-import  | [0m[36m>> Applying 'pvpstats_battlegrounds.sql'...
ac-db-import  | [0m[36m>> Applying 'pvpstats_players.sql'...
ac-db-import  | [0m[36m>> Applying 'quest_tracker.sql'...
ac-db-import  | [0m[36m>> Applying 'recovery_item.sql'...
ac-db-import  | [0m[36m>> Applying 'reserved_name.sql'...
ac-db-import  | [0m[36m>> Applying 'spam_reports.sql'...
ac-db-import  | [0m[36m>> Applying 'updates.sql'...
ac-db-import  | [0m[36m>> Applying 'updates_include.sql'...
ac-db-import  | [0m[36m>> Applying 'warden_action.sql'...
ac-db-import  | [0m[36m>> Applying 'world_state.sql'...
ac-db-import  | [0m[36m>> Applying 'worldstates.sql'...
ac-db-import  | [0m[36m>> Done!
ac-db-import  | [0m[36m 
ac-db-import  | [0m[36mDatabase World is empty, auto populating it...
ac-db-import  | [0m[36m>> Applying 'achievement_category_dbc.sql'...
ac-db-import  | [0m[36m>> Applying 'achievement_criteria_data.sql'...
ac-db-import  | [0m[36m>> Applying 'achievement_criteria_dbc.sql'...
ac-db-import  | [0m[36m>> Applying 'achievement_dbc.sql'...
ac-db-import  | [0m[36m>> Applying 'achievement_reward.sql'...
ac-db-import  | [0m[36m>> Applying 'achievement_reward_locale.sql'...
ac-db-import  | [0m[36m>> Applying 'acore_string.sql'...
ac-db-import  | [0m[36m>> Applying 'antidos_opcode_policies.sql'...
ac-db-import  | [0m[36m>> Applying 'areagroup_dbc.sql'...
ac-db-import  | [0m[36m>> Applying 'areapoi_dbc.sql'...
ac-db-import  | [0m[36m>> Applying 'areatable_dbc.sql'...
ac-db-import  | [0m[36m>> Applying 'areatrigger.sql'...
ac-db-import  | [0m[36m>> Applying 'areatrigger_involvedrelation.sql'...
ac-db-import  | [0m[36m>> Applying 'areatrigger_scripts.sql'...
ac-db-import  | [0m[36m>> Applying 'areatrigger_tavern.sql'...
ac-db-import  | [0m[36m>> Applying 'areatrigger_teleport.sql'...
ac-db-import  | [0m[36m>> Applying 'arena_season_reward.sql'...
ac-db-import  | [0m[36m>> Applying 'arena_season_reward_group.sql'...
ac-db-import  | [0m[36m>> Applying 'auctionhouse_dbc.sql'...
ac-db-import  | [0m[36m>> Applying 'bankbagslotprices_dbc.sql'...
ac-db-import  | [0m[36m>> Applying 'barbershopstyle_dbc.sql'...
ac-db-import  | [0m[36m>> Applying 'battleground_template.sql'...
ac-db-import  | [0m[36m>> Applying 'battlemaster_entry.sql'...
ac-db-import  | [0m[36m>> Applying 'battlemasterlist_dbc.sql'...
ac-db-import  | [0m[36m>> Applying 'broadcast_text.sql'...
ac-db-import  | [0m[36m>> Applying 'broadcast_text_locale.sql'...
ac-db-import  | [0m[36m>> Applying 'charstartoutfit_dbc.sql'...
ac-db-import  | [0m[36m>> Applying 'chartitles_dbc.sql'...
ac-db-import  | [0m[36m>> Applying 'chatchannels_dbc.sql'...
ac-db-import  | [0m[36m>> Applying 'chrclasses_dbc.sql'...
ac-db-import  | [0m[36m>> Applying 'chrraces_dbc.sql'...
ac-db-import  | [0m[36m>> Applying 'cinematiccamera_dbc.sql'...
ac-db-import  | [0m[36m>> Applying 'cinematicsequences_dbc.sql'...
ac-db-import  | [0m[36m>> Applying 'command.sql'...
ac-db-import  | [0m[36m>> Applying 'conditions.sql'...
ac-db-import  | [0m[36m>> Applying 'creature.sql'...
ac-db-import  | [0m[36m>> Applying 'creature_addon.sql'...
ac-db-import  | [0m[36m>> Applying 'creature_classlevelstats.sql'...
ac-db-import  | [0m[36m>> Applying 'creature_default_trainer.sql'...
ac-db-import  | [0m[36m>> Applying 'creature_equip_template.sql'...
ac-db-import  | [0m[36m>> Applying 'creature_formations.sql'...
ac-db-import  | [0m[36m>> Applying 'creature_immunities.sql'...
ac-db-import  | [0m[36m>> Applying 'creature_loot_template.sql'...
ac-db-import  | [0m[36m>> Applying 'creature_model_info.sql'...
ac-db-import  | [0m[36m>> Applying 'creature_movement_override.sql'...
ac-db-import  | [0m[36m>> Applying 'creature_onkill_reputation.sql'...
ac-db-import  | [0m[36m>> Applying 'creature_questender.sql'...
ac-db-import  | [0m[36m>> Applying 'creature_questitem.sql'...
ac-db-import  | [0m[36m>> Applying 'creature_queststarter.sql'...
ac-db-import  | [0m[36m>> Applying 'creature_sparring.sql'...
ac-db-import  | [0m[36m>> Applying 'creature_summon_groups.sql'...
ac-db-import  | [0m[36m>> Applying 'creature_template.sql'...
ac-db-import  | [0m[36m>> Applying 'creature_template_addon.sql'...
ac-db-import  | [0m[36m>> Applying 'creature_template_locale.sql'...
ac-db-import  | [0m[36m>> Applying 'creature_template_model.sql'...
ac-db-import  | [0m[36m>> Applying 'creature_template_movement.sql'...
ac-db-import  | [0m[36m>> Applying 'creature_template_resistance.sql'...
ac-db-import  | [0m[36m>> Applying 'creature_template_spell.sql'...
ac-db-import  | [0m[36m>> Applying 'creature_text.sql'...
ac-db-import  | [0m[36m>> Applying 'creature_text_locale.sql'...
ac-db-import  | [0m[36m>> Applying 'creaturedisplayinfo_dbc.sql'...
ac-db-import  | [0m[36m>> Applying 'creaturedisplayinfoextra_dbc.sql'...
ac-db-import  | [0m[36m>> Applying 'creaturefamily_dbc.sql'...
ac-db-import  | [0m[36m>> Applying 'creaturemodeldata_dbc.sql'...
ac-db-import  | [0m[36m>> Applying 'creaturespelldata_dbc.sql'...
ac-db-import  | [0m[36m>> Applying 'creaturetype_dbc.sql'...
ac-db-import  | [0m[36m>> Applying 'currencytypes_dbc.sql'...
ac-db-import  | [0m[36m>> Applying 'destructiblemodeldata_dbc.sql'...
ac-db-import  | [0m[36m>> Applying 'disables.sql'...
ac-db-import  | [0m[36m>> Applying 'disenchant_loot_template.sql'...
ac-db-import  | [0m[36m>> Applying 'dungeon_access_requirements.sql'...
ac-db-import  | [0m[36m>> Applying 'dungeon_access_template.sql'...
ac-db-import  | [0m[36m>> Applying 'dungeonencounter_dbc.sql'...
ac-db-import  | [0m[36m>> Applying 'durabilitycosts_dbc.sql'...
ac-db-import  | [0m[36m>> Applying 'durabilityquality_dbc.sql'...
ac-db-import  | [0m[36m>> Applying 'emotes_dbc.sql'...
ac-db-import  | [0m[36m>> Applying 'emotestext_dbc.sql'...
ac-db-import  | [0m[36m>> Applying 'event_scripts.sql'...
ac-db-import  | [0m[36m>> Applying 'exploration_basexp.sql'...
ac-db-import  | [0m[36m>> Applying 'faction_dbc.sql'...
ac-db-import  | [0m[36m>> Applying 'factiontemplate_dbc.sql'...
ac-db-import  | [0m[36m>> Applying 'fishing_loot_template.sql'...
ac-db-import  | [0m[36m>> Applying 'game_event.sql'...
ac-db-import  | [0m[36m>> Applying 'game_event_arena_seasons.sql'...
ac-db-import  | [0m[36m>> Applying 'game_event_battleground_holiday.sql'...
ac-db-import  | [0m[36m>> Applying 'game_event_condition.sql'...
ac-db-import  | [0m[36m>> Applying 'game_event_creature.sql'...
ac-db-import  | [0m[36m>> Applying 'game_event_creature_quest.sql'...
ac-db-import  | [0m[36m>> Applying 'game_event_gameobject.sql'...
ac-db-import  | [0m[36m>> Applying 'game_event_gameobject_quest.sql'...
ac-db-import  | [0m[36m>> Applying 'game_event_model_equip.sql'...
ac-db-import  | [0m[36m>> Applying 'game_event_npc_vendor.sql'...
ac-db-import  | [0m[36m>> Applying 'game_event_npcflag.sql'...
ac-db-import  | [0m[36m>> Applying 'game_event_pool.sql'...
ac-db-import  | [0m[36m>> Applying 'game_event_prerequisite.sql'...
ac-db-import  | [0m[36m>> Applying 'game_event_quest_condition.sql'...
ac-db-import  | [0m[36m>> Applying 'game_event_seasonal_questrelation.sql'...
ac-db-import  | [0m[36m>> Applying 'game_graveyard.sql'...
ac-db-import  | [0m[36m>> Applying 'game_tele.sql'...
ac-db-import  | [0m[36m>> Applying 'game_weather.sql'...
ac-db-import  | [0m[36m>> Applying 'gameobject.sql'...
ac-db-import  | [0m[36m>> Applying 'gameobject_addon.sql'...
ac-db-import  | [0m[36m>> Applying 'gameobject_loot_template.sql'...
ac-db-import  | [0m[36m>> Applying 'gameobject_questender.sql'...
ac-db-import  | [0m[36m>> Applying 'gameobject_questitem.sql'...
ac-db-import  | [0m[36m>> Applying 'gameobject_queststarter.sql'...
ac-db-import  | [0m[36m>> Applying 'gameobject_summon_groups.sql'...
ac-db-import  | [0m[36m>> Applying 'gameobject_template.sql'...
ac-db-import  | [0m[36m>> Applying 'gameobject_template_addon.sql'...
ac-db-import  | [0m[36m>> Applying 'gameobject_template_locale.sql'...
ac-db-import  | [0m[36m>> Applying 'gameobjectartkit_dbc.sql'...
ac-db-import  | [0m[36m>> Applying 'gameobjectdisplayinfo_dbc.sql'...
ac-db-import  | [0m[36m>> Applying 'gemproperties_dbc.sql'...
ac-db-import  | [0m[36m>> Applying 'glyphproperties_dbc.sql'...
ac-db-import  | [0m[36m>> Applying 'glyphslot_dbc.sql'...
ac-db-import  | [0m[36m>> Applying 'gossip_menu.sql'...
ac-db-import  | [0m[36m>> Applying 'gossip_menu_option.sql'...
ac-db-import  | [0m[36m>> Applying 'gossip_menu_option_locale.sql'...
ac-db-import  | [0m[36m>> Applying 'graveyard_zone.sql'...
ac-db-import  | [0m[36m>> Applying 'gtbarbershopcostbase_dbc.sql'...
ac-db-import  | [0m[36m>> Applying 'gtchancetomeleecrit_dbc.sql'...
ac-db-import  | [0m[36m>> Applying 'gtchancetomeleecritbase_dbc.sql'...
ac-db-import  | [0m[36m>> Applying 'gtchancetospellcrit_dbc.sql'...
ac-db-import  | [0m[36m>> Applying 'gtchancetospellcritbase_dbc.sql'...
ac-db-import  | [0m[36m>> Applying 'gtcombatratings_dbc.sql'...
ac-db-import  | [0m[36m>> Applying 'gtnpcmanacostscaler_dbc.sql'...
ac-db-import  | [0m[36m>> Applying 'gtoctclasscombatratingscalar_dbc.sql'...
ac-db-import  | [0m[36m>> Applying 'gtoctregenhp_dbc.sql'...
ac-db-import  | [0m[36m>> Applying 'gtregenhpperspt_dbc.sql'...
ac-db-import  | [0m[36m>> Applying 'gtregenmpperspt_dbc.sql'...
ac-db-import  | [0m[36m>> Applying 'holiday_dates.sql'...
ac-db-import  | [0m[36m>> Applying 'holidays_dbc.sql'...
ac-db-import  | [0m[36m>> Applying 'instance_encounters.sql'...
ac-db-import  | [0m[36m>> Applying 'instance_template.sql'...
ac-db-import  | [0m[36m>> Applying 'item_dbc.sql'...
ac-db-import  | [0m[36m>> Applying 'item_enchantment_template.sql'...
ac-db-import  | [0m[36m>> Applying 'item_loot_template.sql'...
ac-db-import  | [0m[36m>> Applying 'item_set_names.sql'...
ac-db-import  | [0m[36m>> Applying 'item_set_names_locale.sql'...
ac-db-import  | [0m[36m>> Applying 'item_template.sql'...
ac-db-import  | [0m[36m>> Applying 'item_template_locale.sql'...
ac-db-import  | [0m[36m>> Applying 'itembagfamily_dbc.sql'...
ac-db-import  | [0m[36m>> Applying 'itemdisplayinfo_dbc.sql'...
ac-db-import  | [0m[36m>> Applying 'itemextendedcost_dbc.sql'...
ac-db-import  | [0m[36m>> Applying 'itemlimitcategory_dbc.sql'...
ac-db-import  | [0m[36m>> Applying 'itemrandomproperties_dbc.sql'...
ac-db-import  | [0m[36m>> Applying 'itemrandomsuffix_dbc.sql'...
ac-db-import  | [0m[36m>> Applying 'itemset_dbc.sql'...
ac-db-import  | [0m[36m>> Applying 'lfg_dungeon_rewards.sql'...
ac-db-import  | [0m[36m>> Applying 'lfg_dungeon_template.sql'...
ac-db-import  | [0m[36m>> Applying 'lfgdungeons_dbc.sql'...
ac-db-import  | [0m[36m>> Applying 'light_dbc.sql'...
ac-db-import  | [0m[36m>> Applying 'linked_respawn.sql'...
ac-db-import  | [0m[36m>> Applying 'liquidtype_dbc.sql'...
ac-db-import  | [0m[36m>> Applying 'lock_dbc.sql'...
ac-db-import  | [0m[36m>> Applying 'mail_level_reward.sql'...
ac-db-import  | [0m[36m>> Applying 'mail_loot_template.sql'...
ac-db-import  | [0m[36m>> Applying 'mailtemplate_dbc.sql'...
ac-db-import  | [0m[36m>> Applying 'map_dbc.sql'...
ac-db-import  | [0m[36m>> Applying 'mapdifficulty_dbc.sql'...
ac-db-import  | [0m[36m>> Applying 'milling_loot_template.sql'...
ac-db-import  | [0m[36m>> Applying 'module_string.sql'...
ac-db-import  | [0m[36m>> Applying 'module_string_locale.sql'...
ac-db-import  | [0m[36m>> Applying 'movie_dbc.sql'...
ac-db-import  | [0m[36m>> Applying 'namesprofanity_dbc.sql'...
ac-db-import  | [0m[36m>> Applying 'namesreserved_dbc.sql'...
ac-db-import  | [0m[36m>> Applying 'npc_spellclick_spells.sql'...
ac-db-import  | [0m[36m>> Applying 'npc_text.sql'...
ac-db-import  | [0m[36m>> Applying 'npc_text_locale.sql'...
ac-db-import  | [0m[36m>> Applying 'npc_trainer.sql'...
ac-db-import  | [0m[36m>> Applying 'npc_vendor.sql'...
ac-db-import  | [0m[36m>> Applying 'outdoorpvp_template.sql'...
ac-db-import  | [0m[36m>> Applying 'overridespelldata_dbc.sql'...
ac-db-import  | [0m[36m>> Applying 'page_text.sql'...
ac-db-import  | [0m[36m>> Applying 'page_text_locale.sql'...
ac-db-import  | [0m[36m>> Applying 'pet_levelstats.sql'...
ac-db-import  | [0m[36m>> Applying 'pet_name_generation.sql'...
ac-db-import  | [0m[36m>> Applying 'pet_name_generation_locale.sql'...
ac-db-import  | [0m[36m>> Applying 'pickpocketing_loot_template.sql'...
ac-db-import  | [0m[36m>> Applying 'player_class_stats.sql'...
ac-db-import  | [0m[36m>> Applying 'player_factionchange_achievement.sql'...
ac-db-import  | [0m[36m>> Applying 'player_factionchange_items.sql'...
ac-db-import  | [0m[36m>> Applying 'player_factionchange_quests.sql'...
ac-db-import  | [0m[36m>> Applying 'player_factionchange_reputations.sql'...
ac-db-import  | [0m[36m>> Applying 'player_factionchange_spells.sql'...
ac-db-import  | [0m[36m>> Applying 'player_factionchange_titles.sql'...
ac-db-import  | [0m[36m>> Applying 'player_loot_template.sql'...
ac-db-import  | [0m[36m>> Applying 'player_race_stats.sql'...
ac-db-import  | [0m[36m>> Applying 'player_shapeshift_model.sql'...
ac-db-import  | [0m[36m>> Applying 'player_totem_model.sql'...
ac-db-import  | [0m[36m>> Applying 'player_xp_for_level.sql'...
ac-db-import  | [0m[36m>> Applying 'playercreateinfo.sql'...
ac-db-import  | [0m[36m>> Applying 'playercreateinfo_action.sql'...
ac-db-import  | [0m[36m>> Applying 'playercreateinfo_cast_spell.sql'...
ac-db-import  | [0m[36m>> Applying 'playercreateinfo_item.sql'...
ac-db-import  | [0m[36m>> Applying 'playercreateinfo_skills.sql'...
ac-db-import  | [0m[36m>> Applying 'playercreateinfo_spell_custom.sql'...
ac-db-import  | [0m[36m>> Applying 'points_of_interest.sql'...
ac-db-import  | [0m[36m>> Applying 'points_of_interest_locale.sql'...
ac-db-import  | [0m[36m>> Applying 'pool_creature.sql'...
ac-db-import  | [0m[36m>> Applying 'pool_gameobject.sql'...
ac-db-import  | [0m[36m>> Applying 'pool_pool.sql'...
ac-db-import  | [0m[36m>> Applying 'pool_quest.sql'...
ac-db-import  | [0m[36m>> Applying 'pool_template.sql'...
ac-db-import  | [0m[36m>> Applying 'powerdisplay_dbc.sql'...
ac-db-import  | [0m[36m>> Applying 'prospecting_loot_template.sql'...
ac-db-import  | [0m[36m>> Applying 'pvpdifficulty_dbc.sql'...
ac-db-import  | [0m[36m>> Applying 'quest_details.sql'...
ac-db-import  | [0m[36m>> Applying 'quest_greeting.sql'...
ac-db-import  | [0m[36m>> Applying 'quest_greeting_locale.sql'...
ac-db-import  | [0m[36m>> Applying 'quest_mail_sender.sql'...
ac-db-import  | [0m[36m>> Applying 'quest_money_reward.sql'...
ac-db-import  | [0m[36m>> Applying 'quest_offer_reward.sql'...
ac-db-import  | [0m[36m>> Applying 'quest_offer_reward_locale.sql'...
ac-db-import  | [0m[36m>> Applying 'quest_poi.sql'...
ac-db-import  | [0m[36m>> Applying 'quest_poi_points.sql'...
ac-db-import  | [0m[36m>> Applying 'quest_request_items.sql'...
ac-db-import  | [0m[36m>> Applying 'quest_request_items_locale.sql'...
ac-db-import  | [0m[36m>> Applying 'quest_template.sql'...
ac-db-import  | [0m[36m>> Applying 'quest_template_addon.sql'...
ac-db-import  | [0m[36m>> Applying 'quest_template_locale.sql'...
ac-db-import  | [0m[36m>> Applying 'questfactionreward_dbc.sql'...
ac-db-import  | [0m[36m>> Applying 'questsort_dbc.sql'...
ac-db-import  | [0m[36m>> Applying 'questxp_dbc.sql'...
ac-db-import  | [0m[36m>> Applying 'randproppoints_dbc.sql'...
ac-db-import  | [0m[36m>> Applying 'reference_loot_template.sql'...
ac-db-import  | [0m[36m>> Applying 'reputation_reward_rate.sql'...
ac-db-import  | [0m[36m>> Applying 'reputation_spillover_template.sql'...
ac-db-import  | [0m[36m>> Applying 'scalingstatdistribution_dbc.sql'...
ac-db-import  | [0m[36m>> Applying 'scalingstatvalues_dbc.sql'...
ac-db-import  | [0m[36m>> Applying 'script_waypoint.sql'...
ac-db-import  | [0m[36m>> Applying 'skill_discovery_template.sql'...
ac-db-import  | [0m[36m>> Applying 'skill_extra_item_template.sql'...
ac-db-import  | [0m[36m>> Applying 'skill_fishing_base_level.sql'...
ac-db-import  | [0m[36m>> Applying 'skill_perfect_item_template.sql'...
ac-db-import  | [0m[36m>> Applying 'skillline_dbc.sql'...
ac-db-import  | [0m[36m>> Applying 'skilllineability_dbc.sql'...
ac-db-import  | [0m[36m>> Applying 'skillraceclassinfo_dbc.sql'...
ac-db-import  | [0m[36m>> Applying 'skilltiers_dbc.sql'...
ac-db-import  | [0m[36m>> Applying 'skinning_loot_template.sql'...
ac-db-import  | [0m[36m>> Applying 'smart_scripts.sql'...
ac-db-import  | [0m[36m>> Applying 'soundentries_dbc.sql'...
ac-db-import  | [0m[36m>> Applying 'spawn_group.sql'...
ac-db-import  | [0m[36m>> Applying 'spawn_group_template.sql'...
ac-db-import  | [0m[36m>> Applying 'spell_area.sql'...
ac-db-import  | [0m[36m>> Applying 'spell_bonus_data.sql'...
ac-db-import  | [0m[36m>> Applying 'spell_cone.sql'...
ac-db-import  | [0m[36m>> Applying 'spell_cooldown_overrides.sql'...
ac-db-import  | [0m[36m>> Applying 'spell_custom_attr.sql'...
ac-db-import  | [0m[36m>> Applying 'spell_dbc.sql'...
ac-db-import  | [0m[36m>> Applying 'spell_enchant_proc_data.sql'...
ac-db-import  | [0m[36m>> Applying 'spell_group.sql'...
ac-db-import  | [0m[36m>> Applying 'spell_group_stack_rules.sql'...
ac-db-import  | [0m[36m>> Applying 'spell_jump_distance.sql'...
ac-db-import  | [0m[36m>> Applying 'spell_linked_spell.sql'...
ac-db-import  | [0m[36m>> Applying 'spell_loot_template.sql'...
ac-db-import  | [0m[36m>> Applying 'spell_mixology.sql'...
ac-db-import  | [0m[36m>> Applying 'spell_pet_auras.sql'...
ac-db-import  | [0m[36m>> Applying 'spell_proc.sql'...
ac-db-import  | [0m[36m>> Applying 'spell_proc_event.sql'...
ac-db-import  | [0m[36m>> Applying 'spell_ranks.sql'...
ac-db-import  | [0m[36m>> Applying 'spell_required.sql'...
ac-db-import  | [0m[36m>> Applying 'spell_script_names.sql'...
ac-db-import  | [0m[36m>> Applying 'spell_scripts.sql'...
ac-db-import  | [0m[36m>> Applying 'spell_target_position.sql'...
ac-db-import  | [0m[36m>> Applying 'spell_threat.sql'...
ac-db-import  | [0m[36m>> Applying 'spellcasttimes_dbc.sql'...
ac-db-import  | [0m[36m>> Applying 'spellcategory_dbc.sql'...
ac-db-import  | [0m[36m>> Applying 'spelldifficulty_dbc.sql'...
ac-db-import  | [0m[36m>> Applying 'spellduration_dbc.sql'...
ac-db-import  | [0m[36m>> Applying 'spellfocusobject_dbc.sql'...
ac-db-import  | [0m[36m>> Applying 'spellitemenchantment_dbc.sql'...
ac-db-import  | [0m[36m>> Applying 'spellitemenchantmentcondition_dbc.sql'...
ac-db-import  | [0m[36m>> Applying 'spellradius_dbc.sql'...
ac-db-import  | [0m[36m>> Applying 'spellrange_dbc.sql'...
ac-db-import  | [0m[36m>> Applying 'spellrunecost_dbc.sql'...
ac-db-import  | [0m[36m>> Applying 'spellshapeshiftform_dbc.sql'...
ac-db-import  | [0m[36m>> Applying 'spellvisual_dbc.sql'...
ac-db-import  | [0m[36m>> Applying 'stableslotprices_dbc.sql'...
ac-db-import  | [0m[36m>> Applying 'summonproperties_dbc.sql'...
ac-db-import  | [0m[36m>> Applying 'talent_dbc.sql'...
ac-db-import  | [0m[36m>> Applying 'talenttab_dbc.sql'...
ac-db-import  | [0m[36m>> Applying 'taxinodes_dbc.sql'...
ac-db-import  | [0m[36m>> Applying 'taxipath_dbc.sql'...
ac-db-import  | [0m[36m>> Applying 'taxipathnode_dbc.sql'...
ac-db-import  | [0m[36m>> Applying 'teamcontributionpoints_dbc.sql'...
ac-db-import  | [0m[36m>> Applying 'totemcategory_dbc.sql'...
ac-db-import  | [0m[36m>> Applying 'trainer.sql'...
ac-db-import  | [0m[36m>> Applying 'trainer_locale.sql'...
ac-db-import  | [0m[36m>> Applying 'trainer_spell.sql'...
ac-db-import  | [0m[36m>> Applying 'transportanimation_dbc.sql'...
ac-db-import  | [0m[36m>> Applying 'transportrotation_dbc.sql'...
ac-db-import  | [0m[36m>> Applying 'transports.sql'...
ac-db-import  | [0m[36m>> Applying 'updates.sql'...
ac-db-import  | [0m[36m>> Applying 'updates_include.sql'...
ac-db-import  | [0m[36m>> Applying 'vehicle_accessory.sql'...
ac-db-import  | [0m[36m>> Applying 'vehicle_dbc.sql'...
ac-db-import  | [0m[36m>> Applying 'vehicle_seat_addon.sql'...
ac-db-import  | [0m[36m>> Applying 'vehicle_template_accessory.sql'...
ac-db-import  | [0m[36m>> Applying 'vehicleseat_dbc.sql'...
ac-db-import  | [0m[36m>> Applying 'version.sql'...
ac-db-import  | [0m[36m>> Applying 'warden_checks.sql'...
ac-db-import  | [0m[36m>> Applying 'waypoint_data.sql'...
ac-db-import  | [0m[36m>> Applying 'waypoint_data_addon.sql'...
ac-db-import  | [0m[36m>> Applying 'waypoint_scripts.sql'...
ac-db-import  | [0m[36m>> Applying 'waypoints.sql'...
ac-db-import  | [0m[36m>> Applying 'wmoareatable_dbc.sql'...
ac-db-import  | [0m[36m>> Applying 'worldmaparea_dbc.sql'...
ac-db-import  | [0m[36m>> Applying 'worldmapoverlay_dbc.sql'...
ac-db-import  | [0m[36m>> Done!
ac-db-import  | [0m[36m 
ac-db-import  | [0m[36mUpdating Auth database...
ac-db-import  | [0m[36m>> Applying update "2026_07_15_00.sql" '7F0B0E4'...
ac-db-import  | [0m[36m>> Applying update "2026_07_18_00.sql" 'FDDC753'...
ac-db-import  | [0m[36m>> Applying update "2026_07_18_01.sql" 'FE82BF5'...
ac-db-import  | [0m[36m>> Applying update "2026_07_19_00.sql" 'DE3C449'...
ac-db-import  | [0m[36m>> Applying update "2026_07_22_00.sql" '382BCD3'...
ac-db-import  | [0m[36m>> Applying update "2026_08_16_00.sql" 'CC5ACE6'...
ac-db-import  | [0m[36m>> Applied 6 queries. Containing 15 new and 1 archived updates.
ac-db-import  | [0m[36m 
ac-db-import  | [0m[36mUpdating Character database...
ac-db-import  | [0m[36m>> Applying update "2026_06_24_00.sql" 'C59C550'...
ac-db-import  | [0m[36m>> Applying update "2026_07_18_00.sql" '1A6FB12'...
ac-db-import  | [0m[36m>> Applying update "2026_07_21_00.sql" 'A8C6CE6'...
ac-db-import  | [0m[36m>> Applying update "2026_07_22_00.sql" 'E06DB4D'...
ac-db-import  | [0m[36m>> Applying update "2026_08_15_00.sql" '9384496'...
ac-db-import  | [0m[36m>> Applying update "2025_09_25_01_playerbots_guild_tabard_fix.sql" '3C2DBA2'...
ac-db-import  | [0m[36m>> Applying update "playerbots_arena_team_names.sql" 'B138B11'...
ac-db-import  | [0m[36m>> Applying update "playerbots_guild_names.sql" 'FFBA9D7'...
ac-db-import  | [0m[36m>> Applying update "playerbots_names.sql" '3AB14F4'...
ac-db-import  | [0m[36m>> Applied 9 queries. Containing 17 new and 3 archived updates.
ac-db-import  | [0m[36m 
ac-db-import  | [0m[36mUpdating World database...
ac-db-import  | [0m[36m>> Applying update "2026_06_01_02.sql" '2EBA47B'...
ac-db-import  | [0m[36m>> Applying update "2026_06_02_00.sql" 'B3178D9'...
ac-db-import  | [0m[36m>> Applying update "2026_06_02_01.sql" '0AAC618'...
ac-db-import  | [0m[36m>> Applying update "2026_06_02_02.sql" '3F2AB97'...
ac-db-import  | [0m[36m>> Applying update "2026_06_02_03.sql" 'FCF92BC'...
ac-db-import  | [0m[36m>> Applying update "2026_06_05_00.sql" '4E4482C'...
ac-db-import  | [0m[36m>> Applying update "2026_06_08_00.sql" '8C7630D'...
ac-db-import  | [0m[36m>> Applying update "2026_06_08_01.sql" 'F483EE6'...
ac-db-import  | [0m[36m>> Applying update "2026_06_10_00.sql" '8D5E44D'...
ac-db-import  | [0m[36m>> Applying update "2026_06_10_01.sql" '9F9F667'...
ac-db-import  | [0m[36m>> Applying update "2026_06_10_02.sql" '7EFBDFC'...
ac-db-import  | [0m[36m>> Applying update "2026_06_10_03.sql" '091244B'...
ac-db-import  | [0m[36m>> Applying update "2026_06_11_00.sql" '48E0E72'...
ac-db-import  | [0m[36m>> Applying update "2026_06_11_01.sql" '0342AE8'...
ac-db-import  | [0m[36m>> Applying update "2026_06_11_02.sql" '0EF7D83'...
ac-db-import  | [0m[36m>> Applying update "2026_06_12_00.sql" '9091357'...
ac-db-import  | [0m[36m>> Applying update "2026_06_12_01.sql" '7C4206F'...
ac-db-import  | [0m[36m>> Applying update "2026_06_12_02.sql" 'C2F5A06'...
ac-db-import  | [0m[36m>> Applying update "2026_06_13_00.sql" '4538A6B'...
ac-db-import  | [0m[36m>> Applying update "2026_06_13_01.sql" 'BA33F30'...
ac-db-import  | [0m[36m>> Applying update "2026_06_13_02.sql" '5D96974'...
ac-db-import  | [0m[36m>> Applying update "2026_06_13_03.sql" '070F1CD'...
ac-db-import  | [0m[36m>> Applying update "2026_06_13_04.sql" '89E3F8C'...
ac-db-import  | [0m[36m>> Applying update "2026_06_13_05.sql" '1812A37'...
ac-db-import  | [0m[36m>> Applying update "2026_06_14_00.sql" '0EACE9D'...
ac-db-import  | [0m[36m>> Applying update "2026_06_14_01.sql" '9016152'...
ac-db-import  | [0m[36m>> Applying update "2026_06_14_02.sql" 'ECC376E'...
ac-db-import  | [0m[36m>> Applying update "2026_06_15_00.sql" '2254BA2'...
ac-db-import  | [0m[36m>> Applying update "2026_06_15_01.sql" '1B17050'...
ac-db-import  | [0m[36m>> Applying update "2026_06_16_00.sql" 'DF7EC32'...
ac-db-import  | [0m[36m>> Applying update "2026_06_16_01.sql" '38B3A91'...
ac-db-import  | [0m[36m>> Applying update "2026_06_16_02.sql" '6326DC6'...
ac-db-import  | [0m[36m>> Applying update "2026_06_16_03.sql" 'A573476'...
ac-db-import  | [0m[36m>> Applying update "2026_06_16_04.sql" 'F84854D'...
ac-db-import  | [0m[36m>> Applying update "2026_06_16_05.sql" '332537A'...
ac-db-import  | [0m[36m>> Applying update "2026_06_16_06.sql" 'FE7A7DC'...
ac-db-import  | [0m[36m>> Applying update "2026_06_16_07.sql" '08AAF96'...
ac-db-import  | [0m[36m>> Applying update "2026_06_17_00.sql" 'C6517AF'...
ac-db-import  | [0m[36m>> Applying update "2026_06_18_00.sql" '73208A7'...
ac-db-import  | [0m[36m>> Applying update "2026_06_18_01.sql" 'B5D262E'...
ac-db-import  | [0m[36m>> Applying update "2026_06_18_02.sql" '234655B'...
ac-db-import  | [0m[36m>> Applying update "2026_06_18_03.sql" 'DDA4BF7'...
ac-db-import  | [0m[36m>> Applying update "2026_06_20_00.sql" 'E1145E1'...
ac-db-import  | [0m[36m>> Applying update "2026_06_21_00.sql" '52ED60E'...
ac-db-import  | [0m[36m>> Applying update "2026_06_22_00.sql" 'B910EDA'...
ac-db-import  | [0m[36m>> Applying update "2026_06_25_00.sql" '9F39C32'...
ac-db-import  | [0m[36m>> Applying update "2026_06_26_00.sql" '2765300'...
ac-db-import  | [0m[36m>> Applying update "2026_06_28_00.sql" '593CE30'...
ac-db-import  | [0m[36m>> Applying update "2026_06_28_01.sql" '130EBD1'...
ac-db-import  | [0m[36m>> Applying update "2026_06_30_00.sql" '525D0D7'...
ac-db-import  | [0m[36m>> Applying update "2026_06_30_01.sql" 'B1BBEA5'...
ac-db-import  | [0m[36m>> Applying update "2026_06_30_02.sql" '5D1B6F2'...
ac-db-import  | [0m[36m>> Applying update "2026_06_30_03.sql" '159C8C1'...
ac-db-import  | [0m[36m>> Applying update "2026_06_30_04.sql" 'D02186B'...
ac-db-import  | [0m[36m>> Applying update "2026_06_30_05.sql" '2DC1D66'...
ac-db-import  | [0m[36m>> Applying update "2026_06_30_06.sql" 'A3E32F6'...
ac-db-import  | [0m[36m>> Applying update "2026_07_02_00.sql" 'F22D686'...
ac-db-import  | [0m[36m>> Applying update "2026_07_02_01.sql" 'CB90A2C'...
ac-db-import  | [0m[36m>> Applying update "2026_07_02_02.sql" 'BC00DC1'...
ac-db-import  | [0m[36m>> Applying update "2026_07_02_03.sql" '7C95DA4'...
ac-db-import  | [0m[36m>> Applying update "2026_07_02_04.sql" '9238AC1'...
ac-db-import  | [0m[36m>> Applying update "2026_07_03_00.sql" '1541FCF'...
ac-db-import  | [0m[36m>> Applying update "2026_07_03_01.sql" '69DFF6F'...
ac-db-import  | [0m[36m>> Applying update "2026_07_03_02.sql" '9FD9DA1'...
ac-db-import  | [0m[36m>> Applying update "2026_07_03_03.sql" '23F2657'...
ac-db-import  | [0m[36m>> Applying update "2026_07_04_00.sql" '7963D92'...
ac-db-import  | [0m[36m>> Applying update "2026_07_04_01.sql" '0F831AD'...
ac-db-import  | [0m[36m>> Applying update "2026_07_04_02.sql" '7480510'...
ac-db-import  | [0m[36m>> Applying update "2026_07_04_03.sql" '2FE8937'...
ac-db-import  | [0m[36m>> Applying update "2026_07_04_04.sql" '64F73E7'...
ac-db-import  | [0m[36m>> Applying update "2026_07_04_05.sql" 'D80D0A6'...
ac-db-import  | [0m[36m>> Applying update "2026_07_04_06.sql" 'D9EFB5B'...
ac-db-import  | [0m[36m>> Applying update "2026_07_05_00.sql" '6617C72'...
ac-db-import  | [0m[36m>> Applying update "2026_07_05_01.sql" '2727E00'...
ac-db-import  | [0m[36m>> Applying update "2026_07_05_02.sql" '2249C67'...
ac-db-import  | [0m[36m>> Applying update "2026_07_06_00.sql" '8177A68'...
ac-db-import  | [0m[36m>> Applying update "2026_07_11_00.sql" 'B749121'...
ac-db-import  | [0m[36m>> Applying update "2026_07_12_00.sql" '78B3A04'...
ac-db-import  | [0m[36m>> Applying update "2026_07_12_01.sql" 'BE1639B'...
ac-db-import  | [0m[36m>> Applying update "2026_07_12_02.sql" '9CD7E81'...
ac-db-import  | [0m[36m>> Applying update "2026_07_13_00.sql" '3F2B0E1'...
ac-db-import  | [0m[36m>> Applying update "2026_07_14_00.sql" '46AD7A7'...
ac-db-import  | [0m[36m>> Applying update "2026_07_14_01.sql" '212CA5E'...
ac-db-import  | [0m[36m>> Applying update "2026_07_14_02.sql" '311C401'...
ac-db-import  | [0m[36m>> Applying update "2026_07_14_03.sql" '78F41E0'...
ac-db-import  | [0m[36m>> Applying update "2026_07_15_00.sql" '6BCF495'...
ac-db-import  | [0m[36m>> Applying update "2026_07_15_01.sql" '4372C94'...
ac-db-import  | [0m[36m>> Applying update "2026_07_15_02.sql" 'EA0FA19'...
ac-db-import  | [0m[36m>> Applying update "2026_07_15_03.sql" '665D81E'...
ac-db-import  | [0m[36m>> Applying update "2026_07_15_04.sql" '24DDC5C'...
ac-db-import  | [0m[36m>> Applying update "2026_07_16_00.sql" '840540F'...
ac-db-import  | [0m[36m>> Applying update "2026_07_16_01.sql" '3227632'...
ac-db-import  | [0m[36m>> Applying update "2026_07_18_00.sql" '68272E3'...
ac-db-import  | [0m[36m>> Applying update "2026_07_18_01.sql" '7BE0277'...
ac-db-import  | [0m[36m>> Applying update "2026_07_18_02.sql" '0FF0ADF'...
ac-db-import  | [0m[36m>> Applying update "2026_07_18_03.sql" 'F559D42'...
ac-db-import  | [0m[36m>> Applying update "2026_07_18_04.sql" '2BFFC0E'...
ac-db-import  | [0m[36m>> Applying update "2026_07_19_00.sql" '0B579D8'...
ac-db-import  | [0m[36m>> Applying update "2026_07_19_01.sql" '280CD31'...
ac-db-import  | [0m[36m>> Applying update "2026_07_19_02.sql" 'AEDDFC4'...
ac-db-import  | [0m[36m>> Applying update "2026_07_19_03.sql" 'B98379B'...
ac-db-import  | [0m[36m>> Applying update "2026_07_19_04.sql" 'A814390'...
ac-db-import  | [0m[36m>> Applying update "2026_07_19_05.sql" 'B0DD727'...
ac-db-import  | [0m[36m>> Applying update "2026_07_19_06.sql" '419AB8F'...
ac-db-import  | [0m[36m>> Applying update "2026_07_19_07.sql" 'D4A5DBF'...
ac-db-import  | [0m[36m>> Applying update "2026_07_20_00.sql" '5FAB25D'...
ac-db-import  | [0m[36m>> Applying update "2026_07_20_01.sql" '89BA1BD'...
ac-db-import  | [0m[36m>> Applying update "2026_07_21_00.sql" '02D09A5'...
ac-db-import  | [0m[36m>> Applying update "2026_07_21_01.sql" 'E5E4B7E'...
ac-db-import  | [0m[36m>> Applying update "2026_07_21_02.sql" 'F440E73'...
ac-db-import  | [0m[36m>> Applying update "2026_07_22_00.sql" 'C319DA6'...
ac-db-import  | [0m[36m>> Applying update "2026_07_22_01.sql" 'A8D357A'...
ac-db-import  | [0m[36m>> Applying update "2026_07_22_02.sql" '946F826'...
ac-db-import  | [0m[36m>> Applying update "2026_07_22_03.sql" '5716451'...
ac-db-import  | [0m[36m>> Applying update "2026_07_22_04.sql" 'C0D0F59'...
ac-db-import  | [0m[36m>> Applying update "2026_07_22_05.sql" '5AD7AE8'...
ac-db-import  | [0m[36m>> Applying update "2026_07_22_06.sql" '03C4B1B'...
ac-db-import  | [0m[36m>> Applying update "2026_07_22_07.sql" '1F0E2D5'...
ac-db-import  | [0m[36m>> Applying update "2026_07_22_08.sql" 'B8EFC78'...
ac-db-import  | [0m[36m>> Applying update "2026_07_22_09.sql" 'E26ED93'...
ac-db-import  | [0m[36m>> Applying update "2026_07_22_10.sql" 'DA87261'...
ac-db-import  | [0m[36m>> Applying update "2026_07_22_11.sql" '6E29AE9'...
ac-db-import  | [0m[36m>> Applying update "2026_07_22_12.sql" '7BA5DCD'...
ac-db-import  | [0m[36m>> Applying update "2026_07_22_13.sql" 'C579AED'...
ac-db-import  | [0m[36m>> Applying update "2026_07_22_14.sql" '456256C'...
ac-db-import  | [0m[36m>> Applying update "2026_07_23_00.sql" '92573D2'...
ac-db-import  | [0m[36m>> Applying update "2026_07_23_01.sql" '37CD42B'...
ac-db-import  | [0m[36m>> Applying update "2026_07_23_02.sql" 'AB131ED'...
ac-db-import  | [0m[36m>> Applying update "2026_07_23_03.sql" '98FC7C5'...
ac-db-import  | [0m[36m>> Applying update "2026_07_24_00.sql" '8CF241D'...
ac-db-import  | [0m[36m>> Applying update "2026_07_24_01.sql" 'B02F112'...
ac-db-import  | [0m[36m>> Applying update "2026_07_24_02.sql" '7DD9EFD'...
ac-db-import  | [0m[36m>> Applying update "2026_07_24_03.sql" '9DD8C0D'...
ac-db-import  | [0m[36m>> Applying update "2026_07_24_04.sql" '18CE051'...
ac-db-import  | [0m[36m>> Applying update "2026_07_24_05.sql" '568FCCF'...
ac-db-import  | [0m[36m>> Applying update "2026_07_25_00.sql" '7984BA4'...
ac-db-import  | [0m[36m>> Applying update "2026_07_25_01.sql" 'D6E2362'...
ac-db-import  | [0m[36m>> Applying update "2026_07_25_02.sql" 'D4F6C80'...
ac-db-import  | [0m[36m>> Applying update "2026_07_25_03.sql" '1548AA2'...
ac-db-import  | [0m[36m>> Applying update "2026_07_25_04.sql" 'CFF8D0B'...
ac-db-import  | [0m[36m>> Applying update "2026_07_25_05.sql" '1B30009'...
ac-db-import  | [0m[36m>> Applying update "2026_07_25_06.sql" 'AD48D20'...
ac-db-import  | [0m[36m>> Applying update "2026_07_25_07.sql" '80C5AC3'...
ac-db-import  | [0m[36m>> Applying update "2026_07_26_00.sql" '14E49B0'...
ac-db-import  | [0m[36m>> Applying update "2026_07_26_01.sql" '679EDBB'...
ac-db-import  | [0m[36m>> Applying update "2026_07_26_02.sql" '99B3514'...
ac-db-import  | [0m[36m>> Applying update "2026_07_28_00.sql" 'ED2102B'...
ac-db-import  | [0m[36m>> Applying update "2026_07_28_01.sql" '79F4190'...
ac-db-import  | [0m[36m>> Applying update "2026_07_28_02.sql" '0569363'...
ac-db-import  | [0m[36m>> Applying update "2026_07_28_03.sql" '10F69EE'...
ac-db-import  | [0m[36m>> Applying update "2026_07_28_04.sql" '09410BA'...
ac-db-import  | [0m[36m>> Applying update "2026_07_28_05.sql" 'DEC3495'...
ac-db-import  | [0m[36m>> Applying update "2026_07_29_00.sql" 'B0CD498'...
ac-db-import  | [0m[36m>> Applying update "2026_07_30_00.sql" 'E4D719C'...
ac-db-import  | [0m[36m>> Applying update "2026_07_31_00.sql" '3704A0F'...
ac-db-import  | [0m[36m>> Applying update "2026_07_31_01.sql" '53EDDE5'...
ac-db-import  | [0m[36m>> Applying update "2026_07_31_02.sql" '6242718'...
ac-db-import  | [0m[36m>> Applying update "2026_08_01_00.sql" '9244CC0'...
ac-db-import  | [0m[36m>> Applying update "2026_08_01_01.sql" '15936A4'...
ac-db-import  | [0m[36m>> Applying update "2026_08_01_02.sql" '19266EC'...
ac-db-import  | [0m[36m>> Applying update "2026_08_01_03.sql" 'EC215BE'...
ac-db-import  | [0m[36m>> Applying update "2026_08_02_00.sql" 'D171FA9'...
ac-db-import  | [0m[36m>> Applying update "2026_08_02_01.sql" 'B4D38B8'...
ac-db-import  | [0m[36m>> Applying update "2026_08_02_02.sql" 'DCB8815'...
ac-db-import  | [0m[36m>> Applying update "2026_08_02_03.sql" '60AFBD8'...
ac-db-import  | [0m[36m>> Applying update "2026_08_02_04.sql" 'B353B73'...
ac-db-import  | [0m[36m>> Applying update "2026_08_02_05.sql" '1F321E2'...
ac-db-import  | [0m[36m>> Applying update "2026_08_02_06.sql" '7099D66'...
ac-db-import  | [0m[36m>> Applying update "2026_08_03_00.sql" 'A4EF56E'...
ac-db-import  | [0m[36m>> Applying update "2026_08_03_01.sql" 'BD5CC6F'...
ac-db-import  | [0m[36m>> Applying update "2026_08_03_02.sql" '07FA71A'...
ac-db-import  | [0m[36m>> Applying update "2026_08_03_03.sql" '4699F3E'...
ac-db-import  | [0m[36m>> Applying update "2026_08_03_04.sql" '838F63A'...
ac-db-import  | [0m[36m>> Applying update "2026_08_03_05.sql" '2F35014'...
ac-db-import  | [0m[36m>> Applying update "2026_08_03_06.sql" '388CA1D'...
ac-db-import  | [0m[36m>> Applying update "2026_08_03_07.sql" '84738BC'...
ac-db-import  | [0m[36m>> Applying update "2026_08_04_00.sql" '96F89C6'...
ac-db-import  | [0m[36m>> Applying update "2026_08_04_01.sql" 'CDA04A0'...
ac-db-import  | [0m[36m>> Applying update "2026_08_04_02.sql" 'F907C64'...
ac-db-import  | [0m[36m>> Applying update "2026_08_04_03.sql" '57B5433'...
ac-db-import  | [0m[36m>> Applying update "2026_08_04_04.sql" '3044F05'...
ac-db-import  | [0m[36m>> Applying update "2026_08_05_00.sql" 'FC55FE9'...
ac-db-import  | [0m[36m>> Applying update "2026_08_05_01.sql" 'CFF6E47'...
ac-db-import  | [0m[36m>> Applying update "2026_08_06_00.sql" '4BEC389'...
ac-db-import  | [0m[36m>> Applying update "2026_08_06_01.sql" '81392D4'...
ac-db-import  | [0m[36m>> Applying update "2026_08_07_00.sql" '401CF9B'...
ac-db-import  | [0m[36m>> Applying update "2026_08_07_01.sql" '57B1017'...
ac-db-import  | [0m[36m>> Applying update "2026_08_07_02.sql" '3E6CF5C'...
ac-db-import  | [0m[36m>> Applying update "2026_08_07_03.sql" '981D14F'...
ac-db-import  | [0m[36m>> Applying update "2026_08_07_04.sql" '799C6A0'...
ac-db-import  | [0m[36m>> Applying update "2026_08_08_00.sql" '07704F8'...
ac-db-import  | [0m[36m>> Applying update "2026_08_08_01.sql" '2AAE528'...
ac-db-import  | [0m[36m>> Applying update "2026_08_08_02.sql" '865E68A'...
ac-db-import  | [0m[36m>> Applying update "2026_08_08_03.sql" 'F88CF97'...
ac-db-import  | [0m[36m>> Applying update "2026_08_08_04.sql" '5DE0D5E'...
ac-db-import  | [0m[36m>> Applying update "2026_08_08_05.sql" '8FB64F2'...
ac-db-import  | [0m[36m>> Applying update "2026_08_08_06.sql" '4D6FB6E'...
ac-db-import  | [0m[36m>> Applying update "2026_08_08_07.sql" '7FF914A'...
ac-db-import  | [0m[36m>> Applying update "2026_08_08_08.sql" '4EA6BEA'...
ac-db-import  | [0m[36m>> Applying update "2026_08_08_09.sql" 'D833ECE'...
ac-db-import  | [0m[36m>> Applying update "2026_08_08_10.sql" 'AA8A1C7'...
ac-db-import  | [0m[36m>> Applying update "2026_08_08_11.sql" 'CBB118B'...
ac-db-import  | [0m[36m>> Applying update "2026_08_08_12.sql" '27EB495'...
ac-db-import  | [0m[36m>> Applying update "2026_08_08_13.sql" '9FCEDB7'...
ac-db-import  | [0m[36m>> Applying update "2026_08_08_14.sql" 'EB5CD95'...
ac-db-import  | [0m[36m>> Applying update "2026_08_09_00.sql" '9A5444E'...
ac-db-import  | [0m[36m>> Applying update "2026_08_09_01.sql" '0330867'...
ac-db-import  | [0m[36m>> Applying update "2026_08_09_02.sql" '65EF2BD'...
ac-db-import  | [0m[36m>> Applying update "2026_08_09_03.sql" 'D90CB3E'...
ac-db-import  | [0m[36m>> Applying update "2026_08_09_04.sql" '8B2A55B'...
ac-db-import  | [0m[36m>> Applying update "2026_08_09_05.sql" 'C074B32'...
ac-db-import  | [0m[36m>> Applying update "2026_08_09_06.sql" '0C73BE5'...
ac-db-import  | [0m[36m>> Applying update "2026_08_09_07.sql" '27A4500'...
ac-db-import  | [0m[36m>> Applying update "2026_08_09_08.sql" 'C7EDBD7'...
ac-db-import  | [0m[36m>> Applying update "2026_08_10_00.sql" 'CB7C064'...
ac-db-import  | [0m[36m>> Applying update "2026_08_10_01.sql" '42EC95E'...
ac-db-import  | [0m[36m>> Applying update "2026_08_10_02.sql" 'E7E10D9'...
ac-db-import  | [0m[36m>> Applying update "2026_08_11_00.sql" '6545349'...
ac-db-import  | [0m[36m>> Applying update "2026_08_11_01.sql" '731DA25'...
ac-db-import  | [0m[36m>> Applying update "2026_08_11_02.sql" '5BB9F4C'...
ac-db-import  | [0m[36m>> Applying update "2026_08_11_03.sql" 'CC5DBFD'...
ac-db-import  | [0m[36m>> Applying update "2026_08_11_04.sql" '0400E5B'...
ac-db-import  | [0m[36m>> Applying update "2026_08_11_05.sql" '1809BB3'...
ac-db-import  | [0m[36m>> Applying update "2026_08_11_06.sql" 'FF1672A'...
ac-db-import  | [0m[36m>> Applying update "2026_08_11_07.sql" 'FAEA6A1'...
ac-db-import  | [0m[36m>> Applying update "2026_08_11_08.sql" 'D24863B'...
ac-db-import  | [0m[36m>> Applying update "2026_08_11_09.sql" 'BBA44D1'...
ac-db-import  | [0m[36m>> Applying update "2026_08_11_10.sql" '37FDF82'...
ac-db-import  | [0m[36m>> Applying update "2026_08_12_00.sql" '7537513'...
ac-db-import  | [0m[36m>> Applying update "2026_08_12_01.sql" '7C2A0F4'...
ac-db-import  | [0m[36m>> Applying update "2026_08_13_00.sql" '3B36894'...
ac-db-import  | [0m[36m>> Applying update "2026_08_13_01.sql" 'DCD3C15'...
ac-db-import  | [0m[36m>> Applying update "2026_08_13_02.sql" 'A1508F6'...
ac-db-import  | [0m[36m>> Applying update "2026_08_15_00.sql" '1C87166'...
ac-db-import  | [0m[36m>> Applying update "2026_08_15_01.sql" 'A825427'...
ac-db-import  | [0m[36m>> Applying update "2026_08_15_02.sql" '86AA6E1'...
ac-db-import  | [0m[36m>> Applying update "2026_08_15_03.sql" '9B3B375'...
ac-db-import  | [0m[36m>> Applying update "2026_08_15_04.sql" '394ACD5'...
ac-db-import  | [0m[36m>> Applying update "2026_08_15_05.sql" '47BA28C'...
ac-db-import  | [0m[36m>> Applying update "2026_08_15_06.sql" 'C6F6D2D'...
ac-db-import  | [0m[36m>> Applying update "2026_08_15_07.sql" 'F0511DA'...
ac-db-import  | [0m[36m>> Applying update "2026_08_15_08.sql" 'FDB8310'...
ac-db-import  | [0m[36m>> Applying update "2026_08_15_09.sql" '6C7E175'...
ac-db-import  | [0m[36m>> Applying update "2026_08_15_10.sql" '56A068D'...
ac-db-import  | [0m[36m>> Applying update "2026_08_15_11.sql" '5DE63A9'...
ac-db-import  | [0m[36m>> Applying update "2026_08_15_12.sql" '869E0B6'...
ac-db-import  | [0m[36m>> Applying update "2026_08_15_13.sql" '207B4DB'...
ac-db-import  | [0m[36m>> Applying update "2026_08_16_00.sql" 'DA87D8C'...
ac-db-import  | [0m[36m>> Applying update "2026_08_16_01.sql" '74E25F2'...
ac-db-import  | [0m[36m>> Applying update "2026_08_17_00.sql" '2469ECA'...
ac-db-import  | [0m[36m>> Applying update "2026_08_17_01.sql" '09B0526'...
ac-db-import  | [0m[36m>> Applying update "2026_08_18_00.sql" '8C31E47'...
ac-db-import  | [0m[36m>> Applying update "2026_08_19_00.sql" 'EDBEC8A'...
ac-db-import  | [0m[36m>> Applying update "2026_08_19_01.sql" 'C665A36'...
ac-db-import  | [0m[36m>> Applying update "2026_08_19_02.sql" '9D3CD12'...
ac-db-import  | [0m[36m>> Applying update "2026_08_19_03.sql" '7E3316B'...
ac-db-import  | [0m[36m>> Applying update "2026_08_19_04.sql" '85CC5F4'...
ac-db-import  | [0m[36m>> Applying update "2026_08_20_00.sql" '84708EA'...
ac-db-import  | [0m[36m>> Applying update "2026_08_20_01.sql" 'D8047B1'...
ac-db-import  | [0m[36m>> Applying update "2026_08_20_02.sql" '9B9111A'...
ac-db-import  | [0m[36m>> Applying update "2026_08_20_03.sql" '2EFAC7D'...
ac-db-import  | [0m[36m>> Applying update "2026_08_20_04.sql" 'C7163D9'...
ac-db-import  | [0m[36m>> Applying update "2026_08_20_05.sql" '7BAE3FA'...
ac-db-import  | [0m[36m>> Applying update "2026_08_20_06.sql" '6AA2E54'...
ac-db-import  | [0m[36m>> Applying update "2026_08_20_07.sql" '88A704A'...
ac-db-import  | [0m[36m>> Applying update "2026_08_20_08.sql" '432AFA9'...
ac-db-import  | [0m[36m>> Applying update "2026_08_20_09.sql" '5C13E94'...
ac-db-import  | [0m[36m>> Applying update "2026_08_20_10.sql" 'E3F070E'...
ac-db-import  | [0m[36m>> Applying update "2026_08_21_00.sql" '1615864'...
ac-db-import  | [0m[36m>> Applying update "2026_08_21_01.sql" 'CBBB924'...
ac-db-import  | [0m[36m>> Applying update "2026_08_22_00.sql" '417BC76'...
ac-db-import  | [0m[36m>> Applying update "2026_08_22_01.sql" '77E9907'...
ac-db-import  | [0m[36m>> Applying update "2026_08_22_02.sql" '579AC04'...
ac-db-import  | [0m[36m>> Applying update "2026_08_22_03.sql" '01D9DCA'...
ac-db-import  | [0m[36m>> Applying update "2026_08_25_00.sql" '8166F1F'...
ac-db-import  | [0m[36m>> Applying update "2026_08_25_01.sql" 'C805645'...
ac-db-import  | [0m[36m>> Applying update "2026_08_25_02.sql" 'E654EBE'...
ac-db-import  | [0m[36m>> Applying update "2026_08_26_00.sql" 'B28A318'...
ac-db-import  | [0m[36m>> Applying update "2026_08_27_00.sql" '167EB88'...
ac-db-import  | [0m[36m>> Applying update "2026_08_27_01.sql" '4076B4A'...
ac-db-import  | [0m[36m>> Applying update "2026_08_27_02.sql" '602FA64'...
ac-db-import  | [0m[36m>> Applying update "2026_08_27_03.sql" 'C87430A'...
ac-db-import  | [0m[36m>> Applying update "2026_08_27_04.sql" '11A5579'...
ac-db-import  | [0m[36m>> Applying update "2026_08_27_05.sql" '1330AAF'...
ac-db-import  | [0m[36m>> Applying update "2026_08_27_06.sql" '0E50EE4'...
ac-db-import  | [0m[36m>> Applying update "2026_08_27_07.sql" 'C0B3698'...
ac-db-import  | [0m[36m>> Applying update "2026_08_27_08.sql" '00D1E52'...
ac-db-import  | [0m[36m>> Applying update "2026_08_27_09.sql" '33F6724'...
ac-db-import  | [0m[36m>> Applying update "2026_08_27_10.sql" '9141F99'...
ac-db-import  | [0m[36m>> Applying update "2026_08_27_11.sql" '40CE294'...
ac-db-import  | [0m[36m>> Applying update "2026_08_28_00.sql" '3A9E2A4'...
ac-db-import  | [0m[36m>> Applying update "2026_08_28_01.sql" 'FF54148'...
ac-db-import  | [0m[36m>> Applying update "2025_08_27_03.sql" 'ACD69D5'...
ac-db-import  | [0m[36m>> Applying update "charsections_dbc.sql" '1419FC7'...
ac-db-import  | [0m[36m>> Applying update "emotetextsound_dbc.sql" 'DA8D68F'...
ac-db-import  | [0m[36m>> Applying update "playerbots_rpg_races.sql" '886990A'...
ac-db-import  | [0m[36m>> Applied 296 queries. Containing 1287 new and 1384 archived updates.
ac-db-import  | [0m[36m 
ac-db-import  | [0m[36mStarted database connection pool.
ac-db-import  | [0m[36mHalting process...
ac-db-import  | [0m[36mClosing down DatabasePool 'acore_characters'. Waiting for 0 queries to finish...
ac-db-import  | [0m[36mAsynchronous connections on DatabasePool 'acore_characters' terminated. Proceeding with synchronous connections.
ac-db-import  | [0m[36mAll connections on DatabasePool 'acore_characters' closed.
ac-db-import  | [0m[36mClosing down DatabasePool 'acore_world'. Waiting for 0 queries to finish...
ac-db-import  | [0m[36mAsynchronous connections on DatabasePool 'acore_world' terminated. Proceeding with synchronous connections.
ac-db-import  | [0m[36mAll connections on DatabasePool 'acore_world' closed.
ac-db-import  | [0m[36mClosing down DatabasePool 'acore_auth'. Waiting for 0 queries to finish...
ac-db-import  | [0m[36mAsynchronous connections on DatabasePool 'acore_auth' terminated. Proceeding with synchronous connections.
ac-db-import  | [0m[36mAll connections on DatabasePool 'acore_auth' closed.
ac-db-import  | [0m

[Kac-db-import exited with code 0
 Container ac-db-import Creating 
 Container ac-db-import Created 
 Container ac-db-import Starting 
 Container ac-db-import Started 
ac-db-import  | cp: warning: behavior of -n is non-portable and may change in future; use --update=none instead
ac-db-import  | cp: warning: behavior of -n is non-portable and may change in future; use --update=none instead
ac-db-import  | [31;1mCould not connect to MySQL database at ac-database: Unknown database 'acore_auth'
ac-db-import  | [0m[31;1mCould not connect to MySQL database at ac-database: Unknown database 'acore_characters'
ac-db-import  | [0m[31;1mCould not connect to MySQL database at ac-database: Unknown database 'acore_world'
ac-db-import  | [0m
2026-09-05 04:20:17 INFO [yulon.docker] ac-db-import finished; the databases now read as imported
The databases now read as imported.
Step 8 of 9 (88%): up
--- up
Starting the server.
2026-09-05 04:20:17 INFO [yulon.docker] start_staged(): `compose up -d --no-deps ac-database ac-authserver ac-worldserver` in D:\gate\wotlk-server77
Step 9 of 9 (100%): ready
--- ready
Waiting for the database.
Waiting for the world server to finish loading (this can take many minutes).
The server is up.
The realm now advertises 172.30.52.119, so players on other machines can reach this server: 172.30.52.119 is the address they set in their client's realmlist. The server was already running when this was set, so if a client is still sent to the old address, stop and start it again on the Server tab.
2026-09-05 04:30:26 INFO [yulon.catalog.native] install of wow-wotlk finished
WoW WotLK is installed and running in D:\gate\wotlk-server77
