[driver] running: /home/pk/gate0904/venv/bin/python -u -m yulon.install_wiring wow-wotlk --server-dir /home/pk/wowserver
[driver] sudo password: NOT SET
[driver] state-before: 5 read-only probes, install dir /home/pk/wowserver
[driver] state-before: docker --version: exit 0
[driver] state-before: docker --version: | Docker version 29.1.3, build 29.1.3-0ubuntu3~24.04.2
[driver] state-before: systemctl is-active docker: exit 0
[driver] state-before: systemctl is-active docker: | active
[driver] state-before: id -Gn: exit 0
[driver] state-before: id -Gn: | pk adm cdrom sudo dip plugdev users lpadmin docker
[driver] state-before: ls -ld /home/pk/wowserver: exit 2
[driver] state-before: ls -ld /home/pk/wowserver: | ls: cannot access '/home/pk/wowserver': No such file or directory
[driver] state-before: df -h /home/pk: exit 0
[driver] state-before: df -h /home/pk: | Filesystem      Size  Used Avail Use% Mounted on
[driver] state-before: df -h /home/pk: | /dev/sda2        97G   33G   60G  35% /
Installing WoW WotLK into /home/pk/wowserver
You can stop this at any time. What an install writes outside the folder below is named here rather than denied: the images this build produces and the volumes holding the database and the server data, which live in Docker's own storage — that is why the checks below look at the space on Docker's disk too; Docker itself, when no daemon answers yet (on Linux: system packages, a service, and the group you are asked about first); and this app's own settings and log, in its config folder. Starting the install again continues from where it stopped: source this app has finished cloning is never fetched, reset or moved, and the build is not run a second time once Docker confirms its images are there. Everything cheap runs again on every attempt — the compose files this app writes are put back the way the catalog says, the server-data download resumes and re-checks itself, and the database and server are started and waited for.
Checking Docker.
[pass] Docker: the daemon answered
[pass] memory: Docker's VM has 19.5 GB
[warn] compiler jobs vs memory: this build compiles with 16 parallel jobs at about 2 GB each, and 19.5 GB affords about 9 Docker Engine has no CPU setting to lower — the build sees every CPU on this machine — so more memory, or swap it can fall back on, is the lever here. A build this far ahead of its memory has finished before, so this is a caution.
[warn] free space on Docker's disk and the server folder: 60 GB free; 75 GB is the comfortable figure (the server folder and Docker's disk share one drive, so both needs add up)
[pass] the server folder: /home/pk/wowserver looks usable
[pass] sharing the folder with Docker: a container can read /home/pk/wowserver
[pass] SELinux: not enforcing
[pass] the server's ports: nothing else is using them
Using /home/pk/wowserver (a fresh install)
2026-09-04 11:24:55 INFO [yulon.platform] holding this machine awake for the build: systemd-inhibit --what=idle:sleep --who=Yu'lon --why=installing a server sleep infinity
Step 1 of 9 (11%): clone-core
--- clone-core
Cloning mod-playerbots/azerothcore-wotlk into /home/pk/wowserver (this is a large repository)
2026-09-04 11:24:55 INFO [yulon.git] containerized git: `run --rm -v /home/pk/wowserver:/git -w /git --user 1000:1000 alpine/git@sha256:c0280cf9572316299b08544065d3bf35db65043d5e3963982ec50647d2746e26 -c core.autocrlf=false -c core.eol=lf -c http.version=HTTP/1.1 clone --config core.autocrlf=false --config core.eol=lf --config http.version=HTTP/1.1 --branch Playerbot https://github.com/mod-playerbots/azerothcore-wotlk.git .` into /home/pk/wowserver
[driver] still running; 300s since the last output
mod-playerbots/azerothcore-wotlk is in place.
Step 2 of 9 (22%): clone-modules
--- clone-modules
Cloning mod-playerbots/mod-playerbots into modules/mod-playerbots
2026-09-04 11:30:32 INFO [yulon.git] containerized git: `run --rm -v /home/pk/wowserver/modules/mod-playerbots:/git -w /git --user 1000:1000 alpine/git@sha256:c0280cf9572316299b08544065d3bf35db65043d5e3963982ec50647d2746e26 -c core.autocrlf=false -c core.eol=lf -c http.version=HTTP/1.1 clone --config core.autocrlf=false --config core.eol=lf --config http.version=HTTP/1.1 --depth 1 --branch master https://github.com/mod-playerbots/mod-playerbots.git .` into /home/pk/wowserver/modules/mod-playerbots
Modules are in place.
Step 3 of 9 (33%): generate-compose
--- generate-compose
2026-09-04 11:30:40 INFO [yulon.git] containerized git: `run --rm --network none --cap-drop ALL --security-opt no-new-privileges --read-only -v /home/pk/wowserver:/git:ro -w /git --user 1000:1000 alpine/git@sha256:c0280cf9572316299b08544065d3bf35db65043d5e3963982ec50647d2746e26 --no-optional-locks --attr-source=4b825dc642cb6eb9a060e54bf8d69288fbee4904 -c core.attributesFile=/dev/null -c core.fsmonitor=false -c core.hooksPath=/dev/null -c core.autocrlf=false -c core.eol=lf -c http.version=HTTP/1.1 status --ignore-submodules=all --porcelain -- docker-compose.yml` into /home/pk/wowserver
Replacing the docker-compose.yml that came with the repository; it is unchanged from what git has, so `git checkout` brings it back.
Wrote docker-compose.yml
Wrote docker-compose.override.yml
Wrote docker-compose.build.yml
Step 4 of 9 (44%): build
--- build
Stopping now leaves Docker finishing the build step it is already on, in the background. That is deliberate: the work it has done is kept, and starting this install again picks up from there instead of compiling it all a second time.
Building the server. This takes hours on a first install; the output below is live.
2026-09-04 11:30:41 INFO [yulon.docker] build_staged(): `docker compose -f docker-compose.yml -f docker-compose.override.yml -f docker-compose.build.yml build --progress plain` in /home/pk/wowserver
--progress is a global compose flag, better use `docker compose --progress xx build ...
#1 [internal] load local bake definitions
#1 reading from stdin 2.17kB done
#1 DONE 0.0s

#2 [ac-client-data-init internal] load build definition from Dockerfile
#2 DONE 0.0s

#2 [ac-db-import internal] load build definition from Dockerfile
#2 transferring dockerfile: 9.07kB done
#2 DONE 0.1s

#3 [ac-authserver internal] load metadata for docker.io/library/ubuntu:24.04
#3 DONE 0.1s

#4 [ac-db-import internal] load .dockerignore
#4 transferring context: 261B done
#4 DONE 0.1s

#5 [ac-worldserver internal] load build context
#5 DONE 0.0s

#6 [ac-db-import internal] load build context
#6 DONE 0.0s

#7 [ac-worldserver skeleton 1/4] FROM docker.io/library/ubuntu:24.04@sha256:33ceb71981b602c1a7443a53469e4dba065f7503eab3078a2d7a57a2ab987517
#7 resolve docker.io/library/ubuntu:24.04@sha256:33ceb71981b602c1a7443a53469e4dba065f7503eab3078a2d7a57a2ab987517 0.1s done
#7 ...

#8 [ac-client-data-init internal] load build context
#8 transferring context: 597.04kB 0.0s done
#8 DONE 0.3s

#7 [ac-db-import skeleton 1/4] FROM docker.io/library/ubuntu:24.04@sha256:33ceb71981b602c1a7443a53469e4dba065f7503eab3078a2d7a57a2ab987517
#7 resolve docker.io/library/ubuntu:24.04@sha256:33ceb71981b602c1a7443a53469e4dba065f7503eab3078a2d7a57a2ab987517 0.1s done
#7 DONE 0.4s

#9 [ac-client-data-init skeleton 2/4] RUN mkdir -pv         /azerothcore/bin                           /azerothcore/data                          /azerothcore/deps                          /azerothcore/env/dist/bin                  /azerothcore/env/dist/data/Cameras         /azerothcore/env/dist/data/dbc             /azerothcore/env/dist/data/maps            /azerothcore/env/dist/data/mmaps           /azerothcore/env/dist/data/vmaps           /azerothcore/env/dist/logs                 /azerothcore/env/dist/temp                 /azerothcore/env/dist/etc                  /azerothcore/modules                       /azerothcore/src                           /azerothcore/build
#9 0.356 mkdir: created directory '/azerothcore'
#9 0.356 mkdir: created directory '/azerothcore/bin'
#9 0.356 mkdir: created directory '/azerothcore/data'
#9 0.356 mkdir: created directory '/azerothcore/deps'
#9 0.356 mkdir: created directory '/azerothcore/env'
#9 0.356 mkdir: created directory '/azerothcore/env/dist'
#9 0.356 mkdir: created directory '/azerothcore/env/dist/bin'
#9 0.356 mkdir: created directory '/azerothcore/env/dist/data'
#9 0.356 mkdir: created directory '/azerothcore/env/dist/data/Cameras'
#9 0.356 mkdir: created directory '/azerothcore/env/dist/data/dbc'
#9 0.356 mkdir: created directory '/azerothcore/env/dist/data/maps'
#9 0.356 mkdir: created directory '/azerothcore/env/dist/data/mmaps'
#9 0.356 mkdir: created directory '/azerothcore/env/dist/data/vmaps'
#9 0.356 mkdir: created directory '/azerothcore/env/dist/logs'
#9 0.356 mkdir: created directory '/azerothcore/env/dist/temp'
#9 0.356 mkdir: created directory '/azerothcore/env/dist/etc'
#9 0.356 mkdir: created directory '/azerothcore/modules'
#9 0.356 mkdir: created directory '/azerothcore/src'
#9 0.356 mkdir: created directory '/azerothcore/build'
#9 DONE 0.7s

#10 [ac-worldserver skeleton 3/4] RUN apt-get update                                                           && apt-get install -y --no-install-recommends tzdata ca-certificates     && ln -snf "/usr/share/zoneinfo/Etc/UTC" /etc/localtime                      && echo "Etc/UTC" > /etc/timezone                                              && dpkg-reconfigure --frontend noninteractive tzdata                     && rm -rf /var/lib/apt/lists/*
#10 0.606 Get:1 http://security.ubuntu.com/ubuntu noble-security InRelease [126 kB]
#10 0.658 Get:2 http://archive.ubuntu.com/ubuntu noble InRelease [256 kB]
#10 0.818 Get:3 http://archive.ubuntu.com/ubuntu noble-updates InRelease [126 kB]
#10 0.833 Get:4 http://security.ubuntu.com/ubuntu noble-security/multiverse amd64 Packages [50.0 kB]
#10 0.856 Get:5 http://archive.ubuntu.com/ubuntu noble-backports InRelease [126 kB]
#10 0.887 Get:6 http://security.ubuntu.com/ubuntu noble-security/main amd64 Packages [1212 kB]
#10 0.914 Get:7 http://archive.ubuntu.com/ubuntu noble/restricted amd64 Packages [117 kB]
#10 0.950 Get:8 http://archive.ubuntu.com/ubuntu noble/multiverse amd64 Packages [331 kB]
#10 0.981 Get:9 http://archive.ubuntu.com/ubuntu noble/main amd64 Packages [1808 kB]
#10 1.035 Get:10 http://security.ubuntu.com/ubuntu noble-security/universe amd64 Packages [1530 kB]
#10 1.184 Get:11 http://archive.ubuntu.com/ubuntu noble/universe amd64 Packages [19.3 MB]
#10 1.184 Get:12 http://security.ubuntu.com/ubuntu noble-security/restricted amd64 Packages [1730 kB]
#10 2.077 Get:13 http://archive.ubuntu.com/ubuntu noble-updates/main amd64 Packages [1562 kB]
#10 2.174 Get:14 http://archive.ubuntu.com/ubuntu noble-updates/restricted amd64 Packages [1903 kB]
#10 2.206 Get:15 http://archive.ubuntu.com/ubuntu noble-updates/multiverse amd64 Packages [55.8 kB]
#10 2.206 Get:16 http://archive.ubuntu.com/ubuntu noble-updates/universe amd64 Packages [2151 kB]
#10 2.225 Get:17 http://archive.ubuntu.com/ubuntu noble-backports/main amd64 Packages [48.9 kB]
#10 2.226 Get:18 http://archive.ubuntu.com/ubuntu noble-backports/multiverse amd64 Packages [671 B]
#10 2.226 Get:19 http://archive.ubuntu.com/ubuntu noble-backports/universe amd64 Packages [35.9 kB]
#10 3.604 Fetched 32.5 MB in 3s (10.3 MB/s)
#10 3.604 Reading package lists...
#10 5.006 Reading package lists...
#10 ...

#5 [ac-authserver internal] load build context
#5 transferring context: 750.17MB 6.5s
#5 ...

#6 [ac-db-import internal] load build context
#6 ...

#5 [ac-authserver internal] load build context
#5 transferring context: 1.33GB 11.6s
#5 transferring context: 1.51GB 13.6s done
#5 transferring context: 1.51GB 13.6s done
#5 DONE 14.0s

#6 [ac-db-import internal] load build context
#6 ...

#10 [ac-worldserver skeleton 3/4] RUN apt-get update                                                           && apt-get install -y --no-install-recommends tzdata ca-certificates     && ln -snf "/usr/share/zoneinfo/Etc/UTC" /etc/localtime                      && echo "Etc/UTC" > /etc/timezone                                              && dpkg-reconfigure --frontend noninteractive tzdata                     && rm -rf /var/lib/apt/lists/*
#10 5.006 Reading package lists...
#10 6.550 Building dependency tree...
#10 6.819 Reading state information...
#10 7.171 The following additional packages will be installed:
#10 7.172   libssl3t64 openssl
#10 7.222 The following NEW packages will be installed:
#10 7.224   ca-certificates openssl tzdata
#10 7.226 The following packages will be upgraded:
#10 7.226   libssl3t64
#10 7.433 1 upgraded, 3 newly installed, 0 to remove and 26 not upgraded.
#10 7.433 Need to get 3366 kB of archives.
#10 7.433 After this operation, 3693 kB of additional disk space will be used.
#10 7.433 Get:1 http://archive.ubuntu.com/ubuntu noble-updates/main amd64 libssl3t64 amd64 3.0.13-0ubuntu3.15 [1944 kB]
#10 7.759 Get:2 http://archive.ubuntu.com/ubuntu noble-updates/main amd64 openssl amd64 3.0.13-0ubuntu3.15 [1003 kB]
#10 7.958 Get:3 http://archive.ubuntu.com/ubuntu noble-updates/main amd64 ca-certificates all 20260601~24.04.1 [139 kB]
#10 7.962 Get:4 http://archive.ubuntu.com/ubuntu noble-updates/main amd64 tzdata all 2026c-0ubuntu0.24.04.1 [280 kB]
#10 9.201 debconf: delaying package configuration, since apt-utils is not installed
#10 9.253 Fetched 3366 kB in 1s (5549 kB/s)
#10 9.387 (Reading database ... 
(Reading database ... 5%
(Reading database ... 10%
(Reading database ... 15%
(Reading database ... 20%
(Reading database ... 25%
(Reading database ... 30%
(Reading database ... 35%
(Reading database ... 40%
(Reading database ... 45%
(Reading database ... 50%
(Reading database ... 55%
(Reading database ... 60%
(Reading database ... 65%
(Reading database ... 70%
(Reading database ... 75%
(Reading database ... 80%
(Reading database ... 85%
(Reading database ... 90%
(Reading database ... 95%
(Reading database ... 100%
(Reading database ... 4381 files and directories currently installed.)
#10 9.478 Preparing to unpack .../libssl3t64_3.0.13-0ubuntu3.15_amd64.deb ...
#10 9.629 Unpacking libssl3t64:amd64 (3.0.13-0ubuntu3.15) over (3.0.13-0ubuntu3.12) ...
#10 10.74 Setting up libssl3t64:amd64 (3.0.13-0ubuntu3.15) ...
#10 10.99 Selecting previously unselected package openssl.
#10 10.99 (Reading database ... 
(Reading database ... 5%
(Reading database ... 10%
(Reading database ... 15%
(Reading database ... 20%
(Reading database ... 25%
(Reading database ... 30%
(Reading database ... 35%
(Reading database ... 40%
(Reading database ... 45%
(Reading database ... 50%
(Reading database ... 55%
(Reading database ... 60%
(Reading database ... 65%
(Reading database ... 70%
(Reading database ... 75%
(Reading database ... 80%
(Reading database ... 85%
(Reading database ... 90%
(Reading database ... 95%
(Reading database ... 100%
(Reading database ... 4381 files and directories currently installed.)
#10 11.00 Preparing to unpack .../openssl_3.0.13-0ubuntu3.15_amd64.deb ...
#10 11.03 Unpacking openssl (3.0.13-0ubuntu3.15) ...
#10 11.26 Selecting previously unselected package ca-certificates.
#10 11.26 Preparing to unpack .../ca-certificates_20260601~24.04.1_all.deb ...
#10 11.28 Unpacking ca-certificates (20260601~24.04.1) ...
#10 11.98 Selecting previously unselected package tzdata.
#10 11.98 Preparing to unpack .../tzdata_2026c-0ubuntu0.24.04.1_all.deb ...
#10 12.01 Unpacking tzdata (2026c-0ubuntu0.24.04.1) ...
#10 12.24 Setting up tzdata (2026c-0ubuntu0.24.04.1) ...
#10 12.69 
#10 12.69 Current default time zone: 'Etc/UTC'
#10 12.69 Local time is now:      Fri Sep  4 09:30:56 UTC 2026.
#10 12.69 Universal Time is now:  Fri Sep  4 09:30:56 UTC 2026.
#10 12.69 Run 'dpkg-reconfigure tzdata' if you wish to change it.
#10 12.69 
#10 12.86 Setting up openssl (3.0.13-0ubuntu3.15) ...
#10 12.97 Setting up ca-certificates (20260601~24.04.1) ...
#10 13.74 Updating certificates in /etc/ssl/certs...
#10 14.54 121 added, 0 removed; done.
#10 14.91 Processing triggers for libc-bin (2.39-0ubuntu8.8) ...
#10 15.05 Processing triggers for ca-certificates (20260601~24.04.1) ...
#10 15.07 Updating certificates in /etc/ssl/certs...
#10 15.68 0 added, 0 removed; done.
#10 15.68 Running hooks in /etc/ca-certificates/update.d...
#10 15.69 done.
#10 15.94 
#10 15.94 Current default time zone: 'Etc/UTC'
#10 15.94 Local time is now:      Fri Sep  4 09:30:59 UTC 2026.
#10 15.94 Universal Time is now:  Fri Sep  4 09:30:59 UTC 2026.
#10 15.94 
#10 ...

#6 [ac-db-import internal] load build context
#6 transferring context: 1.91GB 20.2s
#6 ...

#10 [ac-authserver skeleton 3/4] RUN apt-get update                                                           && apt-get install -y --no-install-recommends tzdata ca-certificates     && ln -snf "/usr/share/zoneinfo/Etc/UTC" /etc/localtime                      && echo "Etc/UTC" > /etc/timezone                                              && dpkg-reconfigure --frontend noninteractive tzdata                     && rm -rf /var/lib/apt/lists/*
#10 DONE 19.9s

#6 [ac-db-import internal] load build context
#6 ...

#11 [ac-worldserver skeleton 4/4] WORKDIR /azerothcore
#11 DONE 0.4s

#6 [ac-db-import internal] load build context
#6 transferring context: 2.36GB 24.1s done
#6 DONE 24.5s

#12 [ac-db-import runtime 1/4] RUN apt-get update     && apt-get install -y --no-install-recommends       libmysqlclient21 libreadline8 libicu74 libncurses5-dev       gettext-base default-mysql-client       adduser     && rm -rf /var/lib/apt/lists/*
#12 0.686 Get:1 http://security.ubuntu.com/ubuntu noble-security InRelease [126 kB]
#12 0.728 Get:2 http://archive.ubuntu.com/ubuntu noble InRelease [256 kB]
#12 0.894 Get:3 http://security.ubuntu.com/ubuntu noble-security/restricted amd64 Packages [1730 kB]
#12 1.002 Get:4 http://archive.ubuntu.com/ubuntu noble-updates InRelease [126 kB]
#12 1.075 Get:5 http://archive.ubuntu.com/ubuntu noble-backports InRelease [126 kB]
#12 1.146 Get:6 http://archive.ubuntu.com/ubuntu noble/multiverse amd64 Packages [331 kB]
#12 1.192 Get:7 http://security.ubuntu.com/ubuntu noble-security/multiverse amd64 Packages [50.0 kB]
#12 1.198 Get:8 http://archive.ubuntu.com/ubuntu noble/restricted amd64 Packages [117 kB]
#12 1.219 Get:9 http://archive.ubuntu.com/ubuntu noble/universe amd64 Packages [19.3 MB]
#12 1.244 Get:10 http://security.ubuntu.com/ubuntu noble-security/universe amd64 Packages [1530 kB]
#12 1.561 Get:11 http://security.ubuntu.com/ubuntu noble-security/main amd64 Packages [1212 kB]
#12 3.586 Get:12 http://archive.ubuntu.com/ubuntu noble/main amd64 Packages [1808 kB]
#12 3.625 Get:13 http://archive.ubuntu.com/ubuntu noble-updates/main amd64 Packages [1562 kB]
#12 3.660 Get:14 http://archive.ubuntu.com/ubuntu noble-updates/universe amd64 Packages [2151 kB]
#12 3.810 Get:15 http://archive.ubuntu.com/ubuntu noble-updates/restricted amd64 Packages [1903 kB]
#12 3.917 Get:16 http://archive.ubuntu.com/ubuntu noble-updates/multiverse amd64 Packages [55.8 kB]
#12 3.919 Get:17 http://archive.ubuntu.com/ubuntu noble-backports/multiverse amd64 Packages [671 B]
#12 3.919 Get:18 http://archive.ubuntu.com/ubuntu noble-backports/universe amd64 Packages [35.9 kB]
#12 3.920 Get:19 http://archive.ubuntu.com/ubuntu noble-backports/main amd64 Packages [48.9 kB]
#12 5.293 Fetched 32.5 MB in 5s (6963 kB/s)
#12 5.293 Reading package lists...
#12 6.695 Reading package lists...
#12 8.100 Building dependency tree...
#12 8.357 Reading state information...
#12 8.613 The following additional packages will be installed:
#12 8.613   libbsd0 libc-dev-bin libc6-dev libcrypt-dev libedit2 libncurses6
#12 8.613   libncursesw6 libtinfo6 linux-libc-dev mysql-client-8.0 mysql-client-core-8.0
#12 8.613   mysql-common ncurses-base ncurses-bin readline-common rpcsvc-proto
#12 8.614 Suggested packages:
#12 8.614   liblocale-gettext-perl perl cron quota ecryptfs-utils glibc-doc manpages-dev
#12 8.614   ncurses-doc readline-doc
#12 8.614 Recommended packages:
#12 8.614   manpages manpages-dev libc-devtools libgpm2
#12 8.699 The following NEW packages will be installed:
#12 8.699   adduser default-mysql-client gettext-base libbsd0 libc-dev-bin libc6-dev
#12 8.699   libcrypt-dev libedit2 libicu74 libmysqlclient21 libncurses-dev libncurses6
#12 8.700   libreadline8t64 linux-libc-dev mysql-client-8.0 mysql-client-core-8.0
#12 8.700   mysql-common readline-common rpcsvc-proto
#12 8.701 The following packages will be upgraded:
#12 8.702   libncursesw6 libtinfo6 ncurses-base ncurses-bin
#12 8.787 4 upgraded, 19 newly installed, 0 to remove and 22 not upgraded.
#12 8.787 Need to get 20.2 MB of archives.
#12 8.787 After this operation, 132 MB of additional disk space will be used.
#12 8.787 Get:1 http://archive.ubuntu.com/ubuntu noble-updates/main amd64 ncurses-bin amd64 6.4+20240113-1ubuntu2.2 [188 kB]
#12 8.930 Get:2 http://archive.ubuntu.com/ubuntu noble-updates/main amd64 ncurses-base all 6.4+20240113-1ubuntu2.2 [25.8 kB]
#12 8.932 Get:3 http://archive.ubuntu.com/ubuntu noble-updates/main amd64 libncursesw6 amd64 6.4+20240113-1ubuntu2.2 [148 kB]
#12 8.951 Get:4 http://archive.ubuntu.com/ubuntu noble-updates/main amd64 libtinfo6 amd64 6.4+20240113-1ubuntu2.2 [108 kB]
#12 8.966 Get:5 http://archive.ubuntu.com/ubuntu noble/main amd64 adduser all 3.137ubuntu1 [101 kB]
#12 8.976 Get:6 http://archive.ubuntu.com/ubuntu noble-updates/main amd64 libbsd0 amd64 0.12.1-1build1.1 [41.2 kB]
#12 8.980 Get:7 http://archive.ubuntu.com/ubuntu noble-updates/main amd64 libicu74 amd64 74.2-1ubuntu3.1 [10.9 MB]
#12 9.491 Get:8 http://archive.ubuntu.com/ubuntu noble/main amd64 readline-common all 8.2-4build1 [56.5 kB]
#12 9.492 Get:9 http://archive.ubuntu.com/ubuntu noble/main amd64 libreadline8t64 amd64 8.2-4build1 [153 kB]
#12 9.497 Get:10 http://archive.ubuntu.com/ubuntu noble/main amd64 gettext-base amd64 0.21-14ubuntu2 [38.4 kB]
#12 9.498 Get:11 http://archive.ubuntu.com/ubuntu noble/main amd64 libedit2 amd64 3.1-20230828-1build1 [97.6 kB]
#12 9.502 Get:12 http://archive.ubuntu.com/ubuntu noble-updates/main amd64 libncurses6 amd64 6.4+20240113-1ubuntu2.2 [112 kB]
#12 9.506 Get:13 http://archive.ubuntu.com/ubuntu noble-updates/main amd64 mysql-client-core-8.0 amd64 8.0.46-0ubuntu0.24.04.4 [2740 kB]
#12 9.633 Get:14 http://archive.ubuntu.com/ubuntu noble/main amd64 mysql-common all 5.8+1.1.0build1 [6746 B]
#12 9.637 Get:15 http://archive.ubuntu.com/ubuntu noble-updates/main amd64 mysql-client-8.0 amd64 8.0.46-0ubuntu0.24.04.4 [22.4 kB]
#12 9.638 Get:16 http://archive.ubuntu.com/ubuntu noble/universe amd64 default-mysql-client all 1.1.0build1 [2908 B]
#12 9.639 Get:17 http://archive.ubuntu.com/ubuntu noble-updates/main amd64 libc-dev-bin amd64 2.39-0ubuntu8.8 [20.4 kB]
#12 9.640 Get:18 http://archive.ubuntu.com/ubuntu noble-updates/main amd64 linux-libc-dev amd64 6.8.0-139.139 [1527 kB]
#12 9.762 Get:19 http://archive.ubuntu.com/ubuntu noble/main amd64 libcrypt-dev amd64 1:4.4.36-4build1 [112 kB]
#12 9.764 Get:20 http://archive.ubuntu.com/ubuntu noble/main amd64 rpcsvc-proto amd64 1.4.2-0ubuntu7 [67.4 kB]
#12 9.766 Get:21 http://archive.ubuntu.com/ubuntu noble-updates/main amd64 libc6-dev amd64 2.39-0ubuntu8.8 [2125 kB]
#12 9.806 Get:22 http://archive.ubuntu.com/ubuntu noble-updates/main amd64 libmysqlclient21 amd64 8.0.46-0ubuntu0.24.04.4 [1255 kB]
#12 9.865 Get:23 http://archive.ubuntu.com/ubuntu noble-updates/main amd64 libncurses-dev amd64 6.4+20240113-1ubuntu2.2 [384 kB]
#12 ...

#13 [ac-db-import build 1/8] RUN apt-get update                                                         && apt-get install -y --no-install-recommends                                 build-essential ccache libtool cmake-data ninja-build cmake clang            git lsb-base curl unzip default-mysql-client openssl                          default-libmysqlclient-dev libboost-all-dev libssl-dev libmysql++-dev         libreadline-dev zlib1g-dev libbz2-dev libncurses5-dev liblzma-dev      && rm -rf /var/lib/apt/lists/*
#13 0.720 Get:1 http://archive.ubuntu.com/ubuntu noble InRelease [256 kB]
#13 0.759 Get:2 http://security.ubuntu.com/ubuntu noble-security InRelease [126 kB]
#13 0.881 Get:3 http://archive.ubuntu.com/ubuntu noble-updates InRelease [126 kB]
#13 0.921 Get:4 http://archive.ubuntu.com/ubuntu noble-backports InRelease [126 kB]
#13 0.975 Get:5 http://archive.ubuntu.com/ubuntu noble/universe amd64 Packages [19.3 MB]
#13 1.159 Get:6 http://security.ubuntu.com/ubuntu noble-security/multiverse amd64 Packages [50.0 kB]
#13 1.239 Get:7 http://security.ubuntu.com/ubuntu noble-security/universe amd64 Packages [1530 kB]
#13 1.683 Get:8 http://security.ubuntu.com/ubuntu noble-security/main amd64 Packages [1212 kB]
#13 1.999 Get:9 http://security.ubuntu.com/ubuntu noble-security/restricted amd64 Packages [1730 kB]
#13 4.616 Get:10 http://archive.ubuntu.com/ubuntu noble/main amd64 Packages [1808 kB]
#13 4.792 Get:11 http://archive.ubuntu.com/ubuntu noble/restricted amd64 Packages [117 kB]
#13 4.803 Get:12 http://archive.ubuntu.com/ubuntu noble/multiverse amd64 Packages [331 kB]
#13 4.835 Get:13 http://archive.ubuntu.com/ubuntu noble-updates/main amd64 Packages [1562 kB]
#13 4.966 Get:14 http://archive.ubuntu.com/ubuntu noble-updates/universe amd64 Packages [2151 kB]
#13 5.133 Get:15 http://archive.ubuntu.com/ubuntu noble-updates/multiverse amd64 Packages [55.8 kB]
#13 5.136 Get:16 http://archive.ubuntu.com/ubuntu noble-updates/restricted amd64 Packages [1903 kB]
#13 5.267 Get:17 http://archive.ubuntu.com/ubuntu noble-backports/multiverse amd64 Packages [671 B]
#13 5.267 Get:18 http://archive.ubuntu.com/ubuntu noble-backports/main amd64 Packages [48.9 kB]
#13 5.270 Get:19 http://archive.ubuntu.com/ubuntu noble-backports/universe amd64 Packages [35.9 kB]
#13 6.274 Fetched 32.5 MB in 6s (5782 kB/s)
#13 6.274 Reading package lists...
#13 7.709 Reading package lists...
#13 9.113 Building dependency tree...
#13 9.376 Reading state information...
#13 9.711 openssl is already the newest version (3.0.13-0ubuntu3.15).
#13 9.711 openssl set to manually installed.
#13 9.711 The following additional packages will be installed:
#13 9.711   adduser autoconf automake autotools-dev binutils binutils-common
#13 9.711   binutils-x86-64-linux-gnu bzip2 clang-18 cpp cpp-13 cpp-13-x86-64-linux-gnu
#13 9.711   cpp-x86-64-linux-gnu dpkg-dev file g++ g++-13 g++-13-x86-64-linux-gnu
#13 9.711   g++-x86-64-linux-gnu gcc gcc-13 gcc-13-base gcc-13-x86-64-linux-gnu
#13 9.711   gcc-x86-64-linux-gnu gfortran-13 gfortran-13-x86-64-linux-gnu git-man
#13 9.711   ibverbs-providers icu-devtools libamd-comgr2 libamdhip64-5 libarchive13t64
#13 9.711   libasan8 libatomic1 libbinutils libboost-atomic-dev libboost-atomic1.83-dev
#13 9.711   libboost-atomic1.83.0 libboost-chrono-dev libboost-chrono1.83-dev
#13 9.711   libboost-chrono1.83.0t64 libboost-container-dev libboost-container1.83-dev
#13 9.711   libboost-container1.83.0 libboost-context-dev libboost-context1.83-dev
#13 9.711   libboost-context1.83.0 libboost-coroutine-dev libboost-coroutine1.83-dev
#13 9.711   libboost-coroutine1.83.0 libboost-date-time-dev libboost-date-time1.83-dev
#13 9.711   libboost-date-time1.83.0 libboost-dev libboost-exception-dev
#13 9.711   libboost-exception1.83-dev libboost-fiber-dev libboost-fiber1.83-dev
#13 9.711   libboost-fiber1.83.0 libboost-filesystem-dev libboost-filesystem1.83-dev
#13 9.711   libboost-filesystem1.83.0 libboost-graph-dev libboost-graph-parallel-dev
#13 9.711   libboost-graph-parallel1.83-dev libboost-graph-parallel1.83.0
#13 9.711   libboost-graph1.83-dev libboost-graph1.83.0 libboost-iostreams-dev
#13 9.711   libboost-iostreams1.83-dev libboost-iostreams1.83.0 libboost-json-dev
#13 9.711   libboost-json1.83-dev libboost-json1.83.0 libboost-locale-dev
#13 9.711   libboost-locale1.83-dev libboost-locale1.83.0 libboost-log-dev
#13 9.711   libboost-log1.83-dev libboost-log1.83.0 libboost-math-dev
#13 9.711   libboost-math1.83-dev libboost-math1.83.0 libboost-mpi-dev
#13 9.711   libboost-mpi-python-dev libboost-mpi-python1.83-dev
#13 9.711   libboost-mpi-python1.83.0 libboost-mpi1.83-dev libboost-mpi1.83.0
#13 9.711   libboost-nowide-dev libboost-nowide1.83-dev libboost-nowide1.83.0
#13 9.711   libboost-numpy-dev libboost-numpy1.83-dev libboost-numpy1.83.0
#13 9.711   libboost-program-options-dev libboost-program-options1.83-dev
#13 9.711   libboost-program-options1.83.0 libboost-python-dev libboost-python1.83-dev
#13 9.711   libboost-python1.83.0 libboost-random-dev libboost-random1.83-dev
#13 9.711   libboost-random1.83.0 libboost-regex-dev libboost-regex1.83-dev
#13 9.711   libboost-regex1.83.0 libboost-serialization-dev
#13 9.711   libboost-serialization1.83-dev libboost-serialization1.83.0
#13 9.711   libboost-stacktrace-dev libboost-stacktrace1.83-dev
#13 9.711   libboost-stacktrace1.83.0 libboost-system-dev libboost-system1.83-dev
#13 9.711   libboost-system1.83.0 libboost-test-dev libboost-test1.83-dev
#13 9.711   libboost-test1.83.0 libboost-thread-dev libboost-thread1.83-dev
#13 9.711   libboost-thread1.83.0 libboost-timer-dev libboost-timer1.83-dev
#13 9.711   libboost-timer1.83.0 libboost-tools-dev libboost-type-erasure-dev
#13 9.711   libboost-type-erasure1.83-dev libboost-type-erasure1.83.0 libboost-url-dev
#13 9.711   libboost-url1.83-dev libboost-url1.83.0 libboost-wave-dev
#13 9.711   libboost-wave1.83-dev libboost-wave1.83.0 libboost1.83-dev
#13 9.711   libboost1.83-tools-dev libbrotli1 libbsd0 libbz2-1.0 libc-dev-bin libc6-dev
#13 9.711   libcbor0.10 libcc1-0 libclang-common-18-dev libclang-cpp18 libclang1-18
#13 9.711   libcrypt-dev libctf-nobfd0 libctf0 libcurl3t64-gnutls libcurl4t64
#13 9.711   libdpkg-perl libdrm-amdgpu1 libdrm-common libdrm2 libedit2 libelf1t64
#13 9.711   liberror-perl libevent-2.1-7t64 libevent-core-2.1-7t64 libevent-dev
#13 9.711   libevent-extra-2.1-7t64 libevent-openssl-2.1-7t64 libevent-pthreads-2.1-7t64
#13 9.712   libexpat1 libexpat1-dev libfabric1 libfido2-1 libgc1 libgcc-13-dev
#13 9.712   libgdbm-compat4t64 libgdbm6t64 libgfortran-13-dev libgfortran5 libgomp1
#13 9.712   libgprofng0 libgssapi-krb5-2 libhiredis1.1.0 libhsa-runtime64-1 libhsakmt1
#13 9.712   libhwasan0 libhwloc-dev libhwloc-plugins libhwloc15 libibverbs-dev
#13 9.712   libibverbs1 libicu-dev libicu74 libisl23 libitm1 libjansson4 libjs-jquery
#13 9.712   libjs-jquery-ui libjs-sphinxdoc libjs-underscore libjsoncpp25 libk5crypto3
#13 9.712   libkeyutils1 libkrb5-3 libkrb5support0 libldap2 libllvm17t64 libllvm18
#13 9.712   liblsan0 libltdl-dev libltdl7 libmagic-mgc libmagic1t64 libmpc3 libmpfr6
#13 9.712   libmunge2 libmysql++3t64 libmysqlclient-dev libmysqlclient21 libncurses6
#13 9.712   libncursesw6 libnghttp2-14 libnl-3-200 libnl-3-dev libnl-route-3-200
#13 9.712   libnl-route-3-dev libnuma-dev libnuma1 libobjc-13-dev libobjc4
#13 9.712   libopenmpi-dev libopenmpi3t64 libpciaccess0 libperl5.38t64 libpmix-dev
#13 9.712   libpmix2t64 libpsl5t64 libpsm-infinipath1 libpsm2-2 libpython3-dev
#13 9.712   libpython3-stdlib libpython3.12-dev libpython3.12-minimal
#13 9.712   libpython3.12-stdlib libpython3.12t64 libquadmath0 librdmacm1t64
#13 9.712   libreadline8t64 librhash0 librtmp1 libsasl2-2 libsasl2-modules-db libsframe1
#13 9.712   libsqlite3-0 libssh-4 libstdc++-13-dev libtinfo6 libtsan2 libubsan1 libucx0
#13 9.712   libuv1t64 libx11-6 libx11-data libxau6 libxcb1 libxdmcp6 libxext6 libxml2
#13 9.713   libxnvctrl0 libzstd-dev linux-libc-dev llvm-18-linker-tools
#13 9.714   lto-disabled-list m4 make media-types mpi-default-bin mpi-default-dev
#13 9.714   mysql-client-8.0 mysql-client-core-8.0 mysql-common ncurses-base ncurses-bin
#13 9.714   netbase ocl-icd-libopencl1 openmpi-bin openmpi-common openssh-client patch
#13 9.714   perl perl-base perl-modules-5.38 python3 python3-dev python3-minimal
#13 9.714   python3.12 python3.12-dev python3.12-minimal readline-common rpcsvc-proto
#13 9.714   xz-utils zlib1g
#13 9.715 Suggested packages:
#13 9.715   liblocale-gettext-perl cron quota ecryptfs-utils autoconf-archive
#13 9.715   gnu-standards autoconf-doc gettext binutils-doc gprofng-gui bzip2-doc distcc
#13 9.715   | icecc clang-18-doc wasi-libc cmake-doc cmake-format elpa-cmake-mode
#13 9.715   cpp-doc gcc-13-locales cpp-13-doc debian-keyring g++-multilib
#13 9.715   g++-13-multilib gcc-13-doc gcc-multilib manpages-dev flex bison gdb gcc-doc
#13 9.715   gcc-13-multilib gdb-x86-64-linux-gnu gfortran-13-multilib gfortran-13-doc
#13 9.715   libcoarrays-dev gettext-base git-daemon-run | git-daemon-sysvinit git-doc
#13 9.715   git-email git-gui gitk gitweb git-cvs git-mediawiki git-svn lrzip
#13 9.715   libboost-doc graphviz libboost1.83-doc gccxml libboost-contract1.83-dev
#13 9.715   libmpfrc++-dev libntl-dev xsltproc doxygen docbook-xml docbook-xsl
#13 9.715   default-jdk fop glibc-doc gnupg | sq | sqop | pgpainless-cli
#13 9.715   | sequoia-chameleon-gnupg bzr gdbm-l10n krb5-doc krb5-user
#13 9.715   libhwloc-contrib-plugins icu-doc libjs-jquery-ui-docs libtool-doc
#13 9.715   liblzma-doc libmysql++-doc ncurses-doc openmpi-doc pciutils readline-doc
#13 9.715   libssl-doc libstdc++-13-doc gcj-jdk m4-doc make-doc opencl-icd gfortran
#13 9.715   | fortran-compiler keychain libpam-ssh monkeysphere ssh-askpass ed
#13 9.715   diffutils-doc perl-doc libterm-readline-gnu-perl
#13 9.715   | libterm-readline-perl-perl libtap-harness-archive-perl python3-doc
#13 9.715   python3-tk python3-venv python3.12-venv python3.12-doc binfmt-support zip
#13 9.715 Recommended packages:
#13 9.715   llvm-18-dev fakeroot gnupg | sq | sqop | pgpainless-cli
#13 9.715   | sequoia-chameleon-gnupg libalgorithm-merge-perl less bzip2-doc manpages
#13 9.715   manpages-dev libc-devtools libclang-rt-18-dev libfile-fcntllock-perl
#13 9.715   liblocale-gettext-perl javascript-common krb5-locales libldap-common libgpm2
#13 9.715   libcoarrays-openmpi-dev publicsuffix libsasl2-modules xauth
#13 ...

#14 [ac-client-data-init client-data 1/3] RUN apt-get update &&     apt-get install -y curl unzip adduser &&     rm -rf /var/lib/apt/lists/*
#14 0.703 Get:1 http://security.ubuntu.com/ubuntu noble-security InRelease [126 kB]
#14 0.708 Get:2 http://archive.ubuntu.com/ubuntu noble InRelease [256 kB]
#14 0.876 Get:3 http://archive.ubuntu.com/ubuntu noble-updates InRelease [126 kB]
#14 0.910 Get:4 http://archive.ubuntu.com/ubuntu noble-backports InRelease [126 kB]
#14 0.916 Get:5 http://security.ubuntu.com/ubuntu noble-security/main amd64 Packages [1212 kB]
#14 1.038 Get:6 http://archive.ubuntu.com/ubuntu noble/multiverse amd64 Packages [331 kB]
#14 1.118 Get:7 http://archive.ubuntu.com/ubuntu noble/universe amd64 Packages [19.3 MB]
#14 1.167 Get:8 http://security.ubuntu.com/ubuntu noble-security/multiverse amd64 Packages [50.0 kB]
#14 1.177 Get:9 http://security.ubuntu.com/ubuntu noble-security/restricted amd64 Packages [1730 kB]
#14 1.614 Get:10 http://security.ubuntu.com/ubuntu noble-security/universe amd64 Packages [1530 kB]
#14 4.681 Get:11 http://archive.ubuntu.com/ubuntu noble/main amd64 Packages [1808 kB]
#14 4.830 Get:12 http://archive.ubuntu.com/ubuntu noble/restricted amd64 Packages [117 kB]
#14 4.835 Get:13 http://archive.ubuntu.com/ubuntu noble-updates/universe amd64 Packages [2151 kB]
#14 5.000 Get:14 http://archive.ubuntu.com/ubuntu noble-updates/main amd64 Packages [1562 kB]
#14 5.100 Get:15 http://archive.ubuntu.com/ubuntu noble-updates/multiverse amd64 Packages [55.8 kB]
#14 5.104 Get:16 http://archive.ubuntu.com/ubuntu noble-updates/restricted amd64 Packages [1903 kB]
#14 5.230 Get:17 http://archive.ubuntu.com/ubuntu noble-backports/main amd64 Packages [48.9 kB]
#14 5.230 Get:18 http://archive.ubuntu.com/ubuntu noble-backports/multiverse amd64 Packages [671 B]
#14 5.230 Get:19 http://archive.ubuntu.com/ubuntu noble-backports/universe amd64 Packages [35.9 kB]
#14 6.337 Fetched 32.5 MB in 6s (5709 kB/s)
#14 6.337 Reading package lists...
#14 7.751 Reading package lists...
#14 9.141 Building dependency tree...
#14 9.392 Reading state information...
#14 9.651 The following additional packages will be installed:
#14 9.651   krb5-locales libbrotli1 libcurl4t64 libgssapi-krb5-2 libk5crypto3
#14 9.651   libkeyutils1 libkrb5-3 libkrb5support0 libldap-common libldap2 libnghttp2-14
#14 9.652   libpsl5t64 librtmp1 libsasl2-2 libsasl2-modules libsasl2-modules-db libssh-4
#14 9.652   publicsuffix
#14 9.653 Suggested packages:
#14 9.653   liblocale-gettext-perl perl cron quota ecryptfs-utils krb5-doc krb5-user
#14 9.653   libsasl2-modules-gssapi-mit | libsasl2-modules-gssapi-heimdal
#14 9.653   libsasl2-modules-ldap libsasl2-modules-otp libsasl2-modules-sql zip
#14 9.717 The following NEW packages will be installed:
#14 9.718   adduser curl krb5-locales libbrotli1 libcurl4t64 libgssapi-krb5-2
#14 9.718   libk5crypto3 libkeyutils1 libkrb5-3 libkrb5support0 libldap-common libldap2
#14 9.718   libnghttp2-14 libpsl5t64 librtmp1 libsasl2-2 libsasl2-modules
#14 9.719   libsasl2-modules-db libssh-4 publicsuffix unzip
#14 9.850 0 upgraded, 21 newly installed, 0 to remove and 26 not upgraded.
#14 9.850 Need to get 2689 kB of archives.
#14 9.850 After this operation, 7745 kB of additional disk space will be used.
#14 9.850 Get:1 http://archive.ubuntu.com/ubuntu noble/main amd64 adduser all 3.137ubuntu1 [101 kB]
#14 10.05 Get:2 http://archive.ubuntu.com/ubuntu noble-updates/main amd64 krb5-locales all 1.20.1-6ubuntu2.8 [15.1 kB]
#14 10.06 Get:3 http://archive.ubuntu.com/ubuntu noble-updates/main amd64 libkrb5support0 amd64 1.20.1-6ubuntu2.8 [34.7 kB]
#14 10.07 Get:4 http://archive.ubuntu.com/ubuntu noble-updates/main amd64 libk5crypto3 amd64 1.20.1-6ubuntu2.8 [81.9 kB]
#14 10.11 Get:5 http://archive.ubuntu.com/ubuntu noble/main amd64 libkeyutils1 amd64 1.6.3-3build1 [9490 B]
#14 10.11 Get:6 http://archive.ubuntu.com/ubuntu noble-updates/main amd64 libkrb5-3 amd64 1.20.1-6ubuntu2.8 [348 kB]
#14 10.18 Get:7 http://archive.ubuntu.com/ubuntu noble-updates/main amd64 libgssapi-krb5-2 amd64 1.20.1-6ubuntu2.8 [143 kB]
#14 ...

#12 [ac-db-import runtime 1/4] RUN apt-get update     && apt-get install -y --no-install-recommends       libmysqlclient21 libreadline8 libicu74 libncurses5-dev       gettext-base default-mysql-client       adduser     && rm -rf /var/lib/apt/lists/*
#12 10.08 debconf: delaying package configuration, since apt-utils is not installed
#12 10.15 Fetched 20.2 MB in 1s (17.5 MB/s)
#12 10.21 (Reading database ... 
(Reading database ... 5%
(Reading database ... 10%
(Reading database ... 15%
(Reading database ... 20%
(Reading database ... 25%
(Reading database ... 30%
(Reading database ... 35%
(Reading database ... 40%
(Reading database ... 45%
(Reading database ... 50%
(Reading database ... 55%
(Reading database ... 60%
(Reading database ... 65%
(Reading database ... 70%
(Reading database ... 75%
(Reading database ... 80%
(Reading database ... 85%
(Reading database ... 90%
(Reading database ... 95%
(Reading database ... 100%
(Reading database ... 5366 files and directories currently installed.)
#12 10.22 Preparing to unpack .../ncurses-bin_6.4+20240113-1ubuntu2.2_amd64.deb ...
#12 10.30 Unpacking ncurses-bin (6.4+20240113-1ubuntu2.2) over (6.4+20240113-1ubuntu2.1) ...
#12 10.63 Setting up ncurses-bin (6.4+20240113-1ubuntu2.2) ...
#12 10.86 (Reading database ... 
(Reading database ... 5%
(Reading database ... 10%
(Reading database ... 15%
(Reading database ... 20%
(Reading database ... 25%
(Reading database ... 30%
(Reading database ... 35%
(Reading database ... 40%
(Reading database ... 45%
(Reading database ... 50%
(Reading database ... 55%
(Reading database ... 60%
(Reading database ... 65%
(Reading database ... 70%
(Reading database ... 75%
(Reading database ... 80%
(Reading database ... 85%
(Reading database ... 90%
(Reading database ... 95%
(Reading database ... 100%
(Reading database ... 5366 files and directories currently installed.)
#12 10.86 Preparing to unpack .../ncurses-base_6.4+20240113-1ubuntu2.2_all.deb ...
#12 11.00 Unpacking ncurses-base (6.4+20240113-1ubuntu2.2) over (6.4+20240113-1ubuntu2.1) ...
#12 12.75 Setting up ncurses-base (6.4+20240113-1ubuntu2.2) ...
#12 13.25 (Reading database ... 
(Reading database ... 5%
(Reading database ... 10%
(Reading database ... 15%
(Reading database ... 20%
(Reading database ... 25%
(Reading database ... 30%
(Reading database ... 35%
(Reading database ... 40%
(Reading database ... 45%
(Reading database ... 50%
(Reading database ... 55%
(Reading database ... 60%
(Reading database ... 65%
(Reading database ... 70%
(Reading database ... 75%
(Reading database ... 80%
(Reading database ... 85%
(Reading database ... 90%
(Reading database ... 95%
(Reading database ... 100%
(Reading database ... 5366 files and directories currently installed.)
#12 13.26 Preparing to unpack .../libncursesw6_6.4+20240113-1ubuntu2.2_amd64.deb ...
#12 13.41 Unpacking libncursesw6:amd64 (6.4+20240113-1ubuntu2.2) over (6.4+20240113-1ubuntu2.1) ...
#12 13.90 Preparing to unpack .../libtinfo6_6.4+20240113-1ubuntu2.2_amd64.deb ...
#12 14.03 Unpacking libtinfo6:amd64 (6.4+20240113-1ubuntu2.2) over (6.4+20240113-1ubuntu2.1) ...
#12 14.38 Setting up libtinfo6:amd64 (6.4+20240113-1ubuntu2.2) ...
#12 14.69 Selecting previously unselected package adduser.
#12 14.69 (Reading database ... 
(Reading database ... 5%
(Reading database ... 10%
(Reading database ... 15%
(Reading database ... 20%
(Reading database ... 25%
(Reading database ... 30%
(Reading database ... 35%
(Reading database ... 40%
(Reading database ... 45%
(Reading database ... 50%
(Reading database ... 55%
(Reading database ... 60%
(Reading database ... 65%
(Reading database ... 70%
(Reading database ... 75%
(Reading database ... 80%
(Reading database ... 85%
(Reading database ... 90%
(Reading database ... 95%
(Reading database ... 100%
(Reading database ... 5366 files and directories currently installed.)
#12 14.70 Preparing to unpack .../adduser_3.137ubuntu1_all.deb ...
#12 14.74 Unpacking adduser (3.137ubuntu1) ...
#12 14.98 Setting up adduser (3.137ubuntu1) ...
#12 15.42 Selecting previously unselected package libbsd0:amd64.
#12 15.42 (Reading database ... 
(Reading database ... 5%
(Reading database ... 10%
(Reading database ... 15%
(Reading database ... 20%
(Reading database ... 25%
(Reading database ... 30%
(Reading database ... 35%
(Reading database ... 40%
(Reading database ... 45%
(Reading database ... 50%
(Reading database ... 55%
(Reading database ... 60%
(Reading database ... 65%
(Reading database ... 70%
(Reading database ... 75%
(Reading database ... 80%
(Reading database ... 85%
(Reading database ... 90%
(Reading database ... 95%
(Reading database ... 100%
(Reading database ... 5414 files and directories currently installed.)
#12 15.43 Preparing to unpack .../00-libbsd0_0.12.1-1build1.1_amd64.deb ...
#12 15.48 Unpacking libbsd0:amd64 (0.12.1-1build1.1) ...
#12 15.71 Selecting previously unselected package libicu74:amd64.
#12 15.71 Preparing to unpack .../01-libicu74_74.2-1ubuntu3.1_amd64.deb ...
#12 15.75 Unpacking libicu74:amd64 (74.2-1ubuntu3.1) ...
#12 16.30 Selecting previously unselected package readline-common.
#12 16.30 Preparing to unpack .../02-readline-common_8.2-4build1_all.deb ...
#12 16.34 Unpacking readline-common (8.2-4build1) ...
#12 ...

#13 [ac-db-import build 1/8] RUN apt-get update                                                         && apt-get install -y --no-install-recommends                                 build-essential ccache libtool cmake-data ninja-build cmake clang            git lsb-base curl unzip default-mysql-client openssl                          default-libmysqlclient-dev libboost-all-dev libssl-dev libmysql++-dev         libreadline-dev zlib1g-dev libbz2-dev libncurses5-dev liblzma-dev      && rm -rf /var/lib/apt/lists/*
#13 10.55 The following NEW packages will be installed:
#13 10.55   adduser autoconf automake autotools-dev binutils binutils-common
#13 10.55   binutils-x86-64-linux-gnu build-essential bzip2 ccache clang clang-18 cmake
#13 10.55   cmake-data cpp cpp-13 cpp-13-x86-64-linux-gnu cpp-x86-64-linux-gnu curl
#13 10.55   default-libmysqlclient-dev default-mysql-client dpkg-dev file g++ g++-13
#13 10.55   g++-13-x86-64-linux-gnu g++-x86-64-linux-gnu gcc gcc-13 gcc-13-base
#13 10.55   gcc-13-x86-64-linux-gnu gcc-x86-64-linux-gnu gfortran-13
#13 10.55   gfortran-13-x86-64-linux-gnu git git-man ibverbs-providers icu-devtools
#13 10.55   libamd-comgr2 libamdhip64-5 libarchive13t64 libasan8 libatomic1 libbinutils
#13 10.55   libboost-all-dev libboost-atomic-dev libboost-atomic1.83-dev
#13 10.55   libboost-atomic1.83.0 libboost-chrono-dev libboost-chrono1.83-dev
#13 10.55   libboost-chrono1.83.0t64 libboost-container-dev libboost-container1.83-dev
#13 10.55   libboost-container1.83.0 libboost-context-dev libboost-context1.83-dev
#13 10.55   libboost-context1.83.0 libboost-coroutine-dev libboost-coroutine1.83-dev
#13 10.55   libboost-coroutine1.83.0 libboost-date-time-dev libboost-date-time1.83-dev
#13 10.55   libboost-date-time1.83.0 libboost-dev libboost-exception-dev
#13 10.55   libboost-exception1.83-dev libboost-fiber-dev libboost-fiber1.83-dev
#13 10.55   libboost-fiber1.83.0 libboost-filesystem-dev libboost-filesystem1.83-dev
#13 10.55   libboost-filesystem1.83.0 libboost-graph-dev libboost-graph-parallel-dev
#13 10.55   libboost-graph-parallel1.83-dev libboost-graph-parallel1.83.0
#13 10.55   libboost-graph1.83-dev libboost-graph1.83.0 libboost-iostreams-dev
#13 10.55   libboost-iostreams1.83-dev libboost-iostreams1.83.0 libboost-json-dev
#13 10.55   libboost-json1.83-dev libboost-json1.83.0 libboost-locale-dev
#13 10.55   libboost-locale1.83-dev libboost-locale1.83.0 libboost-log-dev
#13 10.55   libboost-log1.83-dev libboost-log1.83.0 libboost-math-dev
#13 10.55   libboost-math1.83-dev libboost-math1.83.0 libboost-mpi-dev
#13 10.55   libboost-mpi-python-dev libboost-mpi-python1.83-dev
#13 10.55   libboost-mpi-python1.83.0 libboost-mpi1.83-dev libboost-mpi1.83.0
#13 10.55   libboost-nowide-dev libboost-nowide1.83-dev libboost-nowide1.83.0
#13 10.55   libboost-numpy-dev libboost-numpy1.83-dev libboost-numpy1.83.0
#13 10.55   libboost-program-options-dev libboost-program-options1.83-dev
#13 10.55   libboost-program-options1.83.0 libboost-python-dev libboost-python1.83-dev
#13 10.55   libboost-python1.83.0 libboost-random-dev libboost-random1.83-dev
#13 10.55   libboost-random1.83.0 libboost-regex-dev libboost-regex1.83-dev
#13 10.55   libboost-regex1.83.0 libboost-serialization-dev
#13 10.55   libboost-serialization1.83-dev libboost-serialization1.83.0
#13 10.55   libboost-stacktrace-dev libboost-stacktrace1.83-dev
#13 10.55   libboost-stacktrace1.83.0 libboost-system-dev libboost-system1.83-dev
#13 10.55   libboost-system1.83.0 libboost-test-dev libboost-test1.83-dev
#13 10.55   libboost-test1.83.0 libboost-thread-dev libboost-thread1.83-dev
#13 10.55   libboost-thread1.83.0 libboost-timer-dev libboost-timer1.83-dev
#13 10.55   libboost-timer1.83.0 libboost-tools-dev libboost-type-erasure-dev
#13 10.55   libboost-type-erasure1.83-dev libboost-type-erasure1.83.0 libboost-url-dev
#13 10.55   libboost-url1.83-dev libboost-url1.83.0 libboost-wave-dev
#13 10.55   libboost-wave1.83-dev libboost-wave1.83.0 libboost1.83-dev
#13 10.55   libboost1.83-tools-dev libbrotli1 libbsd0 libbz2-dev libc-dev-bin libc6-dev
#13 10.55   libcbor0.10 libcc1-0 libclang-common-18-dev libclang-cpp18 libclang1-18
#13 10.55   libcrypt-dev libctf-nobfd0 libctf0 libcurl3t64-gnutls libcurl4t64
#13 10.55   libdpkg-perl libdrm-amdgpu1 libdrm-common libdrm2 libedit2 libelf1t64
#13 10.55   liberror-perl libevent-2.1-7t64 libevent-core-2.1-7t64 libevent-dev
#13 10.55   libevent-extra-2.1-7t64 libevent-openssl-2.1-7t64 libevent-pthreads-2.1-7t64
#13 10.55   libexpat1 libexpat1-dev libfabric1 libfido2-1 libgc1 libgcc-13-dev
#13 10.55   libgdbm-compat4t64 libgdbm6t64 libgfortran-13-dev libgfortran5 libgomp1
#13 10.55   libgprofng0 libgssapi-krb5-2 libhiredis1.1.0 libhsa-runtime64-1 libhsakmt1
#13 10.55   libhwasan0 libhwloc-dev libhwloc-plugins libhwloc15 libibverbs-dev
#13 10.55   libibverbs1 libicu-dev libicu74 libisl23 libitm1 libjansson4 libjs-jquery
#13 10.55   libjs-jquery-ui libjs-sphinxdoc libjs-underscore libjsoncpp25 libk5crypto3
#13 10.55   libkeyutils1 libkrb5-3 libkrb5support0 libldap2 libllvm17t64 libllvm18
#13 10.55   liblsan0 libltdl-dev libltdl7 liblzma-dev libmagic-mgc libmagic1t64 libmpc3
#13 10.55   libmpfr6 libmunge2 libmysql++-dev libmysql++3t64 libmysqlclient-dev
#13 10.55   libmysqlclient21 libncurses-dev libncurses6 libnghttp2-14 libnl-3-200
#13 10.55   libnl-3-dev libnl-route-3-200 libnl-route-3-dev libnuma-dev libnuma1
#13 10.55   libobjc-13-dev libobjc4 libopenmpi-dev libopenmpi3t64 libpciaccess0
#13 10.55   libperl5.38t64 libpmix-dev libpmix2t64 libpsl5t64 libpsm-infinipath1
#13 10.55   libpsm2-2 libpython3-dev libpython3-stdlib libpython3.12-dev
#13 10.55   libpython3.12-minimal libpython3.12-stdlib libpython3.12t64 libquadmath0
#13 10.55   librdmacm1t64 libreadline-dev libreadline8t64 librhash0 librtmp1 libsasl2-2
#13 10.55   libsasl2-modules-db libsframe1 libsqlite3-0 libssh-4 libssl-dev
#13 10.55   libstdc++-13-dev libtool libtsan2 libubsan1 libucx0 libuv1t64 libx11-6
#13 10.55   libx11-data libxau6 libxcb1 libxdmcp6 libxext6 libxml2 libxnvctrl0
#13 10.55   libzstd-dev linux-libc-dev llvm-18-linker-tools lsb-base lto-disabled-list
#13 10.55   m4 make media-types mpi-default-bin mpi-default-dev mysql-client-8.0
#13 10.56   mysql-client-core-8.0 mysql-common netbase ninja-build ocl-icd-libopencl1
#13 10.56   openmpi-bin openmpi-common openssh-client patch perl perl-modules-5.38
#13 10.56   python3 python3-dev python3-minimal python3.12 python3.12-dev
#13 10.56   python3.12-minimal readline-common rpcsvc-proto unzip xz-utils zlib1g-dev
#13 10.56 The following packages will be upgraded:
#13 10.56   libbz2-1.0 libncursesw6 libtinfo6 ncurses-base ncurses-bin perl-base zlib1g
#13 10.72 7 upgraded, 312 newly installed, 0 to remove and 19 not upgraded.
#13 10.72 Need to get 321 MB of archives.
#13 10.72 After this operation, 1573 MB of additional disk space will be used.
#13 10.72 Get:1 http://archive.ubuntu.com/ubuntu noble-updates/main amd64 ncurses-bin amd64 6.4+20240113-1ubuntu2.2 [188 kB]
#13 10.98 Get:2 http://archive.ubuntu.com/ubuntu noble-updates/main amd64 perl-base amd64 5.38.2-3.2ubuntu0.4 [1826 kB]
#13 11.17 Get:3 http://archive.ubuntu.com/ubuntu noble-updates/main amd64 ncurses-base all 6.4+20240113-1ubuntu2.2 [25.8 kB]
#13 11.17 Get:4 http://archive.ubuntu.com/ubuntu noble-updates/main amd64 libpython3.12-minimal amd64 3.12.3-1ubuntu0.16 [838 kB]
#13 11.20 Get:5 http://archive.ubuntu.com/ubuntu noble-updates/main amd64 libexpat1 amd64 2.6.1-2ubuntu0.4 [88.2 kB]
#13 11.21 Get:6 http://archive.ubuntu.com/ubuntu noble-updates/main amd64 zlib1g amd64 1:1.3.dfsg-3.1ubuntu2.2 [63.0 kB]
#13 11.21 Get:7 http://archive.ubuntu.com/ubuntu noble-updates/main amd64 python3.12-minimal amd64 3.12.3-1ubuntu0.16 [2335 kB]
#13 11.39 Get:8 http://archive.ubuntu.com/ubuntu noble-updates/main amd64 python3-minimal amd64 3.12.3-0ubuntu2.1 [27.4 kB]
#13 11.39 Get:9 http://archive.ubuntu.com/ubuntu noble/main amd64 media-types all 10.1.0 [27.5 kB]
#13 11.39 Get:10 http://archive.ubuntu.com/ubuntu noble/main amd64 netbase all 6.4 [13.1 kB]
#13 11.39 Get:11 http://archive.ubuntu.com/ubuntu noble-updates/main amd64 libbz2-1.0 amd64 1.0.8-5.1ubuntu0.1 [34.6 kB]
#13 11.39 Get:12 http://archive.ubuntu.com/ubuntu noble-updates/main amd64 libncursesw6 amd64 6.4+20240113-1ubuntu2.2 [148 kB]
#13 11.39 Get:13 http://archive.ubuntu.com/ubuntu noble-updates/main amd64 libtinfo6 amd64 6.4+20240113-1ubuntu2.2 [108 kB]
#13 11.44 Get:14 http://archive.ubuntu.com/ubuntu noble/main amd64 readline-common all 8.2-4build1 [56.5 kB]
#13 11.44 Get:15 http://archive.ubuntu.com/ubuntu noble/main amd64 libreadline8t64 amd64 8.2-4build1 [153 kB]
#13 11.44 Get:16 http://archive.ubuntu.com/ubuntu noble-updates/main amd64 libsqlite3-0 amd64 3.45.1-1ubuntu2.7 [701 kB]
#13 11.46 Get:17 http://archive.ubuntu.com/ubuntu noble-updates/main amd64 libpython3.12-stdlib amd64 3.12.3-1ubuntu0.16 [2070 kB]
#13 11.58 Get:18 http://archive.ubuntu.com/ubuntu noble-updates/main amd64 python3.12 amd64 3.12.3-1ubuntu0.16 [651 kB]
#13 11.63 Get:19 http://archive.ubuntu.com/ubuntu noble-updates/main amd64 libpython3-stdlib amd64 3.12.3-0ubuntu2.1 [10.1 kB]
#13 11.63 Get:20 http://archive.ubuntu.com/ubuntu noble-updates/main amd64 python3 amd64 3.12.3-0ubuntu2.1 [23.0 kB]
#13 11.64 Get:21 http://archive.ubuntu.com/ubuntu noble-updates/main amd64 perl-modules-5.38 all 5.38.2-3.2ubuntu0.4 [3110 kB]
#13 11.72 Get:22 http://archive.ubuntu.com/ubuntu noble/main amd64 libgdbm6t64 amd64 1.23-5.1build1 [34.4 kB]
#13 11.73 Get:23 http://archive.ubuntu.com/ubuntu noble/main amd64 libgdbm-compat4t64 amd64 1.23-5.1build1 [6710 B]
#13 11.73 Get:24 http://archive.ubuntu.com/ubuntu noble-updates/main amd64 libperl5.38t64 amd64 5.38.2-3.2ubuntu0.4 [4870 kB]
#13 11.96 Get:25 http://archive.ubuntu.com/ubuntu noble-updates/main amd64 perl amd64 5.38.2-3.2ubuntu0.4 [231 kB]
#13 11.96 Get:26 http://archive.ubuntu.com/ubuntu noble/main amd64 adduser all 3.137ubuntu1 [101 kB]
#13 11.96 Get:27 http://archive.ubuntu.com/ubuntu noble-updates/main amd64 libbsd0 amd64 0.12.1-1build1.1 [41.2 kB]
#13 11.96 Get:28 http://archive.ubuntu.com/ubuntu noble-updates/main amd64 libelf1t64 amd64 0.190-1.1ubuntu0.1 [57.8 kB]
#13 11.97 Get:29 http://archive.ubuntu.com/ubuntu noble-updates/main amd64 libkrb5support0 amd64 1.20.1-6ubuntu2.8 [34.7 kB]
#13 11.97 Get:30 http://archive.ubuntu.com/ubuntu noble-updates/main amd64 libk5crypto3 amd64 1.20.1-6ubuntu2.8 [81.9 kB]
#13 11.97 Get:31 http://archive.ubuntu.com/ubuntu noble/main amd64 libkeyutils1 amd64 1.6.3-3build1 [9490 B]
#13 11.97 Get:32 http://archive.ubuntu.com/ubuntu noble-updates/main amd64 libkrb5-3 amd64 1.20.1-6ubuntu2.8 [348 kB]
#13 11.97 Get:33 http://archive.ubuntu.com/ubuntu noble-updates/main amd64 libgssapi-krb5-2 amd64 1.20.1-6ubuntu2.8 [143 kB]
#13 12.01 Get:34 http://archive.ubuntu.com/ubuntu noble-updates/main amd64 libicu74 amd64 74.2-1ubuntu3.1 [10.9 MB]
#13 12.44 Get:35 http://archive.ubuntu.com/ubuntu noble-updates/main amd64 libxml2 amd64 2.9.14+dfsg-1.3ubuntu3.8 [764 kB]
#13 12.48 Get:36 http://archive.ubuntu.com/ubuntu noble/main amd64 libmagic-mgc amd64 1:5.45-3build1 [307 kB]
#13 12.49 Get:37 http://archive.ubuntu.com/ubuntu noble/main amd64 libmagic1t64 amd64 1:5.45-3build1 [87.2 kB]
#13 12.49 Get:38 http://archive.ubuntu.com/ubuntu noble/main amd64 file amd64 1:5.45-3build1 [22.0 kB]
#13 12.49 Get:39 http://archive.ubuntu.com/ubuntu noble-updates/main amd64 libnl-3-200 amd64 3.7.0-0.3build1.1 [55.7 kB]
#13 12.49 Get:40 http://archive.ubuntu.com/ubuntu noble-updates/main amd64 libnl-route-3-200 amd64 3.7.0-0.3build1.1 [189 kB]
#13 12.50 Get:41 http://archive.ubuntu.com/ubuntu noble-updates/main amd64 libibverbs1 amd64 50.0-2ubuntu0.2 [68.0 kB]
#13 12.50 Get:42 http://archive.ubuntu.com/ubuntu noble-updates/main amd64 ibverbs-providers amd64 50.0-2ubuntu0.2 [381 kB]
#13 12.55 Get:43 http://archive.ubuntu.com/ubuntu noble/main amd64 libcbor0.10 amd64 0.10.2-1.2ubuntu2 [25.8 kB]
#13 12.55 Get:44 http://archive.ubuntu.com/ubuntu noble-updates/main amd64 libdrm-common all 2.4.125-1ubuntu0.1~24.04.2 [9250 B]
#13 12.55 Get:45 http://archive.ubuntu.com/ubuntu noble-updates/main amd64 libdrm2 amd64 2.4.125-1ubuntu0.1~24.04.2 [41.4 kB]
#13 12.59 Get:46 http://archive.ubuntu.com/ubuntu noble/main amd64 libedit2 amd64 3.1-20230828-1build1 [97.6 kB]
#13 12.60 Get:47 http://archive.ubuntu.com/ubuntu noble/main amd64 libfido2-1 amd64 1.14.0-1build3 [83.5 kB]
#13 12.61 Get:48 http://archive.ubuntu.com/ubuntu noble/main amd64 libjansson4 amd64 2.14-2build2 [32.8 kB]
#13 12.61 Get:49 http://archive.ubuntu.com/ubuntu noble-updates/main amd64 libncurses6 amd64 6.4+20240113-1ubuntu2.2 [112 kB]
#13 12.61 Get:50 http://archive.ubuntu.com/ubuntu noble-updates/main amd64 libnghttp2-14 amd64 1.59.0-1ubuntu0.4 [74.6 kB]
#13 12.61 Get:51 http://archive.ubuntu.com/ubuntu noble-updates/main amd64 libnuma1 amd64 2.0.18-1ubuntu0.24.04.1 [23.4 kB]
#13 12.64 Get:52 http://archive.ubuntu.com/ubuntu noble/main amd64 libpsl5t64 amd64 0.21.2-1.1build1 [57.1 kB]
#13 12.64 Get:53 http://archive.ubuntu.com/ubuntu noble/main amd64 libuv1t64 amd64 1.48.0-1.1build1 [97.3 kB]
#13 12.65 Get:54 http://archive.ubuntu.com/ubuntu noble/main amd64 libxau6 amd64 1:1.0.9-1build6 [7160 B]
#13 12.65 Get:55 http://archive.ubuntu.com/ubuntu noble/main amd64 libxdmcp6 amd64 1:1.1.3-0ubuntu6 [10.3 kB]
#13 12.69 Get:56 http://archive.ubuntu.com/ubuntu noble/main amd64 libxcb1 amd64 1.15-1ubuntu2 [47.7 kB]
#13 12.69 Get:57 http://archive.ubuntu.com/ubuntu noble/main amd64 libx11-data all 2:1.8.7-1build1 [115 kB]
#13 12.70 Get:58 http://archive.ubuntu.com/ubuntu noble/main amd64 libx11-6 amd64 2:1.8.7-1build1 [650 kB]
#13 12.72 Get:59 http://archive.ubuntu.com/ubuntu noble/main amd64 libxext6 amd64 2:1.3.4-1build2 [30.4 kB]
#13 12.72 Get:60 http://archive.ubuntu.com/ubuntu noble-updates/main amd64 openssh-client amd64 1:9.6p1-3ubuntu13.19 [908 kB]
#13 12.76 Get:61 http://archive.ubuntu.com/ubuntu noble-updates/main amd64 xz-utils amd64 5.6.1+really5.4.5-1ubuntu0.3 [267 kB]
#13 12.77 Get:62 http://archive.ubuntu.com/ubuntu noble/main amd64 m4 amd64 1.4.19-4build1 [244 kB]
#13 12.78 Get:63 http://archive.ubuntu.com/ubuntu noble/main amd64 autoconf all 2.71-3 [339 kB]
#13 12.79 Get:64 http://archive.ubuntu.com/ubuntu noble/main amd64 autotools-dev all 20220109.1 [44.9 kB]
#13 12.79 Get:65 http://archive.ubuntu.com/ubuntu noble/main amd64 automake all 1:1.16.5-1.3ubuntu1 [558 kB]
#13 12.81 Get:66 http://archive.ubuntu.com/ubuntu noble-updates/main amd64 binutils-common amd64 2.42-4ubuntu2.10 [240 kB]
#13 12.82 Get:67 http://archive.ubuntu.com/ubuntu noble-updates/main amd64 libsframe1 amd64 2.42-4ubuntu2.10 [15.7 kB]
#13 12.82 Get:68 http://archive.ubuntu.com/ubuntu noble-updates/main amd64 libbinutils amd64 2.42-4ubuntu2.10 [577 kB]
#13 12.85 Get:69 http://archive.ubuntu.com/ubuntu noble-updates/main amd64 libctf-nobfd0 amd64 2.42-4ubuntu2.10 [98.0 kB]
#13 12.86 Get:70 http://archive.ubuntu.com/ubuntu noble-updates/main amd64 libctf0 amd64 2.42-4ubuntu2.10 [94.5 kB]
#13 12.87 Get:71 http://archive.ubuntu.com/ubuntu noble-updates/main amd64 libgprofng0 amd64 2.42-4ubuntu2.10 [849 kB]
#13 12.95 Get:72 http://archive.ubuntu.com/ubuntu noble-updates/main amd64 binutils-x86-64-linux-gnu amd64 2.42-4ubuntu2.10 [2463 kB]
#13 13.01 Get:73 http://archive.ubuntu.com/ubuntu noble-updates/main amd64 binutils amd64 2.42-4ubuntu2.10 [18.2 kB]
#13 13.02 Get:74 http://archive.ubuntu.com/ubuntu noble-updates/main amd64 libc-dev-bin amd64 2.39-0ubuntu8.8 [20.4 kB]
#13 13.02 Get:75 http://archive.ubuntu.com/ubuntu noble-updates/main amd64 linux-libc-dev amd64 6.8.0-139.139 [1527 kB]
#13 13.07 Get:76 http://archive.ubuntu.com/ubuntu noble/main amd64 libcrypt-dev amd64 1:4.4.36-4build1 [112 kB]
#13 13.08 Get:77 http://archive.ubuntu.com/ubuntu noble/main amd64 rpcsvc-proto amd64 1.4.2-0ubuntu7 [67.4 kB]
#13 13.08 Get:78 http://archive.ubuntu.com/ubuntu noble-updates/main amd64 libc6-dev amd64 2.39-0ubuntu8.8 [2125 kB]
#13 13.16 Get:79 http://archive.ubuntu.com/ubuntu noble-updates/main amd64 gcc-13-base amd64 13.3.0-6ubuntu2~24.04.1 [51.6 kB]
#13 13.16 Get:80 http://archive.ubuntu.com/ubuntu noble-updates/main amd64 libisl23 amd64 0.26-3build1.1 [680 kB]
#13 13.18 Get:81 http://archive.ubuntu.com/ubuntu noble-updates/main amd64 libmpfr6 amd64 4.2.1-1build1.1 [353 kB]
#13 13.20 Get:82 http://archive.ubuntu.com/ubuntu noble-updates/main amd64 libmpc3 amd64 1.3.1-1build1.1 [54.6 kB]
#13 13.20 Get:83 http://archive.ubuntu.com/ubuntu noble-updates/main amd64 cpp-13-x86-64-linux-gnu amd64 13.3.0-6ubuntu2~24.04.1 [10.7 MB]
#13 13.72 Get:84 http://archive.ubuntu.com/ubuntu noble-updates/main amd64 cpp-13 amd64 13.3.0-6ubuntu2~24.04.1 [1042 B]
#13 13.72 Get:85 http://archive.ubuntu.com/ubuntu noble/main amd64 cpp-x86-64-linux-gnu amd64 4:13.2.0-7ubuntu1 [5326 B]
#13 13.73 Get:86 http://archive.ubuntu.com/ubuntu noble/main amd64 cpp amd64 4:13.2.0-7ubuntu1 [22.4 kB]
#13 13.73 Get:87 http://archive.ubuntu.com/ubuntu noble-updates/main amd64 libcc1-0 amd64 14.2.0-4ubuntu2~24.04.1 [48.0 kB]
#13 13.73 Get:88 http://archive.ubuntu.com/ubuntu noble-updates/main amd64 libgomp1 amd64 14.2.0-4ubuntu2~24.04.1 [148 kB]
#13 13.73 Get:89 http://archive.ubuntu.com/ubuntu noble-updates/main amd64 libitm1 amd64 14.2.0-4ubuntu2~24.04.1 [29.7 kB]
#13 13.73 Get:90 http://archive.ubuntu.com/ubuntu noble-updates/main amd64 libatomic1 amd64 14.2.0-4ubuntu2~24.04.1 [10.5 kB]
#13 13.73 Get:91 http://archive.ubuntu.com/ubuntu noble-updates/main amd64 libasan8 amd64 14.2.0-4ubuntu2~24.04.1 [3027 kB]
#13 13.84 Get:92 http://archive.ubuntu.com/ubuntu noble-updates/main amd64 liblsan0 amd64 14.2.0-4ubuntu2~24.04.1 [1322 kB]
#13 13.93 Get:93 http://archive.ubuntu.com/ubuntu noble-updates/main amd64 libtsan2 amd64 14.2.0-4ubuntu2~24.04.1 [2772 kB]
#13 14.04 Get:94 http://archive.ubuntu.com/ubuntu noble-updates/main amd64 libubsan1 amd64 14.2.0-4ubuntu2~24.04.1 [1184 kB]
#13 14.11 Get:95 http://archive.ubuntu.com/ubuntu noble-updates/main amd64 libhwasan0 amd64 14.2.0-4ubuntu2~24.04.1 [1641 kB]
#13 14.28 Get:96 http://archive.ubuntu.com/ubuntu noble-updates/main amd64 libquadmath0 amd64 14.2.0-4ubuntu2~24.04.1 [153 kB]
#13 14.29 Get:97 http://archive.ubuntu.com/ubuntu noble-updates/main amd64 libgcc-13-dev amd64 13.3.0-6ubuntu2~24.04.1 [2681 kB]
#13 14.44 Get:98 http://archive.ubuntu.com/ubuntu noble-updates/main amd64 gcc-13-x86-64-linux-gnu amd64 13.3.0-6ubuntu2~24.04.1 [21.1 MB]
#13 14.99 Get:99 http://archive.ubuntu.com/ubuntu noble-updates/main amd64 gcc-13 amd64 13.3.0-6ubuntu2~24.04.1 [494 kB]
#13 15.00 Get:100 http://archive.ubuntu.com/ubuntu noble/main amd64 gcc-x86-64-linux-gnu amd64 4:13.2.0-7ubuntu1 [1212 B]
#13 15.12 Get:101 http://archive.ubuntu.com/ubuntu noble/main amd64 gcc amd64 4:13.2.0-7ubuntu1 [5018 B]
#13 15.13 Get:102 http://archive.ubuntu.com/ubuntu noble-updates/main amd64 libstdc++-13-dev amd64 13.3.0-6ubuntu2~24.04.1 [2420 kB]
#13 15.62 Get:103 http://archive.ubuntu.com/ubuntu noble-updates/main amd64 g++-13-x86-64-linux-gnu amd64 13.3.0-6ubuntu2~24.04.1 [12.2 MB]
#13 16.19 Get:104 http://archive.ubuntu.com/ubuntu noble-updates/main amd64 g++-13 amd64 13.3.0-6ubuntu2~24.04.1 [16.0 kB]
#13 16.19 Get:105 http://archive.ubuntu.com/ubuntu noble/main amd64 g++-x86-64-linux-gnu amd64 4:13.2.0-7ubuntu1 [964 B]
#13 16.19 Get:106 http://archive.ubuntu.com/ubuntu noble/main amd64 g++ amd64 4:13.2.0-7ubuntu1 [1100 B]
#13 16.19 Get:107 http://archive.ubuntu.com/ubuntu noble/main amd64 make amd64 4.3-4.1build2 [180 kB]
#13 16.19 Get:108 http://archive.ubuntu.com/ubuntu noble-updates/main amd64 libdpkg-perl all 1.22.6ubuntu6.6 [268 kB]
#13 16.19 Get:109 http://archive.ubuntu.com/ubuntu noble-updates/main amd64 bzip2 amd64 1.0.8-5.1ubuntu0.1 [34.6 kB]
#13 16.19 Get:110 http://archive.ubuntu.com/ubuntu noble/main amd64 patch amd64 2.7.6-7build3 [104 kB]
#13 16.20 Get:111 http://archive.ubuntu.com/ubuntu noble/main amd64 lto-disabled-list all 47 [12.4 kB]
#13 16.20 Get:112 http://archive.ubuntu.com/ubuntu noble-updates/main amd64 dpkg-dev all 1.22.6ubuntu6.6 [1074 kB]
#13 16.24 Get:113 http://archive.ubuntu.com/ubuntu noble/main amd64 build-essential amd64 12.10ubuntu1 [4928 B]
#13 16.29 Get:114 http://archive.ubuntu.com/ubuntu noble/universe amd64 libhiredis1.1.0 amd64 1.2.0-6ubuntu3 [41.4 kB]
#13 16.29 Get:115 http://archive.ubuntu.com/ubuntu noble/universe amd64 ccache amd64 4.9.1-1 [592 kB]
#13 16.31 Get:116 http://archive.ubuntu.com/ubuntu noble-updates/main amd64 libllvm18 amd64 1:18.1.3-1ubuntu1 [27.5 MB]
#13 ...

#12 [ac-db-import runtime 1/4] RUN apt-get update     && apt-get install -y --no-install-recommends       libmysqlclient21 libreadline8 libicu74 libncurses5-dev       gettext-base default-mysql-client       adduser     && rm -rf /var/lib/apt/lists/*
#12 16.65 Selecting previously unselected package libreadline8t64:amd64.
#12 16.65 Preparing to unpack .../03-libreadline8t64_8.2-4build1_amd64.deb ...
#12 16.70 Adding 'diversion of /lib/x86_64-linux-gnu/libhistory.so.8 to /lib/x86_64-linux-gnu/libhistory.so.8.usr-is-merged by libreadline8t64'
#12 16.73 Adding 'diversion of /lib/x86_64-linux-gnu/libhistory.so.8.2 to /lib/x86_64-linux-gnu/libhistory.so.8.2.usr-is-merged by libreadline8t64'
#12 16.76 Adding 'diversion of /lib/x86_64-linux-gnu/libreadline.so.8 to /lib/x86_64-linux-gnu/libreadline.so.8.usr-is-merged by libreadline8t64'
#12 16.78 Adding 'diversion of /lib/x86_64-linux-gnu/libreadline.so.8.2 to /lib/x86_64-linux-gnu/libreadline.so.8.2.usr-is-merged by libreadline8t64'
#12 16.80 Unpacking libreadline8t64:amd64 (8.2-4build1) ...
#12 17.05 Selecting previously unselected package gettext-base.
#12 17.06 Preparing to unpack .../04-gettext-base_0.21-14ubuntu2_amd64.deb ...
#12 17.11 Unpacking gettext-base (0.21-14ubuntu2) ...
#12 17.45 Selecting previously unselected package libedit2:amd64.
#12 17.45 Preparing to unpack .../05-libedit2_3.1-20230828-1build1_amd64.deb ...
#12 17.56 Unpacking libedit2:amd64 (3.1-20230828-1build1) ...
#12 17.90 Selecting previously unselected package libncurses6:amd64.
#12 17.90 Preparing to unpack .../06-libncurses6_6.4+20240113-1ubuntu2.2_amd64.deb ...
#12 17.97 Unpacking libncurses6:amd64 (6.4+20240113-1ubuntu2.2) ...
#12 18.22 Selecting previously unselected package mysql-client-core-8.0.
#12 18.22 Preparing to unpack .../07-mysql-client-core-8.0_8.0.46-0ubuntu0.24.04.4_amd64.deb ...
#12 18.28 Unpacking mysql-client-core-8.0 (8.0.46-0ubuntu0.24.04.4) ...
#12 19.05 Selecting previously unselected package mysql-common.
#12 19.05 Preparing to unpack .../08-mysql-common_5.8+1.1.0build1_all.deb ...
#12 19.12 Unpacking mysql-common (5.8+1.1.0build1) ...
#12 19.48 Selecting previously unselected package mysql-client-8.0.
#12 19.49 Preparing to unpack .../09-mysql-client-8.0_8.0.46-0ubuntu0.24.04.4_amd64.deb ...
#12 19.55 Unpacking mysql-client-8.0 (8.0.46-0ubuntu0.24.04.4) ...
#12 19.81 Selecting previously unselected package default-mysql-client.
#12 19.81 Preparing to unpack .../10-default-mysql-client_1.1.0build1_all.deb ...
#12 19.86 Unpacking default-mysql-client (1.1.0build1) ...
#12 20.16 Selecting previously unselected package libc-dev-bin.
#12 20.17 Preparing to unpack .../11-libc-dev-bin_2.39-0ubuntu8.8_amd64.deb ...
#12 20.23 Unpacking libc-dev-bin (2.39-0ubuntu8.8) ...
#12 ...

#14 [ac-client-data-init client-data 1/3] RUN apt-get update &&     apt-get install -y curl unzip adduser &&     rm -rf /var/lib/apt/lists/*
#14 10.20 Get:8 http://archive.ubuntu.com/ubuntu noble-updates/main amd64 libnghttp2-14 amd64 1.59.0-1ubuntu0.4 [74.6 kB]
#14 10.21 Get:9 http://archive.ubuntu.com/ubuntu noble/main amd64 libpsl5t64 amd64 0.21.2-1.1build1 [57.1 kB]
#14 10.21 Get:10 http://archive.ubuntu.com/ubuntu noble/main amd64 publicsuffix all 20231001.0357-0.1 [129 kB]
#14 10.22 Get:11 http://archive.ubuntu.com/ubuntu noble/main amd64 libbrotli1 amd64 1.1.0-2build2 [331 kB]
#14 10.24 Get:12 http://archive.ubuntu.com/ubuntu noble-updates/main amd64 libsasl2-modules-db amd64 2.1.28+dfsg1-5ubuntu3.1 [20.4 kB]
#14 10.25 Get:13 http://archive.ubuntu.com/ubuntu noble-updates/main amd64 libsasl2-2 amd64 2.1.28+dfsg1-5ubuntu3.1 [53.2 kB]
#14 10.25 Get:14 http://archive.ubuntu.com/ubuntu noble-updates/main amd64 libldap2 amd64 2.6.10+dfsg-0ubuntu0.24.04.1 [198 kB]
#14 10.26 Get:15 http://archive.ubuntu.com/ubuntu noble/main amd64 librtmp1 amd64 2.4+20151223.gitfa8646d.1-2build7 [56.3 kB]
#14 10.27 Get:16 http://archive.ubuntu.com/ubuntu noble-updates/main amd64 libssh-4 amd64 0.10.6-2ubuntu0.5 [191 kB]
#14 10.28 Get:17 http://archive.ubuntu.com/ubuntu noble-updates/main amd64 libcurl4t64 amd64 8.5.0-2ubuntu10.13 [343 kB]
#14 10.29 Get:18 http://archive.ubuntu.com/ubuntu noble-updates/main amd64 curl amd64 8.5.0-2ubuntu10.13 [226 kB]
#14 10.30 Get:19 http://archive.ubuntu.com/ubuntu noble-updates/main amd64 libldap-common all 2.6.10+dfsg-0ubuntu0.24.04.1 [32.9 kB]
#14 10.30 Get:20 http://archive.ubuntu.com/ubuntu noble-updates/main amd64 libsasl2-modules amd64 2.1.28+dfsg1-5ubuntu3.1 [69.9 kB]
#14 10.33 Get:21 http://archive.ubuntu.com/ubuntu noble-updates/main amd64 unzip amd64 6.0-28ubuntu4.1 [174 kB]
#14 10.55 debconf: delaying package configuration, since apt-utils is not installed
#14 10.63 Fetched 2689 kB in 1s (4463 kB/s)
#14 10.78 Selecting previously unselected package adduser.
#14 10.78 (Reading database ... 
(Reading database ... 5%
(Reading database ... 10%
(Reading database ... 15%
(Reading database ... 20%
(Reading database ... 25%
(Reading database ... 30%
(Reading database ... 35%
(Reading database ... 40%
(Reading database ... 45%
(Reading database ... 50%
(Reading database ... 55%
(Reading database ... 60%
(Reading database ... 65%
(Reading database ... 70%
(Reading database ... 75%
(Reading database ... 80%
(Reading database ... 85%
(Reading database ... 90%
(Reading database ... 95%
(Reading database ... 100%
(Reading database ... 5366 files and directories currently installed.)
#14 10.79 Preparing to unpack .../adduser_3.137ubuntu1_all.deb ...
#14 10.83 Unpacking adduser (3.137ubuntu1) ...
#14 11.12 Setting up adduser (3.137ubuntu1) ...
#14 11.53 Selecting previously unselected package krb5-locales.
#14 11.53 (Reading database ... 
(Reading database ... 5%
(Reading database ... 10%
(Reading database ... 15%
(Reading database ... 20%
(Reading database ... 25%
(Reading database ... 30%
(Reading database ... 35%
(Reading database ... 40%
(Reading database ... 45%
(Reading database ... 50%
(Reading database ... 55%
(Reading database ... 60%
(Reading database ... 65%
(Reading database ... 70%
(Reading database ... 75%
(Reading database ... 80%
(Reading database ... 85%
(Reading database ... 90%
(Reading database ... 95%
(Reading database ... 100%
(Reading database ... 5414 files and directories currently installed.)
#14 11.53 Preparing to unpack .../00-krb5-locales_1.20.1-6ubuntu2.8_all.deb ...
#14 11.59 Unpacking krb5-locales (1.20.1-6ubuntu2.8) ...
#14 12.18 Selecting previously unselected package libkrb5support0:amd64.
#14 12.18 Preparing to unpack .../01-libkrb5support0_1.20.1-6ubuntu2.8_amd64.deb ...
#14 12.27 Unpacking libkrb5support0:amd64 (1.20.1-6ubuntu2.8) ...
#14 12.61 Selecting previously unselected package libk5crypto3:amd64.
#14 12.61 Preparing to unpack .../02-libk5crypto3_1.20.1-6ubuntu2.8_amd64.deb ...
#14 12.66 Unpacking libk5crypto3:amd64 (1.20.1-6ubuntu2.8) ...
#14 12.98 Selecting previously unselected package libkeyutils1:amd64.
#14 12.98 Preparing to unpack .../03-libkeyutils1_1.6.3-3build1_amd64.deb ...
#14 13.03 Unpacking libkeyutils1:amd64 (1.6.3-3build1) ...
#14 13.38 Selecting previously unselected package libkrb5-3:amd64.
#14 13.38 Preparing to unpack .../04-libkrb5-3_1.20.1-6ubuntu2.8_amd64.deb ...
#14 13.43 Unpacking libkrb5-3:amd64 (1.20.1-6ubuntu2.8) ...
#14 13.80 Selecting previously unselected package libgssapi-krb5-2:amd64.
#14 13.80 Preparing to unpack .../05-libgssapi-krb5-2_1.20.1-6ubuntu2.8_amd64.deb ...
#14 13.85 Unpacking libgssapi-krb5-2:amd64 (1.20.1-6ubuntu2.8) ...
#14 14.14 Selecting previously unselected package libnghttp2-14:amd64.
#14 14.14 Preparing to unpack .../06-libnghttp2-14_1.59.0-1ubuntu0.4_amd64.deb ...
#14 14.17 Unpacking libnghttp2-14:amd64 (1.59.0-1ubuntu0.4) ...
#14 14.43 Selecting previously unselected package libpsl5t64:amd64.
#14 14.43 Preparing to unpack .../07-libpsl5t64_0.21.2-1.1build1_amd64.deb ...
#14 14.48 Unpacking libpsl5t64:amd64 (0.21.2-1.1build1) ...
#14 14.68 Selecting previously unselected package publicsuffix.
#14 14.68 Preparing to unpack .../08-publicsuffix_20231001.0357-0.1_all.deb ...
#14 14.73 Unpacking publicsuffix (20231001.0357-0.1) ...
#14 15.04 Selecting previously unselected package libbrotli1:amd64.
#14 15.04 Preparing to unpack .../09-libbrotli1_1.1.0-2build2_amd64.deb ...
#14 15.08 Unpacking libbrotli1:amd64 (1.1.0-2build2) ...
#14 15.31 Selecting previously unselected package libsasl2-modules-db:amd64.
#14 15.32 Preparing to unpack .../10-libsasl2-modules-db_2.1.28+dfsg1-5ubuntu3.1_amd64.deb ...
#14 15.36 Unpacking libsasl2-modules-db:amd64 (2.1.28+dfsg1-5ubuntu3.1) ...
#14 15.61 Selecting previously unselected package libsasl2-2:amd64.
#14 15.61 Preparing to unpack .../11-libsasl2-2_2.1.28+dfsg1-5ubuntu3.1_amd64.deb ...
#14 15.64 Unpacking libsasl2-2:amd64 (2.1.28+dfsg1-5ubuntu3.1) ...
#14 15.85 Selecting previously unselected package libldap2:amd64.
#14 15.85 Preparing to unpack .../12-libldap2_2.6.10+dfsg-0ubuntu0.24.04.1_amd64.deb ...
#14 15.87 Unpacking libldap2:amd64 (2.6.10+dfsg-0ubuntu0.24.04.1) ...
#14 16.04 Selecting previously unselected package librtmp1:amd64.
#14 16.04 Preparing to unpack .../13-librtmp1_2.4+20151223.gitfa8646d.1-2build7_amd64.deb ...
#14 16.08 Unpacking librtmp1:amd64 (2.4+20151223.gitfa8646d.1-2build7) ...
#14 16.37 Selecting previously unselected package libssh-4:amd64.
#14 16.37 Preparing to unpack .../14-libssh-4_0.10.6-2ubuntu0.5_amd64.deb ...
#14 16.42 Unpacking libssh-4:amd64 (0.10.6-2ubuntu0.5) ...
#14 16.67 Selecting previously unselected package libcurl4t64:amd64.
#14 16.67 Preparing to unpack .../15-libcurl4t64_8.5.0-2ubuntu10.13_amd64.deb ...
#14 16.72 Unpacking libcurl4t64:amd64 (8.5.0-2ubuntu10.13) ...
#14 16.97 Selecting previously unselected package curl.
#14 16.97 Preparing to unpack .../16-curl_8.5.0-2ubuntu10.13_amd64.deb ...
#14 17.01 Unpacking curl (8.5.0-2ubuntu10.13) ...
#14 17.28 Selecting previously unselected package libldap-common.
#14 17.28 Preparing to unpack .../17-libldap-common_2.6.10+dfsg-0ubuntu0.24.04.1_all.deb ...
#14 17.35 Unpacking libldap-common (2.6.10+dfsg-0ubuntu0.24.04.1) ...
#14 17.79 Selecting previously unselected package libsasl2-modules:amd64.
#14 17.79 Preparing to unpack .../18-libsasl2-modules_2.1.28+dfsg1-5ubuntu3.1_amd64.deb ...
#14 17.87 Unpacking libsasl2-modules:amd64 (2.1.28+dfsg1-5ubuntu3.1) ...
#14 18.21 Selecting previously unselected package unzip.
#14 18.21 Preparing to unpack .../19-unzip_6.0-28ubuntu4.1_amd64.deb ...
#14 18.27 Unpacking unzip (6.0-28ubuntu4.1) ...
#14 18.48 Setting up libkeyutils1:amd64 (1.6.3-3build1) ...
#14 18.58 Setting up unzip (6.0-28ubuntu4.1) ...
#14 18.71 Setting up libbrotli1:amd64 (1.1.0-2build2) ...
#14 18.86 Setting up libsasl2-modules:amd64 (2.1.28+dfsg1-5ubuntu3.1) ...
#14 19.02 Setting up libpsl5t64:amd64 (0.21.2-1.1build1) ...
#14 19.16 Setting up libnghttp2-14:amd64 (1.59.0-1ubuntu0.4) ...
#14 19.40 Setting up krb5-locales (1.20.1-6ubuntu2.8) ...
#14 19.56 Setting up libldap-common (2.6.10+dfsg-0ubuntu0.24.04.1) ...
#14 19.78 Setting up libkrb5support0:amd64 (1.20.1-6ubuntu2.8) ...
#14 19.93 Setting up libsasl2-modules-db:amd64 (2.1.28+dfsg1-5ubuntu3.1) ...
#14 20.14 Setting up librtmp1:amd64 (2.4+20151223.gitfa8646d.1-2build7) ...
#14 20.31 Setting up libk5crypto3:amd64 (1.20.1-6ubuntu2.8) ...
#14 ...

#13 [ac-db-import build 1/8] RUN apt-get update                                                         && apt-get install -y --no-install-recommends                                 build-essential ccache libtool cmake-data ninja-build cmake clang            git lsb-base curl unzip default-mysql-client openssl                          default-libmysqlclient-dev libboost-all-dev libssl-dev libmysql++-dev         libreadline-dev zlib1g-dev libbz2-dev libncurses5-dev liblzma-dev      && rm -rf /var/lib/apt/lists/*
#13 17.45 Get:117 http://archive.ubuntu.com/ubuntu noble-updates/main amd64 libclang-cpp18 amd64 1:18.1.3-1ubuntu1 [13.5 MB]
#13 17.95 Get:118 http://archive.ubuntu.com/ubuntu noble/main amd64 libgc1 amd64 1:8.2.6-1build1 [90.3 kB]
#13 17.96 Get:119 http://archive.ubuntu.com/ubuntu noble-updates/universe amd64 libobjc4 amd64 14.2.0-4ubuntu2~24.04.1 [47.1 kB]
#13 17.97 Get:120 http://archive.ubuntu.com/ubuntu noble-updates/universe amd64 libobjc-13-dev amd64 13.3.0-6ubuntu2~24.04.1 [194 kB]
#13 17.98 Get:121 http://archive.ubuntu.com/ubuntu noble-updates/universe amd64 libclang-common-18-dev amd64 1:18.1.3-1ubuntu1 [736 kB]
#13 17.99 Get:122 http://archive.ubuntu.com/ubuntu noble-updates/universe amd64 llvm-18-linker-tools amd64 1:18.1.3-1ubuntu1 [1314 kB]
#13 18.03 Get:123 http://archive.ubuntu.com/ubuntu noble-updates/main amd64 libclang1-18 amd64 1:18.1.3-1ubuntu1 [7803 kB]
#13 18.33 Get:124 http://archive.ubuntu.com/ubuntu noble-updates/universe amd64 clang-18 amd64 1:18.1.3-1ubuntu1 [80.0 kB]
#13 18.34 Get:125 http://archive.ubuntu.com/ubuntu noble/universe amd64 clang amd64 1:18.0-59~exp2 [5846 B]
#13 18.34 Get:126 http://archive.ubuntu.com/ubuntu noble-updates/main amd64 libarchive13t64 amd64 3.7.2-2ubuntu0.8 [383 kB]
#13 18.35 Get:127 http://archive.ubuntu.com/ubuntu noble/main amd64 libbrotli1 amd64 1.1.0-2build2 [331 kB]
#13 18.37 Get:128 http://archive.ubuntu.com/ubuntu noble-updates/main amd64 libsasl2-modules-db amd64 2.1.28+dfsg1-5ubuntu3.1 [20.4 kB]
#13 18.37 Get:129 http://archive.ubuntu.com/ubuntu noble-updates/main amd64 libsasl2-2 amd64 2.1.28+dfsg1-5ubuntu3.1 [53.2 kB]
#13 18.38 Get:130 http://archive.ubuntu.com/ubuntu noble-updates/main amd64 libldap2 amd64 2.6.10+dfsg-0ubuntu0.24.04.1 [198 kB]
#13 18.38 Get:131 http://archive.ubuntu.com/ubuntu noble/main amd64 librtmp1 amd64 2.4+20151223.gitfa8646d.1-2build7 [56.3 kB]
#13 18.38 Get:132 http://archive.ubuntu.com/ubuntu noble-updates/main amd64 libssh-4 amd64 0.10.6-2ubuntu0.5 [191 kB]
#13 18.40 Get:133 http://archive.ubuntu.com/ubuntu noble-updates/main amd64 libcurl4t64 amd64 8.5.0-2ubuntu10.13 [343 kB]
#13 18.45 Get:134 http://archive.ubuntu.com/ubuntu noble/main amd64 libjsoncpp25 amd64 1.9.5-6build1 [82.8 kB]
#13 18.46 Get:135 http://archive.ubuntu.com/ubuntu noble/main amd64 librhash0 amd64 1.4.3-3build1 [129 kB]
#13 18.46 Get:136 http://archive.ubuntu.com/ubuntu noble/main amd64 cmake-data all 3.28.3-1build7 [2155 kB]
#13 18.55 Get:137 http://archive.ubuntu.com/ubuntu noble/main amd64 cmake amd64 3.28.3-1build7 [11.2 MB]
#13 19.18 Get:138 http://archive.ubuntu.com/ubuntu noble-updates/main amd64 curl amd64 8.5.0-2ubuntu10.13 [226 kB]
#13 19.19 Get:139 http://archive.ubuntu.com/ubuntu noble/main amd64 mysql-common all 5.8+1.1.0build1 [6746 B]
#13 19.19 Get:140 http://archive.ubuntu.com/ubuntu noble-updates/main amd64 libmysqlclient21 amd64 8.0.46-0ubuntu0.24.04.4 [1255 kB]
#13 19.20 Get:141 http://archive.ubuntu.com/ubuntu noble-updates/main amd64 libssl-dev amd64 3.0.13-0ubuntu3.15 [2408 kB]
#13 19.23 Get:142 http://archive.ubuntu.com/ubuntu noble-updates/main amd64 libzstd-dev amd64 1.5.5+dfsg2-2build1.1 [364 kB]
#13 19.23 Get:143 http://archive.ubuntu.com/ubuntu noble-updates/main amd64 zlib1g-dev amd64 1:1.3.dfsg-3.1ubuntu2.2 [894 kB]
#13 19.26 Get:144 http://archive.ubuntu.com/ubuntu noble-updates/main amd64 libmysqlclient-dev amd64 8.0.46-0ubuntu0.24.04.4 [1591 kB]
#13 19.33 Get:145 http://archive.ubuntu.com/ubuntu noble/main amd64 default-libmysqlclient-dev amd64 1.1.0build1 [3132 B]
#13 19.33 Get:146 http://archive.ubuntu.com/ubuntu noble-updates/main amd64 mysql-client-core-8.0 amd64 8.0.46-0ubuntu0.24.04.4 [2740 kB]
#13 19.47 Get:147 http://archive.ubuntu.com/ubuntu noble-updates/main amd64 mysql-client-8.0 amd64 8.0.46-0ubuntu0.24.04.4 [22.4 kB]
#13 19.47 Get:148 http://archive.ubuntu.com/ubuntu noble/universe amd64 default-mysql-client all 1.1.0build1 [2908 B]
#13 19.48 Get:149 http://archive.ubuntu.com/ubuntu noble-updates/main amd64 libgfortran5 amd64 14.2.0-4ubuntu2~24.04.1 [916 kB]
#13 19.50 Get:150 http://archive.ubuntu.com/ubuntu noble-updates/main amd64 libgfortran-13-dev amd64 13.3.0-6ubuntu2~24.04.1 [928 kB]
#13 19.64 Get:151 http://archive.ubuntu.com/ubuntu noble-updates/main amd64 gfortran-13-x86-64-linux-gnu amd64 13.3.0-6ubuntu2~24.04.1 [11.4 MB]
#13 20.03 Get:152 http://archive.ubuntu.com/ubuntu noble-updates/main amd64 gfortran-13 amd64 13.3.0-6ubuntu2~24.04.1 [13.9 kB]
#13 20.04 Get:153 http://archive.ubuntu.com/ubuntu noble-updates/main amd64 libcurl3t64-gnutls amd64 8.5.0-2ubuntu10.13 [335 kB]
#13 20.04 Get:154 http://archive.ubuntu.com/ubuntu noble/main amd64 liberror-perl all 0.17029-2 [25.6 kB]
#13 20.04 Get:155 http://archive.ubuntu.com/ubuntu noble-updates/main amd64 git-man all 1:2.43.0-1ubuntu7.3 [1100 kB]
#13 20.09 Get:156 http://archive.ubuntu.com/ubuntu noble-updates/main amd64 git amd64 1:2.43.0-1ubuntu7.3 [3680 kB]
#13 20.25 Get:157 http://archive.ubuntu.com/ubuntu noble-updates/main amd64 icu-devtools amd64 74.2-1ubuntu3.1 [212 kB]
#13 20.25 Get:158 http://archive.ubuntu.com/ubuntu noble/main amd64 libllvm17t64 amd64 1:17.0.6-9ubuntu1 [26.2 MB]
#13 21.56 Get:159 http://archive.ubuntu.com/ubuntu noble/universe amd64 libamd-comgr2 amd64 6.0+git20231212.4510c28+dfsg-3build2 [14.4 MB]
#13 22.29 Get:160 http://archive.ubuntu.com/ubuntu noble-updates/main amd64 libdrm-amdgpu1 amd64 2.4.125-1ubuntu0.1~24.04.2 [21.4 kB]
#13 22.34 Get:161 http://archive.ubuntu.com/ubuntu noble/universe amd64 libhsakmt1 amd64 5.7.0-1build1 [62.9 kB]
#13 22.34 Get:162 http://archive.ubuntu.com/ubuntu noble/universe amd64 libhsa-runtime64-1 amd64 5.7.1-2build1 [491 kB]
#13 22.35 Get:163 http://archive.ubuntu.com/ubuntu noble/universe amd64 libamdhip64-5 amd64 5.7.1-3 [9621 kB]
#13 22.76 Get:164 http://archive.ubuntu.com/ubuntu noble-updates/main amd64 libboost1.83-dev amd64 1.83.0-2.1ubuntu3.2 [10.7 MB]
#13 ...

#14 [ac-client-data-init client-data 1/3] RUN apt-get update &&     apt-get install -y curl unzip adduser &&     rm -rf /var/lib/apt/lists/*
#14 20.49 Setting up libsasl2-2:amd64 (2.1.28+dfsg1-5ubuntu3.1) ...
#14 20.62 Setting up libkrb5-3:amd64 (1.20.1-6ubuntu2.8) ...
#14 20.71 Setting up publicsuffix (20231001.0357-0.1) ...
#14 20.81 Setting up libldap2:amd64 (2.6.10+dfsg-0ubuntu0.24.04.1) ...
#14 20.95 Setting up libgssapi-krb5-2:amd64 (1.20.1-6ubuntu2.8) ...
#14 21.12 Setting up libssh-4:amd64 (0.10.6-2ubuntu0.5) ...
#14 21.27 Setting up libcurl4t64:amd64 (8.5.0-2ubuntu10.13) ...
#14 21.43 Setting up curl (8.5.0-2ubuntu10.13) ...
#14 21.67 Processing triggers for libc-bin (2.39-0ubuntu8.8) ...
#14 DONE 23.0s

#12 [ac-db-import runtime 1/4] RUN apt-get update     && apt-get install -y --no-install-recommends       libmysqlclient21 libreadline8 libicu74 libncurses5-dev       gettext-base default-mysql-client       adduser     && rm -rf /var/lib/apt/lists/*
#12 20.52 Selecting previously unselected package linux-libc-dev:amd64.
#12 20.52 Preparing to unpack .../12-linux-libc-dev_6.8.0-139.139_amd64.deb ...
#12 20.58 Unpacking linux-libc-dev:amd64 (6.8.0-139.139) ...
#12 21.25 Selecting previously unselected package libcrypt-dev:amd64.
#12 21.25 Preparing to unpack .../13-libcrypt-dev_1%3a4.4.36-4build1_amd64.deb ...
#12 21.32 Unpacking libcrypt-dev:amd64 (1:4.4.36-4build1) ...
#12 21.67 Selecting previously unselected package rpcsvc-proto.
#12 21.67 Preparing to unpack .../14-rpcsvc-proto_1.4.2-0ubuntu7_amd64.deb ...
#12 21.73 Unpacking rpcsvc-proto (1.4.2-0ubuntu7) ...
#12 22.42 Selecting previously unselected package libc6-dev:amd64.
#12 22.42 Preparing to unpack .../15-libc6-dev_2.39-0ubuntu8.8_amd64.deb ...
#12 22.76 Unpacking libc6-dev:amd64 (2.39-0ubuntu8.8) ...
#12 23.38 Selecting previously unselected package libmysqlclient21:amd64.
#12 23.38 Preparing to unpack .../16-libmysqlclient21_8.0.46-0ubuntu0.24.04.4_amd64.deb ...
#12 23.44 Unpacking libmysqlclient21:amd64 (8.0.46-0ubuntu0.24.04.4) ...
#12 23.73 Selecting previously unselected package libncurses-dev:amd64.
#12 23.73 Preparing to unpack .../17-libncurses-dev_6.4+20240113-1ubuntu2.2_amd64.deb ...
#12 23.76 Unpacking libncurses-dev:amd64 (6.4+20240113-1ubuntu2.2) ...
#12 24.10 Setting up mysql-common (5.8+1.1.0build1) ...
#12 24.60 update-alternatives: using /etc/mysql/my.cnf.fallback to provide /etc/mysql/my.cnf (my.cnf) in auto mode
#12 24.70 Setting up libmysqlclient21:amd64 (8.0.46-0ubuntu0.24.04.4) ...
#12 24.97 Setting up linux-libc-dev:amd64 (6.8.0-139.139) ...
#12 25.12 Setting up gettext-base (0.21-14ubuntu2) ...
#12 25.33 Setting up rpcsvc-proto (1.4.2-0ubuntu7) ...
#12 25.44 Setting up libncurses6:amd64 (6.4+20240113-1ubuntu2.2) ...
#12 25.58 Setting up libncursesw6:amd64 (6.4+20240113-1ubuntu2.2) ...
#12 25.72 Setting up libicu74:amd64 (74.2-1ubuntu3.1) ...
#12 25.88 Setting up libcrypt-dev:amd64 (1:4.4.36-4build1) ...
#12 26.20 Setting up libc-dev-bin (2.39-0ubuntu8.8) ...
#12 ...

#13 [ac-db-import build 1/8] RUN apt-get update                                                         && apt-get install -y --no-install-recommends                                 build-essential ccache libtool cmake-data ninja-build cmake clang            git lsb-base curl unzip default-mysql-client openssl                          default-libmysqlclient-dev libboost-all-dev libssl-dev libmysql++-dev         libreadline-dev zlib1g-dev libbz2-dev libncurses5-dev liblzma-dev      && rm -rf /var/lib/apt/lists/*
#13 23.13 Get:165 http://archive.ubuntu.com/ubuntu noble/main amd64 libboost-dev amd64 1.83.0.1ubuntu2 [4308 B]
#13 23.13 Get:166 http://archive.ubuntu.com/ubuntu noble-updates/main amd64 libboost1.83-tools-dev amd64 1.83.0-2.1ubuntu3.2 [1402 kB]
#13 23.30 Get:167 http://archive.ubuntu.com/ubuntu noble/universe amd64 libboost-tools-dev amd64 1.83.0.1ubuntu2 [4238 B]
#13 23.30 Get:168 http://archive.ubuntu.com/ubuntu noble-updates/main amd64 libboost-atomic1.83.0 amd64 1.83.0-2.1ubuntu3.2 [240 kB]
#13 23.31 Get:169 http://archive.ubuntu.com/ubuntu noble-updates/main amd64 libboost-atomic1.83-dev amd64 1.83.0-2.1ubuntu3.2 [235 kB]
#13 23.31 Get:170 http://archive.ubuntu.com/ubuntu noble/universe amd64 libboost-atomic-dev amd64 1.83.0.1ubuntu2 [4360 B]
#13 23.31 Get:171 http://archive.ubuntu.com/ubuntu noble-updates/main amd64 libboost-chrono1.83.0t64 amd64 1.83.0-2.1ubuntu3.2 [245 kB]
#13 23.31 Get:172 http://archive.ubuntu.com/ubuntu noble-updates/main amd64 libboost-chrono1.83-dev amd64 1.83.0-2.1ubuntu3.2 [246 kB]
#13 23.32 Get:173 http://archive.ubuntu.com/ubuntu noble/universe amd64 libboost-chrono-dev amd64 1.83.0.1ubuntu2 [4672 B]
#13 23.32 Get:174 http://archive.ubuntu.com/ubuntu noble-updates/universe amd64 libboost-container1.83.0 amd64 1.83.0-2.1ubuntu3.2 [261 kB]
#13 23.33 Get:175 http://archive.ubuntu.com/ubuntu noble-updates/universe amd64 libboost-container1.83-dev amd64 1.83.0-2.1ubuntu3.2 [267 kB]
#13 23.35 Get:176 http://archive.ubuntu.com/ubuntu noble/universe amd64 libboost-container-dev amd64 1.83.0.1ubuntu2 [4530 B]
#13 23.36 Get:177 http://archive.ubuntu.com/ubuntu noble-updates/main amd64 libboost-date-time1.83.0 amd64 1.83.0-2.1ubuntu3.2 [236 kB]
#13 23.40 Get:178 http://archive.ubuntu.com/ubuntu noble-updates/main amd64 libboost-serialization1.83.0 amd64 1.83.0-2.1ubuntu3.2 [341 kB]
#13 23.42 Get:179 http://archive.ubuntu.com/ubuntu noble-updates/main amd64 libboost-serialization1.83-dev amd64 1.83.0-2.1ubuntu3.2 [387 kB]
#13 23.44 Get:180 http://archive.ubuntu.com/ubuntu noble-updates/main amd64 libboost-date-time1.83-dev amd64 1.83.0-2.1ubuntu3.2 [239 kB]
#13 23.45 Get:181 http://archive.ubuntu.com/ubuntu noble-updates/main amd64 libboost-system1.83.0 amd64 1.83.0-2.1ubuntu3.2 [236 kB]
#13 23.46 Get:182 http://archive.ubuntu.com/ubuntu noble-updates/main amd64 libboost-system1.83-dev amd64 1.83.0-2.1ubuntu3.2 [231 kB]
#13 23.48 Get:183 http://archive.ubuntu.com/ubuntu noble-updates/main amd64 libboost-thread1.83.0 amd64 1.83.0-2.1ubuntu3.2 [276 kB]
#13 23.49 Get:184 http://archive.ubuntu.com/ubuntu noble-updates/main amd64 libboost-thread1.83-dev amd64 1.83.0-2.1ubuntu3.2 [282 kB]
#13 23.51 Get:185 http://archive.ubuntu.com/ubuntu noble-updates/main amd64 libboost-context1.83.0 amd64 1.83.0-2.1ubuntu3.2 [237 kB]
#13 23.52 Get:186 http://archive.ubuntu.com/ubuntu noble-updates/universe amd64 libboost-context1.83-dev amd64 1.83.0-2.1ubuntu3.2 [232 kB]
#13 23.54 Get:187 http://archive.ubuntu.com/ubuntu noble/universe amd64 libboost-context-dev amd64 1.83.0.1ubuntu2 [4276 B]
#13 23.54 Get:188 http://archive.ubuntu.com/ubuntu noble-updates/universe amd64 libboost-coroutine1.83.0 amd64 1.83.0-2.1ubuntu3.2 [234 kB]
#13 23.54 Get:189 http://archive.ubuntu.com/ubuntu noble-updates/universe amd64 libboost-coroutine1.83-dev amd64 1.83.0-2.1ubuntu3.2 [237 kB]
#13 23.56 Get:190 http://archive.ubuntu.com/ubuntu noble/universe amd64 libboost-coroutine-dev amd64 1.83.0.1ubuntu2 [4344 B]
#13 23.56 Get:191 http://archive.ubuntu.com/ubuntu noble/universe amd64 libboost-date-time-dev amd64 1.83.0.1ubuntu2 [4058 B]
#13 23.56 Get:192 http://archive.ubuntu.com/ubuntu noble-updates/universe amd64 libboost-exception1.83-dev amd64 1.83.0-2.1ubuntu3.2 [229 kB]
#13 23.60 Get:193 http://archive.ubuntu.com/ubuntu noble/universe amd64 libboost-exception-dev amd64 1.83.0.1ubuntu2 [4058 B]
#13 23.60 Get:194 http://archive.ubuntu.com/ubuntu noble-updates/main amd64 libboost-filesystem1.83.0 amd64 1.83.0-2.1ubuntu3.2 [284 kB]
#13 23.62 Get:195 http://archive.ubuntu.com/ubuntu noble-updates/universe amd64 libboost-filesystem1.83-dev amd64 1.83.0-2.1ubuntu3.2 [301 kB]
#13 23.64 Get:196 http://archive.ubuntu.com/ubuntu noble-updates/universe amd64 libboost-fiber1.83.0 amd64 1.83.0-2.1ubuntu3.2 [255 kB]
#13 23.65 Get:197 http://archive.ubuntu.com/ubuntu noble-updates/universe amd64 libboost-fiber1.83-dev amd64 1.83.0-2.1ubuntu3.2 [268 kB]
#13 23.67 Get:198 http://archive.ubuntu.com/ubuntu noble/universe amd64 libboost-fiber-dev amd64 1.83.0.1ubuntu2 [4486 B]
#13 23.67 Get:199 http://archive.ubuntu.com/ubuntu noble/universe amd64 libboost-filesystem-dev amd64 1.83.0.1ubuntu2 [4096 B]
#13 23.67 Get:200 http://archive.ubuntu.com/ubuntu noble-updates/universe amd64 libboost-graph1.83.0 amd64 1.83.0-2.1ubuntu3.2 [361 kB]
#13 23.68 Get:201 http://archive.ubuntu.com/ubuntu noble-updates/main amd64 libboost-regex1.83.0 amd64 1.83.0-2.1ubuntu3.2 [340 kB]
#13 23.81 Get:202 http://archive.ubuntu.com/ubuntu noble-updates/main amd64 libicu-dev amd64 74.2-1ubuntu3.1 [11.9 MB]
#13 24.73 Get:203 http://archive.ubuntu.com/ubuntu noble-updates/main amd64 libboost-regex1.83-dev amd64 1.83.0-2.1ubuntu3.2 [355 kB]
#13 24.74 Get:204 http://archive.ubuntu.com/ubuntu noble-updates/universe amd64 libboost-test1.83.0 amd64 1.83.0-2.1ubuntu3.2 [454 kB]
#13 24.76 Get:205 http://archive.ubuntu.com/ubuntu noble-updates/universe amd64 libboost-test1.83-dev amd64 1.83.0-2.1ubuntu3.2 [566 kB]
#13 24.78 Get:206 http://archive.ubuntu.com/ubuntu noble-updates/universe amd64 libboost-graph1.83-dev amd64 1.83.0-2.1ubuntu3.2 [399 kB]
#13 24.81 Get:207 http://archive.ubuntu.com/ubuntu noble/universe amd64 libboost-graph-dev amd64 1.83.0.1ubuntu2 [4160 B]
#13 24.81 Get:208 http://archive.ubuntu.com/ubuntu noble-updates/main amd64 libevent-core-2.1-7t64 amd64 2.1.12-stable-9ubuntu2.1 [91.8 kB]
#13 24.83 Get:209 http://archive.ubuntu.com/ubuntu noble-updates/main amd64 libevent-pthreads-2.1-7t64 amd64 2.1.12-stable-9ubuntu2.1 [7984 B]
#13 24.83 Get:210 http://archive.ubuntu.com/ubuntu noble/universe amd64 libpsm-infinipath1 amd64 3.3+20.604758e7-6.3build1 [178 kB]
#13 24.83 Get:211 http://archive.ubuntu.com/ubuntu noble/universe amd64 libpsm2-2 amd64 11.2.185-2build1 [194 kB]
#13 24.84 Get:212 http://archive.ubuntu.com/ubuntu noble-updates/main amd64 librdmacm1t64 amd64 50.0-2ubuntu0.2 [70.7 kB]
#13 24.85 Get:213 http://archive.ubuntu.com/ubuntu noble/universe amd64 libfabric1 amd64 1.17.0-3build2 [657 kB]
#13 24.88 Get:214 http://archive.ubuntu.com/ubuntu noble/universe amd64 libhwloc15 amd64 2.10.0-1build1 [172 kB]
#13 24.88 Get:215 http://archive.ubuntu.com/ubuntu noble-updates/universe amd64 libmunge2 amd64 0.5.15-4ubuntu0.1 [14.8 kB]
#13 24.89 Get:216 http://archive.ubuntu.com/ubuntu noble-updates/main amd64 libpciaccess0 amd64 0.17-3ubuntu0.24.04.2 [18.9 kB]
#13 24.90 Get:217 http://archive.ubuntu.com/ubuntu noble-updates/main amd64 libxnvctrl0 amd64 510.47.03-0ubuntu4.24.04.1 [12.7 kB]
#13 24.90 Get:218 http://archive.ubuntu.com/ubuntu noble/universe amd64 ocl-icd-libopencl1 amd64 2.3.2-1build1 [38.5 kB]
#13 24.90 Get:219 http://archive.ubuntu.com/ubuntu noble/universe amd64 libhwloc-plugins amd64 2.10.0-1build1 [15.7 kB]
#13 24.90 Get:220 http://archive.ubuntu.com/ubuntu noble/universe amd64 libpmix2t64 amd64 5.0.1-4.1build1 [697 kB]
#13 24.92 Get:221 http://archive.ubuntu.com/ubuntu noble/universe amd64 libucx0 amd64 1.16.0+ds-5ubuntu1 [1140 kB]
#13 25.05 Get:222 http://archive.ubuntu.com/ubuntu noble/universe amd64 libopenmpi3t64 amd64 4.1.6-7ubuntu2 [2563 kB]
#13 25.16 Get:223 http://archive.ubuntu.com/ubuntu noble-updates/universe amd64 libboost-mpi1.83.0 amd64 1.83.0-2.1ubuntu3.2 [271 kB]
#13 25.17 Get:224 http://archive.ubuntu.com/ubuntu noble-updates/universe amd64 libboost-graph-parallel1.83.0 amd64 1.83.0-2.1ubuntu3.2 [278 kB]
#13 25.17 Get:225 http://archive.ubuntu.com/ubuntu noble-updates/universe amd64 libboost-graph-parallel1.83-dev amd64 1.83.0-2.1ubuntu3.2 [288 kB]
#13 25.18 Get:226 http://archive.ubuntu.com/ubuntu noble/universe amd64 libboost-graph-parallel-dev amd64 1.83.0.1ubuntu2 [4192 B]
#13 25.18 Get:227 http://archive.ubuntu.com/ubuntu noble-updates/main amd64 libboost-iostreams1.83.0 amd64 1.83.0-2.1ubuntu3.2 [260 kB]
#13 25.18 Get:228 http://archive.ubuntu.com/ubuntu noble-updates/universe amd64 libboost-iostreams1.83-dev amd64 1.83.0-2.1ubuntu3.2 [264 kB]
#13 25.18 Get:229 http://archive.ubuntu.com/ubuntu noble/universe amd64 libboost-iostreams-dev amd64 1.83.0.1ubuntu2 [4046 B]
#13 25.18 Get:230 http://archive.ubuntu.com/ubuntu noble-updates/universe amd64 libboost-json1.83.0 amd64 1.83.0-2.1ubuntu3.2 [365 kB]
#13 25.19 Get:231 http://archive.ubuntu.com/ubuntu noble-updates/universe amd64 libboost-json1.83-dev amd64 1.83.0-2.1ubuntu3.2 [380 kB]
#13 25.22 Get:232 http://archive.ubuntu.com/ubuntu noble/universe amd64 libboost-json-dev amd64 1.83.0.1ubuntu2 [4172 B]
#13 25.24 Get:233 http://archive.ubuntu.com/ubuntu noble-updates/main amd64 libboost-locale1.83.0 amd64 1.83.0-2.1ubuntu3.2 [413 kB]
#13 25.26 Get:234 http://archive.ubuntu.com/ubuntu noble-updates/universe amd64 libboost-locale1.83-dev amd64 1.83.0-2.1ubuntu3.2 [582 kB]
#13 25.29 Get:235 http://archive.ubuntu.com/ubuntu noble/universe amd64 libboost-locale-dev amd64 1.83.0.1ubuntu2 [4378 B]
#13 25.29 Get:236 http://archive.ubuntu.com/ubuntu noble-updates/universe amd64 libboost-log1.83.0 amd64 1.83.0-2.1ubuntu3.2 [679 kB]
#13 25.31 Get:237 http://archive.ubuntu.com/ubuntu noble-updates/universe amd64 libboost-log1.83-dev amd64 1.83.0-2.1ubuntu3.2 [937 kB]
#13 25.34 Get:238 http://archive.ubuntu.com/ubuntu noble/universe amd64 libboost-log-dev amd64 1.83.0.1ubuntu2 [4260 B]
#13 25.34 Get:239 http://archive.ubuntu.com/ubuntu noble-updates/universe amd64 libboost-math1.83.0 amd64 1.83.0-2.1ubuntu3.2 [440 kB]
#13 25.36 Get:240 http://archive.ubuntu.com/ubuntu noble-updates/universe amd64 libboost-math1.83-dev amd64 1.83.0-2.1ubuntu3.2 [586 kB]
#13 25.47 Get:241 http://archive.ubuntu.com/ubuntu noble/universe amd64 libboost-math-dev amd64 1.83.0.1ubuntu2 [4264 B]
#13 25.47 Get:242 http://archive.ubuntu.com/ubuntu noble/universe amd64 openmpi-common all 4.1.6-7ubuntu2 [170 kB]
#13 25.47 Get:243 http://archive.ubuntu.com/ubuntu noble-updates/main amd64 libnl-3-dev amd64 3.7.0-0.3build1.1 [99.5 kB]
#13 25.47 Get:244 http://archive.ubuntu.com/ubuntu noble-updates/main amd64 libnl-route-3-dev amd64 3.7.0-0.3build1.1 [216 kB]
#13 25.48 Get:245 http://archive.ubuntu.com/ubuntu noble-updates/main amd64 libibverbs-dev amd64 50.0-2ubuntu0.2 [686 kB]
#13 25.49 Get:246 http://archive.ubuntu.com/ubuntu noble-updates/main amd64 libnuma-dev amd64 2.0.18-1ubuntu0.24.04.1 [37.0 kB]
#13 25.49 Get:247 http://archive.ubuntu.com/ubuntu noble/main amd64 libltdl7 amd64 2.4.7-7build1 [40.3 kB]
#13 25.49 Get:248 http://archive.ubuntu.com/ubuntu noble/main amd64 libltdl-dev amd64 2.4.7-7build1 [168 kB]
#13 25.49 Get:249 http://archive.ubuntu.com/ubuntu noble/universe amd64 libhwloc-dev amd64 2.10.0-1build1 [268 kB]
#13 25.52 Get:250 http://archive.ubuntu.com/ubuntu noble-updates/main amd64 libevent-2.1-7t64 amd64 2.1.12-stable-9ubuntu2.1 [146 kB]
#13 25.53 Get:251 http://archive.ubuntu.com/ubuntu noble-updates/main amd64 libevent-extra-2.1-7t64 amd64 2.1.12-stable-9ubuntu2.1 [64.6 kB]
#13 25.57 Get:252 http://archive.ubuntu.com/ubuntu noble-updates/main amd64 libevent-openssl-2.1-7t64 amd64 2.1.12-stable-9ubuntu2.1 [15.7 kB]
#13 25.57 Get:253 http://archive.ubuntu.com/ubuntu noble-updates/main amd64 libevent-dev amd64 2.1.12-stable-9ubuntu2.1 [274 kB]
#13 25.60 Get:254 http://archive.ubuntu.com/ubuntu noble/universe amd64 libpmix-dev amd64 5.0.1-4.1build1 [4018 kB]
#13 26.18 Get:255 http://archive.ubuntu.com/ubuntu noble/main amd64 libjs-jquery all 3.6.1+dfsg+~3.5.14-1 [328 kB]
#13 26.20 Get:256 http://archive.ubuntu.com/ubuntu noble/universe amd64 libjs-jquery-ui all 1.13.2+dfsg-1 [252 kB]
#13 26.20 Get:257 http://archive.ubuntu.com/ubuntu noble/universe amd64 openmpi-bin amd64 4.1.6-7ubuntu2 [114 kB]
#13 26.20 Get:258 http://archive.ubuntu.com/ubuntu noble/universe amd64 libopenmpi-dev amd64 4.1.6-7ubuntu2 [864 kB]
#13 26.21 Get:259 http://archive.ubuntu.com/ubuntu noble/universe amd64 mpi-default-dev amd64 1.15build1 [3154 B]
#13 26.21 Get:260 http://archive.ubuntu.com/ubuntu noble-updates/universe amd64 libboost-mpi1.83-dev amd64 1.83.0-2.1ubuntu3.2 [296 kB]
#13 26.22 Get:261 http://archive.ubuntu.com/ubuntu noble/universe amd64 libboost-mpi-dev amd64 1.83.0.1ubuntu2 [4144 B]
#13 26.22 Get:262 http://archive.ubuntu.com/ubuntu noble-updates/main amd64 libboost-python1.83.0 amd64 1.83.0-2.1ubuntu3.2 [312 kB]
#13 26.22 Get:263 http://archive.ubuntu.com/ubuntu noble/universe amd64 mpi-default-bin amd64 1.15build1 [2376 B]
#13 26.25 Get:264 http://archive.ubuntu.com/ubuntu noble-updates/universe amd64 libboost-mpi-python1.83.0 amd64 1.83.0-2.1ubuntu3.2 [362 kB]
#13 26.28 Get:265 http://archive.ubuntu.com/ubuntu noble-updates/universe amd64 libboost-mpi-python1.83-dev amd64 1.83.0-2.1ubuntu3.2 [237 kB]
#13 26.29 Get:266 http://archive.ubuntu.com/ubuntu noble/universe amd64 libboost-mpi-python-dev amd64 1.83.0.1ubuntu2 [4196 B]
#13 ...

#15 [ac-client-data-init client-data 2/3] RUN userdel --remove ubuntu   && addgroup --gid "1000" "acore"   && adduser --disabled-password --gecos '' --uid "1000" --gid "1000" "acore"   && passwd -d "acore"   && chown -R "acore:acore" /azerothcore
#15 1.123 userdel: ubuntu mail spool (/var/mail/ubuntu) not found
#15 1.643 info: Adding group `acore' (GID 1000) ...
#15 1.990 info: Adding user `acore' ...
#15 1.993 info: Adding new user `acore' (1000) with group `acore (1000)' ...
#15 2.462 info: Creating home directory `/home/acore' ...
#15 2.467 info: Copying files from `/etc/skel' ...
#15 2.638 info: Adding new user `acore' to supplemental / extra groups `users' ...
#15 2.643 info: Adding user `acore' to group `users' ...
#15 2.890 passwd: password changed.
#15 DONE 3.3s

#13 [ac-db-import build 1/8] RUN apt-get update                                                         && apt-get install -y --no-install-recommends                                 build-essential ccache libtool cmake-data ninja-build cmake clang            git lsb-base curl unzip default-mysql-client openssl                          default-libmysqlclient-dev libboost-all-dev libssl-dev libmysql++-dev         libreadline-dev zlib1g-dev libbz2-dev libncurses5-dev liblzma-dev      && rm -rf /var/lib/apt/lists/*
#13 26.29 Get:267 http://archive.ubuntu.com/ubuntu noble-updates/universe amd64 libboost-numpy1.83.0 amd64 1.83.0-2.1ubuntu3.2 [242 kB]
#13 26.44 Get:268 http://archive.ubuntu.com/ubuntu noble-updates/universe amd64 libboost-numpy1.83-dev amd64 1.83.0-2.1ubuntu3.2 [247 kB]
#13 26.46 Get:269 http://archive.ubuntu.com/ubuntu noble/universe amd64 libboost-numpy-dev amd64 1.83.0.1ubuntu2 [4100 B]
#13 26.46 Get:270 http://archive.ubuntu.com/ubuntu noble-updates/main amd64 libboost-program-options1.83.0 amd64 1.83.0-2.1ubuntu3.2 [321 kB]
#13 26.48 Get:271 http://archive.ubuntu.com/ubuntu noble-updates/main amd64 libboost-program-options1.83-dev amd64 1.83.0-2.1ubuntu3.2 [388 kB]
#13 26.52 Get:272 http://archive.ubuntu.com/ubuntu noble/main amd64 libboost-program-options-dev amd64 1.83.0.1ubuntu2 [4086 B]
#13 26.52 Get:273 http://archive.ubuntu.com/ubuntu noble-updates/main amd64 libpython3.12t64 amd64 3.12.3-1ubuntu0.16 [2339 kB]
#13 ...

#16 [ac-client-data-init client-data 3/3] COPY --chown=acore:acore apps apps
#16 DONE 0.6s

#13 [ac-db-import build 1/8] RUN apt-get update                                                         && apt-get install -y --no-install-recommends                                 build-essential ccache libtool cmake-data ninja-build cmake clang            git lsb-base curl unzip default-mysql-client openssl                          default-libmysqlclient-dev libboost-all-dev libssl-dev libmysql++-dev         libreadline-dev zlib1g-dev libbz2-dev libncurses5-dev liblzma-dev      && rm -rf /var/lib/apt/lists/*
#13 26.94 Get:274 http://archive.ubuntu.com/ubuntu noble-updates/main amd64 libexpat1-dev amd64 2.6.1-2ubuntu0.4 [140 kB]
#13 26.94 Get:275 http://archive.ubuntu.com/ubuntu noble-updates/main amd64 libpython3.12-dev amd64 3.12.3-1ubuntu0.16 [5683 kB]
#13 27.23 Get:276 http://archive.ubuntu.com/ubuntu noble-updates/main amd64 libpython3-dev amd64 3.12.3-0ubuntu2.1 [10.3 kB]
#13 27.23 Get:277 http://archive.ubuntu.com/ubuntu noble-updates/main amd64 python3.12-dev amd64 3.12.3-1ubuntu0.16 [498 kB]
#13 27.28 Get:278 http://archive.ubuntu.com/ubuntu noble/main amd64 libjs-underscore all 1.13.4~dfsg+~1.11.4-3 [118 kB]
#13 27.28 Get:279 http://archive.ubuntu.com/ubuntu noble/main amd64 libjs-sphinxdoc all 7.2.6-6 [149 kB]
#13 27.29 Get:280 http://archive.ubuntu.com/ubuntu noble-updates/main amd64 python3-dev amd64 3.12.3-0ubuntu2.1 [26.7 kB]
#13 27.29 Get:281 http://archive.ubuntu.com/ubuntu noble-updates/universe amd64 libboost-python1.83-dev amd64 1.83.0-2.1ubuntu3.2 [337 kB]
#13 27.32 Get:282 http://archive.ubuntu.com/ubuntu noble/universe amd64 libboost-python-dev amd64 1.83.0.1ubuntu2 [4344 B]
#13 27.32 Get:283 http://archive.ubuntu.com/ubuntu noble-updates/universe amd64 libboost-random1.83.0 amd64 1.83.0-2.1ubuntu3.2 [242 kB]
#13 27.33 Get:284 http://archive.ubuntu.com/ubuntu noble-updates/universe amd64 libboost-random1.83-dev amd64 1.83.0-2.1ubuntu3.2 [241 kB]
#13 27.35 Get:285 http://archive.ubuntu.com/ubuntu noble/universe amd64 libboost-random-dev amd64 1.83.0.1ubuntu2 [4062 B]
#13 27.35 Get:286 http://archive.ubuntu.com/ubuntu noble/main amd64 libboost-regex-dev amd64 1.83.0.1ubuntu2 [4324 B]
#13 27.35 Get:287 http://archive.ubuntu.com/ubuntu noble/universe amd64 libboost-serialization-dev amd64 1.83.0.1ubuntu2 [4280 B]
#13 27.35 Get:288 http://archive.ubuntu.com/ubuntu noble-updates/universe amd64 libboost-stacktrace1.83.0 amd64 1.83.0-2.1ubuntu3.2 [290 kB]
#13 27.37 Get:289 http://archive.ubuntu.com/ubuntu noble-updates/universe amd64 libboost-stacktrace1.83-dev amd64 1.83.0-2.1ubuntu3.2 [247 kB]
#13 27.39 Get:290 http://archive.ubuntu.com/ubuntu noble/universe amd64 libboost-stacktrace-dev amd64 1.83.0.1ubuntu2 [4068 B]
#13 27.40 Get:291 http://archive.ubuntu.com/ubuntu noble/universe amd64 libboost-system-dev amd64 1.83.0.1ubuntu2 [4206 B]
#13 27.40 Get:292 http://archive.ubuntu.com/ubuntu noble/universe amd64 libboost-test-dev amd64 1.83.0.1ubuntu2 [4090 B]
#13 27.40 Get:293 http://archive.ubuntu.com/ubuntu noble/main amd64 libboost-thread-dev amd64 1.83.0.1ubuntu2 [4088 B]
#13 27.45 Get:294 http://archive.ubuntu.com/ubuntu noble-updates/universe amd64 libboost-timer1.83.0 amd64 1.83.0-2.1ubuntu3.2 [241 kB]
#13 27.47 Get:295 http://archive.ubuntu.com/ubuntu noble-updates/universe amd64 libboost-timer1.83-dev amd64 1.83.0-2.1ubuntu3.2 [237 kB]
#13 27.48 Get:296 http://archive.ubuntu.com/ubuntu noble/universe amd64 libboost-timer-dev amd64 1.83.0.1ubuntu2 [4190 B]
#13 27.48 Get:297 http://archive.ubuntu.com/ubuntu noble-updates/universe amd64 libboost-type-erasure1.83.0 amd64 1.83.0-2.1ubuntu3.2 [246 kB]
#13 27.51 Get:298 http://archive.ubuntu.com/ubuntu noble-updates/universe amd64 libboost-type-erasure1.83-dev amd64 1.83.0-2.1ubuntu3.2 [250 kB]
#13 27.54 Get:299 http://archive.ubuntu.com/ubuntu noble/universe amd64 libboost-type-erasure-dev amd64 1.83.0.1ubuntu2 [4162 B]
#13 27.54 Get:300 http://archive.ubuntu.com/ubuntu noble-updates/main amd64 libboost-url1.83.0 amd64 1.83.0-2.1ubuntu3.2 [343 kB]
#13 27.54 Get:301 http://archive.ubuntu.com/ubuntu noble-updates/universe amd64 libboost-url1.83-dev amd64 1.83.0-2.1ubuntu3.2 [444 kB]
#13 27.57 Get:302 http://archive.ubuntu.com/ubuntu noble/universe amd64 libboost-url-dev amd64 1.83.0.1ubuntu2 [4192 B]
#13 27.68 Get:303 http://archive.ubuntu.com/ubuntu noble-updates/universe amd64 libboost-wave1.83.0 amd64 1.83.0-2.1ubuntu3.2 [454 kB]
#13 28.03 Get:304 http://archive.ubuntu.com/ubuntu noble-updates/universe amd64 libboost-wave1.83-dev amd64 1.83.0-2.1ubuntu3.2 [499 kB]
#13 28.08 Get:305 http://archive.ubuntu.com/ubuntu noble/universe amd64 libboost-wave-dev amd64 1.83.0.1ubuntu2 [4096 B]
#13 28.08 Get:306 http://archive.ubuntu.com/ubuntu noble-updates/universe amd64 libboost-nowide1.83.0 amd64 1.83.0-2.1ubuntu3.2 [240 kB]
#13 28.10 Get:307 http://archive.ubuntu.com/ubuntu noble-updates/universe amd64 libboost-nowide1.83-dev amd64 1.83.0-2.1ubuntu3.2 [236 kB]
#13 28.12 Get:308 http://archive.ubuntu.com/ubuntu noble/universe amd64 libboost-nowide-dev amd64 1.83.0.1ubuntu2 [4136 B]
#13 28.12 Get:309 http://archive.ubuntu.com/ubuntu noble/universe amd64 libboost-all-dev amd64 1.83.0.1ubuntu2 [2286 B]
#13 28.12 Get:310 http://archive.ubuntu.com/ubuntu noble-updates/main amd64 libbz2-dev amd64 1.0.8-5.1ubuntu0.1 [33.6 kB]
#13 28.12 Get:311 http://archive.ubuntu.com/ubuntu noble/universe amd64 libmysql++3t64 amd64 3.2.5-2.3 [102 kB]
#13 28.13 Get:312 http://archive.ubuntu.com/ubuntu noble/universe amd64 libmysql++-dev amd64 3.2.5-2.3 [96.3 kB]
#13 ...

#12 [ac-worldserver runtime 1/4] RUN apt-get update     && apt-get install -y --no-install-recommends       libmysqlclient21 libreadline8 libicu74 libncurses5-dev       gettext-base default-mysql-client       adduser     && rm -rf /var/lib/apt/lists/*
#12 26.42 Setting up libbsd0:amd64 (0.12.1-1build1.1) ...
#12 26.57 Setting up readline-common (8.2-4build1) ...
#12 26.69 Setting up libedit2:amd64 (3.1-20230828-1build1) ...
#12 26.87 Setting up libreadline8t64:amd64 (8.2-4build1) ...
#12 26.99 Setting up libc6-dev:amd64 (2.39-0ubuntu8.8) ...
#12 27.12 Setting up mysql-client-core-8.0 (8.0.46-0ubuntu0.24.04.4) ...
#12 27.26 Setting up libncurses-dev:amd64 (6.4+20240113-1ubuntu2.2) ...
#12 27.38 Setting up mysql-client-8.0 (8.0.46-0ubuntu0.24.04.4) ...
#12 27.57 Setting up default-mysql-client (1.1.0build1) ...
#12 27.71 Processing triggers for libc-bin (2.39-0ubuntu8.8) ...
#12 DONE 28.2s

#13 [ac-db-import build 1/8] RUN apt-get update                                                         && apt-get install -y --no-install-recommends                                 build-essential ccache libtool cmake-data ninja-build cmake clang            git lsb-base curl unzip default-mysql-client openssl                          default-libmysqlclient-dev libboost-all-dev libssl-dev libmysql++-dev         libreadline-dev zlib1g-dev libbz2-dev libncurses5-dev liblzma-dev      && rm -rf /var/lib/apt/lists/*
#13 28.13 Get:313 http://archive.ubuntu.com/ubuntu noble-updates/main amd64 libncurses-dev amd64 6.4+20240113-1ubuntu2.2 [384 kB]
#13 28.15 Get:314 http://archive.ubuntu.com/ubuntu noble/main amd64 libreadline-dev amd64 8.2-4build1 [167 kB]
#13 28.15 Get:315 http://archive.ubuntu.com/ubuntu noble/main amd64 libtool all 2.4.7-7build1 [166 kB]
#13 28.19 Get:316 http://archive.ubuntu.com/ubuntu noble/main amd64 lsb-base all 11.6 [4606 B]
#13 28.19 Get:317 http://archive.ubuntu.com/ubuntu noble/universe amd64 ninja-build amd64 1.11.1-2 [129 kB]
#13 28.19 Get:318 http://archive.ubuntu.com/ubuntu noble-updates/main amd64 unzip amd64 6.0-28ubuntu4.1 [174 kB]
#13 28.20 Get:319 http://archive.ubuntu.com/ubuntu noble-updates/main amd64 liblzma-dev amd64 5.6.1+really5.4.5-1ubuntu0.3 [176 kB]
#13 28.56 debconf: delaying package configuration, since apt-utils is not installed
#13 28.64 Fetched 321 MB in 18s (18.2 MB/s)
#13 28.73 (Reading database ... 
(Reading database ... 5%
(Reading database ... 10%
(Reading database ... 15%
(Reading database ... 20%
(Reading database ... 25%
(Reading database ... 30%
(Reading database ... 35%
(Reading database ... 40%
(Reading database ... 45%
(Reading database ... 50%
(Reading database ... 55%
(Reading database ... 60%
(Reading database ... 65%
(Reading database ... 70%
(Reading database ... 75%
(Reading database ... 80%
(Reading database ... 85%
(Reading database ... 90%
(Reading database ... 95%
(Reading database ... 100%
(Reading database ... 5366 files and directories currently installed.)
#13 28.73 Preparing to unpack .../ncurses-bin_6.4+20240113-1ubuntu2.2_amd64.deb ...
#13 28.87 Unpacking ncurses-bin (6.4+20240113-1ubuntu2.2) over (6.4+20240113-1ubuntu2.1) ...
#13 29.32 Setting up ncurses-bin (6.4+20240113-1ubuntu2.2) ...
#13 29.66 (Reading database ... 
(Reading database ... 5%
(Reading database ... 10%
(Reading database ... 15%
(Reading database ... 20%
(Reading database ... 25%
(Reading database ... 30%
(Reading database ... 35%
(Reading database ... 40%
(Reading database ... 45%
(Reading database ... 50%
(Reading database ... 55%
(Reading database ... 60%
(Reading database ... 65%
(Reading database ... 70%
(Reading database ... 75%
(Reading database ... 80%
(Reading database ... 85%
(Reading database ... 90%
(Reading database ... 95%
(Reading database ... 100%
(Reading database ... 5366 files and directories currently installed.)
#13 29.67 Preparing to unpack .../perl-base_5.38.2-3.2ubuntu0.4_amd64.deb ...
#13 29.82 Unpacking perl-base (5.38.2-3.2ubuntu0.4) over (5.38.2-3.2ubuntu0.3) ...
#13 ...

#17 [ac-client-data-init] exporting to image
#17 exporting layers 2.2s done
#17 exporting manifest sha256:dd7ecd0592a0fe812f0dc59f6a2571b8abbc6bdaf935f95099a9adfb299c5a4a 0.1s done
#17 exporting config sha256:dd180e336d0dadc25f3ebcee0540673e5d0f3fbf2a7a1a9f8ddd826e4bdeade7 0.1s done
#17 exporting attestation manifest sha256:09b3967747b50faaa77c3aa0733d403e1d4774576a49954bc35d38e5c1eef7e8 0.2s done
#17 exporting manifest list sha256:312f8d46e048a2054750156c0238ae0854d91b0ceec1232378b9bb375a610888 0.1s done
#17 naming to yulon.local/ac-wotlk-client-data:native-243c46e3 0.0s done
#17 unpacking to yulon.local/ac-wotlk-client-data:native-243c46e3 1.1s done
#17 DONE 4.0s

#13 [ac-db-import build 1/8] RUN apt-get update                                                         && apt-get install -y --no-install-recommends                                 build-essential ccache libtool cmake-data ninja-build cmake clang            git lsb-base curl unzip default-mysql-client openssl                          default-libmysqlclient-dev libboost-all-dev libssl-dev libmysql++-dev         libreadline-dev zlib1g-dev libbz2-dev libncurses5-dev liblzma-dev      && rm -rf /var/lib/apt/lists/*
#13 ...

#18 [ac-client-data-init] resolving provenance for metadata file
#18 DONE 0.0s

#13 [ac-db-import build 1/8] RUN apt-get update                                                         && apt-get install -y --no-install-recommends                                 build-essential ccache libtool cmake-data ninja-build cmake clang            git lsb-base curl unzip default-mysql-client openssl                          default-libmysqlclient-dev libboost-all-dev libssl-dev libmysql++-dev         libreadline-dev zlib1g-dev libbz2-dev libncurses5-dev liblzma-dev      && rm -rf /var/lib/apt/lists/*
#13 42.64 Setting up perl-base (5.38.2-3.2ubuntu0.4) ...
#13 42.99 (Reading database ... 
(Reading database ... 5%
(Reading database ... 10%
(Reading database ... 15%
(Reading database ... 20%
(Reading database ... 25%
(Reading database ... 30%
(Reading database ... 35%
(Reading database ... 40%
(Reading database ... 45%
(Reading database ... 50%
(Reading database ... 55%
(Reading database ... 60%
(Reading database ... 65%
(Reading database ... 70%
(Reading database ... 75%
(Reading database ... 80%
(Reading database ... 85%
(Reading database ... 90%
(Reading database ... 95%
(Reading database ... 100%
(Reading database ... 5366 files and directories currently installed.)
#13 42.99 Preparing to unpack .../ncurses-base_6.4+20240113-1ubuntu2.2_all.deb ...
#13 43.10 Unpacking ncurses-base (6.4+20240113-1ubuntu2.2) over (6.4+20240113-1ubuntu2.1) ...
#13 44.03 Setting up ncurses-base (6.4+20240113-1ubuntu2.2) ...
#13 44.27 Selecting previously unselected package libpython3.12-minimal:amd64.
#13 44.27 (Reading database ... 
(Reading database ... 5%
(Reading database ... 10%
(Reading database ... 15%
(Reading database ... 20%
(Reading database ... 25%
(Reading database ... 30%
(Reading database ... 35%
(Reading database ... 40%
(Reading database ... 45%
(Reading database ... 50%
(Reading database ... 55%
(Reading database ... 60%
(Reading database ... 65%
(Reading database ... 70%
(Reading database ... 75%
(Reading database ... 80%
(Reading database ... 85%
(Reading database ... 90%
(Reading database ... 95%
(Reading database ... 100%
(Reading database ... 5366 files and directories currently installed.)
#13 44.27 Preparing to unpack .../libpython3.12-minimal_3.12.3-1ubuntu0.16_amd64.deb ...
#13 44.30 Unpacking libpython3.12-minimal:amd64 (3.12.3-1ubuntu0.16) ...
#13 44.56 Selecting previously unselected package libexpat1:amd64.
#13 44.57 Preparing to unpack .../libexpat1_2.6.1-2ubuntu0.4_amd64.deb ...
#13 44.62 Unpacking libexpat1:amd64 (2.6.1-2ubuntu0.4) ...
#13 44.78 Preparing to unpack .../zlib1g_1%3a1.3.dfsg-3.1ubuntu2.2_amd64.deb ...
#13 44.84 Unpacking zlib1g:amd64 (1:1.3.dfsg-3.1ubuntu2.2) over (1:1.3.dfsg-3.1ubuntu2.1) ...
#13 45.02 Setting up zlib1g:amd64 (1:1.3.dfsg-3.1ubuntu2.2) ...
#13 45.22 Selecting previously unselected package python3.12-minimal.
#13 45.22 (Reading database ... 
(Reading database ... 5%
(Reading database ... 10%
(Reading database ... 15%
(Reading database ... 20%
(Reading database ... 25%
(Reading database ... 30%
(Reading database ... 35%
(Reading database ... 40%
(Reading database ... 45%
(Reading database ... 50%
(Reading database ... 55%
(Reading database ... 60%
(Reading database ... 65%
(Reading database ... 70%
(Reading database ... 75%
(Reading database ... 80%
(Reading database ... 85%
(Reading database ... 90%
(Reading database ... 95%
(Reading database ... 100%
(Reading database ... 5674 files and directories currently installed.)
#13 45.23 Preparing to unpack .../python3.12-minimal_3.12.3-1ubuntu0.16_amd64.deb ...
#13 45.26 Unpacking python3.12-minimal (3.12.3-1ubuntu0.16) ...
#13 45.44 Setting up libpython3.12-minimal:amd64 (3.12.3-1ubuntu0.16) ...
#13 45.53 Setting up libexpat1:amd64 (2.6.1-2ubuntu0.4) ...
#13 45.59 Setting up python3.12-minimal (3.12.3-1ubuntu0.16) ...
#13 46.94 Selecting previously unselected package python3-minimal.
#13 46.94 (Reading database ... 
(Reading database ... 5%
(Reading database ... 10%
(Reading database ... 15%
(Reading database ... 20%
(Reading database ... 25%
(Reading database ... 30%
(Reading database ... 35%
(Reading database ... 40%
(Reading database ... 45%
(Reading database ... 50%
(Reading database ... 55%
(Reading database ... 60%
(Reading database ... 65%
(Reading database ... 70%
(Reading database ... 75%
(Reading database ... 80%
(Reading database ... 85%
(Reading database ... 90%
(Reading database ... 95%
(Reading database ... 100%
(Reading database ... 5685 files and directories currently installed.)
#13 46.95 Preparing to unpack .../python3-minimal_3.12.3-0ubuntu2.1_amd64.deb ...
#13 46.97 Unpacking python3-minimal (3.12.3-0ubuntu2.1) ...
#13 47.09 Selecting previously unselected package media-types.
#13 47.09 Preparing to unpack .../media-types_10.1.0_all.deb ...
#13 47.11 Unpacking media-types (10.1.0) ...
#13 47.25 Selecting previously unselected package netbase.
#13 47.25 Preparing to unpack .../archives/netbase_6.4_all.deb ...
#13 47.27 Unpacking netbase (6.4) ...
#13 47.40 Preparing to unpack .../libbz2-1.0_1.0.8-5.1ubuntu0.1_amd64.deb ...
#13 47.46 Unpacking libbz2-1.0:amd64 (1.0.8-5.1ubuntu0.1) over (1.0.8-5.1build0.1) ...
#13 47.64 Setting up libbz2-1.0:amd64 (1.0.8-5.1ubuntu0.1) ...
#13 47.81 (Reading database ... 
(Reading database ... 5%
(Reading database ... 10%
(Reading database ... 15%
(Reading database ... 20%
(Reading database ... 25%
(Reading database ... 30%
(Reading database ... 35%
(Reading database ... 40%
(Reading database ... 45%
(Reading database ... 50%
(Reading database ... 55%
(Reading database ... 60%
(Reading database ... 65%
(Reading database ... 70%
(Reading database ... 75%
(Reading database ... 80%
(Reading database ... 85%
(Reading database ... 90%
(Reading database ... 95%
(Reading database ... 100%
(Reading database ... 5719 files and directories currently installed.)
#13 47.81 Preparing to unpack .../libncursesw6_6.4+20240113-1ubuntu2.2_amd64.deb ...
#13 47.87 Unpacking libncursesw6:amd64 (6.4+20240113-1ubuntu2.2) over (6.4+20240113-1ubuntu2.1) ...
#13 48.09 Preparing to unpack .../libtinfo6_6.4+20240113-1ubuntu2.2_amd64.deb ...
#13 48.15 Unpacking libtinfo6:amd64 (6.4+20240113-1ubuntu2.2) over (6.4+20240113-1ubuntu2.1) ...
#13 48.34 Setting up libtinfo6:amd64 (6.4+20240113-1ubuntu2.2) ...
#13 48.51 Selecting previously unselected package readline-common.
#13 48.51 (Reading database ... 
(Reading database ... 5%
(Reading database ... 10%
(Reading database ... 15%
(Reading database ... 20%
(Reading database ... 25%
(Reading database ... 30%
(Reading database ... 35%
(Reading database ... 40%
(Reading database ... 45%
(Reading database ... 50%
(Reading database ... 55%
(Reading database ... 60%
(Reading database ... 65%
(Reading database ... 70%
(Reading database ... 75%
(Reading database ... 80%
(Reading database ... 85%
(Reading database ... 90%
(Reading database ... 95%
(Reading database ... 100%
(Reading database ... 5719 files and directories currently installed.)
#13 48.52 Preparing to unpack .../0-readline-common_8.2-4build1_all.deb ...
#13 48.53 Unpacking readline-common (8.2-4build1) ...
#13 48.70 Selecting previously unselected package libreadline8t64:amd64.
#13 48.70 Preparing to unpack .../1-libreadline8t64_8.2-4build1_amd64.deb ...
#13 48.73 Adding 'diversion of /lib/x86_64-linux-gnu/libhistory.so.8 to /lib/x86_64-linux-gnu/libhistory.so.8.usr-is-merged by libreadline8t64'
#13 48.75 Adding 'diversion of /lib/x86_64-linux-gnu/libhistory.so.8.2 to /lib/x86_64-linux-gnu/libhistory.so.8.2.usr-is-merged by libreadline8t64'
#13 48.76 Adding 'diversion of /lib/x86_64-linux-gnu/libreadline.so.8 to /lib/x86_64-linux-gnu/libreadline.so.8.usr-is-merged by libreadline8t64'
#13 48.78 Adding 'diversion of /lib/x86_64-linux-gnu/libreadline.so.8.2 to /lib/x86_64-linux-gnu/libreadline.so.8.2.usr-is-merged by libreadline8t64'
#13 48.79 Unpacking libreadline8t64:amd64 (8.2-4build1) ...
#13 48.94 Selecting previously unselected package libsqlite3-0:amd64.
#13 48.94 Preparing to unpack .../2-libsqlite3-0_3.45.1-1ubuntu2.7_amd64.deb ...
#13 48.96 Unpacking libsqlite3-0:amd64 (3.45.1-1ubuntu2.7) ...
#13 49.08 Selecting previously unselected package libpython3.12-stdlib:amd64.
#13 49.08 Preparing to unpack .../3-libpython3.12-stdlib_3.12.3-1ubuntu0.16_amd64.deb ...
#13 49.10 Unpacking libpython3.12-stdlib:amd64 (3.12.3-1ubuntu0.16) ...
#13 49.40 Selecting previously unselected package python3.12.
#13 49.40 Preparing to unpack .../4-python3.12_3.12.3-1ubuntu0.16_amd64.deb ...
#13 49.42 Unpacking python3.12 (3.12.3-1ubuntu0.16) ...
#13 49.54 Selecting previously unselected package libpython3-stdlib:amd64.
#13 49.54 Preparing to unpack .../5-libpython3-stdlib_3.12.3-0ubuntu2.1_amd64.deb ...
#13 49.56 Unpacking libpython3-stdlib:amd64 (3.12.3-0ubuntu2.1) ...
#13 49.68 Setting up python3-minimal (3.12.3-0ubuntu2.1) ...
#13 50.18 Selecting previously unselected package python3.
#13 50.18 (Reading database ... 
(Reading database ... 5%
(Reading database ... 10%
(Reading database ... 15%
(Reading database ... 20%
(Reading database ... 25%
(Reading database ... 30%
(Reading database ... 35%
(Reading database ... 40%
(Reading database ... 45%
(Reading database ... 50%
(Reading database ... 55%
(Reading database ... 60%
(Reading database ... 65%
(Reading database ... 70%
(Reading database ... 75%
(Reading database ... 80%
(Reading database ... 85%
(Reading database ... 90%
(Reading database ... 95%
(Reading database ... 100%
(Reading database ... 6162 files and directories currently installed.)
#13 50.19 Preparing to unpack .../0-python3_3.12.3-0ubuntu2.1_amd64.deb ...
#13 50.21 Unpacking python3 (3.12.3-0ubuntu2.1) ...
#13 50.31 Selecting previously unselected package perl-modules-5.38.
#13 50.31 Preparing to unpack .../1-perl-modules-5.38_5.38.2-3.2ubuntu0.4_all.deb ...
#13 50.33 Unpacking perl-modules-5.38 (5.38.2-3.2ubuntu0.4) ...
#13 50.81 Selecting previously unselected package libgdbm6t64:amd64.
#13 50.81 Preparing to unpack .../2-libgdbm6t64_1.23-5.1build1_amd64.deb ...
#13 50.83 Unpacking libgdbm6t64:amd64 (1.23-5.1build1) ...
#13 50.96 Selecting previously unselected package libgdbm-compat4t64:amd64.
#13 50.96 Preparing to unpack .../3-libgdbm-compat4t64_1.23-5.1build1_amd64.deb ...
#13 50.99 Unpacking libgdbm-compat4t64:amd64 (1.23-5.1build1) ...
#13 51.12 Selecting previously unselected package libperl5.38t64:amd64.
#13 51.13 Preparing to unpack .../4-libperl5.38t64_5.38.2-3.2ubuntu0.4_amd64.deb ...
#13 51.14 Unpacking libperl5.38t64:amd64 (5.38.2-3.2ubuntu0.4) ...
#13 51.58 Selecting previously unselected package perl.
#13 51.58 Preparing to unpack .../5-perl_5.38.2-3.2ubuntu0.4_amd64.deb ...
#13 51.61 Unpacking perl (5.38.2-3.2ubuntu0.4) ...
#13 51.75 Selecting previously unselected package adduser.
#13 51.75 Preparing to unpack .../6-adduser_3.137ubuntu1_all.deb ...
#13 51.78 Unpacking adduser (3.137ubuntu1) ...
#13 51.90 Setting up adduser (3.137ubuntu1) ...
#13 52.13 Selecting previously unselected package libbsd0:amd64.
#13 52.13 (Reading database ... 
(Reading database ... 5%
(Reading database ... 10%
(Reading database ... 15%
(Reading database ... 20%
(Reading database ... 25%
(Reading database ... 30%
(Reading database ... 35%
(Reading database ... 40%
(Reading database ... 45%
(Reading database ... 50%
(Reading database ... 55%
(Reading database ... 60%
(Reading database ... 65%
(Reading database ... 70%
(Reading database ... 75%
(Reading database ... 80%
(Reading database ... 85%
(Reading database ... 90%
(Reading database ... 95%
(Reading database ... 100%
(Reading database ... 8243 files and directories currently installed.)
#13 52.14 Preparing to unpack .../000-libbsd0_0.12.1-1build1.1_amd64.deb ...
#13 52.16 Unpacking libbsd0:amd64 (0.12.1-1build1.1) ...
#13 52.29 Selecting previously unselected package libelf1t64:amd64.
#13 52.29 Preparing to unpack .../001-libelf1t64_0.190-1.1ubuntu0.1_amd64.deb ...
#13 52.31 Unpacking libelf1t64:amd64 (0.190-1.1ubuntu0.1) ...
#13 52.46 Selecting previously unselected package libkrb5support0:amd64.
#13 52.46 Preparing to unpack .../002-libkrb5support0_1.20.1-6ubuntu2.8_amd64.deb ...
#13 52.48 Unpacking libkrb5support0:amd64 (1.20.1-6ubuntu2.8) ...
#13 52.62 Selecting previously unselected package libk5crypto3:amd64.
#13 52.62 Preparing to unpack .../003-libk5crypto3_1.20.1-6ubuntu2.8_amd64.deb ...
#13 52.64 Unpacking libk5crypto3:amd64 (1.20.1-6ubuntu2.8) ...
#13 52.77 Selecting previously unselected package libkeyutils1:amd64.
#13 52.77 Preparing to unpack .../004-libkeyutils1_1.6.3-3build1_amd64.deb ...
#13 52.79 Unpacking libkeyutils1:amd64 (1.6.3-3build1) ...
#13 52.93 Selecting previously unselected package libkrb5-3:amd64.
#13 52.93 Preparing to unpack .../005-libkrb5-3_1.20.1-6ubuntu2.8_amd64.deb ...
#13 52.95 Unpacking libkrb5-3:amd64 (1.20.1-6ubuntu2.8) ...
#13 53.12 Selecting previously unselected package libgssapi-krb5-2:amd64.
#13 53.12 Preparing to unpack .../006-libgssapi-krb5-2_1.20.1-6ubuntu2.8_amd64.deb ...
#13 53.15 Unpacking libgssapi-krb5-2:amd64 (1.20.1-6ubuntu2.8) ...
#13 53.32 Selecting previously unselected package libicu74:amd64.
#13 53.32 Preparing to unpack .../007-libicu74_74.2-1ubuntu3.1_amd64.deb ...
#13 53.34 Unpacking libicu74:amd64 (74.2-1ubuntu3.1) ...
#13 53.73 Selecting previously unselected package libxml2:amd64.
#13 53.73 Preparing to unpack .../008-libxml2_2.9.14+dfsg-1.3ubuntu3.8_amd64.deb ...
#13 53.76 Unpacking libxml2:amd64 (2.9.14+dfsg-1.3ubuntu3.8) ...
#13 53.88 Selecting previously unselected package libmagic-mgc.
#13 53.88 Preparing to unpack .../009-libmagic-mgc_1%3a5.45-3build1_amd64.deb ...
#13 53.91 Unpacking libmagic-mgc (1:5.45-3build1) ...
#13 54.10 Selecting previously unselected package libmagic1t64:amd64.
#13 54.10 Preparing to unpack .../010-libmagic1t64_1%3a5.45-3build1_amd64.deb ...
#13 54.12 Unpacking libmagic1t64:amd64 (1:5.45-3build1) ...
#13 54.25 Selecting previously unselected package file.
#13 54.26 Preparing to unpack .../011-file_1%3a5.45-3build1_amd64.deb ...
#13 54.27 Unpacking file (1:5.45-3build1) ...
#13 54.42 Selecting previously unselected package libnl-3-200:amd64.
#13 54.42 Preparing to unpack .../012-libnl-3-200_3.7.0-0.3build1.1_amd64.deb ...
#13 54.45 Unpacking libnl-3-200:amd64 (3.7.0-0.3build1.1) ...
#13 54.62 Selecting previously unselected package libnl-route-3-200:amd64.
#13 54.62 Preparing to unpack .../013-libnl-route-3-200_3.7.0-0.3build1.1_amd64.deb ...
#13 54.64 Unpacking libnl-route-3-200:amd64 (3.7.0-0.3build1.1) ...
#13 54.81 Selecting previously unselected package libibverbs1:amd64.
#13 54.81 Preparing to unpack .../014-libibverbs1_50.0-2ubuntu0.2_amd64.deb ...
#13 54.84 Unpacking libibverbs1:amd64 (50.0-2ubuntu0.2) ...
#13 55.05 Selecting previously unselected package ibverbs-providers:amd64.
#13 55.05 Preparing to unpack .../015-ibverbs-providers_50.0-2ubuntu0.2_amd64.deb ...
#13 55.09 Unpacking ibverbs-providers:amd64 (50.0-2ubuntu0.2) ...
#13 55.25 Selecting previously unselected package libcbor0.10:amd64.
#13 55.26 Preparing to unpack .../016-libcbor0.10_0.10.2-1.2ubuntu2_amd64.deb ...
#13 55.28 Unpacking libcbor0.10:amd64 (0.10.2-1.2ubuntu2) ...
#13 55.40 Selecting previously unselected package libdrm-common.
#13 55.40 Preparing to unpack .../017-libdrm-common_2.4.125-1ubuntu0.1~24.04.2_all.deb ...
#13 55.42 Unpacking libdrm-common (2.4.125-1ubuntu0.1~24.04.2) ...
#13 55.59 Selecting previously unselected package libdrm2:amd64.
#13 55.59 Preparing to unpack .../018-libdrm2_2.4.125-1ubuntu0.1~24.04.2_amd64.deb ...
#13 55.60 Unpacking libdrm2:amd64 (2.4.125-1ubuntu0.1~24.04.2) ...
#13 55.74 Selecting previously unselected package libedit2:amd64.
#13 55.74 Preparing to unpack .../019-libedit2_3.1-20230828-1build1_amd64.deb ...
#13 55.77 Unpacking libedit2:amd64 (3.1-20230828-1build1) ...
#13 55.94 Selecting previously unselected package libfido2-1:amd64.
#13 55.94 Preparing to unpack .../020-libfido2-1_1.14.0-1build3_amd64.deb ...
#13 55.97 Unpacking libfido2-1:amd64 (1.14.0-1build3) ...
#13 56.12 Selecting previously unselected package libjansson4:amd64.
#13 56.12 Preparing to unpack .../021-libjansson4_2.14-2build2_amd64.deb ...
#13 56.14 Unpacking libjansson4:amd64 (2.14-2build2) ...
#13 56.27 Selecting previously unselected package libncurses6:amd64.
#13 56.27 Preparing to unpack .../022-libncurses6_6.4+20240113-1ubuntu2.2_amd64.deb ...
#13 56.29 Unpacking libncurses6:amd64 (6.4+20240113-1ubuntu2.2) ...
#13 56.42 Selecting previously unselected package libnghttp2-14:amd64.
#13 56.43 Preparing to unpack .../023-libnghttp2-14_1.59.0-1ubuntu0.4_amd64.deb ...
#13 56.44 Unpacking libnghttp2-14:amd64 (1.59.0-1ubuntu0.4) ...
#13 56.58 Selecting previously unselected package libnuma1:amd64.
#13 56.58 Preparing to unpack .../024-libnuma1_2.0.18-1ubuntu0.24.04.1_amd64.deb ...
#13 56.60 Unpacking libnuma1:amd64 (2.0.18-1ubuntu0.24.04.1) ...
#13 56.77 Selecting previously unselected package libpsl5t64:amd64.
#13 56.77 Preparing to unpack .../025-libpsl5t64_0.21.2-1.1build1_amd64.deb ...
#13 56.80 Unpacking libpsl5t64:amd64 (0.21.2-1.1build1) ...
#13 56.97 Selecting previously unselected package libuv1t64:amd64.
#13 56.97 Preparing to unpack .../026-libuv1t64_1.48.0-1.1build1_amd64.deb ...
#13 56.99 Unpacking libuv1t64:amd64 (1.48.0-1.1build1) ...
#13 57.17 Selecting previously unselected package libxau6:amd64.
#13 57.17 Preparing to unpack .../027-libxau6_1%3a1.0.9-1build6_amd64.deb ...
#13 57.20 Unpacking libxau6:amd64 (1:1.0.9-1build6) ...
#13 57.36 Selecting previously unselected package libxdmcp6:amd64.
#13 57.36 Preparing to unpack .../028-libxdmcp6_1%3a1.1.3-0ubuntu6_amd64.deb ...
#13 57.39 Unpacking libxdmcp6:amd64 (1:1.1.3-0ubuntu6) ...
#13 57.56 Selecting previously unselected package libxcb1:amd64.
#13 57.56 Preparing to unpack .../029-libxcb1_1.15-1ubuntu2_amd64.deb ...
#13 57.58 Unpacking libxcb1:amd64 (1.15-1ubuntu2) ...
#13 57.72 Selecting previously unselected package libx11-data.
#13 57.72 Preparing to unpack .../030-libx11-data_2%3a1.8.7-1build1_all.deb ...
#13 57.75 Unpacking libx11-data (2:1.8.7-1build1) ...
#13 57.96 Selecting previously unselected package libx11-6:amd64.
#13 57.97 Preparing to unpack .../031-libx11-6_2%3a1.8.7-1build1_amd64.deb ...
#13 57.99 Unpacking libx11-6:amd64 (2:1.8.7-1build1) ...
#13 58.18 Selecting previously unselected package libxext6:amd64.
#13 58.18 Preparing to unpack .../032-libxext6_2%3a1.3.4-1build2_amd64.deb ...
#13 58.21 Unpacking libxext6:amd64 (2:1.3.4-1build2) ...
#13 58.42 Selecting previously unselected package openssh-client.
#13 58.42 Preparing to unpack .../033-openssh-client_1%3a9.6p1-3ubuntu13.19_amd64.deb ...
#13 58.45 Unpacking openssh-client (1:9.6p1-3ubuntu13.19) ...
#13 58.64 Selecting previously unselected package xz-utils.
#13 58.64 Preparing to unpack .../034-xz-utils_5.6.1+really5.4.5-1ubuntu0.3_amd64.deb ...
#13 58.67 Unpacking xz-utils (5.6.1+really5.4.5-1ubuntu0.3) ...
#13 58.81 Selecting previously unselected package m4.
#13 58.81 Preparing to unpack .../035-m4_1.4.19-4build1_amd64.deb ...
#13 58.84 Unpacking m4 (1.4.19-4build1) ...
#13 59.01 Selecting previously unselected package autoconf.
#13 59.01 Preparing to unpack .../036-autoconf_2.71-3_all.deb ...
#13 59.04 Unpacking autoconf (2.71-3) ...
#13 59.23 Selecting previously unselected package autotools-dev.
#13 59.23 Preparing to unpack .../037-autotools-dev_20220109.1_all.deb ...
#13 59.26 Unpacking autotools-dev (20220109.1) ...
#13 59.42 Selecting previously unselected package automake.
#13 59.43 Preparing to unpack .../038-automake_1%3a1.16.5-1.3ubuntu1_all.deb ...
#13 59.45 Unpacking automake (1:1.16.5-1.3ubuntu1) ...
#13 59.63 Selecting previously unselected package binutils-common:amd64.
#13 59.63 Preparing to unpack .../039-binutils-common_2.42-4ubuntu2.10_amd64.deb ...
#13 59.66 Unpacking binutils-common:amd64 (2.42-4ubuntu2.10) ...
#13 59.84 Selecting previously unselected package libsframe1:amd64.
#13 59.84 Preparing to unpack .../040-libsframe1_2.42-4ubuntu2.10_amd64.deb ...
#13 59.87 Unpacking libsframe1:amd64 (2.42-4ubuntu2.10) ...
#13 60.02 Selecting previously unselected package libbinutils:amd64.
#13 60.02 Preparing to unpack .../041-libbinutils_2.42-4ubuntu2.10_amd64.deb ...
#13 60.05 Unpacking libbinutils:amd64 (2.42-4ubuntu2.10) ...
#13 60.23 Selecting previously unselected package libctf-nobfd0:amd64.
#13 60.23 Preparing to unpack .../042-libctf-nobfd0_2.42-4ubuntu2.10_amd64.deb ...
#13 60.26 Unpacking libctf-nobfd0:amd64 (2.42-4ubuntu2.10) ...
#13 60.43 Selecting previously unselected package libctf0:amd64.
#13 60.43 Preparing to unpack .../043-libctf0_2.42-4ubuntu2.10_amd64.deb ...
#13 60.46 Unpacking libctf0:amd64 (2.42-4ubuntu2.10) ...
#13 60.64 Selecting previously unselected package libgprofng0:amd64.
#13 60.64 Preparing to unpack .../044-libgprofng0_2.42-4ubuntu2.10_amd64.deb ...
#13 60.68 Unpacking libgprofng0:amd64 (2.42-4ubuntu2.10) ...
#13 60.85 Selecting previously unselected package binutils-x86-64-linux-gnu.
#13 60.85 Preparing to unpack .../045-binutils-x86-64-linux-gnu_2.42-4ubuntu2.10_amd64.deb ...
#13 60.88 Unpacking binutils-x86-64-linux-gnu (2.42-4ubuntu2.10) ...
#13 61.11 Selecting previously unselected package binutils.
#13 61.12 Preparing to unpack .../046-binutils_2.42-4ubuntu2.10_amd64.deb ...
#13 61.14 Unpacking binutils (2.42-4ubuntu2.10) ...
#13 61.27 Selecting previously unselected package libc-dev-bin.
#13 61.28 Preparing to unpack .../047-libc-dev-bin_2.39-0ubuntu8.8_amd64.deb ...
#13 61.30 Unpacking libc-dev-bin (2.39-0ubuntu8.8) ...
#13 61.43 Selecting previously unselected package linux-libc-dev:amd64.
#13 61.43 Preparing to unpack .../048-linux-libc-dev_6.8.0-139.139_amd64.deb ...
#13 61.45 Unpacking linux-libc-dev:amd64 (6.8.0-139.139) ...
#13 61.88 Selecting previously unselected package libcrypt-dev:amd64.
#13 61.88 Preparing to unpack .../049-libcrypt-dev_1%3a4.4.36-4build1_amd64.deb ...
#13 61.91 Unpacking libcrypt-dev:amd64 (1:4.4.36-4build1) ...
#13 62.05 Selecting previously unselected package rpcsvc-proto.
#13 62.05 Preparing to unpack .../050-rpcsvc-proto_1.4.2-0ubuntu7_amd64.deb ...
#13 62.07 Unpacking rpcsvc-proto (1.4.2-0ubuntu7) ...
#13 62.21 Selecting previously unselected package libc6-dev:amd64.
#13 62.22 Preparing to unpack .../051-libc6-dev_2.39-0ubuntu8.8_amd64.deb ...
#13 62.24 Unpacking libc6-dev:amd64 (2.39-0ubuntu8.8) ...
#13 62.55 Selecting previously unselected package gcc-13-base:amd64.
#13 62.55 Preparing to unpack .../052-gcc-13-base_13.3.0-6ubuntu2~24.04.1_amd64.deb ...
#13 62.58 Unpacking gcc-13-base:amd64 (13.3.0-6ubuntu2~24.04.1) ...
#13 62.75 Selecting previously unselected package libisl23:amd64.
#13 62.75 Preparing to unpack .../053-libisl23_0.26-3build1.1_amd64.deb ...
#13 62.78 Unpacking libisl23:amd64 (0.26-3build1.1) ...
#13 62.97 Selecting previously unselected package libmpfr6:amd64.
#13 62.97 Preparing to unpack .../054-libmpfr6_4.2.1-1build1.1_amd64.deb ...
#13 62.99 Unpacking libmpfr6:amd64 (4.2.1-1build1.1) ...
#13 63.17 Selecting previously unselected package libmpc3:amd64.
#13 63.18 Preparing to unpack .../055-libmpc3_1.3.1-1build1.1_amd64.deb ...
#13 63.21 Unpacking libmpc3:amd64 (1.3.1-1build1.1) ...
#13 63.36 Selecting previously unselected package cpp-13-x86-64-linux-gnu.
#13 63.36 Preparing to unpack .../056-cpp-13-x86-64-linux-gnu_13.3.0-6ubuntu2~24.04.1_amd64.deb ...
#13 63.39 Unpacking cpp-13-x86-64-linux-gnu (13.3.0-6ubuntu2~24.04.1) ...
#13 63.74 Selecting previously unselected package cpp-13.
#13 63.74 Preparing to unpack .../057-cpp-13_13.3.0-6ubuntu2~24.04.1_amd64.deb ...
#13 63.77 Unpacking cpp-13 (13.3.0-6ubuntu2~24.04.1) ...
#13 63.90 Selecting previously unselected package cpp-x86-64-linux-gnu.
#13 63.90 Preparing to unpack .../058-cpp-x86-64-linux-gnu_4%3a13.2.0-7ubuntu1_amd64.deb ...
#13 63.92 Unpacking cpp-x86-64-linux-gnu (4:13.2.0-7ubuntu1) ...
#13 64.11 Selecting previously unselected package cpp.
#13 64.11 Preparing to unpack .../059-cpp_4%3a13.2.0-7ubuntu1_amd64.deb ...
#13 64.14 Unpacking cpp (4:13.2.0-7ubuntu1) ...
#13 64.31 Selecting previously unselected package libcc1-0:amd64.
#13 64.31 Preparing to unpack .../060-libcc1-0_14.2.0-4ubuntu2~24.04.1_amd64.deb ...
#13 64.34 Unpacking libcc1-0:amd64 (14.2.0-4ubuntu2~24.04.1) ...
#13 64.51 Selecting previously unselected package libgomp1:amd64.
#13 64.51 Preparing to unpack .../061-libgomp1_14.2.0-4ubuntu2~24.04.1_amd64.deb ...
#13 64.54 Unpacking libgomp1:amd64 (14.2.0-4ubuntu2~24.04.1) ...
#13 64.71 Selecting previously unselected package libitm1:amd64.
#13 64.71 Preparing to unpack .../062-libitm1_14.2.0-4ubuntu2~24.04.1_amd64.deb ...
#13 64.74 Unpacking libitm1:amd64 (14.2.0-4ubuntu2~24.04.1) ...
#13 64.91 Selecting previously unselected package libatomic1:amd64.
#13 64.91 Preparing to unpack .../063-libatomic1_14.2.0-4ubuntu2~24.04.1_amd64.deb ...
#13 64.93 Unpacking libatomic1:amd64 (14.2.0-4ubuntu2~24.04.1) ...
#13 65.11 Selecting previously unselected package libasan8:amd64.
#13 65.12 Preparing to unpack .../064-libasan8_14.2.0-4ubuntu2~24.04.1_amd64.deb ...
#13 65.14 Unpacking libasan8:amd64 (14.2.0-4ubuntu2~24.04.1) ...
#13 65.37 Selecting previously unselected package liblsan0:amd64.
#13 65.38 Preparing to unpack .../065-liblsan0_14.2.0-4ubuntu2~24.04.1_amd64.deb ...
#13 65.39 Unpacking liblsan0:amd64 (14.2.0-4ubuntu2~24.04.1) ...
#13 65.57 Selecting previously unselected package libtsan2:amd64.
#13 65.57 Preparing to unpack .../066-libtsan2_14.2.0-4ubuntu2~24.04.1_amd64.deb ...
#13 65.59 Unpacking libtsan2:amd64 (14.2.0-4ubuntu2~24.04.1) ...
#13 65.81 Selecting previously unselected package libubsan1:amd64.
#13 65.81 Preparing to unpack .../067-libubsan1_14.2.0-4ubuntu2~24.04.1_amd64.deb ...
#13 65.83 Unpacking libubsan1:amd64 (14.2.0-4ubuntu2~24.04.1) ...
#13 65.99 Selecting previously unselected package libhwasan0:amd64.
#13 66.00 Preparing to unpack .../068-libhwasan0_14.2.0-4ubuntu2~24.04.1_amd64.deb ...
#13 66.01 Unpacking libhwasan0:amd64 (14.2.0-4ubuntu2~24.04.1) ...
#13 66.20 Selecting previously unselected package libquadmath0:amd64.
#13 66.20 Preparing to unpack .../069-libquadmath0_14.2.0-4ubuntu2~24.04.1_amd64.deb ...
#13 66.22 Unpacking libquadmath0:amd64 (14.2.0-4ubuntu2~24.04.1) ...
#13 66.33 Selecting previously unselected package libgcc-13-dev:amd64.
#13 66.33 Preparing to unpack .../070-libgcc-13-dev_13.3.0-6ubuntu2~24.04.1_amd64.deb ...
#13 66.35 Unpacking libgcc-13-dev:amd64 (13.3.0-6ubuntu2~24.04.1) ...
#13 66.96 Selecting previously unselected package gcc-13-x86-64-linux-gnu.
#13 66.97 Preparing to unpack .../071-gcc-13-x86-64-linux-gnu_13.3.0-6ubuntu2~24.04.1_amd64.deb ...
#13 66.99 Unpacking gcc-13-x86-64-linux-gnu (13.3.0-6ubuntu2~24.04.1) ...
#13 67.52 Selecting previously unselected package gcc-13.
#13 67.52 Preparing to unpack .../072-gcc-13_13.3.0-6ubuntu2~24.04.1_amd64.deb ...
#13 67.54 Unpacking gcc-13 (13.3.0-6ubuntu2~24.04.1) ...
#13 67.65 Selecting previously unselected package gcc-x86-64-linux-gnu.
#13 67.65 Preparing to unpack .../073-gcc-x86-64-linux-gnu_4%3a13.2.0-7ubuntu1_amd64.deb ...
#13 67.67 Unpacking gcc-x86-64-linux-gnu (4:13.2.0-7ubuntu1) ...
#13 67.79 Selecting previously unselected package gcc.
#13 67.80 Preparing to unpack .../074-gcc_4%3a13.2.0-7ubuntu1_amd64.deb ...
#13 67.82 Unpacking gcc (4:13.2.0-7ubuntu1) ...
#13 67.92 Selecting previously unselected package libstdc++-13-dev:amd64.
#13 67.92 Preparing to unpack .../075-libstdc++-13-dev_13.3.0-6ubuntu2~24.04.1_amd64.deb ...
#13 67.94 Unpacking libstdc++-13-dev:amd64 (13.3.0-6ubuntu2~24.04.1) ...
#13 68.33 Selecting previously unselected package g++-13-x86-64-linux-gnu.
#13 68.33 Preparing to unpack .../076-g++-13-x86-64-linux-gnu_13.3.0-6ubuntu2~24.04.1_amd64.deb ...
#13 68.35 Unpacking g++-13-x86-64-linux-gnu (13.3.0-6ubuntu2~24.04.1) ...
#13 68.70 Selecting previously unselected package g++-13.
#13 68.70 Preparing to unpack .../077-g++-13_13.3.0-6ubuntu2~24.04.1_amd64.deb ...
#13 68.72 Unpacking g++-13 (13.3.0-6ubuntu2~24.04.1) ...
#13 68.82 Selecting previously unselected package g++-x86-64-linux-gnu.
#13 68.82 Preparing to unpack .../078-g++-x86-64-linux-gnu_4%3a13.2.0-7ubuntu1_amd64.deb ...
#13 68.85 Unpacking g++-x86-64-linux-gnu (4:13.2.0-7ubuntu1) ...
#13 68.97 Selecting previously unselected package g++.
#13 68.98 Preparing to unpack .../079-g++_4%3a13.2.0-7ubuntu1_amd64.deb ...
#13 68.99 Unpacking g++ (4:13.2.0-7ubuntu1) ...
#13 69.10 Selecting previously unselected package make.
#13 69.10 Preparing to unpack .../080-make_4.3-4.1build2_amd64.deb ...
#13 69.12 Unpacking make (4.3-4.1build2) ...
#13 69.23 Selecting previously unselected package libdpkg-perl.
#13 69.23 Preparing to unpack .../081-libdpkg-perl_1.22.6ubuntu6.6_all.deb ...
#13 69.25 Unpacking libdpkg-perl (1.22.6ubuntu6.6) ...
#13 69.39 Selecting previously unselected package bzip2.
#13 69.39 Preparing to unpack .../082-bzip2_1.0.8-5.1ubuntu0.1_amd64.deb ...
#13 69.41 Unpacking bzip2 (1.0.8-5.1ubuntu0.1) ...
#13 69.52 Selecting previously unselected package patch.
#13 69.52 Preparing to unpack .../083-patch_2.7.6-7build3_amd64.deb ...
#13 69.54 Unpacking patch (2.7.6-7build3) ...
#13 69.69 Selecting previously unselected package lto-disabled-list.
#13 69.69 Preparing to unpack .../084-lto-disabled-list_47_all.deb ...
#13 69.71 Unpacking lto-disabled-list (47) ...
#13 69.83 Selecting previously unselected package dpkg-dev.
#13 69.83 Preparing to unpack .../085-dpkg-dev_1.22.6ubuntu6.6_all.deb ...
#13 69.85 Unpacking dpkg-dev (1.22.6ubuntu6.6) ...
#13 70.00 Selecting previously unselected package build-essential.
#13 70.00 Preparing to unpack .../086-build-essential_12.10ubuntu1_amd64.deb ...
#13 70.02 Unpacking build-essential (12.10ubuntu1) ...
#13 70.15 Selecting previously unselected package libhiredis1.1.0:amd64.
#13 70.16 Preparing to unpack .../087-libhiredis1.1.0_1.2.0-6ubuntu3_amd64.deb ...
#13 70.18 Unpacking libhiredis1.1.0:amd64 (1.2.0-6ubuntu3) ...
#13 70.31 Selecting previously unselected package ccache.
#13 70.31 Preparing to unpack .../088-ccache_4.9.1-1_amd64.deb ...
#13 70.33 Unpacking ccache (4.9.1-1) ...
#13 70.50 Selecting previously unselected package libllvm18:amd64.
#13 70.50 Preparing to unpack .../089-libllvm18_1%3a18.1.3-1ubuntu1_amd64.deb ...
#13 70.52 Unpacking libllvm18:amd64 (1:18.1.3-1ubuntu1) ...
#13 71.35 Selecting previously unselected package libclang-cpp18.
#13 71.35 Preparing to unpack .../090-libclang-cpp18_1%3a18.1.3-1ubuntu1_amd64.deb ...
#13 71.37 Unpacking libclang-cpp18 (1:18.1.3-1ubuntu1) ...
#13 72.31 Selecting previously unselected package libgc1:amd64.
#13 72.32 Preparing to unpack .../091-libgc1_1%3a8.2.6-1build1_amd64.deb ...
#13 72.39 Unpacking libgc1:amd64 (1:8.2.6-1build1) ...
#13 72.63 Selecting previously unselected package libobjc4:amd64.
#13 72.63 Preparing to unpack .../092-libobjc4_14.2.0-4ubuntu2~24.04.1_amd64.deb ...
#13 72.66 Unpacking libobjc4:amd64 (14.2.0-4ubuntu2~24.04.1) ...
#13 72.77 Selecting previously unselected package libobjc-13-dev:amd64.
#13 72.77 Preparing to unpack .../093-libobjc-13-dev_13.3.0-6ubuntu2~24.04.1_amd64.deb ...
#13 72.79 Unpacking libobjc-13-dev:amd64 (13.3.0-6ubuntu2~24.04.1) ...
#13 72.91 Selecting previously unselected package libclang-common-18-dev:amd64.
#13 72.91 Preparing to unpack .../094-libclang-common-18-dev_1%3a18.1.3-1ubuntu1_amd64.deb ...
#13 72.93 Unpacking libclang-common-18-dev:amd64 (1:18.1.3-1ubuntu1) ...
#13 73.32 Selecting previously unselected package llvm-18-linker-tools.
#13 73.32 Preparing to unpack .../095-llvm-18-linker-tools_1%3a18.1.3-1ubuntu1_amd64.deb ...
#13 73.34 Unpacking llvm-18-linker-tools (1:18.1.3-1ubuntu1) ...
#13 73.52 Selecting previously unselected package libclang1-18.
#13 73.52 Preparing to unpack .../096-libclang1-18_1%3a18.1.3-1ubuntu1_amd64.deb ...
#13 73.54 Unpacking libclang1-18 (1:18.1.3-1ubuntu1) ...
#13 73.92 Selecting previously unselected package clang-18.
#13 73.92 Preparing to unpack .../097-clang-18_1%3a18.1.3-1ubuntu1_amd64.deb ...
#13 73.94 Unpacking clang-18 (1:18.1.3-1ubuntu1) ...
#13 74.07 Selecting previously unselected package clang.
#13 74.07 Preparing to unpack .../098-clang_1%3a18.0-59~exp2_amd64.deb ...
#13 74.09 Unpacking clang (1:18.0-59~exp2) ...
#13 74.22 Selecting previously unselected package libarchive13t64:amd64.
#13 74.23 Preparing to unpack .../099-libarchive13t64_3.7.2-2ubuntu0.8_amd64.deb ...
#13 74.25 Unpacking libarchive13t64:amd64 (3.7.2-2ubuntu0.8) ...
#13 74.40 Selecting previously unselected package libbrotli1:amd64.
#13 74.40 Preparing to unpack .../100-libbrotli1_1.1.0-2build2_amd64.deb ...
#13 74.42 Unpacking libbrotli1:amd64 (1.1.0-2build2) ...
#13 74.53 Selecting previously unselected package libsasl2-modules-db:amd64.
#13 74.54 Preparing to unpack .../101-libsasl2-modules-db_2.1.28+dfsg1-5ubuntu3.1_amd64.deb ...
#13 74.55 Unpacking libsasl2-modules-db:amd64 (2.1.28+dfsg1-5ubuntu3.1) ...
#13 74.72 Selecting previously unselected package libsasl2-2:amd64.
#13 74.72 Preparing to unpack .../102-libsasl2-2_2.1.28+dfsg1-5ubuntu3.1_amd64.deb ...
#13 74.74 Unpacking libsasl2-2:amd64 (2.1.28+dfsg1-5ubuntu3.1) ...
#13 74.88 Selecting previously unselected package libldap2:amd64.
#13 74.88 Preparing to unpack .../103-libldap2_2.6.10+dfsg-0ubuntu0.24.04.1_amd64.deb ...
#13 74.90 Unpacking libldap2:amd64 (2.6.10+dfsg-0ubuntu0.24.04.1) ...
#13 75.05 Selecting previously unselected package librtmp1:amd64.
#13 75.05 Preparing to unpack .../104-librtmp1_2.4+20151223.gitfa8646d.1-2build7_amd64.deb ...
#13 75.07 Unpacking librtmp1:amd64 (2.4+20151223.gitfa8646d.1-2build7) ...
#13 75.21 Selecting previously unselected package libssh-4:amd64.
#13 75.21 Preparing to unpack .../105-libssh-4_0.10.6-2ubuntu0.5_amd64.deb ...
#13 75.23 Unpacking libssh-4:amd64 (0.10.6-2ubuntu0.5) ...
#13 75.38 Selecting previously unselected package libcurl4t64:amd64.
#13 75.38 Preparing to unpack .../106-libcurl4t64_8.5.0-2ubuntu10.13_amd64.deb ...
#13 75.40 Unpacking libcurl4t64:amd64 (8.5.0-2ubuntu10.13) ...
#13 75.53 Selecting previously unselected package libjsoncpp25:amd64.
#13 75.53 Preparing to unpack .../107-libjsoncpp25_1.9.5-6build1_amd64.deb ...
#13 75.55 Unpacking libjsoncpp25:amd64 (1.9.5-6build1) ...
#13 75.69 Selecting previously unselected package librhash0:amd64.
#13 75.69 Preparing to unpack .../108-librhash0_1.4.3-3build1_amd64.deb ...
#13 75.72 Unpacking librhash0:amd64 (1.4.3-3build1) ...
#13 75.86 Selecting previously unselected package cmake-data.
#13 75.86 Preparing to unpack .../109-cmake-data_3.28.3-1build7_all.deb ...
#13 75.89 Unpacking cmake-data (3.28.3-1build7) ...
#13 76.62 Selecting previously unselected package cmake.
#13 76.62 Preparing to unpack .../110-cmake_3.28.3-1build7_amd64.deb ...
#13 76.64 Unpacking cmake (3.28.3-1build7) ...
#13 77.11 Selecting previously unselected package curl.
#13 77.11 Preparing to unpack .../111-curl_8.5.0-2ubuntu10.13_amd64.deb ...
#13 77.14 Unpacking curl (8.5.0-2ubuntu10.13) ...
#13 77.30 Selecting previously unselected package mysql-common.
#13 77.30 Preparing to unpack .../112-mysql-common_5.8+1.1.0build1_all.deb ...
#13 77.34 Unpacking mysql-common (5.8+1.1.0build1) ...
#13 77.47 Selecting previously unselected package libmysqlclient21:amd64.
#13 77.47 Preparing to unpack .../113-libmysqlclient21_8.0.46-0ubuntu0.24.04.4_amd64.deb ...
#13 77.49 Unpacking libmysqlclient21:amd64 (8.0.46-0ubuntu0.24.04.4) ...
#13 77.66 Selecting previously unselected package libssl-dev:amd64.
#13 77.67 Preparing to unpack .../114-libssl-dev_3.0.13-0ubuntu3.15_amd64.deb ...
#13 77.68 Unpacking libssl-dev:amd64 (3.0.13-0ubuntu3.15) ...
#13 77.89 Selecting previously unselected package libzstd-dev:amd64.
#13 77.89 Preparing to unpack .../115-libzstd-dev_1.5.5+dfsg2-2build1.1_amd64.deb ...
#13 77.91 Unpacking libzstd-dev:amd64 (1.5.5+dfsg2-2build1.1) ...
#13 78.03 Selecting previously unselected package zlib1g-dev:amd64.
#13 78.03 Preparing to unpack .../116-zlib1g-dev_1%3a1.3.dfsg-3.1ubuntu2.2_amd64.deb ...
#13 78.05 Unpacking zlib1g-dev:amd64 (1:1.3.dfsg-3.1ubuntu2.2) ...
#13 78.17 Selecting previously unselected package libmysqlclient-dev.
#13 78.17 Preparing to unpack .../117-libmysqlclient-dev_8.0.46-0ubuntu0.24.04.4_amd64.deb ...
#13 78.19 Unpacking libmysqlclient-dev (8.0.46-0ubuntu0.24.04.4) ...
#13 78.37 Selecting previously unselected package default-libmysqlclient-dev:amd64.
#13 78.37 Preparing to unpack .../118-default-libmysqlclient-dev_1.1.0build1_amd64.deb ...
#13 78.39 Unpacking default-libmysqlclient-dev:amd64 (1.1.0build1) ...
#13 78.49 Selecting previously unselected package mysql-client-core-8.0.
#13 78.50 Preparing to unpack .../119-mysql-client-core-8.0_8.0.46-0ubuntu0.24.04.4_amd64.deb ...
#13 78.51 Unpacking mysql-client-core-8.0 (8.0.46-0ubuntu0.24.04.4) ...
#13 78.89 Selecting previously unselected package mysql-client-8.0.
#13 78.89 Preparing to unpack .../120-mysql-client-8.0_8.0.46-0ubuntu0.24.04.4_amd64.deb ...
#13 78.92 Unpacking mysql-client-8.0 (8.0.46-0ubuntu0.24.04.4) ...
#13 79.03 Selecting previously unselected package default-mysql-client.
#13 79.03 Preparing to unpack .../121-default-mysql-client_1.1.0build1_all.deb ...
#13 79.05 Unpacking default-mysql-client (1.1.0build1) ...
#13 79.19 Selecting previously unselected package libgfortran5:amd64.
#13 79.19 Preparing to unpack .../122-libgfortran5_14.2.0-4ubuntu2~24.04.1_amd64.deb ...
#13 79.21 Unpacking libgfortran5:amd64 (14.2.0-4ubuntu2~24.04.1) ...
#13 79.33 Selecting previously unselected package libgfortran-13-dev:amd64.
#13 79.34 Preparing to unpack .../123-libgfortran-13-dev_13.3.0-6ubuntu2~24.04.1_amd64.deb ...
#13 79.36 Unpacking libgfortran-13-dev:amd64 (13.3.0-6ubuntu2~24.04.1) ...
#13 79.50 Selecting previously unselected package gfortran-13-x86-64-linux-gnu.
#13 79.50 Preparing to unpack .../124-gfortran-13-x86-64-linux-gnu_13.3.0-6ubuntu2~24.04.1_amd64.deb ...
#13 79.52 Unpacking gfortran-13-x86-64-linux-gnu (13.3.0-6ubuntu2~24.04.1) ...
#13 80.01 Selecting previously unselected package gfortran-13.
#13 80.01 Preparing to unpack .../125-gfortran-13_13.3.0-6ubuntu2~24.04.1_amd64.deb ...
#13 80.03 Unpacking gfortran-13 (13.3.0-6ubuntu2~24.04.1) ...
#13 80.16 Selecting previously unselected package libcurl3t64-gnutls:amd64.
#13 80.17 Preparing to unpack .../126-libcurl3t64-gnutls_8.5.0-2ubuntu10.13_amd64.deb ...
#13 80.19 Unpacking libcurl3t64-gnutls:amd64 (8.5.0-2ubuntu10.13) ...
#13 80.29 Selecting previously unselected package liberror-perl.
#13 80.30 Preparing to unpack .../127-liberror-perl_0.17029-2_all.deb ...
#13 80.32 Unpacking liberror-perl (0.17029-2) ...
#13 80.42 Selecting previously unselected package git-man.
#13 80.42 Preparing to unpack .../128-git-man_1%3a2.43.0-1ubuntu7.3_all.deb ...
#13 80.44 Unpacking git-man (1:2.43.0-1ubuntu7.3) ...
#13 80.62 Selecting previously unselected package git.
#13 80.62 Preparing to unpack .../129-git_1%3a2.43.0-1ubuntu7.3_amd64.deb ...
#13 80.64 Unpacking git (1:2.43.0-1ubuntu7.3) ...
#13 81.01 Selecting previously unselected package icu-devtools.
#13 81.01 Preparing to unpack .../130-icu-devtools_74.2-1ubuntu3.1_amd64.deb ...
#13 81.03 Unpacking icu-devtools (74.2-1ubuntu3.1) ...
#13 81.16 Selecting previously unselected package libllvm17t64:amd64.
#13 81.16 Preparing to unpack .../131-libllvm17t64_1%3a17.0.6-9ubuntu1_amd64.deb ...
#13 81.18 Unpacking libllvm17t64:amd64 (1:17.0.6-9ubuntu1) ...
#13 82.04 Selecting previously unselected package libamd-comgr2:amd64.
#13 82.04 Preparing to unpack .../132-libamd-comgr2_6.0+git20231212.4510c28+dfsg-3build2_amd64.deb ...
#13 82.06 Unpacking libamd-comgr2:amd64 (6.0+git20231212.4510c28+dfsg-3build2) ...
#13 82.56 Selecting previously unselected package libdrm-amdgpu1:amd64.
#13 82.56 Preparing to unpack .../133-libdrm-amdgpu1_2.4.125-1ubuntu0.1~24.04.2_amd64.deb ...
#13 82.58 Unpacking libdrm-amdgpu1:amd64 (2.4.125-1ubuntu0.1~24.04.2) ...
#13 82.72 Selecting previously unselected package libhsakmt1:amd64.
#13 82.73 Preparing to unpack .../134-libhsakmt1_5.7.0-1build1_amd64.deb ...
#13 82.75 Unpacking libhsakmt1:amd64 (5.7.0-1build1) ...
#13 82.89 Selecting previously unselected package libhsa-runtime64-1.
#13 82.89 Preparing to unpack .../135-libhsa-runtime64-1_5.7.1-2build1_amd64.deb ...
#13 82.91 Unpacking libhsa-runtime64-1 (5.7.1-2build1) ...
#13 83.07 Selecting previously unselected package libamdhip64-5.
#13 83.08 Preparing to unpack .../136-libamdhip64-5_5.7.1-3_amd64.deb ...
#13 83.10 Unpacking libamdhip64-5 (5.7.1-3) ...
#13 83.50 Selecting previously unselected package libboost1.83-dev:amd64.
#13 83.51 Preparing to unpack .../137-libboost1.83-dev_1.83.0-2.1ubuntu3.2_amd64.deb ...
#13 83.53 Unpacking libboost1.83-dev:amd64 (1.83.0-2.1ubuntu3.2) ...
#13 87.32 Selecting previously unselected package libboost-dev:amd64.
#13 87.33 Preparing to unpack .../138-libboost-dev_1.83.0.1ubuntu2_amd64.deb ...
#13 87.35 Unpacking libboost-dev:amd64 (1.83.0.1ubuntu2) ...
#13 87.46 Selecting previously unselected package libboost1.83-tools-dev.
#13 87.46 Preparing to unpack .../139-libboost1.83-tools-dev_1.83.0-2.1ubuntu3.2_amd64.deb ...
#13 87.48 Unpacking libboost1.83-tools-dev (1.83.0-2.1ubuntu3.2) ...
#13 87.68 Selecting previously unselected package libboost-tools-dev.
#13 87.69 Preparing to unpack .../140-libboost-tools-dev_1.83.0.1ubuntu2_amd64.deb ...
#13 87.71 Unpacking libboost-tools-dev (1.83.0.1ubuntu2) ...
#13 87.83 Selecting previously unselected package libboost-atomic1.83.0:amd64.
#13 87.84 Preparing to unpack .../141-libboost-atomic1.83.0_1.83.0-2.1ubuntu3.2_amd64.deb ...
#13 87.86 Unpacking libboost-atomic1.83.0:amd64 (1.83.0-2.1ubuntu3.2) ...
#13 87.98 Selecting previously unselected package libboost-atomic1.83-dev:amd64.
#13 87.98 Preparing to unpack .../142-libboost-atomic1.83-dev_1.83.0-2.1ubuntu3.2_amd64.deb ...
#13 88.00 Unpacking libboost-atomic1.83-dev:amd64 (1.83.0-2.1ubuntu3.2) ...
#13 88.12 Selecting previously unselected package libboost-atomic-dev:amd64.
#13 88.12 Preparing to unpack .../143-libboost-atomic-dev_1.83.0.1ubuntu2_amd64.deb ...
#13 88.14 Unpacking libboost-atomic-dev:amd64 (1.83.0.1ubuntu2) ...
#13 88.27 Selecting previously unselected package libboost-chrono1.83.0t64:amd64.
#13 88.28 Preparing to unpack .../144-libboost-chrono1.83.0t64_1.83.0-2.1ubuntu3.2_amd64.deb ...
#13 88.30 Unpacking libboost-chrono1.83.0t64:amd64 (1.83.0-2.1ubuntu3.2) ...
#13 88.41 Selecting previously unselected package libboost-chrono1.83-dev:amd64.
#13 88.42 Preparing to unpack .../145-libboost-chrono1.83-dev_1.83.0-2.1ubuntu3.2_amd64.deb ...
#13 88.44 Unpacking libboost-chrono1.83-dev:amd64 (1.83.0-2.1ubuntu3.2) ...
#13 88.56 Selecting previously unselected package libboost-chrono-dev:amd64.
#13 88.57 Preparing to unpack .../146-libboost-chrono-dev_1.83.0.1ubuntu2_amd64.deb ...
#13 88.58 Unpacking libboost-chrono-dev:amd64 (1.83.0.1ubuntu2) ...
#13 88.71 Selecting previously unselected package libboost-container1.83.0:amd64.
#13 88.71 Preparing to unpack .../147-libboost-container1.83.0_1.83.0-2.1ubuntu3.2_amd64.deb ...
#13 88.73 Unpacking libboost-container1.83.0:amd64 (1.83.0-2.1ubuntu3.2) ...
#13 88.86 Selecting previously unselected package libboost-container1.83-dev:amd64.
#13 88.86 Preparing to unpack .../148-libboost-container1.83-dev_1.83.0-2.1ubuntu3.2_amd64.deb ...
#13 88.88 Unpacking libboost-container1.83-dev:amd64 (1.83.0-2.1ubuntu3.2) ...
#13 89.00 Selecting previously unselected package libboost-container-dev:amd64.
#13 89.01 Preparing to unpack .../149-libboost-container-dev_1.83.0.1ubuntu2_amd64.deb ...
#13 89.05 Unpacking libboost-container-dev:amd64 (1.83.0.1ubuntu2) ...
#13 89.18 Selecting previously unselected package libboost-date-time1.83.0:amd64.
#13 89.18 Preparing to unpack .../150-libboost-date-time1.83.0_1.83.0-2.1ubuntu3.2_amd64.deb ...
#13 89.21 Unpacking libboost-date-time1.83.0:amd64 (1.83.0-2.1ubuntu3.2) ...
#13 89.34 Selecting previously unselected package libboost-serialization1.83.0:amd64.
#13 89.34 Preparing to unpack .../151-libboost-serialization1.83.0_1.83.0-2.1ubuntu3.2_amd64.deb ...
#13 89.37 Unpacking libboost-serialization1.83.0:amd64 (1.83.0-2.1ubuntu3.2) ...
#13 89.48 Selecting previously unselected package libboost-serialization1.83-dev:amd64.
#13 89.48 Preparing to unpack .../152-libboost-serialization1.83-dev_1.83.0-2.1ubuntu3.2_amd64.deb ...
#13 89.51 Unpacking libboost-serialization1.83-dev:amd64 (1.83.0-2.1ubuntu3.2) ...
#13 89.65 Selecting previously unselected package libboost-date-time1.83-dev:amd64.
#13 89.65 Preparing to unpack .../153-libboost-date-time1.83-dev_1.83.0-2.1ubuntu3.2_amd64.deb ...
#13 89.67 Unpacking libboost-date-time1.83-dev:amd64 (1.83.0-2.1ubuntu3.2) ...
#13 89.81 Selecting previously unselected package libboost-system1.83.0:amd64.
#13 89.81 Preparing to unpack .../154-libboost-system1.83.0_1.83.0-2.1ubuntu3.2_amd64.deb ...
#13 89.83 Unpacking libboost-system1.83.0:amd64 (1.83.0-2.1ubuntu3.2) ...
#13 89.95 Selecting previously unselected package libboost-system1.83-dev:amd64.
#13 89.95 Preparing to unpack .../155-libboost-system1.83-dev_1.83.0-2.1ubuntu3.2_amd64.deb ...
#13 89.97 Unpacking libboost-system1.83-dev:amd64 (1.83.0-2.1ubuntu3.2) ...
#13 90.13 Selecting previously unselected package libboost-thread1.83.0:amd64.
#13 90.14 Preparing to unpack .../156-libboost-thread1.83.0_1.83.0-2.1ubuntu3.2_amd64.deb ...
#13 90.16 Unpacking libboost-thread1.83.0:amd64 (1.83.0-2.1ubuntu3.2) ...
#13 90.29 Selecting previously unselected package libboost-thread1.83-dev:amd64.
#13 90.29 Preparing to unpack .../157-libboost-thread1.83-dev_1.83.0-2.1ubuntu3.2_amd64.deb ...
#13 90.32 Unpacking libboost-thread1.83-dev:amd64 (1.83.0-2.1ubuntu3.2) ...
#13 90.46 Selecting previously unselected package libboost-context1.83.0:amd64.
#13 90.46 Preparing to unpack .../158-libboost-context1.83.0_1.83.0-2.1ubuntu3.2_amd64.deb ...
#13 90.48 Unpacking libboost-context1.83.0:amd64 (1.83.0-2.1ubuntu3.2) ...
#13 90.60 Selecting previously unselected package libboost-context1.83-dev:amd64.
#13 90.60 Preparing to unpack .../159-libboost-context1.83-dev_1.83.0-2.1ubuntu3.2_amd64.deb ...
#13 90.62 Unpacking libboost-context1.83-dev:amd64 (1.83.0-2.1ubuntu3.2) ...
#13 90.74 Selecting previously unselected package libboost-context-dev:amd64.
#13 90.75 Preparing to unpack .../160-libboost-context-dev_1.83.0.1ubuntu2_amd64.deb ...
#13 90.77 Unpacking libboost-context-dev:amd64 (1.83.0.1ubuntu2) ...
#13 90.90 Selecting previously unselected package libboost-coroutine1.83.0:amd64.
#13 90.90 Preparing to unpack .../161-libboost-coroutine1.83.0_1.83.0-2.1ubuntu3.2_amd64.deb ...
#13 90.92 Unpacking libboost-coroutine1.83.0:amd64 (1.83.0-2.1ubuntu3.2) ...
#13 91.06 Selecting previously unselected package libboost-coroutine1.83-dev:amd64.
#13 91.07 Preparing to unpack .../162-libboost-coroutine1.83-dev_1.83.0-2.1ubuntu3.2_amd64.deb ...
#13 91.09 Unpacking libboost-coroutine1.83-dev:amd64 (1.83.0-2.1ubuntu3.2) ...
#13 91.21 Selecting previously unselected package libboost-coroutine-dev:amd64.
#13 91.21 Preparing to unpack .../163-libboost-coroutine-dev_1.83.0.1ubuntu2_amd64.deb ...
#13 91.23 Unpacking libboost-coroutine-dev:amd64 (1.83.0.1ubuntu2) ...
#13 91.34 Selecting previously unselected package libboost-date-time-dev:amd64.
#13 91.34 Preparing to unpack .../164-libboost-date-time-dev_1.83.0.1ubuntu2_amd64.deb ...
#13 91.37 Unpacking libboost-date-time-dev:amd64 (1.83.0.1ubuntu2) ...
#13 91.47 Selecting previously unselected package libboost-exception1.83-dev:amd64.
#13 91.48 Preparing to unpack .../165-libboost-exception1.83-dev_1.83.0-2.1ubuntu3.2_amd64.deb ...
#13 91.49 Unpacking libboost-exception1.83-dev:amd64 (1.83.0-2.1ubuntu3.2) ...
#13 91.60 Selecting previously unselected package libboost-exception-dev:amd64.
#13 91.61 Preparing to unpack .../166-libboost-exception-dev_1.83.0.1ubuntu2_amd64.deb ...
#13 91.63 Unpacking libboost-exception-dev:amd64 (1.83.0.1ubuntu2) ...
#13 91.76 Selecting previously unselected package libboost-filesystem1.83.0:amd64.
#13 91.76 Preparing to unpack .../167-libboost-filesystem1.83.0_1.83.0-2.1ubuntu3.2_amd64.deb ...
#13 91.82 Unpacking libboost-filesystem1.83.0:amd64 (1.83.0-2.1ubuntu3.2) ...
#13 91.96 Selecting previously unselected package libboost-filesystem1.83-dev:amd64.
#13 91.96 Preparing to unpack .../168-libboost-filesystem1.83-dev_1.83.0-2.1ubuntu3.2_amd64.deb ...
#13 91.98 Unpacking libboost-filesystem1.83-dev:amd64 (1.83.0-2.1ubuntu3.2) ...
#13 92.12 Selecting previously unselected package libboost-fiber1.83.0:amd64.
#13 92.12 Preparing to unpack .../169-libboost-fiber1.83.0_1.83.0-2.1ubuntu3.2_amd64.deb ...
#13 92.14 Unpacking libboost-fiber1.83.0:amd64 (1.83.0-2.1ubuntu3.2) ...
#13 92.26 Selecting previously unselected package libboost-fiber1.83-dev:amd64.
#13 92.27 Preparing to unpack .../170-libboost-fiber1.83-dev_1.83.0-2.1ubuntu3.2_amd64.deb ...
#13 92.28 Unpacking libboost-fiber1.83-dev:amd64 (1.83.0-2.1ubuntu3.2) ...
#13 92.40 Selecting previously unselected package libboost-fiber-dev:amd64.
#13 92.41 Preparing to unpack .../171-libboost-fiber-dev_1.83.0.1ubuntu2_amd64.deb ...
#13 92.43 Unpacking libboost-fiber-dev:amd64 (1.83.0.1ubuntu2) ...
#13 92.54 Selecting previously unselected package libboost-filesystem-dev:amd64.
#13 92.54 Preparing to unpack .../172-libboost-filesystem-dev_1.83.0.1ubuntu2_amd64.deb ...
#13 92.56 Unpacking libboost-filesystem-dev:amd64 (1.83.0.1ubuntu2) ...
#13 92.69 Selecting previously unselected package libboost-graph1.83.0:amd64.
#13 92.69 Preparing to unpack .../173-libboost-graph1.83.0_1.83.0-2.1ubuntu3.2_amd64.deb ...
#13 92.71 Unpacking libboost-graph1.83.0:amd64 (1.83.0-2.1ubuntu3.2) ...
#13 92.86 Selecting previously unselected package libboost-regex1.83.0:amd64.
#13 92.86 Preparing to unpack .../174-libboost-regex1.83.0_1.83.0-2.1ubuntu3.2_amd64.deb ...
#13 92.88 Unpacking libboost-regex1.83.0:amd64 (1.83.0-2.1ubuntu3.2) ...
#13 93.01 Selecting previously unselected package libicu-dev:amd64.
#13 93.02 Preparing to unpack .../175-libicu-dev_74.2-1ubuntu3.1_amd64.deb ...
#13 93.04 Unpacking libicu-dev:amd64 (74.2-1ubuntu3.1) ...
#13 93.48 Selecting previously unselected package libboost-regex1.83-dev:amd64.
#13 93.49 Preparing to unpack .../176-libboost-regex1.83-dev_1.83.0-2.1ubuntu3.2_amd64.deb ...
#13 93.50 Unpacking libboost-regex1.83-dev:amd64 (1.83.0-2.1ubuntu3.2) ...
#13 93.64 Selecting previously unselected package libboost-test1.83.0:amd64.
#13 93.65 Preparing to unpack .../177-libboost-test1.83.0_1.83.0-2.1ubuntu3.2_amd64.deb ...
#13 93.67 Unpacking libboost-test1.83.0:amd64 (1.83.0-2.1ubuntu3.2) ...
#13 93.80 Selecting previously unselected package libboost-test1.83-dev:amd64.
#13 93.81 Preparing to unpack .../178-libboost-test1.83-dev_1.83.0-2.1ubuntu3.2_amd64.deb ...
#13 93.83 Unpacking libboost-test1.83-dev:amd64 (1.83.0-2.1ubuntu3.2) ...
#13 93.97 Selecting previously unselected package libboost-graph1.83-dev:amd64.
#13 93.97 Preparing to unpack .../179-libboost-graph1.83-dev_1.83.0-2.1ubuntu3.2_amd64.deb ...
#13 94.00 Unpacking libboost-graph1.83-dev:amd64 (1.83.0-2.1ubuntu3.2) ...
#13 94.12 Selecting previously unselected package libboost-graph-dev:amd64.
#13 94.13 Preparing to unpack .../180-libboost-graph-dev_1.83.0.1ubuntu2_amd64.deb ...
#13 94.15 Unpacking libboost-graph-dev:amd64 (1.83.0.1ubuntu2) ...
#13 94.29 Selecting previously unselected package libevent-core-2.1-7t64:amd64.
#13 94.30 Preparing to unpack .../181-libevent-core-2.1-7t64_2.1.12-stable-9ubuntu2.1_amd64.deb ...
#13 94.32 Unpacking libevent-core-2.1-7t64:amd64 (2.1.12-stable-9ubuntu2.1) ...
#13 94.46 Selecting previously unselected package libevent-pthreads-2.1-7t64:amd64.
#13 94.46 Preparing to unpack .../182-libevent-pthreads-2.1-7t64_2.1.12-stable-9ubuntu2.1_amd64.deb ...
#13 94.48 Unpacking libevent-pthreads-2.1-7t64:amd64 (2.1.12-stable-9ubuntu2.1) ...
#13 94.66 Selecting previously unselected package libpsm-infinipath1.
#13 94.66 Preparing to unpack .../183-libpsm-infinipath1_3.3+20.604758e7-6.3build1_amd64.deb ...
#13 94.69 Unpacking libpsm-infinipath1 (3.3+20.604758e7-6.3build1) ...
#13 94.84 Selecting previously unselected package libpsm2-2.
#13 94.84 Preparing to unpack .../184-libpsm2-2_11.2.185-2build1_amd64.deb ...
#13 94.86 Unpacking libpsm2-2 (11.2.185-2build1) ...
#13 94.99 Selecting previously unselected package librdmacm1t64:amd64.
#13 95.00 Preparing to unpack .../185-librdmacm1t64_50.0-2ubuntu0.2_amd64.deb ...
#13 95.05 Unpacking librdmacm1t64:amd64 (50.0-2ubuntu0.2) ...
#13 95.19 Selecting previously unselected package libfabric1:amd64.
#13 95.19 Preparing to unpack .../186-libfabric1_1.17.0-3build2_amd64.deb ...
#13 95.21 Unpacking libfabric1:amd64 (1.17.0-3build2) ...
#13 95.34 Selecting previously unselected package libhwloc15:amd64.
#13 95.35 Preparing to unpack .../187-libhwloc15_2.10.0-1build1_amd64.deb ...
#13 95.37 Unpacking libhwloc15:amd64 (2.10.0-1build1) ...
#13 95.50 Selecting previously unselected package libmunge2:amd64.
#13 95.51 Preparing to unpack .../188-libmunge2_0.5.15-4ubuntu0.1_amd64.deb ...
#13 95.53 Unpacking libmunge2:amd64 (0.5.15-4ubuntu0.1) ...
#13 95.67 Selecting previously unselected package libpciaccess0:amd64.
#13 95.68 Preparing to unpack .../189-libpciaccess0_0.17-3ubuntu0.24.04.2_amd64.deb ...
#13 95.69 Unpacking libpciaccess0:amd64 (0.17-3ubuntu0.24.04.2) ...
#13 95.83 Selecting previously unselected package libxnvctrl0:amd64.
#13 95.83 Preparing to unpack .../190-libxnvctrl0_510.47.03-0ubuntu4.24.04.1_amd64.deb ...
#13 95.85 Unpacking libxnvctrl0:amd64 (510.47.03-0ubuntu4.24.04.1) ...
#13 95.98 Selecting previously unselected package ocl-icd-libopencl1:amd64.
#13 95.99 Preparing to unpack .../191-ocl-icd-libopencl1_2.3.2-1build1_amd64.deb ...
#13 96.01 Unpacking ocl-icd-libopencl1:amd64 (2.3.2-1build1) ...
#13 96.12 Selecting previously unselected package libhwloc-plugins:amd64.
#13 96.12 Preparing to unpack .../192-libhwloc-plugins_2.10.0-1build1_amd64.deb ...
#13 96.14 Unpacking libhwloc-plugins:amd64 (2.10.0-1build1) ...
#13 96.27 Selecting previously unselected package libpmix2t64:amd64.
#13 96.28 Preparing to unpack .../193-libpmix2t64_5.0.1-4.1build1_amd64.deb ...
#13 96.30 Unpacking libpmix2t64:amd64 (5.0.1-4.1build1) ...
#13 96.45 Selecting previously unselected package libucx0:amd64.
#13 96.45 Preparing to unpack .../194-libucx0_1.16.0+ds-5ubuntu1_amd64.deb ...
#13 96.47 Unpacking libucx0:amd64 (1.16.0+ds-5ubuntu1) ...
#13 96.66 Selecting previously unselected package libopenmpi3t64:amd64.
#13 96.66 Preparing to unpack .../195-libopenmpi3t64_4.1.6-7ubuntu2_amd64.deb ...
#13 96.68 Unpacking libopenmpi3t64:amd64 (4.1.6-7ubuntu2) ...
#13 96.91 Selecting previously unselected package libboost-mpi1.83.0.
#13 96.92 Preparing to unpack .../196-libboost-mpi1.83.0_1.83.0-2.1ubuntu3.2_amd64.deb ...
#13 96.94 Unpacking libboost-mpi1.83.0 (1.83.0-2.1ubuntu3.2) ...
#13 97.07 Selecting previously unselected package libboost-graph-parallel1.83.0.
#13 97.08 Preparing to unpack .../197-libboost-graph-parallel1.83.0_1.83.0-2.1ubuntu3.2_amd64.deb ...
#13 97.10 Unpacking libboost-graph-parallel1.83.0 (1.83.0-2.1ubuntu3.2) ...
#13 97.22 Selecting previously unselected package libboost-graph-parallel1.83-dev.
#13 97.22 Preparing to unpack .../198-libboost-graph-parallel1.83-dev_1.83.0-2.1ubuntu3.2_amd64.deb ...
#13 97.24 Unpacking libboost-graph-parallel1.83-dev (1.83.0-2.1ubuntu3.2) ...
#13 97.36 Selecting previously unselected package libboost-graph-parallel-dev.
#13 97.37 Preparing to unpack .../199-libboost-graph-parallel-dev_1.83.0.1ubuntu2_amd64.deb ...
#13 97.39 Unpacking libboost-graph-parallel-dev (1.83.0.1ubuntu2) ...
#13 97.52 Selecting previously unselected package libboost-iostreams1.83.0:amd64.
#13 97.52 Preparing to unpack .../200-libboost-iostreams1.83.0_1.83.0-2.1ubuntu3.2_amd64.deb ...
#13 97.55 Unpacking libboost-iostreams1.83.0:amd64 (1.83.0-2.1ubuntu3.2) ...
#13 97.66 Selecting previously unselected package libboost-iostreams1.83-dev:amd64.
#13 97.67 Preparing to unpack .../201-libboost-iostreams1.83-dev_1.83.0-2.1ubuntu3.2_amd64.deb ...
#13 97.69 Unpacking libboost-iostreams1.83-dev:amd64 (1.83.0-2.1ubuntu3.2) ...
#13 97.97 Selecting previously unselected package libboost-iostreams-dev:amd64.
#13 97.97 Preparing to unpack .../202-libboost-iostreams-dev_1.83.0.1ubuntu2_amd64.deb ...
#13 97.99 Unpacking libboost-iostreams-dev:amd64 (1.83.0.1ubuntu2) ...
#13 98.11 Selecting previously unselected package libboost-json1.83.0:amd64.
#13 98.12 Preparing to unpack .../203-libboost-json1.83.0_1.83.0-2.1ubuntu3.2_amd64.deb ...
#13 98.14 Unpacking libboost-json1.83.0:amd64 (1.83.0-2.1ubuntu3.2) ...
#13 98.26 Selecting previously unselected package libboost-json1.83-dev:amd64.
#13 98.27 Preparing to unpack .../204-libboost-json1.83-dev_1.83.0-2.1ubuntu3.2_amd64.deb ...
#13 98.29 Unpacking libboost-json1.83-dev:amd64 (1.83.0-2.1ubuntu3.2) ...
#13 98.42 Selecting previously unselected package libboost-json-dev:amd64.
#13 98.43 Preparing to unpack .../205-libboost-json-dev_1.83.0.1ubuntu2_amd64.deb ...
#13 98.45 Unpacking libboost-json-dev:amd64 (1.83.0.1ubuntu2) ...
#13 98.58 Selecting previously unselected package libboost-locale1.83.0:amd64.
#13 98.59 Preparing to unpack .../206-libboost-locale1.83.0_1.83.0-2.1ubuntu3.2_amd64.deb ...
#13 98.62 Unpacking libboost-locale1.83.0:amd64 (1.83.0-2.1ubuntu3.2) ...
#13 98.76 Selecting previously unselected package libboost-locale1.83-dev:amd64.
#13 98.76 Preparing to unpack .../207-libboost-locale1.83-dev_1.83.0-2.1ubuntu3.2_amd64.deb ...
#13 98.80 Unpacking libboost-locale1.83-dev:amd64 (1.83.0-2.1ubuntu3.2) ...
#13 98.96 Selecting previously unselected package libboost-locale-dev:amd64.
#13 98.97 Preparing to unpack .../208-libboost-locale-dev_1.83.0.1ubuntu2_amd64.deb ...
#13 99.00 Unpacking libboost-locale-dev:amd64 (1.83.0.1ubuntu2) ...
#13 99.14 Selecting previously unselected package libboost-log1.83.0.
#13 99.14 Preparing to unpack .../209-libboost-log1.83.0_1.83.0-2.1ubuntu3.2_amd64.deb ...
#13 99.16 Unpacking libboost-log1.83.0 (1.83.0-2.1ubuntu3.2) ...
#13 99.31 Selecting previously unselected package libboost-log1.83-dev.
#13 99.31 Preparing to unpack .../210-libboost-log1.83-dev_1.83.0-2.1ubuntu3.2_amd64.deb ...
#13 99.34 Unpacking libboost-log1.83-dev (1.83.0-2.1ubuntu3.2) ...
#13 99.50 Selecting previously unselected package libboost-log-dev.
#13 99.51 Preparing to unpack .../211-libboost-log-dev_1.83.0.1ubuntu2_amd64.deb ...
#13 99.53 Unpacking libboost-log-dev (1.83.0.1ubuntu2) ...
#13 99.67 Selecting previously unselected package libboost-math1.83.0:amd64.
#13 99.67 Preparing to unpack .../212-libboost-math1.83.0_1.83.0-2.1ubuntu3.2_amd64.deb ...
#13 99.70 Unpacking libboost-math1.83.0:amd64 (1.83.0-2.1ubuntu3.2) ...
#13 99.83 Selecting previously unselected package libboost-math1.83-dev:amd64.
#13 99.83 Preparing to unpack .../213-libboost-math1.83-dev_1.83.0-2.1ubuntu3.2_amd64.deb ...
#13 99.86 Unpacking libboost-math1.83-dev:amd64 (1.83.0-2.1ubuntu3.2) ...
#13 100.0 Selecting previously unselected package libboost-math-dev:amd64.
#13 100.0 Preparing to unpack .../214-libboost-math-dev_1.83.0.1ubuntu2_amd64.deb ...
#13 100.0 Unpacking libboost-math-dev:amd64 (1.83.0.1ubuntu2) ...
#13 100.2 Selecting previously unselected package openmpi-common.
#13 100.2 Preparing to unpack .../215-openmpi-common_4.1.6-7ubuntu2_all.deb ...
#13 100.2 Unpacking openmpi-common (4.1.6-7ubuntu2) ...
#13 100.3 Selecting previously unselected package libnl-3-dev:amd64.
#13 100.3 Preparing to unpack .../216-libnl-3-dev_3.7.0-0.3build1.1_amd64.deb ...
#13 100.3 Unpacking libnl-3-dev:amd64 (3.7.0-0.3build1.1) ...
#13 100.5 Selecting previously unselected package libnl-route-3-dev:amd64.
#13 100.5 Preparing to unpack .../217-libnl-route-3-dev_3.7.0-0.3build1.1_amd64.deb ...
#13 100.5 Unpacking libnl-route-3-dev:amd64 (3.7.0-0.3build1.1) ...
#13 100.6 Selecting previously unselected package libibverbs-dev:amd64.
#13 100.6 Preparing to unpack .../218-libibverbs-dev_50.0-2ubuntu0.2_amd64.deb ...
#13 100.6 Unpacking libibverbs-dev:amd64 (50.0-2ubuntu0.2) ...
#13 100.8 Selecting previously unselected package libnuma-dev:amd64.
#13 100.8 Preparing to unpack .../219-libnuma-dev_2.0.18-1ubuntu0.24.04.1_amd64.deb ...
#13 100.8 Unpacking libnuma-dev:amd64 (2.0.18-1ubuntu0.24.04.1) ...
#13 101.0 Selecting previously unselected package libltdl7:amd64.
#13 101.0 Preparing to unpack .../220-libltdl7_2.4.7-7build1_amd64.deb ...
#13 101.0 Unpacking libltdl7:amd64 (2.4.7-7build1) ...
#13 101.1 Selecting previously unselected package libltdl-dev:amd64.
#13 101.1 Preparing to unpack .../221-libltdl-dev_2.4.7-7build1_amd64.deb ...
#13 101.1 Unpacking libltdl-dev:amd64 (2.4.7-7build1) ...
#13 101.3 Selecting previously unselected package libhwloc-dev:amd64.
#13 101.3 Preparing to unpack .../222-libhwloc-dev_2.10.0-1build1_amd64.deb ...
#13 101.3 Unpacking libhwloc-dev:amd64 (2.10.0-1build1) ...
#13 101.5 Selecting previously unselected package libevent-2.1-7t64:amd64.
#13 101.5 Preparing to unpack .../223-libevent-2.1-7t64_2.1.12-stable-9ubuntu2.1_amd64.deb ...
#13 101.5 Unpacking libevent-2.1-7t64:amd64 (2.1.12-stable-9ubuntu2.1) ...
#13 101.7 Selecting previously unselected package libevent-extra-2.1-7t64:amd64.
#13 101.7 Preparing to unpack .../224-libevent-extra-2.1-7t64_2.1.12-stable-9ubuntu2.1_amd64.deb ...
#13 101.7 Unpacking libevent-extra-2.1-7t64:amd64 (2.1.12-stable-9ubuntu2.1) ...
#13 101.9 Selecting previously unselected package libevent-openssl-2.1-7t64:amd64.
#13 101.9 Preparing to unpack .../225-libevent-openssl-2.1-7t64_2.1.12-stable-9ubuntu2.1_amd64.deb ...
#13 101.9 Unpacking libevent-openssl-2.1-7t64:amd64 (2.1.12-stable-9ubuntu2.1) ...
#13 102.0 Selecting previously unselected package libevent-dev.
#13 102.0 Preparing to unpack .../226-libevent-dev_2.1.12-stable-9ubuntu2.1_amd64.deb ...
#13 102.0 Unpacking libevent-dev (2.1.12-stable-9ubuntu2.1) ...
#13 102.2 Selecting previously unselected package libpmix-dev:amd64.
#13 102.2 Preparing to unpack .../227-libpmix-dev_5.0.1-4.1build1_amd64.deb ...
#13 102.2 Unpacking libpmix-dev:amd64 (5.0.1-4.1build1) ...
#13 102.4 Selecting previously unselected package libjs-jquery.
#13 102.5 Preparing to unpack .../228-libjs-jquery_3.6.1+dfsg+~3.5.14-1_all.deb ...
#13 102.5 Unpacking libjs-jquery (3.6.1+dfsg+~3.5.14-1) ...
#13 102.6 Selecting previously unselected package libjs-jquery-ui.
#13 102.6 Preparing to unpack .../229-libjs-jquery-ui_1.13.2+dfsg-1_all.deb ...
#13 102.6 Unpacking libjs-jquery-ui (1.13.2+dfsg-1) ...
#13 102.9 Selecting previously unselected package openmpi-bin.
#13 102.9 Preparing to unpack .../230-openmpi-bin_4.1.6-7ubuntu2_amd64.deb ...
#13 103.3 Unpacking openmpi-bin (4.1.6-7ubuntu2) ...
#13 103.8 Selecting previously unselected package libopenmpi-dev:amd64.
#13 103.8 Preparing to unpack .../231-libopenmpi-dev_4.1.6-7ubuntu2_amd64.deb ...
#13 103.9 Unpacking libopenmpi-dev:amd64 (4.1.6-7ubuntu2) ...
#13 104.3 Selecting previously unselected package mpi-default-dev.
#13 104.3 Preparing to unpack .../232-mpi-default-dev_1.15build1_amd64.deb ...
#13 104.4 Unpacking mpi-default-dev (1.15build1) ...
#13 104.5 Selecting previously unselected package libboost-mpi1.83-dev.
#13 104.5 Preparing to unpack .../233-libboost-mpi1.83-dev_1.83.0-2.1ubuntu3.2_amd64.deb ...
#13 104.5 Unpacking libboost-mpi1.83-dev (1.83.0-2.1ubuntu3.2) ...
#13 104.6 Selecting previously unselected package libboost-mpi-dev.
#13 104.6 Preparing to unpack .../234-libboost-mpi-dev_1.83.0.1ubuntu2_amd64.deb ...
#13 104.7 Unpacking libboost-mpi-dev (1.83.0.1ubuntu2) ...
#13 104.8 Selecting previously unselected package libboost-python1.83.0.
#13 104.8 Preparing to unpack .../235-libboost-python1.83.0_1.83.0-2.1ubuntu3.2_amd64.deb ...
#13 104.8 Unpacking libboost-python1.83.0 (1.83.0-2.1ubuntu3.2) ...
#13 104.9 Selecting previously unselected package mpi-default-bin.
#13 104.9 Preparing to unpack .../236-mpi-default-bin_1.15build1_amd64.deb ...
#13 105.0 Unpacking mpi-default-bin (1.15build1) ...
#13 105.1 Selecting previously unselected package libboost-mpi-python1.83.0.
#13 105.1 Preparing to unpack .../237-libboost-mpi-python1.83.0_1.83.0-2.1ubuntu3.2_amd64.deb ...
#13 105.1 Unpacking libboost-mpi-python1.83.0 (1.83.0-2.1ubuntu3.2) ...
#13 105.3 Selecting previously unselected package libboost-mpi-python1.83-dev.
#13 105.3 Preparing to unpack .../238-libboost-mpi-python1.83-dev_1.83.0-2.1ubuntu3.2_amd64.deb ...
#13 105.3 Unpacking libboost-mpi-python1.83-dev (1.83.0-2.1ubuntu3.2) ...
#13 105.4 Selecting previously unselected package libboost-mpi-python-dev.
#13 105.4 Preparing to unpack .../239-libboost-mpi-python-dev_1.83.0.1ubuntu2_amd64.deb ...
#13 105.4 Unpacking libboost-mpi-python-dev (1.83.0.1ubuntu2) ...
#13 105.6 Selecting previously unselected package libboost-numpy1.83.0.
#13 105.6 Preparing to unpack .../240-libboost-numpy1.83.0_1.83.0-2.1ubuntu3.2_amd64.deb ...
#13 105.6 Unpacking libboost-numpy1.83.0 (1.83.0-2.1ubuntu3.2) ...
#13 105.7 Selecting previously unselected package libboost-numpy1.83-dev.
#13 105.7 Preparing to unpack .../241-libboost-numpy1.83-dev_1.83.0-2.1ubuntu3.2_amd64.deb ...
#13 105.7 Unpacking libboost-numpy1.83-dev (1.83.0-2.1ubuntu3.2) ...
#13 105.9 Selecting previously unselected package libboost-numpy-dev.
#13 105.9 Preparing to unpack .../242-libboost-numpy-dev_1.83.0.1ubuntu2_amd64.deb ...
#13 105.9 Unpacking libboost-numpy-dev (1.83.0.1ubuntu2) ...
#13 106.0 Selecting previously unselected package libboost-program-options1.83.0:amd64.
#13 106.0 Preparing to unpack .../243-libboost-program-options1.83.0_1.83.0-2.1ubuntu3.2_amd64.deb ...
#13 106.0 Unpacking libboost-program-options1.83.0:amd64 (1.83.0-2.1ubuntu3.2) ...
#13 106.2 Selecting previously unselected package libboost-program-options1.83-dev:amd64.
#13 106.2 Preparing to unpack .../244-libboost-program-options1.83-dev_1.83.0-2.1ubuntu3.2_amd64.deb ...
#13 106.2 Unpacking libboost-program-options1.83-dev:amd64 (1.83.0-2.1ubuntu3.2) ...
#13 106.3 Selecting previously unselected package libboost-program-options-dev:amd64.
#13 106.3 Preparing to unpack .../245-libboost-program-options-dev_1.83.0.1ubuntu2_amd64.deb ...
#13 106.3 Unpacking libboost-program-options-dev:amd64 (1.83.0.1ubuntu2) ...
#13 106.5 Selecting previously unselected package libpython3.12t64:amd64.
#13 106.5 Preparing to unpack .../246-libpython3.12t64_3.12.3-1ubuntu0.16_amd64.deb ...
#13 106.5 Unpacking libpython3.12t64:amd64 (3.12.3-1ubuntu0.16) ...
#13 106.7 Selecting previously unselected package libexpat1-dev:amd64.
#13 106.7 Preparing to unpack .../247-libexpat1-dev_2.6.1-2ubuntu0.4_amd64.deb ...
#13 106.7 Unpacking libexpat1-dev:amd64 (2.6.1-2ubuntu0.4) ...
#13 106.8 Selecting previously unselected package libpython3.12-dev:amd64.
#13 106.8 Preparing to unpack .../248-libpython3.12-dev_3.12.3-1ubuntu0.16_amd64.deb ...
#13 106.9 Unpacking libpython3.12-dev:amd64 (3.12.3-1ubuntu0.16) ...
#13 107.2 Selecting previously unselected package libpython3-dev:amd64.
#13 107.2 Preparing to unpack .../249-libpython3-dev_3.12.3-0ubuntu2.1_amd64.deb ...
#13 107.3 Unpacking libpython3-dev:amd64 (3.12.3-0ubuntu2.1) ...
#13 107.4 Selecting previously unselected package python3.12-dev.
#13 107.4 Preparing to unpack .../250-python3.12-dev_3.12.3-1ubuntu0.16_amd64.deb ...
#13 107.4 Unpacking python3.12-dev (3.12.3-1ubuntu0.16) ...
#13 107.6 Selecting previously unselected package libjs-underscore.
#13 107.6 Preparing to unpack .../251-libjs-underscore_1.13.4~dfsg+~1.11.4-3_all.deb ...
#13 107.6 Unpacking libjs-underscore (1.13.4~dfsg+~1.11.4-3) ...
#13 107.7 Selecting previously unselected package libjs-sphinxdoc.
#13 107.7 Preparing to unpack .../252-libjs-sphinxdoc_7.2.6-6_all.deb ...
#13 107.7 Unpacking libjs-sphinxdoc (7.2.6-6) ...
#13 107.8 Selecting previously unselected package python3-dev.
#13 107.8 Preparing to unpack .../253-python3-dev_3.12.3-0ubuntu2.1_amd64.deb ...
#13 107.9 Unpacking python3-dev (3.12.3-0ubuntu2.1) ...
#13 108.0 Selecting previously unselected package libboost-python1.83-dev.
#13 108.0 Preparing to unpack .../254-libboost-python1.83-dev_1.83.0-2.1ubuntu3.2_amd64.deb ...
#13 108.0 Unpacking libboost-python1.83-dev (1.83.0-2.1ubuntu3.2) ...
#13 108.1 Selecting previously unselected package libboost-python-dev.
#13 108.1 Preparing to unpack .../255-libboost-python-dev_1.83.0.1ubuntu2_amd64.deb ...
#13 108.1 Unpacking libboost-python-dev (1.83.0.1ubuntu2) ...
#13 108.3 Selecting previously unselected package libboost-random1.83.0:amd64.
#13 108.3 Preparing to unpack .../256-libboost-random1.83.0_1.83.0-2.1ubuntu3.2_amd64.deb ...
#13 108.3 Unpacking libboost-random1.83.0:amd64 (1.83.0-2.1ubuntu3.2) ...
#13 108.4 Selecting previously unselected package libboost-random1.83-dev:amd64.
#13 108.4 Preparing to unpack .../257-libboost-random1.83-dev_1.83.0-2.1ubuntu3.2_amd64.deb ...
#13 108.4 Unpacking libboost-random1.83-dev:amd64 (1.83.0-2.1ubuntu3.2) ...
#13 110.6 Selecting previously unselected package libboost-random-dev:amd64.
#13 110.6 Preparing to unpack .../258-libboost-random-dev_1.83.0.1ubuntu2_amd64.deb ...
#13 110.8 Unpacking libboost-random-dev:amd64 (1.83.0.1ubuntu2) ...
#13 111.6 Selecting previously unselected package libboost-regex-dev:amd64.
#13 111.6 Preparing to unpack .../259-libboost-regex-dev_1.83.0.1ubuntu2_amd64.deb ...
#13 111.8 Unpacking libboost-regex-dev:amd64 (1.83.0.1ubuntu2) ...
#13 112.5 Selecting previously unselected package libboost-serialization-dev:amd64.
#13 112.5 Preparing to unpack .../260-libboost-serialization-dev_1.83.0.1ubuntu2_amd64.deb ...
#13 112.7 Unpacking libboost-serialization-dev:amd64 (1.83.0.1ubuntu2) ...
#13 113.1 Selecting previously unselected package libboost-stacktrace1.83.0:amd64.
#13 113.2 Preparing to unpack .../261-libboost-stacktrace1.83.0_1.83.0-2.1ubuntu3.2_amd64.deb ...
#13 113.2 Unpacking libboost-stacktrace1.83.0:amd64 (1.83.0-2.1ubuntu3.2) ...
#13 113.7 Selecting previously unselected package libboost-stacktrace1.83-dev:amd64.
#13 113.8 Preparing to unpack .../262-libboost-stacktrace1.83-dev_1.83.0-2.1ubuntu3.2_amd64.deb ...
#13 113.8 Unpacking libboost-stacktrace1.83-dev:amd64 (1.83.0-2.1ubuntu3.2) ...
#13 116.0 Selecting previously unselected package libboost-stacktrace-dev:amd64.
#13 116.0 Preparing to unpack .../263-libboost-stacktrace-dev_1.83.0.1ubuntu2_amd64.deb ...
#13 116.9 Unpacking libboost-stacktrace-dev:amd64 (1.83.0.1ubuntu2) ...
#13 120.8 Selecting previously unselected package libboost-system-dev:amd64.
#13 120.8 Preparing to unpack .../264-libboost-system-dev_1.83.0.1ubuntu2_amd64.deb ...
#13 120.9 Unpacking libboost-system-dev:amd64 (1.83.0.1ubuntu2) ...
#13 121.3 Selecting previously unselected package libboost-test-dev:amd64.
#13 121.3 Preparing to unpack .../265-libboost-test-dev_1.83.0.1ubuntu2_amd64.deb ...
#13 121.4 Unpacking libboost-test-dev:amd64 (1.83.0.1ubuntu2) ...
#13 121.7 Selecting previously unselected package libboost-thread-dev:amd64.
#13 121.7 Preparing to unpack .../266-libboost-thread-dev_1.83.0.1ubuntu2_amd64.deb ...
#13 121.8 Unpacking libboost-thread-dev:amd64 (1.83.0.1ubuntu2) ...
#13 122.2 Selecting previously unselected package libboost-timer1.83.0:amd64.
#13 122.2 Preparing to unpack .../267-libboost-timer1.83.0_1.83.0-2.1ubuntu3.2_amd64.deb ...
#13 122.3 Unpacking libboost-timer1.83.0:amd64 (1.83.0-2.1ubuntu3.2) ...
#13 122.7 Selecting previously unselected package libboost-timer1.83-dev:amd64.
#13 122.7 Preparing to unpack .../268-libboost-timer1.83-dev_1.83.0-2.1ubuntu3.2_amd64.deb ...
#13 122.8 Unpacking libboost-timer1.83-dev:amd64 (1.83.0-2.1ubuntu3.2) ...
#13 123.2 Selecting previously unselected package libboost-timer-dev:amd64.
#13 123.2 Preparing to unpack .../269-libboost-timer-dev_1.83.0.1ubuntu2_amd64.deb ...
#13 123.3 Unpacking libboost-timer-dev:amd64 (1.83.0.1ubuntu2) ...
#13 123.7 Selecting previously unselected package libboost-type-erasure1.83.0:amd64.
#13 123.8 Preparing to unpack .../270-libboost-type-erasure1.83.0_1.83.0-2.1ubuntu3.2_amd64.deb ...
#13 123.8 Unpacking libboost-type-erasure1.83.0:amd64 (1.83.0-2.1ubuntu3.2) ...
#13 124.3 Selecting previously unselected package libboost-type-erasure1.83-dev:amd64.
#13 124.3 Preparing to unpack .../271-libboost-type-erasure1.83-dev_1.83.0-2.1ubuntu3.2_amd64.deb ...
#13 124.3 Unpacking libboost-type-erasure1.83-dev:amd64 (1.83.0-2.1ubuntu3.2) ...
#13 126.1 Selecting previously unselected package libboost-type-erasure-dev:amd64.
#13 126.1 Preparing to unpack .../272-libboost-type-erasure-dev_1.83.0.1ubuntu2_amd64.deb ...
#13 126.2 Unpacking libboost-type-erasure-dev:amd64 (1.83.0.1ubuntu2) ...
#13 126.7 Selecting previously unselected package libboost-url1.83.0:amd64.
#13 126.7 Preparing to unpack .../273-libboost-url1.83.0_1.83.0-2.1ubuntu3.2_amd64.deb ...
#13 126.8 Unpacking libboost-url1.83.0:amd64 (1.83.0-2.1ubuntu3.2) ...
#13 127.2 Selecting previously unselected package libboost-url1.83-dev:amd64.
#13 127.2 Preparing to unpack .../274-libboost-url1.83-dev_1.83.0-2.1ubuntu3.2_amd64.deb ...
#13 127.3 Unpacking libboost-url1.83-dev:amd64 (1.83.0-2.1ubuntu3.2) ...
#13 127.7 Selecting previously unselected package libboost-url-dev:amd64.
#13 127.7 Preparing to unpack .../275-libboost-url-dev_1.83.0.1ubuntu2_amd64.deb ...
#13 127.8 Unpacking libboost-url-dev:amd64 (1.83.0.1ubuntu2) ...
#13 128.3 Selecting previously unselected package libboost-wave1.83.0:amd64.
#13 128.3 Preparing to unpack .../276-libboost-wave1.83.0_1.83.0-2.1ubuntu3.2_amd64.deb ...
#13 128.4 Unpacking libboost-wave1.83.0:amd64 (1.83.0-2.1ubuntu3.2) ...
#13 128.8 Selecting previously unselected package libboost-wave1.83-dev:amd64.
#13 128.8 Preparing to unpack .../277-libboost-wave1.83-dev_1.83.0-2.1ubuntu3.2_amd64.deb ...
#13 128.9 Unpacking libboost-wave1.83-dev:amd64 (1.83.0-2.1ubuntu3.2) ...
#13 129.8 Selecting previously unselected package libboost-wave-dev:amd64.
#13 129.8 Preparing to unpack .../278-libboost-wave-dev_1.83.0.1ubuntu2_amd64.deb ...
#13 130.1 Unpacking libboost-wave-dev:amd64 (1.83.0.1ubuntu2) ...
#13 131.3 Selecting previously unselected package libboost-nowide1.83.0.
#13 131.3 Preparing to unpack .../279-libboost-nowide1.83.0_1.83.0-2.1ubuntu3.2_amd64.deb ...
#13 131.4 Unpacking libboost-nowide1.83.0 (1.83.0-2.1ubuntu3.2) ...
#13 131.8 Selecting previously unselected package libboost-nowide1.83-dev.
#13 131.8 Preparing to unpack .../280-libboost-nowide1.83-dev_1.83.0-2.1ubuntu3.2_amd64.deb ...
#13 131.9 Unpacking libboost-nowide1.83-dev (1.83.0-2.1ubuntu3.2) ...
#13 132.3 Selecting previously unselected package libboost-nowide-dev.
#13 132.4 Preparing to unpack .../281-libboost-nowide-dev_1.83.0.1ubuntu2_amd64.deb ...
#13 132.4 Unpacking libboost-nowide-dev (1.83.0.1ubuntu2) ...
#13 132.9 Selecting previously unselected package libboost-all-dev.
#13 132.9 Preparing to unpack .../282-libboost-all-dev_1.83.0.1ubuntu2_amd64.deb ...
#13 132.9 Unpacking libboost-all-dev (1.83.0.1ubuntu2) ...
#13 136.0 Selecting previously unselected package libbz2-dev:amd64.
#13 136.0 Preparing to unpack .../283-libbz2-dev_1.0.8-5.1ubuntu0.1_amd64.deb ...
#13 136.0 Unpacking libbz2-dev:amd64 (1.0.8-5.1ubuntu0.1) ...
#13 136.2 Selecting previously unselected package libmysql++3t64:amd64.
#13 136.2 Preparing to unpack .../284-libmysql++3t64_3.2.5-2.3_amd64.deb ...
#13 136.2 Unpacking libmysql++3t64:amd64 (3.2.5-2.3) ...
#13 136.3 Selecting previously unselected package libmysql++-dev:amd64.
#13 136.3 Preparing to unpack .../285-libmysql++-dev_3.2.5-2.3_amd64.deb ...
#13 136.3 Unpacking libmysql++-dev:amd64 (3.2.5-2.3) ...
#13 136.5 Selecting previously unselected package libncurses-dev:amd64.
#13 136.5 Preparing to unpack .../286-libncurses-dev_6.4+20240113-1ubuntu2.2_amd64.deb ...
#13 136.5 Unpacking libncurses-dev:amd64 (6.4+20240113-1ubuntu2.2) ...
#13 136.8 Selecting previously unselected package libreadline-dev:amd64.
#13 136.8 Preparing to unpack .../287-libreadline-dev_8.2-4build1_amd64.deb ...
#13 136.8 Unpacking libreadline-dev:amd64 (8.2-4build1) ...
#13 137.0 Selecting previously unselected package libtool.
#13 137.0 Preparing to unpack .../288-libtool_2.4.7-7build1_all.deb ...
#13 137.0 Unpacking libtool (2.4.7-7build1) ...
#13 137.2 Selecting previously unselected package lsb-base.
#13 137.2 Preparing to unpack .../289-lsb-base_11.6_all.deb ...
#13 137.2 Unpacking lsb-base (11.6) ...
#13 137.3 Selecting previously unselected package ninja-build.
#13 137.3 Preparing to unpack .../290-ninja-build_1.11.1-2_amd64.deb ...
#13 137.3 Unpacking ninja-build (1.11.1-2) ...
#13 137.5 Selecting previously unselected package unzip.
#13 137.5 Preparing to unpack .../291-unzip_6.0-28ubuntu4.1_amd64.deb ...
#13 137.6 Unpacking unzip (6.0-28ubuntu4.1) ...
#13 137.7 Selecting previously unselected package liblzma-dev:amd64.
#13 137.7 Preparing to unpack .../292-liblzma-dev_5.6.1+really5.4.5-1ubuntu0.3_amd64.deb ...
#13 137.7 Unpacking liblzma-dev:amd64 (5.6.1+really5.4.5-1ubuntu0.3) ...
#13 137.9 Setting up media-types (10.1.0) ...
#13 138.0 Setting up libboost-python1.83.0 (1.83.0-2.1ubuntu3.2) ...
#13 138.1 Setting up libboost-program-options1.83.0:amd64 (1.83.0-2.1ubuntu3.2) ...
#13 138.2 Setting up lsb-base (11.6) ...
#13 138.3 Setting up libpciaccess0:amd64 (0.17-3ubuntu0.24.04.2) ...
#13 138.3 Setting up mysql-common (5.8+1.1.0build1) ...
#13 138.5 update-alternatives: using /etc/mysql/my.cnf.fallback to provide /etc/mysql/my.cnf (my.cnf) in auto mode
#13 138.6 Setting up libmysqlclient21:amd64 (8.0.46-0ubuntu0.24.04.4) ...
#13 138.6 Setting up libxau6:amd64 (1:1.0.9-1build6) ...
#13 138.7 Setting up libboost-stacktrace1.83.0:amd64 (1.83.0-2.1ubuntu3.2) ...
#13 138.8 Setting up libkeyutils1:amd64 (1.6.3-3build1) ...
#13 138.9 Setting up lto-disabled-list (47) ...
#13 139.0 Setting up libzstd-dev:amd64 (1.5.5+dfsg2-2build1.1) ...
#13 139.0 Setting up libgdbm6t64:amd64 (1.23-5.1build1) ...
#13 139.1 Setting up libboost-nowide1.83.0 (1.83.0-2.1ubuntu3.2) ...
#13 139.2 Setting up libboost-date-time1.83.0:amd64 (1.83.0-2.1ubuntu3.2) ...
#13 139.3 Setting up libgdbm-compat4t64:amd64 (1.23-5.1build1) ...
#13 139.3 Setting up libboost-json1.83.0:amd64 (1.83.0-2.1ubuntu3.2) ...
#13 139.4 Setting up libmagic-mgc (1:5.45-3build1) ...
#13 139.5 Setting up libboost-timer1.83.0:amd64 (1.83.0-2.1ubuntu3.2) ...
#13 139.6 Setting up libcbor0.10:amd64 (0.10.2-1.2ubuntu2) ...
#13 139.7 Setting up libboost-regex1.83.0:amd64 (1.83.0-2.1ubuntu3.2) ...
#13 139.8 Setting up unzip (6.0-28ubuntu4.1) ...
#13 139.8 Setting up libbrotli1:amd64 (1.1.0-2build2) ...
#13 139.9 Setting up libsqlite3-0:amd64 (3.45.1-1ubuntu2.7) ...
#13 140.0 Setting up libboost-system1.83.0:amd64 (1.83.0-2.1ubuntu3.2) ...
#13 140.1 Setting up libuv1t64:amd64 (1.48.0-1.1build1) ...
#13 140.1 Setting up libboost-context1.83.0:amd64 (1.83.0-2.1ubuntu3.2) ...
#13 140.2 Setting up libmagic1t64:amd64 (1:5.45-3build1) ...
#13 140.4 Setting up libboost-random1.83.0:amd64 (1.83.0-2.1ubuntu3.2) ...
#13 140.4 Setting up binutils-common:amd64 (2.42-4ubuntu2.10) ...
#13 140.6 Setting up libpsl5t64:amd64 (0.21.2-1.1build1) ...
#13 140.6 Setting up libnghttp2-14:amd64 (1.59.0-1ubuntu0.4) ...
#13 140.7 Setting up linux-libc-dev:amd64 (6.8.0-139.139) ...
#13 140.8 Setting up libctf-nobfd0:amd64 (2.42-4ubuntu2.10) ...
#13 140.9 Setting up libboost-thread1.83.0:amd64 (1.83.0-2.1ubuntu3.2) ...
#13 141.0 Setting up m4 (1.4.19-4build1) ...
#13 141.0 Setting up libevent-2.1-7t64:amd64 (2.1.12-stable-9ubuntu2.1) ...
#13 141.1 Setting up file (1:5.45-3build1) ...
#13 141.2 Setting up libboost-filesystem1.83.0:amd64 (1.83.0-2.1ubuntu3.2) ...
#13 141.4 Setting up libgomp1:amd64 (14.2.0-4ubuntu2~24.04.1) ...
#13 141.5 Setting up bzip2 (1.0.8-5.1ubuntu0.1) ...
#13 141.6 Setting up libboost-url1.83.0:amd64 (1.83.0-2.1ubuntu3.2) ...
#13 141.7 Setting up libsframe1:amd64 (2.42-4ubuntu2.10) ...
#13 141.8 Setting up ninja-build (1.11.1-2) ...
#13 141.9 Setting up libelf1t64:amd64 (0.190-1.1ubuntu0.1) ...
#13 141.9 Setting up libjansson4:amd64 (2.14-2build2) ...
#13 142.0 Setting up libkrb5support0:amd64 (1.20.1-6ubuntu2.8) ...
#13 142.1 Setting up libsasl2-modules-db:amd64 (2.1.28+dfsg1-5ubuntu3.1) ...
#13 142.2 Setting up libboost-atomic1.83.0:amd64 (1.83.0-2.1ubuntu3.2) ...
#13 142.3 Setting up libboost-serialization1.83.0:amd64 (1.83.0-2.1ubuntu3.2) ...
#13 142.3 Setting up libboost-numpy1.83.0 (1.83.0-2.1ubuntu3.2) ...
#13 142.4 Setting up autotools-dev (20220109.1) ...
#13 142.5 Setting up rpcsvc-proto (1.4.2-0ubuntu7) ...
#13 142.6 Setting up gcc-13-base:amd64 (13.3.0-6ubuntu2~24.04.1) ...
#13 142.7 Setting up libmunge2:amd64 (0.5.15-4ubuntu0.1) ...
#13 142.7 Setting up libx11-data (2:1.8.7-1build1) ...
#13 142.8 Setting up make (4.3-4.1build2) ...
#13 142.9 Setting up libmpfr6:amd64 (4.2.1-1build1.1) ...
#13 143.0 Setting up libboost-chrono1.83.0t64:amd64 (1.83.0-2.1ubuntu3.2) ...
#13 143.0 Setting up librtmp1:amd64 (2.4+20151223.gitfa8646d.1-2build7) ...
#13 143.1 Setting up libboost-iostreams1.83.0:amd64 (1.83.0-2.1ubuntu3.2) ...
#13 143.2 Setting up libncurses6:amd64 (6.4+20240113-1ubuntu2.2) ...
#13 143.3 Setting up xz-utils (5.6.1+really5.4.5-1ubuntu0.3) ...
#13 143.3 update-alternatives: using /usr/bin/xz to provide /usr/bin/lzma (lzma) in auto mode
#13 143.3 update-alternatives: warning: skip creation of /usr/share/man/man1/lzma.1.gz because associated file /usr/share/man/man1/xz.1.gz (of link group lzma) doesn't exist
#13 143.3 update-alternatives: warning: skip creation of /usr/share/man/man1/unlzma.1.gz because associated file /usr/share/man/man1/unxz.1.gz (of link group lzma) doesn't exist
#13 143.3 update-alternatives: warning: skip creation of /usr/share/man/man1/lzcat.1.gz because associated file /usr/share/man/man1/xzcat.1.gz (of link group lzma) doesn't exist
#13 143.3 update-alternatives: warning: skip creation of /usr/share/man/man1/lzmore.1.gz because associated file /usr/share/man/man1/xzmore.1.gz (of link group lzma) doesn't exist
#13 143.3 update-alternatives: warning: skip creation of /usr/share/man/man1/lzless.1.gz because associated file /usr/share/man/man1/xzless.1.gz (of link group lzma) doesn't exist
#13 143.3 update-alternatives: warning: skip creation of /usr/share/man/man1/lzdiff.1.gz because associated file /usr/share/man/man1/xzdiff.1.gz (of link group lzma) doesn't exist
#13 143.3 update-alternatives: warning: skip creation of /usr/share/man/man1/lzcmp.1.gz because associated file /usr/share/man/man1/xzcmp.1.gz (of link group lzma) doesn't exist
#13 143.3 update-alternatives: warning: skip creation of /usr/share/man/man1/lzgrep.1.gz because associated file /usr/share/man/man1/xzgrep.1.gz (of link group lzma) doesn't exist
#13 143.3 update-alternatives: warning: skip creation of /usr/share/man/man1/lzegrep.1.gz because associated file /usr/share/man/man1/xzegrep.1.gz (of link group lzma) doesn't exist
#13 143.3 update-alternatives: warning: skip creation of /usr/share/man/man1/lzfgrep.1.gz because associated file /usr/share/man/man1/xzfgrep.1.gz (of link group lzma) doesn't exist
#13 143.4 Setting up perl-modules-5.38 (5.38.2-3.2ubuntu0.4) ...
#13 143.5 Setting up libquadmath0:amd64 (14.2.0-4ubuntu2~24.04.1) ...
#13 143.5 Setting up libssl-dev:amd64 (3.0.13-0ubuntu3.15) ...
#13 143.6 Setting up libboost-nowide1.83-dev (1.83.0-2.1ubuntu3.2) ...
#13 143.7 Setting up libhwloc15:amd64 (2.10.0-1build1) ...
#13 143.8 Setting up libmpc3:amd64 (1.3.1-1build1.1) ...
#13 143.8 Setting up libatomic1:amd64 (14.2.0-4ubuntu2~24.04.1) ...
#13 143.9 Setting up patch (2.7.6-7build3) ...
#13 144.0 Setting up libboost-numpy1.83-dev (1.83.0-2.1ubuntu3.2) ...
#13 144.0 Setting up libjsoncpp25:amd64 (1.9.5-6build1) ...
#13 144.1 Setting up libclang-common-18-dev:amd64 (1:18.1.3-1ubuntu1) ...
#13 144.2 Setting up libncursesw6:amd64 (6.4+20240113-1ubuntu2.2) ...
#13 144.2 Setting up libk5crypto3:amd64 (1.20.1-6ubuntu2.8) ...
#13 144.3 Setting up libgc1:amd64 (1:8.2.6-1build1) ...
#13 144.3 Setting up libltdl7:amd64 (2.4.7-7build1) ...
#13 144.4 Setting up libboost-test1.83.0:amd64 (1.83.0-2.1ubuntu3.2) ...
#13 144.5 Setting up libsasl2-2:amd64 (2.1.28+dfsg1-5ubuntu3.1) ...
#13 144.5 Setting up libgfortran5:amd64 (14.2.0-4ubuntu2~24.04.1) ...
#13 144.6 Setting up libboost-fiber1.83.0:amd64 (1.83.0-2.1ubuntu3.2) ...
#13 144.7 Setting up liblzma-dev:amd64 (5.6.1+really5.4.5-1ubuntu0.3) ...
#13 144.7 Setting up libubsan1:amd64 (14.2.0-4ubuntu2~24.04.1) ...
#13 144.8 Setting up libicu74:amd64 (74.2-1ubuntu3.1) ...
#13 144.9 Setting up libnuma1:amd64 (2.0.18-1ubuntu0.24.04.1) ...
#13 144.9 Setting up ocl-icd-libopencl1:amd64 (2.3.2-1build1) ...
#13 145.0 Setting up libhwasan0:amd64 (14.2.0-4ubuntu2~24.04.1) ...
#13 145.1 Setting up librhash0:amd64 (1.4.3-3build1) ...
#13 145.1 Setting up libcrypt-dev:amd64 (1:4.4.36-4build1) ...
#13 145.2 Setting up libasan8:amd64 (14.2.0-4ubuntu2~24.04.1) ...
#13 145.2 Setting up libnl-3-200:amd64 (3.7.0-0.3build1.1) ...
#13 145.4 Setting up libboost-graph1.83.0:amd64 (1.83.0-2.1ubuntu3.2) ...
#13 145.4 Setting up libpsm2-2 (11.2.185-2build1) ...
#13 145.5 Setting up openmpi-common (4.1.6-7ubuntu2) ...
#13 145.5 Setting up libboost-container1.83.0:amd64 (1.83.0-2.1ubuntu3.2) ...
#13 145.6 Setting up git-man (1:2.43.0-1ubuntu7.3) ...
#13 145.7 Setting up netbase (6.4) ...
#13 145.8 Setting up libboost-type-erasure1.83.0:amd64 (1.83.0-2.1ubuntu3.2) ...
#13 145.9 Setting up cmake-data (3.28.3-1build7) ...
#13 145.9 Setting up libkrb5-3:amd64 (1.20.1-6ubuntu2.8) ...
#13 146.0 Setting up libevent-core-2.1-7t64:amd64 (2.1.12-stable-9ubuntu2.1) ...
#13 146.1 Setting up libperl5.38t64:amd64 (5.38.2-3.2ubuntu0.4) ...
#13 146.1 Setting up libpsm-infinipath1 (3.3+20.604758e7-6.3build1) ...
#13 146.2 update-alternatives: using /usr/lib/libpsm1/libpsm_infinipath.so.1.16 to provide /usr/lib/x86_64-linux-gnu/libpsm_infinipath.so.1 (libpsm_infinipath.so.1) in auto mode
#13 146.2 Setting up libboost-math1.83.0:amd64 (1.83.0-2.1ubuntu3.2) ...
#13 146.3 Setting up libtsan2:amd64 (14.2.0-4ubuntu2~24.04.1) ...
#13 146.3 Setting up libjs-jquery (3.6.1+dfsg+~3.5.14-1) ...
#13 146.4 Setting up libbinutils:amd64 (2.42-4ubuntu2.10) ...
#13 146.4 Setting up libfido2-1:amd64 (1.14.0-1build3) ...
#13 146.5 Setting up libisl23:amd64 (0.26-3build1.1) ...
#13 146.6 Setting up libc-dev-bin (2.39-0ubuntu8.8) ...
#13 146.6 Setting up libbsd0:amd64 (0.12.1-1build1.1) ...
#13 146.7 Setting up libdrm-common (2.4.125-1ubuntu0.1~24.04.2) ...
#13 146.8 Setting up libhiredis1.1.0:amd64 (1.2.0-6ubuntu3) ...
#13 146.8 Setting up readline-common (8.2-4build1) ...
#13 146.9 Setting up libxml2:amd64 (2.9.14+dfsg-1.3ubuntu3.8) ...
#13 146.9 Setting up libcc1-0:amd64 (14.2.0-4ubuntu2~24.04.1) ...
#13 147.0 Setting up libldap2:amd64 (2.6.10+dfsg-0ubuntu0.24.04.1) ...
#13 147.1 Setting up libboost1.83-tools-dev (1.83.0-2.1ubuntu3.2) ...
#13 147.1 Setting up liblsan0:amd64 (14.2.0-4ubuntu2~24.04.1) ...
#13 147.2 Setting up libitm1:amd64 (14.2.0-4ubuntu2~24.04.1) ...
#13 147.2 Setting up libjs-underscore (1.13.4~dfsg+~1.11.4-3) ...
#13 147.3 Setting up libctf0:amd64 (2.42-4ubuntu2.10) ...
#13 147.4 Setting up libmysql++3t64:amd64 (3.2.5-2.3) ...
#13 147.4 Setting up libxdmcp6:amd64 (1:1.1.3-0ubuntu6) ...
#13 147.5 Setting up libboost-wave1.83.0:amd64 (1.83.0-2.1ubuntu3.2) ...
#13 147.5 Setting up libxcb1:amd64 (1.15-1ubuntu2) ...
#13 147.6 Setting up libboost-coroutine1.83.0:amd64 (1.83.0-2.1ubuntu3.2) ...
#13 147.7 Setting up cpp-13-x86-64-linux-gnu (13.3.0-6ubuntu2~24.04.1) ...
#13 147.8 Setting up libevent-pthreads-2.1-7t64:amd64 (2.1.12-stable-9ubuntu2.1) ...
#13 147.8 Setting up libboost-log1.83.0 (1.83.0-2.1ubuntu3.2) ...
#13 147.9 Setting up libedit2:amd64 (3.1-20230828-1build1) ...
#13 147.9 Setting up libevent-openssl-2.1-7t64:amd64 (2.1.12-stable-9ubuntu2.1) ...
#13 148.0 Setting up ccache (4.9.1-1) ...
#13 148.0 Updating symlinks in /usr/lib/ccache ...
#13 148.1 Setting up libboost-locale1.83.0:amd64 (1.83.0-2.1ubuntu3.2) ...
#13 148.1 Setting up libboost-tools-dev (1.83.0.1ubuntu2) ...
#13 148.2 Setting up libobjc4:amd64 (14.2.0-4ubuntu2~24.04.1) ...
#13 148.3 Setting up libboost-nowide-dev (1.83.0.1ubuntu2) ...
#13 148.3 Setting up libnl-route-3-200:amd64 (3.7.0-0.3build1.1) ...
#13 148.4 Setting up perl (5.38.2-3.2ubuntu0.4) ...
#13 148.5 Setting up libgprofng0:amd64 (2.42-4ubuntu2.10) ...
#13 148.5 Setting up libjs-jquery-ui (1.13.2+dfsg-1) ...
#13 148.6 Setting up libllvm17t64:amd64 (1:17.0.6-9ubuntu1) ...
#13 148.7 Setting up libboost-numpy-dev (1.83.0.1ubuntu2) ...
#13 148.7 Setting up libgssapi-krb5-2:amd64 (1.20.1-6ubuntu2.8) ...
#13 148.8 Setting up icu-devtools (74.2-1ubuntu3.1) ...
#13 148.8 Setting up libjs-sphinxdoc (7.2.6-6) ...
#13 148.9 Setting up libdpkg-perl (1.22.6ubuntu6.6) ...
#13 149.0 Setting up libssh-4:amd64 (0.10.6-2ubuntu0.5) ...
#13 149.0 Setting up autoconf (2.71-3) ...
#13 149.1 Setting up libevent-extra-2.1-7t64:amd64 (2.1.12-stable-9ubuntu2.1) ...
#13 149.1 Setting up libreadline8t64:amd64 (8.2-4build1) ...
#13 149.2 Setting up libdrm2:amd64 (2.4.125-1ubuntu0.1~24.04.2) ...
#13 149.3 Setting up libnl-3-dev:amd64 (3.7.0-0.3build1.1) ...
#13 149.3 Setting up libgcc-13-dev:amd64 (13.3.0-6ubuntu2~24.04.1) ...
#13 149.4 Setting up libc6-dev:amd64 (2.39-0ubuntu8.8) ...
#13 149.5 Setting up libx11-6:amd64 (2:1.8.7-1build1) ...
#13 149.5 Setting up libamd-comgr2:amd64 (6.0+git20231212.4510c28+dfsg-3build2) ...
#13 149.6 Setting up libgfortran-13-dev:amd64 (13.3.0-6ubuntu2~24.04.1) ...
#13 149.7 Setting up libarchive13t64:amd64 (3.7.2-2ubuntu0.8) ...
#13 149.7 Setting up libicu-dev:amd64 (74.2-1ubuntu3.1) ...
#13 149.8 Setting up libobjc-13-dev:amd64 (13.3.0-6ubuntu2~24.04.1) ...
#13 149.8 Setting up libstdc++-13-dev:amd64 (13.3.0-6ubuntu2~24.04.1) ...
#13 149.9 Setting up libllvm18:amd64 (1:18.1.3-1ubuntu1) ...
#13 150.0 Setting up binutils-x86-64-linux-gnu (2.42-4ubuntu2.10) ...
#13 150.0 Setting up libdrm-amdgpu1:amd64 (2.4.125-1ubuntu0.1~24.04.2) ...
#13 150.1 Setting up libbz2-dev:amd64 (1.0.8-5.1ubuntu0.1) ...
#13 150.2 Setting up cpp-x86-64-linux-gnu (4:13.2.0-7ubuntu1) ...
#13 150.2 Setting up automake (1:1.16.5-1.3ubuntu1) ...
#13 150.3 update-alternatives: using /usr/bin/automake-1.16 to provide /usr/bin/automake (automake) in auto mode
#13 150.3 update-alternatives: warning: skip creation of /usr/share/man/man1/automake.1.gz because associated file /usr/share/man/man1/automake-1.16.1.gz (of link group automake) doesn't exist
#13 150.3 update-alternatives: warning: skip creation of /usr/share/man/man1/aclocal.1.gz because associated file /usr/share/man/man1/aclocal-1.16.1.gz (of link group automake) doesn't exist
#13 150.3 Setting up libclang1-18 (1:18.1.3-1ubuntu1) ...
#13 150.4 Setting up libibverbs1:amd64 (50.0-2ubuntu0.2) ...
#13 150.6 Setting up mysql-client-core-8.0 (8.0.46-0ubuntu0.24.04.4) ...
#13 150.6 Setting up libboost1.83-dev:amd64 (1.83.0-2.1ubuntu3.2) ...
#13 150.7 Setting up libncurses-dev:amd64 (6.4+20240113-1ubuntu2.2) ...
#13 150.7 Setting up libboost-chrono1.83-dev:amd64 (1.83.0-2.1ubuntu3.2) ...
#13 150.8 Setting up libpython3.12-stdlib:amd64 (3.12.3-1ubuntu0.16) ...
#13 150.9 Setting up cpp-13 (13.3.0-6ubuntu2~24.04.1) ...
#13 150.9 Setting up libcurl4t64:amd64 (8.5.0-2ubuntu10.13) ...
#13 151.0 Setting up ibverbs-providers:amd64 (50.0-2ubuntu0.2) ...
#13 151.4 Setting up libboost-math1.83-dev:amd64 (1.83.0-2.1ubuntu3.2) ...
#13 151.5 Setting up libboost-chrono-dev:amd64 (1.83.0.1ubuntu2) ...
#13 151.5 Setting up openssh-client (1:9.6p1-3ubuntu13.19) ...
#13 151.8 Setting up gcc-13-x86-64-linux-gnu (13.3.0-6ubuntu2~24.04.1) ...
#13 151.8 Setting up libboost-math-dev:amd64 (1.83.0.1ubuntu2) ...
#13 151.9 Setting up python3.12 (3.12.3-1ubuntu0.16) ...
#13 153.4 Setting up libboost-program-options1.83-dev:amd64 (1.83.0-2.1ubuntu3.2) ...
#13 153.5 Setting up libboost-serialization1.83-dev:amd64 (1.83.0-2.1ubuntu3.2) ...
#13 153.5 Setting up libcurl3t64-gnutls:amd64 (8.5.0-2ubuntu10.13) ...
#13 153.6 Setting up libxext6:amd64 (2:1.3.4-1build2) ...
#13 153.6 Setting up libboost-test1.83-dev:amd64 (1.83.0-2.1ubuntu3.2) ...
#13 153.7 Setting up binutils (2.42-4ubuntu2.10) ...
#13 153.8 Setting up libreadline-dev:amd64 (8.2-4build1) ...
#13 153.8 Setting up gfortran-13-x86-64-linux-gnu (13.3.0-6ubuntu2~24.04.1) ...
#13 153.9 Setting up dpkg-dev (1.22.6ubuntu6.6) ...
#13 154.0 Setting up libnuma-dev:amd64 (2.0.18-1ubuntu0.24.04.1) ...
#13 154.0 Setting up libxnvctrl0:amd64 (510.47.03-0ubuntu4.24.04.1) ...
#13 154.1 Setting up libboost-test-dev:amd64 (1.83.0.1ubuntu2) ...
#13 154.2 Setting up liberror-perl (0.17029-2) ...
#13 154.2 Setting up libpython3.12t64:amd64 (3.12.3-1ubuntu0.16) ...
#13 154.3 Setting up libnl-route-3-dev:amd64 (3.7.0-0.3build1.1) ...
#13 154.3 Setting up libltdl-dev:amd64 (2.4.7-7build1) ...
#13 154.4 Setting up libboost-timer1.83-dev:amd64 (1.83.0-2.1ubuntu3.2) ...
#13 154.5 Setting up libexpat1-dev:amd64 (2.6.1-2ubuntu0.4) ...
#13 154.5 Setting up libboost-program-options-dev:amd64 (1.83.0.1ubuntu2) ...
#13 154.6 Setting up libboost-container1.83-dev:amd64 (1.83.0-2.1ubuntu3.2) ...
#13 154.6 Setting up libboost-date-time1.83-dev:amd64 (1.83.0-2.1ubuntu3.2) ...
#13 154.7 Setting up libevent-dev (2.1.12-stable-9ubuntu2.1) ...
#13 154.8 Setting up gcc-13 (13.3.0-6ubuntu2~24.04.1) ...
#13 154.8 Setting up libboost-stacktrace1.83-dev:amd64 (1.83.0-2.1ubuntu3.2) ...
#13 154.9 Setting up libboost-regex1.83-dev:amd64 (1.83.0-2.1ubuntu3.2) ...
#13 154.9 Setting up libboost-serialization-dev:amd64 (1.83.0.1ubuntu2) ...
#13 155.0 Setting up git (1:2.43.0-1ubuntu7.3) ...
#13 155.1 Setting up libboost-date-time-dev:amd64 (1.83.0.1ubuntu2) ...
#13 155.2 Setting up libboost-atomic1.83-dev:amd64 (1.83.0-2.1ubuntu3.2) ...
#13 155.2 Setting up llvm-18-linker-tools (1:18.1.3-1ubuntu1) ...
#13 155.3 Setting up zlib1g-dev:amd64 (1:1.3.dfsg-3.1ubuntu2.2) ...
#13 155.3 Setting up libboost-atomic-dev:amd64 (1.83.0.1ubuntu2) ...
#13 155.4 Setting up libboost-exception1.83-dev:amd64 (1.83.0-2.1ubuntu3.2) ...
#13 155.5 Setting up cpp (4:13.2.0-7ubuntu1) ...
#13 155.5 Setting up libboost-stacktrace-dev:amd64 (1.83.0.1ubuntu2) ...
#13 155.6 Setting up cmake (3.28.3-1build7) ...
#13 155.7 Setting up mysql-client-8.0 (8.0.46-0ubuntu0.24.04.4) ...
#13 155.7 Setting up librdmacm1t64:amd64 (50.0-2ubuntu0.2) ...
#13 155.8 Setting up libhwloc-dev:amd64 (2.10.0-1build1) ...
#13 155.8 Setting up libboost-dev:amd64 (1.83.0.1ubuntu2) ...
#13 155.9 Setting up curl (8.5.0-2ubuntu10.13) ...
#13 156.0 Setting up libboost-system1.83-dev:amd64 (1.83.0-2.1ubuntu3.2) ...
#13 156.0 Setting up libboost-regex-dev:amd64 (1.83.0.1ubuntu2) ...
#13 156.1 Setting up libclang-cpp18 (1:18.1.3-1ubuntu1) ...
#13 156.2 Setting up libboost-timer-dev:amd64 (1.83.0.1ubuntu2) ...
#13 156.3 Setting up libhsakmt1:amd64 (5.7.0-1build1) ...
#13 156.3 Setting up libmysqlclient-dev (8.0.46-0ubuntu0.24.04.4) ...
#13 156.4 Setting up libpython3-stdlib:amd64 (3.12.3-0ubuntu2.1) ...
#13 156.4 Setting up default-mysql-client (1.1.0build1) ...
#13 156.5 Setting up default-libmysqlclient-dev:amd64 (1.1.0build1) ...
#13 156.6 Setting up libboost-thread1.83-dev:amd64 (1.83.0-2.1ubuntu3.2) ...
#13 156.7 Setting up libfabric1:amd64 (1.17.0-3build2) ...
#13 156.7 Setting up libboost-json1.83-dev:amd64 (1.83.0-2.1ubuntu3.2) ...
#13 156.8 Setting up libboost-locale1.83-dev:amd64 (1.83.0-2.1ubuntu3.2) ...
#13 156.9 Setting up g++-13-x86-64-linux-gnu (13.3.0-6ubuntu2~24.04.1) ...
#13 156.9 Setting up gcc-x86-64-linux-gnu (4:13.2.0-7ubuntu1) ...
#13 157.0 Setting up libtool (2.4.7-7build1) ...
#13 157.1 Setting up libboost-iostreams1.83-dev:amd64 (1.83.0-2.1ubuntu3.2) ...
#13 157.1 Setting up libboost-system-dev:amd64 (1.83.0.1ubuntu2) ...
#13 157.2 Setting up libboost-type-erasure1.83-dev:amd64 (1.83.0-2.1ubuntu3.2) ...
#13 157.2 Setting up libboost-url1.83-dev:amd64 (1.83.0-2.1ubuntu3.2) ...
#13 157.3 Setting up libboost-locale-dev:amd64 (1.83.0.1ubuntu2) ...
#13 157.4 Setting up clang-18 (1:18.1.3-1ubuntu1) ...
#13 157.4 Setting up python3 (3.12.3-0ubuntu2.1) ...
#13 157.7 Setting up libpython3.12-dev:amd64 (3.12.3-1ubuntu0.16) ...
#13 157.8 Setting up libboost-filesystem1.83-dev:amd64 (1.83.0-2.1ubuntu3.2) ...
#13 157.9 Setting up libboost-exception-dev:amd64 (1.83.0.1ubuntu2) ...
#13 157.9 Setting up libboost-iostreams-dev:amd64 (1.83.0.1ubuntu2) ...
#13 158.0 Setting up libibverbs-dev:amd64 (50.0-2ubuntu0.2) ...
#13 158.1 Setting up libhwloc-plugins:amd64 (2.10.0-1build1) ...
#13 158.1 Setting up libboost-graph1.83-dev:amd64 (1.83.0-2.1ubuntu3.2) ...
#13 160.7 Setting up libboost-container-dev:amd64 (1.83.0.1ubuntu2) ...
#13 165.5 Setting up gcc (4:13.2.0-7ubuntu1) ...
#13 169.8 Setting up libboost-type-erasure-dev:amd64 (1.83.0.1ubuntu2) ...
#13 169.9 Setting up libmysql++-dev:amd64 (3.2.5-2.3) ...
#13 169.9 Setting up libboost-context1.83-dev:amd64 (1.83.0-2.1ubuntu3.2) ...
#13 170.0 Setting up libboost-coroutine1.83-dev:amd64 (1.83.0-2.1ubuntu3.2) ...
#13 170.1 Setting up libboost-fiber1.83-dev:amd64 (1.83.0-2.1ubuntu3.2) ...
#13 170.2 Setting up gfortran-13 (13.3.0-6ubuntu2~24.04.1) ...
#13 170.3 Setting up clang (1:18.0-59~exp2) ...
#13 170.4 Setting up python3.12-dev (3.12.3-1ubuntu0.16) ...
#13 170.4 Setting up libboost-random1.83-dev:amd64 (1.83.0-2.1ubuntu3.2) ...
#13 170.5 Setting up libpmix2t64:amd64 (5.0.1-4.1build1) ...
#13 170.6 Setting up libhsa-runtime64-1 (5.7.1-2build1) ...
#13 170.6 Setting up g++-x86-64-linux-gnu (4:13.2.0-7ubuntu1) ...
#13 170.7 Setting up libboost-url-dev:amd64 (1.83.0.1ubuntu2) ...
#13 170.8 Setting up libboost-coroutine-dev:amd64 (1.83.0.1ubuntu2) ...
#13 170.8 Setting up libboost-log1.83-dev (1.83.0-2.1ubuntu3.2) ...
#13 170.9 Setting up libboost-json-dev:amd64 (1.83.0.1ubuntu2) ...
#13 170.9 Setting up libboost-log-dev (1.83.0.1ubuntu2) ...
#13 171.0 Setting up libboost-filesystem-dev:amd64 (1.83.0.1ubuntu2) ...
#13 171.1 Setting up libpmix-dev:amd64 (5.0.1-4.1build1) ...
#13 171.1 Setting up libboost-thread-dev:amd64 (1.83.0.1ubuntu2) ...
#13 171.2 Setting up libboost-fiber-dev:amd64 (1.83.0.1ubuntu2) ...
#13 171.3 Setting up g++-13 (13.3.0-6ubuntu2~24.04.1) ...
#13 171.3 Setting up libboost-graph-dev:amd64 (1.83.0.1ubuntu2) ...
#13 171.4 Setting up libpython3-dev:amd64 (3.12.3-0ubuntu2.1) ...
#13 171.4 Setting up libboost-wave1.83-dev:amd64 (1.83.0-2.1ubuntu3.2) ...
#13 171.5 Setting up libboost-random-dev:amd64 (1.83.0.1ubuntu2) ...
#13 171.5 Setting up libboost-wave-dev:amd64 (1.83.0.1ubuntu2) ...
#13 171.6 Setting up libboost-context-dev:amd64 (1.83.0.1ubuntu2) ...
#13 171.7 Setting up libamdhip64-5 (5.7.1-3) ...
#13 171.7 Setting up python3-dev (3.12.3-0ubuntu2.1) ...
#13 171.8 Setting up libboost-python1.83-dev (1.83.0-2.1ubuntu3.2) ...
#13 171.8 Setting up g++ (4:13.2.0-7ubuntu1) ...
#13 171.9 update-alternatives: using /usr/bin/g++ to provide /usr/bin/c++ (c++) in auto mode
#13 171.9 update-alternatives: warning: skip creation of /usr/share/man/man1/c++.1.gz because associated file /usr/share/man/man1/g++.1.gz (of link group c++) doesn't exist
#13 171.9 Setting up build-essential (12.10ubuntu1) ...
#13 172.0 Setting up libucx0:amd64 (1.16.0+ds-5ubuntu1) ...
#13 172.0 Setting up libboost-python-dev (1.83.0.1ubuntu2) ...
#13 172.1 Setting up libopenmpi3t64:amd64 (4.1.6-7ubuntu2) ...
#13 172.2 Setting up libboost-mpi1.83.0 (1.83.0-2.1ubuntu3.2) ...
#13 172.2 Setting up openmpi-bin (4.1.6-7ubuntu2) ...
#13 172.3 update-alternatives: using /usr/bin/mpirun.openmpi to provide /usr/bin/mpirun (mpirun) in auto mode
#13 172.3 update-alternatives: warning: skip creation of /usr/share/man/man1/mpirun.1.gz because associated file /usr/share/man/man1/mpirun.openmpi.1.gz (of link group mpirun) doesn't exist
#13 172.3 update-alternatives: warning: skip creation of /usr/share/man/man1/mpiexec.1.gz because associated file /usr/share/man/man1/mpiexec.openmpi.1.gz (of link group mpirun) doesn't exist
#13 172.3 update-alternatives: using /usr/bin/mpicc.openmpi to provide /usr/bin/mpicc (mpi) in auto mode
#13 172.3 update-alternatives: warning: skip creation of /usr/share/man/man1/mpicc.1.gz because associated file /usr/share/man/man1/mpicc.openmpi.1.gz (of link group mpi) doesn't exist
#13 172.3 update-alternatives: warning: skip creation of /usr/share/man/man1/mpic++.1.gz because associated file /usr/share/man/man1/mpic++.openmpi.1.gz (of link group mpi) doesn't exist
#13 172.3 update-alternatives: warning: skip creation of /usr/share/man/man1/mpicxx.1.gz because associated file /usr/share/man/man1/mpicxx.openmpi.1.gz (of link group mpi) doesn't exist
#13 172.3 update-alternatives: warning: skip creation of /usr/share/man/man1/mpiCC.1.gz because associated file /usr/share/man/man1/mpiCC.openmpi.1.gz (of link group mpi) doesn't exist
#13 172.3 update-alternatives: warning: skip creation of /usr/share/man/man1/mpif77.1.gz because associated file /usr/share/man/man1/mpif77.openmpi.1.gz (of link group mpi) doesn't exist
#13 172.3 update-alternatives: warning: skip creation of /usr/share/man/man1/mpif90.1.gz because associated file /usr/share/man/man1/mpif90.openmpi.1.gz (of link group mpi) doesn't exist
#13 172.3 update-alternatives: warning: skip creation of /usr/share/man/man1/mpifort.1.gz because associated file /usr/share/man/man1/mpifort.openmpi.1.gz (of link group mpi) doesn't exist
#13 172.4 Setting up libboost-graph-parallel1.83.0 (1.83.0-2.1ubuntu3.2) ...
#13 172.4 Setting up mpi-default-bin (1.15build1) ...
#13 172.5 Setting up libopenmpi-dev:amd64 (4.1.6-7ubuntu2) ...
#13 172.5 update-alternatives: using /usr/lib/x86_64-linux-gnu/openmpi/include to provide /usr/include/x86_64-linux-gnu/mpi (mpi-x86_64-linux-gnu) in auto mode
#13 172.6 Setting up libboost-graph-parallel1.83-dev (1.83.0-2.1ubuntu3.2) ...
#13 172.6 Setting up libboost-mpi-python1.83.0 (1.83.0-2.1ubuntu3.2) ...
#13 173.0 Setting up libboost-graph-parallel-dev (1.83.0.1ubuntu2) ...
#13 173.0 Setting up mpi-default-dev (1.15build1) ...
#13 173.1 Setting up libboost-mpi1.83-dev (1.83.0-2.1ubuntu3.2) ...
#13 173.1 Setting up libboost-mpi-dev (1.83.0.1ubuntu2) ...
#13 173.2 Setting up libboost-mpi-python1.83-dev (1.83.0-2.1ubuntu3.2) ...
#13 173.3 Setting up libboost-mpi-python-dev (1.83.0.1ubuntu2) ...
#13 173.3 Setting up libboost-all-dev (1.83.0.1ubuntu2) ...
#13 173.4 Processing triggers for libc-bin (2.39-0ubuntu8.8) ...
#13 DONE 173.8s

#19 [ac-worldserver build 2/8] COPY CMakeLists.txt /azerothcore/CMakeLists.txt
#19 DONE 0.5s

#20 [ac-worldserver build 3/8] COPY conf /azerothcore/conf
#20 DONE 0.2s

#21 [ac-authserver build 4/8] COPY deps /azerothcore/deps
#21 DONE 0.5s

#22 [ac-worldserver build 5/8] COPY src /azerothcore/src
#22 DONE 0.6s

#23 [ac-authserver build 6/8] COPY modules /azerothcore/modules
#23 DONE 0.9s

#24 [ac-worldserver build 7/8] WORKDIR /azerothcore/build
#24 DONE 0.2s

#25 [ac-worldserver build 8/8] RUN --mount=type=cache,target=/ccache,sharing=locked     --mount=type=bind,target=/azerothcore/.git,source=.git     git config --global --add safe.directory /azerothcore     && cmake /azerothcore        -G Ninja        -DCMAKE_INSTALL_PREFIX="/azerothcore/env/dist"         -DAPPS_BUILD="all"                                     -DTOOLS_BUILD="all"                          -DSCRIPTS="static"                                  -DMODULES="static"                                  -DWITH_WARNINGS="ON"                      -DCMAKE_BUILD_TYPE="RelWithDebInfo"                            -DCMAKE_CXX_COMPILER="clang++"                         -DCMAKE_C_COMPILER="clang"                             -DCMAKE_CXX_COMPILER_LAUNCHER="ccache"                 -DCMAKE_C_COMPILER_LAUNCHER="ccache"                   -DBoost_USE_STATIC_LIBS="ON"                        && cmake --build . --config "RelWithDebInfo" -j $(($(nproc) + 1))     && cmake --install . --config "RelWithDebInfo"
#25 0.453 -- CMake version: 3.28.3
#25 0.606 -- The CXX compiler identification is Clang 18.1.3
#25 0.707 -- The C compiler identification is Clang 18.1.3
#25 0.754 -- Detecting CXX compiler ABI info
#25 0.943 -- Detecting CXX compiler ABI info - done
#25 0.956 -- Check for working CXX compiler: /usr/bin/clang++ - skipped
#25 0.956 -- Detecting CXX compile features
#25 0.957 -- Detecting CXX compile features - done
#25 0.995 -- Detecting C compiler ABI info
#25 1.138 -- Detecting C compiler ABI info - done
#25 1.151 -- Check for working C compiler: /usr/bin/clang - skipped
#25 1.151 -- Detecting C compile features
#25 1.152 -- Detecting C compile features - done
#25 1.161 -- Running cmake hook: AFTER_LOAD_CONF
#25 1.161 -- No hooks registered for AFTER_LOAD_CONF
#25 1.161 -- Enabled С++20 standard
#25 1.162 -- Detected 64-bit platform
#25 1.162 -- Detected amd64 processor architecture
#25 1.162 -- UNIX: Using jemalloc
#25 1.162 -- UNIX: Using default configuration directory
#25 1.162 -- UNIX: Using default library directory
#25 1.163 -- UNIX: Configuring uninstall target
#25 1.163 -- UNIX: Created uninstall target
#25 1.163 -- UNIX: Detected compiler: /usr/bin/clang
#25 1.163 -- Clang: disable pch timestamp when ccache and pch enabled
#25 1.163 -- Clang: Minimum version required is 10.0.0, found 18.1.3 - ok!
#25 1.164 -- Performing Test CLANG_HAVE_PROPER_CHARCONV
#25 1.462 -- Performing Test CLANG_HAVE_PROPER_CHARCONV - Success
#25 1.462 -- Clang: All warnings enabled
#25 1.463 -- Running cmake hook: AFTER_LOAD_CMAKE_MODULES
#25 1.463 -- No hooks registered for AFTER_LOAD_CMAKE_MODULES
#25 1.464 -- Using mysql-config: /usr/bin/mysql_config
#25 1.494 -- Found MySQL:    
#25 1.504 -- Found MySQL version: 8.0.46
#25 1.505 -- Found git binary : /usr/bin/git
#25 2.198 
#25 2.198 * AzerothCore revision            : 47960183bb03+ 2026-08-28 21:04:11 +0200 (Playerbot branch)
#25 2.198 * AzerothCore buildtype           : RelWithDebInfo
#25 2.198 
#25 2.198 * Install core to                 : /azerothcore/env/dist
#25 2.198 * Install libraries to            : /azerothcore/env/dist/lib
#25 2.198 * Install configs to              : /azerothcore/env/dist/etc
#25 2.198 
#25 2.198 * Build applications              : Yes (all)
#25 2.198 * Build tools                     : Yes (all)
#25 2.198 * Build with scripts              : Yes (static)
#25 2.198 * Build with modules              : Yes (static)
#25 2.198 * Build unit tests                : No  (default)
#25 2.198 * Build core w/PCH                : Yes (default)
#25 2.199 * Build scripts w/PCH             : Yes (default)
#25 2.199 * Show all warnings               : Yes
#25 2.199 * Use coreside debug              : No  (default)
#25 2.199 * Use unix gperftools             : No  (default)
#25 2.199 * Use GIT revision hash           : Yes (default)
#25 2.199 * Use stub for libsidecar         : Yes
#25 2.199 * Enable vmap DisableMgr checks   : Yes (default)
#25 2.199 * Show source tree                : No (For UNIX default)
#25 2.199 
#25 2.348 -- Found Boost: /usr/lib/x86_64-linux-gnu/cmake/Boost-1.83.0/BoostConfig.cmake (found suitable version "1.83.0", minimum required is "1.74") found components: filesystem program_options iostreams regex thread 
#25 2.353 -- Looking for MADV_FREE
#25 2.466 -- Looking for MADV_FREE - found
#25 2.477 -- Found OpenSSL: /usr/lib/x86_64-linux-gnu/libcrypto.so (found version "3.0.13") found components: Crypto SSL 
#25 2.479 -- Looking for C++ include filesystem
#25 3.781 -- Looking for C++ include filesystem - found
#25 3.781 -- Performing Test CXX_FILESYSTEM_NO_LINK_NEEDED
#25 5.100 -- Performing Test CXX_FILESYSTEM_NO_LINK_NEEDED - Success
#25 5.104 -- Found Threads: TRUE  
#25 5.116 -- Found ZLIB: /usr/lib/x86_64-linux-gnu/libz.so (found version "1.3")  
#25 5.123 -- Found Readline library: /usr/lib/x86_64-linux-gnu/libreadline.so
#25 5.123 -- Include dir is: /usr/include
#25 5.131 -- Found BZip2: /usr/lib/x86_64-linux-gnu/libbz2.so (found version "1.0.8") 
#25 5.132 -- Looking for BZ2_bzCompressInit
#25 5.251 -- Looking for BZ2_bzCompressInit - found
#25 5.291 -- Running cmake hook: BEFORE_SRC_LOAD
#25 5.291 -- No hooks registered for BEFORE_SRC_LOAD
#25 5.294 
#25 5.294 * Apps build list (all):
#25 5.294   |
#25 5.294   +- apps
#25 5.294   |   +- authserver
#25 5.294   |   +- worldserver
#25 5.294   |
#25 5.294 
#25 5.314 -- Running cmake hook: BEFORE_GAME_LIBRARY
#25 5.314 -- No hooks registered for BEFORE_GAME_LIBRARY
#25 5.418 -- Running cmake hook: AFTER_GAME_LIBRARY
#25 5.418 -- No hooks registered for AFTER_GAME_LIBRARY
#25 5.419 -- Running cmake hook: BEFORE_SCRIPTS_LIBRARY
#25 5.419 -- No hooks registered for BEFORE_SCRIPTS_LIBRARY
#25 5.421 * Script configuration (static):
#25 5.421   |
#25 5.421   +- worldserver
#25 5.421   |   +- Commands
#25 5.421   |   +- Custom
#25 5.421   |   +- EasternKingdoms
#25 5.421   |   +- Events
#25 5.421   |   +- Kalimdor
#25 5.421   |   +- Northrend
#25 5.421   |   +- OutdoorPvP
#25 5.421   |   +- Outland
#25 5.421   |   +- Pet
#25 5.421   |   +- Spells
#25 5.421   |   +- World
#25 5.421   |
#25 5.538 
#25 5.540 
#25 5.540 * Tools build list (all):[driver] UNRECOGNISED prompt, NOT answering: '#25 5.540 * Tools build list (all):'

#25 5.540   |
#25 5.540   +- tools
#25 5.540   |   +- dbimport
#25 5.540   |   +- map_extractor
#25 5.540   |   +- mmaps_generator
#25 5.540   |   +- vmap4_assembler
#25 5.540   |   +- vmap4_extractor
#25 5.540   |
#25 5.540 
#25 5.550 * Modules configuration (static):
#25 5.550   |
#25 5.550   +- worldserver
#25 5.550   |   +- mod-playerbots
#25 5.550   |
#25 5.550 
#25 5.797 -- * Modules config list:
#25 5.797   |
#25 5.797 --   +- mod-playerbots
#25 5.798 --   |  * playerbots.conf
#25 5.798 
#25 5.798 -- Running cmake hook: AFTER_SRC_LOAD
#25 5.798 -- No hooks registered for AFTER_SRC_LOAD
#25 5.802 -- Configuring done (5.3s)
#25 6.304 -- Generating done (0.4s)
#25 6.386 -- Build files have been written to: /azerothcore/build
#25 6.588 [1/1829] Building C object deps/argon2/CMakeFiles/argon2.dir/argon2/thread.c.o
#25 6.749 [2/1829] Building C object deps/argon2/CMakeFiles/argon2.dir/argon2/argon2.c.o
#25 6.805 [3/1829] Building C object deps/argon2/CMakeFiles/argon2.dir/argon2/blake2/blake2b.c.o
#25 6.817 [4/1829] Building C object deps/argon2/CMakeFiles/argon2.dir/argon2/core.c.o
#25 6.834 [5/1829] Building C object deps/SFMT/CMakeFiles/sfmt.dir/SFMT.c.o
#25 6.840 [6/1829] Building C object deps/jemalloc/CMakeFiles/jemalloc.dir/src/div.c.o
#25 6.843 [7/1829] Building C object deps/argon2/CMakeFiles/argon2.dir/argon2/opt.c.o
#25 6.882 [8/1829] Building C object deps/argon2/CMakeFiles/argon2.dir/argon2/encoding.c.o
#25 6.891 [9/1829] Linking CXX static library deps/SFMT/libsfmt.a
#25 6.961 [10/1829] Linking CXX static library deps/argon2/libargon2.a
#25 7.198 [11/1829] Building C object deps/jemalloc/CMakeFiles/jemalloc.dir/src/bitmap.c.o
#25 7.255 [12/1829] Building C object deps/jemalloc/CMakeFiles/jemalloc.dir/src/bin.c.o
#25 7.376 [13/1829] Building C object deps/jemalloc/CMakeFiles/jemalloc.dir/src/base.c.o
#25 7.453 [14/1829] Building C object deps/jemalloc/CMakeFiles/jemalloc.dir/src/extent_mmap.c.o
#25 7.468 [15/1829] Building C object deps/jemalloc/CMakeFiles/jemalloc.dir/src/background_thread.c.o
#25 7.513 [16/1829] Building C object deps/jemalloc/CMakeFiles/jemalloc.dir/src/extent_dss.c.o
#25 7.527 [17/1829] Building C object deps/jemalloc/CMakeFiles/jemalloc.dir/src/ckh.c.o
#25 7.572 [18/1829] Building C object deps/jemalloc/CMakeFiles/jemalloc.dir/src/hook.c.o
#25 7.819 [19/1829] Building C object deps/jemalloc/CMakeFiles/jemalloc.dir/src/hash.c.o
#25 7.920 [20/1829] Building C object deps/jemalloc/CMakeFiles/jemalloc.dir/src/log.c.o
#25 8.136 [21/1829] Building C object deps/jemalloc/CMakeFiles/jemalloc.dir/src/mutex_pool.c.o
#25 8.140 [22/1829] Building C object deps/jemalloc/CMakeFiles/jemalloc.dir/src/nstime.c.o
#25 8.179 [23/1829] Building C object deps/jemalloc/CMakeFiles/jemalloc.dir/src/mutex.c.o
#25 8.194 [24/1829] Building C object deps/jemalloc/CMakeFiles/jemalloc.dir/src/arena.c.o
#25 8.208 [25/1829] Building CXX object deps/fmt/CMakeFiles/fmt.dir/src/os.cc.o
#25 8.236 [26/1829] Building C object deps/jemalloc/CMakeFiles/jemalloc.dir/src/large.c.o
#25 8.333 [27/1829] Building C object deps/jemalloc/CMakeFiles/jemalloc.dir/src/prng.c.o
#25 8.340 [28/1829] Building C object deps/jemalloc/CMakeFiles/jemalloc.dir/src/pages.c.o
#25 8.343 [29/1829] Building C object deps/jemalloc/CMakeFiles/jemalloc.dir/src/malloc_io.c.o
#25 8.347 [30/1829] Building CXX object deps/jemalloc/CMakeFiles/jemalloc.dir/src/jemalloc_cpp.cpp.o
#25 8.475 [31/1829] Building C object deps/jemalloc/CMakeFiles/jemalloc.dir/src/sz.c.o
#25 8.481 [32/1829] Building C object deps/jemalloc/CMakeFiles/jemalloc.dir/src/test_hooks.c.o
#25 8.501 [33/1829] Building C object deps/jemalloc/CMakeFiles/jemalloc.dir/src/sc.c.o
#25 8.509 [34/1829] Building C object deps/jemalloc/CMakeFiles/jemalloc.dir/src/ctl.c.o
#25 8.674 [35/1829] Building C object deps/jemalloc/CMakeFiles/jemalloc.dir/src/rtree.c.o
#25 8.807 [36/1829] Building C object deps/jemalloc/CMakeFiles/jemalloc.dir/src/safety_check.c.o
#25 9.060 [37/1829] Building C object deps/jemalloc/CMakeFiles/jemalloc.dir/src/ticker.c.o
#25 9.091 [38/1829] Building C object deps/jemalloc/CMakeFiles/jemalloc.dir/src/tsd.c.o
#25 9.148 [39/1829] Building C object deps/jemalloc/CMakeFiles/jemalloc.dir/src/witness.c.o
#25 9.173 [40/1829] Building C object deps/jemalloc/CMakeFiles/jemalloc.dir/src/prof.c.o
#25 9.222 [41/1829] Building C object deps/jemalloc/CMakeFiles/jemalloc.dir/src/stats.c.o
#25 9.268 [42/1829] Building C object deps/jemalloc/CMakeFiles/jemalloc.dir/src/extent.c.o
#25 9.317 [43/1829] Building C object deps/jemalloc/CMakeFiles/jemalloc.dir/src/tcache.c.o
#25 9.612 [44/1829] Building C object deps/jemalloc/CMakeFiles/jemalloc.dir/src/jemalloc.c.o
#25 9.802 [45/1829] Linking CXX static library deps/jemalloc/libjemalloc.a
#25 9.984 [46/1829] Building CXX object deps/g3dlite/CMakeFiles/g3dlib.dir/source/BinaryFormat.cpp.o
#25 10.78 [47/1829] Building CXX object deps/g3dlite/CMakeFiles/g3dlib.dir/source/debugAssert.cpp.o
#25 10.79 [48/1829] Building CXX object deps/g3dlite/CMakeFiles/g3dlib.dir/source/AnyTableReader.cpp.o
#25 10.83 [49/1829] Building CXX object deps/g3dlite/CMakeFiles/g3dlib.dir/source/AABox.cpp.o
#25 10.93 [50/1829] Building CXX object deps/g3dlite/CMakeFiles/g3dlib.dir/source/Crypto.cpp.o
#25 11.22 [51/1829] Building CXX object deps/g3dlite/CMakeFiles/g3dlib.dir/source/Capsule.cpp.o
#25 11.26 [52/1829] Building CXX object deps/g3dlite/CMakeFiles/g3dlib.dir/source/Cylinder.cpp.o
#25 11.46 [53/1829] Building CXX object deps/g3dlite/CMakeFiles/g3dlib.dir/source/format.cpp.o
#25 11.57 [54/1829] Building CXX object deps/g3dlite/CMakeFiles/g3dlib.dir/source/Box.cpp.o
#25 11.82 [55/1829] Building CXX object deps/g3dlite/CMakeFiles/g3dlib.dir/source/BinaryOutput.cpp.o
#25 12.03 [56/1829] Building CXX object deps/g3dlite/CMakeFiles/g3dlib.dir/source/g3dfnmatch.cpp.o
#25 12.18 [57/1829] Building CXX object deps/g3dlite/CMakeFiles/g3dlib.dir/source/CoordinateFrame.cpp.o
#25 12.26 [58/1829] Building CXX object deps/g3dlite/CMakeFiles/g3dlib.dir/source/CollisionDetection.cpp.o
#25 12.36 [59/1829] Building CXX object deps/g3dlite/CMakeFiles/g3dlib.dir/source/BinaryInput.cpp.o
#25 12.61 [60/1829] Building CXX object deps/g3dlite/CMakeFiles/g3dlib.dir/source/g3dmath.cpp.o
#25 12.81 [61/1829] Building CXX object deps/g3dlite/CMakeFiles/g3dlib.dir/source/Line.cpp.o
#25 13.17 [62/1829] Building CXX object deps/g3dlite/CMakeFiles/g3dlib.dir/source/LineSegment.cpp.o
#25 13.18 [63/1829] Building CXX object deps/g3dlite/CMakeFiles/g3dlib.dir/source/FileSystem.cpp.o
#25 13.31 [64/1829] Building CXX object deps/g3dlite/CMakeFiles/g3dlib.dir/source/Log.cpp.o
#25 13.38 [65/1829] Building CXX object deps/g3dlite/CMakeFiles/g3dlib.dir/source/fileutils.cpp.o
#25 13.40 [66/1829] Building CXX object deps/g3dlite/CMakeFiles/g3dlib.dir/source/GThread.cpp.o
#25 13.66 [67/1829] Building CXX object deps/g3dlite/CMakeFiles/g3dlib.dir/source/MemoryManager.cpp.o
#25 13.68 [68/1829] Building CXX object deps/g3dlite/CMakeFiles/g3dlib.dir/source/prompt.cpp.o
#25 14.07 [69/1829] Building CXX object deps/fmt/CMakeFiles/fmt.dir/src/format.cc.o
#25 14.18 [70/1829] Building CXX object deps/g3dlite/CMakeFiles/g3dlib.dir/source/Matrix4.cpp.o
#25 14.18 [71/1829] Linking CXX static library deps/fmt/libfmt.a
#25 14.32 [72/1829] Building CXX object deps/g3dlite/CMakeFiles/g3dlib.dir/source/Plane.cpp.o
#25 14.36 [73/1829] Building CXX object deps/g3dlite/CMakeFiles/g3dlib.dir/source/PhysicsFrame.cpp.o
#25 14.46 [74/1829] Building CXX object deps/g3dlite/CMakeFiles/g3dlib.dir/source/RegistryUtil.cpp.o
#25 14.46 [75/1829] Building CXX object deps/g3dlite/CMakeFiles/g3dlib.dir/source/Matrix3.cpp.o
#25 14.51 [76/1829] Building CXX object deps/g3dlite/CMakeFiles/g3dlib.dir/source/Random.cpp.o
#25 14.57 [77/1829] Building CXX object deps/g3dlite/CMakeFiles/g3dlib.dir/source/Any.cpp.o
#25 14.57 [78/1829] Building CXX object deps/recastnavigation/Detour/CMakeFiles/Detour.dir/Source/DetourAlloc.cpp.o
#25 14.58 [79/1829] Building CXX object deps/recastnavigation/Detour/CMakeFiles/Detour.dir/Source/DetourAssert.cpp.o
#25 14.72 [80/1829] Building CXX object deps/g3dlite/CMakeFiles/g3dlib.dir/source/Ray.cpp.o
#25 15.26 [81/1829] Building CXX object deps/g3dlite/CMakeFiles/g3dlib.dir/source/Quat.cpp.o
#25 15.26 [82/1829] Building CXX object deps/recastnavigation/Detour/CMakeFiles/Detour.dir/Source/DetourCommon.cpp.o
#25 15.60 [83/1829] Building CXX object deps/g3dlite/CMakeFiles/g3dlib.dir/source/Sphere.cpp.o
#25 15.69 [84/1829] Building CXX object deps/g3dlite/CMakeFiles/g3dlib.dir/source/Triangle.cpp.o
#25 15.70 [85/1829] Building CXX object deps/g3dlite/CMakeFiles/g3dlib.dir/source/uint128.cpp.o
#25 15.74 [86/1829] Building CXX object deps/recastnavigation/Recast/CMakeFiles/Recast.dir/Source/RecastAlloc.cpp.o
#25 15.75 [87/1829] Building CXX object deps/recastnavigation/Recast/CMakeFiles/Recast.dir/Source/RecastAssert.cpp.o
#25 15.81 [88/1829] Building CXX object deps/recastnavigation/Detour/CMakeFiles/Detour.dir/Source/DetourNavMesh.cpp.o
#25 15.92 [89/1829] Building CXX object deps/recastnavigation/Detour/CMakeFiles/Detour.dir/Source/DetourNode.cpp.o
#25 16.03 [90/1829] Building CXX object deps/g3dlite/CMakeFiles/g3dlib.dir/source/stringutils.cpp.o
#25 16.08 [91/1829] Building CXX object deps/recastnavigation/Recast/CMakeFiles/Recast.dir/Source/Recast.cpp.o
#25 16.11 [92/1829] Building CXX object deps/g3dlite/CMakeFiles/g3dlib.dir/source/TextOutput.cpp.o
#25 16.13 [93/1829] Building CXX object deps/recastnavigation/Detour/CMakeFiles/Detour.dir/Source/DetourNavMeshBuilder.cpp.o
#25 16.47 [94/1829] Building CXX object deps/recastnavigation/Recast/CMakeFiles/Recast.dir/Source/RecastFilter.cpp.o
#25 16.61 [95/1829] Building CXX object deps/recastnavigation/Recast/CMakeFiles/Recast.dir/Source/RecastArea.cpp.o
#25 16.66 [96/1829] Building CXX object deps/g3dlite/CMakeFiles/g3dlib.dir/source/Vector2.cpp.o
#25 16.69 [97/1829] Building CXX object deps/recastnavigation/Detour/CMakeFiles/Detour.dir/Source/DetourNavMeshQuery.cpp.o
#25 16.74 [98/1829] Building CXX object deps/recastnavigation/Recast/CMakeFiles/Recast.dir/Source/RecastLayers.cpp.o
#25 16.75 [99/1829] Linking CXX static library deps/recastnavigation/Detour/libDetour.a
#25 16.81 [100/1829] Building C object deps/libmpq/CMakeFiles/mpq.dir/libmpq/common.c.o
#25 16.85 [101/1829] Building CXX object deps/recastnavigation/Recast/CMakeFiles/Recast.dir/Source/RecastRasterization.cpp.o
#25 16.93 [102/1829] Building C object deps/libmpq/CMakeFiles/mpq.dir/libmpq/extract.c.o
#25 17.05 [103/1829] Building C object deps/libmpq/CMakeFiles/mpq.dir/libmpq/explode.c.o
#25 17.08 [104/1829] Building C object deps/libmpq/CMakeFiles/mpq.dir/libmpq/huffman.c.o
#25 17.09 [105/1829] Building C object deps/libmpq/CMakeFiles/mpq.dir/libmpq/wave.c.o
#25 17.15 [106/1829] Building C object deps/libsidecar/CMakeFiles/libsidecar.dir/stub/battleground-api.c.o
#25 17.16 [107/1829] Building CXX object deps/g3dlite/CMakeFiles/g3dlib.dir/source/UprightFrame.cpp.o
#25 17.16 [108/1829] Building CXX object deps/g3dlite/CMakeFiles/g3dlib.dir/source/Vector3.cpp.o
#25 17.18 [109/1829] Building C object deps/libsidecar/CMakeFiles/libsidecar.dir/stub/events-guild.c.o
#25 17.20 [110/1829] Building C object deps/libsidecar/CMakeFiles/libsidecar.dir/stub/events-group.c.o
#25 17.25 [111/1829] Building C object deps/libsidecar/CMakeFiles/libsidecar.dir/stub/events-servers-registry.c.o
#25 17.27 [112/1829] Building C object deps/libsidecar/CMakeFiles/libsidecar.dir/stub/monitoring.c.o
#25 17.29 [113/1829] Building C object deps/libsidecar/CMakeFiles/libsidecar.dir/stub/player-interactions-api.c.o
#25 17.31 [114/1829] Building C object deps/libmpq/CMakeFiles/mpq.dir/libmpq/mpq.c.o
#25 17.33 [115/1829] Building C object deps/libsidecar/CMakeFiles/libsidecar.dir/stub/player-items-api.c.o
#25 17.34 [116/1829] Building CXX object deps/g3dlite/CMakeFiles/g3dlib.dir/source/Vector4.cpp.o
#25 17.36 [117/1829] Building C object deps/libsidecar/CMakeFiles/libsidecar.dir/stub/player-money-api.c.o
#25 17.37 [118/1829] Building CXX object deps/g3dlite/CMakeFiles/g3dlib.dir/source/TextInput.cpp.o
#25 17.37 [119/1829] Linking CXX static library deps/libmpq/libmpq.a
#25 17.39 [120/1829] Building C object deps/libsidecar/CMakeFiles/libsidecar.dir/stub/libsidecar.c.o
#25 17.48 [121/1829] Linking CXX static library deps/libsidecar/liblibsidecar.a
#25 17.48 [122/1829] Building CXX object deps/g3dlite/CMakeFiles/g3dlib.dir/source/System.cpp.o
#25 17.50 [123/1829] Building CXX object src/server/shared/CMakeFiles/shared.dir/SharedDefines.cpp.o
#25 17.67 [124/1829] Building CXX object deps/recastnavigation/Recast/CMakeFiles/Recast.dir/Source/RecastMesh.cpp.o
#25 17.71 [125/1829] Building CXX object deps/recastnavigation/Recast/CMakeFiles/Recast.dir/Source/RecastContour.cpp.o
#25 17.84 [126/1829] Linking CXX static library deps/g3dlite/libg3dlib.a
#25 18.11 [127/1829] cd /azerothcore && /usr/bin/cmake -DBUILDDIR="/azerothcore/build" -P /azerothcore/src/cmake/genrev.cmake /azerothcore/build
#25 18.12 [128/1829] Building CXX object deps/gsoap/CMakeFiles/gsoap.dir/soapServer.cpp.o
#25 18.64 [129/1829] Building CXX object deps/recastnavigation/Recast/CMakeFiles/Recast.dir/Source/RecastMeshDetail.cpp.o
#25 18.99 [130/1829] Building CXX object src/server/shared/CMakeFiles/shared.dir/enuminfo_SharedDefines.cpp.o
#25 18.99 [131/1829] Building CXX object deps/gsoap/CMakeFiles/gsoap.dir/soapC.cpp.o
#25 19.27 [132/1829] Building CXX object deps/recastnavigation/Recast/CMakeFiles/Recast.dir/Source/RecastRegion.cpp.o
#25 19.34 [133/1829] Linking CXX static library deps/recastnavigation/Recast/libRecast.a
#25 20.18 [134/1829] Building CXX object src/tools/CMakeFiles/map_extractor.dir/map_extractor/adt.cpp.o
#25 21.01 [135/1829] Building CXX object src/server/shared/CMakeFiles/shared.dir/DataStores/DBCStore.cpp.o
#25 21.49 [136/1829] Building CXX object src/tools/CMakeFiles/map_extractor.dir/map_extractor/dbcfile.cpp.o
#25 21.98 [137/1829] Building CXX object src/server/shared/CMakeFiles/shared.dir/DataStores/DBCDatabaseLoader.cpp.o
#25 22.42 [138/1829] Building CXX object src/tools/CMakeFiles/map_extractor.dir/map_extractor/loadlib.cpp.o
#25 22.90 [139/1829] Building CXX object src/tools/CMakeFiles/map_extractor.dir/map_extractor/wdt.cpp.o
#25 22.94 [140/1829] Building CXX object src/server/shared/CMakeFiles/shared.dir/Packets/ByteBuffer.cpp.o
#25 23.14 [141/1829] Building CXX object src/tools/CMakeFiles/map_extractor.dir/map_extractor/mpq_libmpq.cpp.o
#25 23.43 [142/1829] Building CXX object src/common/CMakeFiles/common.dir/cmake_pch.hxx.pch
#25 23.67 [143/1829] Building CXX object src/server/shared/CMakeFiles/shared.dir/Realms/Realm.cpp.o
#25 24.19 [144/1829] Building CXX object src/common/CMakeFiles/common.dir/Banner.cpp.o
#25 24.35 [145/1829] Building CXX object src/server/shared/CMakeFiles/shared.dir/Secrets/SecretMgr.cpp.o
#25 24.38 [146/1829] Building CXX object src/server/database/CMakeFiles/database.dir/cmake_pch.hxx.pch
#25 24.50 [147/1829] Building CXX object src/common/CMakeFiles/common.dir/Common.cpp.o
#25 24.89 [148/1829] Building CXX object src/common/CMakeFiles/common.dir/GitRevision.cpp.o
#25 25.25 [149/1829] Building CXX object src/tools/CMakeFiles/map_extractor.dir/map_extractor/System.cpp.o
#25 25.28 [150/1829] Building CXX object deps/gsoap/CMakeFiles/gsoap.dir/stdsoap2.cpp.o
#25 25.37 [151/1829] Linking CXX static library deps/gsoap/libgsoap.a
#25 25.58 [152/1829] Building CXX object src/common/CMakeFiles/common.dir/Collision/Management/VMapFactory.cpp.o
#25 25.88 [153/1829] Building CXX object src/common/CMakeFiles/common.dir/Collision/BoundingIntervalHierarchy.cpp.o
#25 26.17 [154/1829] Building CXX object src/common/CMakeFiles/common.dir/Collision/Management/MMapMgr.cpp.o
#25 26.40 [155/1829] Building CXX object src/server/apps/CMakeFiles/authserver.dir/cmake_pch.hxx.pch
#25 26.57 [156/1829] Building CXX object src/common/CMakeFiles/common.dir/Collision/Management/VMapMgr2.cpp.o
#25 26.81 [157/1829] Building CXX object src/common/CMakeFiles/common.dir/Collision/DynamicTree.cpp.o
#25 27.02 [158/1829] Building CXX object src/tools/CMakeFiles/mmaps_generator.dir/mmaps_generator/IntermediateValues.cpp.o
#25 27.36 [159/1829] Building CXX object src/common/CMakeFiles/common.dir/Collision/Management/WorldModelStore.cpp.o
#25 27.67 [160/1829] Building CXX object src/common/CMakeFiles/common.dir/Configuration/BuiltInConfig.cpp.o
#25 27.79 [161/1829] Building CXX object src/common/CMakeFiles/common.dir/Collision/Models/ModelInstance.cpp.o
#25 28.55 [162/1829] Building CXX object src/common/CMakeFiles/common.dir/Cryptography/ARC4.cpp.o
#25 28.55 [163/1829] Building CXX object src/common/CMakeFiles/common.dir/Cryptography/AES.cpp.o
#25 28.57 [164/1829] Building CXX object src/common/CMakeFiles/common.dir/Cryptography/Argon2.cpp.o
#25 28.78 [165/1829] Building CXX object src/common/CMakeFiles/common.dir/Collision/Models/GameObjectModel.cpp.o
#25 29.14 [166/1829] Building CXX object src/server/apps/CMakeFiles/worldserver.dir/cmake_pch.hxx.pch
#25 29.21 [167/1829] Building CXX object src/common/CMakeFiles/common.dir/Cryptography/OpenSSLCrypto.cpp.o
#25 29.45 [168/1829] Building CXX object src/common/CMakeFiles/common.dir/Collision/Models/WorldModel.cpp.o
#25 29.51 [169/1829] Building CXX object src/common/CMakeFiles/common.dir/Cryptography/BigNumber.cpp.o
#25 29.61 [170/1829] Building CXX object src/common/CMakeFiles/common.dir/Cryptography/CryptoRandom.cpp.o
#25 29.64 [171/1829] Building CXX object src/common/CMakeFiles/common.dir/Cryptography/TOTP.cpp.o
#25 29.82 [172/1829] Building CXX object src/server/shared/CMakeFiles/shared.dir/Realms/RealmList.cpp.o
#25 29.92 [173/1829] Building CXX object src/common/CMakeFiles/common.dir/Collision/Maps/MapTree.cpp.o
#25 29.93 [174/1829] Building CXX object src/common/CMakeFiles/common.dir/Cryptography/Authentication/AuthCrypt.cpp.o
#25 30.22 [175/1829] Building CXX object src/common/CMakeFiles/common.dir/Collision/Maps/TileAssembler.cpp.o
#25 30.44 [176/1829] Building CXX object src/common/CMakeFiles/common.dir/DataStores/DBCFileLoader.cpp.o
#25 30.56 [177/1829] Building CXX object src/common/CMakeFiles/common.dir/Encoding/Base64.cpp.o
#25 30.61 [178/1829] Building CXX object src/tools/CMakeFiles/dbimport.dir/dbimport/Main.cpp.o
#25 30.71 [179/1829] Building CXX object src/common/CMakeFiles/common.dir/Encoding/Base32.cpp.o
#25 30.72 [180/1829] Building CXX object src/common/CMakeFiles/common.dir/Logging/Appender.cpp.o
#25 30.79 [181/1829] Building CXX object src/common/CMakeFiles/common.dir/Cryptography/Authentication/SRP6.cpp.o
#25 31.13 [182/1829] Building CXX object src/common/CMakeFiles/common.dir/Logging/AppenderConsole.cpp.o
#25 31.33 [183/1829] Building CXX object src/common/CMakeFiles/common.dir/Logging/AppenderFile.cpp.o
#25 31.46 [184/1829] Building CXX object src/common/CMakeFiles/common.dir/Logging/enuminfo_LogCommon.cpp.o
#25 31.49 [185/1829] Building CXX object src/common/CMakeFiles/common.dir/Logging/LogMessage.cpp.o
#25 31.68 [186/1829] Building CXX object src/common/CMakeFiles/common.dir/Logging/enuminfo_AppenderConsole.cpp.o
#25 31.74 [187/1829] Building CXX object src/common/CMakeFiles/common.dir/Logging/Logger.cpp.o
#25 31.76 [188/1829] Building CXX object src/common/CMakeFiles/common.dir/Logging/LogOperation.cpp.o
#25 31.79 [189/1829] Building CXX object src/common/CMakeFiles/common.dir/Navigation/DetourExtended.cpp.o
#25 31.81 [190/1829] Building CXX object src/tools/CMakeFiles/mmaps_generator.dir/mmaps_generator/PathGenerator.cpp.o
#25 32.23 [191/1829] Building CXX object src/common/CMakeFiles/common.dir/Threading/ProcessPriority.cpp.o
#25 32.45 [192/1829] Building CXX object src/common/CMakeFiles/common.dir/IPLocation/IPLocation.cpp.o
#25 32.59 [193/1829] Building CXX object src/common/CMakeFiles/common.dir/Threading/Threading.cpp.o
#25 32.70 [194/1829] Building CXX object src/tools/CMakeFiles/mmaps_generator.dir/mmaps_generator/MapBuilder.cpp.o
#25 32.82 [195/1829] Building CXX object src/common/CMakeFiles/common.dir/Utilities/StringFormat.cpp.o
#25 32.82 [196/1829] Building CXX object src/common/CMakeFiles/common.dir/Utilities/EventMap.cpp.o
#25 32.99 [197/1829] Building CXX object src/common/CMakeFiles/common.dir/Utilities/EventProcessor.cpp.o
#25 33.01 [198/1829] Building CXX object src/common/CMakeFiles/common.dir/Utilities/SFMTRand.cpp.o
#25 33.12 [199/1829] Building CXX object src/common/CMakeFiles/common.dir/Utilities/Random.cpp.o
#25 33.32 [200/1829] Building CXX object src/common/CMakeFiles/common.dir/Utilities/Systemd.cpp.o
#25 33.54 [201/1829] Building CXX object src/common/CMakeFiles/common.dir/Utilities/Tokenize.cpp.o
#25 33.94 [202/1829] Building CXX object src/server/apps/CMakeFiles/authserver.dir/authserver/Authentication/AuthCodes.cpp.o
#25 34.04 [203/1829] Building CXX object src/common/CMakeFiles/common.dir/Utilities/Timer.cpp.o
#25 34.05 [204/1829] Building CXX object src/common/CMakeFiles/common.dir/Configuration/Config.cpp.o
#25 34.17 [205/1829] Building CXX object src/common/CMakeFiles/common.dir/Debugging/Errors.cpp.o
#25 34.53 [206/1829] Building CXX object src/common/CMakeFiles/common.dir/Logging/Log.cpp.o
#25 35.30 [207/1829] Building CXX object src/common/CMakeFiles/common.dir/Utilities/TaskScheduler.cpp.o
#25 35.30 [208/1829] Building CXX object src/server/database/CMakeFiles/database.dir/Database/DatabaseEnv.cpp.o
#25 35.62 [209/1829] Building CXX object src/server/database/CMakeFiles/database.dir/Database/AdhocStatement.cpp.o
#25 35.63 [210/1829] Building CXX object src/common/CMakeFiles/common.dir/Utilities/Util.cpp.o
#25 36.15 [211/1829] Building CXX object src/server/apps/CMakeFiles/worldserver.dir/worldserver/ACSoap/ACSoap.cpp.o
#25 36.23 [212/1829] Building CXX object src/server/database/CMakeFiles/database.dir/Database/DatabaseWorker.cpp.o
#25 37.06 [213/1829] Building CXX object src/server/database/CMakeFiles/database.dir/Database/MySQLThreading.cpp.o
#25 37.16 [214/1829] Building CXX object src/server/game/CMakeFiles/game.dir/cmake_pch.hxx.pch
#25 37.96 [215/1829] Building CXX object src/server/apps/CMakeFiles/worldserver.dir/worldserver/RemoteAccess/RASession.cpp.o
#25 37.97 [216/1829] Building CXX object src/server/database/CMakeFiles/database.dir/Database/DatabaseLoader.cpp.o
#25 38.19 [217/1829] Building CXX object src/server/database/CMakeFiles/database.dir/Database/MySQLPreparedStatement.cpp.o
#25 38.27 [218/1829] Building CXX object src/server/scripts/CMakeFiles/scripts.dir/cmake_pch.hxx.pch
#25 38.27 [219/1829] Building CXX object src/tools/CMakeFiles/mmaps_generator.dir/mmaps_generator/Config.cpp.o
#25 38.53 [220/1829] Building CXX object src/server/database/CMakeFiles/database.dir/Database/MySQLConnection.cpp.o
#25 39.04 [221/1829] Building CXX object src/server/database/CMakeFiles/database.dir/Database/Field.cpp.o
#25 39.38 [222/1829] Building CXX object src/server/database/CMakeFiles/database.dir/Database/Implementation/LoginDatabase.cpp.o
#25 39.38 [223/1829] Building CXX object src/server/database/CMakeFiles/database.dir/Database/QueryHolder.cpp.o
#25 39.40 [224/1829] Building CXX object src/server/database/CMakeFiles/database.dir/Database/QueryResult.cpp.o
#25 39.46 [225/1829] Building CXX object src/server/database/CMakeFiles/database.dir/Database/Implementation/CharacterDatabase.cpp.o
#25 39.69 [226/1829] Building CXX object src/server/database/CMakeFiles/database.dir/Database/Implementation/PlayerbotsDatabase.cpp.o
#25 39.95 [227/1829] Building CXX object src/server/database/CMakeFiles/database.dir/Database/QueryCallback.cpp.o
#25 39.96 [228/1829] Building CXX object src/server/database/CMakeFiles/database.dir/Database/PreparedStatement.cpp.o
#25 40.05 [229/1829] Building CXX object src/server/database/CMakeFiles/database.dir/Database/Implementation/WorldDatabase.cpp.o
#25 40.13 [230/1829] Building CXX object src/server/database/CMakeFiles/database.dir/Database/DatabaseWorkerPool.cpp.o
#25 40.27 [231/1829] Building CXX object src/server/database/CMakeFiles/database.dir/Database/Transaction.cpp.o
#25 40.45 [232/1829] Building CXX object src/server/database/CMakeFiles/database.dir/Logging/AppenderDB.cpp.o
#25 40.67 [233/1829] Building CXX object src/common/CMakeFiles/common.dir/Metric/Metric.cpp.o
#25 41.31 [234/1829] Building CXX object src/server/apps/CMakeFiles/authserver.dir/authserver/Server/AuthSession.cpp.o
#25 42.18 [235/1829] Building CXX object src/server/game/CMakeFiles/game.dir/AI/enuminfo_CreatureAI.cpp.o
#25 42.41 [236/1829] Building CXX object src/server/game/CMakeFiles/game.dir/AI/CoreAI/GameObjectAI.cpp.o
#25 42.76 [237/1829] Building CXX object src/server/apps/CMakeFiles/worldserver.dir/worldserver/CommandLine/CliRunnable.cpp.o
#25 43.26 [238/1829] Building CXX object src/server/game/CMakeFiles/game.dir/AI/CoreAI/PassiveAI.cpp.o
#25 43.77 [239/1829] Building CXX object src/server/game/CMakeFiles/game.dir/AI/CoreAI/ReactorAI.cpp.o
#25 44.26 [240/1829] Building CXX object src/server/database/CMakeFiles/database.dir/Updater/UpdateFetcher.cpp.o
#25 44.32 [241/1829] Building CXX object src/server/game/CMakeFiles/game.dir/AI/CoreAI/GuardAI.cpp.o
#25 44.72 [242/1829] Building CXX object src/server/game/CMakeFiles/game.dir/AI/CoreAI/CombatAI.cpp.o
#25 45.31 [243/1829] Building CXX object src/server/game/CMakeFiles/game.dir/AI/CreatureAISelector.cpp.o
#25 46.09 [244/1829] Building CXX object src/server/game/CMakeFiles/game.dir/AI/CoreAI/PetAI.cpp.o
#25 46.56 [245/1829] Building CXX object src/server/database/CMakeFiles/database.dir/Updater/DBUpdater.cpp.o
#25 46.63 [246/1829] Building CXX object src/server/game/CMakeFiles/game.dir/AI/CreatureAI.cpp.o
#25 46.79 [247/1829] Building CXX object src/server/game/CMakeFiles/game.dir/AI/CoreAI/TotemAI.cpp.o
#25 46.94 [248/1829] Building CXX object src/server/game/CMakeFiles/game.dir/AI/CreatureAIRegistry.cpp.o
#25 47.15 [249/1829] Building CXX object src/server/game/CMakeFiles/game.dir/AI/ScriptedAI/ScriptedGossip.cpp.o
#25 47.29 [250/1829] Building CXX object src/server/game/CMakeFiles/game.dir/AI/CoreAI/UnitAI.cpp.o
#25 47.40 [251/1829] Building CXX object src/common/CMakeFiles/common.dir/Utilities/StartProcess.cpp.o
#25 47.62 [252/1829] Linking CXX static library src/common/libcommon.a
#25 47.75 [253/1829] Linking CXX static library src/server/database/libdatabase.a
#25 47.87 [254/1829] Linking CXX static library src/server/shared/libshared.a
#25 49.12 [255/1829] Building CXX object src/server/game/CMakeFiles/game.dir/Accounts/RBAC.cpp.o
#25 49.13 [256/1829] Building CXX object src/server/game/CMakeFiles/game.dir/AI/ScriptedAI/ScriptedFollowerAI.cpp.o
#25 49.29 [257/1829] Building CXX object src/server/game/CMakeFiles/game.dir/Addons/AddonMgr.cpp.o
#25 49.38 [258/1829] Building CXX object src/server/game/CMakeFiles/game.dir/AI/ScriptedAI/ScriptedEscortAI.cpp.o
#25 49.47 [259/1829] Building CXX object src/server/apps/CMakeFiles/authserver.dir/authserver/Main.cpp.o
#25 50.36 [260/1829] Linking CXX executable src/server/apps/authserver
#25 50.51 [261/1829] Building CXX object src/server/game/CMakeFiles/game.dir/AI/ScriptedAI/ScriptedCreature.cpp.o
#25 52.32 [262/1829] Building CXX object src/server/game/CMakeFiles/game.dir/Accounts/AccountMgr.cpp.o
#25 52.37 [263/1829] Building CXX object src/server/game/CMakeFiles/game.dir/ArenaSpectator/ArenaSpectator.cpp.o
#25 52.70 [264/1829] Building CXX object src/server/game/CMakeFiles/game.dir/AI/SmartScripts/SmartAI.cpp.o
#25 52.73 [265/1829] Building CXX object src/server/game/CMakeFiles/game.dir/Battlefield/BattlefieldHandler.cpp.o
#25 53.14 [266/1829] Building CXX object src/server/game/CMakeFiles/game.dir/Autobroadcast/AutobroadcastMgr.cpp.o
#25 53.70 [267/1829] Building CXX object src/server/game/CMakeFiles/game.dir/AuctionHouse/AuctionHouseSearcher.cpp.o
#25 54.48 [268/1829] Building CXX object src/server/game/CMakeFiles/game.dir/AuctionHouse/AuctionHouseMgr.cpp.o
#25 55.61 [269/1829] Building CXX object src/server/game/CMakeFiles/game.dir/Battlegrounds/BattlegroundUtils.cpp.o
#25 55.81 [270/1829] Building CXX object src/server/game/CMakeFiles/game.dir/Battlefield/BattlefieldMgr.cpp.o
#25 55.91 [271/1829] Building CXX object src/server/game/CMakeFiles/game.dir/AI/SmartScripts/SmartScriptMgr.cpp.o
#25 56.01 [272/1829] Building CXX object src/server/game/CMakeFiles/game.dir/Battlegrounds/enuminfo_ArenaTeam.cpp.o
#25 56.59 [273/1829] Building CXX object src/server/game/CMakeFiles/game.dir/Battlegrounds/BattlegroundSpamProtect.cpp.o
#25 56.71 [274/1829] Building CXX object src/server/game/CMakeFiles/game.dir/Battlegrounds/Arena.cpp.o
#25 57.23 [275/1829] Building CXX object src/server/apps/CMakeFiles/worldserver.dir/worldserver/Main.cpp.o
#25 58.12 [276/1829] Building CXX object src/server/game/CMakeFiles/game.dir/Battlefield/Zones/BattlefieldWG.cpp.o
#25 58.23 [277/1829] Building CXX object src/server/game/CMakeFiles/game.dir/Battlegrounds/ArenaTeam.cpp.o
#25 58.37 [278/1829] Building CXX object src/server/game/CMakeFiles/game.dir/Battlegrounds/ArenaTeamMgr.cpp.o
#25 58.87 [279/1829] Building CXX object src/server/game/CMakeFiles/game.dir/Battlefield/Battlefield.cpp.o
#25 59.50 [280/1829] Building CXX object src/server/game/CMakeFiles/game.dir/Achievements/AchievementMgr.cpp.o
#25 59.77 [281/1829] Building CXX object src/server/game/CMakeFiles/game.dir/Battlegrounds/Zones/BattlegroundBE.cpp.o
#25 60.01 [282/1829] Building CXX object src/server/game/CMakeFiles/game.dir/Battlegrounds/ArenaSeason/ArenaSeasonRewardsDistributor.cpp.o
#25 60.14 [283/1829] Building CXX object src/server/game/CMakeFiles/game.dir/Battlegrounds/Zones/BattlegroundDS.cpp.o
#25 60.35 [284/1829] Building CXX object src/server/game/CMakeFiles/game.dir/Battlegrounds/Zones/BattlegroundAB.cpp.o
#25 61.20 [285/1829] Building CXX object src/server/game/CMakeFiles/game.dir/Battlegrounds/BattlegroundQueue.cpp.o
#25 61.44 [286/1829] Building CXX object src/server/game/CMakeFiles/game.dir/Battlegrounds/Zones/BattlegroundRL.cpp.o
#25 62.03 [287/1829] Building CXX object src/server/game/CMakeFiles/game.dir/Battlegrounds/ArenaSeason/ArenaSeasonMgr.cpp.o
#25 62.07 [288/1829] Building CXX object src/server/game/CMakeFiles/game.dir/Battlegrounds/Zones/BattlegroundNA.cpp.o
#25 62.22 [289/1829] Building CXX object src/server/game/CMakeFiles/game.dir/Battlegrounds/Zones/BattlegroundEY.cpp.o
#25 62.43 [290/1829] Building CXX object src/server/game/CMakeFiles/game.dir/Battlegrounds/Zones/BattlegroundRV.cpp.o
#25 63.33 [291/1829] Building CXX object src/server/game/CMakeFiles/game.dir/Battlegrounds/Battleground.cpp.o
#25 63.35 [292/1829] Building CXX object src/server/game/CMakeFiles/game.dir/AI/SmartScripts/SmartScript.cpp.o
#25 63.84 [293/1829] Building CXX object src/server/game/CMakeFiles/game.dir/Battlegrounds/Zones/BattlegroundWS.cpp.o
#25 63.85 [294/1829] Building CXX object src/server/game/CMakeFiles/game.dir/Battlegrounds/Zones/BattlegroundIC.cpp.o
#25 63.90 [295/1829] Building CXX object src/server/game/CMakeFiles/game.dir/Cache/WhoListCacheMgr.cpp.o
#25 64.50 [296/1829] Building CXX object src/server/game/CMakeFiles/game.dir/Cache/CharacterCache.cpp.o
#25 64.66 [297/1829] Building CXX object src/server/game/CMakeFiles/game.dir/Chat/Channels/enuminfo_Channel.cpp.o
#25 64.75 [298/1829] Building CXX object src/server/game/CMakeFiles/game.dir/Battlegrounds/Zones/BattlegroundAV.cpp.o
#25 65.21 [299/1829] Building CXX object src/server/game/CMakeFiles/game.dir/Battlegrounds/Zones/BattlegroundSA.cpp.o
#25 65.35 [300/1829] Building CXX object src/server/game/CMakeFiles/game.dir/Chat/Hyperlinks.cpp.o
#25 65.40 [301/1829] Building CXX object src/server/game/CMakeFiles/game.dir/Chat/HyperlinkTags.cpp.o
#25 65.80 [302/1829] Building CXX object src/server/game/CMakeFiles/game.dir/Calendar/CalendarMgr.cpp.o
#25 66.64 [303/1829] Building CXX object src/server/game/CMakeFiles/game.dir/Battlegrounds/BattlegroundMgr.cpp.o
#25 67.03 [304/1829] Building CXX object src/server/game/CMakeFiles/game.dir/Chat/ChatCommands/ChatCommandHelpers.cpp.o
#25 67.31 [305/1829] Building CXX object src/server/game/CMakeFiles/game.dir/Chat/Channels/ChannelMgr.cpp.o
#25 67.59 [306/1829] Building CXX object src/server/game/CMakeFiles/game.dir/DungeonFinding/LFG.cpp.o
#25 67.67 [307/1829] Building CXX object src/server/game/CMakeFiles/game.dir/DungeonFinding/LFGGroupData.cpp.o
#25 67.97 [308/1829] Building CXX object src/server/game/CMakeFiles/game.dir/Chat/Channels/Channel.cpp.o
#25 68.13 [309/1829] Building CXX object src/server/game/CMakeFiles/game.dir/Chat/ChatCommands/ChatCommandTags.cpp.o
#25 68.63 [310/1829] Building CXX object src/server/game/CMakeFiles/game.dir/Chat/ChatCommands/ChatCommandArgs.cpp.o
#25 68.92 [311/1829] Building CXX object src/server/game/CMakeFiles/game.dir/DataStores/M2Stores.cpp.o
#25 69.50 [312/1829] Building CXX object src/server/game/CMakeFiles/game.dir/DungeonFinding/LFGPlayerData.cpp.o
#25 69.73 [313/1829] Building CXX object src/server/game/CMakeFiles/game.dir/Combat/CombatManager.cpp.o
#25 70.07 [314/1829] Building CXX object src/server/game/CMakeFiles/game.dir/Conditions/DisableMgr.cpp.o
#25 70.24 [315/1829] Building CXX object src/server/game/CMakeFiles/game.dir/Chat/Chat.cpp.o
#25 71.21 [316/1829] Building CXX object src/server/game/CMakeFiles/game.dir/Chat/ChatCommands/ChatCommand.cpp.o
#25 71.24 [317/1829] Building CXX object src/server/game/CMakeFiles/game.dir/Entities/Creature/enuminfo_CreatureData.cpp.o
#25 72.04 [318/1829] Building CXX object src/server/game/CMakeFiles/game.dir/Entities/Corpse/Corpse.cpp.o
#25 72.26 [319/1829] Building CXX object src/server/game/CMakeFiles/game.dir/Entities/Creature/CreatureGroups.cpp.o
#25 72.98 [320/1829] Building CXX object src/server/game/CMakeFiles/game.dir/Combat/ThreatManager.cpp.o
#25 73.08 [321/1829] Building CXX object src/server/game/CMakeFiles/game.dir/Entities/Creature/Trainer.cpp.o
#25 73.61 [322/1829] Building CXX object src/server/game/CMakeFiles/game.dir/Entities/Item/enuminfo_Item.cpp.o
#25 73.73 [323/1829] Building CXX object src/server/game/CMakeFiles/game.dir/DungeonFinding/LFGScripts.cpp.o
#25 73.76 [324/1829] Building CXX object src/server/game/CMakeFiles/game.dir/Entities/Item/ItemEnchantmentMgr.cpp.o
#25 75.08 [325/1829] Building CXX object src/server/game/CMakeFiles/game.dir/Entities/Creature/TemporarySummon.cpp.o
#25 75.48 [326/1829] Building CXX object src/server/game/CMakeFiles/game.dir/Entities/Object/ObjectPosSelector.cpp.o
#25 75.65 [327/1829] Building CXX object src/server/game/CMakeFiles/game.dir/Entities/Object/Position.cpp.o
#25 75.67 [328/1829] Building CXX object src/server/game/CMakeFiles/game.dir/Entities/Object/ObjectGuid.cpp.o
#25 75.70 [329/1829] Building CXX object src/server/game/CMakeFiles/game.dir/Entities/Creature/GossipDef.cpp.o
#25 75.90 [330/1829] Building CXX object src/server/game/CMakeFiles/game.dir/DungeonFinding/LFGQueue.cpp.o
#25 76.18 [331/1829] Building CXX object src/server/game/CMakeFiles/game.dir/Entities/Item/Container/Bag.cpp.o
#25 76.30 [332/1829] Building CXX object src/server/game/CMakeFiles/game.dir/Entities/DynamicObject/DynamicObject.cpp.o
#25 76.41 [333/1829] Building CXX object src/server/game/CMakeFiles/game.dir/Conditions/ConditionMgr.cpp.o
#25 76.85 [334/1829] Building CXX object src/server/game/CMakeFiles/game.dir/Entities/Object/Updates/UpdateData.cpp.o
#25 76.98 [335/1829] Building CXX object src/server/game/CMakeFiles/game.dir/Entities/Object/Updates/UpdateFieldFlags.cpp.o
#25 77.28 [336/1829] Building CXX object src/server/game/CMakeFiles/game.dir/Entities/Object/ObjectVisibilityContainer.cpp.o
#25 78.79 [337/1829] Building CXX object src/server/game/CMakeFiles/game.dir/Entities/Player/CinematicMgr.cpp.o
#25 79.72 [338/1829] Building CXX object src/server/game/CMakeFiles/game.dir/Entities/Item/Item.cpp.o
#25 80.84 [339/1829] Building CXX object src/server/game/CMakeFiles/game.dir/Entities/Player/PlayerTaxi.cpp.o
#25 80.86 [340/1829] Building CXX object src/server/game/CMakeFiles/game.dir/Entities/Player/PlayerGossip.cpp.o
#25 81.06 [341/1829] Building CXX object src/server/game/CMakeFiles/game.dir/Entities/Player/KillRewarder.cpp.o
#25 81.19 [342/1829] Building CXX object src/server/game/CMakeFiles/game.dir/Entities/Player/PlayerSettings.cpp.o
#25 81.91 [343/1829] Building CXX object src/server/game/CMakeFiles/game.dir/Entities/Creature/Creature.cpp.o
#25 82.77 [344/1829] Building CXX object src/server/game/CMakeFiles/game.dir/Entities/Player/PlayerMisc.cpp.o
#25 83.03 [345/1829] Building CXX object src/server/game/CMakeFiles/game.dir/Entities/Player/RaceMgr.cpp.o
#25 83.32 [346/1829] Building CXX object src/server/game/CMakeFiles/game.dir/DungeonFinding/LFGMgr.cpp.o
#25 83.73 [347/1829] Building CXX object src/server/game/CMakeFiles/game.dir/Entities/Player/TradeData.cpp.o
#25 84.60 [348/1829] Building CXX object src/server/game/CMakeFiles/game.dir/Entities/Player/SocialMgr.cpp.o
#25 84.71 [349/1829] Building CXX object src/server/game/CMakeFiles/game.dir/Entities/GameObject/GameObject.cpp.o
#25 84.95 [350/1829] Building CXX object src/server/game/CMakeFiles/game.dir/Entities/Unit/enuminfo_Unit.cpp.o
#25 85.05 [351/1829] Building CXX object src/server/game/CMakeFiles/game.dir/Entities/Totem/Totem.cpp.o
#25 85.22 [352/1829] Building CXX object src/server/game/CMakeFiles/game.dir/DataStores/DBCStores.cpp.o
#25 85.83 [353/1829] Building CXX object src/server/game/CMakeFiles/game.dir/Entities/Object/Object.cpp.o
#25 85.93 [354/1829] Building CXX object src/server/game/CMakeFiles/game.dir/Entities/Player/PlayerQuest.cpp.o
#25 85.97 [355/1829] Building CXX object src/server/game/CMakeFiles/game.dir/Entities/Unit/CharmInfo.cpp.o
#25 86.38 [356/1829] Building CXX object src/server/game/CMakeFiles/game.dir/Entities/Pet/Pet.cpp.o
#25 86.83 [357/1829] Building CXX object src/server/game/CMakeFiles/game.dir/Events/HolidayDateCalculator.cpp.o
#25 87.44 [358/1829] Building CXX object src/server/game/CMakeFiles/game.dir/Globals/WorldGlobals.cpp.o
#25 88.42 [359/1829] Building CXX object src/server/game/CMakeFiles/game.dir/Entities/Player/PlayerUpdates.cpp.o
#25 88.60 [360/1829] Building CXX object src/server/game/CMakeFiles/game.dir/Grids/MapGridManager.cpp.o
#25 89.10 [361/1829] Building CXX object src/server/game/CMakeFiles/game.dir/Entities/Unit/StatSystem.cpp.o
#25 89.12 [362/1829] Building CXX object src/server/game/CMakeFiles/game.dir/Entities/Transport/Transport.cpp.o
#25 89.15 [363/1829] Building CXX object src/server/game/CMakeFiles/game.dir/Grids/GridTerrainData.cpp.o
#25 90.30 [364/1829] Building CXX object src/server/game/CMakeFiles/game.dir/Groups/GroupReference.cpp.o
#25 90.33 [365/1829] Building CXX object src/server/game/CMakeFiles/game.dir/Globals/ObjectAccessor.cpp.o
#25 90.94 [366/1829] Building CXX object src/server/game/CMakeFiles/game.dir/Grids/GridTerrainLoader.cpp.o
#25 90.96 [367/1829] Building CXX object src/server/game/CMakeFiles/game.dir/Grids/GridObjectLoader.cpp.o
#25 91.02 [368/1829] Building CXX object src/server/game/CMakeFiles/game.dir/Entities/Vehicle/Vehicle.cpp.o
#25 91.21 [369/1829] Building CXX object src/server/game/CMakeFiles/game.dir/Groups/GroupMgr.cpp.o
#25 91.24 [370/1829] Building CXX object src/server/game/CMakeFiles/game.dir/Handlers/AddonHandler.cpp.o
#25 91.78 [371/1829] Building CXX object src/server/game/CMakeFiles/game.dir/Grids/Notifiers/GridNotifiers.cpp.o
#25 92.67 [372/1829] Building CXX object src/server/game/CMakeFiles/game.dir/Handlers/AuthHandler.cpp.o
#25 93.65 [373/1829] Building CXX object src/server/game/CMakeFiles/game.dir/Guilds/GuildMgr.cpp.o
#25 94.24 [374/1829] Building CXX object src/server/game/CMakeFiles/game.dir/Handlers/ArenaTeamHandler.cpp.o
#25 94.42 [375/1829] Building CXX object src/server/game/CMakeFiles/game.dir/Handlers/BankHandler.cpp.o
#25 95.38 [376/1829] Building CXX object src/server/game/CMakeFiles/game.dir/Handlers/ChannelHandler.cpp.o
#25 96.56 [377/1829] Building CXX object src/server/game/CMakeFiles/game.dir/Events/GameEventMgr.cpp.o
#25 97.04 [378/1829] Building CXX object src/server/game/CMakeFiles/game.dir/Entities/Player/PlayerStorage.cpp.o
#25 97.18 [379/1829] Building CXX object src/server/game/CMakeFiles/game.dir/Handlers/CalendarHandler.cpp.o
#25 97.19 [380/1829] Building CXX object src/server/game/CMakeFiles/game.dir/Groups/Group.cpp.o
#25 97.21 [381/1829] Building CXX object src/server/game/CMakeFiles/game.dir/Handlers/DuelHandler.cpp.o
#25 97.23 [382/1829] Building CXX object src/server/game/CMakeFiles/game.dir/Handlers/CombatHandler.cpp.o
#25 98.10 [383/1829] Building CXX object src/server/game/CMakeFiles/game.dir/Handlers/AuctionHouseHandler.cpp.o
#25 98.77 [384/1829] Building CXX object src/server/game/CMakeFiles/game.dir/Handlers/BattleGroundHandler.cpp.o
#25 100.9 [385/1829] Building CXX object src/server/game/CMakeFiles/game.dir/Handlers/ChatHandler.cpp.o
#25 101.0 [386/1829] Building CXX object src/server/game/CMakeFiles/game.dir/Handlers/GuildHandler.cpp.o
#25 101.3 [387/1829] Building CXX object src/server/game/CMakeFiles/game.dir/Handlers/GroupHandler.cpp.o
#25 102.5 [388/1829] Building CXX object src/server/game/CMakeFiles/game.dir/Guilds/Guild.cpp.o
#25 103.4 [389/1829] Building CXX object src/server/game/CMakeFiles/game.dir/Handlers/LootHandler.cpp.o
#25 104.2 [390/1829] Building CXX object src/server/game/CMakeFiles/game.dir/Handlers/ItemHandler.cpp.o
#25 104.7 [391/1829] Building CXX object src/server/game/CMakeFiles/game.dir/Handlers/CharacterHandler.cpp.o
#25 104.9 [392/1829] Building CXX object src/server/game/CMakeFiles/game.dir/Handlers/MailHandler.cpp.o
#25 105.1 [393/1829] Building CXX object src/server/game/CMakeFiles/game.dir/Handlers/NPCHandler.cpp.o
#25 105.3 [394/1829] Building CXX object src/server/game/CMakeFiles/game.dir/Handlers/LFGHandler.cpp.o
#25 105.4 [395/1829] Building CXX object src/server/game/CMakeFiles/game.dir/Handlers/PetHandler.cpp.o
#25 105.7 [396/1829] Building CXX object src/server/game/CMakeFiles/game.dir/Handlers/MovementHandler.cpp.o
#25 106.0 [397/1829] Building CXX object src/server/game/CMakeFiles/game.dir/Handlers/ReferAFriendHandler.cpp.o
#25 106.5 [398/1829] Building CXX object src/server/game/CMakeFiles/game.dir/Handlers/QueryHandler.cpp.o
#25 107.1 [399/1829] Building CXX object src/server/game/CMakeFiles/game.dir/Handlers/MiscHandler.cpp.o
#25 107.1 [400/1829] Building CXX object src/server/game/CMakeFiles/game.dir/Handlers/SkillHandler.cpp.o
#25 107.3 [401/1829] Building CXX object src/server/game/CMakeFiles/game.dir/Handlers/VoiceChatHandler.cpp.o
#25 108.0 [402/1829] Building CXX object src/server/game/CMakeFiles/game.dir/Handlers/Socialhandler.cpp.o
#25 108.3 [403/1829] Building CXX object src/server/game/CMakeFiles/game.dir/Handlers/PetitionsHandler.cpp.o
#25 108.8 [404/1829] Building CXX object src/server/game/CMakeFiles/game.dir/Handlers/VehicleHandler.cpp.o
#25 109.1 [405/1829] Building CXX object src/server/game/CMakeFiles/game.dir/Handlers/QuestHandler.cpp.o
#25 109.6 [406/1829] Building CXX object src/server/game/CMakeFiles/game.dir/Handlers/TicketHandler.cpp.o
#25 110.3 [407/1829] Building CXX object src/server/game/CMakeFiles/game.dir/Loot/LootItemStorage.cpp.o
#25 110.4 [408/1829] Building CXX object src/server/game/CMakeFiles/game.dir/Handlers/TaxiHandler.cpp.o
#25 110.6 [409/1829] Building CXX object src/server/game/CMakeFiles/game.dir/Entities/Player/Player.cpp.o
#25 110.6 [410/1829] Building CXX object src/server/game/CMakeFiles/game.dir/Maps/AreaBoundary.cpp.o
#25 111.3 [411/1829] Building CXX object src/server/game/CMakeFiles/game.dir/Mails/MailMgr.cpp.o
#25 111.5 [412/1829] Building CXX object src/server/game/CMakeFiles/game.dir/Handlers/SpellHandler.cpp.o
#25 112.0 [413/1829] Building CXX object src/server/game/CMakeFiles/game.dir/Maps/MapCollisionData.cpp.o
#25 112.4 [414/1829] Building CXX object src/server/game/CMakeFiles/game.dir/Handlers/TradeHandler.cpp.o
#25 112.8 [415/1829] Building CXX object src/server/game/CMakeFiles/game.dir/Misc/DynamicVisibility.cpp.o
#25 113.0 [416/1829] Building CXX object src/server/game/CMakeFiles/game.dir/Mails/ServerMailMgr.cpp.o
#25 113.7 [417/1829] Building CXX object src/server/game/CMakeFiles/game.dir/Entities/Unit/Unit.cpp.o
#25 113.7 [418/1829] Building CXX object src/server/game/CMakeFiles/game.dir/Mails/Mail.cpp.o
#25 114.1 [419/1829] Building CXX object src/server/game/CMakeFiles/game.dir/Maps/MapUpdater.cpp.o
#25 114.5 [420/1829] Building CXX object src/server/game/CMakeFiles/game.dir/Modules/ModuleMgr.cpp.o
#25 114.7 [421/1829] Building CXX object src/server/game/CMakeFiles/game.dir/Instances/InstanceScript.cpp.o
#25 114.8 [422/1829] Building CXX object src/server/game/CMakeFiles/game.dir/Instances/InstanceSaveMgr.cpp.o
#25 115.2 [423/1829] Building CXX object src/server/game/CMakeFiles/game.dir/Movement/AbstractFollower.cpp.o
#25 115.4 [424/1829] Building CXX object src/server/game/CMakeFiles/game.dir/Movement/MovementGenerator.cpp.o
#25 116.1 [425/1829] Building CXX object src/server/game/CMakeFiles/game.dir/Maps/TransportMgr.cpp.o
#25 116.3 [426/1829] Building CXX object src/server/game/CMakeFiles/game.dir/Maps/MapInstanced.cpp.o
#25 116.8 [427/1829] Building CXX object src/server/game/CMakeFiles/game.dir/Maps/MapMgr.cpp.o
#25 117.0 [428/1829] Building CXX object src/server/game/CMakeFiles/game.dir/Loot/LootMgr.cpp.o
#25 117.1 [429/1829] Building CXX object src/server/game/CMakeFiles/game.dir/Miscellaneous/Formulas.cpp.o
#25 117.2 [430/1829] Building CXX object src/server/game/CMakeFiles/game.dir/Misc/BanMgr.cpp.o
#25 117.6 [431/1829] Building CXX object src/server/game/CMakeFiles/game.dir/Movement/MovementGenerators/FormationMovementGenerator.cpp.o
#25 117.7 [432/1829] Building CXX object src/server/game/CMakeFiles/game.dir/Movement/MovementGenerators/HomeMovementGenerator.cpp.o
#25 117.9 [433/1829] Building CXX object src/server/game/CMakeFiles/game.dir/Movement/MovementGenerators/ConfusedMovementGenerator.cpp.o
#25 118.2 [434/1829] Building CXX object src/server/game/CMakeFiles/game.dir/Misc/GameGraveyard.cpp.o
#25 118.3 [435/1829] Building CXX object src/server/game/CMakeFiles/game.dir/Movement/MovementGenerators/EscortMovementGenerator.cpp.o
#25 118.6 [436/1829] Building CXX object src/server/game/CMakeFiles/game.dir/Movement/MovementGenerators/IdleMovementGenerator.cpp.o
#25 118.9 [437/1829] Building CXX object src/server/game/CMakeFiles/game.dir/Movement/MovementGenerators/FleeingMovementGenerator.cpp.o
#25 119.1 [438/1829] Building CXX object src/server/game/CMakeFiles/game.dir/Motd/MotdMgr.cpp.o
#25 119.5 [439/1829] Building CXX object src/server/game/CMakeFiles/game.dir/Movement/Spline/MovementPacketBuilder.cpp.o
#25 119.7 [440/1829] Building CXX object src/server/game/CMakeFiles/game.dir/Movement/Spline/MovementUtil.cpp.o
#25 120.0 [441/1829] Building CXX object src/server/game/CMakeFiles/game.dir/Movement/MovementGenerators/RandomMovementGenerator.cpp.o
#25 120.1 [442/1829] Building CXX object src/server/game/CMakeFiles/game.dir/Movement/Spline/MoveSpline.cpp.o
#25 120.5 [443/1829] Building CXX object src/server/game/CMakeFiles/game.dir/Movement/Spline/MoveSplineInit.cpp.o
#25 120.7 [444/1829] Building CXX object src/server/game/CMakeFiles/game.dir/Movement/Spline/Spline.cpp.o
#25 121.2 [445/1829] Building CXX object src/server/game/CMakeFiles/game.dir/Movement/MovementGenerators/PointMovementGenerator.cpp.o
#25 121.2 [446/1829] Building CXX object src/server/game/CMakeFiles/game.dir/Movement/MovementGenerators/PathGenerator.cpp.o
#25 121.2 [447/1829] Building CXX object src/server/game/CMakeFiles/game.dir/Movement/MotionMaster.cpp.o
#25 121.5 [448/1829] Building CXX object src/server/game/CMakeFiles/game.dir/Quests/enuminfo_QuestDef.cpp.o
#25 121.9 [449/1829] Building CXX object src/server/game/CMakeFiles/game.dir/Movement/Waypoints/WaypointMgr.cpp.o
#25 122.0 [450/1829] Building CXX object src/server/game/CMakeFiles/game.dir/Movement/MovementGenerators/TargetedMovementGenerator.cpp.o
#25 123.1 [451/1829] Building CXX object src/server/game/CMakeFiles/game.dir/Scripting/ScriptObject.cpp.o
#25 123.5 [452/1829] Building CXX object src/server/game/CMakeFiles/game.dir/Quests/QuestDef.cpp.o
#25 123.8 [453/1829] Building CXX object src/server/game/CMakeFiles/game.dir/Petitions/PetitionMgr.cpp.o
#25 124.2 [454/1829] Building CXX object src/server/game/CMakeFiles/game.dir/Movement/MovementGenerators/WaypointMovementGenerator.cpp.o
#25 125.4 [455/1829] Building CXX object src/server/game/CMakeFiles/game.dir/OutdoorPvP/OutdoorPvPMgr.cpp.o
#25 125.4 [456/1829] Building CXX object src/server/game/CMakeFiles/game.dir/OutdoorPvP/OutdoorPvP.cpp.o
#25 126.3 [457/1829] Building CXX object src/server/game/CMakeFiles/game.dir/Scripting/ScriptDefines/ALEScript.cpp.o
#25 126.3 [458/1829] Building CXX object src/server/game/CMakeFiles/game.dir/Scripting/ScriptSystem.cpp.o
#25 126.5 [459/1829] Building CXX object src/server/game/CMakeFiles/game.dir/Maps/Map.cpp.o
#25 126.6 [460/1829] Building CXX object src/server/game/CMakeFiles/game.dir/Reputation/ReputationMgr.cpp.o
#25 127.0 [461/1829] Building CXX object src/server/game/CMakeFiles/game.dir/Scripting/ScriptDefines/AchievementCriteriaScript.cpp.o
#25 127.1 [462/1829] Building CXX object src/server/game/CMakeFiles/game.dir/Scripting/ScriptDefines/AccountScript.cpp.o
#25 128.4 [463/1829] Building CXX object src/server/game/CMakeFiles/game.dir/Pools/PoolMgr.cpp.o
#25 128.5 [464/1829] Building CXX object src/server/game/CMakeFiles/game.dir/Scripting/ScriptDefines/AchievementScript.cpp.o
#25 128.7 [465/1829] Building CXX object src/server/game/CMakeFiles/game.dir/Scripting/MapScripts.cpp.o
#25 128.8 [466/1829] Building CXX object src/server/game/CMakeFiles/game.dir/Scripting/ScriptDefines/AllCommandScript.cpp.o
#25 129.2 [467/1829] Building CXX object src/server/game/CMakeFiles/game.dir/Scripting/ScriptDefines/AllCreatureScript.cpp.o
#25 129.3 [468/1829] Building CXX object src/server/game/CMakeFiles/game.dir/Scripting/ScriptDefines/AllBattlegroundScript.cpp.o
#25 130.7 [469/1829] Building CXX object src/server/game/CMakeFiles/game.dir/Scripting/ScriptDefines/AllGameObjectScript.cpp.o
#25 131.3 [470/1829] Building CXX object src/server/game/CMakeFiles/game.dir/Scripting/ScriptDefines/AllSpellScript.cpp.o
#25 131.9 [471/1829] Building CXX object src/server/game/CMakeFiles/game.dir/Scripting/ScriptDefines/ArenaTeamScript.cpp.o
#25 131.9 [472/1829] Building CXX object src/server/game/CMakeFiles/game.dir/Scripting/ScriptDefines/AllItemScript.cpp.o
#25 132.5 [473/1829] Building CXX object src/server/game/CMakeFiles/game.dir/Scripting/ScriptDefines/AuctionHouseScript.cpp.o
#25 132.8 [474/1829] Building CXX object src/server/game/CMakeFiles/game.dir/Scripting/ScriptDefines/AreaTriggerScript.cpp.o
#25 133.3 [475/1829] Building CXX object src/server/game/CMakeFiles/game.dir/Scripting/ScriptDefines/BattlefieldScript.cpp.o
#25 133.4 [476/1829] Building CXX object src/server/game/CMakeFiles/game.dir/Scripting/ScriptDefines/ArenaScript.cpp.o
#25 133.5 [477/1829] Building CXX object src/server/game/CMakeFiles/game.dir/Scripting/ScriptDefines/BattlegroundScript.cpp.o
#25 133.8 [478/1829] Building CXX object src/server/game/CMakeFiles/game.dir/Scripting/ScriptDefines/AllMapScript.cpp.o
#25 134.0 [479/1829] Building CXX object src/server/game/CMakeFiles/game.dir/Scripting/ScriptDefines/BattlegroundMapScript.cpp.o
#25 134.1 [480/1829] Building CXX object src/server/game/CMakeFiles/game.dir/Scripting/ScriptDefines/ConditionScript.cpp.o
#25 134.4 [481/1829] Building CXX object src/server/game/CMakeFiles/game.dir/Scripting/ScriptDefines/CommandScript.cpp.o
#25 135.6 [482/1829] Building CXX object src/server/game/CMakeFiles/game.dir/Scripting/ScriptDefines/CreatureScript.cpp.o
#25 136.3 [483/1829] Building CXX object src/server/game/CMakeFiles/game.dir/Scripting/ScriptDefines/DatabaseScript.cpp.o
#25 136.4 [484/1829] Building CXX object src/server/game/CMakeFiles/game.dir/Scripting/ScriptDefines/DynamicObjectScript.cpp.o
#25 136.9 [485/1829] Building CXX object src/server/game/CMakeFiles/game.dir/Scripting/ScriptDefines/GameEventScript.cpp.o
#25 137.3 [486/1829] Building CXX object src/server/game/CMakeFiles/game.dir/Scripting/ScriptDefines/FormulaScript.cpp.o
#25 138.1 [487/1829] Building CXX object src/server/game/CMakeFiles/game.dir/Scripting/ScriptDefines/LootScript.cpp.o
#25 138.3 [488/1829] Building CXX object src/server/game/CMakeFiles/game.dir/Scripting/ScriptDefines/GameObjectScript.cpp.o
#25 138.4 [489/1829] Building CXX object src/server/game/CMakeFiles/game.dir/Scripting/ScriptDefines/InstanceMapScript.cpp.o
#25 138.4 [490/1829] Building CXX object src/server/game/CMakeFiles/game.dir/Scripting/ScriptDefines/GuildScript.cpp.o
#25 138.7 [491/1829] Building CXX object src/server/game/CMakeFiles/game.dir/Scripting/ScriptDefines/GroupScript.cpp.o
#25 139.1 [492/1829] Building CXX object src/server/game/CMakeFiles/game.dir/Scripting/ScriptDefines/MailScript.cpp.o
#25 139.1 [493/1829] Building CXX object src/server/game/CMakeFiles/game.dir/Scripting/ScriptDefines/GlobalScript.cpp.o
#25 139.2 [494/1829] Building CXX object src/server/game/CMakeFiles/game.dir/Scripting/ScriptDefines/ModuleScript.cpp.o
#25 140.1 [495/1829] Building CXX object src/server/game/CMakeFiles/game.dir/Scripting/ScriptDefines/MiscScript.cpp.o
#25 141.0 [496/1829] Building CXX object src/server/game/CMakeFiles/game.dir/Scripting/ScriptDefines/MovementHandlerScript.cpp.o
#25 141.5 [497/1829] Building CXX object src/server/game/CMakeFiles/game.dir/Scripting/ScriptDefines/PetScript.cpp.o
#25 141.9 [498/1829] Building CXX object src/server/game/CMakeFiles/game.dir/Scripting/ScriptDefines/PlayerbotsScript.cpp.o
#25 142.2 [499/1829] Building CXX object src/server/game/CMakeFiles/game.dir/Scripting/ScriptDefines/OutdoorPvPScript.cpp.o
#25 143.2 [500/1829] Building CXX object src/server/game/CMakeFiles/game.dir/Scripting/ScriptDefines/ServerScript.cpp.o
#25 143.3 [501/1829] Building CXX object src/server/game/CMakeFiles/game.dir/Server/Packet.cpp.o
#25 143.3 [502/1829] Building CXX object src/server/game/CMakeFiles/game.dir/Scripting/ScriptDefines/TicketScript.cpp.o
#25 143.8 [503/1829] Building CXX object src/server/game/CMakeFiles/game.dir/Scripting/ScriptDefines/TransportScript.cpp.o
#25 143.9 [504/1829] Building CXX object src/server/game/CMakeFiles/game.dir/Scripting/ScriptDefines/PlayerScript.cpp.o
#25 143.9 [505/1829] Building CXX object src/server/game/CMakeFiles/game.dir/Scripting/ScriptDefines/SpellScriptLoader.cpp.o
#25 144.1 [506/1829] Building CXX object src/server/game/CMakeFiles/game.dir/Scripting/ScriptDefines/UnitScript.cpp.o
#25 144.4 [507/1829] Building CXX object src/server/game/CMakeFiles/game.dir/Scripting/ScriptDefines/WeatherScript.cpp.o
#25 144.6 [508/1829] Building CXX object src/server/game/CMakeFiles/game.dir/Scripting/ScriptDefines/VehicleScript.cpp.o
#25 144.7 [509/1829] Building CXX object src/server/game/CMakeFiles/game.dir/Server/Packets/BankPackets.cpp.o
#25 144.8 [510/1829] Building CXX object src/server/game/CMakeFiles/game.dir/Scripting/ScriptDefines/WorldMapScript.cpp.o
#25 145.2 [511/1829] Building CXX object src/server/game/CMakeFiles/game.dir/Scripting/ScriptDefines/WorldObjectScript.cpp.o
#25 145.3 [512/1829] Building CXX object src/server/game/CMakeFiles/game.dir/Server/Packets/ChatPackets.cpp.o
#25 145.4 [513/1829] Building CXX object src/server/game/CMakeFiles/game.dir/Server/Packets/CharacterPackets.cpp.o
#25 145.8 [514/1829] Building CXX object src/server/game/CMakeFiles/game.dir/Server/Packets/CombatPackets.cpp.o
#25 146.1 [515/1829] Building CXX object src/server/game/CMakeFiles/game.dir/Scripting/ScriptMgr.cpp.o
#25 146.1 [516/1829] Building CXX object src/server/game/CMakeFiles/game.dir/Scripting/ScriptDefines/WorldScript.cpp.o
#25 146.6 [517/1829] Building CXX object src/server/game/CMakeFiles/game.dir/Server/Packets/ItemPackets.cpp.o
#25 146.8 [518/1829] Building CXX object src/server/game/CMakeFiles/game.dir/Globals/ObjectMgr.cpp.o
#25 147.0 [519/1829] Building CXX object src/server/game/CMakeFiles/game.dir/Server/Packets/CombatLogPackets.cpp.o
#25 147.1 [520/1829] Building CXX object src/server/game/CMakeFiles/game.dir/Server/Packets/NPCPackets.cpp.o
#25 147.2 [521/1829] Building CXX object src/server/game/CMakeFiles/game.dir/Server/Packets/CalendarPackets.cpp.o
#25 147.2 [522/1829] Building CXX object src/server/game/CMakeFiles/game.dir/Server/Packets/LFGPackets.cpp.o
#25 147.3 [523/1829] Building CXX object src/server/game/CMakeFiles/game.dir/Server/Packets/MiscPackets.cpp.o
#25 147.6 [524/1829] Building CXX object src/server/game/CMakeFiles/game.dir/Server/Packets/InstancePackets.cpp.o
#25 147.7 [525/1829] Building CXX object src/server/game/CMakeFiles/game.dir/Server/Packets/QueryPackets.cpp.o
#25 147.7 [526/1829] Building CXX object src/server/game/CMakeFiles/game.dir/Server/Packets/PetPackets.cpp.o
#25 148.1 [527/1829] Building CXX object src/server/game/CMakeFiles/game.dir/Server/Packets/QuestPackets.cpp.o
#25 148.2 [528/1829] Building CXX object src/server/game/CMakeFiles/game.dir/Server/Packets/PacketUtilities.cpp.o
#25 148.3 [529/1829] Building CXX object src/server/game/CMakeFiles/game.dir/Server/Packets/TotemPackets.cpp.o
#25 148.4 [530/1829] Building CXX object src/server/game/CMakeFiles/game.dir/Server/WorldSessionMgr.cpp.o
#25 148.7 [531/1829] Building CXX object src/server/game/CMakeFiles/game.dir/Server/Packets/WorldStatePackets.cpp.o
#25 148.8 [532/1829] Building CXX object src/server/game/CMakeFiles/game.dir/Server/Packets/GuildPackets.cpp.o
#25 149.1 [533/1829] Building CXX object src/server/game/CMakeFiles/game.dir/Server/Protocol/PacketLog.cpp.o
#25 151.3 [534/1829] Building CXX object src/server/game/CMakeFiles/game.dir/TC9Sidecar/TC9GroupHooks.cpp.o
#25 151.7 [535/1829] Building CXX object src/server/game/CMakeFiles/game.dir/Skills/SkillDiscovery.cpp.o
#25 151.8 [536/1829] Building CXX object src/server/game/CMakeFiles/game.dir/Server/WorldSocket.cpp.o
#25 151.8 [537/1829] Building CXX object src/server/game/CMakeFiles/game.dir/Skills/SkillExtraItems.cpp.o
#25 152.6 [538/1829] Building CXX object src/server/game/CMakeFiles/game.dir/TC9Sidecar/TC9GrpcHandler.cpp.o
#25 154.1 [539/1829] Building CXX object src/server/game/CMakeFiles/game.dir/Server/WorldSocketMgr.cpp.o
#25 154.3 [540/1829] Building CXX object src/server/game/CMakeFiles/game.dir/TC9Sidecar/TC9GuildHooks.cpp.o
#25 154.6 [541/1829] Building CXX object src/server/game/CMakeFiles/game.dir/Spells/SpellScript.cpp.o
#25 155.0 [542/1829] Building CXX object src/server/game/CMakeFiles/game.dir/Spells/SpellInfo.cpp.o
#25 155.1 [543/1829] Building CXX object src/server/game/CMakeFiles/game.dir/Server/WorldSession.cpp.o
#25 155.3 [544/1829] Building CXX object src/server/game/CMakeFiles/game.dir/Texts/ChatTextBuilder.cpp.o
#25 155.8 [545/1829] Building CXX object src/server/game/CMakeFiles/game.dir/Time/GameTime.cpp.o
#25 156.5 [546/1829] Building CXX object src/server/game/CMakeFiles/game.dir/Time/UpdateTime.cpp.o
#25 156.9 [547/1829] Building CXX object src/server/game/CMakeFiles/game.dir/TC9Sidecar/TC9Sidecar.cpp.o
#25 157.4 [548/1829] Building CXX object src/server/game/CMakeFiles/game.dir/Tools/CharacterDatabaseCleaner.cpp.o
#25 158.2 [549/1829] Building CXX object src/server/game/CMakeFiles/game.dir/Warden/WardenCheckMgr.cpp.o
#25 158.9 [550/1829] Building CXX object src/server/game/CMakeFiles/game.dir/Tickets/TicketMgr.cpp.o
#25 159.1 [551/1829] Building CXX object src/server/game/CMakeFiles/game.dir/Warden/enuminfo_WardenCheckMgr.cpp.o
#25 159.2 [552/1829] Building CXX object src/server/game/CMakeFiles/game.dir/Warden/WardenPayloadMgr.cpp.o
#25 159.3 [553/1829] Building CXX object src/server/game/CMakeFiles/game.dir/Warden/WardenMac.cpp.o
#25 159.6 [554/1829] Building CXX object src/server/game/CMakeFiles/game.dir/Warden/Warden.cpp.o
#25 159.7 [555/1829] Building CXX object src/server/game/CMakeFiles/game.dir/Spells/Auras/SpellAuraEffects.cpp.o
#25 160.5 [556/1829] Building CXX object src/server/game/CMakeFiles/game.dir/Texts/CreatureTextMgr.cpp.o
#25 160.7 [557/1829] Building CXX object src/server/game/CMakeFiles/game.dir/Spells/SpellEffects.cpp.o
#25 160.8 [558/1829] Building CXX object src/server/game/CMakeFiles/game.dir/Spells/Auras/SpellAuras.cpp.o
#25 160.8 [559/1829] Building CXX object src/server/scripts/CMakeFiles/scripts.dir/gen_scriptloader/static/ScriptLoader.cpp.o
#25 161.5 [560/1829] Building CXX object src/server/game/CMakeFiles/game.dir/Weather/WeatherMgr.cpp.o
#25 161.5 [561/1829] Building CXX object src/server/scripts/CMakeFiles/scripts.dir/Commands/PlayerCommand.cpp.o
#25 161.7 [562/1829] Building CXX object src/server/game/CMakeFiles/game.dir/Warden/WardenWin.cpp.o
#25 162.7 [563/1829] Building CXX object src/server/game/CMakeFiles/game.dir/Spells/Spell.cpp.o
#25 162.8 [564/1829] Building CXX object src/server/game/CMakeFiles/game.dir/Tools/PlayerDump.cpp.o
#25 163.6 [565/1829] Building CXX object src/server/scripts/CMakeFiles/scripts.dir/Commands/cs_achievement.cpp.o
#25 163.8 [566/1829] Building CXX object src/server/game/CMakeFiles/game.dir/Weather/Weather.cpp.o
#25 164.0 [567/1829] Building CXX object src/server/scripts/CMakeFiles/scripts.dir/Commands/cs_bag.cpp.o
#25 164.9 [568/1829] Building CXX object src/server/scripts/CMakeFiles/scripts.dir/Commands/cs_autobroadcast.cpp.o
#25 165.0 [569/1829] Building CXX object src/server/scripts/CMakeFiles/scripts.dir/Commands/cs_ban.cpp.o
#25 166.1 [570/1829] Building CXX object src/server/scripts/CMakeFiles/scripts.dir/Commands/cs_cache.cpp.o
#25 166.1 [571/1829] Building CXX object src/server/scripts/CMakeFiles/scripts.dir/Commands/cs_bf.cpp.o
#25 166.5 [572/1829] Building CXX object src/server/scripts/CMakeFiles/scripts.dir/Commands/cs_cast.cpp.o
#25 166.6 [573/1829] Building CXX object src/server/scripts/CMakeFiles/scripts.dir/Commands/cs_chatfilter.cpp.o
#25 166.9 [574/1829] Building CXX object src/server/game/CMakeFiles/game.dir/Spells/SpellMgr.cpp.o
#25 167.3 [575/1829] Building CXX object src/server/scripts/CMakeFiles/scripts.dir/Commands/cs_cheat.cpp.o
#25 167.7 [576/1829] Building CXX object src/server/scripts/CMakeFiles/scripts.dir/Commands/cs_arena.cpp.o
#25 167.8 [577/1829] Building CXX object src/server/scripts/CMakeFiles/scripts.dir/Commands/cs_account.cpp.o
#25 169.1 [578/1829] Building CXX object src/server/game/CMakeFiles/game.dir/Server/Protocol/Opcodes.cpp.o
#25 169.2 [579/1829] Building CXX object src/server/scripts/CMakeFiles/scripts.dir/Commands/cs_deserter.cpp.o
#25 169.6 [580/1829] Building CXX object src/server/scripts/CMakeFiles/scripts.dir/Commands/cs_gear.cpp.o
#25 169.8 [581/1829] Building CXX object src/server/scripts/CMakeFiles/scripts.dir/Commands/cs_event.cpp.o
#25 169.9 [582/1829] Building CXX object src/server/scripts/CMakeFiles/scripts.dir/Commands/cs_gm.cpp.o
#25 170.1 [583/1829] Building CXX object src/server/scripts/CMakeFiles/scripts.dir/Commands/cs_disable.cpp.o
#25 170.1 [584/1829] Building CXX object src/server/game/CMakeFiles/game.dir/World/WorldState.cpp.o
#25 171.3 [585/1829] Building CXX object src/server/scripts/CMakeFiles/scripts.dir/Commands/cs_group.cpp.o
#25 172.0 [586/1829] Building CXX object src/server/scripts/CMakeFiles/scripts.dir/Commands/cs_character.cpp.o
#25 172.2 [587/1829] Building CXX object src/server/scripts/CMakeFiles/scripts.dir/Commands/cs_honor.cpp.o
#25 172.6 [588/1829] Building CXX object src/server/scripts/CMakeFiles/scripts.dir/Commands/cs_inventory.cpp.o
#25 173.1 [589/1829] Building CXX object src/server/game/CMakeFiles/game.dir/World/WorldConfig.cpp.o
#25 173.7 [590/1829] Building CXX object src/server/scripts/CMakeFiles/scripts.dir/Commands/cs_lfg.cpp.o
#25 173.8 [591/1829] Building CXX object src/server/scripts/CMakeFiles/scripts.dir/Commands/cs_learn.cpp.o
#25 173.8 [592/1829] Building CXX object src/server/scripts/CMakeFiles/scripts.dir/Commands/cs_guild.cpp.o
#25 174.0 [593/1829] Building CXX object src/server/scripts/CMakeFiles/scripts.dir/Commands/cs_item.cpp.o
#25 174.1 [594/1829] Building CXX object src/server/scripts/CMakeFiles/scripts.dir/Commands/cs_instance.cpp.o
#25 176.2 [595/1829] Building CXX object src/server/scripts/CMakeFiles/scripts.dir/Commands/cs_message.cpp.o
#25 176.7 [596/1829] Building CXX object src/server/scripts/CMakeFiles/scripts.dir/Commands/cs_gobject.cpp.o
#25 177.0 [597/1829] Building CXX object src/server/scripts/CMakeFiles/scripts.dir/Commands/cs_player_settings.cpp.o
#25 177.1 [598/1829] Building CXX object src/server/scripts/CMakeFiles/scripts.dir/Commands/cs_player.cpp.o
#25 177.2 [599/1829] Building CXX object src/server/game/CMakeFiles/game.dir/World/World.cpp.o
#25 177.4 [600/1829] Building CXX object src/server/scripts/CMakeFiles/scripts.dir/Commands/cs_mmaps.cpp.o
#25 177.8 [601/1829] Building CXX object src/server/scripts/CMakeFiles/scripts.dir/Commands/cs_mail.cpp.o
#25 177.8 [602/1829] Building CXX object src/server/scripts/CMakeFiles/scripts.dir/Commands/cs_list.cpp.o
#25 178.3 [603/1829] Building CXX object src/server/scripts/CMakeFiles/scripts.dir/Commands/cs_lookup.cpp.o
#25 178.3 [604/1829] Building CXX object src/server/scripts/CMakeFiles/scripts.dir/Commands/cs_pet.cpp.o
#25 179.0 [605/1829] Building CXX object src/server/scripts/CMakeFiles/scripts.dir/Commands/cs_script_loader.cpp.o
#25 180.2 [606/1829] Building CXX object src/server/scripts/CMakeFiles/scripts.dir/Commands/cs_pool.cpp.o
#25 180.8 [607/1829] Building CXX object src/server/scripts/CMakeFiles/scripts.dir/Commands/cs_modify.cpp.o
#25 181.6 [608/1829] Building CXX object src/server/scripts/CMakeFiles/scripts.dir/Commands/cs_rbac.cpp.o
#25 181.7 [609/1829] Building CXX object src/server/scripts/CMakeFiles/scripts.dir/Commands/cs_quest.cpp.o
#25 181.8 [610/1829] Building CXX object src/server/scripts/CMakeFiles/scripts.dir/Commands/cs_reset.cpp.o
#25 182.1 [611/1829] Building CXX object src/server/scripts/CMakeFiles/scripts.dir/Commands/cs_spectator.cpp.o
#25 182.3 [612/1829] Building CXX object src/server/scripts/CMakeFiles/scripts.dir/Commands/cs_send.cpp.o
#25 182.4 [613/1829] Building CXX object src/server/scripts/CMakeFiles/scripts.dir/Commands/cs_spellinfo.cpp.o
#25 183.0 [614/1829] Building CXX object src/server/scripts/CMakeFiles/scripts.dir/Commands/cs_go.cpp.o
#25 183.3 [615/1829] Building CXX object src/server/scripts/CMakeFiles/scripts.dir/Custom/custom_script_loader.cpp.o
#25 183.5 [616/1829] Building CXX object src/server/scripts/CMakeFiles/scripts.dir/EasternKingdoms/eastern_kingdoms_script_loader.cpp.o
#25 184.3 [617/1829] Building CXX object src/server/scripts/CMakeFiles/scripts.dir/Commands/cs_pooltools.cpp.o
#25 184.7 [618/1829] Building CXX object src/server/scripts/CMakeFiles/scripts.dir/Commands/cs_server.cpp.o
#25 184.8 [619/1829] Building CXX object src/server/scripts/CMakeFiles/scripts.dir/Commands/cs_titles.cpp.o
#25 184.8 [620/1829] Building CXX object src/server/scripts/CMakeFiles/scripts.dir/Commands/cs_worldstate.cpp.o
#25 185.2 [621/1829] Building CXX object src/server/scripts/CMakeFiles/scripts.dir/EasternKingdoms/zone_arathi_highlands.cpp.o
#25 185.6 [622/1829] Building CXX object src/server/scripts/CMakeFiles/scripts.dir/Commands/cs_npc.cpp.o
#25 185.6 [623/1829] Building CXX object src/server/scripts/CMakeFiles/scripts.dir/Commands/cs_debug.cpp.o
#25 185.6 [624/1829] Building CXX object src/server/scripts/CMakeFiles/scripts.dir/EasternKingdoms/zone_blasted_lands.cpp.o
#25 185.6 [625/1829] Building CXX object src/server/scripts/CMakeFiles/scripts.dir/Commands/cs_reload.cpp.o
#25 185.7 [626/1829] Building CXX object src/server/scripts/CMakeFiles/scripts.dir/EasternKingdoms/zone_eastern_plaguelands.cpp.o
#25 186.1 [627/1829] Building CXX object src/server/scripts/CMakeFiles/scripts.dir/Commands/cs_ticket.cpp.o
#25 186.1 [628/1829] Building CXX object src/server/scripts/CMakeFiles/scripts.dir/EasternKingdoms/zone_duskwood.cpp.o
#25 186.2 [629/1829] Building CXX object src/server/scripts/CMakeFiles/scripts.dir/Commands/cs_wp.cpp.o
#25 186.5 [630/1829] Building CXX object src/server/scripts/CMakeFiles/scripts.dir/Commands/cs_tele.cpp.o
#25 186.9 [631/1829] Building CXX object src/server/game/CMakeFiles/game.dir/Spells/SpellInfoCorrections.cpp.o
#25 187.0 [632/1829] Building CXX object src/server/scripts/CMakeFiles/scripts.dir/EasternKingdoms/zone_eversong_woods.cpp.o
#25 187.2 [633/1829] Building CXX object src/server/scripts/CMakeFiles/scripts.dir/EasternKingdoms/zone_elwynn_forest.cpp.o
#25 187.6 [634/1829] Building CXX object src/server/scripts/CMakeFiles/scripts.dir/EasternKingdoms/zone_ironforge.cpp.o
#25 187.7 [635/1829] Building CXX object src/server/scripts/CMakeFiles/scripts.dir/EasternKingdoms/zone_ghostlands.cpp.o
#25 187.8 [636/1829] Building CXX object src/server/scripts/CMakeFiles/scripts.dir/EasternKingdoms/zone_hinterlands.cpp.o
#25 188.0 [637/1829] Building CXX object src/server/scripts/CMakeFiles/scripts.dir/EasternKingdoms/zone_western_plaguelands.cpp.o
#25 188.5 [638/1829] Building CXX object src/server/scripts/CMakeFiles/scripts.dir/EasternKingdoms/zone_redridge_mountains.cpp.o
#25 189.0 [639/1829] Linking CXX static library src/server/game/libgame.a
#25 189.1 [640/1829] Building CXX object src/server/scripts/CMakeFiles/scripts.dir/EasternKingdoms/zone_westfall.cpp.o
#25 189.3 [641/1829] Building CXX object src/server/scripts/CMakeFiles/scripts.dir/EasternKingdoms/zone_isle_of_queldanas.cpp.o
#25 189.4 [642/1829] Building CXX object src/server/scripts/CMakeFiles/scripts.dir/EasternKingdoms/zone_stormwind_city.cpp.o
#25 189.5 [643/1829] Building CXX object src/server/scripts/CMakeFiles/scripts.dir/Commands/cs_misc.cpp.o
#25 189.5 [644/1829] Building CXX object src/server/scripts/CMakeFiles/scripts.dir/EasternKingdoms/AlteracValley/boss_galvangar.cpp.o
#25 189.5 [645/1829] Building CXX object src/server/scripts/CMakeFiles/scripts.dir/EasternKingdoms/zone_silverpine_forest.cpp.o
#25 189.5 [646/1829] Building CXX object src/server/scripts/CMakeFiles/scripts.dir/EasternKingdoms/zone_wetlands.cpp.o
#25 189.6 [647/1829] Building CXX object src/server/scripts/CMakeFiles/scripts.dir/EasternKingdoms/AlteracValley/boss_balinda.cpp.o
#25 190.6 [648/1829] Building CXX object src/server/scripts/CMakeFiles/scripts.dir/EasternKingdoms/AlteracValley/alterac_valley.cpp.o
#25 190.8 [649/1829] Building CXX object src/server/scripts/CMakeFiles/scripts.dir/EasternKingdoms/BlackrockMountain/BlackrockDepths/boss_emperor_dagran_thaurissan.cpp.o
#25 190.8 [650/1829] Building CXX object src/server/scripts/CMakeFiles/scripts.dir/EasternKingdoms/AlteracValley/boss_drekthar.cpp.o
#25 190.9 [651/1829] Building CXX object src/server/scripts/CMakeFiles/scripts.dir/EasternKingdoms/BlackrockMountain/BlackrockDepths/boss_ambassador_flamelash.cpp.o
#25 191.0 [652/1829] Building CXX object src/server/scripts/CMakeFiles/scripts.dir/EasternKingdoms/AlteracValley/boss_vanndar.cpp.o
#25 191.1 [653/1829] Building CXX object src/server/scripts/CMakeFiles/scripts.dir/EasternKingdoms/BlackrockMountain/BlackrockDepths/boss_anubshiah.cpp.o
#25 191.1 [654/1829] Building CXX object src/server/scripts/CMakeFiles/scripts.dir/EasternKingdoms/BlackrockMountain/BlackrockDepths/boss_eviscerator.cpp.o
#25 191.2 [655/1829] Building CXX object src/server/scripts/CMakeFiles/scripts.dir/EasternKingdoms/zone_undercity.cpp.o
#25 191.3 [656/1829] Building CXX object src/server/scripts/CMakeFiles/scripts.dir/EasternKingdoms/BlackrockMountain/BlackrockDepths/boss_gorosh_the_dervish.cpp.o
#25 191.4 [657/1829] Building CXX object src/server/scripts/CMakeFiles/scripts.dir/EasternKingdoms/BlackrockMountain/BlackrockDepths/boss_general_angerforge.cpp.o
#25 191.4 [658/1829] Building CXX object src/server/scripts/CMakeFiles/scripts.dir/EasternKingdoms/BlackrockMountain/BlackrockDepths/boss_hedrum.cpp.o
#25 191.5 [659/1829] Building CXX object src/server/scripts/CMakeFiles/scripts.dir/EasternKingdoms/BlackrockMountain/BlackrockDepths/boss_magmus.cpp.o
#25 191.5 [660/1829] Building CXX object src/server/scripts/CMakeFiles/scripts.dir/EasternKingdoms/BlackrockMountain/BlackrockDepths/blackrock_depths.cpp.o
#25 191.5 [661/1829] Building CXX object src/server/scripts/CMakeFiles/scripts.dir/EasternKingdoms/BlackrockMountain/BlackrockDepths/boss_high_interrogator_gerstahn.cpp.o
#25 192.2 [662/1829] Building CXX object src/server/scripts/CMakeFiles/scripts.dir/EasternKingdoms/BlackrockMountain/BlackrockDepths/boss_grizzle.cpp.o
#25 192.6 [663/1829] Building CXX object src/server/scripts/CMakeFiles/scripts.dir/EasternKingdoms/BlackrockMountain/BlackrockDepths/boss_okthor.cpp.o
#25 192.6 [664/1829] Building CXX object src/server/scripts/CMakeFiles/scripts.dir/EasternKingdoms/BlackrockMountain/BlackrockDepths/boss_moira_bronzebeard.cpp.o
#25 192.6 [665/1829] Building CXX object src/server/scripts/CMakeFiles/scripts.dir/EasternKingdoms/zone_the_scarlet_enclave.cpp.o
#25 192.7 [666/1829] Building CXX object src/server/scripts/CMakeFiles/scripts.dir/EasternKingdoms/BlackrockMountain/BlackrockDepths/boss_tomb_of_seven.cpp.o
#25 192.9 [667/1829] Building CXX object src/server/scripts/CMakeFiles/scripts.dir/EasternKingdoms/BlackrockMountain/BlackrockSpire/boss_drakkisath.cpp.o
#25 192.9 [668/1829] Building CXX object src/server/scripts/CMakeFiles/scripts.dir/EasternKingdoms/BlackrockMountain/BlackrockSpire/boss_halycon.cpp.o
#25 193.2 [669/1829] Building CXX object src/server/scripts/CMakeFiles/scripts.dir/EasternKingdoms/BlackrockMountain/BlackrockSpire/boss_highlord_omokk.cpp.o
#25 193.2 [670/1829] Building CXX object src/server/scripts/CMakeFiles/scripts.dir/EasternKingdoms/BlackrockMountain/BlackrockSpire/boss_overlord_wyrmthalak.cpp.o
#25 193.4 [671/1829] Building CXX object src/server/scripts/CMakeFiles/scripts.dir/EasternKingdoms/BlackrockMountain/BlackrockSpire/boss_quartermaster_zigris.cpp.o
#25 193.5 [672/1829] Building CXX object src/server/scripts/CMakeFiles/scripts.dir/EasternKingdoms/BlackrockMountain/BlackrockSpire/boss_rend_blackhand.cpp.o
#25 193.9 [673/1829] Building CXX object src/server/scripts/CMakeFiles/scripts.dir/EasternKingdoms/BlackrockMountain/BlackrockSpire/boss_pyroguard_emberseer.cpp.o
#25 193.9 [674/1829] Building CXX object src/server/scripts/CMakeFiles/scripts.dir/EasternKingdoms/BlackrockMountain/BlackrockSpire/boss_lord_valthalak.cpp.o
#25 194.2 [675/1829] Building CXX object src/server/scripts/CMakeFiles/scripts.dir/EasternKingdoms/BlackrockMountain/BlackrockDepths/instance_blackrock_depths.cpp.o
#25 194.4 [676/1829] Building CXX object src/server/scripts/CMakeFiles/scripts.dir/EasternKingdoms/BlackrockMountain/BlackrockSpire/boss_mor_grayhoof.cpp.o
#25 194.5 [677/1829] Building CXX object src/server/scripts/CMakeFiles/scripts.dir/EasternKingdoms/BlackrockMountain/BlackrockSpire/boss_urok_doomhowl.cpp.o
#25 194.5 [678/1829] Building CXX object src/server/scripts/CMakeFiles/scripts.dir/EasternKingdoms/BlackrockMountain/BlackrockSpire/boss_warmaster_voone.cpp.o
#25 194.7 [679/1829] Building CXX object src/server/scripts/CMakeFiles/scripts.dir/EasternKingdoms/BlackrockMountain/BlackrockSpire/boss_solakar_flamewreath.cpp.o
#25 195.0 [680/1829] Building CXX object src/server/scripts/CMakeFiles/scripts.dir/EasternKingdoms/BlackrockMountain/BlackwingLair/boss_ebonroc.cpp.o
#25 195.0 [681/1829] Building CXX object src/server/scripts/CMakeFiles/scripts.dir/EasternKingdoms/BlackrockMountain/BlackrockSpire/boss_the_beast.cpp.o
#25 195.1 [682/1829] Building CXX object src/server/scripts/CMakeFiles/scripts.dir/EasternKingdoms/BlackrockMountain/BlackwingLair/boss_firemaw.cpp.o
#25 195.1 [683/1829] Building CXX object src/server/scripts/CMakeFiles/scripts.dir/EasternKingdoms/BlackrockMountain/BlackwingLair/boss_flamegor.cpp.o
#25 195.4 [684/1829] Building CXX object src/server/scripts/CMakeFiles/scripts.dir/EasternKingdoms/BlackrockMountain/BlackrockSpire/boss_gyth.cpp.o
#25 195.6 [685/1829] Building CXX object src/server/scripts/CMakeFiles/scripts.dir/EasternKingdoms/BlackrockMountain/BlackwingLair/boss_broodlord_lashlayer.cpp.o
#25 196.3 [686/1829] Building CXX object src/server/scripts/CMakeFiles/scripts.dir/EasternKingdoms/BlackrockMountain/BlackwingLair/boss_chromaggus.cpp.o
#25 196.4 [687/1829] Building CXX object src/server/scripts/CMakeFiles/scripts.dir/EasternKingdoms/BlackrockMountain/MoltenCore/boss_gehennas.cpp.o
#25 196.4 [688/1829] Building CXX object src/server/scripts/CMakeFiles/scripts.dir/EasternKingdoms/BlackrockMountain/MoltenCore/boss_golemagg.cpp.o
#25 196.5 [689/1829] Building CXX object src/server/scripts/CMakeFiles/scripts.dir/EasternKingdoms/BlackrockMountain/BlackrockSpire/instance_blackrock_spire.cpp.o
#25 196.8 [690/1829] Building CXX object src/server/scripts/CMakeFiles/scripts.dir/EasternKingdoms/BlackrockMountain/BlackwingLair/boss_razorgore.cpp.o
#25 196.9 [691/1829] Building CXX object src/server/scripts/CMakeFiles/scripts.dir/EasternKingdoms/BlackrockMountain/MoltenCore/boss_lucifron.cpp.o
#25 197.3 [692/1829] Building CXX object src/server/scripts/CMakeFiles/scripts.dir/EasternKingdoms/BlackrockMountain/MoltenCore/boss_baron_geddon.cpp.o
#25 197.3 [693/1829] Building CXX object src/server/scripts/CMakeFiles/scripts.dir/EasternKingdoms/BlackrockMountain/BlackwingLair/boss_vaelastrasz.cpp.o
#25 197.7 [694/1829] Building CXX object src/server/scripts/CMakeFiles/scripts.dir/EasternKingdoms/BlackrockMountain/MoltenCore/boss_garr.cpp.o
#25 197.8 [695/1829] Building CXX object src/server/scripts/CMakeFiles/scripts.dir/EasternKingdoms/BlackrockMountain/MoltenCore/boss_magmadar.cpp.o
#25 197.8 [696/1829] Building CXX object src/server/scripts/CMakeFiles/scripts.dir/EasternKingdoms/BlackrockMountain/BlackwingLair/instance_blackwing_lair.cpp.o
#25 198.2 [697/1829] Building CXX object src/server/scripts/CMakeFiles/scripts.dir/EasternKingdoms/BlackrockMountain/MoltenCore/boss_shazzrah.cpp.o
#25 198.4 [698/1829] Building CXX object src/server/scripts/CMakeFiles/scripts.dir/EasternKingdoms/Deadmines/boss_mr_smite.cpp.o
#25 198.4 [699/1829] Building CXX object src/server/scripts/CMakeFiles/scripts.dir/EasternKingdoms/BlackrockMountain/MoltenCore/boss_sulfuron_harbinger.cpp.o
#25 198.4 [700/1829] Building CXX object src/server/scripts/CMakeFiles/scripts.dir/EasternKingdoms/BlackrockMountain/MoltenCore/boss_ragnaros.cpp.o
#25 199.0 [701/1829] Building CXX object src/server/scripts/CMakeFiles/scripts.dir/EasternKingdoms/Deadmines/instance_deadmines.cpp.o
#25 199.5 [702/1829] Building CXX object src/server/scripts/CMakeFiles/scripts.dir/EasternKingdoms/BlackrockMountain/MoltenCore/instance_molten_core.cpp.o
#25 199.7 [703/1829] Building CXX object src/server/scripts/CMakeFiles/scripts.dir/EasternKingdoms/BlackrockMountain/MoltenCore/boss_majordomo_executus.cpp.o
#25 199.8 [704/1829] Building CXX object src/server/scripts/CMakeFiles/scripts.dir/EasternKingdoms/Karazhan/boss_maiden_of_virtue.cpp.o
#25 199.9 [705/1829] Building CXX object src/server/scripts/CMakeFiles/scripts.dir/EasternKingdoms/BlackrockMountain/MoltenCore/molten_core.cpp.o
#25 199.9 [706/1829] Building CXX object src/server/scripts/CMakeFiles/scripts.dir/EasternKingdoms/Karazhan/boss_curator.cpp.o
#25 200.0 [707/1829] Building CXX object src/server/scripts/CMakeFiles/scripts.dir/EasternKingdoms/Gnomeregan/instance_gnomeregan.cpp.o
#25 200.2 [708/1829] Building CXX object src/server/scripts/CMakeFiles/scripts.dir/EasternKingdoms/BlackrockMountain/BlackwingLair/boss_nefarian.cpp.o
#25 201.2 [709/1829] Building CXX object src/server/scripts/CMakeFiles/scripts.dir/EasternKingdoms/Karazhan/boss_chess_event.cpp.o
#25 201.4 [710/1829] Building CXX object src/server/scripts/CMakeFiles/scripts.dir/EasternKingdoms/Karazhan/boss_netherspite.cpp.o
#25 201.5 [711/1829] Building CXX object src/server/scripts/CMakeFiles/scripts.dir/EasternKingdoms/Karazhan/boss_midnight.cpp.o
#25 201.7 [712/1829] Building CXX object src/server/scripts/CMakeFiles/scripts.dir/EasternKingdoms/Karazhan/boss_moroes.cpp.o
#25 202.0 [713/1829] Building CXX object src/server/scripts/CMakeFiles/scripts.dir/EasternKingdoms/Karazhan/boss_servant_quarters.cpp.o
#25 202.4 [714/1829] Building CXX object src/server/scripts/CMakeFiles/scripts.dir/EasternKingdoms/Karazhan/boss_tenris_mirkblood.cpp.o
#25 202.4 [715/1829] Building CXX object src/server/scripts/CMakeFiles/scripts.dir/EasternKingdoms/Karazhan/boss_terestian_illhoof.cpp.o
#25 202.8 [716/1829] Building CXX object src/server/scripts/CMakeFiles/scripts.dir/EasternKingdoms/Karazhan/boss_prince_malchezaar.cpp.o
#25 203.1 [717/1829] Building CXX object src/server/scripts/CMakeFiles/scripts.dir/EasternKingdoms/MagistersTerrace/boss_selin_fireheart.cpp.o
#25 203.1 [718/1829] Building CXX object src/server/scripts/CMakeFiles/scripts.dir/EasternKingdoms/MagistersTerrace/boss_felblood_kaelthas.cpp.o
#25 203.3 [719/1829] Building CXX object src/server/scripts/CMakeFiles/scripts.dir/EasternKingdoms/Karazhan/boss_shade_of_aran.cpp.o
#25 203.6 [720/1829] Building CXX object src/server/scripts/CMakeFiles/scripts.dir/EasternKingdoms/Karazhan/boss_nightbane.cpp.o
#25 203.8 [721/1829] Building CXX object src/server/scripts/CMakeFiles/scripts.dir/EasternKingdoms/Scholomance/boss_darkmaster_gandling.cpp.o
#25 204.2 [722/1829] Building CXX object src/server/scripts/CMakeFiles/scripts.dir/EasternKingdoms/MagistersTerrace/boss_vexallus.cpp.o
#25 204.2 [723/1829] Building CXX object src/server/scripts/CMakeFiles/scripts.dir/EasternKingdoms/Karazhan/karazhan.cpp.o
#25 204.3 [724/1829] Building CXX object src/server/scripts/CMakeFiles/scripts.dir/EasternKingdoms/Karazhan/instance_karazhan.cpp.o
#25 204.4 [725/1829] Building CXX object src/server/scripts/CMakeFiles/scripts.dir/EasternKingdoms/MagistersTerrace/instance_magisters_terrace.cpp.o
#25 204.5 [726/1829] Building CXX object src/server/scripts/CMakeFiles/scripts.dir/EasternKingdoms/Scholomance/boss_kirtonos_the_herald.cpp.o
#25 204.9 [727/1829] Building CXX object src/server/scripts/CMakeFiles/scripts.dir/EasternKingdoms/ScarletMonastery/instance_scarlet_monastery.cpp.o
#25 205.0 [728/1829] Building CXX object src/server/scripts/CMakeFiles/scripts.dir/EasternKingdoms/MagistersTerrace/boss_priestess_delrissa.cpp.o
#25 205.0 [729/1829] Building CXX object src/server/scripts/CMakeFiles/scripts.dir/EasternKingdoms/Karazhan/bosses_opera.cpp.o
#25 205.6 [730/1829] Building CXX object src/server/scripts/CMakeFiles/scripts.dir/EasternKingdoms/Scholomance/boss_kormok.cpp.o
#25 205.8 [731/1829] Building CXX object src/server/scripts/CMakeFiles/scripts.dir/EasternKingdoms/Stratholme/boss_baroness_anastari.cpp.o
#25 206.1 [732/1829] Building CXX object src/server/scripts/CMakeFiles/scripts.dir/EasternKingdoms/Stratholme/instance_stratholme.cpp.o
#25 206.3 [733/1829] Building CXX object src/server/scripts/CMakeFiles/scripts.dir/EasternKingdoms/ShadowfangKeep/instance_shadowfang_keep.cpp.o
#25 206.6 [734/1829] Building CXX object src/server/scripts/CMakeFiles/scripts.dir/EasternKingdoms/Scholomance/instance_scholomance.cpp.o
#25 206.9 [735/1829] Building CXX object src/server/scripts/CMakeFiles/scripts.dir/EasternKingdoms/Stratholme/boss_jarien_and_sothos.cpp.o
#25 207.2 [736/1829] Building CXX object src/server/scripts/CMakeFiles/scripts.dir/EasternKingdoms/TheStockade/instance_the_stockade.cpp.o
#25 207.3 [737/1829] Building CXX object src/server/scripts/CMakeFiles/scripts.dir/EasternKingdoms/SunwellPlateau/boss_brutallus.cpp.o
#25 208.3 [738/1829] Building CXX object src/server/scripts/CMakeFiles/scripts.dir/EasternKingdoms/ShadowfangKeep/boss_apothecary_hummel.cpp.o
#25 208.3 [739/1829] Building CXX object src/server/scripts/CMakeFiles/scripts.dir/EasternKingdoms/SunkenTemple/instance_sunken_temple.cpp.o
#25 208.6 [740/1829] Building CXX object src/server/scripts/CMakeFiles/scripts.dir/EasternKingdoms/SunwellPlateau/boss_felmyst.cpp.o
#25 208.9 [741/1829] Building CXX object src/server/scripts/CMakeFiles/scripts.dir/EasternKingdoms/Uldaman/instance_uldaman.cpp.o
#25 209.0 [742/1829] Building CXX object src/server/scripts/CMakeFiles/scripts.dir/EasternKingdoms/ZulAman/boss_halazzi.cpp.o
#25 209.3 [743/1829] Building CXX object src/server/scripts/CMakeFiles/scripts.dir/EasternKingdoms/SunwellPlateau/boss_kalecgos.cpp.o
#25 209.6 [744/1829] Building CXX object src/server/scripts/CMakeFiles/scripts.dir/EasternKingdoms/SunwellPlateau/instance_sunwell_plateau.cpp.o
#25 209.8 [745/1829] Building CXX object src/server/scripts/CMakeFiles/scripts.dir/EasternKingdoms/ZulAman/boss_akilzon.cpp.o
#25 209.9 [746/1829] Building CXX object src/server/scripts/CMakeFiles/scripts.dir/EasternKingdoms/SunwellPlateau/boss_muru.cpp.o
#25 210.1 [747/1829] Building CXX object src/server/scripts/CMakeFiles/scripts.dir/EasternKingdoms/SunwellPlateau/boss_eredar_twins.cpp.o
#25 210.4 [748/1829] Building CXX object src/server/scripts/CMakeFiles/scripts.dir/EasternKingdoms/ZulAman/boss_janalai.cpp.o
#25 210.5 [749/1829] Building CXX object src/server/scripts/CMakeFiles/scripts.dir/EasternKingdoms/ZulAman/boss_hexlord.cpp.o
#25 210.6 [750/1829] Building CXX object src/server/scripts/CMakeFiles/scripts.dir/EasternKingdoms/ZulGurub/boss_grilek.cpp.o
#25 210.7 [751/1829] Building CXX object src/server/scripts/CMakeFiles/scripts.dir/EasternKingdoms/ZulAman/instance_zulaman.cpp.o
#25 210.8 [752/1829] Building CXX object src/server/scripts/CMakeFiles/scripts.dir/EasternKingdoms/ZulAman/boss_nalorakk.cpp.o
#25 210.9 [753/1829] Building CXX object src/server/scripts/CMakeFiles/scripts.dir/EasternKingdoms/ZulGurub/boss_arlokk.cpp.o
#25 211.1 [754/1829] Building CXX object src/server/scripts/CMakeFiles/scripts.dir/EasternKingdoms/ZulAman/boss_zuljin.cpp.o
#25 211.3 [755/1829] Building CXX object src/server/scripts/CMakeFiles/scripts.dir/EasternKingdoms/SunwellPlateau/boss_kiljaeden.cpp.o
#25 211.5 [756/1829] Building CXX object src/server/scripts/CMakeFiles/scripts.dir/EasternKingdoms/ZulGurub/boss_gahzranka.cpp.o
#25 212.5 [757/1829] Building CXX object src/server/scripts/CMakeFiles/scripts.dir/EasternKingdoms/ZulGurub/boss_wushoolay.cpp.o
#25 212.6 [758/1829] Building CXX object src/server/scripts/CMakeFiles/scripts.dir/EasternKingdoms/ZulGurub/boss_hazzarah.cpp.o
#25 212.8 [759/1829] Building CXX object src/server/scripts/CMakeFiles/scripts.dir/Events/events_script_loader.cpp.o
#25 212.8 [760/1829] Building CXX object src/server/scripts/CMakeFiles/scripts.dir/EasternKingdoms/ZulGurub/boss_hakkar.cpp.o
#25 213.2 [761/1829] Building CXX object src/server/scripts/CMakeFiles/scripts.dir/EasternKingdoms/ZulGurub/boss_renataki.cpp.o
#25 213.3 [762/1829] Building CXX object src/server/scripts/CMakeFiles/scripts.dir/EasternKingdoms/ZulAman/zulaman.cpp.o
#25 213.3 [763/1829] Building CXX object src/server/scripts/CMakeFiles/scripts.dir/EasternKingdoms/ZulGurub/boss_venoxis.cpp.o
#25 213.4 [764/1829] Building CXX object src/server/scripts/CMakeFiles/scripts.dir/EasternKingdoms/ZulGurub/zulgurub.cpp.o
#25 213.4 [765/1829] Building CXX object src/server/scripts/CMakeFiles/scripts.dir/Events/childrens_week.cpp.o
#25 213.4 [766/1829] Building CXX object src/server/scripts/CMakeFiles/scripts.dir/EasternKingdoms/ZulGurub/boss_jindo.cpp.o
#25 213.8 [767/1829] Building CXX object src/server/scripts/CMakeFiles/scripts.dir/EasternKingdoms/ZulGurub/instance_zulgurub.cpp.o
#25 214.4 [768/1829] Building CXX object src/server/scripts/CMakeFiles/scripts.dir/EasternKingdoms/ZulGurub/boss_thekal.cpp.o
#25 214.6 [769/1829] Building CXX object src/server/scripts/CMakeFiles/scripts.dir/Kalimdor/kalimdor_script_loader.cpp.o
#25 215.0 [770/1829] Building CXX object src/server/scripts/CMakeFiles/scripts.dir/EasternKingdoms/ZulGurub/boss_jeklik.cpp.o
#25 215.1 [771/1829] Building CXX object src/server/scripts/CMakeFiles/scripts.dir/EasternKingdoms/ZulGurub/boss_marli.cpp.o
#25 215.4 [772/1829] Building CXX object src/server/scripts/CMakeFiles/scripts.dir/EasternKingdoms/ZulGurub/boss_mandokir.cpp.o
#25 215.7 [773/1829] Building CXX object src/server/scripts/CMakeFiles/scripts.dir/Events/noblegarden.cpp.o
#25 215.8 [774/1829] Building CXX object src/server/scripts/CMakeFiles/scripts.dir/Events/winter_veil.cpp.o
#25 216.2 [775/1829] Building CXX object src/server/scripts/CMakeFiles/scripts.dir/Kalimdor/zone_bloodmyst_isle.cpp.o
#25 216.4 [776/1829] Building CXX object src/server/scripts/CMakeFiles/scripts.dir/Events/love_in_air.cpp.o
#25 216.4 [777/1829] Building CXX object src/server/scripts/CMakeFiles/scripts.dir/Kalimdor/zone_ashenvale.cpp.o
#25 216.7 [778/1829] Building CXX object src/server/scripts/CMakeFiles/scripts.dir/Kalimdor/boss_azuregos.cpp.o
#25 216.7 [779/1829] Building CXX object src/server/scripts/CMakeFiles/scripts.dir/Events/firework_show/firework_show.cpp.o
#25 216.8 [780/1829] Building CXX object src/server/scripts/CMakeFiles/scripts.dir/Events/pilgrims_bounty.cpp.o
#25 217.1 [781/1829] Building CXX object src/server/scripts/CMakeFiles/scripts.dir/Kalimdor/zone_felwood.cpp.o
#25 217.6 [782/1829] Building CXX object src/server/scripts/CMakeFiles/scripts.dir/Kalimdor/zone_azuremyst_isle.cpp.o
#25 217.8 [783/1829] Building CXX object src/server/scripts/CMakeFiles/scripts.dir/Kalimdor/zone_darkshore.cpp.o
#25 217.8 [784/1829] Building CXX object src/server/scripts/CMakeFiles/scripts.dir/Kalimdor/zone_dustwallow_marsh.cpp.o
#25 217.9 [785/1829] Building CXX object src/server/scripts/CMakeFiles/scripts.dir/Kalimdor/zone_feralas.cpp.o
#25 218.2 [786/1829] Building CXX object src/server/scripts/CMakeFiles/scripts.dir/Kalimdor/zone_desolace.cpp.o
#25 218.4 [787/1829] Building CXX object src/server/scripts/CMakeFiles/scripts.dir/Kalimdor/zone_teldrassil.cpp.o
#25 218.5 [788/1829] Building CXX object src/server/scripts/CMakeFiles/scripts.dir/Events/hallows_end.cpp.o
#25 218.6 [789/1829] Building CXX object src/server/scripts/CMakeFiles/scripts.dir/Kalimdor/zone_durotar.cpp.o
#25 218.9 [790/1829] Building CXX object src/server/scripts/CMakeFiles/scripts.dir/Kalimdor/zone_silithus.cpp.o
#25 219.2 [791/1829] Building CXX object src/server/scripts/CMakeFiles/scripts.dir/Events/brewfest.cpp.o
#25 219.5 [792/1829] Building CXX object src/server/scripts/CMakeFiles/scripts.dir/Kalimdor/zone_thunder_bluff.cpp.o
#25 219.7 [793/1829] Building CXX object src/server/scripts/CMakeFiles/scripts.dir/Kalimdor/zone_orgrimmar.cpp.o
#25 219.7 [794/1829] Building CXX object src/server/scripts/CMakeFiles/scripts.dir/Kalimdor/zone_stonetalon_mountains.cpp.o
#25 219.7 [795/1829] Building CXX object src/server/scripts/CMakeFiles/scripts.dir/Events/midsummer.cpp.o
#25 220.1 [796/1829] Building CXX object src/server/scripts/CMakeFiles/scripts.dir/Kalimdor/zone_tanaris.cpp.o
#25 220.1 [797/1829] Building CXX object src/server/scripts/CMakeFiles/scripts.dir/Kalimdor/zone_moonglade.cpp.o
#25 220.1 [798/1829] Building CXX object src/server/scripts/CMakeFiles/scripts.dir/Kalimdor/zone_the_barrens.cpp.o
#25 220.5 [799/1829] Building CXX object src/server/scripts/CMakeFiles/scripts.dir/Kalimdor/BlackfathomDeeps/instance_blackfathom_deeps.cpp.o
#25 220.8 [800/1829] Building CXX object src/server/scripts/CMakeFiles/scripts.dir/Kalimdor/zone_ungoro_crater.cpp.o
#25 221.1 [801/1829] Building CXX object src/server/scripts/CMakeFiles/scripts.dir/Kalimdor/zone_winterspring.cpp.o
#25 221.1 [802/1829] Building CXX object src/server/scripts/CMakeFiles/scripts.dir/Kalimdor/zone_thousand_needles.cpp.o
#25 221.7 [803/1829] Building CXX object src/server/scripts/CMakeFiles/scripts.dir/Kalimdor/CavernsOfTime/CullingOfStratholme/boss_epoch.cpp.o
#25 221.9 [804/1829] Building CXX object src/server/scripts/CMakeFiles/scripts.dir/Kalimdor/CavernsOfTime/CullingOfStratholme/boss_infinite.cpp.o
#25 222.1 [805/1829] Building CXX object src/server/scripts/CMakeFiles/scripts.dir/Kalimdor/CavernsOfTime/CullingOfStratholme/boss_mal_ganis.cpp.o
#25 222.2 [806/1829] Building CXX object src/server/scripts/CMakeFiles/scripts.dir/Kalimdor/CavernsOfTime/BattleForMountHyjal/boss_anetheron.cpp.o
#25 222.2 [807/1829] Building CXX object src/server/scripts/CMakeFiles/scripts.dir/Kalimdor/CavernsOfTime/BattleForMountHyjal/boss_azgalor.cpp.o
#25 222.3 [808/1829] Building CXX object src/server/scripts/CMakeFiles/scripts.dir/Kalimdor/CavernsOfTime/BattleForMountHyjal/boss_rage_winterchill.cpp.o
#25 222.9 [809/1829] Building CXX object src/server/scripts/CMakeFiles/scripts.dir/Kalimdor/CavernsOfTime/BattleForMountHyjal/boss_kazrogal.cpp.o
#25 222.9 [810/1829] Building CXX object src/server/scripts/CMakeFiles/scripts.dir/Kalimdor/CavernsOfTime/CullingOfStratholme/boss_meathook.cpp.o
#25 223.4 [811/1829] Building CXX object src/server/scripts/CMakeFiles/scripts.dir/Kalimdor/CavernsOfTime/BattleForMountHyjal/boss_archimonde.cpp.o
#25 223.7 [812/1829] Building CXX object src/server/scripts/CMakeFiles/scripts.dir/Kalimdor/CavernsOfTime/BattleForMountHyjal/instance_hyjal.cpp.o
#25 224.1 [813/1829] Building CXX object src/server/scripts/CMakeFiles/scripts.dir/Kalimdor/CavernsOfTime/BattleForMountHyjal/hyjal.cpp.o
#25 224.1 [814/1829] Building CXX object src/server/scripts/CMakeFiles/scripts.dir/Kalimdor/CavernsOfTime/EscapeFromDurnholdeKeep/boss_epoch_hunter.cpp.o
#25 224.2 [815/1829] Building CXX object src/server/scripts/CMakeFiles/scripts.dir/Kalimdor/CavernsOfTime/EscapeFromDurnholdeKeep/boss_captain_skarloc.cpp.o
#25 224.2 [816/1829] Building CXX object src/server/scripts/CMakeFiles/scripts.dir/Kalimdor/CavernsOfTime/CullingOfStratholme/culling_of_stratholme.cpp.o
#25 224.2 [817/1829] Building CXX object src/server/scripts/CMakeFiles/scripts.dir/Kalimdor/CavernsOfTime/CullingOfStratholme/boss_salramm.cpp.o
#25 224.5 [818/1829] Building CXX object src/server/scripts/CMakeFiles/scripts.dir/Kalimdor/CavernsOfTime/CullingOfStratholme/instance_culling_of_stratholme.cpp.o
#25 224.6 [819/1829] Building CXX object src/server/scripts/CMakeFiles/scripts.dir/Kalimdor/CavernsOfTime/EscapeFromDurnholdeKeep/instance_old_hillsbrad.cpp.o
#25 224.7 [820/1829] Building CXX object src/server/scripts/CMakeFiles/scripts.dir/Kalimdor/CavernsOfTime/TheBlackMorass/boss_aeonus.cpp.o
#25 224.8 [821/1829] Building CXX object src/server/scripts/CMakeFiles/scripts.dir/Kalimdor/CavernsOfTime/TheBlackMorass/boss_temporus.cpp.o
#25 225.0 [822/1829] Building CXX object src/server/scripts/CMakeFiles/scripts.dir/Kalimdor/CavernsOfTime/EscapeFromDurnholdeKeep/boss_lieutenant_drake.cpp.o
#25 225.0 [823/1829] Building CXX object src/server/scripts/CMakeFiles/scripts.dir/Kalimdor/CavernsOfTime/TheBlackMorass/boss_chrono_lord_deja.cpp.o
#25 225.6 [824/1829] Building CXX object src/server/scripts/CMakeFiles/scripts.dir/Kalimdor/CavernsOfTime/EscapeFromDurnholdeKeep/old_hillsbrad.cpp.o
#25 226.1 [825/1829] Building CXX object src/server/scripts/CMakeFiles/scripts.dir/Kalimdor/DireMaul/instance_dire_maul.cpp.o
#25 226.2 [826/1829] Building CXX object src/server/scripts/CMakeFiles/scripts.dir/Kalimdor/DireMaul/boss_isalien.cpp.o
#25 226.3 [827/1829] Building CXX object src/server/scripts/CMakeFiles/scripts.dir/Kalimdor/Maraudon/instance_maraudon.cpp.o
#25 226.3 [828/1829] Building CXX object src/server/scripts/CMakeFiles/scripts.dir/Kalimdor/OnyxiasLair/boss_onyxia.cpp.o
#25 226.5 [829/1829] Building CXX object src/server/scripts/CMakeFiles/scripts.dir/Kalimdor/RagefireChasm/instance_ragefire_chasm.cpp.o
#25 226.6 [830/1829] Building CXX object src/server/scripts/CMakeFiles/scripts.dir/Kalimdor/OnyxiasLair/instance_onyxias_lair.cpp.o
#25 226.6 [831/1829] Building CXX object src/server/scripts/CMakeFiles/scripts.dir/Kalimdor/RazorfenDowns/instance_razorfen_downs.cpp.o
#25 226.9 [832/1829] Building CXX object src/server/scripts/CMakeFiles/scripts.dir/Kalimdor/RazorfenKraul/instance_razorfen_kraul.cpp.o
#25 227.0 [833/1829] Building CXX object src/server/scripts/CMakeFiles/scripts.dir/Kalimdor/CavernsOfTime/TheBlackMorass/instance_the_black_morass.cpp.o
#25 227.2 [834/1829] Building CXX object src/server/scripts/CMakeFiles/scripts.dir/Kalimdor/CavernsOfTime/TheBlackMorass/the_black_morass.cpp.o
#25 227.4 [835/1829] Building CXX object src/server/scripts/CMakeFiles/scripts.dir/Kalimdor/RazorfenDowns/razorfen_downs.cpp.o
#25 227.7 [836/1829] Building CXX object src/server/scripts/CMakeFiles/scripts.dir/Kalimdor/RuinsOfAhnQiraj/boss_buru.cpp.o
#25 227.8 [837/1829] Building CXX object src/server/scripts/CMakeFiles/scripts.dir/Kalimdor/RuinsOfAhnQiraj/boss_moam.cpp.o
#25 228.3 [838/1829] Building CXX object src/server/scripts/CMakeFiles/scripts.dir/Kalimdor/RuinsOfAhnQiraj/boss_kurinnaxx.cpp.o
#25 228.4 [839/1829] Building CXX object src/server/scripts/CMakeFiles/scripts.dir/Kalimdor/RuinsOfAhnQiraj/boss_ayamiss.cpp.o
#25 228.9 [840/1829] Building CXX object src/server/scripts/CMakeFiles/scripts.dir/Kalimdor/TempleOfAhnQiraj/boss_sartura.cpp.o
#25 229.4 [841/1829] Building CXX object src/server/scripts/CMakeFiles/scripts.dir/Kalimdor/RuinsOfAhnQiraj/boss_ossirian.cpp.o
#25 229.4 [842/1829] Building CXX object src/server/scripts/CMakeFiles/scripts.dir/Kalimdor/TempleOfAhnQiraj/boss_fankriss.cpp.o
#25 229.7 [843/1829] Building CXX object src/server/scripts/CMakeFiles/scripts.dir/Kalimdor/RuinsOfAhnQiraj/instance_ruins_of_ahnqiraj.cpp.o
#25 229.7 [844/1829] Building CXX object src/server/scripts/CMakeFiles/scripts.dir/Kalimdor/RuinsOfAhnQiraj/ruins_of_ahnqiraj.cpp.o
#25 230.0 [845/1829] Building CXX object src/server/scripts/CMakeFiles/scripts.dir/Kalimdor/TempleOfAhnQiraj/boss_skeram.cpp.o
#25 230.1 [846/1829] Building CXX object src/server/scripts/CMakeFiles/scripts.dir/Kalimdor/TempleOfAhnQiraj/boss_huhuran.cpp.o
#25 230.5 [847/1829] Building CXX object src/server/scripts/CMakeFiles/scripts.dir/Kalimdor/TempleOfAhnQiraj/boss_ouro.cpp.o
#25 231.0 [848/1829] Building CXX object src/server/scripts/CMakeFiles/scripts.dir/Northrend/northrend_script_loader.cpp.o
#25 231.0 [849/1829] Building CXX object src/server/scripts/CMakeFiles/scripts.dir/Kalimdor/WailingCaverns/instance_wailing_caverns.cpp.o
#25 231.1 [850/1829] Building CXX object src/server/scripts/CMakeFiles/scripts.dir/Kalimdor/TempleOfAhnQiraj/boss_viscidus.cpp.o
#25 231.3 [851/1829] Building CXX object src/server/scripts/CMakeFiles/scripts.dir/Kalimdor/TempleOfAhnQiraj/instance_temple_of_ahnqiraj.cpp.o
#25 231.6 [852/1829] Building CXX object src/server/scripts/CMakeFiles/scripts.dir/Kalimdor/TempleOfAhnQiraj/mob_anubisath_sentinel.cpp.o
#25 231.7 [853/1829] Building CXX object src/server/scripts/CMakeFiles/scripts.dir/Kalimdor/RuinsOfAhnQiraj/boss_rajaxx.cpp.o
#25 231.7 [854/1829] Building CXX object src/server/scripts/CMakeFiles/scripts.dir/Kalimdor/TempleOfAhnQiraj/boss_bug_trio.cpp.o
#25 231.8 [855/1829] Building CXX object src/server/scripts/CMakeFiles/scripts.dir/Kalimdor/TempleOfAhnQiraj/boss_twinemperors.cpp.o
#25 232.1 [856/1829] Building CXX object src/server/scripts/CMakeFiles/scripts.dir/Kalimdor/TempleOfAhnQiraj/boss_cthun.cpp.o
#25 232.7 [857/1829] Building CXX object src/server/scripts/CMakeFiles/scripts.dir/Northrend/zone_crystalsong_forest.cpp.o
#25 233.0 [858/1829] Building CXX object src/server/scripts/CMakeFiles/scripts.dir/Kalimdor/ZulFarrak/instance_zulfarrak.cpp.o
#25 233.1 [859/1829] Building CXX object src/server/scripts/CMakeFiles/scripts.dir/Kalimdor/ZulFarrak/zulfarrak.cpp.o
#25 233.7 [860/1829] Building CXX object src/server/scripts/CMakeFiles/scripts.dir/Northrend/isle_of_conquest.cpp.o
#25 233.9 [861/1829] Building CXX object src/server/scripts/CMakeFiles/scripts.dir/Kalimdor/TempleOfAhnQiraj/temple_of_ahnqiraj.cpp.o
#25 234.6 [862/1829] Building CXX object src/server/scripts/CMakeFiles/scripts.dir/Northrend/zone_dalaran.cpp.o
#25 235.7 [863/1829] Building CXX object src/server/scripts/CMakeFiles/scripts.dir/Northrend/AzjolNerub/AzjolNerub/boss_anubarak.cpp.o
#25 235.9 [864/1829] Building CXX object src/server/scripts/CMakeFiles/scripts.dir/Northrend/zone_sholazar_basin.cpp.o
#25 236.0 [865/1829] Building CXX object src/server/scripts/CMakeFiles/scripts.dir/Northrend/zone_borean_tundra.cpp.o
#25 236.0 [866/1829] Building CXX object src/server/scripts/CMakeFiles/scripts.dir/Northrend/zone_grizzly_hills.cpp.o
#25 236.6 [867/1829] Building CXX object src/server/scripts/CMakeFiles/scripts.dir/Northrend/zone_howling_fjord.cpp.o
#25 236.6 [868/1829] Building CXX object src/server/scripts/CMakeFiles/scripts.dir/Northrend/AzjolNerub/AzjolNerub/boss_krikthir_the_gatewatcher.cpp.o
#25 236.8 [869/1829] Building CXX object src/server/scripts/CMakeFiles/scripts.dir/Northrend/zone_wintergrasp.cpp.o
#25 236.8 [870/1829] Building CXX object src/server/scripts/CMakeFiles/scripts.dir/Northrend/zone_zuldrak.cpp.o
#25 236.9 [871/1829] Building CXX object src/server/scripts/CMakeFiles/scripts.dir/Northrend/AzjolNerub/AzjolNerub/boss_hadronox.cpp.o
#25 236.9 [872/1829] Building CXX object src/server/scripts/CMakeFiles/scripts.dir/Northrend/AzjolNerub/ahnkahet/boss_elder_nadox.cpp.o
#25 237.5 [873/1829] Building CXX object src/server/scripts/CMakeFiles/scripts.dir/Northrend/AzjolNerub/AzjolNerub/instance_azjol_nerub.cpp.o
#25 237.7 [874/1829] Building CXX object src/server/scripts/CMakeFiles/scripts.dir/Northrend/zone_dragonblight.cpp.o
#25 237.8 [875/1829] Building CXX object src/server/scripts/CMakeFiles/scripts.dir/Northrend/zone_storm_peaks.cpp.o
#25 237.8 [876/1829] Building CXX object src/server/scripts/CMakeFiles/scripts.dir/Northrend/AzjolNerub/ahnkahet/boss_herald_volazj.cpp.o
#25 238.0 [877/1829] Building CXX object src/server/scripts/CMakeFiles/scripts.dir/Northrend/AzjolNerub/ahnkahet/boss_amanitar.cpp.o
#25 238.0 [878/1829] Building CXX object src/server/scripts/CMakeFiles/scripts.dir/Northrend/zone_icecrown.cpp.o
#25 239.3 [879/1829] Building CXX object src/server/scripts/CMakeFiles/scripts.dir/Northrend/ChamberOfAspects/ObsidianSanctum/instance_obsidian_sanctum.cpp.o
#25 239.6 [880/1829] Building CXX object src/server/scripts/CMakeFiles/scripts.dir/Northrend/ChamberOfAspects/RubySanctum/boss_saviana_ragefire.cpp.o
#25 239.7 [881/1829] Building CXX object src/server/scripts/CMakeFiles/scripts.dir/Northrend/AzjolNerub/ahnkahet/boss_jedoga_shadowseeker.cpp.o
#25 239.8 [882/1829] Building CXX object src/server/scripts/CMakeFiles/scripts.dir/Northrend/ChamberOfAspects/RubySanctum/boss_baltharus_the_warborn.cpp.o
#25 239.8 [883/1829] Building CXX object src/server/scripts/CMakeFiles/scripts.dir/Northrend/AzjolNerub/ahnkahet/instance_ahnkahet.cpp.o
#25 239.8 [884/1829] Building CXX object src/server/scripts/CMakeFiles/scripts.dir/Northrend/ChamberOfAspects/ObsidianSanctum/boss_sartharion.cpp.o
#25 240.0 [885/1829] Building CXX object src/server/scripts/CMakeFiles/scripts.dir/Northrend/ChamberOfAspects/RubySanctum/boss_general_zarithrian.cpp.o
#25 240.2 [886/1829] Building CXX object src/server/scripts/CMakeFiles/scripts.dir/Northrend/AzjolNerub/ahnkahet/boss_prince_taldaram.cpp.o
#25 240.3 [887/1829] Building CXX object src/server/scripts/CMakeFiles/scripts.dir/Northrend/ChamberOfAspects/RubySanctum/instance_ruby_sanctum.cpp.o
#25 240.3 [888/1829] Building CXX object src/server/scripts/CMakeFiles/scripts.dir/Northrend/CrusadersColiseum/TrialOfTheChampion/trial_of_the_champion.cpp.o
#25 241.7 [889/1829] Building CXX object src/server/scripts/CMakeFiles/scripts.dir/Northrend/CrusadersColiseum/TrialOfTheChampion/boss_black_knight.cpp.o
#25 241.8 [890/1829] Building CXX object src/server/scripts/CMakeFiles/scripts.dir/Northrend/CrusadersColiseum/TrialOfTheChampion/boss_grand_champions.cpp.o
#25 241.8 [891/1829] Building CXX object src/server/scripts/CMakeFiles/scripts.dir/Northrend/CrusadersColiseum/TrialOfTheCrusader/trial_of_the_crusader.cpp.o
#25 241.9 [892/1829] Building CXX object src/server/scripts/CMakeFiles/scripts.dir/Northrend/CrusadersColiseum/TrialOfTheChampion/instance_trial_of_the_champion.cpp.o
#25 242.5 [893/1829] Building CXX object src/server/scripts/CMakeFiles/scripts.dir/Northrend/CrusadersColiseum/TrialOfTheCrusader/boss_anubarak_trial.cpp.o
#25 242.9 [894/1829] Building CXX object src/server/scripts/CMakeFiles/scripts.dir/Northrend/ChamberOfAspects/RubySanctum/boss_halion.cpp.o
#25 242.9 [895/1829] Building CXX object src/server/scripts/CMakeFiles/scripts.dir/Northrend/CrusadersColiseum/TrialOfTheChampion/boss_argent_challenge.cpp.o
#25 243.2 [896/1829] Building CXX object src/server/scripts/CMakeFiles/scripts.dir/Northrend/CrusadersColiseum/TrialOfTheCrusader/boss_twin_valkyr.cpp.o
