[driver] running: /home/pk/gate0904/venv/bin/python -u -m yulon.install_wiring wow-wotlk --server-dir /home/pk/wowserver
[driver] sudo password: NOT SET
[driver] state-before: 5 read-only probes, install dir /home/pk/wowserver
[driver] state-before: docker --version: exit 0
[driver] state-before: docker --version: | Docker version 29.1.3, build 29.1.3-0ubuntu3~24.04.2
[driver] state-before: systemctl is-active docker: exit 0
[driver] state-before: systemctl is-active docker: | active
[driver] state-before: id -Gn: exit 0
[driver] state-before: id -Gn: | pk adm cdrom sudo dip plugdev users lpadmin docker
[driver] state-before: ls -ld /home/pk/wowserver: exit 0
[driver] state-before: ls -ld /home/pk/wowserver: | drwxrwxr-x 19 pk pk 4096 Sep  4 11:30 /home/pk/wowserver
[driver] state-before: df -h /home/pk: exit 0
[driver] state-before: df -h /home/pk: | Filesystem      Size  Used Avail Use% Mounted on
[driver] state-before: df -h /home/pk: | /dev/sda2        97G   41G   52G  45% /
Installing WoW WotLK into /home/pk/wowserver
You can stop this at any time. What an install writes outside the folder below is named here rather than denied: the images this build produces and the volumes holding the database and the server data, which live in Docker's own storage — that is why the checks below look at the space on Docker's disk too; Docker itself, when no daemon answers yet (on Linux: system packages, a service, and the group you are asked about first); and this app's own settings and log, in its config folder. Starting the install again continues from where it stopped: source this app has finished cloning is never fetched, reset or moved, and the build is not run a second time once Docker confirms its images are there. Everything cheap runs again on every attempt — the compose files this app writes are put back the way the catalog says, the server-data download resumes and re-checks itself, and the database and server are started and waited for.
Checking Docker.
[pass] Docker: the daemon answered
[pass] memory: Docker's VM has 19.5 GB
[warn] compiler jobs vs memory: this build compiles with 16 parallel jobs at about 2 GB each, and 19.5 GB affords about 9 Docker Engine has no CPU setting to lower — the build sees every CPU on this machine — so more memory, or swap it can fall back on, is the lever here. A build this far ahead of its memory has finished before, so this is a caution.
[warn] free space on Docker's disk and the server folder: 51 GB free; 75 GB is the comfortable figure (the server folder and Docker's disk share one drive, so both needs add up)
[pass] the server folder: /home/pk/wowserver looks usable
[pass] sharing the folder with Docker: a container can read /home/pk/wowserver
[pass] SELinux: not enforcing
[pass] the server's ports: nothing else is using them
Using /home/pk/wowserver (resuming)
Already finished: clone-core, clone-modules, generate-compose
2026-09-04 11:39:32 INFO [yulon.platform] holding this machine awake for the build: systemd-inhibit --what=idle:sleep --who=Yu'lon --why=installing a server sleep infinity
Step 1 of 9 (11%): clone-core
--- clone-core
2026-09-04 11:39:32 INFO [yulon.git] containerized git: `run --rm --network none --cap-drop ALL --security-opt no-new-privileges --read-only -v /home/pk/wowserver:/git:ro -w /git --user 1000:1000 alpine/git@sha256:c0280cf9572316299b08544065d3bf35db65043d5e3963982ec50647d2746e26 --no-optional-locks --attr-source=4b825dc642cb6eb9a060e54bf8d69288fbee4904 -c core.attributesFile=/dev/null -c core.fsmonitor=false -c core.hooksPath=/dev/null -c core.autocrlf=false -c core.eol=lf -c http.version=HTTP/1.1 remote get-url origin` into /home/pk/wowserver
mod-playerbots/azerothcore-wotlk is already cloned in /home/pk/wowserver; leaving it exactly as it is.
Step 2 of 9 (22%): clone-modules
--- clone-modules
2026-09-04 11:39:34 INFO [yulon.git] containerized git: `run --rm --network none --cap-drop ALL --security-opt no-new-privileges --read-only -v /home/pk/wowserver/modules/mod-playerbots:/git:ro -w /git --user 1000:1000 alpine/git@sha256:c0280cf9572316299b08544065d3bf35db65043d5e3963982ec50647d2746e26 --no-optional-locks --attr-source=4b825dc642cb6eb9a060e54bf8d69288fbee4904 -c core.attributesFile=/dev/null -c core.fsmonitor=false -c core.hooksPath=/dev/null -c core.autocrlf=false -c core.eol=lf -c http.version=HTTP/1.1 remote get-url origin` into /home/pk/wowserver/modules/mod-playerbots
mod-playerbots/mod-playerbots is already in modules/mod-playerbots; leaving it exactly as it is.
Modules are in place.
Step 3 of 9 (33%): generate-compose
--- generate-compose
The compose files are already exactly what this install needs.
Step 4 of 9 (44%): build
--- build
Stopping now leaves Docker finishing the build step it is already on, in the background. That is deliberate: the work it has done is kept, and starting this install again picks up from there instead of compiling it all a second time.
Building the server. This takes hours on a first install; the output below is live.
2026-09-04 11:39:35 INFO [yulon.docker] build_staged(): `docker compose -f docker-compose.yml -f docker-compose.override.yml -f docker-compose.build.yml build --progress plain` in /home/pk/wowserver
--progress is a global compose flag, better use `docker compose --progress xx build ...
#1 [internal] load local bake definitions
#1 reading from stdin 2.17kB done
#1 DONE 0.0s

#2 [ac-client-data-init internal] load build definition from Dockerfile
#2 transferring dockerfile: 9.07kB done
#2 DONE 0.0s

#3 [ac-worldserver internal] load metadata for docker.io/library/ubuntu:24.04
#3 DONE 0.1s

#4 [ac-worldserver internal] load .dockerignore
#4 transferring context: 261B done
#4 DONE 0.0s

#5 [ac-db-import internal] load build context
#5 DONE 0.0s

#6 [ac-authserver internal] load build context
#6 DONE 0.0s

#7 [ac-client-data-init internal] load build context
#7 transferring context: 6.69kB 0.0s done
#7 DONE 0.1s

#8 [ac-db-import skeleton 1/4] FROM docker.io/library/ubuntu:24.04@sha256:33ceb71981b602c1a7443a53469e4dba065f7503eab3078a2d7a57a2ab987517
#8 resolve docker.io/library/ubuntu:24.04@sha256:33ceb71981b602c1a7443a53469e4dba065f7503eab3078a2d7a57a2ab987517
#8 resolve docker.io/library/ubuntu:24.04@sha256:33ceb71981b602c1a7443a53469e4dba065f7503eab3078a2d7a57a2ab987517 0.1s done
#8 DONE 0.1s

#9 [ac-client-data-init client-data 1/3] RUN apt-get update &&     apt-get install -y curl unzip adduser &&     rm -rf /var/lib/apt/lists/*
#9 CACHED

#10 [ac-client-data-init client-data 2/3] RUN userdel --remove ubuntu   && addgroup --gid "1000" "acore"   && adduser --disabled-password --gecos '' --uid "1000" --gid "1000" "acore"   && passwd -d "acore"   && chown -R "acore:acore" /azerothcore
#10 CACHED

#11 [ac-worldserver skeleton 3/4] RUN apt-get update                                                           && apt-get install -y --no-install-recommends tzdata ca-certificates     && ln -snf "/usr/share/zoneinfo/Etc/UTC" /etc/localtime                      && echo "Etc/UTC" > /etc/timezone                                              && dpkg-reconfigure --frontend noninteractive tzdata                     && rm -rf /var/lib/apt/lists/*
#11 CACHED

#12 [ac-worldserver skeleton 4/4] WORKDIR /azerothcore
#12 CACHED

#13 [ac-worldserver skeleton 2/4] RUN mkdir -pv         /azerothcore/bin                           /azerothcore/data                          /azerothcore/deps                          /azerothcore/env/dist/bin                  /azerothcore/env/dist/data/Cameras         /azerothcore/env/dist/data/dbc             /azerothcore/env/dist/data/maps            /azerothcore/env/dist/data/mmaps           /azerothcore/env/dist/data/vmaps           /azerothcore/env/dist/logs                 /azerothcore/env/dist/temp                 /azerothcore/env/dist/etc                  /azerothcore/modules                       /azerothcore/src                           /azerothcore/build
#13 CACHED

#14 [ac-authserver runtime 1/4] RUN apt-get update     && apt-get install -y --no-install-recommends       libmysqlclient21 libreadline8 libicu74 libncurses5-dev       gettext-base default-mysql-client       adduser     && rm -rf /var/lib/apt/lists/*
#14 CACHED

#15 [ac-client-data-init client-data 3/3] COPY --chown=acore:acore apps apps
#15 CACHED

#16 [ac-client-data-init] exporting to image
#16 exporting layers done
#16 exporting manifest sha256:dd7ecd0592a0fe812f0dc59f6a2571b8abbc6bdaf935f95099a9adfb299c5a4a done
#16 exporting config sha256:dd180e336d0dadc25f3ebcee0540673e5d0f3fbf2a7a1a9f8ddd826e4bdeade7 done
#16 exporting attestation manifest sha256:476159e8c11dda3fcb5694cadfa8f3128de85e5c9f75d009e25267965bcccefb
#16 exporting attestation manifest sha256:476159e8c11dda3fcb5694cadfa8f3128de85e5c9f75d009e25267965bcccefb 0.2s done
#16 exporting manifest list sha256:d61b1da5e478c17b2a8aa53320a2037811e91fff2261be7961a982a8d20e5416
#16 exporting manifest list sha256:d61b1da5e478c17b2a8aa53320a2037811e91fff2261be7961a982a8d20e5416 0.1s done
#16 naming to yulon.local/ac-wotlk-client-data:native-243c46e3 0.0s done
#16 unpacking to yulon.local/ac-wotlk-client-data:native-243c46e3 0.0s done
#16 DONE 0.4s

#6 [ac-worldserver internal] load build context
#6 transferring context: 315.53kB 0.8s done
#6 transferring context: 315.53kB 0.8s done
#6 DONE 0.9s

#17 [ac-client-data-init] resolving provenance for metadata file
#17 DONE 0.0s

#18 [ac-worldserver build 2/8] COPY CMakeLists.txt /azerothcore/CMakeLists.txt
#18 CACHED

#19 [ac-worldserver build 1/8] RUN apt-get update                                                         && apt-get install -y --no-install-recommends                                 build-essential ccache libtool cmake-data ninja-build cmake clang            git lsb-base curl unzip default-mysql-client openssl                          default-libmysqlclient-dev libboost-all-dev libssl-dev libmysql++-dev         libreadline-dev zlib1g-dev libbz2-dev libncurses5-dev liblzma-dev      && rm -rf /var/lib/apt/lists/*
#19 CACHED

#20 [ac-worldserver build 4/8] COPY deps /azerothcore/deps
#20 CACHED

#21 [ac-worldserver build 5/8] COPY src /azerothcore/src
#21 CACHED

#22 [ac-worldserver build 6/8] COPY modules /azerothcore/modules
#22 CACHED

#23 [ac-worldserver build 3/8] COPY conf /azerothcore/conf
#23 CACHED

#24 [ac-authserver build 7/8] WORKDIR /azerothcore/build
#24 CACHED

#25 [ac-authserver build 8/8] RUN --mount=type=cache,target=/ccache,sharing=locked     --mount=type=bind,target=/azerothcore/.git,source=.git     git config --global --add safe.directory /azerothcore     && cmake /azerothcore        -G Ninja        -DCMAKE_INSTALL_PREFIX="/azerothcore/env/dist"         -DAPPS_BUILD="all"                                     -DTOOLS_BUILD="all"                          -DSCRIPTS="static"                                  -DMODULES="static"                                  -DWITH_WARNINGS="ON"                      -DCMAKE_BUILD_TYPE="RelWithDebInfo"                            -DCMAKE_CXX_COMPILER="clang++"                         -DCMAKE_C_COMPILER="clang"                             -DCMAKE_CXX_COMPILER_LAUNCHER="ccache"                 -DCMAKE_C_COMPILER_LAUNCHER="ccache"                   -DBoost_USE_STATIC_LIBS="ON"                        && cmake --build . --config "RelWithDebInfo" -j $(($(nproc) + 1))     && cmake --install . --config "RelWithDebInfo"
#25 0.376 -- CMake version: 3.28.3
#25 0.566 -- The CXX compiler identification is Clang 18.1.3
#25 0.684 -- The C compiler identification is Clang 18.1.3
#25 0.809 -- Detecting CXX compiler ABI info
#25 1.013 -- Detecting CXX compiler ABI info - done
#25 1.025 -- Check for working CXX compiler: /usr/bin/clang++ - skipped
#25 1.297 -- Detecting CXX compile features
#25 1.302 -- Detecting CXX compile features - done
#25 1.365 -- Detecting C compiler ABI info
#25 1.519 -- Detecting C compiler ABI info - done
#25 1.530 -- Check for working C compiler: /usr/bin/clang - skipped
#25 1.531 -- Detecting C compile features
#25 1.531 -- Detecting C compile features - done
#25 1.542 -- Running cmake hook: AFTER_LOAD_CONF
#25 1.542 -- No hooks registered for AFTER_LOAD_CONF
#25 1.543 -- Enabled С++20 standard
#25 1.543 -- Detected 64-bit platform
#25 1.543 -- Detected amd64 processor architecture
#25 1.543 -- UNIX: Using jemalloc
#25 1.543 -- UNIX: Using default configuration directory
#25 1.543 -- UNIX: Using default library directory
#25 1.544 -- UNIX: Configuring uninstall target
#25 1.544 -- UNIX: Created uninstall target
#25 1.544 -- UNIX: Detected compiler: /usr/bin/clang
#25 1.544 -- Clang: disable pch timestamp when ccache and pch enabled
#25 1.544 -- Clang: Minimum version required is 10.0.0, found 18.1.3 - ok!
#25 1.546 -- Performing Test CLANG_HAVE_PROPER_CHARCONV
#25 1.854 -- Performing Test CLANG_HAVE_PROPER_CHARCONV - Success
#25 1.854 -- Clang: All warnings enabled
#25 1.855 -- Running cmake hook: AFTER_LOAD_CMAKE_MODULES
#25 1.855 -- No hooks registered for AFTER_LOAD_CMAKE_MODULES
#25 1.856 -- Using mysql-config: /usr/bin/mysql_config
#25 1.967 -- Found MySQL:    
#25 1.977 -- Found MySQL version: 8.0.46
#25 1.978 -- Found git binary : /usr/bin/git
#25 2.681 
#25 2.681 * AzerothCore revision            : 47960183bb03+ 2026-08-28 21:04:11 +0200 (Playerbot branch)
#25 2.681 * AzerothCore buildtype           : RelWithDebInfo
#25 2.681 
#25 2.681 * Install core to                 : /azerothcore/env/dist
#25 2.681 * Install libraries to            : /azerothcore/env/dist/lib
#25 2.681 * Install configs to              : /azerothcore/env/dist/etc
#25 2.681 
#25 2.681 * Build applications              : Yes (all)
#25 2.681 * Build tools                     : Yes (all)
#25 2.681 * Build with scripts              : Yes (static)
#25 2.681 * Build with modules              : Yes (static)
#25 2.681 * Build unit tests                : No  (default)
#25 2.681 * Build core w/PCH                : Yes (default)
#25 2.681 * Build scripts w/PCH             : Yes (default)
#25 2.681 * Show all warnings               : Yes
#25 2.681 * Use coreside debug              : No  (default)
#25 2.682 * Use unix gperftools             : No  (default)
#25 2.682 * Use GIT revision hash           : Yes (default)
#25 2.682 * Use stub for libsidecar         : Yes
#25 2.682 * Enable vmap DisableMgr checks   : Yes (default)
#25 2.682 * Show source tree                : No (For UNIX default)
#25 2.682 
#25 3.097 -- Found Boost: /usr/lib/x86_64-linux-gnu/cmake/Boost-1.83.0/BoostConfig.cmake (found suitable version "1.83.0", minimum required is "1.74") found components: filesystem program_options iostreams regex thread 
#25 3.102 -- Looking for MADV_FREE
#25 3.221 -- Looking for MADV_FREE - found
#25 3.255 -- Found OpenSSL: /usr/lib/x86_64-linux-gnu/libcrypto.so (found version "3.0.13") found components: Crypto SSL 
#25 3.259 -- Looking for C++ include filesystem
#25 4.603 -- Looking for C++ include filesystem - found
#25 4.603 -- Performing Test CXX_FILESYSTEM_NO_LINK_NEEDED
#25 6.002 -- Performing Test CXX_FILESYSTEM_NO_LINK_NEEDED - Success
#25 6.006 -- Found Threads: TRUE  
#25 6.019 -- Found ZLIB: /usr/lib/x86_64-linux-gnu/libz.so (found version "1.3")  
#25 6.026 -- Found Readline library: /usr/lib/x86_64-linux-gnu/libreadline.so
#25 6.026 -- Include dir is: /usr/include
#25 6.036 -- Found BZip2: /usr/lib/x86_64-linux-gnu/libbz2.so (found version "1.0.8") 
#25 6.036 -- Looking for BZ2_bzCompressInit
#25 6.164 -- Looking for BZ2_bzCompressInit - found
#25 6.203 -- Running cmake hook: BEFORE_SRC_LOAD
#25 6.203 -- No hooks registered for BEFORE_SRC_LOAD
#25 6.206 
#25 6.206 * Apps build list (all):
#25 6.206   |
#25 6.207   +- apps
#25 6.207   |   +- authserver
#25 6.207   |   +- worldserver
#25 6.207   |
#25 6.207 
#25 6.227 -- Running cmake hook: BEFORE_GAME_LIBRARY
#25 6.227 -- No hooks registered for BEFORE_GAME_LIBRARY
#25 6.334 -- Running cmake hook: AFTER_GAME_LIBRARY
#25 6.334 -- No hooks registered for AFTER_GAME_LIBRARY
#25 6.335 -- Running cmake hook: BEFORE_SCRIPTS_LIBRARY
#25 6.335 -- No hooks registered for BEFORE_SCRIPTS_LIBRARY
#25 6.337 * Script configuration (static):[driver] UNRECOGNISED prompt, NOT answering: '#25 6.337 * Script configuration (static):'

#25 6.337   |
#25 6.337   +- worldserver
#25 6.337   |   +- Commands
#25 6.337   |   +- Custom
#25 6.337   |   +- EasternKingdoms
#25 6.337   |   +- Events
#25 6.337   |   +- Kalimdor
#25 6.337   |   +- Northrend
#25 6.337   |   +- OutdoorPvP
#25 6.337   |   +- Outland
#25 6.337   |   +- Pet
#25 6.337   |   +- Spells
#25 6.337   |   +- World
#25 6.337   |
#25 ...

#24 [ac-db-import build 7/8] WORKDIR /azerothcore/build
#24 CACHED

#5 [ac-db-import internal] load build context
#5 transferring context: 848.48MB 7.3s done
#5 DONE 7.4s

#25 [ac-db-import build 8/8] RUN --mount=type=cache,target=/ccache,sharing=locked     --mount=type=bind,target=/azerothcore/.git,source=.git     git config --global --add safe.directory /azerothcore     && cmake /azerothcore        -G Ninja        -DCMAKE_INSTALL_PREFIX="/azerothcore/env/dist"         -DAPPS_BUILD="all"                                     -DTOOLS_BUILD="all"                          -DSCRIPTS="static"                                  -DMODULES="static"                                  -DWITH_WARNINGS="ON"                      -DCMAKE_BUILD_TYPE="RelWithDebInfo"                            -DCMAKE_CXX_COMPILER="clang++"                         -DCMAKE_C_COMPILER="clang"                             -DCMAKE_CXX_COMPILER_LAUNCHER="ccache"                 -DCMAKE_C_COMPILER_LAUNCHER="ccache"                   -DBoost_USE_STATIC_LIBS="ON"                        && cmake --build . --config "RelWithDebInfo" -j $(($(nproc) + 1))     && cmake --install . --config "RelWithDebInfo"
#25 6.455 
#25 6.457 
#25 6.457 * Tools build list (all):
#25 6.457   |
#25 6.457   +- tools
#25 6.457   |   +- dbimport
#25 6.457   |   +- map_extractor
#25 6.457   |   +- mmaps_generator
#25 6.457   |   +- vmap4_assembler
#25 6.457   |   +- vmap4_extractor
#25 6.457   |
#25 6.457 
#25 6.468 * Modules configuration (static):
#25 6.468   |
#25 6.468   +- worldserver
#25 6.468   |   +- mod-playerbots
#25 6.468   |
#25 6.468 
#25 6.726 -- * Modules config list:
#25 6.726   |
#25 6.727 --   +- mod-playerbots
#25 6.727 --   |  * playerbots.conf
#25 6.727 
#25 6.727 -- Running cmake hook: AFTER_SRC_LOAD
#25 6.727 -- No hooks registered for AFTER_SRC_LOAD
#25 6.732 -- Configuring done (6.4s)
#25 7.259 -- Generating done (0.4s)
#25 7.338 -- Build files have been written to: /azerothcore/build
#25 7.470 [1/1829] Building C object deps/SFMT/CMakeFiles/sfmt.dir/SFMT.c.o
#25 7.471 [2/1829] Building C object deps/argon2/CMakeFiles/argon2.dir/argon2/argon2.c.o
#25 7.474 [3/1829] Building C object deps/argon2/CMakeFiles/argon2.dir/argon2/blake2/blake2b.c.o
#25 7.475 [4/1829] Building C object deps/argon2/CMakeFiles/argon2.dir/argon2/core.c.o
#25 7.476 [5/1829] Building C object deps/argon2/CMakeFiles/argon2.dir/argon2/thread.c.o
#25 7.477 [6/1829] Building C object deps/argon2/CMakeFiles/argon2.dir/argon2/encoding.c.o
#25 7.477 [7/1829] Building C object deps/argon2/CMakeFiles/argon2.dir/argon2/opt.c.o
#25 7.479 [8/1829] Building CXX object deps/fmt/CMakeFiles/fmt.dir/src/os.cc.o
#25 7.480 [9/1829] Building C object deps/jemalloc/CMakeFiles/jemalloc.dir/src/arena.c.o
#25 7.481 [10/1829] Building C object deps/jemalloc/CMakeFiles/jemalloc.dir/src/background_thread.c.o
#25 7.482 [11/1829] Building C object deps/jemalloc/CMakeFiles/jemalloc.dir/src/base.c.o
#25 7.483 [12/1829] Building C object deps/jemalloc/CMakeFiles/jemalloc.dir/src/bin.c.o
#25 7.484 [13/1829] Building CXX object deps/fmt/CMakeFiles/fmt.dir/src/format.cc.o
#25 7.485 [14/1829] Building C object deps/jemalloc/CMakeFiles/jemalloc.dir/src/bitmap.c.o
#25 7.486 [15/1829] Building C object deps/jemalloc/CMakeFiles/jemalloc.dir/src/ckh.c.o
#25 7.487 [16/1829] Building C object deps/jemalloc/CMakeFiles/jemalloc.dir/src/ctl.c.o
#25 7.488 [17/1829] Building C object deps/jemalloc/CMakeFiles/jemalloc.dir/src/div.c.o
#25 7.489 [18/1829] Building C object deps/jemalloc/CMakeFiles/jemalloc.dir/src/extent.c.o
#25 7.491 [19/1829] Building C object deps/jemalloc/CMakeFiles/jemalloc.dir/src/extent_dss.c.o
#25 7.491 [20/1829] Building C object deps/jemalloc/CMakeFiles/jemalloc.dir/src/extent_mmap.c.o
#25 7.491 [21/1829] Building C object deps/jemalloc/CMakeFiles/jemalloc.dir/src/hash.c.o
#25 7.491 [22/1829] Building C object deps/jemalloc/CMakeFiles/jemalloc.dir/src/hook.c.o
#25 7.493 [23/1829] Building C object deps/jemalloc/CMakeFiles/jemalloc.dir/src/jemalloc.c.o
#25 7.494 [24/1829] Building CXX object deps/jemalloc/CMakeFiles/jemalloc.dir/src/jemalloc_cpp.cpp.o
#25 7.495 [25/1829] Building C object deps/jemalloc/CMakeFiles/jemalloc.dir/src/large.c.o
#25 7.496 [26/1829] Building C object deps/jemalloc/CMakeFiles/jemalloc.dir/src/log.c.o
#25 7.497 [27/1829] Building C object deps/jemalloc/CMakeFiles/jemalloc.dir/src/malloc_io.c.o
#25 7.498 [28/1829] Building C object deps/jemalloc/CMakeFiles/jemalloc.dir/src/mutex.c.o
#25 7.500 [29/1829] Building C object deps/jemalloc/CMakeFiles/jemalloc.dir/src/mutex_pool.c.o
#25 7.500 [30/1829] Building C object deps/jemalloc/CMakeFiles/jemalloc.dir/src/nstime.c.o
#25 7.501 [31/1829] Building C object deps/jemalloc/CMakeFiles/jemalloc.dir/src/pages.c.o
#25 7.502 [32/1829] Building C object deps/jemalloc/CMakeFiles/jemalloc.dir/src/prng.c.o
#25 7.503 [33/1829] Building C object deps/jemalloc/CMakeFiles/jemalloc.dir/src/prof.c.o
#25 7.504 [34/1829] Building C object deps/jemalloc/CMakeFiles/jemalloc.dir/src/rtree.c.o
#25 7.505 [35/1829] Building C object deps/jemalloc/CMakeFiles/jemalloc.dir/src/safety_check.c.o
#25 7.506 [36/1829] Building C object deps/jemalloc/CMakeFiles/jemalloc.dir/src/stats.c.o
#25 7.507 [37/1829] Building C object deps/jemalloc/CMakeFiles/jemalloc.dir/src/sc.c.o
#25 7.509 [38/1829] Building C object deps/jemalloc/CMakeFiles/jemalloc.dir/src/sz.c.o
#25 7.509 [39/1829] Building C object deps/jemalloc/CMakeFiles/jemalloc.dir/src/tcache.c.o
#25 7.510 [40/1829] Building C object deps/jemalloc/CMakeFiles/jemalloc.dir/src/test_hooks.c.o
#25 7.511 [41/1829] Building C object deps/jemalloc/CMakeFiles/jemalloc.dir/src/ticker.c.o
#25 7.515 [42/1829] Building C object deps/jemalloc/CMakeFiles/jemalloc.dir/src/tsd.c.o
#25 7.515 [43/1829] Building C object deps/jemalloc/CMakeFiles/jemalloc.dir/src/witness.c.o
#25 7.515 [44/1829] Building CXX object deps/g3dlite/CMakeFiles/g3dlib.dir/source/AABox.cpp.o
#25 7.515 [45/1829] Building CXX object deps/g3dlite/CMakeFiles/g3dlib.dir/source/AnyTableReader.cpp.o
#25 7.519 [46/1829] Building CXX object deps/g3dlite/CMakeFiles/g3dlib.dir/source/BinaryInput.cpp.o
#25 7.520 [47/1829] Building CXX object deps/g3dlite/CMakeFiles/g3dlib.dir/source/Any.cpp.o
#25 7.520 [48/1829] Building CXX object deps/g3dlite/CMakeFiles/g3dlib.dir/source/BinaryOutput.cpp.o
#25 7.522 [49/1829] Building CXX object deps/g3dlite/CMakeFiles/g3dlib.dir/source/Box.cpp.o
#25 7.523 [50/1829] Building CXX object deps/g3dlite/CMakeFiles/g3dlib.dir/source/BinaryFormat.cpp.o
#25 7.524 [51/1829] Building CXX object deps/g3dlite/CMakeFiles/g3dlib.dir/source/Capsule.cpp.o
#25 7.525 [52/1829] Building CXX object deps/g3dlite/CMakeFiles/g3dlib.dir/source/Crypto.cpp.o
#25 7.527 [53/1829] Building CXX object deps/g3dlite/CMakeFiles/g3dlib.dir/source/CollisionDetection.cpp.o
#25 7.528 [54/1829] Building CXX object deps/g3dlite/CMakeFiles/g3dlib.dir/source/CoordinateFrame.cpp.o
#25 7.529 [55/1829] Building CXX object deps/g3dlite/CMakeFiles/g3dlib.dir/source/Cylinder.cpp.o
#25 7.531 [56/1829] Building CXX object deps/g3dlite/CMakeFiles/g3dlib.dir/source/debugAssert.cpp.o
#25 7.532 [57/1829] Linking CXX static library deps/SFMT/libsfmt.a
#25 7.534 [58/1829] Building CXX object deps/g3dlite/CMakeFiles/g3dlib.dir/source/FileSystem.cpp.o
#25 7.534 [59/1829] Building CXX object deps/g3dlite/CMakeFiles/g3dlib.dir/source/fileutils.cpp.o
#25 7.535 [60/1829] Building CXX object deps/g3dlite/CMakeFiles/g3dlib.dir/source/format.cpp.o
#25 7.536 [61/1829] Building CXX object deps/g3dlite/CMakeFiles/g3dlib.dir/source/g3dfnmatch.cpp.o
#25 7.538 [62/1829] Building CXX object deps/g3dlite/CMakeFiles/g3dlib.dir/source/g3dmath.cpp.o
#25 7.541 [63/1829] Building CXX object deps/g3dlite/CMakeFiles/g3dlib.dir/source/GThread.cpp.o
#25 7.541 [64/1829] Building CXX object deps/g3dlite/CMakeFiles/g3dlib.dir/source/Line.cpp.o
#25 7.544 [65/1829] Building CXX object deps/g3dlite/CMakeFiles/g3dlib.dir/source/LineSegment.cpp.o
#25 7.545 [66/1829] Linking CXX static library deps/argon2/libargon2.a
#25 7.546 [67/1829] Building CXX object deps/g3dlite/CMakeFiles/g3dlib.dir/source/Log.cpp.o
#25 7.547 [68/1829] Building CXX object deps/g3dlite/CMakeFiles/g3dlib.dir/source/Matrix3.cpp.o
#25 7.548 [69/1829] Building CXX object deps/g3dlite/CMakeFiles/g3dlib.dir/source/Matrix4.cpp.o
#25 7.549 [70/1829] Building CXX object deps/g3dlite/CMakeFiles/g3dlib.dir/source/MemoryManager.cpp.o
#25 7.551 [71/1829] Building CXX object deps/g3dlite/CMakeFiles/g3dlib.dir/source/PhysicsFrame.cpp.o
#25 7.553 [72/1829] Building CXX object deps/g3dlite/CMakeFiles/g3dlib.dir/source/prompt.cpp.o
#25 7.553 [73/1829] Linking CXX static library deps/fmt/libfmt.a
#25 7.555 [74/1829] Building CXX object deps/g3dlite/CMakeFiles/g3dlib.dir/source/Plane.cpp.o
#25 7.557 [75/1829] Building CXX object deps/g3dlite/CMakeFiles/g3dlib.dir/source/Quat.cpp.o
#25 7.559 [76/1829] Building CXX object deps/g3dlite/CMakeFiles/g3dlib.dir/source/Random.cpp.o
#25 7.559 [77/1829] Building CXX object deps/g3dlite/CMakeFiles/g3dlib.dir/source/Ray.cpp.o
#25 7.560 [78/1829] Building CXX object deps/g3dlite/CMakeFiles/g3dlib.dir/source/RegistryUtil.cpp.o
#25 7.562 [79/1829] Building CXX object deps/g3dlite/CMakeFiles/g3dlib.dir/source/Sphere.cpp.o
#25 7.563 [80/1829] Building CXX object deps/g3dlite/CMakeFiles/g3dlib.dir/source/stringutils.cpp.o
#25 7.564 [81/1829] Building CXX object deps/g3dlite/CMakeFiles/g3dlib.dir/source/System.cpp.o
#25 7.565 [82/1829] Building CXX object deps/g3dlite/CMakeFiles/g3dlib.dir/source/TextInput.cpp.o
#25 7.566 [83/1829] Building CXX object deps/g3dlite/CMakeFiles/g3dlib.dir/source/TextOutput.cpp.o
#25 7.567 [84/1829] Building CXX object deps/g3dlite/CMakeFiles/g3dlib.dir/source/Triangle.cpp.o
#25 7.567 [85/1829] Building CXX object deps/g3dlite/CMakeFiles/g3dlib.dir/source/uint128.cpp.o
#25 7.568 [86/1829] Building CXX object deps/g3dlite/CMakeFiles/g3dlib.dir/source/UprightFrame.cpp.o
#25 7.569 [87/1829] Building CXX object deps/g3dlite/CMakeFiles/g3dlib.dir/source/Vector2.cpp.o
#25 7.570 [88/1829] Building CXX object deps/g3dlite/CMakeFiles/g3dlib.dir/source/Vector4.cpp.o
#25 7.571 [89/1829] Building CXX object deps/recastnavigation/Detour/CMakeFiles/Detour.dir/Source/DetourAlloc.cpp.o
#25 7.571 [90/1829] Building CXX object deps/recastnavigation/Detour/CMakeFiles/Detour.dir/Source/DetourAssert.cpp.o
#25 7.573 [91/1829] Building CXX object deps/recastnavigation/Detour/CMakeFiles/Detour.dir/Source/DetourCommon.cpp.o
#25 7.574 [92/1829] Building CXX object deps/g3dlite/CMakeFiles/g3dlib.dir/source/Vector3.cpp.o
#25 7.575 [93/1829] Building CXX object deps/recastnavigation/Detour/CMakeFiles/Detour.dir/Source/DetourNavMesh.cpp.o
#25 7.576 [94/1829] Building CXX object deps/recastnavigation/Detour/CMakeFiles/Detour.dir/Source/DetourNavMeshBuilder.cpp.o
#25 7.576 [95/1829] Building CXX object deps/recastnavigation/Detour/CMakeFiles/Detour.dir/Source/DetourNavMeshQuery.cpp.o
#25 7.577 [96/1829] Building CXX object deps/recastnavigation/Detour/CMakeFiles/Detour.dir/Source/DetourNode.cpp.o
#25 7.578 [97/1829] Building CXX object deps/recastnavigation/Recast/CMakeFiles/Recast.dir/Source/Recast.cpp.o
#25 7.579 [98/1829] Building CXX object deps/recastnavigation/Recast/CMakeFiles/Recast.dir/Source/RecastAlloc.cpp.o
#25 7.580 [99/1829] Building CXX object deps/recastnavigation/Recast/CMakeFiles/Recast.dir/Source/RecastAssert.cpp.o
#25 7.581 [100/1829] Building CXX object deps/recastnavigation/Recast/CMakeFiles/Recast.dir/Source/RecastArea.cpp.o
#25 7.581 [101/1829] Building CXX object deps/recastnavigation/Recast/CMakeFiles/Recast.dir/Source/RecastContour.cpp.o
#25 7.582 [102/1829] Building CXX object deps/recastnavigation/Recast/CMakeFiles/Recast.dir/Source/RecastFilter.cpp.o
#25 7.582 [103/1829] Building CXX object deps/recastnavigation/Recast/CMakeFiles/Recast.dir/Source/RecastLayers.cpp.o
#25 7.584 [104/1829] Building CXX object deps/recastnavigation/Recast/CMakeFiles/Recast.dir/Source/RecastMesh.cpp.o
#25 7.585 [105/1829] Building CXX object deps/recastnavigation/Recast/CMakeFiles/Recast.dir/Source/RecastMeshDetail.cpp.o
#25 7.587 [106/1829] Building CXX object deps/recastnavigation/Recast/CMakeFiles/Recast.dir/Source/RecastRasterization.cpp.o
#25 7.588 [107/1829] Building CXX object deps/recastnavigation/Recast/CMakeFiles/Recast.dir/Source/RecastRegion.cpp.o
#25 7.588 [108/1829] Building CXX object deps/gsoap/CMakeFiles/gsoap.dir/soapC.cpp.o
#25 7.589 [109/1829] Building CXX object deps/gsoap/CMakeFiles/gsoap.dir/soapServer.cpp.o
#25 7.590 [110/1829] Building C object deps/libmpq/CMakeFiles/mpq.dir/libmpq/common.c.o
#25 7.591 [111/1829] Building C object deps/libmpq/CMakeFiles/mpq.dir/libmpq/explode.c.o
#25 7.591 [112/1829] Building C object deps/libmpq/CMakeFiles/mpq.dir/libmpq/extract.c.o
#25 7.592 [113/1829] Building C object deps/libmpq/CMakeFiles/mpq.dir/libmpq/huffman.c.o
#25 7.593 [114/1829] Building C object deps/libmpq/CMakeFiles/mpq.dir/libmpq/wave.c.o
#25 7.593 [115/1829] Building CXX object deps/gsoap/CMakeFiles/gsoap.dir/stdsoap2.cpp.o
#25 7.594 [116/1829] Building C object deps/libmpq/CMakeFiles/mpq.dir/libmpq/mpq.c.o
#25 7.594 [117/1829] Building C object deps/libsidecar/CMakeFiles/libsidecar.dir/stub/battleground-api.c.o
#25 7.595 [118/1829] Building C object deps/libsidecar/CMakeFiles/libsidecar.dir/stub/events-group.c.o
#25 7.596 [119/1829] Building C object deps/libsidecar/CMakeFiles/libsidecar.dir/stub/events-guild.c.o
#25 7.597 [120/1829] Building C object deps/libsidecar/CMakeFiles/libsidecar.dir/stub/events-servers-registry.c.o
#25 7.598 [121/1829] Building C object deps/libsidecar/CMakeFiles/libsidecar.dir/stub/libsidecar.c.o
#25 7.599 [122/1829] Building C object deps/libsidecar/CMakeFiles/libsidecar.dir/stub/monitoring.c.o
#25 7.600 [123/1829] Building C object deps/libsidecar/CMakeFiles/libsidecar.dir/stub/player-interactions-api.c.o
#25 7.602 [124/1829] Building C object deps/libsidecar/CMakeFiles/libsidecar.dir/stub/player-items-api.c.o
#25 7.603 [125/1829] Building C object deps/libsidecar/CMakeFiles/libsidecar.dir/stub/player-money-api.c.o
#25 7.605 [126/1829] Building CXX object src/server/shared/CMakeFiles/shared.dir/SharedDefines.cpp.o
#25 7.609 [127/1829] Building CXX object src/server/shared/CMakeFiles/shared.dir/enuminfo_SharedDefines.cpp.o
#25 7.611 [128/1829] Building CXX object src/server/shared/CMakeFiles/shared.dir/DataStores/DBCDatabaseLoader.cpp.o
#25 7.615 [129/1829] Building CXX object src/server/shared/CMakeFiles/shared.dir/DataStores/DBCStore.cpp.o
#25 7.621 [130/1829] Building CXX object src/server/shared/CMakeFiles/shared.dir/Packets/ByteBuffer.cpp.o
#25 7.625 [131/1829] Linking CXX static library deps/jemalloc/libjemalloc.a
#25 7.629 [132/1829] Building CXX object src/server/shared/CMakeFiles/shared.dir/Realms/Realm.cpp.o
#25 7.634 [133/1829] Building CXX object src/server/shared/CMakeFiles/shared.dir/Secrets/SecretMgr.cpp.o
#25 7.648 [134/1829] Linking CXX static library deps/recastnavigation/Detour/libDetour.a
#25 7.658 [135/1829] Building CXX object src/server/shared/CMakeFiles/shared.dir/Realms/RealmList.cpp.o
#25 7.665 [136/1829] Linking CXX static library deps/recastnavigation/Recast/libRecast.a
#25 7.670 [137/1829] Linking CXX static library deps/libmpq/libmpq.a
#25 7.674 [138/1829] Linking CXX static library deps/gsoap/libgsoap.a
#25 7.677 [139/1829] Linking CXX static library deps/libsidecar/liblibsidecar.a
#25 7.704 [140/1829] Building CXX object src/common/CMakeFiles/common.dir/cmake_pch.hxx.pch
#25 7.712 [141/1829] Building CXX object src/server/database/CMakeFiles/database.dir/cmake_pch.hxx.pch
#25 7.756 [142/1829] Building CXX object src/common/CMakeFiles/common.dir/Banner.cpp.o
#25 7.785 [143/1829] Linking CXX static library deps/g3dlite/libg3dlib.a
#25 7.801 [144/1829] Building CXX object src/common/CMakeFiles/common.dir/GitRevision.cpp.o
#25 7.804 [145/1829] Building CXX object src/common/CMakeFiles/common.dir/Common.cpp.o
#25 7.850 [146/1829] Building CXX object src/common/CMakeFiles/common.dir/Collision/DynamicTree.cpp.o
#25 7.860 [147/1829] Building CXX object src/common/CMakeFiles/common.dir/Collision/BoundingIntervalHierarchy.cpp.o
#25 7.899 [148/1829] Building CXX object src/common/CMakeFiles/common.dir/Collision/Management/VMapFactory.cpp.o
#25 7.902 [149/1829] Building CXX object src/common/CMakeFiles/common.dir/Collision/Management/MMapMgr.cpp.o
#25 7.907 [150/1829] Building CXX object src/common/CMakeFiles/common.dir/Collision/Management/VMapMgr2.cpp.o
#25 7.959 [151/1829] Building CXX object src/common/CMakeFiles/common.dir/Collision/Maps/MapTree.cpp.o
#25 7.964 [152/1829] Building CXX object src/common/CMakeFiles/common.dir/Collision/Maps/TileAssembler.cpp.o
#25 7.967 [153/1829] Building CXX object src/server/scripts/CMakeFiles/scripts.dir/cmake_pch.hxx.pch
#25 7.996 [154/1829] Building CXX object src/common/CMakeFiles/common.dir/Collision/Management/WorldModelStore.cpp.o
#25 8.010 [155/1829] Building CXX object src/common/CMakeFiles/common.dir/Collision/Models/GameObjectModel.cpp.o
#25 8.013 [156/1829] Building CXX object src/common/CMakeFiles/common.dir/Collision/Models/ModelInstance.cpp.o
#25 8.020 [157/1829] Building CXX object src/common/CMakeFiles/common.dir/Collision/Models/WorldModel.cpp.o
#25 8.060 [158/1829] Building CXX object src/common/CMakeFiles/common.dir/Configuration/BuiltInConfig.cpp.o
#25 8.067 [159/1829] Building CXX object src/common/CMakeFiles/common.dir/Cryptography/AES.cpp.o
#25 8.081 [160/1829] Building CXX object src/common/CMakeFiles/common.dir/Cryptography/ARC4.cpp.o
#25 8.111 [161/1829] Building CXX object src/common/CMakeFiles/common.dir/Configuration/Config.cpp.o
#25 8.119 [162/1829] Building CXX object src/common/CMakeFiles/common.dir/Cryptography/Argon2.cpp.o
#25 8.120 [163/1829] Building CXX object src/common/CMakeFiles/common.dir/Cryptography/BigNumber.cpp.o
#25 8.130 [164/1829] Building CXX object src/common/CMakeFiles/common.dir/Cryptography/CryptoRandom.cpp.o
#25 8.170 [165/1829] Building CXX object src/common/CMakeFiles/common.dir/Cryptography/OpenSSLCrypto.cpp.o
#25 8.175 [166/1829] Building CXX object src/common/CMakeFiles/common.dir/Cryptography/TOTP.cpp.o
#25 8.195 [167/1829] Building CXX object src/common/CMakeFiles/common.dir/Cryptography/Authentication/AuthCrypt.cpp.o
#25 8.201 [168/1829] Building CXX object src/common/CMakeFiles/common.dir/Cryptography/Authentication/SRP6.cpp.o
#25 8.223 [169/1829] Building CXX object src/common/CMakeFiles/common.dir/Encoding/Base32.cpp.o
#25 8.233 [170/1829] Building CXX object src/common/CMakeFiles/common.dir/DataStores/DBCFileLoader.cpp.o
#25 8.256 [171/1829] Building CXX object src/common/CMakeFiles/common.dir/Encoding/Base64.cpp.o
#25 8.263 [172/1829] Building CXX object src/common/CMakeFiles/common.dir/IPLocation/IPLocation.cpp.o
#25 8.292 [173/1829] Building CXX object src/common/CMakeFiles/common.dir/Logging/Appender.cpp.o
#25 8.296 [174/1829] Building CXX object src/common/CMakeFiles/common.dir/Logging/AppenderConsole.cpp.o
#25 8.327 [175/1829] Building CXX object src/common/CMakeFiles/common.dir/Logging/Log.cpp.o
#25 8.337 [176/1829] Building CXX object src/common/CMakeFiles/common.dir/Logging/AppenderFile.cpp.o
#25 8.342 [177/1829] Building CXX object src/common/CMakeFiles/common.dir/Logging/LogOperation.cpp.o
#25 8.347 [178/1829] cd /azerothcore && /usr/bin/cmake -DBUILDDIR="/azerothcore/build" -P /azerothcore/src/cmake/genrev.cmake /azerothcore/build
#25 8.357 [179/1829] Building CXX object src/common/CMakeFiles/common.dir/Logging/LogMessage.cpp.o
#25 8.384 [180/1829] Building CXX object src/common/CMakeFiles/common.dir/Logging/enuminfo_AppenderConsole.cpp.o
#25 8.392 [181/1829] Building CXX object src/common/CMakeFiles/common.dir/Logging/enuminfo_LogCommon.cpp.o
#25 8.403 [182/1829] Building CXX object src/common/CMakeFiles/common.dir/Navigation/DetourExtended.cpp.o
#25 8.417 [183/1829] Building CXX object src/common/CMakeFiles/common.dir/Logging/Logger.cpp.o
#25 8.435 [184/1829] Building CXX object src/common/CMakeFiles/common.dir/Threading/ProcessPriority.cpp.o
#25 8.441 [185/1829] Building CXX object src/common/CMakeFiles/common.dir/Threading/Threading.cpp.o
#25 8.442 [186/1829] Building CXX object src/common/CMakeFiles/common.dir/Metric/Metric.cpp.o
#25 8.463 [187/1829] Building CXX object src/common/CMakeFiles/common.dir/Utilities/EventMap.cpp.o
#25 8.484 [188/1829] Building CXX object src/common/CMakeFiles/common.dir/Utilities/Random.cpp.o
#25 8.492 [189/1829] Building CXX object src/common/CMakeFiles/common.dir/Utilities/EventProcessor.cpp.o
#25 8.508 [190/1829] Building CXX object src/common/CMakeFiles/common.dir/Utilities/SFMTRand.cpp.o
#25 8.536 [191/1829] Building CXX object src/common/CMakeFiles/common.dir/Utilities/StartProcess.cpp.o
#25 8.541 [192/1829] Building CXX object src/common/CMakeFiles/common.dir/Utilities/TaskScheduler.cpp.o
#25 8.552 [193/1829] Building CXX object src/common/CMakeFiles/common.dir/Utilities/Systemd.cpp.o
#25 8.555 [194/1829] Building CXX object src/common/CMakeFiles/common.dir/Utilities/Timer.cpp.o
#25 8.559 [195/1829] Building CXX object src/common/CMakeFiles/common.dir/Utilities/StringFormat.cpp.o
#25 8.595 [196/1829] Building CXX object src/common/CMakeFiles/common.dir/Utilities/Tokenize.cpp.o
#25 8.599 [197/1829] Building CXX object src/common/CMakeFiles/common.dir/Debugging/Errors.cpp.o
#25 8.603 [198/1829] Building CXX object src/common/CMakeFiles/common.dir/Utilities/Util.cpp.o
#25 8.650 [199/1829] Building CXX object src/server/database/CMakeFiles/database.dir/Database/DatabaseEnv.cpp.o
#25 8.658 [200/1829] Building CXX object src/server/database/CMakeFiles/database.dir/Database/AdhocStatement.cpp.o
#25 8.732 [201/1829] Building CXX object src/server/apps/CMakeFiles/authserver.dir/cmake_pch.hxx.pch
#25 8.733 [202/1829] Building CXX object src/server/database/CMakeFiles/database.dir/Database/DatabaseLoader.cpp.o
#25 8.734 [203/1829] Building CXX object src/server/database/CMakeFiles/database.dir/Database/DatabaseWorker.cpp.o
#25 8.742 [204/1829] Building CXX object modules/CMakeFiles/modules.dir/gen_scriptloader/static/ModulesLoader.cpp.o
#25 8.793 [205/1829] Building CXX object src/server/apps/CMakeFiles/worldserver.dir/cmake_pch.hxx.pch
#25 8.821 [206/1829] Building CXX object src/server/database/CMakeFiles/database.dir/Database/DatabaseWorkerPool.cpp.o
#25 8.824 [207/1829] Building CXX object src/server/apps/CMakeFiles/authserver.dir/authserver/Main.cpp.o
#25 8.825 [208/1829] Building CXX object src/server/apps/CMakeFiles/authserver.dir/authserver/Authentication/AuthCodes.cpp.o
#25 8.880 [209/1829] Building CXX object src/server/apps/CMakeFiles/authserver.dir/authserver/Server/AuthSession.cpp.o
#25 8.907 [210/1829] Building CXX object src/server/apps/CMakeFiles/worldserver.dir/worldserver/Main.cpp.o
#25 8.915 [211/1829] Building CXX object src/server/apps/CMakeFiles/worldserver.dir/worldserver/CommandLine/CliRunnable.cpp.o
#25 8.920 [212/1829] Building CXX object src/server/apps/CMakeFiles/worldserver.dir/worldserver/ACSoap/ACSoap.cpp.o
#25 8.948 [213/1829] Building CXX object src/server/database/CMakeFiles/database.dir/Database/Field.cpp.o
#25 8.951 [214/1829] Building CXX object src/server/apps/CMakeFiles/worldserver.dir/worldserver/RemoteAccess/RASession.cpp.o
#25 8.965 [215/1829] Building CXX object src/server/database/CMakeFiles/database.dir/Database/MySQLConnection.cpp.o
#25 8.972 [216/1829] Building CXX object src/server/database/CMakeFiles/database.dir/Database/MySQLPreparedStatement.cpp.o
#25 8.979 [217/1829] Building CXX object src/server/database/CMakeFiles/database.dir/Database/MySQLThreading.cpp.o
#25 9.011 [218/1829] Building CXX object src/server/database/CMakeFiles/database.dir/Database/PreparedStatement.cpp.o
#25 9.013 [219/1829] Building CXX object src/server/database/CMakeFiles/database.dir/Database/QueryCallback.cpp.o
#25 9.017 [220/1829] Building CXX object src/server/database/CMakeFiles/database.dir/Database/QueryHolder.cpp.o
#25 9.032 [221/1829] Building CXX object src/server/database/CMakeFiles/database.dir/Database/Transaction.cpp.o
#25 9.034 [222/1829] Building CXX object src/server/database/CMakeFiles/database.dir/Database/QueryResult.cpp.o
#25 9.065 [223/1829] Building CXX object src/server/database/CMakeFiles/database.dir/Database/Implementation/LoginDatabase.cpp.o
#25 9.066 [224/1829] Building CXX object src/server/database/CMakeFiles/database.dir/Database/Implementation/PlayerbotsDatabase.cpp.o
#25 9.070 [225/1829] Building CXX object src/server/database/CMakeFiles/database.dir/Database/Implementation/CharacterDatabase.cpp.o
#25 9.086 [226/1829] Building CXX object src/server/database/CMakeFiles/database.dir/Database/Implementation/WorldDatabase.cpp.o
#25 9.098 [227/1829] Building CXX object src/server/database/CMakeFiles/database.dir/Logging/AppenderDB.cpp.o
#25 9.124 [228/1829] Building CXX object src/server/database/CMakeFiles/database.dir/Updater/UpdateFetcher.cpp.o
#25 9.125 [229/1829] Building CXX object src/server/database/CMakeFiles/database.dir/Updater/DBUpdater.cpp.o
#25 9.252 [230/1829] Building CXX object src/server/scripts/CMakeFiles/scripts.dir/gen_scriptloader/static/ScriptLoader.cpp.o
#25 9.255 [231/1829] Building CXX object src/server/scripts/CMakeFiles/scripts.dir/Commands/PlayerCommand.cpp.o
#25 9.280 [232/1829] Building CXX object src/server/scripts/CMakeFiles/scripts.dir/Commands/cs_account.cpp.o
#25 9.282 [233/1829] Building CXX object src/server/scripts/CMakeFiles/scripts.dir/Commands/cs_achievement.cpp.o
#25 9.355 [234/1829] Linking CXX static library src/common/libcommon.a
#25 9.397 [235/1829] Building CXX object src/server/game/CMakeFiles/game.dir/cmake_pch.hxx.pch
#25 9.404 [236/1829] Building CXX object src/server/scripts/CMakeFiles/scripts.dir/Commands/cs_autobroadcast.cpp.o
#25 9.420 [237/1829] Building CXX object src/server/scripts/CMakeFiles/scripts.dir/Commands/cs_arena.cpp.o
#25 9.432 [238/1829] Building CXX object src/server/scripts/CMakeFiles/scripts.dir/Commands/cs_ban.cpp.o
#25 9.437 [239/1829] Building CXX object src/server/scripts/CMakeFiles/scripts.dir/Commands/cs_bag.cpp.o
#25 9.545 [240/1829] Building CXX object src/server/game/CMakeFiles/game.dir/AI/CreatureAIRegistry.cpp.o
#25 9.553 [241/1829] Building CXX object src/server/game/CMakeFiles/game.dir/AI/CreatureAI.cpp.o
#25 9.570 [242/1829] Building CXX object src/server/game/CMakeFiles/game.dir/AI/CreatureAISelector.cpp.o
#25 9.572 [243/1829] Building CXX object src/server/game/CMakeFiles/game.dir/AI/enuminfo_CreatureAI.cpp.o
#25 9.592 [244/1829] Linking CXX static library src/server/database/libdatabase.a
#25 9.604 [245/1829] Building CXX object src/server/game/CMakeFiles/game.dir/AI/CoreAI/CombatAI.cpp.o
#25 9.686 [246/1829] Building CXX object src/server/game/CMakeFiles/game.dir/AI/CoreAI/GameObjectAI.cpp.o
#25 9.697 [247/1829] Building CXX object src/server/game/CMakeFiles/game.dir/AI/CoreAI/GuardAI.cpp.o
#25 9.717 [248/1829] Building CXX object src/server/game/CMakeFiles/game.dir/AI/CoreAI/PetAI.cpp.o
#25 9.721 [249/1829] Building CXX object src/server/game/CMakeFiles/game.dir/AI/CoreAI/PassiveAI.cpp.o
#25 9.741 [250/1829] Building CXX object src/server/game/CMakeFiles/game.dir/AI/CoreAI/ReactorAI.cpp.o
#25 9.773 [251/1829] Linking CXX static library src/server/shared/libshared.a
#25 9.839 [252/1829] Building CXX object src/server/game/CMakeFiles/game.dir/AI/CoreAI/TotemAI.cpp.o
#25 9.856 [253/1829] Building CXX object src/server/game/CMakeFiles/game.dir/AI/CoreAI/UnitAI.cpp.o
#25 9.861 [254/1829] Building CXX object src/server/game/CMakeFiles/game.dir/AI/ScriptedAI/ScriptedEscortAI.cpp.o
#25 9.863 [255/1829] Building CXX object src/server/game/CMakeFiles/game.dir/AI/ScriptedAI/ScriptedCreature.cpp.o
#25 9.879 [256/1829] Building CXX object src/server/game/CMakeFiles/game.dir/AI/ScriptedAI/ScriptedFollowerAI.cpp.o
#25 9.996 [257/1829] Building CXX object src/server/game/CMakeFiles/game.dir/AI/SmartScripts/SmartAI.cpp.o
#25 10.01 [258/1829] Building CXX object src/server/game/CMakeFiles/game.dir/AI/SmartScripts/SmartScript.cpp.o
#25 10.02 [259/1829] Building CXX object src/server/game/CMakeFiles/game.dir/AI/SmartScripts/SmartScriptMgr.cpp.o
#25 10.05 [260/1829] Building CXX object src/server/game/CMakeFiles/game.dir/AI/ScriptedAI/ScriptedGossip.cpp.o
#25 10.09 [261/1829] Building CXX object src/server/game/CMakeFiles/game.dir/Accounts/AccountMgr.cpp.o
#25 10.14 [262/1829] Building CXX object src/server/game/CMakeFiles/game.dir/Accounts/RBAC.cpp.o
#25 10.16 [263/1829] Building CXX object src/server/game/CMakeFiles/game.dir/Achievements/AchievementMgr.cpp.o
#25 10.19 [264/1829] Building CXX object src/server/game/CMakeFiles/game.dir/ArenaSpectator/ArenaSpectator.cpp.o
#25 10.23 [265/1829] Building CXX object src/server/game/CMakeFiles/game.dir/Addons/AddonMgr.cpp.o
#25 10.24 [266/1829] Building CXX object src/server/game/CMakeFiles/game.dir/AuctionHouse/AuctionHouseMgr.cpp.o
#25 10.30 [267/1829] Building CXX object src/server/game/CMakeFiles/game.dir/AuctionHouse/AuctionHouseSearcher.cpp.o
#25 10.33 [268/1829] Building CXX object src/server/game/CMakeFiles/game.dir/Battlefield/Battlefield.cpp.o
#25 10.34 [269/1829] Building CXX object src/server/game/CMakeFiles/game.dir/Autobroadcast/AutobroadcastMgr.cpp.o
#25 10.37 [270/1829] Building CXX object src/server/game/CMakeFiles/game.dir/Battlefield/BattlefieldHandler.cpp.o
#25 10.43 [271/1829] Linking CXX executable src/server/apps/authserver
#25 10.44 [272/1829] Building CXX object src/server/game/CMakeFiles/game.dir/Battlefield/BattlefieldMgr.cpp.o
#25 10.47 [273/1829] Building CXX object src/server/game/CMakeFiles/game.dir/Battlefield/Zones/BattlefieldWG.cpp.o
#25 10.48 [274/1829] Building CXX object src/server/game/CMakeFiles/game.dir/Battlegrounds/Arena.cpp.o
#25 10.51 [275/1829] Building CXX object src/server/game/CMakeFiles/game.dir/Battlegrounds/ArenaTeam.cpp.o
#25 10.51 [276/1829] Building CXX object src/server/game/CMakeFiles/game.dir/Battlegrounds/ArenaTeamMgr.cpp.o
#25 10.58 [277/1829] Building CXX object src/server/game/CMakeFiles/game.dir/Battlegrounds/Battleground.cpp.o
#25 10.59 [278/1829] Building CXX object src/server/game/CMakeFiles/game.dir/Battlegrounds/BattlegroundMgr.cpp.o
#25 10.61 [279/1829] Building CXX object src/server/game/CMakeFiles/game.dir/Battlegrounds/BattlegroundQueue.cpp.o
#25 10.62 [280/1829] Building CXX object src/server/game/CMakeFiles/game.dir/Battlegrounds/BattlegroundSpamProtect.cpp.o
#25 10.65 [281/1829] Building CXX object src/server/game/CMakeFiles/game.dir/Battlegrounds/BattlegroundUtils.cpp.o
#25 10.66 [282/1829] Building CXX object src/server/game/CMakeFiles/game.dir/Battlegrounds/enuminfo_ArenaTeam.cpp.o
#25 10.73 [283/1829] Building CXX object src/server/game/CMakeFiles/game.dir/Battlegrounds/ArenaSeason/ArenaSeasonMgr.cpp.o
#25 10.74 [284/1829] Building CXX object src/server/game/CMakeFiles/game.dir/Battlegrounds/ArenaSeason/ArenaSeasonRewardsDistributor.cpp.o
#25 10.76 [285/1829] Building CXX object src/server/game/CMakeFiles/game.dir/Battlegrounds/Zones/BattlegroundAB.cpp.o
#25 10.76 [286/1829] Building CXX object src/server/game/CMakeFiles/game.dir/Battlegrounds/Zones/BattlegroundAV.cpp.o
#25 10.80 [287/1829] Building CXX object src/server/game/CMakeFiles/game.dir/Battlegrounds/Zones/BattlegroundBE.cpp.o
#25 10.81 [288/1829] Building CXX object src/server/game/CMakeFiles/game.dir/Battlegrounds/Zones/BattlegroundDS.cpp.o
#25 10.88 [289/1829] Building CXX object src/server/game/CMakeFiles/game.dir/Battlegrounds/Zones/BattlegroundIC.cpp.o
#25 10.88 [290/1829] Building CXX object src/server/game/CMakeFiles/game.dir/Battlegrounds/Zones/BattlegroundEY.cpp.o
#25 10.89 [291/1829] Building CXX object src/server/game/CMakeFiles/game.dir/Battlegrounds/Zones/BattlegroundNA.cpp.o
#25 10.90 [292/1829] Building CXX object src/server/game/CMakeFiles/game.dir/Battlegrounds/Zones/BattlegroundRL.cpp.o
#25 10.94 [293/1829] Building CXX object src/server/game/CMakeFiles/game.dir/Battlegrounds/Zones/BattlegroundRV.cpp.o
#25 10.96 [294/1829] Building CXX object src/server/game/CMakeFiles/game.dir/Battlegrounds/Zones/BattlegroundSA.cpp.o
#25 11.02 [295/1829] Building CXX object src/server/game/CMakeFiles/game.dir/Battlegrounds/Zones/BattlegroundWS.cpp.o
#25 11.03 [296/1829] Building CXX object src/server/game/CMakeFiles/game.dir/Cache/WhoListCacheMgr.cpp.o
#25 11.03 [297/1829] Building CXX object src/server/game/CMakeFiles/game.dir/Cache/CharacterCache.cpp.o
#25 11.05 [298/1829] Building CXX object src/server/game/CMakeFiles/game.dir/Calendar/CalendarMgr.cpp.o
#25 11.08 [299/1829] Building CXX object src/server/game/CMakeFiles/game.dir/Chat/Chat.cpp.o
#25 11.10 [300/1829] Building CXX object src/server/game/CMakeFiles/game.dir/Chat/HyperlinkTags.cpp.o
#25 11.16 [301/1829] Building CXX object src/server/game/CMakeFiles/game.dir/Chat/Hyperlinks.cpp.o
#25 11.17 [302/1829] Building CXX object src/server/game/CMakeFiles/game.dir/Chat/Channels/Channel.cpp.o
#25 11.20 [303/1829] Building CXX object src/server/game/CMakeFiles/game.dir/Chat/Channels/ChannelMgr.cpp.o
#25 11.22 [304/1829] Building CXX object src/server/game/CMakeFiles/game.dir/Chat/ChatCommands/ChatCommand.cpp.o
#25 11.24 [305/1829] Building CXX object src/server/game/CMakeFiles/game.dir/Chat/ChatCommands/ChatCommandArgs.cpp.o
#25 11.30 [306/1829] Building CXX object src/server/game/CMakeFiles/game.dir/Chat/ChatCommands/ChatCommandHelpers.cpp.o
#25 11.31 [307/1829] Building CXX object src/server/game/CMakeFiles/game.dir/Chat/ChatCommands/ChatCommandTags.cpp.o
#25 11.33 [308/1829] Building CXX object src/server/game/CMakeFiles/game.dir/Chat/Channels/enuminfo_Channel.cpp.o
#25 11.35 [309/1829] Building CXX object src/server/game/CMakeFiles/game.dir/Combat/CombatManager.cpp.o
#25 11.37 [310/1829] Building CXX object src/server/game/CMakeFiles/game.dir/Combat/ThreatManager.cpp.o
#25 11.38 [311/1829] Building CXX object src/server/game/CMakeFiles/game.dir/Conditions/ConditionMgr.cpp.o
#25 11.39 [312/1829] Building CXX object src/server/game/CMakeFiles/game.dir/DungeonFinding/LFGGroupData.cpp.o
#25 11.40 [313/1829] Building CXX object src/server/game/CMakeFiles/game.dir/DungeonFinding/LFG.cpp.o
#25 11.42 [314/1829] Building CXX object src/server/game/CMakeFiles/game.dir/DungeonFinding/LFGMgr.cpp.o
#25 11.43 [315/1829] Building CXX object src/server/game/CMakeFiles/game.dir/DungeonFinding/LFGPlayerData.cpp.o
#25 11.45 [316/1829] Building CXX object src/server/game/CMakeFiles/game.dir/DungeonFinding/LFGQueue.cpp.o
#25 11.46 [317/1829] Building CXX object src/server/game/CMakeFiles/game.dir/Conditions/DisableMgr.cpp.o
#25 11.46 [318/1829] Building CXX object src/server/game/CMakeFiles/game.dir/Entities/Corpse/Corpse.cpp.o
#25 11.47 [319/1829] Building CXX object src/server/game/CMakeFiles/game.dir/DungeonFinding/LFGScripts.cpp.o
#25 11.48 [320/1829] Building CXX object src/server/game/CMakeFiles/game.dir/DataStores/M2Stores.cpp.o
#25 11.48 [321/1829] Building CXX object src/server/game/CMakeFiles/game.dir/DataStores/DBCStores.cpp.o
#25 11.49 [322/1829] Building CXX object src/server/game/CMakeFiles/game.dir/Entities/Creature/Creature.cpp.o
#25 11.50 [323/1829] Building CXX object src/server/game/CMakeFiles/game.dir/Entities/Creature/GossipDef.cpp.o
#25 11.50 [324/1829] Building CXX object src/server/game/CMakeFiles/game.dir/Entities/Creature/CreatureGroups.cpp.o
#25 11.51 [325/1829] Building CXX object src/server/game/CMakeFiles/game.dir/Entities/Creature/Trainer.cpp.o
#25 11.52 [326/1829] Building CXX object src/server/game/CMakeFiles/game.dir/Entities/Creature/enuminfo_CreatureData.cpp.o
#25 11.52 [327/1829] Building CXX object src/server/game/CMakeFiles/game.dir/Entities/Creature/TemporarySummon.cpp.o
#25 11.53 [328/1829] Building CXX object src/server/game/CMakeFiles/game.dir/Entities/DynamicObject/DynamicObject.cpp.o
#25 11.54 [329/1829] Building CXX object src/server/game/CMakeFiles/game.dir/Entities/GameObject/GameObject.cpp.o
#25 11.54 [330/1829] Building CXX object src/server/game/CMakeFiles/game.dir/Entities/Item/ItemEnchantmentMgr.cpp.o
#25 11.55 [331/1829] Building CXX object src/server/game/CMakeFiles/game.dir/Entities/Item/Item.cpp.o
#25 11.55 [332/1829] Building CXX object src/server/game/CMakeFiles/game.dir/Entities/Item/enuminfo_Item.cpp.o
#25 11.56 [333/1829] Building CXX object src/server/game/CMakeFiles/game.dir/Entities/Object/ObjectGuid.cpp.o
#25 11.57 [334/1829] Building CXX object src/server/game/CMakeFiles/game.dir/Entities/Item/Container/Bag.cpp.o
#25 11.57 [335/1829] Building CXX object src/server/game/CMakeFiles/game.dir/Entities/Object/ObjectPosSelector.cpp.o
#25 11.58 [336/1829] Building CXX object src/server/game/CMakeFiles/game.dir/Entities/Object/Object.cpp.o
#25 11.58 [337/1829] Building CXX object src/server/game/CMakeFiles/game.dir/Entities/Object/Position.cpp.o
#25 11.59 [338/1829] Building CXX object src/server/game/CMakeFiles/game.dir/Entities/Object/ObjectVisibilityContainer.cpp.o
#25 11.59 [339/1829] Building CXX object src/server/game/CMakeFiles/game.dir/Entities/Object/Updates/UpdateData.cpp.o
#25 11.60 [340/1829] Building CXX object src/server/game/CMakeFiles/game.dir/Entities/Object/Updates/UpdateFieldFlags.cpp.o
#25 11.61 [341/1829] Building CXX object src/server/game/CMakeFiles/game.dir/Entities/Pet/Pet.cpp.o
#25 11.61 [342/1829] Building CXX object src/server/game/CMakeFiles/game.dir/Entities/Player/KillRewarder.cpp.o
#25 11.63 [343/1829] Building CXX object src/server/game/CMakeFiles/game.dir/Entities/Player/CinematicMgr.cpp.o
#25 11.64 [344/1829] Building CXX object src/server/game/CMakeFiles/game.dir/Entities/Player/PlayerMisc.cpp.o
#25 11.64 [345/1829] Building CXX object src/server/game/CMakeFiles/game.dir/Entities/Player/Player.cpp.o
#25 11.65 [346/1829] Building CXX object src/server/game/CMakeFiles/game.dir/Entities/Player/PlayerGossip.cpp.o
#25 11.65 [347/1829] Building CXX object src/server/game/CMakeFiles/game.dir/Entities/Player/PlayerQuest.cpp.o
#25 11.65 [348/1829] Building CXX object src/server/game/CMakeFiles/game.dir/Entities/Player/PlayerSettings.cpp.o
#25 11.67 [349/1829] Building CXX object src/server/game/CMakeFiles/game.dir/Entities/Player/PlayerTaxi.cpp.o
#25 11.68 [350/1829] Building CXX object src/server/game/CMakeFiles/game.dir/Entities/Player/RaceMgr.cpp.o
#25 11.68 [351/1829] Building CXX object src/server/game/CMakeFiles/game.dir/Entities/Player/PlayerUpdates.cpp.o
#25 11.69 [352/1829] Building CXX object src/server/game/CMakeFiles/game.dir/Entities/Player/TradeData.cpp.o
#25 11.69 [353/1829] Building CXX object src/server/game/CMakeFiles/game.dir/Entities/Player/PlayerStorage.cpp.o
#25 11.69 [354/1829] Building CXX object src/server/game/CMakeFiles/game.dir/Entities/Player/SocialMgr.cpp.o
#25 11.70 [355/1829] Building CXX object src/server/game/CMakeFiles/game.dir/Entities/Totem/Totem.cpp.o
#25 11.71 [356/1829] Building CXX object src/server/game/CMakeFiles/game.dir/Entities/Unit/CharmInfo.cpp.o
#25 11.72 [357/1829] Building CXX object src/server/game/CMakeFiles/game.dir/Entities/Unit/StatSystem.cpp.o
#25 11.72 [358/1829] Building CXX object src/server/game/CMakeFiles/game.dir/Entities/Unit/enuminfo_Unit.cpp.o
#25 11.73 [359/1829] Building CXX object src/server/game/CMakeFiles/game.dir/Entities/Transport/Transport.cpp.o
#25 11.74 [360/1829] Building CXX object src/server/game/CMakeFiles/game.dir/Entities/Unit/Unit.cpp.o
#25 11.74 [361/1829] Building CXX object src/server/game/CMakeFiles/game.dir/Entities/Vehicle/Vehicle.cpp.o
#25 11.74 [362/1829] Building CXX object src/server/game/CMakeFiles/game.dir/Events/HolidayDateCalculator.cpp.o
#25 11.75 [363/1829] Building CXX object src/server/game/CMakeFiles/game.dir/Events/GameEventMgr.cpp.o
#25 11.76 [364/1829] Building CXX object src/server/game/CMakeFiles/game.dir/Globals/ObjectAccessor.cpp.o
#25 11.77 [365/1829] Building CXX object src/server/game/CMakeFiles/game.dir/Globals/WorldGlobals.cpp.o
#25 11.77 [366/1829] Building CXX object src/server/game/CMakeFiles/game.dir/Grids/GridObjectLoader.cpp.o
#25 11.78 [367/1829] Building CXX object src/server/game/CMakeFiles/game.dir/Grids/GridTerrainData.cpp.o
#25 11.79 [368/1829] Building CXX object src/server/game/CMakeFiles/game.dir/Grids/GridTerrainLoader.cpp.o
#25 11.80 [369/1829] Building CXX object src/server/game/CMakeFiles/game.dir/Grids/MapGridManager.cpp.o
#25 11.80 [370/1829] Building CXX object src/server/game/CMakeFiles/game.dir/Grids/Notifiers/GridNotifiers.cpp.o
#25 11.82 [371/1829] Building CXX object src/server/game/CMakeFiles/game.dir/Groups/GroupReference.cpp.o
#25 11.82 [372/1829] Building CXX object src/server/game/CMakeFiles/game.dir/Groups/Group.cpp.o
#25 11.82 [373/1829] Building CXX object src/server/game/CMakeFiles/game.dir/Groups/GroupMgr.cpp.o
#25 11.83 [374/1829] Building CXX object src/server/game/CMakeFiles/game.dir/Globals/ObjectMgr.cpp.o
#25 11.84 [375/1829] Building CXX object src/server/game/CMakeFiles/game.dir/Guilds/Guild.cpp.o
#25 11.84 [376/1829] Building CXX object src/server/game/CMakeFiles/game.dir/Guilds/GuildMgr.cpp.o
#25 11.85 [377/1829] Building CXX object src/server/game/CMakeFiles/game.dir/Handlers/AddonHandler.cpp.o
#25 11.85 [378/1829] Building CXX object src/server/game/CMakeFiles/game.dir/Handlers/ArenaTeamHandler.cpp.o
#25 11.86 [379/1829] Building CXX object src/server/game/CMakeFiles/game.dir/Handlers/AuctionHouseHandler.cpp.o
#25 11.87 [380/1829] Building CXX object src/server/game/CMakeFiles/game.dir/Handlers/BankHandler.cpp.o
#25 11.87 [381/1829] Building CXX object src/server/game/CMakeFiles/game.dir/Handlers/AuthHandler.cpp.o
#25 11.89 [382/1829] Building CXX object src/server/game/CMakeFiles/game.dir/Handlers/BattleGroundHandler.cpp.o
#25 11.89 [383/1829] Building CXX object src/server/game/CMakeFiles/game.dir/Handlers/ChannelHandler.cpp.o
#25 11.90 [384/1829] Building CXX object src/server/game/CMakeFiles/game.dir/Handlers/CalendarHandler.cpp.o
#25 11.91 [385/1829] Building CXX object src/server/game/CMakeFiles/game.dir/Handlers/CombatHandler.cpp.o
#25 11.91 [386/1829] Building CXX object src/server/game/CMakeFiles/game.dir/Handlers/CharacterHandler.cpp.o
#25 11.91 [387/1829] Building CXX object src/server/game/CMakeFiles/game.dir/Handlers/ChatHandler.cpp.o
#25 11.92 [388/1829] Building CXX object src/server/game/CMakeFiles/game.dir/Handlers/GroupHandler.cpp.o
#25 11.93 [389/1829] Building CXX object src/server/game/CMakeFiles/game.dir/Handlers/DuelHandler.cpp.o
#25 11.94 [390/1829] Building CXX object src/server/game/CMakeFiles/game.dir/Handlers/GuildHandler.cpp.o
#25 11.94 [391/1829] Building CXX object src/server/game/CMakeFiles/game.dir/Handlers/ItemHandler.cpp.o
#25 11.95 [392/1829] Building CXX object src/server/game/CMakeFiles/game.dir/Handlers/LFGHandler.cpp.o
#25 11.95 [393/1829] Building CXX object src/server/game/CMakeFiles/game.dir/Handlers/LootHandler.cpp.o
#25 11.96 [394/1829] Building CXX object src/server/game/CMakeFiles/game.dir/Handlers/MailHandler.cpp.o
#25 11.97 [395/1829] Building CXX object src/server/game/CMakeFiles/game.dir/Handlers/MovementHandler.cpp.o
#25 11.98 [396/1829] Building CXX object src/server/game/CMakeFiles/game.dir/Handlers/PetHandler.cpp.o
#25 11.99 [397/1829] Building CXX object src/server/game/CMakeFiles/game.dir/Handlers/PetitionsHandler.cpp.o
#25 11.99 [398/1829] Building CXX object src/server/game/CMakeFiles/game.dir/Handlers/MiscHandler.cpp.o
#25 12.00 [399/1829] Building CXX object src/server/game/CMakeFiles/game.dir/Handlers/NPCHandler.cpp.o
#25 12.00 [400/1829] Building CXX object src/server/game/CMakeFiles/game.dir/Handlers/ReferAFriendHandler.cpp.o
#25 12.01 [401/1829] Building CXX object src/server/game/CMakeFiles/game.dir/Handlers/QueryHandler.cpp.o
#25 12.01 [402/1829] Building CXX object src/server/game/CMakeFiles/game.dir/Handlers/QuestHandler.cpp.o
#25 12.02 [403/1829] Building CXX object src/server/game/CMakeFiles/game.dir/Handlers/SkillHandler.cpp.o
#25 12.03 [404/1829] Building CXX object src/server/game/CMakeFiles/game.dir/Handlers/Socialhandler.cpp.o
#25 12.04 [405/1829] Building CXX object src/server/game/CMakeFiles/game.dir/Handlers/TaxiHandler.cpp.o
#25 12.04 [406/1829] Building CXX object src/server/game/CMakeFiles/game.dir/Handlers/TicketHandler.cpp.o
#25 12.05 [407/1829] Building CXX object src/server/game/CMakeFiles/game.dir/Handlers/SpellHandler.cpp.o
#25 12.05 [408/1829] Building CXX object src/server/game/CMakeFiles/game.dir/Handlers/VehicleHandler.cpp.o
#25 12.05 [409/1829] Building CXX object src/server/game/CMakeFiles/game.dir/Handlers/TradeHandler.cpp.o
#25 12.07 [410/1829] Building CXX object src/server/game/CMakeFiles/game.dir/Handlers/VoiceChatHandler.cpp.o
#25 12.07 [411/1829] Building CXX object src/server/game/CMakeFiles/game.dir/Instances/InstanceSaveMgr.cpp.o
#25 12.08 [412/1829] Building CXX object src/server/game/CMakeFiles/game.dir/Loot/LootItemStorage.cpp.o
#25 12.08 [413/1829] Building CXX object src/server/game/CMakeFiles/game.dir/Loot/LootMgr.cpp.o
#25 12.08 [414/1829] Building CXX object src/server/game/CMakeFiles/game.dir/Instances/InstanceScript.cpp.o
#25 12.10 [415/1829] Building CXX object src/server/game/CMakeFiles/game.dir/Mails/MailMgr.cpp.o
#25 12.11 [416/1829] Building CXX object src/server/game/CMakeFiles/game.dir/Mails/Mail.cpp.o
#25 12.11 [417/1829] Building CXX object src/server/game/CMakeFiles/game.dir/Mails/ServerMailMgr.cpp.o
#25 12.12 [418/1829] Building CXX object src/server/game/CMakeFiles/game.dir/Maps/MapCollisionData.cpp.o
#25 12.12 [419/1829] Building CXX object src/server/game/CMakeFiles/game.dir/Maps/Map.cpp.o
#25 12.13 [420/1829] Building CXX object src/server/game/CMakeFiles/game.dir/Maps/AreaBoundary.cpp.o
#25 12.13 [421/1829] Building CXX object src/server/game/CMakeFiles/game.dir/Maps/MapInstanced.cpp.o
#25 12.14 [422/1829] Building CXX object src/server/game/CMakeFiles/game.dir/Maps/MapMgr.cpp.o
#25 12.14 [423/1829] Building CXX object src/server/game/CMakeFiles/game.dir/Maps/MapUpdater.cpp.o
#25 12.15 [424/1829] Building CXX object src/server/game/CMakeFiles/game.dir/Misc/BanMgr.cpp.o
#25 12.17 [425/1829] Building CXX object src/server/game/CMakeFiles/game.dir/Misc/GameGraveyard.cpp.o
#25 12.17 [426/1829] Building CXX object src/server/game/CMakeFiles/game.dir/Maps/TransportMgr.cpp.o
#25 12.17 [427/1829] Building CXX object src/server/game/CMakeFiles/game.dir/Miscellaneous/Formulas.cpp.o
#25 12.17 [428/1829] Building CXX object src/server/game/CMakeFiles/game.dir/Misc/DynamicVisibility.cpp.o
#25 12.18 [429/1829] Building CXX object src/server/game/CMakeFiles/game.dir/Modules/ModuleMgr.cpp.o
#25 12.19 [430/1829] Building CXX object src/server/game/CMakeFiles/game.dir/Motd/MotdMgr.cpp.o
#25 12.20 [431/1829] Building CXX object src/server/game/CMakeFiles/game.dir/Movement/AbstractFollower.cpp.o
#25 12.20 [432/1829] Building CXX object src/server/game/CMakeFiles/game.dir/Movement/MotionMaster.cpp.o
#25 12.21 [433/1829] Building CXX object src/server/game/CMakeFiles/game.dir/Movement/MovementGenerators/ConfusedMovementGenerator.cpp.o
#25 12.21 [434/1829] Building CXX object src/server/game/CMakeFiles/game.dir/Movement/MovementGenerator.cpp.o
#25 12.22 [435/1829] Building CXX object src/server/game/CMakeFiles/game.dir/Movement/MovementGenerators/EscortMovementGenerator.cpp.o
#25 12.23 [436/1829] Building CXX object src/server/game/CMakeFiles/game.dir/Movement/MovementGenerators/FormationMovementGenerator.cpp.o
#25 12.23 [437/1829] Building CXX object src/server/game/CMakeFiles/game.dir/Movement/MovementGenerators/FleeingMovementGenerator.cpp.o
#25 12.24 [438/1829] Building CXX object src/server/game/CMakeFiles/game.dir/Movement/MovementGenerators/IdleMovementGenerator.cpp.o
#25 12.24 [439/1829] Building CXX object src/server/game/CMakeFiles/game.dir/Movement/MovementGenerators/HomeMovementGenerator.cpp.o
#25 12.25 [440/1829] Building CXX object src/server/game/CMakeFiles/game.dir/Movement/MovementGenerators/PathGenerator.cpp.o
#25 12.26 [441/1829] Building CXX object src/server/game/CMakeFiles/game.dir/Movement/MovementGenerators/RandomMovementGenerator.cpp.o
#25 12.26 [442/1829] Building CXX object src/server/game/CMakeFiles/game.dir/Movement/MovementGenerators/PointMovementGenerator.cpp.o
#25 12.26 [443/1829] Building CXX object src/server/game/CMakeFiles/game.dir/Movement/MovementGenerators/TargetedMovementGenerator.cpp.o
#25 12.27 [444/1829] Building CXX object src/server/game/CMakeFiles/game.dir/Movement/Spline/MoveSpline.cpp.o
#25 12.29 [445/1829] Building CXX object src/server/game/CMakeFiles/game.dir/Movement/MovementGenerators/WaypointMovementGenerator.cpp.o
#25 12.29 [446/1829] Building CXX object src/server/game/CMakeFiles/game.dir/Movement/Spline/MoveSplineInit.cpp.o
#25 12.30 [447/1829] Building CXX object src/server/game/CMakeFiles/game.dir/Movement/Spline/MovementPacketBuilder.cpp.o
#25 12.31 [448/1829] Building CXX object src/server/game/CMakeFiles/game.dir/Movement/Spline/MovementUtil.cpp.o
#25 12.31 [449/1829] Building CXX object src/server/game/CMakeFiles/game.dir/Movement/Spline/Spline.cpp.o
#25 12.32 [450/1829] Building CXX object src/server/game/CMakeFiles/game.dir/Movement/Waypoints/WaypointMgr.cpp.o
#25 12.33 [451/1829] Building CXX object src/server/game/CMakeFiles/game.dir/OutdoorPvP/OutdoorPvP.cpp.o
#25 12.34 [452/1829] Building CXX object src/server/game/CMakeFiles/game.dir/Pools/PoolMgr.cpp.o
#25 12.34 [453/1829] Building CXX object src/server/game/CMakeFiles/game.dir/Quests/QuestDef.cpp.o
#25 12.34 [454/1829] Building CXX object src/server/game/CMakeFiles/game.dir/OutdoorPvP/OutdoorPvPMgr.cpp.o
#25 12.35 [455/1829] Building CXX object src/server/game/CMakeFiles/game.dir/Petitions/PetitionMgr.cpp.o
#25 12.35 [456/1829] Building CXX object src/server/game/CMakeFiles/game.dir/Quests/enuminfo_QuestDef.cpp.o
#25 12.36 [457/1829] Building CXX object src/server/game/CMakeFiles/game.dir/Reputation/ReputationMgr.cpp.o
#25 12.37 [458/1829] Building CXX object src/server/game/CMakeFiles/game.dir/Scripting/MapScripts.cpp.o
#25 12.37 [459/1829] Building CXX object src/server/game/CMakeFiles/game.dir/Scripting/ScriptObject.cpp.o
#25 12.39 [460/1829] Building CXX object src/server/game/CMakeFiles/game.dir/Scripting/ScriptMgr.cpp.o
#25 12.41 [461/1829] Building CXX object src/server/game/CMakeFiles/game.dir/Scripting/ScriptDefines/AccountScript.cpp.o
#25 12.41 [462/1829] Building CXX object src/server/game/CMakeFiles/game.dir/Scripting/ScriptSystem.cpp.o
#25 12.41 [463/1829] Building CXX object src/server/game/CMakeFiles/game.dir/Scripting/ScriptDefines/ALEScript.cpp.o
#25 12.41 [464/1829] Building CXX object src/server/game/CMakeFiles/game.dir/Scripting/ScriptDefines/AchievementScript.cpp.o
#25 12.42 [465/1829] Building CXX object src/server/game/CMakeFiles/game.dir/Scripting/ScriptDefines/AchievementCriteriaScript.cpp.o
#25 12.42 [466/1829] Building CXX object src/server/game/CMakeFiles/game.dir/Scripting/ScriptDefines/AllBattlegroundScript.cpp.o
#25 12.44 [467/1829] Building CXX object src/server/game/CMakeFiles/game.dir/Scripting/ScriptDefines/AllCreatureScript.cpp.o
#25 12.44 [468/1829] Building CXX object src/server/game/CMakeFiles/game.dir/Scripting/ScriptDefines/AllItemScript.cpp.o
#25 12.45 [469/1829] Building CXX object src/server/game/CMakeFiles/game.dir/Scripting/ScriptDefines/AllGameObjectScript.cpp.o
#25 12.46 [470/1829] Building CXX object src/server/game/CMakeFiles/game.dir/Scripting/ScriptDefines/AllSpellScript.cpp.o
#25 12.46 [471/1829] Building CXX object src/server/game/CMakeFiles/game.dir/Scripting/ScriptDefines/AllCommandScript.cpp.o
#25 12.48 [472/1829] Building CXX object src/server/game/CMakeFiles/game.dir/Scripting/ScriptDefines/AllMapScript.cpp.o
#25 12.49 [473/1829] Building CXX object src/server/game/CMakeFiles/game.dir/Scripting/ScriptDefines/AreaTriggerScript.cpp.o
#25 12.50 [474/1829] Building CXX object src/server/game/CMakeFiles/game.dir/Scripting/ScriptDefines/ArenaTeamScript.cpp.o
#25 12.51 [475/1829] Building CXX object src/server/game/CMakeFiles/game.dir/Scripting/ScriptDefines/ArenaScript.cpp.o
#25 12.51 [476/1829] Building CXX object src/server/game/CMakeFiles/game.dir/Scripting/ScriptDefines/AuctionHouseScript.cpp.o
#25 12.51 [477/1829] Building CXX object src/server/game/CMakeFiles/game.dir/Scripting/ScriptDefines/BattlefieldScript.cpp.o
#25 12.52 [478/1829] Building CXX object src/server/game/CMakeFiles/game.dir/Scripting/ScriptDefines/BattlegroundScript.cpp.o
#25 12.52 [479/1829] Building CXX object src/server/game/CMakeFiles/game.dir/Scripting/ScriptDefines/BattlegroundMapScript.cpp.o
#25 12.53 [480/1829] Building CXX object src/server/game/CMakeFiles/game.dir/Scripting/ScriptDefines/CommandScript.cpp.o
#25 12.54 [481/1829] Building CXX object src/server/game/CMakeFiles/game.dir/Scripting/ScriptDefines/CreatureScript.cpp.o
#25 12.55 [482/1829] Building CXX object src/server/game/CMakeFiles/game.dir/Scripting/ScriptDefines/DynamicObjectScript.cpp.o
#25 12.56 [483/1829] Building CXX object src/server/game/CMakeFiles/game.dir/Scripting/ScriptDefines/FormulaScript.cpp.o
#25 12.56 [484/1829] Building CXX object src/server/game/CMakeFiles/game.dir/Scripting/ScriptDefines/ConditionScript.cpp.o
#25 12.56 [485/1829] Building CXX object src/server/game/CMakeFiles/game.dir/Scripting/ScriptDefines/DatabaseScript.cpp.o
#25 12.57 [486/1829] Building CXX object src/server/game/CMakeFiles/game.dir/Scripting/ScriptDefines/GameEventScript.cpp.o
#25 12.60 [487/1829] Building CXX object src/server/game/CMakeFiles/game.dir/Scripting/ScriptDefines/InstanceMapScript.cpp.o
#25 12.60 [488/1829] Building CXX object src/server/game/CMakeFiles/game.dir/Scripting/ScriptDefines/LootScript.cpp.o
#25 12.60 [489/1829] Building CXX object src/server/game/CMakeFiles/game.dir/Scripting/ScriptDefines/GlobalScript.cpp.o
#25 12.61 [490/1829] Building CXX object src/server/game/CMakeFiles/game.dir/Scripting/ScriptDefines/GuildScript.cpp.o
#25 12.61 [491/1829] Building CXX object src/server/game/CMakeFiles/game.dir/Scripting/ScriptDefines/GameObjectScript.cpp.o
#25 12.62 [492/1829] Building CXX object src/server/game/CMakeFiles/game.dir/Scripting/ScriptDefines/GroupScript.cpp.o
#25 12.63 [493/1829] Building CXX object src/server/game/CMakeFiles/game.dir/Scripting/ScriptDefines/MailScript.cpp.o
#25 12.64 [494/1829] Building CXX object src/server/game/CMakeFiles/game.dir/Scripting/ScriptDefines/MovementHandlerScript.cpp.o
#25 12.64 [495/1829] Building CXX object src/server/game/CMakeFiles/game.dir/Scripting/ScriptDefines/MiscScript.cpp.o
#25 12.65 [496/1829] Building CXX object src/server/game/CMakeFiles/game.dir/Scripting/ScriptDefines/ModuleScript.cpp.o
#25 12.65 [497/1829] Building CXX object src/server/game/CMakeFiles/game.dir/Scripting/ScriptDefines/OutdoorPvPScript.cpp.o
#25 12.66 [498/1829] Building CXX object src/server/game/CMakeFiles/game.dir/Scripting/ScriptDefines/PetScript.cpp.o
#25 12.67 [499/1829] Building CXX object src/server/game/CMakeFiles/game.dir/Scripting/ScriptDefines/ServerScript.cpp.o
#25 12.68 [500/1829] Building CXX object src/server/game/CMakeFiles/game.dir/Scripting/ScriptDefines/PlayerbotsScript.cpp.o
#25 12.68 [501/1829] Building CXX object src/server/game/CMakeFiles/game.dir/Scripting/ScriptDefines/SpellScriptLoader.cpp.o
#25 12.69 [502/1829] Building CXX object src/server/game/CMakeFiles/game.dir/Scripting/ScriptDefines/TransportScript.cpp.o
#25 12.69 [503/1829] Building CXX object src/server/game/CMakeFiles/game.dir/Scripting/ScriptDefines/PlayerScript.cpp.o
#25 12.70 [504/1829] Building CXX object src/server/game/CMakeFiles/game.dir/Scripting/ScriptDefines/TicketScript.cpp.o
#25 12.71 [505/1829] Building CXX object src/server/game/CMakeFiles/game.dir/Scripting/ScriptDefines/VehicleScript.cpp.o
#25 12.71 [506/1829] Building CXX object src/server/game/CMakeFiles/game.dir/Scripting/ScriptDefines/UnitScript.cpp.o
#25 12.72 [507/1829] Building CXX object src/server/game/CMakeFiles/game.dir/Scripting/ScriptDefines/WeatherScript.cpp.o
#25 12.73 [508/1829] Building CXX object src/server/game/CMakeFiles/game.dir/Scripting/ScriptDefines/WorldObjectScript.cpp.o
#25 12.73 [509/1829] Building CXX object src/server/game/CMakeFiles/game.dir/Scripting/ScriptDefines/WorldMapScript.cpp.o
#25 12.74 [510/1829] Building CXX object src/server/game/CMakeFiles/game.dir/Server/Packet.cpp.o
#25 12.74 [511/1829] Building CXX object src/server/game/CMakeFiles/game.dir/Scripting/ScriptDefines/WorldScript.cpp.o
#25 12.76 [512/1829] Building CXX object src/server/game/CMakeFiles/game.dir/Server/WorldSession.cpp.o
#25 12.76 [513/1829] Building CXX object src/server/game/CMakeFiles/game.dir/Server/WorldSessionMgr.cpp.o
#25 12.76 [514/1829] Building CXX object src/server/game/CMakeFiles/game.dir/Server/WorldSocket.cpp.o
#25 12.77 [515/1829] Building CXX object src/server/game/CMakeFiles/game.dir/Server/Packets/BankPackets.cpp.o
#25 12.78 [516/1829] Building CXX object src/server/game/CMakeFiles/game.dir/Server/WorldSocketMgr.cpp.o
#25 12.78 [517/1829] Building CXX object src/server/game/CMakeFiles/game.dir/Server/Packets/CalendarPackets.cpp.o
#25 12.79 [518/1829] Building CXX object src/server/game/CMakeFiles/game.dir/Server/Packets/CharacterPackets.cpp.o
#25 12.81 [519/1829] Building CXX object src/server/game/CMakeFiles/game.dir/Server/Packets/GuildPackets.cpp.o
#25 12.81 [520/1829] Building CXX object src/server/game/CMakeFiles/game.dir/Server/Packets/ChatPackets.cpp.o
#25 12.81 [521/1829] Building CXX object src/server/game/CMakeFiles/game.dir/Server/Packets/InstancePackets.cpp.o
#25 12.82 [522/1829] Building CXX object src/server/game/CMakeFiles/game.dir/Server/Packets/CombatLogPackets.cpp.o
#25 12.82 [523/1829] Building CXX object src/server/game/CMakeFiles/game.dir/Server/Packets/CombatPackets.cpp.o
#25 12.82 [524/1829] Building CXX object src/server/game/CMakeFiles/game.dir/Server/Packets/ItemPackets.cpp.o
#25 12.84 [525/1829] Building CXX object src/server/game/CMakeFiles/game.dir/Server/Packets/NPCPackets.cpp.o
#25 12.85 [526/1829] Building CXX object src/server/game/CMakeFiles/game.dir/Server/Packets/MiscPackets.cpp.o
#25 12.85 [527/1829] Building CXX object src/server/game/CMakeFiles/game.dir/Server/Packets/PacketUtilities.cpp.o
#25 12.85 [528/1829] Building CXX object src/server/game/CMakeFiles/game.dir/Server/Packets/LFGPackets.cpp.o
#25 12.85 [529/1829] Building CXX object src/server/game/CMakeFiles/game.dir/Server/Packets/PetPackets.cpp.o
#25 12.86 [530/1829] Building CXX object src/server/game/CMakeFiles/game.dir/Server/Packets/QueryPackets.cpp.o
#25 12.87 [531/1829] Building CXX object src/server/game/CMakeFiles/game.dir/Server/Packets/QuestPackets.cpp.o
#25 12.88 [532/1829] Building CXX object src/server/game/CMakeFiles/game.dir/Server/Packets/WorldStatePackets.cpp.o
#25 12.88 [533/1829] Building CXX object src/server/game/CMakeFiles/game.dir/Skills/SkillDiscovery.cpp.o
#25 12.89 [534/1829] Building CXX object src/server/game/CMakeFiles/game.dir/Server/Packets/TotemPackets.cpp.o
#25 12.89 [535/1829] Building CXX object src/server/game/CMakeFiles/game.dir/Server/Protocol/Opcodes.cpp.o
#25 12.90 [536/1829] Building CXX object src/server/game/CMakeFiles/game.dir/Server/Protocol/PacketLog.cpp.o
#25 12.90 [537/1829] Building CXX object src/server/game/CMakeFiles/game.dir/Skills/SkillExtraItems.cpp.o
#25 12.92 [538/1829] Building CXX object src/server/game/CMakeFiles/game.dir/Spells/Spell.cpp.o
#25 12.93 [539/1829] Building CXX object src/server/game/CMakeFiles/game.dir/Spells/SpellInfo.cpp.o
#25 12.93 [540/1829] Building CXX object src/server/game/CMakeFiles/game.dir/Spells/SpellEffects.cpp.o
#25 12.94 [541/1829] Building CXX object src/server/game/CMakeFiles/game.dir/Spells/SpellMgr.cpp.o
#25 12.95 [542/1829] Building CXX object src/server/game/CMakeFiles/game.dir/Spells/SpellInfoCorrections.cpp.o
#25 12.95 [543/1829] Building CXX object src/server/game/CMakeFiles/game.dir/Spells/SpellScript.cpp.o
#25 12.95 [544/1829] Building CXX object src/server/game/CMakeFiles/game.dir/Spells/Auras/SpellAuraEffects.cpp.o
#25 12.96 [545/1829] Building CXX object src/server/game/CMakeFiles/game.dir/Spells/Auras/SpellAuras.cpp.o
#25 12.96 [546/1829] Building CXX object src/server/game/CMakeFiles/game.dir/TC9Sidecar/TC9GroupHooks.cpp.o
#25 12.97 [547/1829] Building CXX object src/server/game/CMakeFiles/game.dir/TC9Sidecar/TC9GuildHooks.cpp.o
#25 12.98 [548/1829] Building CXX object src/server/game/CMakeFiles/game.dir/Texts/ChatTextBuilder.cpp.o
#25 12.99 [549/1829] Building CXX object src/server/game/CMakeFiles/game.dir/TC9Sidecar/TC9GrpcHandler.cpp.o
#25 13.00 [550/1829] Building CXX object src/server/game/CMakeFiles/game.dir/TC9Sidecar/TC9Sidecar.cpp.o
#25 13.00 [551/1829] Building CXX object src/server/game/CMakeFiles/game.dir/Texts/CreatureTextMgr.cpp.o
#25 13.01 [552/1829] Building CXX object src/server/game/CMakeFiles/game.dir/Tickets/TicketMgr.cpp.o
#25 13.01 [553/1829] Building CXX object src/server/game/CMakeFiles/game.dir/Time/GameTime.cpp.o
#25 13.03 [554/1829] Building CXX object src/server/game/CMakeFiles/game.dir/Time/UpdateTime.cpp.o
#25 13.03 [555/1829] Building CXX object src/server/game/CMakeFiles/game.dir/Tools/CharacterDatabaseCleaner.cpp.o
#25 13.04 [556/1829] Building CXX object src/server/game/CMakeFiles/game.dir/Warden/Warden.cpp.o
#25 13.04 [557/1829] Building CXX object src/server/game/CMakeFiles/game.dir/Tools/PlayerDump.cpp.o
#25 13.05 [558/1829] Building CXX object src/server/game/CMakeFiles/game.dir/Warden/WardenCheckMgr.cpp.o
#25 13.06 [559/1829] Building CXX object src/server/game/CMakeFiles/game.dir/Warden/WardenWin.cpp.o
#25 13.06 [560/1829] Building CXX object src/server/game/CMakeFiles/game.dir/Warden/WardenMac.cpp.o
#25 13.06 [561/1829] Building CXX object src/server/game/CMakeFiles/game.dir/Warden/WardenPayloadMgr.cpp.o
#25 13.12 [562/1829] Building CXX object src/server/game/CMakeFiles/game.dir/Weather/Weather.cpp.o
#25 13.12 [563/1829] Building CXX object src/server/game/CMakeFiles/game.dir/Warden/enuminfo_WardenCheckMgr.cpp.o
#25 13.14 [564/1829] Building CXX object src/server/game/CMakeFiles/game.dir/World/WorldConfig.cpp.o
#25 13.14 [565/1829] Building CXX object src/server/game/CMakeFiles/game.dir/Weather/WeatherMgr.cpp.o
#25 13.14 [566/1829] Building CXX object src/server/game/CMakeFiles/game.dir/World/WorldState.cpp.o
#25 13.15 [567/1829] Building CXX object src/server/game/CMakeFiles/game.dir/World/World.cpp.o
#25 13.28 [568/1829] Building CXX object src/server/scripts/CMakeFiles/scripts.dir/Commands/cs_bf.cpp.o
#25 13.30 [569/1829] Building CXX object src/server/scripts/CMakeFiles/scripts.dir/Commands/cs_cache.cpp.o
#25 13.31 [570/1829] Building CXX object src/server/scripts/CMakeFiles/scripts.dir/Commands/cs_cheat.cpp.o
#25 13.32 [571/1829] Building CXX object src/server/scripts/CMakeFiles/scripts.dir/Commands/cs_cast.cpp.o
#25 13.33 [572/1829] Building CXX object src/server/scripts/CMakeFiles/scripts.dir/Commands/cs_character.cpp.o
#25 13.34 [573/1829] Building CXX object src/server/scripts/CMakeFiles/scripts.dir/Commands/cs_debug.cpp.o
#25 13.35 [574/1829] Building CXX object src/server/scripts/CMakeFiles/scripts.dir/Commands/cs_disable.cpp.o
#25 13.35 [575/1829] Building CXX object src/server/scripts/CMakeFiles/scripts.dir/Commands/cs_event.cpp.o
#25 13.36 [576/1829] Building CXX object src/server/scripts/CMakeFiles/scripts.dir/Commands/cs_deserter.cpp.o
#25 13.37 [577/1829] Building CXX object src/server/scripts/CMakeFiles/scripts.dir/Commands/cs_gear.cpp.o
#25 13.38 [578/1829] Building CXX object src/server/scripts/CMakeFiles/scripts.dir/Commands/cs_gm.cpp.o
#25 13.39 [579/1829] Building CXX object src/server/scripts/CMakeFiles/scripts.dir/Commands/cs_chatfilter.cpp.o
#25 13.39 [580/1829] Building CXX object src/server/scripts/CMakeFiles/scripts.dir/Commands/cs_go.cpp.o
#25 13.40 [581/1829] Building CXX object src/server/scripts/CMakeFiles/scripts.dir/Commands/cs_group.cpp.o
#25 13.41 [582/1829] Building CXX object src/server/scripts/CMakeFiles/scripts.dir/Commands/cs_guild.cpp.o
#25 13.41 [583/1829] Building CXX object src/server/scripts/CMakeFiles/scripts.dir/Commands/cs_honor.cpp.o
#25 13.41 [584/1829] Building CXX object src/server/scripts/CMakeFiles/scripts.dir/Commands/cs_gobject.cpp.o
#25 13.42 [585/1829] Building CXX object src/server/scripts/CMakeFiles/scripts.dir/Commands/cs_inventory.cpp.o
#25 13.42 [586/1829] Building CXX object src/server/scripts/CMakeFiles/scripts.dir/Commands/cs_instance.cpp.o
#25 13.44 [587/1829] Building CXX object src/server/scripts/CMakeFiles/scripts.dir/Commands/cs_learn.cpp.o
#25 13.45 [588/1829] Building CXX object src/server/scripts/CMakeFiles/scripts.dir/Commands/cs_item.cpp.o
#25 13.45 [589/1829] Building CXX object src/server/scripts/CMakeFiles/scripts.dir/Commands/cs_list.cpp.o
#25 13.45 [590/1829] Building CXX object src/server/scripts/CMakeFiles/scripts.dir/Commands/cs_lookup.cpp.o
#25 13.46 [591/1829] Building CXX object src/server/scripts/CMakeFiles/scripts.dir/Commands/cs_lfg.cpp.o
#25 13.46 [592/1829] Building CXX object src/server/scripts/CMakeFiles/scripts.dir/Commands/cs_mail.cpp.o
#25 13.48 [593/1829] Building CXX object src/server/scripts/CMakeFiles/scripts.dir/Commands/cs_message.cpp.o
#25 13.48 [594/1829] Building CXX object src/server/scripts/CMakeFiles/scripts.dir/Commands/cs_mmaps.cpp.o
#25 13.50 [595/1829] Building CXX object src/server/scripts/CMakeFiles/scripts.dir/Commands/cs_npc.cpp.o
#25 13.50 [596/1829] Building CXX object src/server/scripts/CMakeFiles/scripts.dir/Commands/cs_modify.cpp.o
#25 13.51 [597/1829] Building CXX object src/server/scripts/CMakeFiles/scripts.dir/Commands/cs_misc.cpp.o
#25 13.51 [598/1829] Building CXX object src/server/scripts/CMakeFiles/scripts.dir/Commands/cs_pet.cpp.o
#25 13.51 [599/1829] Building CXX object src/server/scripts/CMakeFiles/scripts.dir/Commands/cs_player.cpp.o
#25 13.53 [600/1829] Building CXX object src/server/scripts/CMakeFiles/scripts.dir/Commands/cs_player_settings.cpp.o
#25 13.53 [601/1829] Building CXX object src/server/scripts/CMakeFiles/scripts.dir/Commands/cs_pool.cpp.o
#25 13.54 [602/1829] Building CXX object src/server/scripts/CMakeFiles/scripts.dir/Commands/cs_quest.cpp.o
#25 13.54 [603/1829] Building CXX object src/server/scripts/CMakeFiles/scripts.dir/Commands/cs_pooltools.cpp.o
#25 13.55 [604/1829] Building CXX object src/server/scripts/CMakeFiles/scripts.dir/Commands/cs_reload.cpp.o
#25 13.56 [605/1829] Building CXX object src/server/scripts/CMakeFiles/scripts.dir/Commands/cs_reset.cpp.o
#25 13.56 [606/1829] Building CXX object src/server/scripts/CMakeFiles/scripts.dir/Commands/cs_rbac.cpp.o
#25 13.57 [607/1829] Building CXX object src/server/scripts/CMakeFiles/scripts.dir/Commands/cs_send.cpp.o
#25 13.57 [608/1829] Building CXX object src/server/scripts/CMakeFiles/scripts.dir/Commands/cs_script_loader.cpp.o
#25 13.59 [609/1829] Building CXX object src/server/scripts/CMakeFiles/scripts.dir/Commands/cs_spectator.cpp.o
#25 13.59 [610/1829] Building CXX object src/server/scripts/CMakeFiles/scripts.dir/Commands/cs_server.cpp.o
#25 13.59 [611/1829] Building CXX object src/server/scripts/CMakeFiles/scripts.dir/Commands/cs_spellinfo.cpp.o
#25 13.60 [612/1829] Building CXX object src/server/scripts/CMakeFiles/scripts.dir/Commands/cs_ticket.cpp.o
#25 13.62 [613/1829] Building CXX object src/server/scripts/CMakeFiles/scripts.dir/Commands/cs_tele.cpp.o
#25 13.62 [614/1829] Building CXX object src/server/scripts/CMakeFiles/scripts.dir/Commands/cs_titles.cpp.o
#25 13.63 [615/1829] Building CXX object src/server/scripts/CMakeFiles/scripts.dir/Commands/cs_worldstate.cpp.o
#25 13.64 [616/1829] Building CXX object src/server/scripts/CMakeFiles/scripts.dir/Commands/cs_wp.cpp.o
#25 13.64 [617/1829] Building CXX object src/server/scripts/CMakeFiles/scripts.dir/Custom/custom_script_loader.cpp.o
#25 13.64 [618/1829] Building CXX object src/server/scripts/CMakeFiles/scripts.dir/EasternKingdoms/eastern_kingdoms_script_loader.cpp.o
#25 13.65 [619/1829] Building CXX object src/server/scripts/CMakeFiles/scripts.dir/EasternKingdoms/zone_arathi_highlands.cpp.o
#25 13.65 [620/1829] Building CXX object src/server/scripts/CMakeFiles/scripts.dir/EasternKingdoms/zone_blasted_lands.cpp.o
#25 13.67 [621/1829] Building CXX object src/server/scripts/CMakeFiles/scripts.dir/EasternKingdoms/zone_eastern_plaguelands.cpp.o
#25 13.67 [622/1829] Building CXX object src/server/scripts/CMakeFiles/scripts.dir/EasternKingdoms/zone_duskwood.cpp.o
#25 13.68 [623/1829] Building CXX object src/server/scripts/CMakeFiles/scripts.dir/EasternKingdoms/zone_ghostlands.cpp.o
#25 13.69 [624/1829] Building CXX object src/server/scripts/CMakeFiles/scripts.dir/EasternKingdoms/zone_elwynn_forest.cpp.o
#25 13.70 [625/1829] Building CXX object src/server/scripts/CMakeFiles/scripts.dir/EasternKingdoms/zone_eversong_woods.cpp.o
#25 13.70 [626/1829] Building CXX object src/server/scripts/CMakeFiles/scripts.dir/EasternKingdoms/zone_hinterlands.cpp.o
#25 13.71 [627/1829] Building CXX object src/server/scripts/CMakeFiles/scripts.dir/EasternKingdoms/zone_ironforge.cpp.o
#25 13.72 [628/1829] Building CXX object src/server/scripts/CMakeFiles/scripts.dir/EasternKingdoms/zone_isle_of_queldanas.cpp.o
#25 13.72 [629/1829] Building CXX object src/server/scripts/CMakeFiles/scripts.dir/EasternKingdoms/zone_redridge_mountains.cpp.o
#25 13.73 [630/1829] Building CXX object src/server/scripts/CMakeFiles/scripts.dir/EasternKingdoms/zone_silverpine_forest.cpp.o
#25 13.74 [631/1829] Building CXX object src/server/scripts/CMakeFiles/scripts.dir/EasternKingdoms/zone_the_scarlet_enclave.cpp.o
#25 13.74 [632/1829] Building CXX object src/server/scripts/CMakeFiles/scripts.dir/EasternKingdoms/zone_western_plaguelands.cpp.o
#25 13.75 [633/1829] Building CXX object src/server/scripts/CMakeFiles/scripts.dir/EasternKingdoms/zone_westfall.cpp.o
#25 13.76 [634/1829] Building CXX object src/server/scripts/CMakeFiles/scripts.dir/EasternKingdoms/zone_stormwind_city.cpp.o
#25 13.76 [635/1829] Building CXX object src/server/scripts/CMakeFiles/scripts.dir/EasternKingdoms/zone_undercity.cpp.o
#25 13.77 [636/1829] Building CXX object src/server/scripts/CMakeFiles/scripts.dir/EasternKingdoms/AlteracValley/alterac_valley.cpp.o
#25 13.78 [637/1829] Building CXX object src/server/scripts/CMakeFiles/scripts.dir/EasternKingdoms/AlteracValley/boss_drekthar.cpp.o
#25 13.78 [638/1829] Building CXX object src/server/scripts/CMakeFiles/scripts.dir/EasternKingdoms/zone_wetlands.cpp.o
#25 13.79 [639/1829] Building CXX object src/server/scripts/CMakeFiles/scripts.dir/EasternKingdoms/AlteracValley/boss_balinda.cpp.o
#25 13.80 [640/1829] Building CXX object src/server/scripts/CMakeFiles/scripts.dir/EasternKingdoms/AlteracValley/boss_galvangar.cpp.o
#25 13.80 [641/1829] Building CXX object src/server/scripts/CMakeFiles/scripts.dir/EasternKingdoms/AlteracValley/boss_vanndar.cpp.o
#25 13.81 [642/1829] Building CXX object src/server/scripts/CMakeFiles/scripts.dir/EasternKingdoms/BlackrockMountain/BlackrockDepths/blackrock_depths.cpp.o
#25 13.82 [643/1829] Building CXX object src/server/scripts/CMakeFiles/scripts.dir/EasternKingdoms/BlackrockMountain/BlackrockDepths/boss_ambassador_flamelash.cpp.o
#25 13.82 [644/1829] Building CXX object src/server/scripts/CMakeFiles/scripts.dir/EasternKingdoms/BlackrockMountain/BlackrockDepths/boss_emperor_dagran_thaurissan.cpp.o
#25 13.83 [645/1829] Building CXX object src/server/scripts/CMakeFiles/scripts.dir/EasternKingdoms/BlackrockMountain/BlackrockDepths/boss_anubshiah.cpp.o
#25 13.83 [646/1829] Building CXX object src/server/scripts/CMakeFiles/scripts.dir/EasternKingdoms/BlackrockMountain/BlackrockDepths/boss_eviscerator.cpp.o
#25 13.85 [647/1829] Building CXX object src/server/scripts/CMakeFiles/scripts.dir/EasternKingdoms/BlackrockMountain/BlackrockDepths/boss_gorosh_the_dervish.cpp.o
#25 13.85 [648/1829] Building CXX object src/server/scripts/CMakeFiles/scripts.dir/EasternKingdoms/BlackrockMountain/BlackrockDepths/boss_general_angerforge.cpp.o
#25 13.86 [649/1829] Building CXX object src/server/scripts/CMakeFiles/scripts.dir/EasternKingdoms/BlackrockMountain/BlackrockDepths/boss_grizzle.cpp.o
#25 13.87 [650/1829] Building CXX object src/server/scripts/CMakeFiles/scripts.dir/EasternKingdoms/BlackrockMountain/BlackrockDepths/boss_high_interrogator_gerstahn.cpp.o
#25 13.87 [651/1829] Building CXX object src/server/scripts/CMakeFiles/scripts.dir/EasternKingdoms/BlackrockMountain/BlackrockDepths/boss_hedrum.cpp.o
#25 13.88 [652/1829] Building CXX object src/server/scripts/CMakeFiles/scripts.dir/EasternKingdoms/BlackrockMountain/BlackrockDepths/boss_okthor.cpp.o
#25 13.88 [653/1829] Building CXX object src/server/scripts/CMakeFiles/scripts.dir/EasternKingdoms/BlackrockMountain/BlackrockDepths/boss_magmus.cpp.o
#25 13.89 [654/1829] Building CXX object src/server/scripts/CMakeFiles/scripts.dir/EasternKingdoms/BlackrockMountain/BlackrockDepths/boss_moira_bronzebeard.cpp.o
#25 13.89 [655/1829] Building CXX object src/server/scripts/CMakeFiles/scripts.dir/EasternKingdoms/BlackrockMountain/BlackrockDepths/boss_tomb_of_seven.cpp.o
#25 13.90 [656/1829] Building CXX object src/server/scripts/CMakeFiles/scripts.dir/EasternKingdoms/BlackrockMountain/BlackrockDepths/instance_blackrock_depths.cpp.o
#25 13.91 [657/1829] Building CXX object src/server/scripts/CMakeFiles/scripts.dir/EasternKingdoms/BlackrockMountain/BlackrockSpire/boss_gyth.cpp.o
#25 13.92 [658/1829] Building CXX object src/server/scripts/CMakeFiles/scripts.dir/EasternKingdoms/BlackrockMountain/BlackrockSpire/boss_drakkisath.cpp.o
#25 13.93 [659/1829] Building CXX object src/server/scripts/CMakeFiles/scripts.dir/EasternKingdoms/BlackrockMountain/BlackrockSpire/boss_highlord_omokk.cpp.o
#25 13.93 [660/1829] Building CXX object src/server/scripts/CMakeFiles/scripts.dir/EasternKingdoms/BlackrockMountain/BlackrockSpire/boss_halycon.cpp.o
#25 13.94 [661/1829] Building CXX object src/server/scripts/CMakeFiles/scripts.dir/EasternKingdoms/BlackrockMountain/BlackrockSpire/boss_lord_valthalak.cpp.o
#25 14.83 [662/1829] Building CXX object src/server/scripts/CMakeFiles/scripts.dir/EasternKingdoms/BlackrockMountain/BlackrockSpire/boss_mor_grayhoof.cpp.o
#25 14.83 [663/1829] Building CXX object src/server/scripts/CMakeFiles/scripts.dir/EasternKingdoms/BlackrockMountain/BlackrockSpire/boss_overlord_wyrmthalak.cpp.o
#25 14.84 [664/1829] Building CXX object src/server/scripts/CMakeFiles/scripts.dir/EasternKingdoms/BlackrockMountain/BlackrockSpire/boss_pyroguard_emberseer.cpp.o
#25 14.84 [665/1829] Building CXX object src/server/scripts/CMakeFiles/scripts.dir/EasternKingdoms/BlackrockMountain/BlackrockSpire/boss_quartermaster_zigris.cpp.o
#25 14.84 [666/1829] Building CXX object src/server/scripts/CMakeFiles/scripts.dir/EasternKingdoms/BlackrockMountain/BlackrockSpire/boss_rend_blackhand.cpp.o
#25 14.86 [667/1829] Building CXX object src/server/scripts/CMakeFiles/scripts.dir/EasternKingdoms/BlackrockMountain/BlackrockSpire/boss_solakar_flamewreath.cpp.o
#25 14.86 [668/1829] Building CXX object src/server/scripts/CMakeFiles/scripts.dir/EasternKingdoms/BlackrockMountain/BlackrockSpire/boss_the_beast.cpp.o
#25 14.86 [669/1829] Building CXX object src/server/scripts/CMakeFiles/scripts.dir/EasternKingdoms/BlackrockMountain/BlackrockSpire/instance_blackrock_spire.cpp.o
#25 14.87 [670/1829] Building CXX object src/server/scripts/CMakeFiles/scripts.dir/EasternKingdoms/BlackrockMountain/BlackrockSpire/boss_warmaster_voone.cpp.o
#25 14.88 [671/1829] Building CXX object src/server/scripts/CMakeFiles/scripts.dir/EasternKingdoms/BlackrockMountain/BlackrockSpire/boss_urok_doomhowl.cpp.o
#25 14.88 [672/1829] Building CXX object src/server/scripts/CMakeFiles/scripts.dir/EasternKingdoms/BlackrockMountain/BlackwingLair/boss_broodlord_lashlayer.cpp.o
#25 14.89 [673/1829] Building CXX object src/server/scripts/CMakeFiles/scripts.dir/EasternKingdoms/BlackrockMountain/BlackwingLair/boss_ebonroc.cpp.o
#25 14.89 [674/1829] Building CXX object src/server/scripts/CMakeFiles/scripts.dir/EasternKingdoms/BlackrockMountain/BlackwingLair/boss_firemaw.cpp.o
#25 14.89 [675/1829] Building CXX object src/server/scripts/CMakeFiles/scripts.dir/EasternKingdoms/BlackrockMountain/BlackwingLair/boss_chromaggus.cpp.o
#25 14.91 [676/1829] Building CXX object src/server/scripts/CMakeFiles/scripts.dir/EasternKingdoms/BlackrockMountain/BlackwingLair/boss_flamegor.cpp.o
#25 14.92 [677/1829] Building CXX object src/server/scripts/CMakeFiles/scripts.dir/EasternKingdoms/BlackrockMountain/BlackwingLair/boss_vaelastrasz.cpp.o
#25 14.93 [678/1829] Building CXX object src/server/scripts/CMakeFiles/scripts.dir/EasternKingdoms/BlackrockMountain/BlackwingLair/boss_razorgore.cpp.o
#25 14.93 [679/1829] Building CXX object src/server/scripts/CMakeFiles/scripts.dir/EasternKingdoms/BlackrockMountain/BlackwingLair/boss_nefarian.cpp.o
#25 14.94 [680/1829] Building CXX object src/server/scripts/CMakeFiles/scripts.dir/EasternKingdoms/BlackrockMountain/MoltenCore/boss_baron_geddon.cpp.o
#25 14.94 [681/1829] Building CXX object src/server/scripts/CMakeFiles/scripts.dir/EasternKingdoms/BlackrockMountain/BlackwingLair/instance_blackwing_lair.cpp.o
#25 14.95 [682/1829] Building CXX object src/server/scripts/CMakeFiles/scripts.dir/EasternKingdoms/BlackrockMountain/MoltenCore/boss_garr.cpp.o
#25 14.95 [683/1829] Building CXX object src/server/scripts/CMakeFiles/scripts.dir/EasternKingdoms/BlackrockMountain/MoltenCore/boss_gehennas.cpp.o
#25 14.96 [684/1829] Building CXX object src/server/scripts/CMakeFiles/scripts.dir/EasternKingdoms/BlackrockMountain/MoltenCore/boss_lucifron.cpp.o
#25 14.97 [685/1829] Building CXX object src/server/scripts/CMakeFiles/scripts.dir/EasternKingdoms/BlackrockMountain/MoltenCore/boss_magmadar.cpp.o
#25 14.98 [686/1829] Building CXX object src/server/scripts/CMakeFiles/scripts.dir/EasternKingdoms/BlackrockMountain/MoltenCore/boss_ragnaros.cpp.o
#25 14.98 [687/1829] Building CXX object src/server/scripts/CMakeFiles/scripts.dir/EasternKingdoms/BlackrockMountain/MoltenCore/boss_golemagg.cpp.o
#25 14.98 [688/1829] Building CXX object src/server/scripts/CMakeFiles/scripts.dir/EasternKingdoms/BlackrockMountain/MoltenCore/boss_majordomo_executus.cpp.o
#25 14.99 [689/1829] Building CXX object src/server/scripts/CMakeFiles/scripts.dir/EasternKingdoms/BlackrockMountain/MoltenCore/boss_shazzrah.cpp.o
#25 14.99 [690/1829] Building CXX object src/server/scripts/CMakeFiles/scripts.dir/EasternKingdoms/BlackrockMountain/MoltenCore/boss_sulfuron_harbinger.cpp.o
#25 15.00 [691/1829] Building CXX object src/server/scripts/CMakeFiles/scripts.dir/EasternKingdoms/BlackrockMountain/MoltenCore/instance_molten_core.cpp.o
#25 15.01 [692/1829] Building CXX object src/server/scripts/CMakeFiles/scripts.dir/EasternKingdoms/BlackrockMountain/MoltenCore/molten_core.cpp.o
#25 15.02 [693/1829] Building CXX object src/server/scripts/CMakeFiles/scripts.dir/EasternKingdoms/Deadmines/instance_deadmines.cpp.o
#25 15.02 [694/1829] Building CXX object src/server/scripts/CMakeFiles/scripts.dir/EasternKingdoms/Gnomeregan/instance_gnomeregan.cpp.o
#25 15.03 [695/1829] Building CXX object src/server/scripts/CMakeFiles/scripts.dir/EasternKingdoms/Deadmines/boss_mr_smite.cpp.o
#25 15.04 [696/1829] Building CXX object src/server/scripts/CMakeFiles/scripts.dir/EasternKingdoms/Karazhan/boss_curator.cpp.o
#25 15.04 [697/1829] Building CXX object src/server/scripts/CMakeFiles/scripts.dir/EasternKingdoms/Karazhan/boss_chess_event.cpp.o
#25 15.06 [698/1829] Building CXX object src/server/scripts/CMakeFiles/scripts.dir/EasternKingdoms/Karazhan/boss_midnight.cpp.o
#25 15.06 [699/1829] Building CXX object src/server/scripts/CMakeFiles/scripts.dir/EasternKingdoms/Karazhan/boss_maiden_of_virtue.cpp.o
#25 15.07 [700/1829] Building CXX object src/server/scripts/CMakeFiles/scripts.dir/EasternKingdoms/Karazhan/boss_netherspite.cpp.o
#25 15.07 [701/1829] Building CXX object src/server/scripts/CMakeFiles/scripts.dir/EasternKingdoms/Karazhan/boss_nightbane.cpp.o
#25 15.07 [702/1829] Building CXX object src/server/scripts/CMakeFiles/scripts.dir/EasternKingdoms/Karazhan/boss_moroes.cpp.o
#25 15.09 [703/1829] Building CXX object src/server/scripts/CMakeFiles/scripts.dir/EasternKingdoms/Karazhan/boss_prince_malchezaar.cpp.o
#25 15.10 [704/1829] Building CXX object src/server/scripts/CMakeFiles/scripts.dir/EasternKingdoms/Karazhan/boss_shade_of_aran.cpp.o
#25 15.10 [705/1829] Building CXX object src/server/scripts/CMakeFiles/scripts.dir/EasternKingdoms/Karazhan/boss_servant_quarters.cpp.o
#25 15.10 [706/1829] Building CXX object src/server/scripts/CMakeFiles/scripts.dir/EasternKingdoms/Karazhan/boss_terestian_illhoof.cpp.o
#25 15.11 [707/1829] Building CXX object src/server/scripts/CMakeFiles/scripts.dir/EasternKingdoms/Karazhan/boss_tenris_mirkblood.cpp.o
#25 15.13 [708/1829] Building CXX object src/server/scripts/CMakeFiles/scripts.dir/EasternKingdoms/Karazhan/karazhan.cpp.o
#25 15.14 [709/1829] Building CXX object src/server/scripts/CMakeFiles/scripts.dir/EasternKingdoms/MagistersTerrace/boss_priestess_delrissa.cpp.o
#25 15.14 [710/1829] Building CXX object src/server/scripts/CMakeFiles/scripts.dir/EasternKingdoms/MagistersTerrace/boss_felblood_kaelthas.cpp.o
#25 15.14 [711/1829] Building CXX object src/server/scripts/CMakeFiles/scripts.dir/EasternKingdoms/Karazhan/bosses_opera.cpp.o
#25 15.15 [712/1829] Building CXX object src/server/scripts/CMakeFiles/scripts.dir/EasternKingdoms/Karazhan/instance_karazhan.cpp.o
#25 15.16 [713/1829] Building CXX object src/server/scripts/CMakeFiles/scripts.dir/EasternKingdoms/MagistersTerrace/boss_vexallus.cpp.o
#25 15.17 [714/1829] Building CXX object src/server/scripts/CMakeFiles/scripts.dir/EasternKingdoms/MagistersTerrace/instance_magisters_terrace.cpp.o
#25 15.17 [715/1829] Building CXX object src/server/scripts/CMakeFiles/scripts.dir/EasternKingdoms/MagistersTerrace/boss_selin_fireheart.cpp.o
#25 15.18 [716/1829] Building CXX object src/server/scripts/CMakeFiles/scripts.dir/EasternKingdoms/Scholomance/boss_darkmaster_gandling.cpp.o
#25 15.18 [717/1829] Building CXX object src/server/scripts/CMakeFiles/scripts.dir/EasternKingdoms/ScarletMonastery/instance_scarlet_monastery.cpp.o
#25 15.20 [718/1829] Building CXX object src/server/scripts/CMakeFiles/scripts.dir/EasternKingdoms/Scholomance/boss_kormok.cpp.o
#25 15.20 [719/1829] Building CXX object src/server/scripts/CMakeFiles/scripts.dir/EasternKingdoms/ShadowfangKeep/boss_apothecary_hummel.cpp.o
#25 15.21 [720/1829] Building CXX object src/server/scripts/CMakeFiles/scripts.dir/EasternKingdoms/Scholomance/boss_kirtonos_the_herald.cpp.o
#25 15.21 [721/1829] Building CXX object src/server/scripts/CMakeFiles/scripts.dir/EasternKingdoms/Scholomance/instance_scholomance.cpp.o
#25 15.22 [722/1829] Building CXX object src/server/scripts/CMakeFiles/scripts.dir/EasternKingdoms/ShadowfangKeep/instance_shadowfang_keep.cpp.o
#25 15.22 [723/1829] Building CXX object src/server/scripts/CMakeFiles/scripts.dir/EasternKingdoms/Stratholme/boss_baroness_anastari.cpp.o
#25 15.24 [724/1829] Building CXX object src/server/scripts/CMakeFiles/scripts.dir/EasternKingdoms/Stratholme/instance_stratholme.cpp.o
#25 15.24 [725/1829] Building CXX object src/server/scripts/CMakeFiles/scripts.dir/EasternKingdoms/SunkenTemple/instance_sunken_temple.cpp.o
#25 15.25 [726/1829] Building CXX object src/server/scripts/CMakeFiles/scripts.dir/EasternKingdoms/SunwellPlateau/boss_eredar_twins.cpp.o
#25 15.26 [727/1829] Building CXX object src/server/scripts/CMakeFiles/scripts.dir/EasternKingdoms/Stratholme/boss_jarien_and_sothos.cpp.o
#25 15.26 [728/1829] Building CXX object src/server/scripts/CMakeFiles/scripts.dir/EasternKingdoms/SunwellPlateau/boss_brutallus.cpp.o
#25 15.27 [729/1829] Building CXX object src/server/scripts/CMakeFiles/scripts.dir/EasternKingdoms/SunwellPlateau/boss_felmyst.cpp.o
#25 15.28 [730/1829] Building CXX object src/server/scripts/CMakeFiles/scripts.dir/EasternKingdoms/SunwellPlateau/boss_kalecgos.cpp.o
#25 15.28 [731/1829] Building CXX object src/server/scripts/CMakeFiles/scripts.dir/EasternKingdoms/SunwellPlateau/boss_kiljaeden.cpp.o
#25 15.29 [732/1829] Building CXX object src/server/scripts/CMakeFiles/scripts.dir/EasternKingdoms/SunwellPlateau/boss_muru.cpp.o
#25 15.29 [733/1829] Building CXX object src/server/scripts/CMakeFiles/scripts.dir/EasternKingdoms/TheStockade/instance_the_stockade.cpp.o
#25 15.30 [734/1829] Building CXX object src/server/scripts/CMakeFiles/scripts.dir/EasternKingdoms/Uldaman/instance_uldaman.cpp.o
#25 15.31 [735/1829] Building CXX object src/server/scripts/CMakeFiles/scripts.dir/EasternKingdoms/ZulAman/boss_akilzon.cpp.o
#25 15.32 [736/1829] Building CXX object src/server/scripts/CMakeFiles/scripts.dir/EasternKingdoms/SunwellPlateau/instance_sunwell_plateau.cpp.o
#25 15.32 [737/1829] Building CXX object src/server/scripts/CMakeFiles/scripts.dir/EasternKingdoms/ZulAman/boss_halazzi.cpp.o
#25 15.33 [738/1829] Building CXX object src/server/scripts/CMakeFiles/scripts.dir/EasternKingdoms/ZulAman/boss_hexlord.cpp.o
#25 15.33 [739/1829] Building CXX object src/server/scripts/CMakeFiles/scripts.dir/EasternKingdoms/ZulAman/boss_janalai.cpp.o
#25 15.34 [740/1829] Building CXX object src/server/scripts/CMakeFiles/scripts.dir/EasternKingdoms/ZulAman/boss_nalorakk.cpp.o
#25 15.35 [741/1829] Building CXX object src/server/scripts/CMakeFiles/scripts.dir/EasternKingdoms/ZulAman/boss_zuljin.cpp.o
#25 15.35 [742/1829] Building CXX object src/server/scripts/CMakeFiles/scripts.dir/EasternKingdoms/ZulAman/zulaman.cpp.o
#25 15.37 [743/1829] Building CXX object src/server/scripts/CMakeFiles/scripts.dir/EasternKingdoms/ZulGurub/boss_gahzranka.cpp.o
#25 15.37 [744/1829] Building CXX object src/server/scripts/CMakeFiles/scripts.dir/EasternKingdoms/ZulAman/instance_zulaman.cpp.o
#25 15.37 [745/1829] Building CXX object src/server/scripts/CMakeFiles/scripts.dir/EasternKingdoms/ZulGurub/boss_arlokk.cpp.o
#25 15.37 [746/1829] Building CXX object src/server/scripts/CMakeFiles/scripts.dir/EasternKingdoms/ZulGurub/boss_grilek.cpp.o
#25 15.38 [747/1829] Building CXX object src/server/scripts/CMakeFiles/scripts.dir/EasternKingdoms/ZulGurub/boss_hakkar.cpp.o
#25 15.39 [748/1829] Building CXX object src/server/scripts/CMakeFiles/scripts.dir/EasternKingdoms/ZulGurub/boss_hazzarah.cpp.o
#25 15.40 [749/1829] Building CXX object src/server/scripts/CMakeFiles/scripts.dir/EasternKingdoms/ZulGurub/boss_jeklik.cpp.o
#25 15.40 [750/1829] Building CXX object src/server/scripts/CMakeFiles/scripts.dir/EasternKingdoms/ZulGurub/boss_jindo.cpp.o
#25 15.41 [751/1829] Building CXX object src/server/scripts/CMakeFiles/scripts.dir/EasternKingdoms/ZulGurub/boss_mandokir.cpp.o
#25 15.42 [752/1829] Building CXX object src/server/scripts/CMakeFiles/scripts.dir/EasternKingdoms/ZulGurub/boss_renataki.cpp.o
#25 15.42 [753/1829] Building CXX object src/server/scripts/CMakeFiles/scripts.dir/EasternKingdoms/ZulGurub/boss_marli.cpp.o
#25 15.43 [754/1829] Building CXX object src/server/scripts/CMakeFiles/scripts.dir/EasternKingdoms/ZulGurub/boss_venoxis.cpp.o
#25 15.43 [755/1829] Building CXX object src/server/scripts/CMakeFiles/scripts.dir/EasternKingdoms/ZulGurub/boss_thekal.cpp.o
#25 15.44 [756/1829] Building CXX object src/server/scripts/CMakeFiles/scripts.dir/EasternKingdoms/ZulGurub/boss_wushoolay.cpp.o
#25 15.45 [757/1829] Building CXX object src/server/scripts/CMakeFiles/scripts.dir/EasternKingdoms/ZulGurub/instance_zulgurub.cpp.o
#25 15.46 [758/1829] Building CXX object src/server/scripts/CMakeFiles/scripts.dir/EasternKingdoms/ZulGurub/zulgurub.cpp.o
#25 15.46 [759/1829] Building CXX object src/server/scripts/CMakeFiles/scripts.dir/Events/childrens_week.cpp.o
#25 15.46 [760/1829] Building CXX object src/server/scripts/CMakeFiles/scripts.dir/Events/brewfest.cpp.o
#25 15.47 [761/1829] Building CXX object src/server/scripts/CMakeFiles/scripts.dir/Events/events_script_loader.cpp.o
#25 15.48 [762/1829] Building CXX object src/server/scripts/CMakeFiles/scripts.dir/Events/hallows_end.cpp.o
#25 15.49 [763/1829] Building CXX object src/server/scripts/CMakeFiles/scripts.dir/Events/love_in_air.cpp.o
#25 15.49 [764/1829] Building CXX object src/server/scripts/CMakeFiles/scripts.dir/Events/midsummer.cpp.o
#25 15.50 [765/1829] Building CXX object src/server/scripts/CMakeFiles/scripts.dir/Events/winter_veil.cpp.o
#25 15.51 [766/1829] Building CXX object src/server/scripts/CMakeFiles/scripts.dir/Events/firework_show/firework_show.cpp.o
#25 15.52 [767/1829] Building CXX object src/server/scripts/CMakeFiles/scripts.dir/Events/noblegarden.cpp.o
#25 15.52 [768/1829] Building CXX object src/server/scripts/CMakeFiles/scripts.dir/Events/pilgrims_bounty.cpp.o
#25 15.52 [769/1829] Building CXX object src/server/scripts/CMakeFiles/scripts.dir/Kalimdor/boss_azuregos.cpp.o
#25 15.53 [770/1829] Building CXX object src/server/scripts/CMakeFiles/scripts.dir/Kalimdor/kalimdor_script_loader.cpp.o
#25 15.54 [771/1829] Building CXX object src/server/scripts/CMakeFiles/scripts.dir/Kalimdor/zone_ashenvale.cpp.o
#25 15.55 [772/1829] Building CXX object src/server/scripts/CMakeFiles/scripts.dir/Kalimdor/zone_darkshore.cpp.o
#25 15.55 [773/1829] Building CXX object src/server/scripts/CMakeFiles/scripts.dir/Kalimdor/zone_desolace.cpp.o
#25 15.56 [774/1829] Building CXX object src/server/scripts/CMakeFiles/scripts.dir/Kalimdor/zone_azuremyst_isle.cpp.o
#25 15.56 [775/1829] Building CXX object src/server/scripts/CMakeFiles/scripts.dir/Kalimdor/zone_bloodmyst_isle.cpp.o
#25 15.57 [776/1829] Building CXX object src/server/scripts/CMakeFiles/scripts.dir/Kalimdor/zone_durotar.cpp.o
#25 15.58 [777/1829] Building CXX object src/server/scripts/CMakeFiles/scripts.dir/Kalimdor/zone_dustwallow_marsh.cpp.o
#25 15.58 [778/1829] Building CXX object src/server/scripts/CMakeFiles/scripts.dir/Kalimdor/zone_feralas.cpp.o
#25 15.59 [779/1829] Building CXX object src/server/scripts/CMakeFiles/scripts.dir/Kalimdor/zone_moonglade.cpp.o
#25 15.59 [780/1829] Building CXX object src/server/scripts/CMakeFiles/scripts.dir/Kalimdor/zone_orgrimmar.cpp.o
#25 15.60 [781/1829] Building CXX object src/server/scripts/CMakeFiles/scripts.dir/Kalimdor/zone_felwood.cpp.o
#25 15.61 [782/1829] Building CXX object src/server/scripts/CMakeFiles/scripts.dir/Kalimdor/zone_silithus.cpp.o
#25 15.62 [783/1829] Building CXX object src/server/scripts/CMakeFiles/scripts.dir/Kalimdor/zone_teldrassil.cpp.o
#25 15.62 [784/1829] Building CXX object src/server/scripts/CMakeFiles/scripts.dir/Kalimdor/zone_stonetalon_mountains.cpp.o
#25 15.62 [785/1829] Building CXX object src/server/scripts/CMakeFiles/scripts.dir/Kalimdor/zone_tanaris.cpp.o
#25 15.63 [786/1829] Building CXX object src/server/scripts/CMakeFiles/scripts.dir/Kalimdor/zone_the_barrens.cpp.o
#25 15.64 [787/1829] Building CXX object src/server/scripts/CMakeFiles/scripts.dir/Kalimdor/zone_thousand_needles.cpp.o
#25 15.65 [788/1829] Building CXX object src/server/scripts/CMakeFiles/scripts.dir/Kalimdor/zone_thunder_bluff.cpp.o
#25 15.65 [789/1829] Building CXX object src/server/scripts/CMakeFiles/scripts.dir/Kalimdor/zone_ungoro_crater.cpp.o
#25 15.66 [790/1829] Building CXX object src/server/scripts/CMakeFiles/scripts.dir/Kalimdor/BlackfathomDeeps/instance_blackfathom_deeps.cpp.o
#25 15.67 [791/1829] Building CXX object src/server/scripts/CMakeFiles/scripts.dir/Kalimdor/CavernsOfTime/BattleForMountHyjal/boss_anetheron.cpp.o
#25 15.67 [792/1829] Building CXX object src/server/scripts/CMakeFiles/scripts.dir/Kalimdor/zone_winterspring.cpp.o
#25 15.67 [793/1829] Building CXX object src/server/scripts/CMakeFiles/scripts.dir/Kalimdor/CavernsOfTime/BattleForMountHyjal/boss_archimonde.cpp.o
#25 15.68 [794/1829] Building CXX object src/server/scripts/CMakeFiles/scripts.dir/Kalimdor/CavernsOfTime/BattleForMountHyjal/boss_azgalor.cpp.o
#25 15.69 [795/1829] Building CXX object src/server/scripts/CMakeFiles/scripts.dir/Kalimdor/CavernsOfTime/BattleForMountHyjal/boss_kazrogal.cpp.o
#25 15.70 [796/1829] Building CXX object src/server/scripts/CMakeFiles/scripts.dir/Kalimdor/CavernsOfTime/BattleForMountHyjal/boss_rage_winterchill.cpp.o
#25 15.70 [797/1829] Building CXX object src/server/scripts/CMakeFiles/scripts.dir/Kalimdor/CavernsOfTime/BattleForMountHyjal/hyjal.cpp.o
#25 15.70 [798/1829] Building CXX object src/server/scripts/CMakeFiles/scripts.dir/Kalimdor/CavernsOfTime/CullingOfStratholme/boss_epoch.cpp.o
#25 15.71 [799/1829] Building CXX object src/server/scripts/CMakeFiles/scripts.dir/Kalimdor/CavernsOfTime/CullingOfStratholme/boss_infinite.cpp.o
#25 15.72 [800/1829] Building CXX object src/server/scripts/CMakeFiles/scripts.dir/Kalimdor/CavernsOfTime/CullingOfStratholme/boss_meathook.cpp.o
#25 15.73 [801/1829] Building CXX object src/server/scripts/CMakeFiles/scripts.dir/Kalimdor/CavernsOfTime/BattleForMountHyjal/instance_hyjal.cpp.o
#25 15.73 [802/1829] Building CXX object src/server/scripts/CMakeFiles/scripts.dir/Kalimdor/CavernsOfTime/CullingOfStratholme/boss_mal_ganis.cpp.o
#25 15.73 [803/1829] Linking CXX static library src/server/game/libgame.a
#25 15.73 [804/1829] Building CXX object src/server/scripts/CMakeFiles/scripts.dir/Kalimdor/CavernsOfTime/CullingOfStratholme/culling_of_stratholme.cpp.o
#25 15.73 [805/1829] Building CXX object src/server/scripts/CMakeFiles/scripts.dir/Kalimdor/CavernsOfTime/CullingOfStratholme/boss_salramm.cpp.o
#25 15.75 [806/1829] Building CXX object src/server/scripts/CMakeFiles/scripts.dir/Kalimdor/CavernsOfTime/EscapeFromDurnholdeKeep/boss_epoch_hunter.cpp.o
#25 15.75 [807/1829] Building CXX object src/server/scripts/CMakeFiles/scripts.dir/Kalimdor/CavernsOfTime/CullingOfStratholme/instance_culling_of_stratholme.cpp.o
#25 15.76 [808/1829] Building CXX object src/server/scripts/CMakeFiles/scripts.dir/Kalimdor/CavernsOfTime/EscapeFromDurnholdeKeep/boss_lieutenant_drake.cpp.o
#25 15.76 [809/1829] Building CXX object src/server/scripts/CMakeFiles/scripts.dir/Kalimdor/CavernsOfTime/EscapeFromDurnholdeKeep/instance_old_hillsbrad.cpp.o
#25 15.76 [810/1829] Building CXX object src/server/scripts/CMakeFiles/scripts.dir/Kalimdor/CavernsOfTime/EscapeFromDurnholdeKeep/old_hillsbrad.cpp.o
#25 15.77 [811/1829] Building CXX object src/server/scripts/CMakeFiles/scripts.dir/Kalimdor/CavernsOfTime/EscapeFromDurnholdeKeep/boss_captain_skarloc.cpp.o
#25 15.78 [812/1829] Building CXX object src/server/scripts/CMakeFiles/scripts.dir/Kalimdor/CavernsOfTime/TheBlackMorass/boss_aeonus.cpp.o
#25 15.78 [813/1829] Building CXX object src/server/scripts/CMakeFiles/scripts.dir/Kalimdor/CavernsOfTime/TheBlackMorass/boss_chrono_lord_deja.cpp.o
#25 15.78 [814/1829] Building CXX object src/server/scripts/CMakeFiles/scripts.dir/Kalimdor/CavernsOfTime/TheBlackMorass/instance_the_black_morass.cpp.o
#25 15.80 [815/1829] Building CXX object src/server/scripts/CMakeFiles/scripts.dir/Kalimdor/CavernsOfTime/TheBlackMorass/boss_temporus.cpp.o
#25 15.80 [816/1829] Building CXX object src/server/scripts/CMakeFiles/scripts.dir/Kalimdor/DireMaul/boss_isalien.cpp.o
#25 15.80 [817/1829] Building CXX object src/server/scripts/CMakeFiles/scripts.dir/Kalimdor/CavernsOfTime/TheBlackMorass/the_black_morass.cpp.o
#25 15.81 [818/1829] Building CXX object src/server/scripts/CMakeFiles/scripts.dir/Kalimdor/DireMaul/instance_dire_maul.cpp.o
#25 15.81 [819/1829] Building CXX object src/server/scripts/CMakeFiles/scripts.dir/Kalimdor/Maraudon/instance_maraudon.cpp.o
#25 15.81 [820/1829] Building CXX object src/server/scripts/CMakeFiles/scripts.dir/Kalimdor/OnyxiasLair/boss_onyxia.cpp.o
#25 15.83 [821/1829] Building CXX object src/server/scripts/CMakeFiles/scripts.dir/Kalimdor/OnyxiasLair/instance_onyxias_lair.cpp.o
#25 15.83 [822/1829] Building CXX object src/server/scripts/CMakeFiles/scripts.dir/Kalimdor/RagefireChasm/instance_ragefire_chasm.cpp.o
#25 15.84 [823/1829] Building CXX object src/server/scripts/CMakeFiles/scripts.dir/Kalimdor/RazorfenDowns/razorfen_downs.cpp.o
#25 15.84 [824/1829] Building CXX object src/server/scripts/CMakeFiles/scripts.dir/Kalimdor/RazorfenKraul/instance_razorfen_kraul.cpp.o
#25 15.85 [825/1829] Building CXX object src/server/scripts/CMakeFiles/scripts.dir/Kalimdor/RuinsOfAhnQiraj/boss_ayamiss.cpp.o
#25 15.85 [826/1829] Building CXX object src/server/scripts/CMakeFiles/scripts.dir/Kalimdor/RazorfenDowns/instance_razorfen_downs.cpp.o
#25 15.85 [827/1829] Building CXX object src/server/scripts/CMakeFiles/scripts.dir/Kalimdor/RuinsOfAhnQiraj/boss_buru.cpp.o
#25 15.86 [828/1829] Building CXX object src/server/scripts/CMakeFiles/scripts.dir/Kalimdor/RuinsOfAhnQiraj/boss_moam.cpp.o
#25 15.86 [829/1829] Building CXX object src/server/scripts/CMakeFiles/scripts.dir/Kalimdor/RuinsOfAhnQiraj/boss_kurinnaxx.cpp.o
#25 15.86 [830/1829] Building CXX object src/server/scripts/CMakeFiles/scripts.dir/Kalimdor/RuinsOfAhnQiraj/boss_ossirian.cpp.o
#25 15.87 [831/1829] Building CXX object src/server/scripts/CMakeFiles/scripts.dir/Kalimdor/RuinsOfAhnQiraj/boss_rajaxx.cpp.o
#25 15.88 [832/1829] Building CXX object src/server/scripts/CMakeFiles/scripts.dir/Kalimdor/RuinsOfAhnQiraj/ruins_of_ahnqiraj.cpp.o
#25 15.89 [833/1829] Building CXX object src/server/scripts/CMakeFiles/scripts.dir/Kalimdor/TempleOfAhnQiraj/boss_bug_trio.cpp.o
#25 15.89 [834/1829] Building CXX object src/server/scripts/CMakeFiles/scripts.dir/Kalimdor/TempleOfAhnQiraj/boss_cthun.cpp.o
#25 15.89 [835/1829] Building CXX object src/server/scripts/CMakeFiles/scripts.dir/Kalimdor/TempleOfAhnQiraj/boss_fankriss.cpp.o
#25 15.90 [836/1829] Building CXX object src/server/scripts/CMakeFiles/scripts.dir/Kalimdor/RuinsOfAhnQiraj/instance_ruins_of_ahnqiraj.cpp.o
#25 15.90 [837/1829] Building CXX object src/server/scripts/CMakeFiles/scripts.dir/Kalimdor/TempleOfAhnQiraj/boss_huhuran.cpp.o
#25 15.91 [838/1829] Building CXX object src/server/scripts/CMakeFiles/scripts.dir/Kalimdor/TempleOfAhnQiraj/boss_sartura.cpp.o
#25 15.92 [839/1829] Building CXX object src/server/scripts/CMakeFiles/scripts.dir/Kalimdor/TempleOfAhnQiraj/boss_ouro.cpp.o
#25 15.93 [840/1829] Building CXX object src/server/scripts/CMakeFiles/scripts.dir/Kalimdor/TempleOfAhnQiraj/boss_viscidus.cpp.o
#25 15.93 [841/1829] Building CXX object src/server/scripts/CMakeFiles/scripts.dir/Kalimdor/TempleOfAhnQiraj/boss_skeram.cpp.o
#25 15.94 [842/1829] Building CXX object src/server/scripts/CMakeFiles/scripts.dir/Kalimdor/TempleOfAhnQiraj/boss_twinemperors.cpp.o
#25 15.95 [843/1829] Building CXX object src/server/scripts/CMakeFiles/scripts.dir/Kalimdor/TempleOfAhnQiraj/mob_anubisath_sentinel.cpp.o
#25 15.95 [844/1829] Building CXX object src/server/scripts/CMakeFiles/scripts.dir/Kalimdor/TempleOfAhnQiraj/instance_temple_of_ahnqiraj.cpp.o
#25 15.95 [845/1829] Building CXX object src/server/scripts/CMakeFiles/scripts.dir/Kalimdor/TempleOfAhnQiraj/temple_of_ahnqiraj.cpp.o
#25 15.96 [846/1829] Building CXX object src/server/scripts/CMakeFiles/scripts.dir/Kalimdor/ZulFarrak/instance_zulfarrak.cpp.o
#25 15.97 [847/1829] Building CXX object src/server/scripts/CMakeFiles/scripts.dir/Kalimdor/WailingCaverns/instance_wailing_caverns.cpp.o
#25 15.97 [848/1829] Building CXX object src/server/scripts/CMakeFiles/scripts.dir/Northrend/isle_of_conquest.cpp.o
#25 15.97 [849/1829] Building CXX object src/server/scripts/CMakeFiles/scripts.dir/Kalimdor/ZulFarrak/zulfarrak.cpp.o
#25 15.98 [850/1829] Building CXX object src/server/scripts/CMakeFiles/scripts.dir/Northrend/northrend_script_loader.cpp.o
#25 15.98 [851/1829] Building CXX object src/server/scripts/CMakeFiles/scripts.dir/Northrend/zone_crystalsong_forest.cpp.o
#25 16.00 [852/1829] Building CXX object src/server/scripts/CMakeFiles/scripts.dir/Northrend/zone_dragonblight.cpp.o
#25 16.00 [853/1829] Building CXX object src/server/scripts/CMakeFiles/scripts.dir/Northrend/zone_grizzly_hills.cpp.o
#25 16.01 [854/1829] Building CXX object src/server/scripts/CMakeFiles/scripts.dir/Northrend/zone_dalaran.cpp.o
#25 16.01 [855/1829] Building CXX object src/server/scripts/CMakeFiles/scripts.dir/Northrend/zone_borean_tundra.cpp.o
#25 16.02 [856/1829] Building CXX object src/server/scripts/CMakeFiles/scripts.dir/Northrend/zone_howling_fjord.cpp.o
#25 16.02 [857/1829] Building CXX object src/server/scripts/CMakeFiles/scripts.dir/Northrend/zone_icecrown.cpp.o
#25 16.03 [858/1829] Building CXX object src/server/scripts/CMakeFiles/scripts.dir/Northrend/zone_sholazar_basin.cpp.o
#25 16.04 [859/1829] Building CXX object src/server/scripts/CMakeFiles/scripts.dir/Northrend/zone_storm_peaks.cpp.o
#25 16.04 [860/1829] Building CXX object src/server/scripts/CMakeFiles/scripts.dir/Northrend/zone_wintergrasp.cpp.o
#25 16.04 [861/1829] Building CXX object src/server/scripts/CMakeFiles/scripts.dir/Northrend/AzjolNerub/AzjolNerub/boss_anubarak.cpp.o
#25 16.06 [862/1829] Building CXX object src/server/scripts/CMakeFiles/scripts.dir/Northrend/zone_zuldrak.cpp.o
#25 16.06 [863/1829] Building CXX object src/server/scripts/CMakeFiles/scripts.dir/Northrend/AzjolNerub/AzjolNerub/boss_krikthir_the_gatewatcher.cpp.o
#25 16.07 [864/1829] Building CXX object src/server/scripts/CMakeFiles/scripts.dir/Northrend/AzjolNerub/AzjolNerub/instance_azjol_nerub.cpp.o
#25 16.07 [865/1829] Building CXX object src/server/scripts/CMakeFiles/scripts.dir/Northrend/AzjolNerub/AzjolNerub/boss_hadronox.cpp.o
#25 16.07 [866/1829] Building CXX object src/server/scripts/CMakeFiles/scripts.dir/Northrend/AzjolNerub/ahnkahet/boss_amanitar.cpp.o
#25 16.08 [867/1829] Building CXX object src/server/scripts/CMakeFiles/scripts.dir/Northrend/AzjolNerub/ahnkahet/boss_elder_nadox.cpp.o
#25 16.09 [868/1829] Building CXX object src/server/scripts/CMakeFiles/scripts.dir/Northrend/AzjolNerub/ahnkahet/boss_herald_volazj.cpp.o
#25 16.09 [869/1829] Building CXX object src/server/scripts/CMakeFiles/scripts.dir/Northrend/AzjolNerub/ahnkahet/boss_jedoga_shadowseeker.cpp.o
#25 16.10 [870/1829] Building CXX object src/server/scripts/CMakeFiles/scripts.dir/Northrend/AzjolNerub/ahnkahet/instance_ahnkahet.cpp.o
#25 16.10 [871/1829] Building CXX object src/server/scripts/CMakeFiles/scripts.dir/Northrend/ChamberOfAspects/ObsidianSanctum/boss_sartharion.cpp.o
#25 16.10 [872/1829] Building CXX object src/server/scripts/CMakeFiles/scripts.dir/Northrend/AzjolNerub/ahnkahet/boss_prince_taldaram.cpp.o
#25 16.12 [873/1829] Building CXX object src/server/scripts/CMakeFiles/scripts.dir/Northrend/ChamberOfAspects/RubySanctum/boss_baltharus_the_warborn.cpp.o
#25 16.12 [874/1829] Building CXX object src/server/scripts/CMakeFiles/scripts.dir/Northrend/ChamberOfAspects/ObsidianSanctum/instance_obsidian_sanctum.cpp.o
#25 16.13 [875/1829] Building CXX object src/server/scripts/CMakeFiles/scripts.dir/Northrend/ChamberOfAspects/RubySanctum/boss_general_zarithrian.cpp.o
#25 16.13 [876/1829] Building CXX object src/server/scripts/CMakeFiles/scripts.dir/Northrend/ChamberOfAspects/RubySanctum/boss_saviana_ragefire.cpp.o
#25 16.14 [877/1829] Building CXX object src/server/scripts/CMakeFiles/scripts.dir/Northrend/ChamberOfAspects/RubySanctum/boss_halion.cpp.o
#25 16.14 [878/1829] Building CXX object src/server/scripts/CMakeFiles/scripts.dir/Northrend/ChamberOfAspects/RubySanctum/instance_ruby_sanctum.cpp.o
#25 16.15 [879/1829] Building CXX object src/server/scripts/CMakeFiles/scripts.dir/Northrend/CrusadersColiseum/TrialOfTheChampion/boss_argent_challenge.cpp.o
#25 16.15 [880/1829] Building CXX object src/server/scripts/CMakeFiles/scripts.dir/Northrend/CrusadersColiseum/TrialOfTheChampion/instance_trial_of_the_champion.cpp.o
#25 16.16 [881/1829] Building CXX object src/server/scripts/CMakeFiles/scripts.dir/Northrend/CrusadersColiseum/TrialOfTheChampion/boss_grand_champions.cpp.o
#25 16.16 [882/1829] Building CXX object src/server/scripts/CMakeFiles/scripts.dir/Northrend/CrusadersColiseum/TrialOfTheChampion/trial_of_the_champion.cpp.o
#25 16.16 [883/1829] Building CXX object src/server/scripts/CMakeFiles/scripts.dir/Northrend/CrusadersColiseum/TrialOfTheChampion/boss_black_knight.cpp.o
#25 16.18 [884/1829] Building CXX object src/server/scripts/CMakeFiles/scripts.dir/Northrend/CrusadersColiseum/TrialOfTheCrusader/boss_lord_jaraxxus.cpp.o
#25 16.19 [885/1829] Building CXX object src/server/scripts/CMakeFiles/scripts.dir/Northrend/CrusadersColiseum/TrialOfTheCrusader/boss_anubarak_trial.cpp.o
#25 16.19 [886/1829] Building CXX object src/server/scripts/CMakeFiles/scripts.dir/Northrend/CrusadersColiseum/TrialOfTheCrusader/boss_twin_valkyr.cpp.o
#25 16.22 [887/1829] Building CXX object src/server/scripts/CMakeFiles/scripts.dir/Northrend/CrusadersColiseum/TrialOfTheCrusader/trial_of_the_crusader.cpp.o
#25 19.62 [888/1829] Building CXX object src/server/scripts/CMakeFiles/scripts.dir/Northrend/CrusadersColiseum/TrialOfTheCrusader/boss_northrend_beasts.cpp.o
#25 19.82 [889/1829] Building CXX object src/server/scripts/CMakeFiles/scripts.dir/Northrend/DraktharonKeep/boss_tharon_ja.cpp.o
#25 20.04 [890/1829] Building CXX object src/server/scripts/CMakeFiles/scripts.dir/Northrend/DraktharonKeep/boss_dred.cpp.o
#25 20.37 [891/1829] Building CXX object src/server/scripts/CMakeFiles/scripts.dir/Northrend/CrusadersColiseum/TrialOfTheCrusader/boss_faction_champions.cpp.o
#25 20.65 [892/1829] Building CXX object src/server/scripts/CMakeFiles/scripts.dir/Northrend/DraktharonKeep/boss_novos.cpp.o
#25 20.73 [893/1829] Building CXX object src/server/scripts/CMakeFiles/scripts.dir/Northrend/CrusadersColiseum/TrialOfTheCrusader/instance_trial_of_the_crusader.cpp.o
#25 23.19 [894/1829] Building CXX object src/server/scripts/CMakeFiles/scripts.dir/Northrend/DraktharonKeep/boss_trollgore.cpp.o
#25 23.52 [895/1829] Building CXX object src/server/scripts/CMakeFiles/scripts.dir/Northrend/DraktharonKeep/instance_drak_tharon_keep.cpp.o
#25 23.63 [896/1829] Building CXX object src/server/scripts/CMakeFiles/scripts.dir/Northrend/FrozenHalls/ForgeOfSouls/boss_devourer_of_souls.cpp.o
#25 23.68 [897/1829] Building CXX object src/server/scripts/CMakeFiles/scripts.dir/Northrend/FrozenHalls/ForgeOfSouls/boss_bronjahm.cpp.o
#25 23.69 [898/1829] Building CXX object modules/CMakeFiles/modules.dir/mod-playerbots/src/Ai/Base/Actions/AcceptBattlegroundInvitationAction.cpp.o
#25 23.82 [899/1829] Building CXX object src/server/scripts/CMakeFiles/scripts.dir/Northrend/FrozenHalls/ForgeOfSouls/instance_forge_of_souls.cpp.o
#25 24.17 [900/1829] Building CXX object src/server/scripts/CMakeFiles/scripts.dir/Northrend/FrozenHalls/ForgeOfSouls/forge_of_souls.cpp.o
#25 25.41 [901/1829] Building CXX object src/server/scripts/CMakeFiles/scripts.dir/Northrend/FrozenHalls/HallsOfReflection/boss_falric.cpp.o
#25 25.65 [902/1829] Building CXX object modules/CMakeFiles/modules.dir/mod-playerbots/src/Ai/Base/Actions/AcceptResurrectAction.cpp.o
#25 26.08 [903/1829] Building CXX object modules/CMakeFiles/modules.dir/mod-playerbots/src/Ai/Base/Actions/AcceptDuelAction.cpp.o
#25 26.13 [904/1829] Building CXX object modules/CMakeFiles/modules.dir/mod-playerbots/src/Ai/Base/Actions/AddLootAction.cpp.o
#25 26.40 [905/1829] Building CXX object modules/CMakeFiles/modules.dir/mod-playerbots/src/Ai/Base/Actions/AcceptQuestAction.cpp.o
#25 26.41 [906/1829] Building CXX object modules/CMakeFiles/modules.dir/mod-playerbots/src/Ai/Base/Actions/ArenaTeamActions.cpp.o
#25 26.43 [907/1829] Building CXX object modules/CMakeFiles/modules.dir/mod-playerbots/src/Ai/Base/Actions/AcceptInvitationAction.cpp.o
#25 26.67 [908/1829] Building CXX object src/server/scripts/CMakeFiles/scripts.dir/Northrend/FrozenHalls/HallsOfReflection/boss_marwyn.cpp.o
#25 26.74 [909/1829] Building CXX object src/server/scripts/CMakeFiles/scripts.dir/Northrend/FrozenHalls/PitOfSaron/boss_forgemaster_garfrost.cpp.o
#25 26.75 [910/1829] Building CXX object src/server/scripts/CMakeFiles/scripts.dir/Northrend/FrozenHalls/PitOfSaron/boss_scourgelord_tyrannus.cpp.o
#25 26.82 [911/1829] Building CXX object modules/CMakeFiles/modules.dir/mod-playerbots/src/Ai/Base/Actions/AreaTriggerAction.cpp.o
#25 26.84 [912/1829] Building CXX object modules/CMakeFiles/modules.dir/mod-playerbots/src/Ai/Base/Actions/AttackAction.cpp.o
#25 27.06 [913/1829] Building CXX object src/server/scripts/CMakeFiles/scripts.dir/Northrend/FrozenHalls/PitOfSaron/boss_krickandick.cpp.o
#25 27.81 [914/1829] Building CXX object src/server/scripts/CMakeFiles/scripts.dir/Northrend/FrozenHalls/HallsOfReflection/halls_of_reflection.cpp.o
#25 27.97 [915/1829] Building CXX object src/server/scripts/CMakeFiles/scripts.dir/Northrend/FrozenHalls/HallsOfReflection/instance_halls_of_reflection.cpp.o
#25 28.06 [916/1829] Building CXX object src/server/scripts/CMakeFiles/scripts.dir/Northrend/FrozenHalls/PitOfSaron/instance_pit_of_saron.cpp.o
#25 28.63 [917/1829] Building CXX object src/server/scripts/CMakeFiles/scripts.dir/Northrend/Gundrak/boss_eck.cpp.o
#25 29.33 [918/1829] Building CXX object src/server/scripts/CMakeFiles/scripts.dir/Northrend/Gundrak/boss_drakkari_colossus.cpp.o
#25 29.36 [919/1829] Building CXX object src/server/scripts/CMakeFiles/scripts.dir/Northrend/Gundrak/boss_moorabi.cpp.o
#25 29.39 [920/1829] Building CXX object src/server/scripts/CMakeFiles/scripts.dir/Northrend/Gundrak/boss_slad_ran.cpp.o
#25 29.73 [921/1829] Building CXX object src/server/scripts/CMakeFiles/scripts.dir/Northrend/Gundrak/boss_gal_darah.cpp.o
#25 29.74 [922/1829] Building CXX object src/server/scripts/CMakeFiles/scripts.dir/Northrend/Gundrak/instance_gundrak.cpp.o
#25 30.58 [923/1829] Building CXX object src/server/scripts/CMakeFiles/scripts.dir/Northrend/IcecrownCitadel/boss_festergut.cpp.o
#25 31.27 [924/1829] Building CXX object src/server/scripts/CMakeFiles/scripts.dir/Northrend/FrozenHalls/PitOfSaron/pit_of_saron.cpp.o
#25 31.38 [925/1829] Building CXX object src/server/scripts/CMakeFiles/scripts.dir/Northrend/IcecrownCitadel/boss_blood_prince_council.cpp.o
#25 31.42 [926/1829] Building CXX object src/server/scripts/CMakeFiles/scripts.dir/Northrend/IcecrownCitadel/boss_deathbringer_saurfang.cpp.o
#25 31.68 [927/1829] Building CXX object src/server/scripts/CMakeFiles/scripts.dir/Northrend/IcecrownCitadel/icecrown_citadel_teleport.cpp.o
#25 32.08 [928/1829] Building CXX object src/server/scripts/CMakeFiles/scripts.dir/Northrend/IcecrownCitadel/boss_blood_queen_lana_thel.cpp.o
#25 32.27 [929/1829] Building CXX object src/server/scripts/CMakeFiles/scripts.dir/Northrend/IcecrownCitadel/boss_lord_marrowgar.cpp.o
#25 32.77 [930/1829] Building CXX object src/server/scripts/CMakeFiles/scripts.dir/Northrend/IcecrownCitadel/boss_lady_deathwhisper.cpp.o
#25 33.32 [931/1829] Building CXX object src/server/scripts/CMakeFiles/scripts.dir/Northrend/IcecrownCitadel/boss_rotface.cpp.o
#25 33.77 [932/1829] Building CXX object src/server/scripts/CMakeFiles/scripts.dir/Northrend/Naxxramas/boss_anubrekhan.cpp.o
#25 33.78 [933/1829] Building CXX object src/server/scripts/CMakeFiles/scripts.dir/Northrend/IcecrownCitadel/boss_professor_putricide.cpp.o
#25 34.32 [934/1829] Building CXX object src/server/scripts/CMakeFiles/scripts.dir/Northrend/Naxxramas/boss_faerlina.cpp.o
#25 34.40 [935/1829] Building CXX object src/server/scripts/CMakeFiles/scripts.dir/Northrend/Naxxramas/boss_four_horsemen.cpp.o
#25 34.46 [936/1829] Building CXX object src/server/scripts/CMakeFiles/scripts.dir/Northrend/IcecrownCitadel/boss_icecrown_gunship_battle.cpp.o
#25 34.81 [937/1829] Building CXX object src/server/scripts/CMakeFiles/scripts.dir/Northrend/Naxxramas/boss_gluth.cpp.o
#25 35.61 [938/1829] Building CXX object src/server/scripts/CMakeFiles/scripts.dir/Northrend/IcecrownCitadel/boss_sindragosa.cpp.o
#25 35.68 [939/1829] Building CXX object src/server/scripts/CMakeFiles/scripts.dir/Northrend/Naxxramas/boss_gothik.cpp.o
#25 35.89 [940/1829] Building CXX object src/server/scripts/CMakeFiles/scripts.dir/Northrend/IcecrownCitadel/instance_icecrown_citadel.cpp.o
#25 36.05 [941/1829] Building CXX object src/server/scripts/CMakeFiles/scripts.dir/Northrend/Naxxramas/boss_grobbulus.cpp.o
#25 36.11 [942/1829] Building CXX object src/server/scripts/CMakeFiles/scripts.dir/Northrend/IcecrownCitadel/boss_valithria_dreamwalker.cpp.o
#25 36.14 [943/1829] Building CXX object src/server/scripts/CMakeFiles/scripts.dir/Northrend/Naxxramas/boss_loatheb.cpp.o
#25 36.41 [944/1829] Building CXX object src/server/scripts/CMakeFiles/scripts.dir/Northrend/Naxxramas/boss_noth.cpp.o
#25 36.63 [945/1829] Building CXX object src/server/scripts/CMakeFiles/scripts.dir/Northrend/Naxxramas/boss_heigan.cpp.o
#25 37.33 [946/1829] Building CXX object src/server/scripts/CMakeFiles/scripts.dir/Northrend/Naxxramas/boss_patchwerk.cpp.o
#25 37.50 [947/1829] Building CXX object src/server/scripts/CMakeFiles/scripts.dir/Northrend/Naxxramas/boss_maexxna.cpp.o
#25 37.55 [948/1829] Building CXX object src/server/scripts/CMakeFiles/scripts.dir/Northrend/Naxxramas/boss_kelthuzad.cpp.o
#25 37.55 [949/1829] Building CXX object src/server/scripts/CMakeFiles/scripts.dir/Northrend/Naxxramas/boss_razuvious.cpp.o
#25 38.15 [950/1829] Building CXX object modules/CMakeFiles/modules.dir/mod-playerbots/src/PlayerbotAIConfig.cpp.o
#25 38.24 [951/1829] Building CXX object src/server/scripts/CMakeFiles/scripts.dir/Northrend/Naxxramas/boss_sapphiron.cpp.o
#25 38.24 [952/1829] Building CXX object src/server/scripts/CMakeFiles/scripts.dir/Northrend/Nexus/Nexus/boss_anomalus.cpp.o
#25 38.27 [953/1829] Building CXX object src/server/scripts/CMakeFiles/scripts.dir/Northrend/Nexus/Nexus/boss_commander_stoutbeard_kolurg.cpp.o
#25 38.42 [954/1829] Building CXX object src/server/scripts/CMakeFiles/scripts.dir/Northrend/IcecrownCitadel/boss_the_lich_king.cpp.o
#25 38.76 [955/1829] Building CXX object src/server/scripts/CMakeFiles/scripts.dir/Northrend/Nexus/Nexus/boss_keristrasza.cpp.o
#25 38.88 [956/1829] Building CXX object src/server/scripts/CMakeFiles/scripts.dir/Northrend/Nexus/EyeOfEternity/instance_eye_of_eternity.cpp.o
#25 39.30 [957/1829] Building CXX object src/server/scripts/CMakeFiles/scripts.dir/Northrend/Naxxramas/boss_thaddius.cpp.o
#25 39.46 [958/1829] Building CXX object src/server/scripts/CMakeFiles/scripts.dir/Northrend/Naxxramas/instance_naxxramas.cpp.o
#25 39.56 [959/1829] Building CXX object src/server/scripts/CMakeFiles/scripts.dir/Northrend/Nexus/Nexus/boss_ormorok.cpp.o
#25 39.80 [960/1829] Building CXX object src/server/scripts/CMakeFiles/scripts.dir/Northrend/Nexus/Oculus/boss_eregos.cpp.o
#25 39.87 [961/1829] Building CXX object src/server/scripts/CMakeFiles/scripts.dir/Northrend/Nexus/Oculus/boss_drakos.cpp.o
#25 40.11 [962/1829] Building CXX object src/server/scripts/CMakeFiles/scripts.dir/Northrend/Nexus/Oculus/boss_varos.cpp.o
#25 40.37 [963/1829] Building CXX object src/server/scripts/CMakeFiles/scripts.dir/Northrend/Nexus/Nexus/boss_magus_telestra.cpp.o
#25 40.49 [964/1829] Building CXX object src/server/scripts/CMakeFiles/scripts.dir/Northrend/Nexus/Oculus/boss_urom.cpp.o
#25 41.09 [965/1829] Building CXX object src/server/scripts/CMakeFiles/scripts.dir/Northrend/Nexus/Nexus/instance_nexus.cpp.o
#25 41.25 [966/1829] Building CXX object src/server/scripts/CMakeFiles/scripts.dir/Northrend/Nexus/Oculus/instance_oculus.cpp.o
#25 41.70 [967/1829] Building CXX object src/server/scripts/CMakeFiles/scripts.dir/Northrend/Nexus/EyeOfEternity/boss_malygos.cpp.o
#25 41.77 [968/1829] Building CXX object src/server/scripts/CMakeFiles/scripts.dir/Northrend/Ulduar/HallsOfLightning/boss_loken.cpp.o
#25 41.79 [969/1829] Building CXX object src/server/scripts/CMakeFiles/scripts.dir/Northrend/Ulduar/HallsOfStone/boss_maiden_of_grief.cpp.o
#25 41.89 [970/1829] Building CXX object src/server/scripts/CMakeFiles/scripts.dir/Northrend/Ulduar/HallsOfLightning/boss_bjarngrim.cpp.o
#25 42.06 [971/1829] Building CXX object src/server/scripts/CMakeFiles/scripts.dir/Northrend/Ulduar/HallsOfLightning/boss_ionar.cpp.o
#25 42.08 [972/1829] Building CXX object src/server/scripts/CMakeFiles/scripts.dir/Northrend/Nexus/Oculus/oculus.cpp.o
#25 42.09 [973/1829] Building CXX object src/server/scripts/CMakeFiles/scripts.dir/Northrend/Ulduar/HallsOfLightning/boss_volkhan.cpp.o
#25 42.14 [974/1829] Building CXX object src/server/scripts/CMakeFiles/scripts.dir/Northrend/IcecrownCitadel/icecrown_citadel.cpp.o
#25 42.28 [975/1829] Building CXX object src/server/scripts/CMakeFiles/scripts.dir/Northrend/Ulduar/HallsOfStone/boss_krystallus.cpp.o
#25 42.51 [976/1829] Building CXX object src/server/scripts/CMakeFiles/scripts.dir/Northrend/Ulduar/HallsOfLightning/instance_halls_of_lightning.cpp.o
#25 43.24 [977/1829] Building CXX object src/server/scripts/CMakeFiles/scripts.dir/Northrend/Ulduar/HallsOfStone/boss_sjonnir.cpp.o
#25 43.70 [978/1829] Building CXX object src/server/scripts/CMakeFiles/scripts.dir/Northrend/Ulduar/HallsOfStone/instance_halls_of_stone.cpp.o
#25 44.75 [979/1829] Building CXX object src/server/scripts/CMakeFiles/scripts.dir/Northrend/Ulduar/Ulduar/boss_assembly_of_iron.cpp.o
#25 44.81 [980/1829] Building CXX object src/server/scripts/CMakeFiles/scripts.dir/Northrend/Ulduar/Ulduar/boss_auriaya.cpp.o
#25 45.31 [981/1829] Building CXX object src/server/scripts/CMakeFiles/scripts.dir/Northrend/Ulduar/HallsOfStone/brann_bronzebeard.cpp.o
#25 45.73 [982/1829] Building CXX object src/server/scripts/CMakeFiles/scripts.dir/Northrend/Ulduar/Ulduar/boss_general_vezax.cpp.o
#25 45.86 [983/1829] Building CXX object src/server/scripts/CMakeFiles/scripts.dir/Northrend/Ulduar/Ulduar/boss_ignis.cpp.o
#25 45.92 [984/1829] Building CXX object src/server/scripts/CMakeFiles/scripts.dir/Northrend/Ulduar/Ulduar/boss_freya.cpp.o
#25 45.96 [985/1829] Building CXX object src/server/scripts/CMakeFiles/scripts.dir/Northrend/Ulduar/Ulduar/boss_algalon_the_observer.cpp.o
#25 46.61 [986/1829] Building CXX object src/server/scripts/CMakeFiles/scripts.dir/Northrend/Ulduar/Ulduar/boss_kologarn.cpp.o
#25 46.99 [987/1829] Building CXX object src/server/scripts/CMakeFiles/scripts.dir/Northrend/UtgardeKeep/UtgardeKeep/boss_ingvar_the_plunderer.cpp.o
#25 47.50 [988/1829] Building CXX object src/server/scripts/CMakeFiles/scripts.dir/Northrend/Ulduar/Ulduar/boss_mimiron.cpp.o
#25 47.56 [989/1829] Building CXX object src/server/scripts/CMakeFiles/scripts.dir/Northrend/Ulduar/Ulduar/boss_razorscale.cpp.o
#25 47.87 [990/1829] Building CXX object src/server/scripts/CMakeFiles/scripts.dir/Northrend/UtgardeKeep/UtgardeKeep/boss_skarvald_dalronn.cpp.o
#25 48.03 [991/1829] Building CXX object src/server/scripts/CMakeFiles/scripts.dir/Northrend/Ulduar/Ulduar/boss_flame_leviathan.cpp.o
#25 48.11 [992/1829] Building CXX object src/server/scripts/CMakeFiles/scripts.dir/Northrend/Ulduar/Ulduar/boss_xt002.cpp.o
#25 48.21 [993/1829] Building CXX object src/server/scripts/CMakeFiles/scripts.dir/Northrend/Ulduar/Ulduar/boss_hodir.cpp.o
#25 48.31 [994/1829] Building CXX object src/server/scripts/CMakeFiles/scripts.dir/Northrend/Ulduar/Ulduar/instance_ulduar.cpp.o
#25 48.50 [995/1829] Building CXX object src/server/scripts/CMakeFiles/scripts.dir/Northrend/UtgardeKeep/UtgardePinnacle/boss_palehoof.cpp.o
#25 48.52 [996/1829] Building CXX object src/server/scripts/CMakeFiles/scripts.dir/Northrend/Ulduar/Ulduar/boss_thorim.cpp.o
#25 48.58 [997/1829] Building CXX object src/server/scripts/CMakeFiles/scripts.dir/Northrend/UtgardeKeep/UtgardeKeep/instance_utgarde_keep.cpp.o
#25 48.61 [998/1829] Building CXX object src/server/scripts/CMakeFiles/scripts.dir/Northrend/UtgardeKeep/UtgardeKeep/boss_keleseth.cpp.o
#25 48.94 [999/1829] Building CXX object src/server/scripts/CMakeFiles/scripts.dir/Northrend/Ulduar/Ulduar/ulduar.cpp.o
#25 49.01 [1000/1829] Building CXX object src/server/scripts/CMakeFiles/scripts.dir/Northrend/UtgardeKeep/UtgardeKeep/utgarde_keep.cpp.o
#25 49.71 [1001/1829] Building CXX object src/server/scripts/CMakeFiles/scripts.dir/Northrend/UtgardeKeep/UtgardePinnacle/boss_ymiron.cpp.o
#25 50.00 [1002/1829] Building CXX object src/server/scripts/CMakeFiles/scripts.dir/Northrend/UtgardeKeep/UtgardePinnacle/instance_utgarde_pinnacle.cpp.o
#25 50.16 [1003/1829] Building CXX object src/server/scripts/CMakeFiles/scripts.dir/Northrend/UtgardeKeep/UtgardePinnacle/utgarde_pinnacle.cpp.o
#25 50.60 [1004/1829] Building CXX object src/server/scripts/CMakeFiles/scripts.dir/Northrend/VaultOfArchavon/boss_toravon.cpp.o
#25 50.67 [1005/1829] Building CXX object src/server/scripts/CMakeFiles/scripts.dir/Northrend/VaultOfArchavon/boss_archavon.cpp.o
#25 50.74 [1006/1829] Building CXX object src/server/scripts/CMakeFiles/scripts.dir/Northrend/VioletHold/boss_cyanigosa.cpp.o
#25 50.74 [1007/1829] Building CXX object src/server/scripts/CMakeFiles/scripts.dir/Northrend/Ulduar/Ulduar/boss_yoggsaron.cpp.o
#25 50.87 [1008/1829] Building CXX object src/server/scripts/CMakeFiles/scripts.dir/Northrend/VioletHold/boss_lavanthor.cpp.o
#25 51.11 [1009/1829] Building CXX object src/server/scripts/CMakeFiles/scripts.dir/Northrend/UtgardeKeep/UtgardePinnacle/boss_skadi.cpp.o
#25 51.15 [1010/1829] Building CXX object src/server/scripts/CMakeFiles/scripts.dir/Northrend/VioletHold/boss_ichoron.cpp.o
#25 51.20 [1011/1829] Building CXX object src/server/scripts/CMakeFiles/scripts.dir/Northrend/VioletHold/boss_erekem.cpp.o
#25 51.23 [1012/1829] Building CXX object src/server/scripts/CMakeFiles/scripts.dir/Northrend/UtgardeKeep/UtgardePinnacle/boss_svala.cpp.o
#25 51.36 [1013/1829] Building CXX object src/server/scripts/CMakeFiles/scripts.dir/Northrend/VaultOfArchavon/instance_vault_of_archavon.cpp.o
#25 51.52 [1014/1829] Building CXX object src/server/scripts/CMakeFiles/scripts.dir/Northrend/VaultOfArchavon/boss_koralon.cpp.o
#25 51.55 [1015/1829] Building CXX object src/server/scripts/CMakeFiles/scripts.dir/Northrend/VaultOfArchavon/boss_emalon.cpp.o
#25 51.91 [1016/1829] Building CXX object src/server/scripts/CMakeFiles/scripts.dir/Northrend/VioletHold/boss_moragg.cpp.o
#25 52.05 [1017/1829] Building CXX object src/server/scripts/CMakeFiles/scripts.dir/Northrend/VioletHold/boss_xevozz.cpp.o
#25 52.31 [1018/1829] Building CXX object src/server/scripts/CMakeFiles/scripts.dir/Northrend/VioletHold/boss_zuramat.cpp.o
#25 52.46 [1019/1829] Building CXX object src/server/scripts/CMakeFiles/scripts.dir/OutdoorPvP/outdoorpvp_script_loader.cpp.o
#25 52.95 [1020/1829] Building CXX object src/server/scripts/CMakeFiles/scripts.dir/Outland/outland_script_loader.cpp.o
#25 53.44 [1021/1829] Building CXX object src/server/scripts/CMakeFiles/scripts.dir/Northrend/VioletHold/instance_violet_hold.cpp.o
#25 53.61 [1022/1829] Building CXX object src/server/scripts/CMakeFiles/scripts.dir/OutdoorPvP/OutdoorPvPGH.cpp.o
#25 53.99 [1023/1829] Building CXX object src/server/scripts/CMakeFiles/scripts.dir/OutdoorPvP/OutdoorPvPHP.cpp.o
#25 54.25 [1024/1829] Building CXX object src/server/scripts/CMakeFiles/scripts.dir/OutdoorPvP/OutdoorPvPSI.cpp.o
#25 54.26 [1025/1829] Building CXX object src/server/scripts/CMakeFiles/scripts.dir/Outland/boss_doomwalker.cpp.o
#25 54.34 [1026/1829] Building CXX object src/server/scripts/CMakeFiles/scripts.dir/OutdoorPvP/OutdoorPvPZM.cpp.o
#25 54.49 [1027/1829] Building CXX object src/server/scripts/CMakeFiles/scripts.dir/OutdoorPvP/OutdoorPvPTF.cpp.o
#25 54.53 [1028/1829] Building CXX object src/server/scripts/CMakeFiles/scripts.dir/OutdoorPvP/OutdoorPvPEP.cpp.o
#25 55.01 [1029/1829] Building CXX object src/server/scripts/CMakeFiles/scripts.dir/Northrend/VioletHold/violet_hold.cpp.o
#25 55.55 [1030/1829] Building CXX object src/server/scripts/CMakeFiles/scripts.dir/Outland/zone_nagrand.cpp.o
#25 55.61 [1031/1829] Building CXX object src/server/scripts/CMakeFiles/scripts.dir/Outland/boss_doomlord_kazzak.cpp.o
#25 55.96 [1032/1829] Building CXX object src/server/scripts/CMakeFiles/scripts.dir/Outland/zone_hellfire_peninsula.cpp.o
#25 56.02 [1033/1829] Building CXX object src/server/scripts/CMakeFiles/scripts.dir/Outland/zone_blades_edge_mountains.cpp.o
#25 56.40 [1034/1829] Building CXX object src/server/scripts/CMakeFiles/scripts.dir/Outland/zone_shattrath_city.cpp.o
#25 56.52 [1035/1829] Building CXX object src/server/scripts/CMakeFiles/scripts.dir/OutdoorPvP/OutdoorPvPNA.cpp.o
#25 56.58 [1036/1829] Building CXX object src/server/scripts/CMakeFiles/scripts.dir/Outland/zone_netherstorm.cpp.o
#25 56.77 [1037/1829] Building CXX object src/server/scripts/CMakeFiles/scripts.dir/Outland/Auchindoun/AuchenaiCrypts/instance_auchenai_crypts.cpp.o
#25 57.25 [1038/1829] Building CXX object src/server/scripts/CMakeFiles/scripts.dir/Outland/Auchindoun/ManaTombs/boss_tavarok.cpp.o
#25 57.44 [1039/1829] Building CXX object src/server/scripts/CMakeFiles/scripts.dir/Outland/Auchindoun/ManaTombs/boss_nexusprince_shaffar.cpp.o
#25 57.49 [1040/1829] Building CXX object src/server/scripts/CMakeFiles/scripts.dir/Outland/Auchindoun/ManaTombs/instance_mana_tombs.cpp.o
#25 57.55 [1041/1829] Building CXX object src/server/scripts/CMakeFiles/scripts.dir/Outland/Auchindoun/ManaTombs/boss_pandemonius.cpp.o
#25 57.63 [1042/1829] Building CXX object src/server/scripts/CMakeFiles/scripts.dir/Outland/Auchindoun/AuchenaiCrypts/boss_exarch_maladaar.cpp.o
#25 58.07 [1043/1829] Building CXX object src/server/scripts/CMakeFiles/scripts.dir/Outland/Auchindoun/AuchenaiCrypts/boss_shirrak_the_dead_watcher.cpp.o
#25 58.19 [1044/1829] Building CXX object src/server/scripts/CMakeFiles/scripts.dir/Outland/zone_shadowmoon_valley.cpp.o
#25 58.22 [1045/1829] Building CXX object src/server/scripts/CMakeFiles/scripts.dir/Outland/zone_terokkar_forest.cpp.o
#25 58.33 [1046/1829] Building CXX object src/server/scripts/CMakeFiles/scripts.dir/Outland/Auchindoun/SethekkHalls/boss_darkweaver_syth.cpp.o
#25 58.38 [1047/1829] Building CXX object src/server/scripts/CMakeFiles/scripts.dir/Outland/Auchindoun/SethekkHalls/instance_sethekk_halls.cpp.o
#25 58.77 [1048/1829] Building CXX object src/server/scripts/CMakeFiles/scripts.dir/Outland/Auchindoun/SethekkHalls/boss_anzu.cpp.o
#25 58.85 [1049/1829] Building CXX object src/server/scripts/CMakeFiles/scripts.dir/Outland/Auchindoun/ShadowLabyrinth/boss_ambassador_hellmaw.cpp.o
#25 59.08 [1050/1829] Building CXX object src/server/scripts/CMakeFiles/scripts.dir/Outland/Auchindoun/ShadowLabyrinth/boss_blackheart_the_inciter.cpp.o
#25 59.34 [1051/1829] Building CXX object src/server/scripts/CMakeFiles/scripts.dir/Outland/Auchindoun/SethekkHalls/boss_talon_king_ikiss.cpp.o
#25 59.50 [1052/1829] Building CXX object src/server/scripts/CMakeFiles/scripts.dir/Outland/Auchindoun/ShadowLabyrinth/boss_grandmaster_vorpil.cpp.o
#25 60.30 [1053/1829] Building CXX object src/server/scripts/CMakeFiles/scripts.dir/Outland/Auchindoun/ShadowLabyrinth/boss_murmur.cpp.o
#25 61.07 [1054/1829] Building CXX object src/server/scripts/CMakeFiles/scripts.dir/Outland/BlackTemple/boss_bloodboil.cpp.o
#25 61.28 [1055/1829] Building CXX object src/server/scripts/CMakeFiles/scripts.dir/Outland/BlackTemple/boss_supremus.cpp.o
#25 61.30 [1056/1829] Building CXX object src/server/scripts/CMakeFiles/scripts.dir/Outland/Auchindoun/ShadowLabyrinth/instance_shadow_labyrinth.cpp.o
#25 61.49 [1057/1829] Building CXX object src/server/scripts/CMakeFiles/scripts.dir/Outland/BlackTemple/boss_warlord_najentus.cpp.o
#25 61.81 [1058/1829] Building CXX object src/server/scripts/CMakeFiles/scripts.dir/Outland/BlackTemple/boss_mother_shahraz.cpp.o
#25 62.26 [1059/1829] Building CXX object src/server/scripts/CMakeFiles/scripts.dir/Outland/BlackTemple/boss_teron_gorefiend.cpp.o
#25 62.43 [1060/1829] Building CXX object src/server/scripts/CMakeFiles/scripts.dir/Outland/BlackTemple/boss_illidari_council.cpp.o
#25 62.75 [1061/1829] Building CXX object src/server/scripts/CMakeFiles/scripts.dir/Outland/BlackTemple/boss_reliquary_of_souls.cpp.o
#25 62.87 [1062/1829] Building CXX object src/server/scripts/CMakeFiles/scripts.dir/Outland/BlackTemple/boss_shade_of_akama.cpp.o
#25 63.18 [1063/1829] Building CXX object src/server/scripts/CMakeFiles/scripts.dir/Outland/CoilfangReservoir/SerpentShrine/boss_hydross_the_unstable.cpp.o
#25 63.82 [1064/1829] Building CXX object src/server/scripts/CMakeFiles/scripts.dir/Outland/CoilfangReservoir/SerpentShrine/boss_lady_vashj.cpp.o
#25 63.90 [1065/1829] Building CXX object src/server/scripts/CMakeFiles/scripts.dir/Outland/CoilfangReservoir/SerpentShrine/boss_fathomlord_karathress.cpp.o
#25 63.91 [1066/1829] Building CXX object src/server/scripts/CMakeFiles/scripts.dir/Outland/BlackTemple/instance_black_temple.cpp.o
#25 64.15 [1067/1829] Building CXX object src/server/scripts/CMakeFiles/scripts.dir/Outland/CoilfangReservoir/SlavePens/the_slave_pens.cpp.o
#25 64.22 [1068/1829] Building CXX object src/server/scripts/CMakeFiles/scripts.dir/Outland/CoilfangReservoir/SlavePens/boss_mennu_the_betrayer.cpp.o
#25 64.45 [1069/1829] Building CXX object src/server/scripts/CMakeFiles/scripts.dir/Outland/CoilfangReservoir/SerpentShrine/boss_lurker_below.cpp.o
#25 64.46 [1070/1829] Building CXX object src/server/scripts/CMakeFiles/scripts.dir/Outland/CoilfangReservoir/SlavePens/boss_quagmirran.cpp.o
#25 64.62 [1071/1829] Building CXX object src/server/scripts/CMakeFiles/scripts.dir/Outland/CoilfangReservoir/SlavePens/instance_the_slave_pens.cpp.o
#25 64.62 [1072/1829] Building CXX object src/server/scripts/CMakeFiles/scripts.dir/Outland/CoilfangReservoir/SerpentShrine/boss_morogrim_tidewalker.cpp.o
#25 64.65 [1073/1829] Building CXX object src/server/scripts/CMakeFiles/scripts.dir/Outland/CoilfangReservoir/SerpentShrine/boss_leotheras_the_blind.cpp.o
#25 65.31 [1074/1829] Building CXX object src/server/scripts/CMakeFiles/scripts.dir/Outland/CoilfangReservoir/SlavePens/boss_rokmar_the_crackler.cpp.o
#25 65.45 [1075/1829] Building CXX object src/server/scripts/CMakeFiles/scripts.dir/Outland/CoilfangReservoir/SteamVault/boss_hydromancer_thespia.cpp.o
#25 65.57 [1076/1829] Building CXX object src/server/scripts/CMakeFiles/scripts.dir/Outland/CoilfangReservoir/SerpentShrine/instance_serpent_shrine.cpp.o
#25 65.66 [1077/1829] Building CXX object src/server/scripts/CMakeFiles/scripts.dir/Outland/BlackTemple/boss_illidan.cpp.o
#25 66.08 [1078/1829] Building CXX object src/server/scripts/CMakeFiles/scripts.dir/Outland/CoilfangReservoir/SteamVault/boss_mekgineer_steamrigger.cpp.o
#25 66.28 [1079/1829] Building CXX object src/server/scripts/CMakeFiles/scripts.dir/Outland/CoilfangReservoir/SteamVault/instance_steam_vault.cpp.o
#25 66.63 [1080/1829] Building CXX object src/server/scripts/CMakeFiles/scripts.dir/Outland/CoilfangReservoir/underbog/boss_ghazan.cpp.o
#25 66.79 [1081/1829] Building CXX object src/server/scripts/CMakeFiles/scripts.dir/Outland/CoilfangReservoir/SlavePens/boss_ahune.cpp.o
#25 66.82 [1082/1829] Building CXX object src/server/scripts/CMakeFiles/scripts.dir/Outland/CoilfangReservoir/underbog/instance_the_underbog.cpp.o
#25 66.93 [1083/1829] Building CXX object src/server/scripts/CMakeFiles/scripts.dir/Outland/CoilfangReservoir/underbog/boss_swamplord_muselek.cpp.o
#25 67.40 [1084/1829] Building CXX object src/server/scripts/CMakeFiles/scripts.dir/Outland/CoilfangReservoir/SteamVault/boss_warlord_kalithresh.cpp.o
#25 67.54 [1085/1829] Building CXX object src/server/scripts/CMakeFiles/scripts.dir/Outland/GruulsLair/instance_gruuls_lair.cpp.o
#25 67.98 [1086/1829] Building CXX object src/server/scripts/CMakeFiles/scripts.dir/Outland/CoilfangReservoir/underbog/boss_the_black_stalker.cpp.o
#25 68.20 [1087/1829] Building CXX object src/server/scripts/CMakeFiles/scripts.dir/Outland/CoilfangReservoir/underbog/underbog.cpp.o
#25 68.24 [1088/1829] Building CXX object src/server/scripts/CMakeFiles/scripts.dir/Outland/CoilfangReservoir/underbog/boss_hungarfen.cpp.o
#25 68.24 [1089/1829] Building CXX object src/server/scripts/CMakeFiles/scripts.dir/Outland/HellfireCitadel/BloodFurnace/boss_the_maker.cpp.o
#25 68.31 [1090/1829] Building CXX object src/server/scripts/CMakeFiles/scripts.dir/Outland/HellfireCitadel/BloodFurnace/boss_kelidan_the_breaker.cpp.o
#25 68.73 [1091/1829] Building CXX object src/server/scripts/CMakeFiles/scripts.dir/Outland/HellfireCitadel/BloodFurnace/instance_blood_furnace.cpp.o
#25 68.78 [1092/1829] Building CXX object src/server/scripts/CMakeFiles/scripts.dir/Outland/HellfireCitadel/BloodFurnace/boss_broggok.cpp.o
#25 69.03 [1093/1829] Building CXX object src/server/scripts/CMakeFiles/scripts.dir/Outland/GruulsLair/boss_high_king_maulgar.cpp.o
#25 69.15 [1094/1829] Building CXX object src/server/scripts/CMakeFiles/scripts.dir/Outland/HellfireCitadel/HellfireRamparts/boss_omor_the_unscarred.cpp.o
#25 69.17 [1095/1829] Building CXX object src/server/scripts/CMakeFiles/scripts.dir/Outland/HellfireCitadel/HellfireRamparts/instance_hellfire_ramparts.cpp.o
#25 69.39 [1096/1829] Building CXX object src/server/scripts/CMakeFiles/scripts.dir/Outland/GruulsLair/boss_gruul.cpp.o
#25 70.45 [1097/1829] Building CXX object src/server/scripts/CMakeFiles/scripts.dir/Outland/HellfireCitadel/HellfireRamparts/boss_watchkeeper_gargolmar.cpp.o
#25 70.51 [1098/1829] Building CXX object src/server/scripts/CMakeFiles/scripts.dir/Outland/HellfireCitadel/HellfireRamparts/boss_vazruden_the_herald.cpp.o
#25 70.75 [1099/1829] Building CXX object src/server/scripts/CMakeFiles/scripts.dir/Outland/HellfireCitadel/MagtheridonsLair/instance_magtheridons_lair.cpp.o
#25 71.07 [1100/1829] Building CXX object src/server/scripts/CMakeFiles/scripts.dir/Outland/HellfireCitadel/ShatteredHalls/boss_nethekurse.cpp.o
#25 71.44 [1101/1829] Building CXX object src/server/scripts/CMakeFiles/scripts.dir/Outland/HellfireCitadel/ShatteredHalls/instance_shattered_halls.cpp.o
#25 71.61 [1102/1829] Building CXX object src/server/scripts/CMakeFiles/scripts.dir/Outland/TempestKeep/Mechanar/boss_gatewatcher_gyrokill.cpp.o
#25 71.68 [1103/1829] Building CXX object src/server/scripts/CMakeFiles/scripts.dir/Outland/TempestKeep/Eye/instance_the_eye.cpp.o
#25 71.75 [1104/1829] Building CXX object src/server/scripts/CMakeFiles/scripts.dir/Outland/TempestKeep/Eye/boss_void_reaver.cpp.o
#25 71.85 [1105/1829] Building CXX object src/server/scripts/CMakeFiles/scripts.dir/Outland/HellfireCitadel/ShatteredHalls/boss_porung.cpp.o
#25 72.02 [1106/1829] Building CXX object src/server/scripts/CMakeFiles/scripts.dir/Outland/TempestKeep/Mechanar/boss_gatewatcher_ironhand.cpp.o
#25 72.08 [1107/1829] Building CXX object src/server/scripts/CMakeFiles/scripts.dir/Outland/HellfireCitadel/ShatteredHalls/boss_warbringer_omrogg.cpp.o
#25 72.74 [1108/1829] Building CXX object src/server/scripts/CMakeFiles/scripts.dir/Outland/HellfireCitadel/MagtheridonsLair/boss_magtheridon.cpp.o
#25 72.82 [1109/1829] Building CXX object src/server/scripts/CMakeFiles/scripts.dir/Outland/HellfireCitadel/ShatteredHalls/boss_warchief_kargath_bladefist.cpp.o
#25 73.46 [1110/1829] Building CXX object src/server/scripts/CMakeFiles/scripts.dir/Outland/TempestKeep/Eye/boss_alar.cpp.o
#25 73.51 [1111/1829] Building CXX object src/server/scripts/CMakeFiles/scripts.dir/Outland/TempestKeep/Eye/boss_astromancer.cpp.o
#25 73.59 [1112/1829] Building CXX object src/server/scripts/CMakeFiles/scripts.dir/Outland/TempestKeep/Mechanar/instance_mechanar.cpp.o
#25 73.85 [1113/1829] Building CXX object src/server/scripts/CMakeFiles/scripts.dir/Outland/TempestKeep/Mechanar/boss_nethermancer_sepethrea.cpp.o
#25 74.00 [1114/1829] Building CXX object src/server/scripts/CMakeFiles/scripts.dir/Outland/TempestKeep/Mechanar/boss_pathaleon_the_calculator.cpp.o
#25 74.14 [1115/1829] Building CXX object src/server/scripts/CMakeFiles/scripts.dir/Outland/TempestKeep/arcatraz/boss_zereketh_the_unbound.cpp.o
#25 74.31 [1116/1829] Building CXX object src/server/scripts/CMakeFiles/scripts.dir/Outland/TempestKeep/arcatraz/boss_dalliah_the_doomsayer.cpp.o
#25 74.53 [1117/1829] Building CXX object src/server/scripts/CMakeFiles/scripts.dir/Outland/TempestKeep/Mechanar/boss_mechano_lord_capacitus.cpp.o
#25 74.56 [1118/1829] Building CXX object src/server/scripts/CMakeFiles/scripts.dir/Outland/TempestKeep/arcatraz/boss_wrath_scryer_soccothrates.cpp.o
#25 74.62 [1119/1829] Building CXX object src/server/scripts/CMakeFiles/scripts.dir/Outland/TempestKeep/arcatraz/arcatraz.cpp.o
#25 74.83 [1120/1829] Building CXX object src/server/scripts/CMakeFiles/scripts.dir/Outland/TempestKeep/arcatraz/boss_harbinger_skyriss.cpp.o
#25 74.93 [1121/1829] Building CXX object src/server/scripts/CMakeFiles/scripts.dir/Outland/TempestKeep/arcatraz/instance_arcatraz.cpp.o
#25 75.50 [1122/1829] Building CXX object src/server/scripts/CMakeFiles/scripts.dir/Outland/TempestKeep/Eye/boss_kaelthas.cpp.o
#25 75.68 [1123/1829] Building CXX object src/server/scripts/CMakeFiles/scripts.dir/Outland/TempestKeep/botanica/boss_high_botanist_freywinn.cpp.o
#25 75.72 [1124/1829] Building CXX object src/server/scripts/CMakeFiles/scripts.dir/Outland/TempestKeep/botanica/boss_commander_sarannis.cpp.o
#25 75.84 [1125/1829] Building CXX object src/server/scripts/CMakeFiles/scripts.dir/Pet/pets_script_loader.cpp.o
#25 75.94 [1126/1829] Building CXX object src/server/scripts/CMakeFiles/scripts.dir/Outland/TempestKeep/botanica/boss_thorngrin_the_tender.cpp.o
#25 76.07 [1127/1829] Building CXX object src/server/scripts/CMakeFiles/scripts.dir/Outland/TempestKeep/botanica/boss_warp_splinter.cpp.o
#25 76.12 [1128/1829] Building CXX object src/server/scripts/CMakeFiles/scripts.dir/Pet/pet_priest.cpp.o
#25 76.31 [1129/1829] Building CXX object src/server/scripts/CMakeFiles/scripts.dir/Outland/TempestKeep/botanica/boss_laj.cpp.o
#25 76.35 [1130/1829] Building CXX object src/server/scripts/CMakeFiles/scripts.dir/Pet/pet_shaman.cpp.o
#25 77.03 [1131/1829] Building CXX object src/server/scripts/CMakeFiles/scripts.dir/Pet/pet_mage.cpp.o
#25 77.24 [1132/1829] Building CXX object src/server/scripts/CMakeFiles/scripts.dir/Pet/pet_hunter.cpp.o
#25 77.30 [1133/1829] Building CXX object src/server/scripts/CMakeFiles/scripts.dir/Pet/pet_dk.cpp.o
#25 77.33 [1134/1829] Building CXX object src/server/scripts/CMakeFiles/scripts.dir/Outland/TempestKeep/botanica/instance_the_botanica.cpp.o
#25 78.03 [1135/1829] Building CXX object src/server/scripts/CMakeFiles/scripts.dir/Pet/pet_generic.cpp.o
#25 78.68 [1136/1829] Building CXX object src/server/scripts/CMakeFiles/scripts.dir/Spells/spells_script_loader.cpp.o
#25 80.96 [1137/1829] Building CXX object src/server/scripts/CMakeFiles/scripts.dir/Spells/spell_mage.cpp.o
#25 81.02 [1138/1829] Building CXX object src/server/scripts/CMakeFiles/scripts.dir/World/action_ip_logger.cpp.o
#25 81.06 [1139/1829] Building CXX object src/server/scripts/CMakeFiles/scripts.dir/World/areatrigger_scripts.cpp.o
#25 81.11 [1140/1829] Building CXX object src/server/scripts/CMakeFiles/scripts.dir/Spells/spell_druid.cpp.o
#25 81.16 [1141/1829] Building CXX object src/server/scripts/CMakeFiles/scripts.dir/World/achievement_scripts.cpp.o
#25 81.18 [1142/1829] Building CXX object src/server/scripts/CMakeFiles/scripts.dir/Spells/spell_priest.cpp.o
#25 82.36 [1143/1829] Building CXX object src/server/scripts/CMakeFiles/scripts.dir/Spells/spell_rogue.cpp.o
#25 82.36 [1144/1829] Building CXX object src/server/scripts/CMakeFiles/scripts.dir/Spells/spell_hunter.cpp.o
#25 82.36 [1145/1829] Building CXX object src/server/scripts/CMakeFiles/scripts.dir/Spells/spell_paladin.cpp.o
#25 82.37 [1146/1829] Building CXX object src/server/scripts/CMakeFiles/scripts.dir/Spells/spell_dk.cpp.o
#25 82.47 [1147/1829] Building CXX object src/server/scripts/CMakeFiles/scripts.dir/Spells/spell_warrior.cpp.o
#25 82.71 [1148/1829] Building CXX object src/server/scripts/CMakeFiles/scripts.dir/Spells/spell_warlock.cpp.o
#25 82.83 [1149/1829] Building CXX object src/server/scripts/CMakeFiles/scripts.dir/Spells/spell_shaman.cpp.o
#25 83.40 [1150/1829] Building CXX object src/server/scripts/CMakeFiles/scripts.dir/World/mob_generic_creature.cpp.o
#25 83.42 [1151/1829] Building CXX object src/server/scripts/CMakeFiles/scripts.dir/World/guards.cpp.o
#25 83.51 [1152/1829] Building CXX object src/server/scripts/CMakeFiles/scripts.dir/Spells/spell_quest.cpp.o
#25 83.53 [1153/1829] Building CXX object src/server/scripts/CMakeFiles/scripts.dir/World/item_scripts.cpp.o
#25 84.01 [1154/1829] Building CXX object src/server/scripts/CMakeFiles/scripts.dir/World/npc_innkeeper.cpp.o
#25 84.05 [1155/1829] Building CXX object src/server/scripts/CMakeFiles/scripts.dir/World/npc_taxi.cpp.o
#25 84.07 [1156/1829] Building CXX object src/tools/CMakeFiles/dbimport.dir/dbimport/Main.cpp.o
#25 84.10 [1157/1829] Building CXX object src/tools/CMakeFiles/map_extractor.dir/map_extractor/System.cpp.o
#25 84.12 [1158/1829] Building CXX object src/tools/CMakeFiles/map_extractor.dir/map_extractor/adt.cpp.o
#25 84.13 [1159/1829] Building CXX object src/tools/CMakeFiles/map_extractor.dir/map_extractor/loadlib.cpp.o
#25 84.14 [1160/1829] Building CXX object src/tools/CMakeFiles/map_extractor.dir/map_extractor/dbcfile.cpp.o
#25 84.59 [1161/1829] Building CXX object src/tools/CMakeFiles/map_extractor.dir/map_extractor/mpq_libmpq.cpp.o
#25 84.59 [1162/1829] Building CXX object src/tools/CMakeFiles/map_extractor.dir/map_extractor/wdt.cpp.o
#25 84.63 [1163/1829] Building CXX object src/server/scripts/CMakeFiles/scripts.dir/World/chat_log.cpp.o
#25 84.68 [1164/1829] Building CXX object src/tools/CMakeFiles/mmaps_generator.dir/mmaps_generator/Config.cpp.o
#25 84.69 [1165/1829] Building CXX object src/tools/CMakeFiles/mmaps_generator.dir/mmaps_generator/IntermediateValues.cpp.o
#25 84.75 [1166/1829] Building CXX object src/tools/CMakeFiles/mmaps_generator.dir/mmaps_generator/MapBuilder.cpp.o
#25 84.81 [1167/1829] Building CXX object src/tools/CMakeFiles/mmaps_generator.dir/mmaps_generator/PathGenerator.cpp.o
#25 84.82 [1168/1829] Building CXX object src/server/scripts/CMakeFiles/scripts.dir/World/world_script_loader.cpp.o
#25 84.93 [1169/1829] Building CXX object src/server/scripts/CMakeFiles/scripts.dir/World/npc_professions.cpp.o
#25 85.03 [1170/1829] Building CXX object src/server/scripts/CMakeFiles/scripts.dir/World/go_scripts.cpp.o
#25 85.06 [1171/1829] Building CXX object src/server/scripts/CMakeFiles/scripts.dir/World/player_scripts.cpp.o
#25 85.08 [1172/1829] Building CXX object src/server/scripts/CMakeFiles/scripts.dir/World/suns_reach_reclamation.cpp.o
#25 85.40 [1173/1829] Building CXX object src/server/scripts/CMakeFiles/scripts.dir/World/boss_emerald_dragons.cpp.o
#25 85.91 [1174/1829] Building CXX object src/server/scripts/CMakeFiles/scripts.dir/World/server_mail.cpp.o
#25 86.20 [1175/1829] Linking CXX executable src/tools/map_extractor
#25 86.24 [1176/1829] Building CXX object src/server/scripts/CMakeFiles/scripts.dir/World/transport_zeppelins.cpp.o
#25 86.38 [1177/1829] Building CXX object src/tools/CMakeFiles/vmap4_extractor.dir/vmap4_extractor/dbcfile.cpp.o
#25 86.68 [1178/1829] Building CXX object src/tools/CMakeFiles/vmap4_extractor.dir/vmap4_extractor/mpq_libmpq.cpp.o
#25 87.09 [1179/1829] Building CXX object src/server/scripts/CMakeFiles/scripts.dir/World/npc_stave_of_ancients.cpp.o
#25 87.15 [1180/1829] Building CXX object src/tools/CMakeFiles/vmap4_extractor.dir/vmap4_extractor/gameobject_extract.cpp.o
#25 87.18 [1181/1829] Building CXX object src/tools/CMakeFiles/vmap4_assembler.dir/vmap4_assembler/VMapAssembler.cpp.o
#25 87.51 [1182/1829] Building CXX object src/tools/CMakeFiles/vmap4_extractor.dir/vmap4_extractor/adtfile.cpp.o
#25 87.75 [1183/1829] Building CXX object src/tools/CMakeFiles/vmap4_extractor.dir/vmap4_extractor/model.cpp.o
#25 88.30 [1184/1829] Building CXX object src/server/scripts/CMakeFiles/scripts.dir/World/scourge_invasion.cpp.o
#25 88.40 [1185/1829] Building CXX object src/server/scripts/CMakeFiles/scripts.dir/Spells/spell_item.cpp.o
#25 88.51 [1186/1829] Building CXX object src/tools/CMakeFiles/vmap4_extractor.dir/vmap4_extractor/wdtfile.cpp.o
#25 89.42 [1187/1829] Building CXX object src/tools/CMakeFiles/vmap4_extractor.dir/vmap4_extractor/vmapexport.cpp.o
#25 89.42 [1188/1829] Building CXX object src/tools/CMakeFiles/vmap4_extractor.dir/vmap4_extractor/wmo.cpp.o
#25 89.63 [1189/1829] Building CXX object src/server/scripts/CMakeFiles/scripts.dir/World/npcs_special.cpp.o
#25 89.63 [1190/1829] Building CXX object src/server/scripts/CMakeFiles/scripts.dir/Spells/spell_generic.cpp.o
#25 91.03 [1191/1829] Linking CXX executable src/tools/vmap4_extractor
#25 91.21 [1192/1829] Linking CXX executable src/tools/vmap4_assembler
#25 94.50 [1193/1829] Building CXX object src/tools/CMakeFiles/mmaps_generator.dir/mmaps_generator/TerrainBuilder.cpp.o
#25 102.5 [1194/1829] Building CXX object modules/CMakeFiles/modules.dir/mod-playerbots/src/Ai/Base/Actions/BossAuraActions.cpp.o
#25 102.6 [1195/1829] Building CXX object modules/CMakeFiles/modules.dir/mod-playerbots/src/Ai/Base/Actions/CancelChannelAction.cpp.o
#25 103.6 [1196/1829] Building CXX object modules/CMakeFiles/modules.dir/mod-playerbots/src/Ai/Base/Actions/AutoMaintenanceOnLevelupAction.cpp.o
#25 104.7 [1197/1829] Linking CXX executable src/tools/mmaps_generator
#25 105.1 [1198/1829] Building CXX object modules/CMakeFiles/modules.dir/mod-playerbots/src/Ai/Base/Actions/BankAction.cpp.o
#25 105.7 [1199/1829] Linking CXX static library src/server/scripts/libscripts.a
#25 105.9 [1200/1829] Building CXX object modules/CMakeFiles/modules.dir/mod-playerbots/src/Ai/Base/Actions/ChangeChatAction.cpp.o
#25 106.4 [1201/1829] Building CXX object modules/CMakeFiles/modules.dir/mod-playerbots/src/Ai/Base/Actions/BuffAction.cpp.o
#25 111.6 [1202/1829] Building CXX object modules/CMakeFiles/modules.dir/mod-playerbots/src/Ai/Base/Actions/CheatAction.cpp.o
#25 111.6 [1203/1829] Building CXX object modules/CMakeFiles/modules.dir/mod-playerbots/src/Ai/Base/Actions/ChangeStrategyAction.cpp.o
#25 111.6 [1204/1829] Building CXX object modules/CMakeFiles/modules.dir/mod-playerbots/src/Ai/Base/Actions/BuyAction.cpp.o
#25 114.1 [1205/1829] Building CXX object modules/CMakeFiles/modules.dir/mod-playerbots/src/Ai/Base/Actions/ChatShortcutActions.cpp.o
#25 114.1 [1206/1829] Building CXX object modules/CMakeFiles/modules.dir/mod-playerbots/src/Ai/Base/Actions/ChangeTalentsAction.cpp.o
#25 114.1 [1207/1829] Building CXX object modules/CMakeFiles/modules.dir/mod-playerbots/src/Ai/Base/Actions/CastCustomSpellAction.cpp.o
#25 115.2 [1208/1829] Building CXX object modules/CMakeFiles/modules.dir/mod-playerbots/src/Ai/Base/Actions/BattleGroundJoinAction.cpp.o
#25 115.4 [1209/1829] Building CXX object modules/CMakeFiles/modules.dir/mod-playerbots/src/Ai/Base/Actions/BattleGroundTactics.cpp.o
#25 119.4 [1210/1829] Building CXX object modules/CMakeFiles/modules.dir/mod-playerbots/src/Ai/Base/Actions/CheckMailAction.cpp.o
#25 119.8 [1211/1829] Building CXX object modules/CMakeFiles/modules.dir/mod-playerbots/src/Ai/Base/Actions/CheckValuesAction.cpp.o
#25 125.1 [1212/1829] Building CXX object modules/CMakeFiles/modules.dir/mod-playerbots/src/Ai/Base/Actions/CheckMountStateAction.cpp.o
#25 126.9 [1213/1829] Building CXX object modules/CMakeFiles/modules.dir/mod-playerbots/src/Ai/Base/Actions/DelayAction.cpp.o
#25 129.3 [1214/1829] Building CXX object modules/CMakeFiles/modules.dir/mod-playerbots/src/Ai/Base/Actions/CombatActions.cpp.o
#25 129.5 [1215/1829] Building CXX object modules/CMakeFiles/modules.dir/mod-playerbots/src/Ai/Base/Actions/CustomStrategyEditAction.cpp.o
#25 130.2 [1216/1829] Building CXX object modules/CMakeFiles/modules.dir/mod-playerbots/src/Ai/Base/Actions/DebugAction.cpp.o
#25 130.3 [1217/1829] Building CXX object modules/CMakeFiles/modules.dir/mod-playerbots/src/Ai/Base/Actions/DestroyItemAction.cpp.o
#25 130.9 [1218/1829] Building CXX object modules/CMakeFiles/modules.dir/mod-playerbots/src/Ai/Base/Actions/ChooseRpgTargetAction.cpp.o
#25 132.3 [1219/1829] Building CXX object modules/CMakeFiles/modules.dir/mod-playerbots/src/Ai/Base/Actions/ChooseTargetActions.cpp.o
#25 132.5 [1220/1829] Building CXX object modules/CMakeFiles/modules.dir/mod-playerbots/src/Ai/Base/Actions/ChooseTravelTargetAction.cpp.o
#25 134.0 [1221/1829] Building CXX object modules/CMakeFiles/modules.dir/mod-playerbots/src/Ai/Base/Actions/EquipGlyphsAction.cpp.o
#25 134.2 [1222/1829] Building CXX object modules/CMakeFiles/modules.dir/mod-playerbots/src/Ai/Base/Actions/DropQuestAction.cpp.o
#25 134.3 [1223/1829] Building CXX object modules/CMakeFiles/modules.dir/mod-playerbots/src/Ai/Base/Actions/EmoteAction.cpp.o
#25 135.5 [1224/1829] Building CXX object modules/CMakeFiles/modules.dir/mod-playerbots/src/Ai/Base/Actions/EquipAction.cpp.o
#25 135.6 [1225/1829] Building CXX object modules/CMakeFiles/modules.dir/mod-playerbots/src/Ai/Base/Actions/FishingAction.cpp.o
#25 139.2 [1226/1829] Building CXX object modules/CMakeFiles/modules.dir/mod-playerbots/src/Ai/Base/Actions/FlagAction.cpp.o
#25 139.6 [1227/1829] Building CXX object modules/CMakeFiles/modules.dir/mod-playerbots/src/Ai/Base/Actions/FollowActions.cpp.o
#25 145.5 [1228/1829] Building CXX object modules/CMakeFiles/modules.dir/mod-playerbots/src/Ai/Base/Actions/GenericActions.cpp.o
#25 147.6 [1229/1829] Building CXX object modules/CMakeFiles/modules.dir/mod-playerbots/src/Ai/Base/Actions/GreetAction.cpp.o
#25 148.1 [1230/1829] Building CXX object modules/CMakeFiles/modules.dir/mod-playerbots/src/Ai/Base/Actions/GenericSpellActions.cpp.o
#25 148.7 [1231/1829] Building CXX object modules/CMakeFiles/modules.dir/mod-playerbots/src/Ai/Base/Actions/GiveItemAction.cpp.o
#25 148.8 [1232/1829] Building CXX object modules/CMakeFiles/modules.dir/mod-playerbots/src/Ai/Base/Actions/GossipHelloAction.cpp.o
#25 149.1 [1233/1829] Building CXX object modules/CMakeFiles/modules.dir/mod-playerbots/src/Ai/Base/Actions/GuildBankAction.cpp.o
#25 149.4 [1234/1829] Building CXX object modules/CMakeFiles/modules.dir/mod-playerbots/src/Ai/Base/Actions/GoAction.cpp.o
#25 152.4 [1235/1829] Building CXX object modules/CMakeFiles/modules.dir/mod-playerbots/src/Ai/Base/Actions/GuildAcceptAction.cpp.o
#25 152.7 [1236/1829] Building CXX object modules/CMakeFiles/modules.dir/mod-playerbots/src/Ai/Base/Actions/GuildCreateActions.cpp.o
#25 153.3 [1237/1829] Building CXX object modules/CMakeFiles/modules.dir/mod-playerbots/src/Ai/Base/Actions/HireAction.cpp.o
#25 154.5 [1238/1829] Building CXX object modules/CMakeFiles/modules.dir/mod-playerbots/src/Ai/Base/Actions/HelpAction.cpp.o
#25 154.8 [1239/1829] Building CXX object modules/CMakeFiles/modules.dir/mod-playerbots/src/Ai/Base/Actions/ImbueAction.cpp.o
#25 155.3 [1240/1829] Building CXX object modules/CMakeFiles/modules.dir/mod-playerbots/src/Ai/Base/Actions/GuildManagementActions.cpp.o
#25 156.4 [1241/1829] Building CXX object modules/CMakeFiles/modules.dir/mod-playerbots/src/Ai/Base/Actions/InventoryAction.cpp.o
#25 157.4 [1242/1829] Building CXX object modules/CMakeFiles/modules.dir/mod-playerbots/src/Ai/Base/Actions/InventoryChangeFailureAction.cpp.o
#25 160.9 [1243/1829] Building CXX object modules/CMakeFiles/modules.dir/mod-playerbots/src/Ai/Base/Actions/InviteToGroupAction.cpp.o
#25 165.0 [1244/1829] Building CXX object modules/CMakeFiles/modules.dir/mod-playerbots/src/Ai/Base/Actions/LeaveGroupAction.cpp.o
#25 167.1 [1245/1829] Building CXX object modules/CMakeFiles/modules.dir/mod-playerbots/src/Ai/Base/Actions/LogLevelAction.cpp.o
#25 167.5 [1246/1829] Building CXX object modules/CMakeFiles/modules.dir/mod-playerbots/src/Ai/Base/Actions/ListQuestsActions.cpp.o
#25 168.3 [1247/1829] Building CXX object modules/CMakeFiles/modules.dir/mod-playerbots/src/Ai/Base/Actions/ListSpellsAction.cpp.o
#25 168.7 [1248/1829] Building CXX object modules/CMakeFiles/modules.dir/mod-playerbots/src/Ai/Base/Actions/LfgActions.cpp.o
#25 168.9 [1249/1829] Building CXX object modules/CMakeFiles/modules.dir/mod-playerbots/src/Ai/Base/Actions/LootRollAction.cpp.o
#25 171.0 [1250/1829] Building CXX object modules/CMakeFiles/modules.dir/mod-playerbots/src/Ai/Base/Actions/LootAction.cpp.o
#25 171.5 [1251/1829] Building CXX object modules/CMakeFiles/modules.dir/mod-playerbots/src/Ai/Base/Actions/LootStrategyAction.cpp.o
#25 172.2 [1252/1829] Building CXX object modules/CMakeFiles/modules.dir/mod-playerbots/src/Ai/Base/Actions/MoveToRpgTargetAction.cpp.o
#25 173.3 [1253/1829] Building CXX object modules/CMakeFiles/modules.dir/mod-playerbots/src/Ai/Base/Actions/OpenItemAction.cpp.o
#25 173.3 [1254/1829] Building CXX object modules/CMakeFiles/modules.dir/mod-playerbots/src/Ai/Base/Actions/MailAction.cpp.o
#25 173.9 [1255/1829] Building CXX object modules/CMakeFiles/modules.dir/mod-playerbots/src/Ai/Base/Actions/MoveToTravelTargetAction.cpp.o
#25 174.3 [1256/1829] Building CXX object modules/CMakeFiles/modules.dir/mod-playerbots/src/Ai/Base/Actions/NonCombatActions.cpp.o
#25 177.3 [1257/1829] Building CXX object modules/CMakeFiles/modules.dir/mod-playerbots/src/Ai/Base/Actions/MovementActions.cpp.o
#25 177.5 [1258/1829] Building CXX object modules/CMakeFiles/modules.dir/mod-playerbots/src/Ai/Base/Actions/OutfitAction.cpp.o
#25 180.6 [1259/1829] Building CXX object modules/CMakeFiles/modules.dir/mod-playerbots/src/Ai/Base/Actions/PassLeadershipToMasterAction.cpp.o
#25 183.3 [1260/1829] Building CXX object modules/CMakeFiles/modules.dir/mod-playerbots/src/Ai/Base/Actions/PetitionSignAction.cpp.o
#25 184.4 [1261/1829] Building CXX object modules/CMakeFiles/modules.dir/mod-playerbots/src/Ai/Base/Actions/PetsAction.cpp.o
#25 184.9 [1262/1829] Building CXX object modules/CMakeFiles/modules.dir/mod-playerbots/src/Ai/Base/Actions/QueryQuestAction.cpp.o
#25 186.5 [1263/1829] Building CXX object modules/CMakeFiles/modules.dir/mod-playerbots/src/Ai/Base/Actions/PositionAction.cpp.o
#25 187.7 [1264/1829] Building CXX object modules/CMakeFiles/modules.dir/mod-playerbots/src/Ai/Base/Actions/QuestConfirmAcceptAction.cpp.o
#25 188.2 [1265/1829] Building CXX object modules/CMakeFiles/modules.dir/mod-playerbots/src/Ai/Base/Actions/QueryItemUsageAction.cpp.o
#25 188.6 [1266/1829] Building CXX object modules/CMakeFiles/modules.dir/mod-playerbots/src/Ai/Base/Actions/PullActions.cpp.o
#25 188.7 [1267/1829] Building CXX object modules/CMakeFiles/modules.dir/mod-playerbots/src/Ai/Base/Actions/RememberTaxiAction.cpp.o
#25 191.0 [1268/1829] Building CXX object modules/CMakeFiles/modules.dir/mod-playerbots/src/Ai/Base/Actions/QuestAction.cpp.o
#25 191.0 [1269/1829] Building CXX object modules/CMakeFiles/modules.dir/mod-playerbots/src/Ai/Base/Actions/RangeAction.cpp.o
#25 191.7 [1270/1829] Building CXX object modules/CMakeFiles/modules.dir/mod-playerbots/src/Ai/Base/Actions/RandomBotUpdateAction.cpp.o
#25 192.2 [1271/1829] Building CXX object modules/CMakeFiles/modules.dir/mod-playerbots/src/Ai/Base/Actions/ReachTargetActions.cpp.o
#25 193.3 [1272/1829] Building CXX object modules/CMakeFiles/modules.dir/mod-playerbots/src/Ai/Base/Actions/ReadyCheckAction.cpp.o
#25 194.7 [1273/1829] Building CXX object modules/CMakeFiles/modules.dir/mod-playerbots/src/Ai/Base/Actions/ReleaseSpiritAction.cpp.o
#25 196.1 [1274/1829] Building CXX object modules/CMakeFiles/modules.dir/mod-playerbots/src/Ai/Base/Actions/RemoveAuraAction.cpp.o
#25 199.2 [1275/1829] Building CXX object modules/CMakeFiles/modules.dir/mod-playerbots/src/Ai/Base/Actions/RepairAllAction.cpp.o
#25 199.9 [1276/1829] Building CXX object modules/CMakeFiles/modules.dir/mod-playerbots/src/Ai/Base/Actions/ResetInstancesAction.cpp.o
#25 202.8 [1277/1829] Building CXX object modules/CMakeFiles/modules.dir/mod-playerbots/src/Ai/Base/Actions/ResetAiAction.cpp.o
#25 203.2 [1278/1829] Building CXX object modules/CMakeFiles/modules.dir/mod-playerbots/src/Ai/Base/Actions/RevealGatheringItemAction.cpp.o
#25 205.6 [1279/1829] Building CXX object modules/CMakeFiles/modules.dir/mod-playerbots/src/Ai/Base/Actions/RewardAction.cpp.o
#25 206.2 [1280/1829] Building CXX object modules/CMakeFiles/modules.dir/mod-playerbots/src/Ai/Base/Actions/ReviveFromCorpseAction.cpp.o
#25 206.6 [1281/1829] Building CXX object modules/CMakeFiles/modules.dir/mod-playerbots/src/Ai/Base/Actions/SaveManaAction.cpp.o
#25 207.0 [1282/1829] Building CXX object modules/CMakeFiles/modules.dir/mod-playerbots/src/Ai/Base/Actions/RtscAction.cpp.o
#25 207.8 [1283/1829] Building CXX object modules/CMakeFiles/modules.dir/mod-playerbots/src/Ai/Base/Actions/RtiAction.cpp.o
#25 209.8 [1284/1829] Building CXX object modules/CMakeFiles/modules.dir/mod-playerbots/src/Ai/Base/Actions/SeeSpellAction.cpp.o
#25 210.6 [1285/1829] Building CXX object modules/CMakeFiles/modules.dir/mod-playerbots/src/Ai/Base/Actions/SecurityCheckAction.cpp.o
#25 212.4 [1286/1829] Building CXX object modules/CMakeFiles/modules.dir/mod-playerbots/src/Ai/Base/Actions/SellAction.cpp.o
#25 212.6 [1287/1829] Building CXX object modules/CMakeFiles/modules.dir/mod-playerbots/src/Ai/Base/Actions/SendMailAction.cpp.o
#25 214.1 [1288/1829] Building CXX object modules/CMakeFiles/modules.dir/mod-playerbots/src/Ai/Base/Actions/SetCraftAction.cpp.o
#25 216.9 [1289/1829] Building CXX object modules/CMakeFiles/modules.dir/mod-playerbots/src/Ai/Base/Actions/SetFocusHealTargetsAction.cpp.o
#25 217.8 [1290/1829] Building CXX object modules/CMakeFiles/modules.dir/mod-playerbots/src/Ai/Base/Actions/SetHomeAction.cpp.o
#25 218.3 [1291/1829] Building CXX object modules/CMakeFiles/modules.dir/mod-playerbots/src/Ai/Base/Actions/StatsAction.cpp.o
#25 219.7 [1292/1829] Building CXX object modules/CMakeFiles/modules.dir/mod-playerbots/src/Ai/Base/Actions/ShareQuestAction.cpp.o
#25 221.3 [1293/1829] Building CXX object modules/CMakeFiles/modules.dir/mod-playerbots/src/Ai/Base/Actions/SkipSpellsListAction.cpp.o
#25 221.6 [1294/1829] Building CXX object modules/CMakeFiles/modules.dir/mod-playerbots/src/Ai/Base/Actions/SayAction.cpp.o
#25 224.4 [1295/1829] Building CXX object modules/CMakeFiles/modules.dir/mod-playerbots/src/Ai/Base/Actions/StayActions.cpp.o
#25 225.8 [1296/1829] Building CXX object modules/CMakeFiles/modules.dir/mod-playerbots/src/Ai/Base/Actions/TameAction.cpp.o
#25 226.4 [1297/1829] Building CXX object modules/CMakeFiles/modules.dir/mod-playerbots/src/Ai/Base/Actions/TalkToQuestGiverAction.cpp.o
#25 226.4 [1298/1829] Building CXX object modules/CMakeFiles/modules.dir/mod-playerbots/src/Ai/Base/Actions/TaxiAction.cpp.o
#25 226.9 [1299/1829] Building CXX object modules/CMakeFiles/modules.dir/mod-playerbots/src/Ai/Base/Actions/TeleportAction.cpp.o
#25 227.8 [1300/1829] Building CXX object modules/CMakeFiles/modules.dir/mod-playerbots/src/Ai/Base/Actions/SuggestWhatToDoAction.cpp.o
#25 229.1 [1301/1829] Building CXX object modules/CMakeFiles/modules.dir/mod-playerbots/src/Ai/Base/Actions/TellCastFailedAction.cpp.o
#25 230.2 [1302/1829] Building CXX object modules/CMakeFiles/modules.dir/mod-playerbots/src/Ai/Base/Actions/TellEmblemsAction.cpp.o
#25 232.0 [1303/1829] Building CXX object modules/CMakeFiles/modules.dir/mod-playerbots/src/Ai/Base/Actions/TellItemCountAction.cpp.o
#25 232.2 [1304/1829] Building CXX object modules/CMakeFiles/modules.dir/mod-playerbots/src/Ai/Base/Actions/TellGlyphsAction.cpp.o
#25 236.6 [1305/1829] Building CXX object modules/CMakeFiles/modules.dir/mod-playerbots/src/Ai/Base/Actions/TellReputationAction.cpp.o
#25 237.0 [1306/1829] Building CXX object modules/CMakeFiles/modules.dir/mod-playerbots/src/Ai/Base/Actions/TellTargetAction.cpp.o
#25 237.5 [1307/1829] Building CXX object modules/CMakeFiles/modules.dir/mod-playerbots/src/Ai/Base/Actions/TellMasterAction.cpp.o
#25 237.7 [1308/1829] Building CXX object modules/CMakeFiles/modules.dir/mod-playerbots/src/Ai/Base/Actions/TellLosAction.cpp.o
#25 238.2 [1309/1829] Building CXX object modules/CMakeFiles/modules.dir/mod-playerbots/src/Ai/Base/Actions/TradeAction.cpp.o
#25 239.4 [1310/1829] Building CXX object modules/CMakeFiles/modules.dir/mod-playerbots/src/Ai/Base/Actions/TellPvpStatsAction.cpp.o
#25 243.2 [1311/1829] Building CXX object modules/CMakeFiles/modules.dir/mod-playerbots/src/Ai/Base/Actions/TradeStatusExtendedAction.cpp.o
#25 244.4 [1312/1829] Building CXX object modules/CMakeFiles/modules.dir/mod-playerbots/src/Ai/Base/Actions/TradeValues.cpp.o
#25 244.7 [1313/1829] Building CXX object modules/CMakeFiles/modules.dir/mod-playerbots/src/Ai/Base/Actions/UnlockItemAction.cpp.o
#25 246.6 [1314/1829] Building CXX object modules/CMakeFiles/modules.dir/mod-playerbots/src/Ai/Base/Actions/UnequipAction.cpp.o
#25 246.7 [1315/1829] Building CXX object modules/CMakeFiles/modules.dir/mod-playerbots/src/Ai/Base/Actions/TravelAction.cpp.o
#25 247.6 [1316/1829] Building CXX object modules/CMakeFiles/modules.dir/mod-playerbots/src/Ai/Base/Actions/UnlockTradedItemAction.cpp.o
#25 248.2 [1317/1829] Building CXX object modules/CMakeFiles/modules.dir/mod-playerbots/src/Ai/Base/Actions/TradeStatusAction.cpp.o
#25 248.4 [1318/1829] Building CXX object modules/CMakeFiles/modules.dir/mod-playerbots/src/Ai/Base/Actions/TrainerAction.cpp.o
#25 252.3 [1319/1829] Building CXX object modules/CMakeFiles/modules.dir/mod-playerbots/src/Ai/Base/Actions/UseMeetingStoneAction.cpp.o
#25 253.3 [1320/1829] Building CXX object modules/CMakeFiles/modules.dir/mod-playerbots/src/Ai/Base/Actions/UseItemAction.cpp.o
#25 253.7 [1321/1829] Building CXX object modules/CMakeFiles/modules.dir/mod-playerbots/src/Ai/Base/Actions/WipeAction.cpp.o
#25 256.2 [1322/1829] Building CXX object modules/CMakeFiles/modules.dir/mod-playerbots/src/Ai/Base/Actions/WorldBuffAction.cpp.o
#25 256.7 [1323/1829] Building CXX object modules/CMakeFiles/modules.dir/mod-playerbots/src/Ai/Base/Actions/VehicleActions.cpp.o
#25 256.7 [1324/1829] Building CXX object modules/CMakeFiles/modules.dir/mod-playerbots/src/Ai/Base/Actions/WaitForAttackAction.cpp.o
#25 256.7 [1325/1829] Building CXX object modules/CMakeFiles/modules.dir/mod-playerbots/src/Ai/Base/Strategy/CombatStrategy.cpp.o
#25 257.2 [1326/1829] Building CXX object modules/CMakeFiles/modules.dir/mod-playerbots/src/Ai/Base/Actions/WhoAction.cpp.o
#25 258.4 [1327/1829] Building CXX object modules/CMakeFiles/modules.dir/mod-playerbots/src/Ai/Base/Actions/WtsAction.cpp.o
#25 259.9 [1328/1829] Building CXX object modules/CMakeFiles/modules.dir/mod-playerbots/src/Ai/Base/Strategy/ChatCommandHandlerStrategy.cpp.o
#25 261.8 [1329/1829] Building CXX object modules/CMakeFiles/modules.dir/mod-playerbots/src/Ai/Base/Actions/XpGainAction.cpp.o
#25 262.9 [1330/1829] Building CXX object modules/CMakeFiles/modules.dir/mod-playerbots/src/Ai/Base/Strategy/AggressiveStrategy.cpp.o
#25 264.7 [1331/1829] Building CXX object modules/CMakeFiles/modules.dir/mod-playerbots/src/Ai/Base/Strategy/FollowMasterStrategy.cpp.o
#25 264.8 [1332/1829] Building CXX object modules/CMakeFiles/modules.dir/mod-playerbots/src/Ai/Base/Strategy/AttackEnemyPlayersStrategy.cpp.o
#25 265.1 [1333/1829] Building CXX object modules/CMakeFiles/modules.dir/mod-playerbots/src/Ai/Base/Strategy/DuelStrategy.cpp.o
#25 265.3 [1334/1829] Building CXX object modules/CMakeFiles/modules.dir/mod-playerbots/src/Ai/Base/Strategy/CastTimeStrategy.cpp.o
#25 266.6 [1335/1829] Building CXX object modules/CMakeFiles/modules.dir/mod-playerbots/src/Ai/Base/Strategy/BattlegroundStrategy.cpp.o
#25 267.4 [1336/1829] Building CXX object modules/CMakeFiles/modules.dir/mod-playerbots/src/Ai/Base/Strategy/ConserveManaStrategy.cpp.o
#25 267.7 [1337/1829] Building CXX object modules/CMakeFiles/modules.dir/mod-playerbots/src/Ai/Base/Strategy/GuardStrategy.cpp.o
#25 271.8 [1338/1829] Building CXX object modules/CMakeFiles/modules.dir/mod-playerbots/src/Ai/Base/Strategy/DeadStrategy.cpp.o
#25 272.8 [1339/1829] Building CXX object modules/CMakeFiles/modules.dir/mod-playerbots/src/Ai/Base/Strategy/DpsAssistStrategy.cpp.o
#25 273.6 [1340/1829] Building CXX object modules/CMakeFiles/modules.dir/mod-playerbots/src/Ai/Base/Strategy/DebugStrategy.cpp.o
#25 274.5 [1341/1829] Building CXX object modules/CMakeFiles/modules.dir/mod-playerbots/src/Ai/Base/Strategy/FleeStrategy.cpp.o
#25 275.7 [1342/1829] Building CXX object modules/CMakeFiles/modules.dir/mod-playerbots/src/Ai/Base/Strategy/EmoteStrategy.cpp.o
#25 275.9 [1343/1829] Building CXX object modules/CMakeFiles/modules.dir/mod-playerbots/src/Ai/Base/Strategy/GroupStrategy.cpp.o
#25 276.4 [1344/1829] Building CXX object modules/CMakeFiles/modules.dir/mod-playerbots/src/Ai/Base/Strategy/NonCombatStrategy.cpp.o
#25 277.0 [1345/1829] Building CXX object modules/CMakeFiles/modules.dir/mod-playerbots/src/Ai/Base/Strategy/GrindingStrategy.cpp.o
#25 280.5 [1346/1829] Building CXX object modules/CMakeFiles/modules.dir/mod-playerbots/src/Ai/Base/Strategy/GuildStrategy.cpp.o
#25 280.8 [1347/1829] Building CXX object modules/CMakeFiles/modules.dir/mod-playerbots/src/Ai/Base/Strategy/KiteStrategy.cpp.o
#25 282.7 [1348/1829] Building CXX object modules/CMakeFiles/modules.dir/mod-playerbots/src/Ai/Base/Strategy/LfgStrategy.cpp.o
#25 283.3 [1349/1829] Building CXX object modules/CMakeFiles/modules.dir/mod-playerbots/src/Ai/Base/Strategy/MaintenanceStrategy.cpp.o
#25 283.7 [1350/1829] Building CXX object modules/CMakeFiles/modules.dir/mod-playerbots/src/Ai/Base/Strategy/RTSCStrategy.cpp.o
#25 284.5 [1351/1829] Building CXX object modules/CMakeFiles/modules.dir/mod-playerbots/src/Ai/Base/Strategy/LootNonCombatStrategy.cpp.o
#25 284.7 [1352/1829] Building CXX object modules/CMakeFiles/modules.dir/mod-playerbots/src/Ai/Base/Strategy/MarkRtiStrategy.cpp.o
#25 285.0 [1353/1829] Building CXX object modules/CMakeFiles/modules.dir/mod-playerbots/src/Ai/Base/Strategy/MeleeCombatStrategy.cpp.o
#25 285.3 [1354/1829] Building CXX object modules/CMakeFiles/modules.dir/mod-playerbots/src/Ai/Base/Strategy/MoveFromGroupStrategy.cpp.o
#25 290.2 [1355/1829] Building CXX object modules/CMakeFiles/modules.dir/mod-playerbots/src/Ai/Base/Strategy/PassThroughStrategy.cpp.o
#25 291.6 [1356/1829] Building CXX object modules/CMakeFiles/modules.dir/mod-playerbots/src/Ai/Base/Strategy/PassiveStrategy.cpp.o
#25 292.4 [1357/1829] Building CXX object modules/CMakeFiles/modules.dir/mod-playerbots/src/Ai/Base/Strategy/PullStrategy.cpp.o
#25 293.3 [1358/1829] Building CXX object modules/CMakeFiles/modules.dir/mod-playerbots/src/Ai/Base/Strategy/QuestStrategies.cpp.o
#25 294.6 [1359/1829] Building CXX object modules/CMakeFiles/modules.dir/mod-playerbots/src/Ai/Base/Strategy/ReturnStrategy.cpp.o
#25 294.8 [1360/1829] Building CXX object modules/CMakeFiles/modules.dir/mod-playerbots/src/Ai/Base/Strategy/UsePotionsStrategy.cpp.o
#25 295.3 [1361/1829] Building CXX object modules/CMakeFiles/modules.dir/mod-playerbots/src/Ai/Base/Strategy/RacialsStrategy.cpp.o
#25 295.7 [1362/1829] Building CXX object modules/CMakeFiles/modules.dir/mod-playerbots/src/Ai/Base/Strategy/RangedCombatStrategy.cpp.o
#25 298.3 [1363/1829] Building CXX object modules/CMakeFiles/modules.dir/mod-playerbots/src/Ai/Base/Strategy/RunawayStrategy.cpp.o
#25 299.5 [1364/1829] Building CXX object modules/CMakeFiles/modules.dir/mod-playerbots/src/Ai/Base/Strategy/SayStrategy.cpp.o
#25 301.3 [1365/1829] Building CXX object modules/CMakeFiles/modules.dir/mod-playerbots/src/Ai/Base/Strategy/TankAssistStrategy.cpp.o
#25 301.6 [1366/1829] Building CXX object modules/CMakeFiles/modules.dir/mod-playerbots/src/Ai/Base/Strategy/StayStrategy.cpp.o
#25 302.3 [1367/1829] Building CXX object modules/CMakeFiles/modules.dir/mod-playerbots/src/Ai/Base/Strategy/TellTargetStrategy.cpp.o
#25 302.6 [1368/1829] Building CXX object modules/CMakeFiles/modules.dir/mod-playerbots/src/Ai/Base/Strategy/ThreatStrategy.cpp.o
#25 302.7 [1369/1829] Building CXX object modules/CMakeFiles/modules.dir/mod-playerbots/src/Ai/Base/Strategy/WorldPacketHandlerStrategy.cpp.o
#25 302.9 [1370/1829] Building CXX object modules/CMakeFiles/modules.dir/mod-playerbots/src/Ai/Base/Strategy/TravelStrategy.cpp.o
#25 303.4 [1371/1829] Building CXX object modules/CMakeFiles/modules.dir/mod-playerbots/src/Ai/Base/Strategy/UseFoodStrategy.cpp.o
#25 308.5 [1372/1829] Building CXX object modules/CMakeFiles/modules.dir/mod-playerbots/src/Ai/Base/Strategy/WaitForAttackStrategy.cpp.o
#25 310.0 [1373/1829] Building CXX object modules/CMakeFiles/modules.dir/mod-playerbots/src/Ai/Base/Trigger/BossAuraTriggers.cpp.o
#25 310.6 [1374/1829] Building CXX object modules/CMakeFiles/modules.dir/mod-playerbots/src/Ai/Base/Trigger/ChatCommandTrigger.cpp.o
#25 313.3 [1375/1829] Building CXX object modules/CMakeFiles/modules.dir/mod-playerbots/src/Ai/Base/Trigger/CureTriggers.cpp.o
#25 313.7 [1376/1829] Building CXX object modules/CMakeFiles/modules.dir/mod-playerbots/src/Ai/Base/Trigger/FishingTriggers.cpp.o
#25 314.2 [1377/1829] Building CXX object modules/CMakeFiles/modules.dir/mod-playerbots/src/Ai/Base/Trigger/GuildTriggers.cpp.o
#25 317.0 [1378/1829] Building CXX object modules/CMakeFiles/modules.dir/mod-playerbots/src/Ai/Base/Trigger/GenericTriggers.cpp.o
#25 317.2 [1379/1829] Building CXX object modules/CMakeFiles/modules.dir/mod-playerbots/src/Ai/Base/Trigger/HealthTriggers.cpp.o
#25 318.6 [1380/1829] Building CXX object modules/CMakeFiles/modules.dir/mod-playerbots/src/Ai/Base/Trigger/LfgTriggers.cpp.o
#25 319.2 [1381/1829] Building CXX object modules/CMakeFiles/modules.dir/mod-playerbots/src/Ai/Base/Trigger/PullTriggers.cpp.o
#25 320.6 [1382/1829] Building CXX object modules/CMakeFiles/modules.dir/mod-playerbots/src/Ai/Base/Trigger/RangeTriggers.cpp.o
#25 320.8 [1383/1829] Building CXX object modules/CMakeFiles/modules.dir/mod-playerbots/src/Ai/Base/Trigger/LootTriggers.cpp.o
#25 321.0 [1384/1829] Building CXX object modules/CMakeFiles/modules.dir/mod-playerbots/src/Ai/Base/Trigger/RtiTriggers.cpp.o
#25 321.7 [1385/1829] Building CXX object modules/CMakeFiles/modules.dir/mod-playerbots/src/Ai/Base/Trigger/RpgTriggers.cpp.o
#25 322.0 [1386/1829] Building CXX object modules/CMakeFiles/modules.dir/mod-playerbots/src/Ai/Base/Trigger/StuckTriggers.cpp.o
#25 323.3 [1387/1829] Building CXX object modules/CMakeFiles/modules.dir/mod-playerbots/src/Ai/Base/Trigger/PvpTriggers.cpp.o
#25 327.7 [1388/1829] Building CXX object modules/CMakeFiles/modules.dir/mod-playerbots/src/Ai/Base/Trigger/WithinAreaTrigger.cpp.o
#25 328.3 [1389/1829] Building CXX object modules/CMakeFiles/modules.dir/mod-playerbots/src/Ai/Base/Trigger/TravelTriggers.cpp.o
#25 329.3 [1390/1829] Building CXX object modules/CMakeFiles/modules.dir/mod-playerbots/src/Ai/Base/Trigger/WorldPacketTrigger.cpp.o
#25 330.8 [1391/1829] Building CXX object modules/CMakeFiles/modules.dir/mod-playerbots/src/Ai/Base/Util/GenericBuffUtils.cpp.o
#25 331.4 [1392/1829] Building CXX object modules/CMakeFiles/modules.dir/mod-playerbots/src/Ai/Base/Value/ActiveSpellValue.cpp.o
#25 332.2 [1393/1829] Building CXX object modules/CMakeFiles/modules.dir/mod-playerbots/src/Ai/Base/Value/AggressiveTargetValue.cpp.o
#25 335.5 [1394/1829] Building CXX object modules/CMakeFiles/modules.dir/mod-playerbots/src/Ai/Base/Value/AoeHealValues.cpp.o
#25 335.9 [1395/1829] Building CXX object modules/CMakeFiles/modules.dir/mod-playerbots/src/Ai/Base/Value/Arrow.cpp.o
#25 336.8 [1396/1829] Building CXX object modules/CMakeFiles/modules.dir/mod-playerbots/src/Ai/Base/Value/AlwaysLootListValue.cpp.o
#25 337.4 [1397/1829] Building CXX object modules/CMakeFiles/modules.dir/mod-playerbots/src/Ai/Base/Value/AoeValues.cpp.o
#25 338.3 [1398/1829] Building CXX object modules/CMakeFiles/modules.dir/mod-playerbots/src/Ai/Base/Value/AttackerCountValues.cpp.o
#25 339.9 [1399/1829] Building CXX object modules/CMakeFiles/modules.dir/mod-playerbots/src/Ai/Base/Value/AttackerWithoutAuraTargetValue.cpp.o
#25 340.6 [1400/1829] Building CXX object modules/CMakeFiles/modules.dir/mod-playerbots/src/Ai/Base/Value/AvailableLootValue.cpp.o
#25 341.2 [1401/1829] Building CXX object modules/CMakeFiles/modules.dir/mod-playerbots/src/Ai/Base/Value/BudgetValues.cpp.o
#25 342.7 [1402/1829] Building CXX object modules/CMakeFiles/modules.dir/mod-playerbots/src/Ai/Base/Value/CcTargetValue.cpp.o
#25 343.1 [1403/1829] Building CXX object modules/CMakeFiles/modules.dir/mod-playerbots/src/Ai/Base/Value/AttackersValue.cpp.o
#25 344.3 [1404/1829] Building CXX object modules/CMakeFiles/modules.dir/mod-playerbots/src/Ai/Base/Value/CurrentCcTargetValue.cpp.o
#25 346.4 [1405/1829] Building CXX object modules/CMakeFiles/modules.dir/mod-playerbots/src/Ai/Base/Value/CollisionValue.cpp.o
#25 347.9 [1406/1829] Building CXX object modules/CMakeFiles/modules.dir/mod-playerbots/src/Ai/Base/Value/CurrentTargetValue.cpp.o
#25 349.8 [1407/1829] Building CXX object modules/CMakeFiles/modules.dir/mod-playerbots/src/Ai/Base/Value/DpsTargetValue.cpp.o
#25 350.0 [1408/1829] Building CXX object modules/CMakeFiles/modules.dir/mod-playerbots/src/Ai/Base/Value/DistanceValue.cpp.o
#25 351.3 [1409/1829] Building CXX object modules/CMakeFiles/modules.dir/mod-playerbots/src/Ai/Base/Value/DuelTargetValue.cpp.o
#25 353.6 [1410/1829] Building CXX object modules/CMakeFiles/modules.dir/mod-playerbots/src/Ai/Base/Value/EnemyHealerTargetValue.cpp.o
#25 354.5 [1411/1829] Building CXX object modules/CMakeFiles/modules.dir/mod-playerbots/src/Ai/Base/Value/FishValues.cpp.o
#25 355.0 [1412/1829] Building CXX object modules/CMakeFiles/modules.dir/mod-playerbots/src/Ai/Base/Value/EnemyPlayerValue.cpp.o
#25 356.2 [1413/1829] Building CXX object modules/CMakeFiles/modules.dir/mod-playerbots/src/Ai/Base/Value/EstimatedLifetimeValue.cpp.o
#25 357.5 [1414/1829] Building CXX object modules/CMakeFiles/modules.dir/mod-playerbots/src/Ai/Base/Value/Formations.cpp.o
#25 358.9 [1415/1829] Building CXX object modules/CMakeFiles/modules.dir/mod-playerbots/src/Ai/Base/Value/GroupLeaderValue.cpp.o
#25 360.3 [1416/1829] Building CXX object modules/CMakeFiles/modules.dir/mod-playerbots/src/Ai/Base/Value/GroupValues.cpp.o
#25 361.0 [1417/1829] Building CXX object modules/CMakeFiles/modules.dir/mod-playerbots/src/Ai/Base/Value/GrindTargetValue.cpp.o
#25 361.3 [1418/1829] Building CXX object modules/CMakeFiles/modules.dir/mod-playerbots/src/Ai/Base/Value/GuildValues.cpp.o
#25 361.9 [1419/1829] Building CXX object modules/CMakeFiles/modules.dir/mod-playerbots/src/Ai/Base/Value/HasAvailableLootValue.cpp.o
#25 362.4 [1420/1829] Building CXX object modules/CMakeFiles/modules.dir/mod-playerbots/src/Ai/Base/Value/HasTotemValue.cpp.o
#25 365.1 [1421/1829] Building CXX object modules/CMakeFiles/modules.dir/mod-playerbots/src/Ai/Base/Value/InvalidTargetValue.cpp.o
#25 365.7 [1422/1829] Building CXX object modules/CMakeFiles/modules.dir/mod-playerbots/src/Ai/Base/Value/IsBehindValue.cpp.o
#25 365.9 [1423/1829] Building CXX object modules/CMakeFiles/modules.dir/mod-playerbots/src/Ai/Base/Value/LastMovementValue.cpp.o
#25 368.1 [1424/1829] Building CXX object modules/CMakeFiles/modules.dir/mod-playerbots/src/Ai/Base/Value/ItemCountValue.cpp.o
#25 368.1 [1425/1829] Building CXX object modules/CMakeFiles/modules.dir/mod-playerbots/src/Ai/Base/Value/IsFacingValue.cpp.o
#25 369.6 [1426/1829] Building CXX object modules/CMakeFiles/modules.dir/mod-playerbots/src/Ai/Base/Value/IsMovingValue.cpp.o
#25 371.5 [1427/1829] Building CXX object modules/CMakeFiles/modules.dir/mod-playerbots/src/Ai/Base/Value/ItemForSpellValue.cpp.o
#25 374.2 [1428/1829] Building CXX object modules/CMakeFiles/modules.dir/mod-playerbots/src/Ai/Base/Value/LastSpellCastValue.cpp.o
#25 375.1 [1429/1829] Building CXX object modules/CMakeFiles/modules.dir/mod-playerbots/src/Ai/Base/Value/LeastHpTargetValue.cpp.o
#25 376.6 [1430/1829] Building CXX object modules/CMakeFiles/modules.dir/mod-playerbots/src/Ai/Base/Value/ItemUsageValue.cpp.o
#25 377.5 [1431/1829] Building CXX object modules/CMakeFiles/modules.dir/mod-playerbots/src/Ai/Base/Value/LineTargetValue.cpp.o
#25 378.0 [1432/1829] Building CXX object modules/CMakeFiles/modules.dir/mod-playerbots/src/Ai/Base/Value/LootStrategyValue.cpp.o
#25 378.7 [1433/1829] Building CXX object modules/CMakeFiles/modules.dir/mod-playerbots/src/Ai/Base/Value/NearestCorpsesValue.cpp.o
#25 379.2 [1434/1829] Building CXX object modules/CMakeFiles/modules.dir/mod-playerbots/src/Ai/Base/Value/MaintenanceValues.cpp.o
#25 381.3 [1435/1829] Building CXX object modules/CMakeFiles/modules.dir/mod-playerbots/src/Ai/Base/Value/NearestAdsValue.cpp.o
#25 383.4 [1436/1829] Building CXX object modules/CMakeFiles/modules.dir/mod-playerbots/src/Ai/Base/Value/LootValues.cpp.o
#25 385.2 [1437/1829] Building CXX object modules/CMakeFiles/modules.dir/mod-playerbots/src/Ai/Base/Value/NearestGameObjects.cpp.o
#25 385.2 [1438/1829] Building CXX object modules/CMakeFiles/modules.dir/mod-playerbots/src/Ai/Base/Value/NearestFriendlyPlayersValue.cpp.o
#25 386.3 [1439/1829] Building CXX object modules/CMakeFiles/modules.dir/mod-playerbots/src/Ai/Base/Value/NearestNonBotPlayersValue.cpp.o
#25 386.9 [1440/1829] Building CXX object modules/CMakeFiles/modules.dir/mod-playerbots/src/Ai/Base/Value/NearestNpcsValue.cpp.o
#25 387.5 [1441/1829] Building CXX object modules/CMakeFiles/modules.dir/mod-playerbots/src/Ai/Base/Value/NearestUnitsValue.cpp.o
#25 389.4 [1442/1829] Building CXX object modules/CMakeFiles/modules.dir/mod-playerbots/src/Ai/Base/Value/NewPlayerNearbyValue.cpp.o
#25 390.8 [1443/1829] Building CXX object modules/CMakeFiles/modules.dir/mod-playerbots/src/Ai/Base/Value/OutfitListValue.cpp.o
#25 391.3 [1444/1829] Building CXX object modules/CMakeFiles/modules.dir/mod-playerbots/src/Ai/Base/Value/PartyMemberToDispel.cpp.o
#25 392.4 [1445/1829] Building CXX object modules/CMakeFiles/modules.dir/mod-playerbots/src/Ai/Base/Value/PartyMemberSnaredTargetValue.cpp.o
#25 395.1 [1446/1829] Building CXX object modules/CMakeFiles/modules.dir/mod-playerbots/src/Ai/Base/Value/PartyMemberValue.cpp.o
#25 395.2 [1447/1829] Building CXX object modules/CMakeFiles/modules.dir/mod-playerbots/src/Ai/Base/Value/PartyMemberToHeal.cpp.o
#25 395.4 [1448/1829] Building CXX object modules/CMakeFiles/modules.dir/mod-playerbots/src/Ai/Base/Value/PartyMemberToResurrect.cpp.o
#25 397.8 [1449/1829] Building CXX object modules/CMakeFiles/modules.dir/mod-playerbots/src/Ai/Base/Value/PartyMemberWithoutAuraValue.cpp.o
#25 398.0 [1450/1829] Building CXX object modules/CMakeFiles/modules.dir/mod-playerbots/src/Ai/Base/Value/PartyMemberWithoutItemValue.cpp.o
#25 399.6 [1451/1829] Building CXX object modules/CMakeFiles/modules.dir/mod-playerbots/src/Ai/Base/Value/PetTargetValue.cpp.o
#25 402.8 [1452/1829] Building CXX object modules/CMakeFiles/modules.dir/mod-playerbots/src/Ai/Base/Value/PositionValue.cpp.o
#25 405.1 [1453/1829] Building CXX object modules/CMakeFiles/modules.dir/mod-playerbots/src/Ai/Base/Value/RTSCValues.cpp.o
#25 405.4 [1454/1829] Building CXX object modules/CMakeFiles/modules.dir/mod-playerbots/src/Ai/Base/Value/PossibleTargetsValue.cpp.o
#25 406.0 [1455/1829] Building CXX object modules/CMakeFiles/modules.dir/mod-playerbots/src/Ai/Base/Value/PossibleRpgTargetsValue.cpp.o
#25 407.8 [1456/1829] Building CXX object modules/CMakeFiles/modules.dir/mod-playerbots/src/Ai/Base/Value/RangeValues.cpp.o
#25 407.9 [1457/1829] Building CXX object modules/CMakeFiles/modules.dir/mod-playerbots/src/Ai/Base/Value/PvpValues.cpp.o
#25 409.2 [1458/1829] Building CXX object modules/CMakeFiles/modules.dir/mod-playerbots/src/Ai/Base/Value/RtiTargetValue.cpp.o
#25 409.3 [1459/1829] Building CXX object modules/CMakeFiles/modules.dir/mod-playerbots/src/Ai/Base/Value/RtiValue.cpp.o
#25 409.7 [1460/1829] Building CXX object modules/CMakeFiles/modules.dir/mod-playerbots/src/Ai/Base/Value/QuestValues.cpp.o
#25 410.6 [1461/1829] Building CXX object modules/CMakeFiles/modules.dir/mod-playerbots/src/Ai/Base/Value/SelfTargetValue.cpp.o
#25 411.9 [1462/1829] Building CXX object modules/CMakeFiles/modules.dir/mod-playerbots/src/Ai/Base/Value/SnareTargetValue.cpp.o
#25 412.9 [1463/1829] Building CXX object modules/CMakeFiles/modules.dir/mod-playerbots/src/Ai/Base/Value/SkipSpellsListValue.cpp.o
#25 413.9 [1464/1829] Building CXX object modules/CMakeFiles/modules.dir/mod-playerbots/src/Ai/Base/Value/SpellCastUsefulValue.cpp.o
#25 415.5 [1465/1829] Building CXX object modules/CMakeFiles/modules.dir/mod-playerbots/src/Ai/Base/Value/StatsValues.cpp.o
#25 416.1 [1466/1829] Building CXX object modules/CMakeFiles/modules.dir/mod-playerbots/src/Ai/Base/Value/SpellIdValue.cpp.o
#25 416.6 [1467/1829] Building CXX object modules/CMakeFiles/modules.dir/mod-playerbots/src/Ai/Base/Value/Stances.cpp.o
#25 418.3 [1468/1829] Building CXX object modules/CMakeFiles/modules.dir/mod-playerbots/src/Ai/Class/Dk/Strategy/GenericDKNonCombatStrategy.cpp.o
#25 420.8 [1469/1829] Building CXX object modules/CMakeFiles/modules.dir/mod-playerbots/src/Ai/Base/Value/TankTargetValue.cpp.o
#25 423.4 [1470/1829] Building CXX object modules/CMakeFiles/modules.dir/mod-playerbots/src/Ai/Base/Value/ThreatValues.cpp.o
#25 424.2 [1471/1829] Building CXX object modules/CMakeFiles/modules.dir/mod-playerbots/src/Ai/Base/Value/TargetValue.cpp.o
#25 425.0 [1472/1829] Building CXX object modules/CMakeFiles/modules.dir/mod-playerbots/src/Ai/Class/Dk/DKActions.cpp.o
#25 426.0 [1473/1829] Building CXX object modules/CMakeFiles/modules.dir/mod-playerbots/src/Ai/Class/Dk/DKTriggers.cpp.o
#25 427.9 [1474/1829] Building CXX object modules/CMakeFiles/modules.dir/mod-playerbots/src/Ai/Class/Dk/Strategy/DeathKnightPullStrategy.cpp.o
#25 428.7 [1475/1829] Building CXX object modules/CMakeFiles/modules.dir/mod-playerbots/src/Ai/Class/Dk/Strategy/BloodDKStrategy.cpp.o
#25 429.4 [1476/1829] Building CXX object modules/CMakeFiles/modules.dir/mod-playerbots/src/Ai/Class/Dk/Strategy/FrostDKStrategy.cpp.o
#25 431.4 [1477/1829] Building CXX object modules/CMakeFiles/modules.dir/mod-playerbots/src/Ai/Class/Dk/Strategy/GenericDKStrategy.cpp.o
#25 431.5 [1478/1829] Building CXX object modules/CMakeFiles/modules.dir/mod-playerbots/src/Ai/Class/Dk/DKAiObjectContext.cpp.o
#25 433.1 [1479/1829] Building CXX object modules/CMakeFiles/modules.dir/mod-playerbots/src/Ai/Class/Dk/Strategy/UnholyDKStrategy.cpp.o
#25 433.7 [1480/1829] Building CXX object modules/CMakeFiles/modules.dir/mod-playerbots/src/Ai/Class/Druid/Action/DruidCatActions.cpp.o
#25 434.1 [1481/1829] Building CXX object modules/CMakeFiles/modules.dir/mod-playerbots/src/Ai/Class/Druid/Strategy/BalanceDruidStrategy.cpp.o
#25 434.3 [1482/1829] Building CXX object modules/CMakeFiles/modules.dir/mod-playerbots/src/Ai/Class/Druid/Action/DruidBearActions.cpp.o
#25 434.4 [1483/1829] Building CXX object modules/CMakeFiles/modules.dir/mod-playerbots/src/Ai/Class/Druid/DruidTriggers.cpp.o
#25 435.9 [1484/1829] Building CXX object modules/CMakeFiles/modules.dir/mod-playerbots/src/Ai/Class/Druid/Strategy/CatDruidStrategy.cpp.o
#25 437.4 [1485/1829] Building CXX object modules/CMakeFiles/modules.dir/mod-playerbots/src/Ai/Class/Druid/Action/DruidActions.cpp.o
#25 439.6 [1486/1829] Building CXX object modules/CMakeFiles/modules.dir/mod-playerbots/src/Ai/Class/Druid/DruidAiObjectContext.cpp.o
#25 440.0 [1487/1829] Building CXX object modules/CMakeFiles/modules.dir/mod-playerbots/src/Ai/Class/Druid/Action/DruidShapeshiftActions.cpp.o
[driver] still running; 5s since the last output
#25 445.3 [1488/1829] Building CXX object modules/CMakeFiles/modules.dir/mod-playerbots/src/Ai/Class/Hunter/Strategy/GenericHunterStrategy.cpp.o
#25 445.7 [1489/1829] Building CXX object modules/CMakeFiles/modules.dir/mod-playerbots/src/Ai/Class/Druid/Strategy/DruidPullStrategy.cpp.o
#25 445.9 [1490/1829] Building CXX object modules/CMakeFiles/modules.dir/mod-playerbots/src/Ai/Class/Druid/Strategy/BearDruidStrategy.cpp.o
#25 447.8 [1491/1829] Building CXX object modules/CMakeFiles/modules.dir/mod-playerbots/src/Ai/Class/Druid/Strategy/FeralDruidStrategy.cpp.o
#25 448.5 [1492/1829] Building CXX object modules/CMakeFiles/modules.dir/mod-playerbots/src/Ai/Class/Druid/Strategy/GenericDruidNonCombatStrategy.cpp.o
#25 449.9 [1493/1829] Building CXX object modules/CMakeFiles/modules.dir/mod-playerbots/src/Ai/Class/Druid/Strategy/GenericDruidStrategy.cpp.o
#25 450.9 [1494/1829] Building CXX object modules/CMakeFiles/modules.dir/mod-playerbots/src/Ai/Class/Hunter/HunterActions.cpp.o
#25 452.1 [1495/1829] Building CXX object modules/CMakeFiles/modules.dir/mod-playerbots/src/Ai/Class/Hunter/Strategy/BeastMasteryHunterStrategy.cpp.o
#25 452.1 [1496/1829] Building CXX object modules/CMakeFiles/modules.dir/mod-playerbots/src/Ai/Class/Druid/Strategy/RestoDruidStrategy.cpp.o
#25 454.5 [1497/1829] Building CXX object modules/CMakeFiles/modules.dir/mod-playerbots/src/Ai/Class/Hunter/HunterTriggers.cpp.o
#25 454.7 [1498/1829] Building CXX object modules/CMakeFiles/modules.dir/mod-playerbots/src/Ai/Class/Hunter/Strategy/GenericHunterNonCombatStrategy.cpp.o
#25 457.4 [1499/1829] Building CXX object modules/CMakeFiles/modules.dir/mod-playerbots/src/Ai/Class/Hunter/HunterAiObjectContext.cpp.o
#25 458.0 [1500/1829] Building CXX object modules/CMakeFiles/modules.dir/mod-playerbots/src/Ai/Class/Hunter/Strategy/HunterBuffStrategies.cpp.o
#25 458.0 [1501/1829] Building CXX object modules/CMakeFiles/modules.dir/mod-playerbots/src/Ai/Class/Hunter/Strategy/MarksmanshipHunterStrategy.cpp.o
#25 459.7 [1502/1829] Building CXX object modules/CMakeFiles/modules.dir/mod-playerbots/src/Ai/Class/Hunter/Strategy/SurvivalHunterStrategy.cpp.o
#25 460.2 [1503/1829] Building CXX object modules/CMakeFiles/modules.dir/mod-playerbots/src/Ai/Class/Mage/MageActions.cpp.o
#25 464.5 [1504/1829] Building CXX object modules/CMakeFiles/modules.dir/mod-playerbots/src/Ai/Class/Mage/MageTriggers.cpp.o
#25 465.0 [1505/1829] Building CXX object modules/CMakeFiles/modules.dir/mod-playerbots/src/Ai/Class/Mage/Strategy/ArcaneMageStrategy.cpp.o
#25 467.3 [1506/1829] Building CXX object modules/CMakeFiles/modules.dir/mod-playerbots/src/Ai/Class/Mage/Strategy/FrostFireMageStrategy.cpp.o
#25 467.3 [1507/1829] Building CXX object modules/CMakeFiles/modules.dir/mod-playerbots/src/Ai/Class/Mage/Strategy/FireMageStrategy.cpp.o
#25 468.8 [1508/1829] Building CXX object modules/CMakeFiles/modules.dir/mod-playerbots/src/Ai/Class/Mage/MageAiObjectContext.cpp.o
#25 469.2 [1509/1829] Building CXX object modules/CMakeFiles/modules.dir/mod-playerbots/src/Ai/Class/Mage/Strategy/FrostMageStrategy.cpp.o
#25 470.3 [1510/1829] Building CXX object modules/CMakeFiles/modules.dir/mod-playerbots/src/Ai/Class/Mage/Strategy/GenericMageNonCombatStrategy.cpp.o
#25 470.3 [1511/1829] Building CXX object modules/CMakeFiles/modules.dir/mod-playerbots/src/Ai/Class/Paladin/Strategy/GenericPaladinStrategy.cpp.o
#25 473.0 [1512/1829] Building CXX object modules/CMakeFiles/modules.dir/mod-playerbots/src/Ai/Class/Paladin/PaladinTriggers.cpp.o
#25 473.6 [1513/1829] Building CXX object modules/CMakeFiles/modules.dir/mod-playerbots/src/Ai/Class/Mage/Strategy/GenericMageStrategy.cpp.o
#25 474.4 [1514/1829] Building CXX object modules/CMakeFiles/modules.dir/mod-playerbots/src/Ai/Class/Paladin/Actions/PaladinActions.cpp.o
#25 477.2 [1515/1829] Building CXX object modules/CMakeFiles/modules.dir/mod-playerbots/src/Ai/Class/Paladin/Strategy/DpsPaladinStrategy.cpp.o
#25 477.3 [1516/1829] Building CXX object modules/CMakeFiles/modules.dir/mod-playerbots/src/Ai/Class/Paladin/PaladinAiObjectContext.cpp.o
#25 477.6 [1517/1829] Building CXX object modules/CMakeFiles/modules.dir/mod-playerbots/src/Ai/Class/Paladin/Strategy/GenericPaladinNonCombatStrategy.cpp.o
#25 479.0 [1518/1829] Building CXX object modules/CMakeFiles/modules.dir/mod-playerbots/src/Ai/Class/Paladin/Strategy/HealPaladinStrategy.cpp.o
#25 480.6 [1519/1829] Building CXX object modules/CMakeFiles/modules.dir/mod-playerbots/src/Ai/Class/Paladin/Actions/PaladinGreaterBlessingAction.cpp.o
#25 484.0 [1520/1829] Building CXX object modules/CMakeFiles/modules.dir/mod-playerbots/src/Ai/Class/Paladin/Strategy/PaladinBuffStrategies.cpp.o
#25 484.2 [1521/1829] Building CXX object modules/CMakeFiles/modules.dir/mod-playerbots/src/Ai/Class/Paladin/Strategy/OffhealRetPaladinStrategy.cpp.o
#25 485.9 [1522/1829] Building CXX object modules/CMakeFiles/modules.dir/mod-playerbots/src/Ai/Class/Paladin/Strategy/PaladinPullStrategy.cpp.o
#25 487.5 [1523/1829] Building CXX object modules/CMakeFiles/modules.dir/mod-playerbots/src/Ai/Class/Priest/PriestActions.cpp.o
#25 487.6 [1524/1829] Building CXX object modules/CMakeFiles/modules.dir/mod-playerbots/src/Ai/Class/Paladin/Strategy/TankPaladinStrategy.cpp.o
#25 489.2 [1525/1829] Building CXX object modules/CMakeFiles/modules.dir/mod-playerbots/src/Ai/Class/Priest/PriestTriggers.cpp.o
#25 493.1 [1526/1829] Building CXX object modules/CMakeFiles/modules.dir/mod-playerbots/src/Ai/Class/Priest/Strategy/GenericPriestStrategy.cpp.o
#25 493.6 [1527/1829] Building CXX object modules/CMakeFiles/modules.dir/mod-playerbots/src/Ai/Class/Priest/Strategy/HealPriestStrategy.cpp.o
#25 495.0 [1528/1829] Building CXX object modules/CMakeFiles/modules.dir/mod-playerbots/src/Ai/Class/Priest/PriestAiObjectContext.cpp.o
#25 495.1 [1529/1829] Building CXX object modules/CMakeFiles/modules.dir/mod-playerbots/src/Ai/Class/Priest/Strategy/HolyPriestStrategy.cpp.o
#25 495.4 [1530/1829] Building CXX object modules/CMakeFiles/modules.dir/mod-playerbots/src/Ai/Class/Priest/Strategy/PriestNonCombatStrategy.cpp.o
#25 495.6 [1531/1829] Building CXX object modules/CMakeFiles/modules.dir/mod-playerbots/src/Ai/Class/Rogue/RogueTriggers.cpp.o
#25 498.2 [1532/1829] Building CXX object modules/CMakeFiles/modules.dir/mod-playerbots/src/Ai/Class/Priest/Strategy/ShadowPriestStrategy.cpp.o
#25 499.0 [1533/1829] Building CXX object modules/CMakeFiles/modules.dir/mod-playerbots/src/Ai/Class/Rogue/Action/RogueComboActions.cpp.o
#25 499.2 [1534/1829] Building CXX object modules/CMakeFiles/modules.dir/mod-playerbots/src/Ai/Class/Rogue/Action/RogueActions.cpp.o
#25 499.4 [1535/1829] Building CXX object modules/CMakeFiles/modules.dir/mod-playerbots/src/Ai/Class/Rogue/RogueAiObjectContext.cpp.o
#25 501.9 [1536/1829] Building CXX object modules/CMakeFiles/modules.dir/mod-playerbots/src/Ai/Class/Rogue/Action/RogueOpeningActions.cpp.o
#25 505.2 [1537/1829] Building CXX object modules/CMakeFiles/modules.dir/mod-playerbots/src/Ai/Class/Rogue/Strategy/AssassinationRogueStrategy.cpp.o
#25 507.3 [1538/1829] Building CXX object modules/CMakeFiles/modules.dir/mod-playerbots/src/Ai/Class/Rogue/Strategy/DpsRogueStrategy.cpp.o
#25 507.4 [1539/1829] Building CXX object modules/CMakeFiles/modules.dir/mod-playerbots/src/Ai/Class/Shaman/ShamanActions.cpp.o
#25 509.3 [1540/1829] Building CXX object modules/CMakeFiles/modules.dir/mod-playerbots/src/Ai/Class/Rogue/Strategy/GenericRogueNonCombatStrategy.cpp.o
#25 511.7 [1541/1829] Building CXX object modules/CMakeFiles/modules.dir/mod-playerbots/src/Ai/Class/Shaman/ShamanTriggers.cpp.o
#25 512.3 [1542/1829] Building CXX object modules/CMakeFiles/modules.dir/mod-playerbots/src/Ai/Class/Shaman/Strategy/ElementalShamanStrategy.cpp.o
#25 513.8 [1543/1829] Building CXX object modules/CMakeFiles/modules.dir/mod-playerbots/src/Ai/Class/Shaman/Strategy/EnhancementShamanStrategy.cpp.o
#25 514.5 [1544/1829] Building CXX object modules/CMakeFiles/modules.dir/mod-playerbots/src/Ai/Class/Shaman/Strategy/RestoShamanStrategy.cpp.o
#25 515.4 [1545/1829] Building CXX object modules/CMakeFiles/modules.dir/mod-playerbots/src/Ai/Class/Shaman/ShamanAiObjectContext.cpp.o
#25 516.1 [1546/1829] Building CXX object modules/CMakeFiles/modules.dir/mod-playerbots/src/Ai/Class/Shaman/Strategy/ShamanNonCombatStrategy.cpp.o
#25 516.8 [1547/1829] Building CXX object modules/CMakeFiles/modules.dir/mod-playerbots/src/Ai/Class/Shaman/Strategy/GenericShamanStrategy.cpp.o
#25 518.6 [1548/1829] Building CXX object modules/CMakeFiles/modules.dir/mod-playerbots/src/Ai/Class/Warlock/Strategy/GenericWarlockStrategy.cpp.o
#25 519.3 [1549/1829] Building CXX object modules/CMakeFiles/modules.dir/mod-playerbots/src/Ai/Class/Warlock/WarlockTriggers.cpp.o
#25 520.2 [1550/1829] Building CXX object modules/CMakeFiles/modules.dir/mod-playerbots/src/Ai/Class/Warlock/WarlockActions.cpp.o
#25 520.3 [1551/1829] Building CXX object modules/CMakeFiles/modules.dir/mod-playerbots/src/Ai/Class/Warlock/Strategy/AfflictionWarlockStrategy.cpp.o
#25 520.7 [1552/1829] Building CXX object modules/CMakeFiles/modules.dir/mod-playerbots/src/Ai/Class/Shaman/Strategy/TotemsShamanStrategy.cpp.o
#25 521.4 [1553/1829] Building CXX object modules/CMakeFiles/modules.dir/mod-playerbots/src/Ai/Class/Warlock/Strategy/TankWarlockStrategy.cpp.o
#25 525.0 [1554/1829] Building CXX object modules/CMakeFiles/modules.dir/mod-playerbots/src/Ai/Class/Warrior/Strategy/ArmsWarriorStrategy.cpp.o
#25 525.2 [1555/1829] Building CXX object modules/CMakeFiles/modules.dir/mod-playerbots/src/Ai/Class/Warlock/Strategy/DemonologyWarlockStrategy.cpp.o
#25 525.2 [1556/1829] Building CXX object modules/CMakeFiles/modules.dir/mod-playerbots/src/Ai/Class/Warlock/WarlockAiObjectContext.cpp.o
#25 525.5 [1557/1829] Building CXX object modules/CMakeFiles/modules.dir/mod-playerbots/src/Ai/Class/Warrior/Strategy/FuryWarriorStrategy.cpp.o
#25 525.7 [1558/1829] Building CXX object modules/CMakeFiles/modules.dir/mod-playerbots/src/Ai/Class/Warlock/Strategy/DestructionWarlockStrategy.cpp.o
#25 529.8 [1559/1829] Building CXX object modules/CMakeFiles/modules.dir/mod-playerbots/src/Ai/Class/Warrior/WarriorActions.cpp.o
#25 530.0 [1560/1829] Building CXX object modules/CMakeFiles/modules.dir/mod-playerbots/src/Ai/Class/Warlock/Strategy/GenericWarlockNonCombatStrategy.cpp.o
#25 532.5 [1561/1829] Building CXX object modules/CMakeFiles/modules.dir/mod-playerbots/src/Ai/Class/Warrior/WarriorTriggers.cpp.o
#25 534.7 [1562/1829] Building CXX object modules/CMakeFiles/modules.dir/mod-playerbots/src/Ai/Dungeon/AK/AKStrategy.cpp.o
#25 535.5 [1563/1829] Building CXX object modules/CMakeFiles/modules.dir/mod-playerbots/src/Ai/Class/Warrior/Strategy/GenericWarriorNonCombatStrategy.cpp.o
#25 536.0 [1564/1829] Building CXX object modules/CMakeFiles/modules.dir/mod-playerbots/src/Ai/Class/Warrior/Strategy/WarriorPullStrategy.cpp.o
#25 536.6 [1565/1829] Building CXX object modules/CMakeFiles/modules.dir/mod-playerbots/src/Ai/Dungeon/AC/ACStrategy.cpp.o
#25 537.5 [1566/1829] Building CXX object modules/CMakeFiles/modules.dir/mod-playerbots/src/Ai/Class/Warrior/Strategy/TankWarriorStrategy.cpp.o
#25 538.8 [1567/1829] Building CXX object modules/CMakeFiles/modules.dir/mod-playerbots/src/Ai/Class/Warrior/Strategy/GenericWarriorStrategy.cpp.o
#25 539.1 [1568/1829] Building CXX object modules/CMakeFiles/modules.dir/mod-playerbots/src/Ai/Dungeon/AC/ACActions.cpp.o
#25 539.5 [1569/1829] Building CXX object modules/CMakeFiles/modules.dir/mod-playerbots/src/Ai/Class/Warrior/WarriorAiObjectContext.cpp.o
#25 540.3 [1570/1829] Building CXX object modules/CMakeFiles/modules.dir/mod-playerbots/src/Ai/Dungeon/AC/ACMultipliers.cpp.o
#25 542.2 [1571/1829] Building CXX object modules/CMakeFiles/modules.dir/mod-playerbots/src/Ai/Dungeon/AN/ANStrategy.cpp.o
#25 543.2 [1572/1829] Building CXX object modules/CMakeFiles/modules.dir/mod-playerbots/src/Ai/Dungeon/AK/AKActions.cpp.o
#25 543.9 [1573/1829] Building CXX object modules/CMakeFiles/modules.dir/mod-playerbots/src/Ai/Dungeon/AK/AKMultipliers.cpp.o
#25 544.8 [1574/1829] Building CXX object modules/CMakeFiles/modules.dir/mod-playerbots/src/Ai/Dungeon/AK/AKTriggers.cpp.o
#25 544.9 [1575/1829] Building CXX object modules/CMakeFiles/modules.dir/mod-playerbots/src/Ai/Dungeon/CoS/CoSStrategy.cpp.o
#25 545.3 [1576/1829] Building CXX object modules/CMakeFiles/modules.dir/mod-playerbots/src/Ai/Dungeon/AC/ACTriggers.cpp.o
#25 548.4 [1577/1829] Building CXX object modules/CMakeFiles/modules.dir/mod-playerbots/src/Ai/Dungeon/AN/ANActions.cpp.o
#25 548.6 [1578/1829] Building CXX object modules/CMakeFiles/modules.dir/mod-playerbots/src/Ai/Dungeon/DTK/DTKStrategy.cpp.o
#25 549.5 [1579/1829] Building CXX object modules/CMakeFiles/modules.dir/mod-playerbots/src/Ai/Dungeon/AN/ANMultipliers.cpp.o
#25 552.6 [1580/1829] Building CXX object modules/CMakeFiles/modules.dir/mod-playerbots/src/Ai/Dungeon/FoS/FoSStrategy.cpp.o
#25 552.7 [1581/1829] Building CXX object modules/CMakeFiles/modules.dir/mod-playerbots/src/Ai/Dungeon/AN/ANTriggers.cpp.o
#25 553.6 [1582/1829] Building CXX object modules/CMakeFiles/modules.dir/mod-playerbots/src/Ai/Dungeon/CoS/CoSActions.cpp.o
#25 554.0 [1583/1829] Building CXX object modules/CMakeFiles/modules.dir/mod-playerbots/src/Ai/Dungeon/CoS/CoSMultipliers.cpp.o
#25 555.9 [1584/1829] Building CXX object modules/CMakeFiles/modules.dir/mod-playerbots/src/Ai/Dungeon/CoS/CoSTriggers.cpp.o
#25 556.8 [1585/1829] Building CXX object modules/CMakeFiles/modules.dir/mod-playerbots/src/Ai/Dungeon/GD/GDStrategy.cpp.o
#25 557.8 [1586/1829] Building CXX object modules/CMakeFiles/modules.dir/mod-playerbots/src/Ai/Dungeon/DTK/DTKActions.cpp.o
#25 558.4 [1587/1829] Building CXX object modules/CMakeFiles/modules.dir/mod-playerbots/src/Ai/Dungeon/DTK/DTKTriggers.cpp.o
#25 559.1 [1588/1829] Building CXX object modules/CMakeFiles/modules.dir/mod-playerbots/src/Ai/Dungeon/DTK/DTKMultipliers.cpp.o
#25 560.6 [1589/1829] Building CXX object modules/CMakeFiles/modules.dir/mod-playerbots/src/Ai/Dungeon/FoS/FoSActions.cpp.o
#25 561.4 [1590/1829] Building CXX object modules/CMakeFiles/modules.dir/mod-playerbots/src/Ai/Dungeon/HoL/HoLStrategy.cpp.o
#25 562.5 [1591/1829] Building CXX object modules/CMakeFiles/modules.dir/mod-playerbots/src/Ai/Dungeon/FoS/FoSMultipliers.cpp.o
#25 563.0 [1592/1829] Building CXX object modules/CMakeFiles/modules.dir/mod-playerbots/src/Ai/Dungeon/FoS/FoSTriggers.cpp.o
#25 563.2 [1593/1829] Building CXX object modules/CMakeFiles/modules.dir/mod-playerbots/src/Ai/Dungeon/GD/GDActions.cpp.o
#25 564.8 [1594/1829] Building CXX object modules/CMakeFiles/modules.dir/mod-playerbots/src/Ai/Dungeon/GD/GDMultipliers.cpp.o
#25 565.6 [1595/1829] Building CXX object modules/CMakeFiles/modules.dir/mod-playerbots/src/Ai/Dungeon/HoS/HoSStrategy.cpp.o
#25 568.1 [1596/1829] Building CXX object modules/CMakeFiles/modules.dir/mod-playerbots/src/Ai/Dungeon/GD/GDTriggers.cpp.o
#25 568.1 [1597/1829] Building CXX object modules/CMakeFiles/modules.dir/mod-playerbots/src/Ai/Dungeon/HoL/HoLActions.cpp.o
#25 571.9 [1598/1829] Building CXX object modules/CMakeFiles/modules.dir/mod-playerbots/src/Ai/Dungeon/HoS/HoSActions.cpp.o
#25 572.2 [1599/1829] Building CXX object modules/CMakeFiles/modules.dir/mod-playerbots/src/Ai/Dungeon/HoL/HoLTriggers.cpp.o
#25 572.9 [1600/1829] Building CXX object modules/CMakeFiles/modules.dir/mod-playerbots/src/Ai/Dungeon/HoL/HoLMultipliers.cpp.o
#25 574.4 [1601/1829] Building CXX object modules/CMakeFiles/modules.dir/mod-playerbots/src/Ai/Dungeon/Nex/NexStrategy.cpp.o
#25 574.4 [1602/1829] Building CXX object modules/CMakeFiles/modules.dir/mod-playerbots/src/Ai/Dungeon/HoS/HoSMultipliers.cpp.o
#25 575.4 [1603/1829] Building CXX object modules/CMakeFiles/modules.dir/mod-playerbots/src/Ai/Dungeon/Mech/MechStrategy.cpp.o
#25 576.4 [1604/1829] Building CXX object modules/CMakeFiles/modules.dir/mod-playerbots/src/Ai/Dungeon/HoS/HoSTriggers.cpp.o
#25 577.1 [1605/1829] Building CXX object modules/CMakeFiles/modules.dir/mod-playerbots/src/Ai/Dungeon/Mech/MechMultipliers.cpp.o
#25 578.3 [1606/1829] Building CXX object modules/CMakeFiles/modules.dir/mod-playerbots/src/Ai/Dungeon/Mech/MechActions.cpp.o
#25 579.5 [1607/1829] Building CXX object modules/CMakeFiles/modules.dir/mod-playerbots/src/Ai/Dungeon/Mech/MechTriggers.cpp.o
#25 580.6 [1608/1829] Building CXX object modules/CMakeFiles/modules.dir/mod-playerbots/src/Ai/Dungeon/OC/OCStrategy.cpp.o
#25 580.7 [1609/1829] Building CXX object modules/CMakeFiles/modules.dir/mod-playerbots/src/Ai/Dungeon/Mech/MechShared.cpp.o
#25 581.1 [1610/1829] Building CXX object modules/CMakeFiles/modules.dir/mod-playerbots/src/Ai/Dungeon/Nex/NexActions.cpp.o
#25 581.6 [1611/1829] Building CXX object modules/CMakeFiles/modules.dir/mod-playerbots/src/Ai/Dungeon/Nex/NexMultipliers.cpp.o
#25 583.5 [1612/1829] Building CXX object modules/CMakeFiles/modules.dir/mod-playerbots/src/Ai/Dungeon/PoS/PoSStrategy.cpp.o
#25 583.9 [1613/1829] Building CXX object modules/CMakeFiles/modules.dir/mod-playerbots/src/Ai/Dungeon/Nex/NexTriggers.cpp.o
#25 586.3 [1614/1829] Building CXX object modules/CMakeFiles/modules.dir/mod-playerbots/src/Ai/Dungeon/OC/OCActions.cpp.o
#25 586.5 [1615/1829] Building CXX object modules/CMakeFiles/modules.dir/mod-playerbots/src/Ai/Dungeon/OC/OCMultipliers.cpp.o
#25 587.1 [1616/1829] Building CXX object modules/CMakeFiles/modules.dir/mod-playerbots/src/Ai/Dungeon/Seth/SethStrategy.cpp.o
#25 589.9 [1617/1829] Building CXX object modules/CMakeFiles/modules.dir/mod-playerbots/src/Ai/Dungeon/TOC/TOCStrategy.cpp.o
#25 590.3 [1618/1829] Building CXX object modules/CMakeFiles/modules.dir/mod-playerbots/src/Ai/Dungeon/OC/OCTriggers.cpp.o
#25 592.3 [1619/1829] Building CXX object modules/CMakeFiles/modules.dir/mod-playerbots/src/Ai/Dungeon/PoS/PoSMultipliers.cpp.o
#25 593.6 [1620/1829] Building CXX object modules/CMakeFiles/modules.dir/mod-playerbots/src/Ai/Dungeon/PoS/PoSTriggers.cpp.o
#25 593.6 [1621/1829] Building CXX object modules/CMakeFiles/modules.dir/mod-playerbots/src/Ai/Dungeon/PoS/PoSActions.cpp.o
#25 594.7 [1622/1829] Building CXX object modules/CMakeFiles/modules.dir/mod-playerbots/src/Ai/Dungeon/Seth/SethMultipliers.cpp.o
#25 595.2 [1623/1829] Building CXX object modules/CMakeFiles/modules.dir/mod-playerbots/src/Ai/Dungeon/Seth/SethActions.cpp.o
#25 595.2 [1624/1829] Building CXX object modules/CMakeFiles/modules.dir/mod-playerbots/src/Ai/Dungeon/UK/UKStrategy.cpp.o
#25 597.3 [1625/1829] Building CXX object modules/CMakeFiles/modules.dir/mod-playerbots/src/Ai/Dungeon/Seth/SethTriggers.cpp.o
#25 597.9 [1626/1829] Building CXX object modules/CMakeFiles/modules.dir/mod-playerbots/src/Ai/Dungeon/UP/UPStrategy.cpp.o
#25 599.1 [1627/1829] Building CXX object modules/CMakeFiles/modules.dir/mod-playerbots/src/Ai/Dungeon/TOC/TOCMultipliers.cpp.o
#25 599.7 [1628/1829] Building CXX object modules/CMakeFiles/modules.dir/mod-playerbots/src/Ai/Dungeon/TOC/TOCActions.cpp.o
#25 601.2 [1629/1829] Building CXX object modules/CMakeFiles/modules.dir/mod-playerbots/src/Ai/Dungeon/TOC/TOCTriggers.cpp.o
#25 602.4 [1630/1829] Building CXX object modules/CMakeFiles/modules.dir/mod-playerbots/src/Ai/Dungeon/UK/UKActions.cpp.o
#25 602.4 [1631/1829] Building CXX object modules/CMakeFiles/modules.dir/mod-playerbots/src/Ai/Dungeon/UK/UKMultipliers.cpp.o
#25 603.7 [1632/1829] Building CXX object modules/CMakeFiles/modules.dir/mod-playerbots/src/Ai/Dungeon/VH/VHStrategy.cpp.o
#25 605.3 [1633/1829] Building CXX object modules/CMakeFiles/modules.dir/mod-playerbots/src/Ai/Dungeon/UP/UPActions.cpp.o
#25 605.3 [1634/1829] Building CXX object modules/CMakeFiles/modules.dir/mod-playerbots/src/Ai/Raid/Aq20/Aq20Strategy.cpp.o
#25 606.1 [1635/1829] Building CXX object modules/CMakeFiles/modules.dir/mod-playerbots/src/Ai/Dungeon/UK/UKTriggers.cpp.o
#25 606.9 [1636/1829] Building CXX object modules/CMakeFiles/modules.dir/mod-playerbots/src/Ai/Raid/Aq20/Aq20Utils.cpp.o
#25 608.7 [1637/1829] Building CXX object modules/CMakeFiles/modules.dir/mod-playerbots/src/Ai/Dungeon/UP/UPMultipliers.cpp.o
#25 610.4 [1638/1829] Building CXX object modules/CMakeFiles/modules.dir/mod-playerbots/src/Ai/Dungeon/UP/UPTriggers.cpp.o
#25 612.1 [1639/1829] Building CXX object modules/CMakeFiles/modules.dir/mod-playerbots/src/Ai/Dungeon/VH/VHActions.cpp.o
#25 612.1 [1640/1829] Building CXX object modules/CMakeFiles/modules.dir/mod-playerbots/src/Ai/Dungeon/VH/VHMultipliers.cpp.o
#25 613.3 [1641/1829] Building CXX object modules/CMakeFiles/modules.dir/mod-playerbots/src/Ai/Dungeon/VH/VHTriggers.cpp.o
#25 613.8 [1642/1829] Building CXX object modules/CMakeFiles/modules.dir/mod-playerbots/src/Ai/Raid/Aq20/Aq20Actions.cpp.o
#25 615.1 [1643/1829] Building CXX object modules/CMakeFiles/modules.dir/mod-playerbots/src/Ai/Raid/BT/BTStrategy.cpp.o
#25 615.9 [1644/1829] Building CXX object modules/CMakeFiles/modules.dir/mod-playerbots/src/Ai/Raid/BWL/BWLStrategy.cpp.o
#25 616.6 [1645/1829] Building CXX object modules/CMakeFiles/modules.dir/mod-playerbots/src/Ai/Raid/Aq20/Aq20Triggers.cpp.o
#25 619.6 [1646/1829] Building CXX object modules/CMakeFiles/modules.dir/mod-playerbots/src/Ai/Raid/BT/BTHelpers.cpp.o
#25 619.6 /azerothcore/modules/mod-playerbots/src/Ai/Raid/BT/BTHelpers.cpp:107:60: warning: unused parameter 'botAI' [-Wunused-parameter]
#25 619.6   107 | TankPositionState GetShahrazTankPositionState(PlayerbotAI* botAI, Player* bot)
#25 619.6       |                                                            ^
#25 619.6 1 warning generated.
#25 620.6 [1647/1829] Building CXX object modules/CMakeFiles/modules.dir/mod-playerbots/src/Ai/Raid/BWL/BWLHelpers.cpp.o
#25 620.7 [1648/1829] Building CXX object modules/CMakeFiles/modules.dir/mod-playerbots/src/Ai/Raid/EoE/EoEStrategy.cpp.o
#25 621.6 [1649/1829] Building CXX object modules/CMakeFiles/modules.dir/mod-playerbots/src/Ai/Raid/BT/BTMultipliers.cpp.o
#25 623.6 [1650/1829] Building CXX object modules/CMakeFiles/modules.dir/mod-playerbots/src/Ai/Raid/BT/BTTriggers.cpp.o
#25 624.0 [1651/1829] Building CXX object modules/CMakeFiles/modules.dir/mod-playerbots/src/Ai/Raid/BWL/BWLActions.cpp.o
#25 624.2 [1652/1829] Building CXX object modules/CMakeFiles/modules.dir/mod-playerbots/src/Ai/Raid/BWL/BWLMultipliers.cpp.o
#25 625.2 [1653/1829] Building CXX object modules/CMakeFiles/modules.dir/mod-playerbots/src/Ai/Raid/BT/BTActions.cpp.o
#25 626.1 [1654/1829] Building CXX object modules/CMakeFiles/modules.dir/mod-playerbots/src/Ai/Raid/Gruul/GruulStrategy.cpp.o
#25 628.2 [1655/1829] Building CXX object modules/CMakeFiles/modules.dir/mod-playerbots/src/Ai/Raid/BWL/BWLTriggers.cpp.o
#25 628.9 [1656/1829] Building CXX object modules/CMakeFiles/modules.dir/mod-playerbots/src/Ai/Raid/EoE/EoEActions.cpp.o
#25 631.3 [1657/1829] Building CXX object modules/CMakeFiles/modules.dir/mod-playerbots/src/Ai/Raid/EoE/EoEMultipliers.cpp.o
#25 631.5 [1658/1829] Building CXX object modules/CMakeFiles/modules.dir/mod-playerbots/src/Ai/Raid/EoE/EoETriggers.cpp.o
#25 631.7 [1659/1829] Building CXX object modules/CMakeFiles/modules.dir/mod-playerbots/src/Ai/Raid/Hyjal/HyjalStrategy.cpp.o
#25 632.9 [1660/1829] Building CXX object modules/CMakeFiles/modules.dir/mod-playerbots/src/Ai/Raid/Gruul/GruulActions.cpp.o
#25 634.0 [1661/1829] Building CXX object modules/CMakeFiles/modules.dir/mod-playerbots/src/Ai/Raid/Gruul/GruulHelpers.cpp.o
#25 634.1 [1662/1829] Building CXX object modules/CMakeFiles/modules.dir/mod-playerbots/src/Ai/Raid/Gruul/GruulMultipliers.cpp.o
#25 637.4 [1663/1829] Building CXX object modules/CMakeFiles/modules.dir/mod-playerbots/src/Ai/Raid/Gruul/GruulTriggers.cpp.o
#25 639.5 [1664/1829] Building CXX object modules/CMakeFiles/modules.dir/mod-playerbots/src/Ai/Raid/Hyjal/HyjalMultipliers.cpp.o
#25 641.1 [1665/1829] Building CXX object modules/CMakeFiles/modules.dir/mod-playerbots/src/Ai/Raid/Hyjal/HyjalActions.cpp.o
#25 641.3 [1666/1829] Building CXX object modules/CMakeFiles/modules.dir/mod-playerbots/src/Ai/Raid/ICC/ICCStrategy.cpp.o
#25 643.2 [1667/1829] Building CXX object modules/CMakeFiles/modules.dir/mod-playerbots/src/Ai/Raid/Hyjal/Util/HyjalHelpers.cpp.o
#25 643.2 /azerothcore/modules/mod-playerbots/src/Ai/Raid/Hyjal/Util/HyjalHelpers.cpp:168:61: warning: unused parameter 'botAI' [-Wunused-parameter]
#25 643.2   168 | TankPositionState GetKazrogalTankPositionState(PlayerbotAI* botAI, Player* bot)
#25 643.2       |                                                             ^
#25 643.2 /azerothcore/modules/mod-playerbots/src/Ai/Raid/Hyjal/Util/HyjalHelpers.cpp:209:60: warning: unused parameter 'botAI' [-Wunused-parameter]
#25 643.2   209 | TankPositionState GetAzgalorTankPositionState(PlayerbotAI* botAI, Player* bot)
#25 643.2       |                                                            ^
#25 643.2 2 warnings generated.
#25 643.3 [1668/1829] Building CXX object modules/CMakeFiles/modules.dir/mod-playerbots/src/Ai/Raid/Hyjal/HyjalTriggers.cpp.o
#25 644.6 [1669/1829] Building CXX object modules/CMakeFiles/modules.dir/mod-playerbots/src/Ai/Raid/Hyjal/Util/HyjalScripts.cpp.o
#25 644.6 /azerothcore/modules/mod-playerbots/src/Ai/Raid/Hyjal/Util/HyjalScripts.cpp:39:63: warning: unused parameter 'botAI' [-Wunused-parameter]
#25 644.6    39 | static bool ShouldInterruptForArchimondeAirBurst(PlayerbotAI* botAI, Player* bot, Player* target)
#25 644.6       |                                                               ^
#25 644.6 1 warning generated.
#25 646.8 [1670/1829] Building CXX object modules/CMakeFiles/modules.dir/mod-playerbots/src/Ai/Raid/ICC/ICCMultipliers.cpp.o
#25 647.9 [1671/1829] Building CXX object modules/CMakeFiles/modules.dir/mod-playerbots/src/Ai/Raid/ICC/ICCScripts.cpp.o
#25 648.8 [1672/1829] Building CXX object modules/CMakeFiles/modules.dir/mod-playerbots/src/Ai/Raid/ICC/ICCShared.cpp.o
#25 652.5 [1673/1829] Building CXX object modules/CMakeFiles/modules.dir/mod-playerbots/src/Ai/Raid/ICC/Action/ICCActions_BPC.cpp.o
#25 653.2 [1674/1829] Building CXX object modules/CMakeFiles/modules.dir/mod-playerbots/src/Ai/Raid/ICC/Action/ICCActions_BQL.cpp.o
#25 653.4 [1675/1829] Building CXX object modules/CMakeFiles/modules.dir/mod-playerbots/src/Ai/Raid/ICC/ICCTriggers.cpp.o
#25 653.8 [1676/1829] Building CXX object modules/CMakeFiles/modules.dir/mod-playerbots/src/Ai/Raid/ICC/Action/ICCActions_DBS.cpp.o
#25 654.6 [1677/1829] Building CXX object modules/CMakeFiles/modules.dir/mod-playerbots/src/Ai/Raid/ICC/Action/ICCActions_FG.cpp.o
#25 655.7 [1678/1829] Building CXX object modules/CMakeFiles/modules.dir/mod-playerbots/src/Ai/Raid/ICC/Action/ICCActions_Dogs.cpp.o
#25 657.7 [1679/1829] Building CXX object modules/CMakeFiles/modules.dir/mod-playerbots/src/Ai/Raid/ICC/Action/ICCActions_GSB.cpp.o
#25 660.1 [1680/1829] Building CXX object modules/CMakeFiles/modules.dir/mod-playerbots/src/Ai/Raid/ICC/Action/ICCActions_LDW.cpp.o
#25 661.5 [1681/1829] Building CXX object modules/CMakeFiles/modules.dir/mod-playerbots/src/Ai/Raid/ICC/Action/ICCActions_LM.cpp.o
#25 664.8 [1682/1829] Building CXX object modules/CMakeFiles/modules.dir/mod-playerbots/src/Ai/Raid/ICC/Action/ICCActions_RF.cpp.o
#25 665.5 [1683/1829] Building CXX object modules/CMakeFiles/modules.dir/mod-playerbots/src/Ai/Raid/ICC/Action/ICCActions_PP.cpp.o
#25 666.3 [1684/1829] Building CXX object modules/CMakeFiles/modules.dir/mod-playerbots/src/Ai/Raid/ICC/Action/ICCActions_LK.cpp.o
#25 666.9 [1685/1829] Building CXX object modules/CMakeFiles/modules.dir/mod-playerbots/src/Ai/Raid/ICC/Action/ICCActions_SS.cpp.o
#25 668.4 [1686/1829] Building CXX object modules/CMakeFiles/modules.dir/mod-playerbots/src/Ai/Raid/ICC/Action/ICCActions_SG.cpp.o
#25 669.8 [1687/1829] Building CXX object modules/CMakeFiles/modules.dir/mod-playerbots/src/Ai/Raid/Kara/KaraActions.cpp.o
#25 670.6 [1688/1829] Building CXX object modules/CMakeFiles/modules.dir/mod-playerbots/src/Ai/Raid/ICC/Action/ICCActions_VT.cpp.o
#25 671.1 [1689/1829] Building CXX object modules/CMakeFiles/modules.dir/mod-playerbots/src/Ai/Raid/Kara/KaraMultipliers.cpp.o
#25 671.6 [1690/1829] Building CXX object modules/CMakeFiles/modules.dir/mod-playerbots/src/Ai/Raid/Kara/KaraHelpers.cpp.o
#25 672.5 [1691/1829] Building CXX object modules/CMakeFiles/modules.dir/mod-playerbots/src/Ai/Raid/Kara/KaraTriggers.cpp.o
#25 672.7 [1692/1829] Building CXX object modules/CMakeFiles/modules.dir/mod-playerbots/src/Ai/Raid/Naxx/Action/NaxxActions_Faerlina.cpp.o
#25 673.7 [1693/1829] Building CXX object modules/CMakeFiles/modules.dir/mod-playerbots/src/Ai/Raid/MC/MCActions.cpp.o
#25 674.5 [1694/1829] Building CXX object modules/CMakeFiles/modules.dir/mod-playerbots/src/Ai/Raid/Mag/MagStrategy.cpp.o
#25 674.6 [1695/1829] Building CXX object modules/CMakeFiles/modules.dir/mod-playerbots/src/Ai/Raid/MC/MCMultipliers.cpp.o
#25 674.6 [1696/1829] Building CXX object modules/CMakeFiles/modules.dir/mod-playerbots/src/Ai/Raid/Naxx/Action/NaxxActions_Gothik.cpp.o
#25 674.8 [1697/1829] Building CXX object modules/CMakeFiles/modules.dir/mod-playerbots/src/Ai/Raid/Kara/KaraStrategy.cpp.o
#25 677.3 [1698/1829] Building CXX object modules/CMakeFiles/modules.dir/mod-playerbots/src/Ai/Raid/MC/MCStrategy.cpp.o
#25 678.4 [1699/1829] Building CXX object modules/CMakeFiles/modules.dir/mod-playerbots/src/Ai/Raid/MC/MCTriggers.cpp.o
#25 678.5 [1700/1829] Building CXX object modules/CMakeFiles/modules.dir/mod-playerbots/src/Ai/Raid/Naxx/Action/NaxxActions_Maexxna.cpp.o
#25 678.7 [1701/1829] Building CXX object modules/CMakeFiles/modules.dir/mod-playerbots/src/Ai/Raid/Naxx/Action/NaxxActions_Noth.cpp.o
#25 682.2 [1702/1829] Building CXX object modules/CMakeFiles/modules.dir/mod-playerbots/src/Ai/Raid/Mag/MagActions.cpp.o
#25 683.1 [1703/1829] Building CXX object modules/CMakeFiles/modules.dir/mod-playerbots/src/Ai/Raid/Mag/MagMultipliers.cpp.o
#25 685.1 [1704/1829] Building CXX object modules/CMakeFiles/modules.dir/mod-playerbots/src/Ai/Raid/Mag/Util/MagHelpers.cpp.o
#25 685.3 [1705/1829] Building CXX object modules/CMakeFiles/modules.dir/mod-playerbots/src/Ai/Raid/Mag/MagTriggers.cpp.o
#25 688.8 [1706/1829] Building CXX object modules/CMakeFiles/modules.dir/mod-playerbots/src/Ai/Raid/Mag/Util/MagScripts.cpp.o
#25 689.5 [1707/1829] Building CXX object modules/CMakeFiles/modules.dir/mod-playerbots/src/Ai/Raid/Naxx/NaxxMultipliers.cpp.o
#25 690.2 [1708/1829] Building CXX object modules/CMakeFiles/modules.dir/mod-playerbots/src/Ai/Raid/Naxx/NaxxTriggers.cpp.o
#25 690.8 [1709/1829] Building CXX object modules/CMakeFiles/modules.dir/mod-playerbots/src/Ai/Raid/Naxx/NaxxStrategy.cpp.o
#25 691.3 [1710/1829] Building CXX object modules/CMakeFiles/modules.dir/mod-playerbots/src/Ai/Raid/Naxx/Action/NaxxActions_Anubrekhan.cpp.o
#25 691.9 [1711/1829] Building CXX object modules/CMakeFiles/modules.dir/mod-playerbots/src/Ai/Raid/Naxx/Action/NaxxActions_FourHorsemen.cpp.o
#25 693.5 [1712/1829] Building CXX object modules/CMakeFiles/modules.dir/mod-playerbots/src/Ai/Raid/Naxx/Action/NaxxActions_Heigan.cpp.o
#25 694.2 [1713/1829] Building CXX object modules/CMakeFiles/modules.dir/mod-playerbots/src/Ai/Raid/Naxx/Action/NaxxActions_Gluth.cpp.o
#25 694.3 [1714/1829] Building CXX object modules/CMakeFiles/modules.dir/mod-playerbots/src/Ai/Raid/Naxx/Action/NaxxActions_Grobbulus.cpp.o
#25 695.0 [1715/1829] Building CXX object modules/CMakeFiles/modules.dir/mod-playerbots/src/Ai/Raid/Naxx/Action/NaxxActions_Kelthuzad.cpp.o
#25 696.0 [1716/1829] Building CXX object modules/CMakeFiles/modules.dir/mod-playerbots/src/Ai/Raid/Naxx/Action/NaxxActions_Loatheb.cpp.o
#25 698.0 [1717/1829] Building CXX object modules/CMakeFiles/modules.dir/mod-playerbots/src/Ai/Raid/Naxx/Action/NaxxActions_Patchwerk.cpp.o
#25 700.1 [1718/1829] Building CXX object modules/CMakeFiles/modules.dir/mod-playerbots/src/Ai/Raid/Ony/OnyStrategy.cpp.o
#25 700.5 [1719/1829] Building CXX object modules/CMakeFiles/modules.dir/mod-playerbots/src/Ai/Raid/OS/OSStrategy.cpp.o
#25 703.3 [1720/1829] Building CXX object modules/CMakeFiles/modules.dir/mod-playerbots/src/Ai/Raid/Naxx/Action/NaxxActions_Razuvious.cpp.o
#25 703.7 [1721/1829] Building CXX object modules/CMakeFiles/modules.dir/mod-playerbots/src/Ai/Raid/Naxx/Action/NaxxActions_Shared.cpp.o
#25 704.4 [1722/1829] Building CXX object modules/CMakeFiles/modules.dir/mod-playerbots/src/Ai/Raid/Naxx/Action/NaxxActions_Thaddius.cpp.o
#25 705.1 [1723/1829] Building CXX object modules/CMakeFiles/modules.dir/mod-playerbots/src/Ai/Raid/Naxx/Action/NaxxActions_Sapphiron.cpp.o
#25 705.3 [1724/1829] Building CXX object modules/CMakeFiles/modules.dir/mod-playerbots/src/Ai/Raid/RS/RSStrategy.cpp.o
#25 709.1 [1725/1829] Building CXX object modules/CMakeFiles/modules.dir/mod-playerbots/src/Ai/Raid/OS/OSMultipliers.cpp.o
#25 709.6 [1726/1829] Building CXX object modules/CMakeFiles/modules.dir/mod-playerbots/src/Ai/Raid/OS/OSActions.cpp.o
#25 709.7 [1727/1829] Building CXX object modules/CMakeFiles/modules.dir/mod-playerbots/src/Ai/Raid/Ony/OnyActions.cpp.o
#25 710.0 [1728/1829] Building CXX object modules/CMakeFiles/modules.dir/mod-playerbots/src/Ai/Raid/OS/OSTriggers.cpp.o
#25 712.6 [1729/1829] Building CXX object modules/CMakeFiles/modules.dir/mod-playerbots/src/Ai/Raid/Ony/OnyTriggers.cpp.o
#25 715.8 [1730/1829] Building CXX object modules/CMakeFiles/modules.dir/mod-playerbots/src/Ai/Raid/RS/RSScripts.cpp.o
#25 716.8 [1731/1829] Building CXX object modules/CMakeFiles/modules.dir/mod-playerbots/src/Ai/Raid/RS/RSMultipliers.cpp.o
#25 717.2 [1732/1829] Building CXX object modules/CMakeFiles/modules.dir/mod-playerbots/src/Ai/Raid/RS/RSTriggers.cpp.o
#25 719.1 [1733/1829] Building CXX object modules/CMakeFiles/modules.dir/mod-playerbots/src/Ai/Raid/RS/Action/RSActions_ADD.cpp.o
#25 720.6 [1734/1829] Building CXX object modules/CMakeFiles/modules.dir/mod-playerbots/src/Ai/Raid/SSC/SSCStrategy.cpp.o
#25 720.7 [1735/1829] Building CXX object modules/CMakeFiles/modules.dir/mod-playerbots/src/Ai/Raid/RS/Action/RSActions_BAL.cpp.o
#25 724.5 [1736/1829] Building CXX object modules/CMakeFiles/modules.dir/mod-playerbots/src/Ai/Raid/RS/Action/RSActions_ZAR.cpp.o
#25 724.7 [1737/1829] Building CXX object modules/CMakeFiles/modules.dir/mod-playerbots/src/Ai/Raid/TK/TKStrategy.cpp.o
#25 725.1 [1738/1829] Building CXX object modules/CMakeFiles/modules.dir/mod-playerbots/src/Ai/Raid/RS/Action/RSActions_HAL.cpp.o
#25 726.1 [1739/1829] Building CXX object modules/CMakeFiles/modules.dir/mod-playerbots/src/Ai/Raid/SSC/SSCHelpers.cpp.o
#25 726.4 [1740/1829] Building CXX object modules/CMakeFiles/modules.dir/mod-playerbots/src/Ai/Raid/RS/Action/RSActions_SAV.cpp.o
#25 727.5 [1741/1829] Building CXX object modules/CMakeFiles/modules.dir/mod-playerbots/src/Ai/Raid/SSC/SSCMultipliers.cpp.o
#25 729.5 [1742/1829] Building CXX object modules/CMakeFiles/modules.dir/mod-playerbots/src/Ai/Raid/TK/TKMultipliers.cpp.o
#25 729.7 [1743/1829] Building CXX object modules/CMakeFiles/modules.dir/mod-playerbots/src/Ai/Raid/SSC/SSCTriggers.cpp.o
#25 730.7 [1744/1829] Building CXX object modules/CMakeFiles/modules.dir/mod-playerbots/src/Ai/Raid/SSC/SSCActions.cpp.o
#25 733.5 [1745/1829] Building CXX object modules/CMakeFiles/modules.dir/mod-playerbots/src/Ai/Raid/VoA/VoAStrategy.cpp.o
#25 733.8 [1746/1829] Building CXX object modules/CMakeFiles/modules.dir/mod-playerbots/src/Ai/Raid/TK/Util/TKScripts.cpp.o
#25 734.2 [1747/1829] Building CXX object modules/CMakeFiles/modules.dir/mod-playerbots/src/Ai/Raid/TK/TKActions.cpp.o
#25 735.0 [1748/1829] Building CXX object modules/CMakeFiles/modules.dir/mod-playerbots/src/Ai/Raid/Uld/UldStrategy.cpp.o
#25 735.8 [1749/1829] Building CXX object modules/CMakeFiles/modules.dir/mod-playerbots/src/Ai/Raid/TK/TKTriggers.cpp.o
#25 736.2 [1750/1829] Building CXX object modules/CMakeFiles/modules.dir/mod-playerbots/src/Ai/Raid/TK/Util/TKHelpers.cpp.o
#25 740.5 [1751/1829] Building CXX object modules/CMakeFiles/modules.dir/mod-playerbots/src/Ai/Raid/ZA/ZAStrategy.cpp.o
#25 742.8 [1752/1829] Building CXX object modules/CMakeFiles/modules.dir/mod-playerbots/src/Ai/Raid/Uld/UldActions.cpp.o
#25 743.1 [1753/1829] Building CXX object modules/CMakeFiles/modules.dir/mod-playerbots/src/Ai/Raid/Uld/UldTriggers.cpp.o
#25 744.1 [1754/1829] Building CXX object modules/CMakeFiles/modules.dir/mod-playerbots/src/Ai/Raid/VoA/VoAActions.cpp.o
#25 744.4 [1755/1829] Building CXX object modules/CMakeFiles/modules.dir/mod-playerbots/src/Ai/Raid/Uld/Util/UldBossHelper.cpp.o
#25 744.5 [1756/1829] Building CXX object modules/CMakeFiles/modules.dir/mod-playerbots/src/Ai/Raid/VoA/VoATriggers.cpp.o
#25 745.7 [1757/1829] Building CXX object modules/CMakeFiles/modules.dir/mod-playerbots/src/Ai/Raid/ZA/ZAActions.cpp.o
#25 746.0 [1758/1829] Building CXX object modules/CMakeFiles/modules.dir/mod-playerbots/src/Ai/Raid/ZA/ZAHelpers.cpp.o
#25 747.7 [1759/1829] Building CXX object modules/CMakeFiles/modules.dir/mod-playerbots/src/Ai/World/Rpg/NewRpgInfo.cpp.o
#25 748.2 [1760/1829] Building CXX object modules/CMakeFiles/modules.dir/mod-playerbots/src/Ai/Raid/ZA/ZAMultipliers.cpp.o
#25 749.2 [1761/1829] Building CXX object modules/CMakeFiles/modules.dir/mod-playerbots/src/Ai/Raid/ZA/ZATriggers.cpp.o
#25 751.6 [1762/1829] Building CXX object modules/CMakeFiles/modules.dir/mod-playerbots/src/Ai/World/Rpg/Action/NewRpgAction.cpp.o
#25 751.7 [1763/1829] Building CXX object modules/CMakeFiles/modules.dir/mod-playerbots/src/Ai/World/Rpg/Action/NewRpgOutdoorPvP.cpp.o
#25 754.5 [1764/1829] Building CXX object modules/CMakeFiles/modules.dir/mod-playerbots/src/Ai/World/Rpg/Strategy/NewRpgStrategy.cpp.o
#25 756.2 [1765/1829] Building CXX object modules/CMakeFiles/modules.dir/mod-playerbots/src/Ai/World/Rpg/Action/RpgAction.cpp.o
#25 756.6 [1766/1829] Building CXX object modules/CMakeFiles/modules.dir/mod-playerbots/src/Ai/World/Rpg/Action/NewRpgBaseAction.cpp.o
#25 757.4 [1767/1829] Building CXX object modules/CMakeFiles/modules.dir/mod-playerbots/src/Ai/World/Rpg/Action/RpgSubActions.cpp.o
#25 758.5 [1768/1829] Building CXX object modules/CMakeFiles/modules.dir/mod-playerbots/src/Ai/World/Rpg/Trigger/NewRpgTrigger.cpp.o
#25 760.7 [1769/1829] Building CXX object modules/CMakeFiles/modules.dir/mod-playerbots/src/Bot/ForceRebuff.cpp.o
#25 761.1 [1770/1829] Building CXX object modules/CMakeFiles/modules.dir/mod-playerbots/src/Ai/World/Rpg/Strategy/RpgStrategy.cpp.o
#25 765.6 [1771/1829] Building CXX object modules/CMakeFiles/modules.dir/mod-playerbots/src/Bot/Engine/AiObjectContext.cpp.o
#25 769.1 [1772/1829] Building CXX object modules/CMakeFiles/modules.dir/mod-playerbots/src/Bot/Cmd/ChatFilter.cpp.o
#25 770.1 [1773/1829] Building CXX object modules/CMakeFiles/modules.dir/mod-playerbots/src/Bot/Cmd/ChatHelper.cpp.o
#25 770.2 [1774/1829] Building CXX object modules/CMakeFiles/modules.dir/mod-playerbots/src/Bot/RandomBotLevelMgr.cpp.o
#25 771.5 [1775/1829] Building CXX object modules/CMakeFiles/modules.dir/mod-playerbots/src/Bot/Engine/AiObject.cpp.o
#25 772.1 [1776/1829] Building CXX object modules/CMakeFiles/modules.dir/mod-playerbots/src/Bot/Engine/BuildSharedStrategyContexts.cpp.o
#25 772.3 [1777/1829] Building CXX object modules/CMakeFiles/modules.dir/mod-playerbots/src/Bot/PlayerbotMgr.cpp.o
#25 773.1 [1778/1829] Building CXX object modules/CMakeFiles/modules.dir/mod-playerbots/src/Bot/Debug/PerfMonitor.cpp.o
#25 774.4 [1779/1829] Building CXX object modules/CMakeFiles/modules.dir/mod-playerbots/src/Bot/Cmd/PlayerbotCommandServer.cpp.o
#25 777.2 [1780/1829] Building CXX object modules/CMakeFiles/modules.dir/mod-playerbots/src/Bot/Engine/PassiveMultiplier.cpp.o
#25 778.2 [1781/1829] Building CXX object modules/CMakeFiles/modules.dir/mod-playerbots/src/Bot/PlayerbotAI.cpp.o
#25 779.3 [1782/1829] Building CXX object modules/CMakeFiles/modules.dir/mod-playerbots/src/Bot/Engine/ExternalEventHelper.cpp.o
#25 781.4 [1783/1829] Building CXX object modules/CMakeFiles/modules.dir/mod-playerbots/src/Bot/RandomPlayerbotMgr.cpp.o
#25 782.4 [1784/1829] Building CXX object modules/CMakeFiles/modules.dir/mod-playerbots/src/Bot/Engine/Engine.cpp.o
#25 784.5 [1785/1829] Building CXX object modules/CMakeFiles/modules.dir/mod-playerbots/src/Bot/Engine/NamedObjectContext.cpp.o
#25 786.2 [1786/1829] Building CXX object modules/CMakeFiles/modules.dir/mod-playerbots/src/Bot/Engine/BuildSharedValueContexts.cpp.o
#25 788.1 [1787/1829] Building CXX object modules/CMakeFiles/modules.dir/mod-playerbots/src/Bot/Engine/Trigger/Trigger.cpp.o
#25 789.1 [1788/1829] Building CXX object modules/CMakeFiles/modules.dir/mod-playerbots/src/Bot/Engine/Action/Action.cpp.o
#25 789.4 [1789/1829] Building CXX object modules/CMakeFiles/modules.dir/mod-playerbots/src/Db/PlayerbotDungeonRepository.cpp.o
#25 789.8 [1790/1829] Building CXX object modules/CMakeFiles/modules.dir/mod-playerbots/src/Bot/Engine/PlayerbotAIBase.cpp.o
#25 791.2 [1791/1829] Building CXX object modules/CMakeFiles/modules.dir/mod-playerbots/src/Db/PlayerbotSpellRepository.cpp.o
#25 791.3 [1792/1829] Building CXX object modules/CMakeFiles/modules.dir/mod-playerbots/src/Bot/Engine/Strategy/Strategy.cpp.o
#25 792.6 [1793/1829] Building CXX object modules/CMakeFiles/modules.dir/mod-playerbots/src/Bot/Engine/Value/Value.cpp.o
#25 793.0 [1794/1829] Building CXX object modules/CMakeFiles/modules.dir/mod-playerbots/src/Bot/Engine/WorldPacket/Event.cpp.o
#25 796.7 [1795/1829] Building CXX object modules/CMakeFiles/modules.dir/mod-playerbots/src/Mgr/Item/BisListMgr.cpp.o
#25 797.0 [1796/1829] Building CXX object modules/CMakeFiles/modules.dir/mod-playerbots/src/Bot/Engine/Strategy/CustomStrategy.cpp.o
#25 798.1 [1797/1829] Building CXX object modules/CMakeFiles/modules.dir/mod-playerbots/src/Bot/Factory/AiFactory.cpp.o
#25 798.6 [1798/1829] Building CXX object modules/CMakeFiles/modules.dir/mod-playerbots/src/Bot/Engine/BuildSharedTriggerContexts.cpp.o
#25 801.4 [1799/1829] Building CXX object modules/CMakeFiles/modules.dir/mod-playerbots/src/Db/PlayerbotRepository.cpp.o
#25 806.0 [1800/1829] Building CXX object modules/CMakeFiles/modules.dir/mod-playerbots/src/Bot/Engine/BuildSharedActionContexts.cpp.o
#25 806.5 [1801/1829] Building CXX object modules/CMakeFiles/modules.dir/mod-playerbots/src/Mgr/Text/PlayerbotTextMgr.cpp.o
#25 806.9 [1802/1829] Building CXX object modules/CMakeFiles/modules.dir/mod-playerbots/src/Bot/Factory/RandomPlayerbotFactory.cpp.o
#25 808.4 [1803/1829] Building CXX object modules/CMakeFiles/modules.dir/mod-playerbots/src/Mgr/Item/ItemVisitors.cpp.o
#25 808.5 [1804/1829] Building CXX object modules/CMakeFiles/modules.dir/mod-playerbots/src/Mgr/Item/StatsCollector.cpp.o
#25 808.5 [1805/1829] Building CXX object modules/CMakeFiles/modules.dir/mod-playerbots/src/Script/playerbots_loader.cpp.o
#25 808.5 [1806/1829] Building CXX object modules/CMakeFiles/modules.dir/mod-playerbots/src/Mgr/Item/LootObjectStack.cpp.o
#25 809.1 [1807/1829] Building CXX object modules/CMakeFiles/modules.dir/mod-playerbots/src/Mgr/Guild/PlayerbotGuildMgr.cpp.o
#25 809.2 [1808/1829] Building CXX object modules/CMakeFiles/modules.dir/mod-playerbots/src/Mgr/Guild/GuildTaskMgr.cpp.o
#25 811.0 [1809/1829] Building CXX object modules/CMakeFiles/modules.dir/mod-playerbots/src/Mgr/Item/StatsWeightCalculator.cpp.o
#25 811.2 [1810/1829] Building CXX object modules/CMakeFiles/modules.dir/mod-playerbots/src/Util/Helpers.cpp.o
#25 811.4 [1811/1829] Building CXX object modules/CMakeFiles/modules.dir/mod-playerbots/src/Bot/Factory/PlayerbotFactory.cpp.o
#25 812.3 [1812/1829] Building CXX object modules/CMakeFiles/modules.dir/mod-playerbots/src/Mgr/Talent/Talentspec.cpp.o
#25 812.6 [1813/1829] Building CXX object modules/CMakeFiles/modules.dir/mod-playerbots/src/Mgr/Move/FleeManager.cpp.o
#25 814.4 [1814/1829] Building CXX object modules/CMakeFiles/modules.dir/mod-playerbots/src/Script/WorldThr/PlayerbotWorldThreadProcessor.cpp.o
#25 815.7 [1815/1829] Building CXX object modules/CMakeFiles/modules.dir/mod-playerbots/src/Mgr/Security/PlayerbotSecurity.cpp.o
#25 817.5 [1816/1829] Building CXX object modules/CMakeFiles/modules.dir/mod-playerbots/src/Script/WorldThr/Queue.cpp.o
#25 817.8 [1817/1829] Building CXX object modules/CMakeFiles/modules.dir/mod-playerbots/src/Mgr/Item/RandomItemMgr.cpp.o
[driver] still running; 5s since the last output
#25 822.9 [1818/1829] Building CXX object modules/CMakeFiles/modules.dir/mod-playerbots/src/Util/ServerFacade.cpp.o
#25 824.8 [1819/1829] Building CXX object modules/CMakeFiles/modules.dir/mod-playerbots/src/Script/PlayerbotCommandScript.cpp.o
#25 825.7 [1820/1829] Building CXX object modules/CMakeFiles/modules.dir/mod-playerbots/src/Script/PlayerbotsSecureLogin.cpp.o
#25 827.1 [1821/1829] Building CXX object modules/CMakeFiles/modules.dir/mod-playerbots/src/Util/EncounterHelpers.cpp.o
#25 827.2 [1822/1829] Building CXX object modules/CMakeFiles/modules.dir/mod-playerbots/src/Util/PlaceholderHelper.cpp.o
#25 829.2 [1823/1829] Building CXX object modules/CMakeFiles/modules.dir/mod-playerbots/src/Script/Playerbots.cpp.o
#25 830.0 [1824/1829] Building CXX object modules/CMakeFiles/modules.dir/mod-playerbots/src/Util/BroadcastHelper.cpp.o
#25 833.7 [1825/1829] Building CXX object modules/CMakeFiles/modules.dir/mod-playerbots/src/Mgr/Travel/TravelMgr.cpp.o
#25 836.7 [1826/1829] Building CXX object modules/CMakeFiles/modules.dir/mod-playerbots/src/Mgr/Travel/TravelNode.cpp.o
#25 840.3 [1827/1829] Linking CXX static library modules/libmodules.a
#25 842.0 [1828/1829] Linking CXX executable src/tools/dbimport
#25 852.9 [1829/1829] Linking CXX executable src/server/apps/worldserver
#25 852.9 -- Installing: /azerothcore/env/dist/etc/authserver.conf.dist
#25 852.9 -- Installing: /azerothcore/env/dist/bin/authserver
#25 853.0 -- Set non-toolchain portion of runtime path of "/azerothcore/env/dist/bin/authserver" to "/azerothcore/env/dist/lib"
#25 853.0 -- Installing: /azerothcore/env/dist/etc/worldserver.conf.dist
#25 853.0 -- Installing: /azerothcore/env/dist/bin/worldserver
#25 853.5 -- Set non-toolchain portion of runtime path of "/azerothcore/env/dist/bin/worldserver" to "/azerothcore/env/dist/lib"
#25 853.5 -- Installing: /azerothcore/env/dist/etc/dbimport.conf.dist
#25 853.5 -- Installing: /azerothcore/env/dist/bin/dbimport
#25 853.6 -- Set non-toolchain portion of runtime path of "/azerothcore/env/dist/bin/dbimport" to "/azerothcore/env/dist/lib"
#25 853.6 -- Installing: /azerothcore/env/dist/bin/map_extractor
#25 853.6 -- Set non-toolchain portion of runtime path of "/azerothcore/env/dist/bin/map_extractor" to "/azerothcore/env/dist/lib"
#25 853.6 -- Installing: /azerothcore/env/dist/bin/mmaps_generator
#25 853.6 -- Set non-toolchain portion of runtime path of "/azerothcore/env/dist/bin/mmaps_generator" to "/azerothcore/env/dist/lib"
#25 853.6 -- Installing: /azerothcore/env/dist/bin/mmaps-config.yaml
#25 853.6 -- Installing: /azerothcore/env/dist/bin/vmap4_assembler
#25 853.6 -- Set non-toolchain portion of runtime path of "/azerothcore/env/dist/bin/vmap4_assembler" to "/azerothcore/env/dist/lib"
#25 853.6 -- Installing: /azerothcore/env/dist/bin/vmap4_extractor
#25 853.6 -- Set non-toolchain portion of runtime path of "/azerothcore/env/dist/bin/vmap4_extractor" to "/azerothcore/env/dist/lib"
#25 853.6 -- Installing: /azerothcore/env/dist/etc/modules/playerbots.conf.dist
#25 DONE 856.3s

#26 [ac-worldserver runtime 2/4] COPY --from=build /azerothcore/env/dist/etc/ /azerothcore/env/ref/etc
#26 DONE 0.3s

#27 [ac-worldserver runtime 3/4] RUN userdel --remove ubuntu   && addgroup --gid "1000" "acore"   && adduser --disabled-password --gecos '' --uid "1000" --gid "1000" "acore"   && passwd -d "acore"   && chown -R "acore:acore" /azerothcore
#27 0.536 userdel: ubuntu mail spool (/var/mail/ubuntu) not found
#27 0.736 info: Adding group `acore' (GID 1000) ...
#27 0.858 info: Adding user `acore' ...
#27 0.861 info: Adding new user `acore' (1000) with group `acore (1000)' ...
#27 1.023 info: Creating home directory `/home/acore' ...
#27 1.027 info: Copying files from `/etc/skel' ...
#27 1.084 info: Adding new user `acore' to supplemental / extra groups `users' ...
#27 1.087 info: Adding user `acore' to group `users' ...
#27 1.195 passwd: password changed.
#27 DONE 1.3s

#28 [ac-authserver runtime 4/4] COPY --chown=1000:1000      --chmod=755      apps/docker/entrypoint.sh /azerothcore/entrypoint.sh
#28 DONE 0.2s

#29 [ac-db-import runtime 2/4] COPY --from=build /azerothcore/env/dist/etc/ /azerothcore/env/ref/etc
#29 CACHED

#30 [ac-db-import runtime 4/4] COPY --chown=1000:1000      --chmod=755      apps/docker/entrypoint.sh /azerothcore/entrypoint.sh
#30 CACHED

#31 [ac-db-import build 6/8] COPY modules /azerothcore/modules
#31 CACHED

#19 [ac-db-import build 1/8] RUN apt-get update                                                         && apt-get install -y --no-install-recommends                                 build-essential ccache libtool cmake-data ninja-build cmake clang            git lsb-base curl unzip default-mysql-client openssl                          default-libmysqlclient-dev libboost-all-dev libssl-dev libmysql++-dev         libreadline-dev zlib1g-dev libbz2-dev libncurses5-dev liblzma-dev      && rm -rf /var/lib/apt/lists/*
#19 CACHED

#32 [ac-db-import build 3/8] COPY conf /azerothcore/conf
#32 CACHED

#33 [ac-db-import runtime 3/4] RUN userdel --remove ubuntu   && addgroup --gid "1000" "acore"   && adduser --disabled-password --gecos '' --uid "1000" --gid "1000" "acore"   && passwd -d "acore"   && chown -R "acore:acore" /azerothcore
#33 CACHED

#34 [ac-db-import build 4/8] COPY deps /azerothcore/deps
#34 CACHED

#35 [ac-db-import build 5/8] COPY src /azerothcore/src
#35 CACHED

#36 [ac-db-import build 8/8] RUN --mount=type=cache,target=/ccache,sharing=locked     --mount=type=bind,target=/azerothcore/.git,source=.git     git config --global --add safe.directory /azerothcore     && cmake /azerothcore        -G Ninja        -DCMAKE_INSTALL_PREFIX="/azerothcore/env/dist"         -DAPPS_BUILD="all"                                     -DTOOLS_BUILD="all"                          -DSCRIPTS="static"                                  -DMODULES="static"                                  -DWITH_WARNINGS="ON"                      -DCMAKE_BUILD_TYPE="RelWithDebInfo"                            -DCMAKE_CXX_COMPILER="clang++"                         -DCMAKE_C_COMPILER="clang"                             -DCMAKE_CXX_COMPILER_LAUNCHER="ccache"                 -DCMAKE_C_COMPILER_LAUNCHER="ccache"                   -DBoost_USE_STATIC_LIBS="ON"                        && cmake --build . --config "RelWithDebInfo" -j $(($(nproc) + 1))     && cmake --install . --config "RelWithDebInfo"
#36 CACHED

#37 [ac-db-import build 2/8] COPY CMakeLists.txt /azerothcore/CMakeLists.txt
#37 CACHED

#38 [ac-db-import build 7/8] WORKDIR /azerothcore/build
#38 CACHED

#39 [ac-authserver authserver 1/1] COPY --chown=acore:acore      --from=build      /azerothcore/env/dist/bin/authserver /azerothcore/env/dist/bin/authserver
#39 DONE 0.4s

#40 [ac-db-import db-import 1/3] COPY --chown=acore:acore     data data
#40 ...

#41 [ac-worldserver worldserver 1/1] COPY --chown=acore:acore      --from=build      /azerothcore/env/dist/bin/worldserver /azerothcore/env/dist/bin/worldserver
#41 DONE 4.1s

#42 [ac-authserver] exporting to image
#42 exporting layers
#42 ...

#40 [ac-db-import db-import 1/3] COPY --chown=acore:acore     data data
#40 DONE 4.7s

#43 [ac-worldserver] exporting to image
#43 ...

#44 [ac-db-import db-import 2/3] COPY --chown=acore:acore     modules modules
#44 DONE 1.4s

#45 [ac-db-import db-import 3/3] COPY --chown=acore:acore     --from=build      /azerothcore/env/dist/bin/dbimport /azerothcore/env/dist/bin/dbimport
#45 DONE 0.4s

#43 [ac-worldserver] exporting to image
#43 ...

#46 [ac-db-import] exporting to image
#46 exporting layers
#46 ...

#42 [ac-authserver] exporting to image
#42 exporting layers 12.3s done
#42 exporting manifest sha256:1833a0d344bff1ee30e1bb9d8240ace3078d567c395c8866996c9786a9e8a7fc 0.1s done
#42 exporting config sha256:348ec3ad3de40c3b745705248dce438d3ff2d0c8602ef672f797fb435068f15f 0.1s done
#42 exporting attestation manifest sha256:26a42297f5c9a79485e7b2a684ef85a43feb29132209e7fff1f76380431cfe9c 0.1s done
#42 exporting manifest list sha256:ea57eab3364ea58efade4db8bb73aa4793fc720de9dcf062f93cb9125451a6b8
#42 exporting manifest list sha256:ea57eab3364ea58efade4db8bb73aa4793fc720de9dcf062f93cb9125451a6b8 0.1s done
#42 naming to yulon.local/ac-wotlk-authserver:native-243c46e3 0.0s done
#42 unpacking to yulon.local/ac-wotlk-authserver:native-243c46e3
#42 unpacking to yulon.local/ac-wotlk-authserver:native-243c46e3 2.0s done
#42 DONE 14.8s

#43 [ac-worldserver] exporting to image
#43 ...

#47 [ac-authserver] resolving provenance for metadata file
#47 DONE 0.0s

#43 [ac-worldserver] exporting to image
#43 exporting layers 29.6s done
#43 exporting manifest sha256:52fe028b5186737c47715ff32bbe26a7bca35a49e4d68b406d1be979a52b9bc5 0.1s done
#43 exporting config sha256:2fe9245c1650f67def0aa158bbfb53d1fd310670720707600cb450f3d1880a24 0.1s done
#43 exporting attestation manifest sha256:fc0f48d1ead5b64c026a4545fb9ea87732f40d9e4064b0b7292b1183d896a125 0.1s done
#43 exporting manifest list sha256:4d76ce49f2d2d587fa6ef84fa9df19e456606166974d028984f7d620114d05ae
#43 exporting manifest list sha256:4d76ce49f2d2d587fa6ef84fa9df19e456606166974d028984f7d620114d05ae 0.1s done
#43 naming to yulon.local/ac-wotlk-worldserver:native-243c46e3 done
#43 unpacking to yulon.local/ac-wotlk-worldserver:native-243c46e3
#43 unpacking to yulon.local/ac-wotlk-worldserver:native-243c46e3 4.0s done
#43 DONE 34.1s

#46 [ac-db-import] exporting to image
#46 ...

#48 [ac-worldserver] resolving provenance for metadata file
#48 DONE 0.0s

#46 [ac-db-import] exporting to image
#46 exporting layers 43.1s done
#46 exporting manifest sha256:09c96e0bfa65c0da1df910e014c44d1c6e7d28014ac0b35be80210bb030e2d19 0.1s done
#46 exporting config sha256:57f9cf74cc967ecaf1b3a3ade5b8ab9013dd0bfb540c8e15cf6e2e065b163d40 0.1s done
#46 exporting attestation manifest sha256:aa6544b9aa57c24c5b4aff1ac58855184d558c5ce4f54ff38ca30b79a687c5df 0.1s done
#46 exporting manifest list sha256:6b7bc4ec24794fdeb5ee703083dea0667bb02bed40266c7ef31d449c6f3d24ac
#46 exporting manifest list sha256:6b7bc4ec24794fdeb5ee703083dea0667bb02bed40266c7ef31d449c6f3d24ac 0.1s done
#46 naming to yulon.local/ac-wotlk-db-import:native-243c46e3 0.0s done
#46 unpacking to yulon.local/ac-wotlk-db-import:native-243c46e3
#46 unpacking to yulon.local/ac-wotlk-db-import:native-243c46e3 10.2s done
#46 DONE 53.8s

#49 [ac-db-import] resolving provenance for metadata file
#49 DONE 0.0s
 yulon.local/ac-wotlk-authserver:native-243c46e3  Built
 yulon.local/ac-wotlk-client-data:native-243c46e3  Built
 yulon.local/ac-wotlk-db-import:native-243c46e3  Built
 yulon.local/ac-wotlk-worldserver:native-243c46e3  Built
The build finished.
Step 5 of 9 (55%): client-data
--- client-data
The part of the download that finished is kept: the fetch resumes from where it stopped.
Fetching server data (ac-client-data-init). The download resumes if it is interrupted.
Attaching to ac-client-data-init
ac-client-data-init  | yulon: downloading client data v20.0 (resumable)
ac-client-data-init  | yulon: extracting client data v20.0
[driver] still running; 25s since the last output
ac-client-data-init  | yulon: client data v20.0 installed

[Kac-client-data-init exited with code 0
 Network yulon-wow-wotlk-243c46e3_default  Creating
 Network yulon-wow-wotlk-243c46e3_default  Created
 Volume yulon-wow-wotlk-243c46e3_client-data  Creating
 Volume yulon-wow-wotlk-243c46e3_client-data  Created
 Container ac-client-data-init  Creating
 Container ac-client-data-init  Created
ac-client-data-init  |   % Total    % Received % Xferd  Average Speed   Time    Time     Time  Current
ac-client-data-init  |                                  Dload  Upload   Total   Spent    Left  Speed
ac-client-data-init  | 
  0     0    0     0    0     0      0      0 --:--:-- --:--:-- --:--:--     0
  0     0    0     0    0     0      0      0 --:--:-- --:--:-- --:--:--     0
  0     0    0     0    0     0      0      0 --:--:-- --:--:-- --:--:--     0
ac-client-data-init  | 
  0 1140M    0 9053k    0     0  7173k      0  0:02:42  0:00:01  0:02:41 7173k
  1 1140M    1 20.9M    0     0  9453k      0  0:02:03  0:00:02  0:02:01 12.0M
  2 1140M    2 30.3M    0     0  9528k      0  0:02:02  0:00:03  0:01:59 10.7M
  3 1140M    3 41.3M    0     0  9939k      0  0:01:57  0:00:04  0:01:53 10.8M
  4 1140M    4 52.3M    0     0  9898k      0  0:01:58  0:00:05  0:01:53 10.4M
  5 1140M    5 59.7M    0     0  9770k      0  0:01:59  0:00:06  0:01:53 10.1M
  5 1140M    5 67.1M    0     0  9464k      0  0:02:03  0:00:07  0:01:56 9467k
  6 1140M    6 75.8M    0     0  9398k      0  0:02:04  0:00:08  0:01:56 9314k
  7 1140M    7 85.7M    0     0  9482k      0  0:02:03  0:00:09  0:01:54 9091k
  8 1140M    8 95.2M    0     0  9506k      0  0:02:02  0:00:10  0:01:52 9068k
  9 1140M    9  104M    0     0  9501k      0  0:02:02  0:00:11  0:01:51 9163k
 10 1140M   10  115M    0     0  9613k      0  0:02:01  0:00:12  0:01:49 9829k
 11 1140M   11  126M    0     0  9780k      0  0:01:59  0:00:13  0:01:46 10.1M
 12 1140M   12  139M    0     0   9.7M      0  0:01:56  0:00:14  0:01:42 10.7M
 13 1140M   13  149M    0     0   9.7M      0  0:01:56  0:00:15  0:01:41 10.8M
 13 1140M   13  158M    0     0  9958k      0  0:01:57  0:00:16  0:01:41 10.7M
 14 1140M   14  167M    0     0  9917k      0  0:01:57  0:00:17  0:01:40 10.4M
 15 1140M   15  174M    0     0  9780k      0  0:01:59  0:00:18  0:01:41 9781k
 16 1140M   16  183M    0     0  9741k      0  0:01:59  0:00:19  0:01:40 8985k
 16 1140M   16  192M    0     0  9707k      0  0:02:00  0:00:20  0:01:40 8763k
 17 1140M   17  198M    0     0  9537k      0  0:02:02  0:00:21  0:01:41 8169k
 17 1140M   17  204M    0     0  9417k      0  0:02:04  0:00:22  0:01:42 7687k
 18 1140M   18  210M    0     0  9282k      0  0:02:05  0:00:23  0:01:42 7457k
 19 1140M   19  217M    0     0  9186k      0  0:02:07  0:00:24  0:01:43 7046k
 19 1140M   19  224M    0     0  9103k      0  0:02:08  0:00:25  0:01:43 6655k
 20 1140M   20  232M    0     0  9082k      0  0:02:08  0:00:26  0:01:42 7145k
 20 1140M   20  238M    0     0  8975k      0  0:02:10  0:00:27  0:01:43 7011k
 21 1140M   21  245M    0     0  8887k      0  0:02:11  0:00:28  0:01:43 7050k
 21 1140M   21  250M    0     0  8760k      0  0:02:13  0:00:29  0:01:44 6703k
 22 1140M   22  257M    0     0  8672k      0  0:02:14  0:00:30  0:01:44 6552k
 23 1140M   23  265M    0     0  8698k      0  0:02:14  0:00:31  0:01:43 6684k
 23 1140M   23  273M    0     0  8686k      0  0:02:14  0:00:32  0:01:42 7110k
 24 1140M   24  282M    0     0  8706k      0  0:02:14  0:00:33  0:01:41 7683k
 25 1140M   25  292M    0     0  8745k      0  0:02:13  0:00:34  0:01:39 8656k
 26 1140M   26  302M    0     0  8754k      0  0:02:13  0:00:35  0:01:38 9256k
 27 1140M   27  312M    0     0  8810k      0  0:02:12  0:00:36  0:01:36 9510k
 28 1140M   28  321M    0     0  8848k      0  0:02:12  0:00:37  0:01:35 9894k
 28 1140M   28  330M    0     0  8852k      0  0:02:11  0:00:38  0:01:33 9821k
 29 1140M   29  340M    0     0  8867k      0  0:02:11  0:00:39  0:01:32 9706k
 30 1140M   30  348M    0     0  8851k      0  0:02:11  0:00:40  0:01:31 9543k
 31 1140M   31  356M    0     0  8841k      0  0:02:12  0:00:41  0:01:31 9070k
 31 1140M   31  361M    0     0  8751k      0  0:02:13  0:00:42  0:01:31 8024k
 32 1140M   32  367M    0     0  8688k      0  0:02:14  0:00:43  0:01:31 7430k
 32 1140M   32  373M    0     0  8632k      0  0:02:15  0:00:44  0:01:31 6787k
 33 1140M   33  378M    0     0  8572k      0  0:02:16  0:00:45  0:01:31 6326k
 33 1140M   33  386M    0     0  8549k      0  0:02:16  0:00:46  0:01:30 6138k
 34 1140M   34  394M    0     0  8550k      0  0:02:16  0:00:47  0:01:29 6856k
 35 1140M   35  404M    0     0  8584k      0  0:02:16  0:00:48  0:01:28 7685k
 36 1140M   36  413M    0     0  8599k      0  0:02:15  0:00:49  0:01:26 8304k
 36 1140M   36  421M    0     0  8583k      0  0:02:16  0:00:50  0:01:26 8678k
 37 1140M   37  431M    0     0  8618k      0  0:02:15  0:00:51  0:01:24 9252k
 38 1140M   38  442M    0     0  8677k      0  0:02:14  0:00:52  0:01:22 9869k
 39 1140M   39  455M    0     0  8756k      0  0:02:13  0:00:53  0:01:20 10.1M
 40 1140M   40  465M    0     0  8789k      0  0:02:12  0:00:54  0:01:18 10.4M
 41 1140M   41  473M    0     0  8768k      0  0:02:13  0:00:55  0:01:18 10.3M
 42 1140M   42  482M    0     0  8778k      0  0:02:13  0:00:56  0:01:17 10.1M
 43 1140M   43  492M    0     0  8799k      0  0:02:12  0:00:57  0:01:15  9.8M
 43 1140M   43  500M    0     0  8797k      0  0:02:12  0:00:58  0:01:14 9232k
 44 1140M   44  510M    0     0  8817k      0  0:02:12  0:00:59  0:01:13 9120k
 45 1140M   45  521M    0     0  8854k      0  0:02:11  0:01:00  0:01:11 9798k
 46 1140M   46  533M    0     0  8913k      0  0:02:11  0:01:01  0:01:10 10.1M
 47 1140M   47  546M    0     0  8991k      0  0:02:09  0:01:02  0:01:07 10.9M
 49 1140M   49  560M    0     0  9073k      0  0:02:08  0:01:03  0:01:05 12.0M
 50 1140M   50  574M    0     0  9151k      0  0:02:07  0:01:04  0:01:03 12.8M
 51 1140M   51  583M    0     0  9148k      0  0:02:07  0:01:05  0:01:02 12.3M
 51 1140M   51  593M    0     0  9166k      0  0:02:07  0:01:06  0:01:01 11.9M
 52 1140M   52  601M    0     0  9157k      0  0:02:07  0:01:07  0:01:00 10.9M
 53 1140M   53  610M    0     0  9163k      0  0:02:07  0:01:08  0:00:59 10.0M
 54 1140M   54  620M    0     0  9172k      0  0:02:07  0:01:09  0:00:58 9446k
 55 1140M   55  628M    0     0  9152k      0  0:02:07  0:01:10  0:00:57 9207k
 55 1140M   55  632M    0     0  9089k      0  0:02:08  0:01:11  0:00:57 8064k
 55 1140M   55  637M    0     0  9039k      0  0:02:09  0:01:12  0:00:57 7466k
 56 1140M   56  642M    0     0  8986k      0  0:02:09  0:01:13  0:00:56 6569k
 56 1140M   56  648M    0     0  8949k      0  0:02:10  0:01:14  0:00:56 5849k
 57 1140M   57  656M    0     0  8927k      0  0:02:10  0:01:15  0:00:55 5757k
 58 1140M   58  664M    0     0  8927k      0  0:02:10  0:01:16  0:00:54 6620k
 59 1140M   59  674M    0     0  8945k      0  0:02:10  0:01:17  0:00:53 7585k
 59 1140M   59  683M    0     0  8945k      0  0:02:10  0:01:18  0:00:52 8345k
 60 1140M   60  693M    0     0  8955k      0  0:02:10  0:01:19  0:00:51 9053k
 61 1140M   61  702M    0     0  8959k      0  0:02:10  0:01:20  0:00:50 9443k
 62 1140M   62  710M    0     0  8958k      0  0:02:10  0:01:21  0:00:49 9427k
 63 1140M   63  720M    0     0  8970k      0  0:02:10  0:01:22  0:00:48 9357k
 64 1140M   64  731M    0     0  8995k      0  0:02:09  0:01:23  0:00:46 9788k
 65 1140M   65  742M    0     0  9018k      0  0:02:09  0:01:24  0:00:45  9.7M
 65 1140M   65  750M    0     0  9001k      0  0:02:09  0:01:25  0:00:44 9663k
 66 1140M   66  759M    0     0  9021k      0  0:02:09  0:01:26  0:00:43  9.8M
 67 1140M   67  771M    0     0  9057k      0  0:02:08  0:01:27  0:00:41 10.2M
 68 1140M   68  784M    0     0  9103k      0  0:02:08  0:01:28  0:00:40 10.6M
 69 1140M   69  796M    0     0  9131k      0  0:02:07  0:01:29  0:00:38 10.7M
 70 1140M   70  803M    0     0  9117k      0  0:02:08  0:01:30  0:00:38 10.9M
 71 1140M   71  812M    0     0  9119k      0  0:02:08  0:01:31  0:00:37 10.5M
 72 1140M   72  823M    0     0  9135k      0  0:02:07  0:01:32  0:00:35 10.2M
 73 1140M   73  833M    0     0  9155k      0  0:02:07  0:01:33  0:00:34  9.8M
 73 1140M   73  842M    0     0  9153k      0  0:02:07  0:01:34  0:00:33 9532k
 74 1140M   74  848M    0     0  9121k      0  0:02:08  0:01:35  0:00:33 9196k
 74 1140M   74  852M    0     0  9073k      0  0:02:08  0:01:36  0:00:32 8227k
 75 1140M   75  858M    0     0  9039k      0  0:02:09  0:01:37  0:00:32 7262k
 75 1140M   75  863M    0     0  9003k      0  0:02:09  0:01:38  0:00:31 6171k
 76 1140M   76  868M    0     0  8957k      0  0:02:10  0:01:39  0:00:31 5260k
 76 1140M   76  871M    0     0  8905k      0  0:02:11  0:01:40  0:00:31 4782k
 76 1140M   76  875M    0     0  8856k      0  0:02:11  0:01:41  0:00:30 4681k
 77 1140M   77  880M    0     0  8811k      0  0:02:12  0:01:42  0:00:30 4389k
 77 1140M   77  885M    0     0  8781k      0  0:02:13  0:01:43  0:00:30 4414k
 78 1140M   78  892M    0     0  8762k      0  0:02:13  0:01:44  0:00:29 4899k
 78 1140M   78  898M    0     0  8731k      0  0:02:13  0:01:45  0:00:28 5353k
 79 1140M   79  904M    0     0  8713k      0  0:02:14  0:01:46  0:00:28 5827k
 79 1140M   79  911M    0     0  8703k      0  0:02:14  0:01:47  0:00:27 6489k
 80 1140M   80  917M    0     0  8676k      0  0:02:14  0:01:48  0:00:26 6510k
 80 1140M   80  922M    0     0  8645k      0  0:02:15  0:01:49  0:00:26 6199k
 81 1140M   81  928M    0     0  8619k      0  0:02:15  0:01:50  0:00:25 6190k
 81 1140M   81  933M    0     0  8595k      0  0:02:15  0:01:51  0:00:24 6085k
 82 1140M   82  940M    0     0  8577k      0  0:02:16  0:01:52  0:00:24 5875k
 83 1140M   83  948M    0     0  8571k      0  0:02:16  0:01:53  0:00:23 6303k
 83 1140M   83  957M    0     0  8578k      0  0:02:16  0:01:54  0:00:22 7112k
 84 1140M   84  967M    0     0  8594k      0  0:02:15  0:01:55  0:00:20 8043k
 85 1140M   85  977M    0     0  8609k      0  0:02:15  0:01:56  0:00:19 8903k
 86 1140M   86  986M    0     0  8618k      0  0:02:15  0:01:57  0:00:18 9539k
 87 1140M   87  993M    0     0  8604k      0  0:02:15  0:01:58  0:00:17 9349k
 87 1140M   87 1000M    0     0  8586k      0  0:02:16  0:01:59  0:00:17 8774k
 88 1140M   88 1006M    0     0  8567k      0  0:02:16  0:02:00  0:00:16 7938k
 88 1140M   88 1010M    0     0  8534k      0  0:02:16  0:02:01  0:00:15 6796k
 88 1140M   88 1014M    0     0  8499k      0  0:02:17  0:02:02  0:00:15 5690k
 89 1140M   89 1019M    0     0  8471k      0  0:02:17  0:02:03  0:00:14 5340k
 89 1140M   89 1026M    0     0  8455k      0  0:02:18  0:02:04  0:00:14 5327k
 90 1140M   90 1033M    0     0  8449k      0  0:02:18  0:02:05  0:00:13 5602k
 91 1140M   91 1041M    0     0  8447k      0  0:02:18  0:02:06  0:00:12 6329k
 91 1140M   91 1048M    0     0  8440k      0  0:02:18  0:02:07  0:00:11 7006k
 92 1140M   92 1057M    0     0  8443k      0  0:02:18  0:02:08  0:00:10 7738k
 93 1140M   93 1065M    0     0  8437k      0  0:02:18  0:02:09  0:00:09 8009k
 93 1140M   93 1070M    0     0  8414k      0  0:02:18  0:02:10  0:00:08 7534k
 94 1140M   94 1074M    0     0  8381k      0  0:02:19  0:02:11  0:00:08 6722k
 94 1140M   94 1078M    0     0  8351k      0  0:02:19  0:02:12  0:00:07 6085k
 95 1140M   95 1084M    0     0  8331k      0  0:02:20  0:02:13  0:00:07 5463k
 95 1140M   95 1091M    0     0  8321k      0  0:02:20  0:02:14  0:00:06 5298k
 96 1140M   96 1099M    0     0  8320k      0  0:02:20  0:02:15  0:00:05 5891k
 96 1140M   96 1105M    0     0  8310k      0  0:02:20  0:02:16  0:00:04 6456k
 97 1140M   97 1112M    0     0  8301k      0  0:02:20  0:02:17  0:00:03 6969k
 98 1140M   98 1119M    0     0  8287k      0  0:02:20  0:02:18  0:00:02 7122k
 98 1140M   98 1125M    0     0  8272k      0  0:02:21  0:02:19  0:00:02 6959k
 99 1140M   99 1131M    0     0  8259k      0  0:02:21  0:02:20  0:00:01 6604k
 99 1140M   99 1136M    0     0  8239k      0  0:02:21  0:02:21 --:--:-- 6298k
100 1140M  100 1140M    0     0  8225k      0  0:02:22  0:02:22 --:--:-- 6050k
Server data is in place.
Step 6 of 9 (66%): start-db
--- start-db
Starting the database, which the import writes into.
2026-09-04 11:58:42 INFO [yulon.docker] start_database(): starting ac-database alone
The database is up.
Step 7 of 9 (77%): import
--- import
Databases left half-written are detected and cleared before the import is run again, so nothing here has to be undone by hand.
The databases read as absent: none of acore_auth, acore_characters, acore_world exists on this server yet
Importing the databases (ac-db-import). This takes several minutes.
Attaching to ac-db-import
ac-db-import  | '/azerothcore/env/ref/etc/authserver.conf.dist' -> '/azerothcore/env/dist/etc/authserver.conf.dist'
ac-db-import  | '/azerothcore/env/ref/etc/dbimport.conf.dist' -> '/azerothcore/env/dist/etc/dbimport.conf.dist'
ac-db-import  | '/azerothcore/env/ref/etc/modules' -> '/azerothcore/env/dist/etc/modules'
ac-db-import  | '/azerothcore/env/ref/etc/modules/playerbots.conf.dist' -> '/azerothcore/env/dist/etc/modules/playerbots.conf.dist'
ac-db-import  | '/azerothcore/env/ref/etc/worldserver.conf.dist' -> '/azerothcore/env/dist/etc/worldserver.conf.dist'
ac-db-import  | '/azerothcore/env/dist/etc/dbimport.conf.dist' -> '/azerothcore/env/dist/etc/dbimport.conf'
ac-db-import  | Starting dbimport...
ac-db-import  | [36mAzerothCore rev. 47960183bb03+ 2026-08-28 21:04:11 +0200 (Playerbot branch) (Unix, RelWithDebInfo, Static) (dbimport)
ac-db-import  | [0m[36m<Ctrl-C> to stop.
ac-db-import  | 
ac-db-import  | [0m[36m   █████╗ ███████╗███████╗██████╗  ██████╗ ████████╗██╗  ██╗
ac-db-import  | [0m[36m  ██╔══██╗╚══███╔╝██╔════╝██╔══██╗██╔═══██╗╚══██╔══╝██║  ██║
ac-db-import  | [0m[36m  ███████║  ███╔╝ █████╗  ██████╔╝██║   ██║   ██║   ███████║
ac-db-import  | [0m[36m  ██╔══██║ ███╔╝  ██╔══╝  ██╔══██╗██║   ██║   ██║   ██╔══██║
ac-db-import  | [0m[36m  ██║  ██║███████╗███████╗██║  ██║╚██████╔╝   ██║   ██║  ██║
ac-db-import  | [0m[36m  ╚═╝  ╚═╝╚══════╝╚══════╝╚═╝  ╚═╝ ╚═════╝    ╚═╝   ╚═╝  ╚═╝
ac-db-import  | [0m[36m                                 ██████╗ ██████╗ ██████╗ ███████╗
ac-db-import  | [0m[36m                                ██╔════╝██╔═══██╗██╔══██╗██╔════╝
ac-db-import  | [0m[36m                                ██║     ██║   ██║██████╔╝█████╗
ac-db-import  | [0m[36m                                ██║     ██║   ██║██╔══██╗██╔══╝
ac-db-import  | [0m[36m                                ╚██████╗╚██████╔╝██║  ██║███████╗
ac-db-import  | [0m[36m                                 ╚═════╝ ╚═════╝ ╚═╝  ╚═╝╚══════╝
ac-db-import  | 
ac-db-import  | [0m[36m     AzerothCore 3.3.5a  -  www.azerothcore.org
ac-db-import  | 
ac-db-import  | [0m[36m> Using configuration file:       /azerothcore/env/dist/etc/dbimport.conf
ac-db-import  | [0m[36m> Using SSL version:              OpenSSL 3.0.13 30 Jan 2024 (library: OpenSSL 3.0.13 30 Jan 2024)
ac-db-import  | [0m[36m> Using Boost version:            1.83.0
ac-db-import  | [0m[36m 
ac-db-import  | [0m[36mConfiguration field WorldDatabaseInfo was overridden with environment variable.
ac-db-import  | [0m[36mConfiguration field CharacterDatabaseInfo was overridden with environment variable.
ac-db-import  | [0m[36mConfiguration field LoginDatabaseInfo was overridden with environment variable.
ac-db-import  | [0m[36mConfiguration field LogsDir was overridden with environment variable.
ac-db-import  | [0m[36mLoading modules: all
ac-db-import  | [0m[36mOpening DatabasePool 'acore_auth'. Asynchronous connections: 1, synchronous connections: 1.
ac-db-import  | [0m[33mDatabase "acore_auth" does not exist
ac-db-import  | [0mDo you want to create it? [yes (default) / no]:
ac-db-import  | [36mCreating database "acore_auth"...
ac-db-import  | [0m[36mDone.
ac-db-import  | [0m[36m 
ac-db-import  | [0m[36mOpening DatabasePool 'acore_auth'. Asynchronous connections: 1, synchronous connections: 1.
ac-db-import  | [0m[36mMySQL client library: 8.0.46
ac-db-import  | [0m[36mMySQL server ver: 8.4.11 
ac-db-import  | [0m[36mConnected to MySQL database at ac-database
ac-db-import  | [0m[36mMySQL client library: 8.0.46
ac-db-import  | [0m[36mMySQL server ver: 8.4.11 
ac-db-import  | [0m[36mConnected to MySQL database at ac-database
ac-db-import  | [0m[36mDatabasePool 'acore_auth' opened successfully. 2 total connections running.
ac-db-import  | [0m[36m 
ac-db-import  | [0m[36mOpening DatabasePool 'acore_characters'. Asynchronous connections: 1, synchronous connections: 1.
ac-db-import  | [0m[33mDatabase "acore_characters" does not exist
ac-db-import  | [0mDo you want to create it? [yes (default) / no]:
ac-db-import  | [36mCreating database "acore_characters"...
ac-db-import  | [0m[36mDone.
ac-db-import  | [0m[36m 
ac-db-import  | [0m[36mOpening DatabasePool 'acore_characters'. Asynchronous connections: 1, synchronous connections: 1.
ac-db-import  | [0m[36mMySQL client library: 8.0.46
ac-db-import  | [0m[36mMySQL server ver: 8.4.11 
ac-db-import  | [0m[36mConnected to MySQL database at ac-database
ac-db-import  | [0m[36mMySQL client library: 8.0.46
ac-db-import  | [0m[36mMySQL server ver: 8.4.11 
ac-db-import  | [0m[36mConnected to MySQL database at ac-database
ac-db-import  | [0m[36mDatabasePool 'acore_characters' opened successfully. 2 total connections running.
ac-db-import  | [0m[36m 
ac-db-import  | [0m[36mOpening DatabasePool 'acore_world'. Asynchronous connections: 1, synchronous connections: 1.
ac-db-import  | [0m[33mDatabase "acore_world" does not exist
ac-db-import  | [0mDo you want to create it? [yes (default) / no]:
ac-db-import  | [36mCreating database "acore_world"...
ac-db-import  | [0m[36mDone.
ac-db-import  | [0m[36m 
ac-db-import  | [0m[36mOpening DatabasePool 'acore_world'. Asynchronous connections: 1, synchronous connections: 1.
ac-db-import  | [0m[36mMySQL client library: 8.0.46
ac-db-import  | [0m[36mMySQL server ver: 8.4.11 
ac-db-import  | [0m[36mConnected to MySQL database at ac-database
ac-db-import  | [0m[36mMySQL client library: 8.0.46
ac-db-import  | [0m[36mMySQL server ver: 8.4.11 
ac-db-import  | [0m[36mConnected to MySQL database at ac-database
ac-db-import  | [0m[36mDatabasePool 'acore_world' opened successfully. 2 total connections running.
ac-db-import  | [0m[36m 
ac-db-import  | [0m[36mDatabase Auth is empty, auto populating it...
ac-db-import  | [0m[36m>> Applying 'account.sql'...
ac-db-import  | [0m[36m>> Applying 'account_access.sql'...
ac-db-import  | [0m[36m>> Applying 'account_banned.sql'...
ac-db-import  | [0m[36m>> Applying 'account_muted.sql'...
ac-db-import  | [0m[36m>> Applying 'autobroadcast.sql'...
ac-db-import  | [0m[36m>> Applying 'autobroadcast_locale.sql'...
ac-db-import  | [0m[36m>> Applying 'build_info.sql'...
ac-db-import  | [0m[36m>> Applying 'ip_banned.sql'...
ac-db-import  | [0m[36m>> Applying 'logs.sql'...
ac-db-import  | [0m[36m>> Applying 'logs_ip_actions.sql'...
ac-db-import  | [0m[36m>> Applying 'motd.sql'...
ac-db-import  | [0m[36m>> Applying 'motd_localized.sql'...
ac-db-import  | [0m[36m>> Applying 'rbac_account_permissions.sql'...
ac-db-import  | [0m[36m>> Applying 'rbac_default_permissions.sql'...
ac-db-import  | [0m[36m>> Applying 'rbac_linked_permissions.sql'...
ac-db-import  | [0m[36m>> Applying 'rbac_permissions.sql'...
ac-db-import  | [0m[36m>> Applying 'realmcharacters.sql'...
ac-db-import  | [0m[36m>> Applying 'realmlist.sql'...
ac-db-import  | [0m[36m>> Applying 'secret_digest.sql'...
ac-db-import  | [0m[36m>> Applying 'updates.sql'...
ac-db-import  | [0m[36m>> Applying 'updates_include.sql'...
ac-db-import  | [0m[36m>> Applying 'uptime.sql'...
ac-db-import  | [0m[36m>> Done!
ac-db-import  | [0m[36m 
ac-db-import  | [0m[36mDatabase Character is empty, auto populating it...
ac-db-import  | [0m[36m>> Applying 'account_data.sql'...
ac-db-import  | [0m[36m>> Applying 'account_instance_times.sql'...
ac-db-import  | [0m[36m>> Applying 'account_tutorial.sql'...
ac-db-import  | [0m[36m>> Applying 'active_arena_season.sql'...
ac-db-import  | [0m[36m>> Applying 'addons.sql'...
ac-db-import  | [0m[36m>> Applying 'arena_team.sql'...
ac-db-import  | [0m[36m>> Applying 'arena_team_member.sql'...
ac-db-import  | [0m[36m>> Applying 'auctionhouse.sql'...
ac-db-import  | [0m[36m>> Applying 'banned_addons.sql'...
ac-db-import  | [0m[36m>> Applying 'battleground_deserters.sql'...
ac-db-import  | [0m[36m>> Applying 'bugreport.sql'...
ac-db-import  | [0m[36m>> Applying 'calendar_events.sql'...
ac-db-import  | [0m[36m>> Applying 'calendar_invites.sql'...
ac-db-import  | [0m[36m>> Applying 'channels.sql'...
ac-db-import  | [0m[36m>> Applying 'channels_bans.sql'...
ac-db-import  | [0m[36m>> Applying 'channels_rights.sql'...
ac-db-import  | [0m[36m>> Applying 'character_account_data.sql'...
ac-db-import  | [0m[36m>> Applying 'character_achievement.sql'...
ac-db-import  | [0m[36m>> Applying 'character_achievement_offline_updates.sql'...
ac-db-import  | [0m[36m>> Applying 'character_achievement_progress.sql'...
ac-db-import  | [0m[36m>> Applying 'character_action.sql'...
ac-db-import  | [0m[36m>> Applying 'character_arena_stats.sql'...
ac-db-import  | [0m[36m>> Applying 'character_aura.sql'...
ac-db-import  | [0m[36m>> Applying 'character_banned.sql'...
ac-db-import  | [0m[36m>> Applying 'character_battleground_random.sql'...
ac-db-import  | [0m[36m>> Applying 'character_brew_of_the_month.sql'...
ac-db-import  | [0m[36m>> Applying 'character_declinedname.sql'...
ac-db-import  | [0m[36m>> Applying 'character_entry_point.sql'...
ac-db-import  | [0m[36m>> Applying 'character_equipmentsets.sql'...
ac-db-import  | [0m[36m>> Applying 'character_gifts.sql'...
ac-db-import  | [0m[36m>> Applying 'character_glyphs.sql'...
ac-db-import  | [0m[36m>> Applying 'character_homebind.sql'...
ac-db-import  | [0m[36m>> Applying 'character_instance.sql'...
ac-db-import  | [0m[36m>> Applying 'character_inventory.sql'...
ac-db-import  | [0m[36m>> Applying 'character_pet.sql'...
ac-db-import  | [0m[36m>> Applying 'character_pet_declinedname.sql'...
ac-db-import  | [0m[36m>> Applying 'character_queststatus.sql'...
ac-db-import  | [0m[36m>> Applying 'character_queststatus_daily.sql'...
ac-db-import  | [0m[36m>> Applying 'character_queststatus_monthly.sql'...
ac-db-import  | [0m[36m>> Applying 'character_queststatus_rewarded.sql'...
ac-db-import  | [0m[36m>> Applying 'character_queststatus_seasonal.sql'...
ac-db-import  | [0m[36m>> Applying 'character_queststatus_weekly.sql'...
ac-db-import  | [0m[36m>> Applying 'character_reputation.sql'...
ac-db-import  | [0m[36m>> Applying 'character_settings.sql'...
ac-db-import  | [0m[36m>> Applying 'character_skills.sql'...
ac-db-import  | [0m[36m>> Applying 'character_social.sql'...
ac-db-import  | [0m[36m>> Applying 'character_spell.sql'...
ac-db-import  | [0m[36m>> Applying 'character_spell_cooldown.sql'...
ac-db-import  | [0m[36m>> Applying 'character_stats.sql'...
ac-db-import  | [0m[36m>> Applying 'character_talent.sql'...
ac-db-import  | [0m[36m>> Applying 'characters.sql'...
ac-db-import  | [0m[36m>> Applying 'chat_filter.sql'...
ac-db-import  | [0m[36m>> Applying 'corpse.sql'...
ac-db-import  | [0m[36m>> Applying 'creature_respawn.sql'...
ac-db-import  | [0m[36m>> Applying 'game_event_condition_save.sql'...
ac-db-import  | [0m[36m>> Applying 'game_event_save.sql'...
ac-db-import  | [0m[36m>> Applying 'gameobject_respawn.sql'...
ac-db-import  | [0m[36m>> Applying 'gm_subsurvey.sql'...
ac-db-import  | [0m[36m>> Applying 'gm_survey.sql'...
ac-db-import  | [0m[36m>> Applying 'gm_ticket.sql'...
ac-db-import  | [0m[36m>> Applying 'group_member.sql'...
ac-db-import  | [0m[36m>> Applying 'groups.sql'...
ac-db-import  | [0m[36m>> Applying 'guild.sql'...
ac-db-import  | [0m[36m>> Applying 'guild_bank_eventlog.sql'...
ac-db-import  | [0m[36m>> Applying 'guild_bank_item.sql'...
ac-db-import  | [0m[36m>> Applying 'guild_bank_right.sql'...
ac-db-import  | [0m[36m>> Applying 'guild_bank_tab.sql'...
ac-db-import  | [0m[36m>> Applying 'guild_eventlog.sql'...
ac-db-import  | [0m[36m>> Applying 'guild_member.sql'...
ac-db-import  | [0m[36m>> Applying 'guild_member_withdraw.sql'...
ac-db-import  | [0m[36m>> Applying 'guild_rank.sql'...
ac-db-import  | [0m[36m>> Applying 'instance.sql'...
ac-db-import  | [0m[36m>> Applying 'instance_reset.sql'...
ac-db-import  | [0m[36m>> Applying 'instance_saved_go_state_data.sql'...
ac-db-import  | [0m[36m>> Applying 'item_instance.sql'...
ac-db-import  | [0m[36m>> Applying 'item_loot_storage.sql'...
ac-db-import  | [0m[36m>> Applying 'item_refund_instance.sql'...
ac-db-import  | [0m[36m>> Applying 'item_soulbound_trade_data.sql'...
ac-db-import  | [0m[36m>> Applying 'lag_reports.sql'...
ac-db-import  | [0m[36m>> Applying 'lfg_data.sql'...
ac-db-import  | [0m[36m>> Applying 'log_arena_fights.sql'...
ac-db-import  | [0m[36m>> Applying 'log_arena_memberstats.sql'...
ac-db-import  | [0m[36m>> Applying 'log_encounter.sql'...
ac-db-import  | [0m[36m>> Applying 'log_money.sql'...
ac-db-import  | [0m[36m>> Applying 'mail.sql'...
ac-db-import  | [0m[36m>> Applying 'mail_items.sql'...
ac-db-import  | [0m[36m>> Applying 'mail_server_character.sql'...
ac-db-import  | [0m[36m>> Applying 'mail_server_template.sql'...
ac-db-import  | [0m[36m>> Applying 'mail_server_template_conditions.sql'...
ac-db-import  | [0m[36m>> Applying 'mail_server_template_items.sql'...
ac-db-import  | [0m[36m>> Applying 'pet_aura.sql'...
ac-db-import  | [0m[36m>> Applying 'pet_spell.sql'...
ac-db-import  | [0m[36m>> Applying 'pet_spell_cooldown.sql'...
ac-db-import  | [0m[36m>> Applying 'petition.sql'...
ac-db-import  | [0m[36m>> Applying 'petition_sign.sql'...
ac-db-import  | [0m[36m>> Applying 'pool_quest_save.sql'...
ac-db-import  | [0m[36m>> Applying 'profanity_name.sql'...
ac-db-import  | [0m[36m>> Applying 'pvpstats_battlegrounds.sql'...
ac-db-import  | [0m[36m>> Applying 'pvpstats_players.sql'...
ac-db-import  | [0m[36m>> Applying 'quest_tracker.sql'...
ac-db-import  | [0m[36m>> Applying 'recovery_item.sql'...
ac-db-import  | [0m[36m>> Applying 'reserved_name.sql'...
ac-db-import  | [0m[36m>> Applying 'spam_reports.sql'...
ac-db-import  | [0m[36m>> Applying 'updates.sql'...
ac-db-import  | [0m[36m>> Applying 'updates_include.sql'...
ac-db-import  | [0m[36m>> Applying 'warden_action.sql'...
ac-db-import  | [0m[36m>> Applying 'world_state.sql'...
ac-db-import  | [0m[36m>> Applying 'worldstates.sql'...
ac-db-import  | [0m[36m>> Done!
ac-db-import  | [0m[36m 
ac-db-import  | [0m[36mDatabase World is empty, auto populating it...
ac-db-import  | [0m[36m>> Applying 'achievement_category_dbc.sql'...
ac-db-import  | [0m[36m>> Applying 'achievement_criteria_data.sql'...
ac-db-import  | [0m[36m>> Applying 'achievement_criteria_dbc.sql'...
ac-db-import  | [0m[36m>> Applying 'achievement_dbc.sql'...
ac-db-import  | [0m[36m>> Applying 'achievement_reward.sql'...
ac-db-import  | [0m[36m>> Applying 'achievement_reward_locale.sql'...
ac-db-import  | [0m[36m>> Applying 'acore_string.sql'...
ac-db-import  | [0m[36m>> Applying 'antidos_opcode_policies.sql'...
ac-db-import  | [0m[36m>> Applying 'areagroup_dbc.sql'...
ac-db-import  | [0m[36m>> Applying 'areapoi_dbc.sql'...
ac-db-import  | [0m[36m>> Applying 'areatable_dbc.sql'...
ac-db-import  | [0m[36m>> Applying 'areatrigger.sql'...
ac-db-import  | [0m[36m>> Applying 'areatrigger_involvedrelation.sql'...
ac-db-import  | [0m[36m>> Applying 'areatrigger_scripts.sql'...
ac-db-import  | [0m[36m>> Applying 'areatrigger_tavern.sql'...
ac-db-import  | [0m[36m>> Applying 'areatrigger_teleport.sql'...
ac-db-import  | [0m[36m>> Applying 'arena_season_reward.sql'...
ac-db-import  | [0m[36m>> Applying 'arena_season_reward_group.sql'...
ac-db-import  | [0m[36m>> Applying 'auctionhouse_dbc.sql'...
ac-db-import  | [0m[36m>> Applying 'bankbagslotprices_dbc.sql'...
ac-db-import  | [0m[36m>> Applying 'barbershopstyle_dbc.sql'...
ac-db-import  | [0m[36m>> Applying 'battleground_template.sql'...
ac-db-import  | [0m[36m>> Applying 'battlemaster_entry.sql'...
ac-db-import  | [0m[36m>> Applying 'battlemasterlist_dbc.sql'...
ac-db-import  | [0m[36m>> Applying 'broadcast_text.sql'...
ac-db-import  | [0m[36m>> Applying 'broadcast_text_locale.sql'...
ac-db-import  | [0m[36m>> Applying 'charstartoutfit_dbc.sql'...
ac-db-import  | [0m[36m>> Applying 'chartitles_dbc.sql'...
ac-db-import  | [0m[36m>> Applying 'chatchannels_dbc.sql'...
ac-db-import  | [0m[36m>> Applying 'chrclasses_dbc.sql'...
ac-db-import  | [0m[36m>> Applying 'chrraces_dbc.sql'...
ac-db-import  | [0m[36m>> Applying 'cinematiccamera_dbc.sql'...
ac-db-import  | [0m[36m>> Applying 'cinematicsequences_dbc.sql'...
ac-db-import  | [0m[36m>> Applying 'command.sql'...
ac-db-import  | [0m[36m>> Applying 'conditions.sql'...
ac-db-import  | [0m[36m>> Applying 'creature.sql'...
ac-db-import  | [0m[36m>> Applying 'creature_addon.sql'...
ac-db-import  | [0m[36m>> Applying 'creature_classlevelstats.sql'...
ac-db-import  | [0m[36m>> Applying 'creature_default_trainer.sql'...
ac-db-import  | [0m[36m>> Applying 'creature_equip_template.sql'...
ac-db-import  | [0m[36m>> Applying 'creature_formations.sql'...
ac-db-import  | [0m[36m>> Applying 'creature_immunities.sql'...
ac-db-import  | [0m[36m>> Applying 'creature_loot_template.sql'...
ac-db-import  | [0m[36m>> Applying 'creature_model_info.sql'...
ac-db-import  | [0m[36m>> Applying 'creature_movement_override.sql'...
ac-db-import  | [0m[36m>> Applying 'creature_onkill_reputation.sql'...
ac-db-import  | [0m[36m>> Applying 'creature_questender.sql'...
ac-db-import  | [0m[36m>> Applying 'creature_questitem.sql'...
ac-db-import  | [0m[36m>> Applying 'creature_queststarter.sql'...
ac-db-import  | [0m[36m>> Applying 'creature_sparring.sql'...
ac-db-import  | [0m[36m>> Applying 'creature_summon_groups.sql'...
ac-db-import  | [0m[36m>> Applying 'creature_template.sql'...
ac-db-import  | [0m[36m>> Applying 'creature_template_addon.sql'...
ac-db-import  | [0m[36m>> Applying 'creature_template_locale.sql'...
ac-db-import  | [0m[36m>> Applying 'creature_template_model.sql'...
ac-db-import  | [0m[36m>> Applying 'creature_template_movement.sql'...
ac-db-import  | [0m[36m>> Applying 'creature_template_resistance.sql'...
ac-db-import  | [0m[36m>> Applying 'creature_template_spell.sql'...
ac-db-import  | [0m[36m>> Applying 'creature_text.sql'...
ac-db-import  | [0m[36m>> Applying 'creature_text_locale.sql'...
ac-db-import  | [0m[36m>> Applying 'creaturedisplayinfo_dbc.sql'...
ac-db-import  | [0m[36m>> Applying 'creaturedisplayinfoextra_dbc.sql'...
ac-db-import  | [0m[36m>> Applying 'creaturefamily_dbc.sql'...
ac-db-import  | [0m[36m>> Applying 'creaturemodeldata_dbc.sql'...
ac-db-import  | [0m[36m>> Applying 'creaturespelldata_dbc.sql'...
ac-db-import  | [0m[36m>> Applying 'creaturetype_dbc.sql'...
ac-db-import  | [0m[36m>> Applying 'currencytypes_dbc.sql'...
ac-db-import  | [0m[36m>> Applying 'destructiblemodeldata_dbc.sql'...
ac-db-import  | [0m[36m>> Applying 'disables.sql'...
ac-db-import  | [0m[36m>> Applying 'disenchant_loot_template.sql'...
ac-db-import  | [0m[36m>> Applying 'dungeon_access_requirements.sql'...
ac-db-import  | [0m[36m>> Applying 'dungeon_access_template.sql'...
ac-db-import  | [0m[36m>> Applying 'dungeonencounter_dbc.sql'...
ac-db-import  | [0m[36m>> Applying 'durabilitycosts_dbc.sql'...
ac-db-import  | [0m[36m>> Applying 'durabilityquality_dbc.sql'...
ac-db-import  | [0m[36m>> Applying 'emotes_dbc.sql'...
ac-db-import  | [0m[36m>> Applying 'emotestext_dbc.sql'...
ac-db-import  | [0m[36m>> Applying 'event_scripts.sql'...
ac-db-import  | [0m[36m>> Applying 'exploration_basexp.sql'...
ac-db-import  | [0m[36m>> Applying 'faction_dbc.sql'...
ac-db-import  | [0m[36m>> Applying 'factiontemplate_dbc.sql'...
ac-db-import  | [0m[36m>> Applying 'fishing_loot_template.sql'...
ac-db-import  | [0m[36m>> Applying 'game_event.sql'...
ac-db-import  | [0m[36m>> Applying 'game_event_arena_seasons.sql'...
ac-db-import  | [0m[36m>> Applying 'game_event_battleground_holiday.sql'...
ac-db-import  | [0m[36m>> Applying 'game_event_condition.sql'...
ac-db-import  | [0m[36m>> Applying 'game_event_creature.sql'...
ac-db-import  | [0m[36m>> Applying 'game_event_creature_quest.sql'...
ac-db-import  | [0m[36m>> Applying 'game_event_gameobject.sql'...
ac-db-import  | [0m[36m>> Applying 'game_event_gameobject_quest.sql'...
ac-db-import  | [0m[36m>> Applying 'game_event_model_equip.sql'...
ac-db-import  | [0m[36m>> Applying 'game_event_npc_vendor.sql'...
ac-db-import  | [0m[36m>> Applying 'game_event_npcflag.sql'...
ac-db-import  | [0m[36m>> Applying 'game_event_pool.sql'...
ac-db-import  | [0m[36m>> Applying 'game_event_prerequisite.sql'...
ac-db-import  | [0m[36m>> Applying 'game_event_quest_condition.sql'...
ac-db-import  | [0m[36m>> Applying 'game_event_seasonal_questrelation.sql'...
ac-db-import  | [0m[36m>> Applying 'game_graveyard.sql'...
ac-db-import  | [0m[36m>> Applying 'game_tele.sql'...
ac-db-import  | [0m[36m>> Applying 'game_weather.sql'...
ac-db-import  | [0m[36m>> Applying 'gameobject.sql'...
ac-db-import  | [0m[36m>> Applying 'gameobject_addon.sql'...
ac-db-import  | [0m[36m>> Applying 'gameobject_loot_template.sql'...
ac-db-import  | [0m[36m>> Applying 'gameobject_questender.sql'...
ac-db-import  | [0m[36m>> Applying 'gameobject_questitem.sql'...
ac-db-import  | [0m[36m>> Applying 'gameobject_queststarter.sql'...
ac-db-import  | [0m[36m>> Applying 'gameobject_summon_groups.sql'...
ac-db-import  | [0m[36m>> Applying 'gameobject_template.sql'...
ac-db-import  | [0m[36m>> Applying 'gameobject_template_addon.sql'...
ac-db-import  | [0m[36m>> Applying 'gameobject_template_locale.sql'...
ac-db-import  | [0m[36m>> Applying 'gameobjectartkit_dbc.sql'...
ac-db-import  | [0m[36m>> Applying 'gameobjectdisplayinfo_dbc.sql'...
ac-db-import  | [0m[36m>> Applying 'gemproperties_dbc.sql'...
ac-db-import  | [0m[36m>> Applying 'glyphproperties_dbc.sql'...
ac-db-import  | [0m[36m>> Applying 'glyphslot_dbc.sql'...
ac-db-import  | [0m[36m>> Applying 'gossip_menu.sql'...
ac-db-import  | [0m[36m>> Applying 'gossip_menu_option.sql'...
ac-db-import  | [0m[36m>> Applying 'gossip_menu_option_locale.sql'...
ac-db-import  | [0m[36m>> Applying 'graveyard_zone.sql'...
ac-db-import  | [0m[36m>> Applying 'gtbarbershopcostbase_dbc.sql'...
ac-db-import  | [0m[36m>> Applying 'gtchancetomeleecrit_dbc.sql'...
ac-db-import  | [0m[36m>> Applying 'gtchancetomeleecritbase_dbc.sql'...
ac-db-import  | [0m[36m>> Applying 'gtchancetospellcrit_dbc.sql'...
ac-db-import  | [0m[36m>> Applying 'gtchancetospellcritbase_dbc.sql'...
ac-db-import  | [0m[36m>> Applying 'gtcombatratings_dbc.sql'...
ac-db-import  | [0m[36m>> Applying 'gtnpcmanacostscaler_dbc.sql'...
ac-db-import  | [0m[36m>> Applying 'gtoctclasscombatratingscalar_dbc.sql'...
ac-db-import  | [0m[36m>> Applying 'gtoctregenhp_dbc.sql'...
ac-db-import  | [0m[36m>> Applying 'gtregenhpperspt_dbc.sql'...
ac-db-import  | [0m[36m>> Applying 'gtregenmpperspt_dbc.sql'...
ac-db-import  | [0m[36m>> Applying 'holiday_dates.sql'...
ac-db-import  | [0m[36m>> Applying 'holidays_dbc.sql'...
ac-db-import  | [0m[36m>> Applying 'instance_encounters.sql'...
ac-db-import  | [0m[36m>> Applying 'instance_template.sql'...
ac-db-import  | [0m[36m>> Applying 'item_dbc.sql'...
ac-db-import  | [0m[36m>> Applying 'item_enchantment_template.sql'...
ac-db-import  | [0m[36m>> Applying 'item_loot_template.sql'...
ac-db-import  | [0m[36m>> Applying 'item_set_names.sql'...
ac-db-import  | [0m[36m>> Applying 'item_set_names_locale.sql'...
ac-db-import  | [0m[36m>> Applying 'item_template.sql'...
ac-db-import  | [0m[36m>> Applying 'item_template_locale.sql'...
ac-db-import  | [0m[36m>> Applying 'itembagfamily_dbc.sql'...
ac-db-import  | [0m[36m>> Applying 'itemdisplayinfo_dbc.sql'...
ac-db-import  | [0m[36m>> Applying 'itemextendedcost_dbc.sql'...
ac-db-import  | [0m[36m>> Applying 'itemlimitcategory_dbc.sql'...
ac-db-import  | [0m[36m>> Applying 'itemrandomproperties_dbc.sql'...
ac-db-import  | [0m[36m>> Applying 'itemrandomsuffix_dbc.sql'...
ac-db-import  | [0m[36m>> Applying 'itemset_dbc.sql'...
ac-db-import  | [0m[36m>> Applying 'lfg_dungeon_rewards.sql'...
ac-db-import  | [0m[36m>> Applying 'lfg_dungeon_template.sql'...
ac-db-import  | [0m[36m>> Applying 'lfgdungeons_dbc.sql'...
ac-db-import  | [0m[36m>> Applying 'light_dbc.sql'...
ac-db-import  | [0m[36m>> Applying 'linked_respawn.sql'...
ac-db-import  | [0m[36m>> Applying 'liquidtype_dbc.sql'...
ac-db-import  | [0m[36m>> Applying 'lock_dbc.sql'...
ac-db-import  | [0m[36m>> Applying 'mail_level_reward.sql'...
ac-db-import  | [0m[36m>> Applying 'mail_loot_template.sql'...
ac-db-import  | [0m[36m>> Applying 'mailtemplate_dbc.sql'...
ac-db-import  | [0m[36m>> Applying 'map_dbc.sql'...
ac-db-import  | [0m[36m>> Applying 'mapdifficulty_dbc.sql'...
ac-db-import  | [0m[36m>> Applying 'milling_loot_template.sql'...
ac-db-import  | [0m[36m>> Applying 'module_string.sql'...
ac-db-import  | [0m[36m>> Applying 'module_string_locale.sql'...
ac-db-import  | [0m[36m>> Applying 'movie_dbc.sql'...
ac-db-import  | [0m[36m>> Applying 'namesprofanity_dbc.sql'...
ac-db-import  | [0m[36m>> Applying 'namesreserved_dbc.sql'...
ac-db-import  | [0m[36m>> Applying 'npc_spellclick_spells.sql'...
ac-db-import  | [0m[36m>> Applying 'npc_text.sql'...
ac-db-import  | [0m[36m>> Applying 'npc_text_locale.sql'...
ac-db-import  | [0m[36m>> Applying 'npc_trainer.sql'...
ac-db-import  | [0m[36m>> Applying 'npc_vendor.sql'...
ac-db-import  | [0m[36m>> Applying 'outdoorpvp_template.sql'...
ac-db-import  | [0m[36m>> Applying 'overridespelldata_dbc.sql'...
ac-db-import  | [0m[36m>> Applying 'page_text.sql'...
ac-db-import  | [0m[36m>> Applying 'page_text_locale.sql'...
ac-db-import  | [0m[36m>> Applying 'pet_levelstats.sql'...
ac-db-import  | [0m[36m>> Applying 'pet_name_generation.sql'...
ac-db-import  | [0m[36m>> Applying 'pet_name_generation_locale.sql'...
ac-db-import  | [0m[36m>> Applying 'pickpocketing_loot_template.sql'...
ac-db-import  | [0m[36m>> Applying 'player_class_stats.sql'...
ac-db-import  | [0m[36m>> Applying 'player_factionchange_achievement.sql'...
ac-db-import  | [0m[36m>> Applying 'player_factionchange_items.sql'...
ac-db-import  | [0m[36m>> Applying 'player_factionchange_quests.sql'...
ac-db-import  | [0m[36m>> Applying 'player_factionchange_reputations.sql'...
ac-db-import  | [0m[36m>> Applying 'player_factionchange_spells.sql'...
ac-db-import  | [0m[36m>> Applying 'player_factionchange_titles.sql'...
ac-db-import  | [0m[36m>> Applying 'player_loot_template.sql'...
ac-db-import  | [0m[36m>> Applying 'player_race_stats.sql'...
ac-db-import  | [0m[36m>> Applying 'player_shapeshift_model.sql'...
ac-db-import  | [0m[36m>> Applying 'player_totem_model.sql'...
ac-db-import  | [0m[36m>> Applying 'player_xp_for_level.sql'...
ac-db-import  | [0m[36m>> Applying 'playercreateinfo.sql'...
ac-db-import  | [0m[36m>> Applying 'playercreateinfo_action.sql'...
ac-db-import  | [0m[36m>> Applying 'playercreateinfo_cast_spell.sql'...
ac-db-import  | [0m[36m>> Applying 'playercreateinfo_item.sql'...
ac-db-import  | [0m[36m>> Applying 'playercreateinfo_skills.sql'...
ac-db-import  | [0m[36m>> Applying 'playercreateinfo_spell_custom.sql'...
ac-db-import  | [0m[36m>> Applying 'points_of_interest.sql'...
ac-db-import  | [0m[36m>> Applying 'points_of_interest_locale.sql'...
ac-db-import  | [0m[36m>> Applying 'pool_creature.sql'...
ac-db-import  | [0m[36m>> Applying 'pool_gameobject.sql'...
ac-db-import  | [0m[36m>> Applying 'pool_pool.sql'...
ac-db-import  | [0m[36m>> Applying 'pool_quest.sql'...
ac-db-import  | [0m[36m>> Applying 'pool_template.sql'...
ac-db-import  | [0m[36m>> Applying 'powerdisplay_dbc.sql'...
ac-db-import  | [0m[36m>> Applying 'prospecting_loot_template.sql'...
ac-db-import  | [0m[36m>> Applying 'pvpdifficulty_dbc.sql'...
ac-db-import  | [0m[36m>> Applying 'quest_details.sql'...
ac-db-import  | [0m[36m>> Applying 'quest_greeting.sql'...
ac-db-import  | [0m[36m>> Applying 'quest_greeting_locale.sql'...
ac-db-import  | [0m[36m>> Applying 'quest_mail_sender.sql'...
ac-db-import  | [0m[36m>> Applying 'quest_money_reward.sql'...
ac-db-import  | [0m[36m>> Applying 'quest_offer_reward.sql'...
ac-db-import  | [0m[36m>> Applying 'quest_offer_reward_locale.sql'...
ac-db-import  | [0m[36m>> Applying 'quest_poi.sql'...
ac-db-import  | [0m[36m>> Applying 'quest_poi_points.sql'...
ac-db-import  | [0m[36m>> Applying 'quest_request_items.sql'...
ac-db-import  | [0m[36m>> Applying 'quest_request_items_locale.sql'...
ac-db-import  | [0m[36m>> Applying 'quest_template.sql'...
ac-db-import  | [0m[36m>> Applying 'quest_template_addon.sql'...
ac-db-import  | [0m[36m>> Applying 'quest_template_locale.sql'...
ac-db-import  | [0m[36m>> Applying 'questfactionreward_dbc.sql'...
ac-db-import  | [0m[36m>> Applying 'questsort_dbc.sql'...
ac-db-import  | [0m[36m>> Applying 'questxp_dbc.sql'...
ac-db-import  | [0m[36m>> Applying 'randproppoints_dbc.sql'...
ac-db-import  | [0m[36m>> Applying 'reference_loot_template.sql'...
ac-db-import  | [0m[36m>> Applying 'reputation_reward_rate.sql'...
ac-db-import  | [0m[36m>> Applying 'reputation_spillover_template.sql'...
ac-db-import  | [0m[36m>> Applying 'scalingstatdistribution_dbc.sql'...
ac-db-import  | [0m[36m>> Applying 'scalingstatvalues_dbc.sql'...
ac-db-import  | [0m[36m>> Applying 'script_waypoint.sql'...
ac-db-import  | [0m[36m>> Applying 'skill_discovery_template.sql'...
ac-db-import  | [0m[36m>> Applying 'skill_extra_item_template.sql'...
ac-db-import  | [0m[36m>> Applying 'skill_fishing_base_level.sql'...
ac-db-import  | [0m[36m>> Applying 'skill_perfect_item_template.sql'...
ac-db-import  | [0m[36m>> Applying 'skillline_dbc.sql'...
ac-db-import  | [0m[36m>> Applying 'skilllineability_dbc.sql'...
ac-db-import  | [0m[36m>> Applying 'skillraceclassinfo_dbc.sql'...
ac-db-import  | [0m[36m>> Applying 'skilltiers_dbc.sql'...
ac-db-import  | [0m[36m>> Applying 'skinning_loot_template.sql'...
ac-db-import  | [0m[36m>> Applying 'smart_scripts.sql'...
ac-db-import  | [0m[36m>> Applying 'soundentries_dbc.sql'...
ac-db-import  | [0m[36m>> Applying 'spawn_group.sql'...
ac-db-import  | [0m[36m>> Applying 'spawn_group_template.sql'...
ac-db-import  | [0m[36m>> Applying 'spell_area.sql'...
ac-db-import  | [0m[36m>> Applying 'spell_bonus_data.sql'...
ac-db-import  | [0m[36m>> Applying 'spell_cone.sql'...
ac-db-import  | [0m[36m>> Applying 'spell_cooldown_overrides.sql'...
ac-db-import  | [0m[36m>> Applying 'spell_custom_attr.sql'...
ac-db-import  | [0m[36m>> Applying 'spell_dbc.sql'...
ac-db-import  | [0m[36m>> Applying 'spell_enchant_proc_data.sql'...
ac-db-import  | [0m[36m>> Applying 'spell_group.sql'...
ac-db-import  | [0m[36m>> Applying 'spell_group_stack_rules.sql'...
ac-db-import  | [0m[36m>> Applying 'spell_jump_distance.sql'...
ac-db-import  | [0m[36m>> Applying 'spell_linked_spell.sql'...
ac-db-import  | [0m[36m>> Applying 'spell_loot_template.sql'...
ac-db-import  | [0m[36m>> Applying 'spell_mixology.sql'...
ac-db-import  | [0m[36m>> Applying 'spell_pet_auras.sql'...
ac-db-import  | [0m[36m>> Applying 'spell_proc.sql'...
ac-db-import  | [0m[36m>> Applying 'spell_proc_event.sql'...
ac-db-import  | [0m[36m>> Applying 'spell_ranks.sql'...
ac-db-import  | [0m[36m>> Applying 'spell_required.sql'...
ac-db-import  | [0m[36m>> Applying 'spell_script_names.sql'...
ac-db-import  | [0m[36m>> Applying 'spell_scripts.sql'...
ac-db-import  | [0m[36m>> Applying 'spell_target_position.sql'...
ac-db-import  | [0m[36m>> Applying 'spell_threat.sql'...
ac-db-import  | [0m[36m>> Applying 'spellcasttimes_dbc.sql'...
ac-db-import  | [0m[36m>> Applying 'spellcategory_dbc.sql'...
ac-db-import  | [0m[36m>> Applying 'spelldifficulty_dbc.sql'...
ac-db-import  | [0m[36m>> Applying 'spellduration_dbc.sql'...
ac-db-import  | [0m[36m>> Applying 'spellfocusobject_dbc.sql'...
ac-db-import  | [0m[36m>> Applying 'spellitemenchantment_dbc.sql'...
ac-db-import  | [0m[36m>> Applying 'spellitemenchantmentcondition_dbc.sql'...
ac-db-import  | [0m[36m>> Applying 'spellradius_dbc.sql'...
[driver] still running; 30s since the last output
ac-db-import  | [0m[36m>> Applying 'spellrange_dbc.sql'...
ac-db-import  | [0m[36m>> Applying 'spellrunecost_dbc.sql'...
ac-db-import  | [0m[36m>> Applying 'spellshapeshiftform_dbc.sql'...
ac-db-import  | [0m[36m>> Applying 'spellvisual_dbc.sql'...
ac-db-import  | [0m[36m>> Applying 'stableslotprices_dbc.sql'...
ac-db-import  | [0m[36m>> Applying 'summonproperties_dbc.sql'...
ac-db-import  | [0m[36m>> Applying 'talent_dbc.sql'...
ac-db-import  | [0m[36m>> Applying 'talenttab_dbc.sql'...
ac-db-import  | [0m[36m>> Applying 'taxinodes_dbc.sql'...
ac-db-import  | [0m[36m>> Applying 'taxipath_dbc.sql'...
ac-db-import  | [0m[36m>> Applying 'taxipathnode_dbc.sql'...
ac-db-import  | [0m[36m>> Applying 'teamcontributionpoints_dbc.sql'...
ac-db-import  | [0m[36m>> Applying 'totemcategory_dbc.sql'...
ac-db-import  | [0m[36m>> Applying 'trainer.sql'...
ac-db-import  | [0m[36m>> Applying 'trainer_locale.sql'...
ac-db-import  | [0m[36m>> Applying 'trainer_spell.sql'...
ac-db-import  | [0m[36m>> Applying 'transportanimation_dbc.sql'...
ac-db-import  | [0m[36m>> Applying 'transportrotation_dbc.sql'...
ac-db-import  | [0m[36m>> Applying 'transports.sql'...
ac-db-import  | [0m[36m>> Applying 'updates.sql'...
ac-db-import  | [0m[36m>> Applying 'updates_include.sql'...
ac-db-import  | [0m[36m>> Applying 'vehicle_accessory.sql'...
ac-db-import  | [0m[36m>> Applying 'vehicle_dbc.sql'...
ac-db-import  | [0m[36m>> Applying 'vehicle_seat_addon.sql'...
ac-db-import  | [0m[36m>> Applying 'vehicle_template_accessory.sql'...
ac-db-import  | [0m[36m>> Applying 'vehicleseat_dbc.sql'...
ac-db-import  | [0m[36m>> Applying 'version.sql'...
ac-db-import  | [0m[36m>> Applying 'warden_checks.sql'...
ac-db-import  | [0m[36m>> Applying 'waypoint_data.sql'...
ac-db-import  | [0m[36m>> Applying 'waypoint_data_addon.sql'...
ac-db-import  | [0m[36m>> Applying 'waypoint_scripts.sql'...
ac-db-import  | [0m[36m>> Applying 'waypoints.sql'...
ac-db-import  | [0m[36m>> Applying 'wmoareatable_dbc.sql'...
ac-db-import  | [0m[36m>> Applying 'worldmaparea_dbc.sql'...
ac-db-import  | [0m[36m>> Applying 'worldmapoverlay_dbc.sql'...
ac-db-import  | [0m[36m>> Done!
ac-db-import  | [0m[36m 
ac-db-import  | [0m[36mUpdating Auth database...
ac-db-import  | [0m[36m>> Applying update "2026_07_15_00.sql" '7F0B0E4'...
ac-db-import  | [0m[36m>> Applying update "2026_07_18_00.sql" 'FDDC753'...
ac-db-import  | [0m[36m>> Applying update "2026_07_18_01.sql" 'FE82BF5'...
ac-db-import  | [0m[36m>> Applying update "2026_07_19_00.sql" 'DE3C449'...
ac-db-import  | [0m[36m>> Applying update "2026_07_22_00.sql" '382BCD3'...
ac-db-import  | [0m[36m>> Applying update "2026_08_16_00.sql" 'CC5ACE6'...
ac-db-import  | [0m[36m>> Applied 6 queries. Containing 15 new and 1 archived updates.
ac-db-import  | [0m[36m 
ac-db-import  | [0m[36mUpdating Character database...
ac-db-import  | [0m[36m>> Applying update "2026_06_24_00.sql" 'C59C550'...
ac-db-import  | [0m[36m>> Applying update "2026_07_18_00.sql" '1A6FB12'...
ac-db-import  | [0m[36m>> Applying update "2026_07_21_00.sql" 'A8C6CE6'...
ac-db-import  | [0m[36m>> Applying update "2026_07_22_00.sql" 'E06DB4D'...
ac-db-import  | [0m[36m>> Applying update "2026_08_15_00.sql" '9384496'...
ac-db-import  | [0m[36m>> Applying update "2025_09_25_01_playerbots_guild_tabard_fix.sql" '3C2DBA2'...
ac-db-import  | [0m[36m>> Applying update "playerbots_arena_team_names.sql" 'B138B11'...
ac-db-import  | [0m[36m>> Applying update "playerbots_guild_names.sql" 'FFBA9D7'...
ac-db-import  | [0m[36m>> Applying update "playerbots_names.sql" '3AB14F4'...
ac-db-import  | [0m[36m>> Applied 9 queries. Containing 17 new and 3 archived updates.
ac-db-import  | [0m[36m 
ac-db-import  | [0m[36mUpdating World database...
ac-db-import  | [0m[36m>> Applying update "2026_06_01_02.sql" '2EBA47B'...
ac-db-import  | [0m[36m>> Applying update "2026_06_02_00.sql" 'B3178D9'...
ac-db-import  | [0m[36m>> Applying update "2026_06_02_01.sql" '0AAC618'...
ac-db-import  | [0m[36m>> Applying update "2026_06_02_02.sql" '3F2AB97'...
ac-db-import  | [0m[36m>> Applying update "2026_06_02_03.sql" 'FCF92BC'...
ac-db-import  | [0m[36m>> Applying update "2026_06_05_00.sql" '4E4482C'...
ac-db-import  | [0m[36m>> Applying update "2026_06_08_00.sql" '8C7630D'...
ac-db-import  | [0m[36m>> Applying update "2026_06_08_01.sql" 'F483EE6'...
ac-db-import  | [0m[36m>> Applying update "2026_06_10_00.sql" '8D5E44D'...
ac-db-import  | [0m[36m>> Applying update "2026_06_10_01.sql" '9F9F667'...
ac-db-import  | [0m[36m>> Applying update "2026_06_10_02.sql" '7EFBDFC'...
ac-db-import  | [0m[36m>> Applying update "2026_06_10_03.sql" '091244B'...
ac-db-import  | [0m[36m>> Applying update "2026_06_11_00.sql" '48E0E72'...
ac-db-import  | [0m[36m>> Applying update "2026_06_11_01.sql" '0342AE8'...
ac-db-import  | [0m[36m>> Applying update "2026_06_11_02.sql" '0EF7D83'...
ac-db-import  | [0m[36m>> Applying update "2026_06_12_00.sql" '9091357'...
ac-db-import  | [0m[36m>> Applying update "2026_06_12_01.sql" '7C4206F'...
ac-db-import  | [0m[36m>> Applying update "2026_06_12_02.sql" 'C2F5A06'...
ac-db-import  | [0m[36m>> Applying update "2026_06_13_00.sql" '4538A6B'...
ac-db-import  | [0m[36m>> Applying update "2026_06_13_01.sql" 'BA33F30'...
ac-db-import  | [0m[36m>> Applying update "2026_06_13_02.sql" '5D96974'...
ac-db-import  | [0m[36m>> Applying update "2026_06_13_03.sql" '070F1CD'...
ac-db-import  | [0m[36m>> Applying update "2026_06_13_04.sql" '89E3F8C'...
ac-db-import  | [0m[36m>> Applying update "2026_06_13_05.sql" '1812A37'...
ac-db-import  | [0m[36m>> Applying update "2026_06_14_00.sql" '0EACE9D'...
ac-db-import  | [0m[36m>> Applying update "2026_06_14_01.sql" '9016152'...
ac-db-import  | [0m[36m>> Applying update "2026_06_14_02.sql" 'ECC376E'...
ac-db-import  | [0m[36m>> Applying update "2026_06_15_00.sql" '2254BA2'...
ac-db-import  | [0m[36m>> Applying update "2026_06_15_01.sql" '1B17050'...
ac-db-import  | [0m[36m>> Applying update "2026_06_16_00.sql" 'DF7EC32'...
ac-db-import  | [0m[36m>> Applying update "2026_06_16_01.sql" '38B3A91'...
ac-db-import  | [0m[36m>> Applying update "2026_06_16_02.sql" '6326DC6'...
ac-db-import  | [0m[36m>> Applying update "2026_06_16_03.sql" 'A573476'...
ac-db-import  | [0m[36m>> Applying update "2026_06_16_04.sql" 'F84854D'...
ac-db-import  | [0m[36m>> Applying update "2026_06_16_05.sql" '332537A'...
ac-db-import  | [0m[36m>> Applying update "2026_06_16_06.sql" 'FE7A7DC'...
ac-db-import  | [0m[36m>> Applying update "2026_06_16_07.sql" '08AAF96'...
ac-db-import  | [0m[36m>> Applying update "2026_06_17_00.sql" 'C6517AF'...
ac-db-import  | [0m[36m>> Applying update "2026_06_18_00.sql" '73208A7'...
ac-db-import  | [0m[36m>> Applying update "2026_06_18_01.sql" 'B5D262E'...
ac-db-import  | [0m[36m>> Applying update "2026_06_18_02.sql" '234655B'...
ac-db-import  | [0m[36m>> Applying update "2026_06_18_03.sql" 'DDA4BF7'...
ac-db-import  | [0m[36m>> Applying update "2026_06_20_00.sql" 'E1145E1'...
ac-db-import  | [0m[36m>> Applying update "2026_06_21_00.sql" '52ED60E'...
ac-db-import  | [0m[36m>> Applying update "2026_06_22_00.sql" 'B910EDA'...
ac-db-import  | [0m[36m>> Applying update "2026_06_25_00.sql" '9F39C32'...
ac-db-import  | [0m[36m>> Applying update "2026_06_26_00.sql" '2765300'...
ac-db-import  | [0m[36m>> Applying update "2026_06_28_00.sql" '593CE30'...
ac-db-import  | [0m[36m>> Applying update "2026_06_28_01.sql" '130EBD1'...
ac-db-import  | [0m[36m>> Applying update "2026_06_30_00.sql" '525D0D7'...
ac-db-import  | [0m[36m>> Applying update "2026_06_30_01.sql" 'B1BBEA5'...
ac-db-import  | [0m[36m>> Applying update "2026_06_30_02.sql" '5D1B6F2'...
ac-db-import  | [0m[36m>> Applying update "2026_06_30_03.sql" '159C8C1'...
ac-db-import  | [0m[36m>> Applying update "2026_06_30_04.sql" 'D02186B'...
ac-db-import  | [0m[36m>> Applying update "2026_06_30_05.sql" '2DC1D66'...
ac-db-import  | [0m[36m>> Applying update "2026_06_30_06.sql" 'A3E32F6'...
ac-db-import  | [0m[36m>> Applying update "2026_07_02_00.sql" 'F22D686'...
ac-db-import  | [0m[36m>> Applying update "2026_07_02_01.sql" 'CB90A2C'...
ac-db-import  | [0m[36m>> Applying update "2026_07_02_02.sql" 'BC00DC1'...
ac-db-import  | [0m[36m>> Applying update "2026_07_02_03.sql" '7C95DA4'...
ac-db-import  | [0m[36m>> Applying update "2026_07_02_04.sql" '9238AC1'...
ac-db-import  | [0m[36m>> Applying update "2026_07_03_00.sql" '1541FCF'...
ac-db-import  | [0m[36m>> Applying update "2026_07_03_01.sql" '69DFF6F'...
ac-db-import  | [0m[36m>> Applying update "2026_07_03_02.sql" '9FD9DA1'...
ac-db-import  | [0m[36m>> Applying update "2026_07_03_03.sql" '23F2657'...
ac-db-import  | [0m[36m>> Applying update "2026_07_04_00.sql" '7963D92'...
ac-db-import  | [0m[36m>> Applying update "2026_07_04_01.sql" '0F831AD'...
ac-db-import  | [0m[36m>> Applying update "2026_07_04_02.sql" '7480510'...
ac-db-import  | [0m[36m>> Applying update "2026_07_04_03.sql" '2FE8937'...
ac-db-import  | [0m[36m>> Applying update "2026_07_04_04.sql" '64F73E7'...
ac-db-import  | [0m[36m>> Applying update "2026_07_04_05.sql" 'D80D0A6'...
ac-db-import  | [0m[36m>> Applying update "2026_07_04_06.sql" 'D9EFB5B'...
ac-db-import  | [0m[36m>> Applying update "2026_07_05_00.sql" '6617C72'...
ac-db-import  | [0m[36m>> Applying update "2026_07_05_01.sql" '2727E00'...
ac-db-import  | [0m[36m>> Applying update "2026_07_05_02.sql" '2249C67'...
ac-db-import  | [0m[36m>> Applying update "2026_07_06_00.sql" '8177A68'...
ac-db-import  | [0m[36m>> Applying update "2026_07_11_00.sql" 'B749121'...
ac-db-import  | [0m[36m>> Applying update "2026_07_12_00.sql" '78B3A04'...
ac-db-import  | [0m[36m>> Applying update "2026_07_12_01.sql" 'BE1639B'...
ac-db-import  | [0m[36m>> Applying update "2026_07_12_02.sql" '9CD7E81'...
ac-db-import  | [0m[36m>> Applying update "2026_07_13_00.sql" '3F2B0E1'...
ac-db-import  | [0m[36m>> Applying update "2026_07_14_00.sql" '46AD7A7'...
ac-db-import  | [0m[36m>> Applying update "2026_07_14_01.sql" '212CA5E'...
ac-db-import  | [0m[36m>> Applying update "2026_07_14_02.sql" '311C401'...
ac-db-import  | [0m[36m>> Applying update "2026_07_14_03.sql" '78F41E0'...
ac-db-import  | [0m[36m>> Applying update "2026_07_15_00.sql" '6BCF495'...
ac-db-import  | [0m[36m>> Applying update "2026_07_15_01.sql" '4372C94'...
ac-db-import  | [0m[36m>> Applying update "2026_07_15_02.sql" 'EA0FA19'...
ac-db-import  | [0m[36m>> Applying update "2026_07_15_03.sql" '665D81E'...
ac-db-import  | [0m[36m>> Applying update "2026_07_15_04.sql" '24DDC5C'...
ac-db-import  | [0m[36m>> Applying update "2026_07_16_00.sql" '840540F'...
ac-db-import  | [0m[36m>> Applying update "2026_07_16_01.sql" '3227632'...
ac-db-import  | [0m[36m>> Applying update "2026_07_18_00.sql" '68272E3'...
ac-db-import  | [0m[36m>> Applying update "2026_07_18_01.sql" '7BE0277'...
ac-db-import  | [0m[36m>> Applying update "2026_07_18_02.sql" '0FF0ADF'...
ac-db-import  | [0m[36m>> Applying update "2026_07_18_03.sql" 'F559D42'...
ac-db-import  | [0m[36m>> Applying update "2026_07_18_04.sql" '2BFFC0E'...
ac-db-import  | [0m[36m>> Applying update "2026_07_19_00.sql" '0B579D8'...
ac-db-import  | [0m[36m>> Applying update "2026_07_19_01.sql" '280CD31'...
ac-db-import  | [0m[36m>> Applying update "2026_07_19_02.sql" 'AEDDFC4'...
ac-db-import  | [0m[36m>> Applying update "2026_07_19_03.sql" 'B98379B'...
ac-db-import  | [0m[36m>> Applying update "2026_07_19_04.sql" 'A814390'...
ac-db-import  | [0m[36m>> Applying update "2026_07_19_05.sql" 'B0DD727'...
ac-db-import  | [0m[36m>> Applying update "2026_07_19_06.sql" '419AB8F'...
ac-db-import  | [0m[36m>> Applying update "2026_07_19_07.sql" 'D4A5DBF'...
ac-db-import  | [0m[36m>> Applying update "2026_07_20_00.sql" '5FAB25D'...
ac-db-import  | [0m[36m>> Applying update "2026_07_20_01.sql" '89BA1BD'...
ac-db-import  | [0m[36m>> Applying update "2026_07_21_00.sql" '02D09A5'...
ac-db-import  | [0m[36m>> Applying update "2026_07_21_01.sql" 'E5E4B7E'...
ac-db-import  | [0m[36m>> Applying update "2026_07_21_02.sql" 'F440E73'...
ac-db-import  | [0m[36m>> Applying update "2026_07_22_00.sql" 'C319DA6'...
ac-db-import  | [0m[36m>> Applying update "2026_07_22_01.sql" 'A8D357A'...
ac-db-import  | [0m[36m>> Applying update "2026_07_22_02.sql" '946F826'...
ac-db-import  | [0m[36m>> Applying update "2026_07_22_03.sql" '5716451'...
ac-db-import  | [0m[36m>> Applying update "2026_07_22_04.sql" 'C0D0F59'...
ac-db-import  | [0m[36m>> Applying update "2026_07_22_05.sql" '5AD7AE8'...
ac-db-import  | [0m[36m>> Applying update "2026_07_22_06.sql" '03C4B1B'...
ac-db-import  | [0m[36m>> Applying update "2026_07_22_07.sql" '1F0E2D5'...
ac-db-import  | [0m[36m>> Applying update "2026_07_22_08.sql" 'B8EFC78'...
ac-db-import  | [0m[36m>> Applying update "2026_07_22_09.sql" 'E26ED93'...
ac-db-import  | [0m[36m>> Applying update "2026_07_22_10.sql" 'DA87261'...
ac-db-import  | [0m[36m>> Applying update "2026_07_22_11.sql" '6E29AE9'...
ac-db-import  | [0m[36m>> Applying update "2026_07_22_12.sql" '7BA5DCD'...
ac-db-import  | [0m[36m>> Applying update "2026_07_22_13.sql" 'C579AED'...
ac-db-import  | [0m[36m>> Applying update "2026_07_22_14.sql" '456256C'...
ac-db-import  | [0m[36m>> Applying update "2026_07_23_00.sql" '92573D2'...
ac-db-import  | [0m[36m>> Applying update "2026_07_23_01.sql" '37CD42B'...
ac-db-import  | [0m[36m>> Applying update "2026_07_23_02.sql" 'AB131ED'...
ac-db-import  | [0m[36m>> Applying update "2026_07_23_03.sql" '98FC7C5'...
ac-db-import  | [0m[36m>> Applying update "2026_07_24_00.sql" '8CF241D'...
ac-db-import  | [0m[36m>> Applying update "2026_07_24_01.sql" 'B02F112'...
ac-db-import  | [0m[36m>> Applying update "2026_07_24_02.sql" '7DD9EFD'...
ac-db-import  | [0m[36m>> Applying update "2026_07_24_03.sql" '9DD8C0D'...
ac-db-import  | [0m[36m>> Applying update "2026_07_24_04.sql" '18CE051'...
ac-db-import  | [0m[36m>> Applying update "2026_07_24_05.sql" '568FCCF'...
ac-db-import  | [0m[36m>> Applying update "2026_07_25_00.sql" '7984BA4'...
ac-db-import  | [0m[36m>> Applying update "2026_07_25_01.sql" 'D6E2362'...
ac-db-import  | [0m[36m>> Applying update "2026_07_25_02.sql" 'D4F6C80'...
ac-db-import  | [0m[36m>> Applying update "2026_07_25_03.sql" '1548AA2'...
ac-db-import  | [0m[36m>> Applying update "2026_07_25_04.sql" 'CFF8D0B'...
ac-db-import  | [0m[36m>> Applying update "2026_07_25_05.sql" '1B30009'...
ac-db-import  | [0m[36m>> Applying update "2026_07_25_06.sql" 'AD48D20'...
ac-db-import  | [0m[36m>> Applying update "2026_07_25_07.sql" '80C5AC3'...
ac-db-import  | [0m[36m>> Applying update "2026_07_26_00.sql" '14E49B0'...
ac-db-import  | [0m[36m>> Applying update "2026_07_26_01.sql" '679EDBB'...
ac-db-import  | [0m[36m>> Applying update "2026_07_26_02.sql" '99B3514'...
ac-db-import  | [0m[36m>> Applying update "2026_07_28_00.sql" 'ED2102B'...
ac-db-import  | [0m[36m>> Applying update "2026_07_28_01.sql" '79F4190'...
ac-db-import  | [0m[36m>> Applying update "2026_07_28_02.sql" '0569363'...
ac-db-import  | [0m[36m>> Applying update "2026_07_28_03.sql" '10F69EE'...
ac-db-import  | [0m[36m>> Applying update "2026_07_28_04.sql" '09410BA'...
ac-db-import  | [0m[36m>> Applying update "2026_07_28_05.sql" 'DEC3495'...
ac-db-import  | [0m[36m>> Applying update "2026_07_29_00.sql" 'B0CD498'...
ac-db-import  | [0m[36m>> Applying update "2026_07_30_00.sql" 'E4D719C'...
ac-db-import  | [0m[36m>> Applying update "2026_07_31_00.sql" '3704A0F'...
ac-db-import  | [0m[36m>> Applying update "2026_07_31_01.sql" '53EDDE5'...
ac-db-import  | [0m[36m>> Applying update "2026_07_31_02.sql" '6242718'...
ac-db-import  | [0m[36m>> Applying update "2026_08_01_00.sql" '9244CC0'...
ac-db-import  | [0m[36m>> Applying update "2026_08_01_01.sql" '15936A4'...
ac-db-import  | [0m[36m>> Applying update "2026_08_01_02.sql" '19266EC'...
ac-db-import  | [0m[36m>> Applying update "2026_08_01_03.sql" 'EC215BE'...
ac-db-import  | [0m[36m>> Applying update "2026_08_02_00.sql" 'D171FA9'...
ac-db-import  | [0m[36m>> Applying update "2026_08_02_01.sql" 'B4D38B8'...
ac-db-import  | [0m[36m>> Applying update "2026_08_02_02.sql" 'DCB8815'...
ac-db-import  | [0m[36m>> Applying update "2026_08_02_03.sql" '60AFBD8'...
ac-db-import  | [0m[36m>> Applying update "2026_08_02_04.sql" 'B353B73'...
ac-db-import  | [0m[36m>> Applying update "2026_08_02_05.sql" '1F321E2'...
ac-db-import  | [0m[36m>> Applying update "2026_08_02_06.sql" '7099D66'...
ac-db-import  | [0m[36m>> Applying update "2026_08_03_00.sql" 'A4EF56E'...
ac-db-import  | [0m[36m>> Applying update "2026_08_03_01.sql" 'BD5CC6F'...
ac-db-import  | [0m[36m>> Applying update "2026_08_03_02.sql" '07FA71A'...
ac-db-import  | [0m[36m>> Applying update "2026_08_03_03.sql" '4699F3E'...
ac-db-import  | [0m[36m>> Applying update "2026_08_03_04.sql" '838F63A'...
ac-db-import  | [0m[36m>> Applying update "2026_08_03_05.sql" '2F35014'...
ac-db-import  | [0m[36m>> Applying update "2026_08_03_06.sql" '388CA1D'...
ac-db-import  | [0m[36m>> Applying update "2026_08_03_07.sql" '84738BC'...
ac-db-import  | [0m[36m>> Applying update "2026_08_04_00.sql" '96F89C6'...
ac-db-import  | [0m[36m>> Applying update "2026_08_04_01.sql" 'CDA04A0'...
ac-db-import  | [0m[36m>> Applying update "2026_08_04_02.sql" 'F907C64'...
ac-db-import  | [0m[36m>> Applying update "2026_08_04_03.sql" '57B5433'...
ac-db-import  | [0m[36m>> Applying update "2026_08_04_04.sql" '3044F05'...
ac-db-import  | [0m[36m>> Applying update "2026_08_05_00.sql" 'FC55FE9'...
ac-db-import  | [0m[36m>> Applying update "2026_08_05_01.sql" 'CFF6E47'...
ac-db-import  | [0m[36m>> Applying update "2026_08_06_00.sql" '4BEC389'...
ac-db-import  | [0m[36m>> Applying update "2026_08_06_01.sql" '81392D4'...
ac-db-import  | [0m[36m>> Applying update "2026_08_07_00.sql" '401CF9B'...
ac-db-import  | [0m[36m>> Applying update "2026_08_07_01.sql" '57B1017'...
ac-db-import  | [0m[36m>> Applying update "2026_08_07_02.sql" '3E6CF5C'...
ac-db-import  | [0m[36m>> Applying update "2026_08_07_03.sql" '981D14F'...
ac-db-import  | [0m[36m>> Applying update "2026_08_07_04.sql" '799C6A0'...
ac-db-import  | [0m[36m>> Applying update "2026_08_08_00.sql" '07704F8'...
ac-db-import  | [0m[36m>> Applying update "2026_08_08_01.sql" '2AAE528'...
ac-db-import  | [0m[36m>> Applying update "2026_08_08_02.sql" '865E68A'...
ac-db-import  | [0m[36m>> Applying update "2026_08_08_03.sql" 'F88CF97'...
ac-db-import  | [0m[36m>> Applying update "2026_08_08_04.sql" '5DE0D5E'...
ac-db-import  | [0m[36m>> Applying update "2026_08_08_05.sql" '8FB64F2'...
ac-db-import  | [0m[36m>> Applying update "2026_08_08_06.sql" '4D6FB6E'...
ac-db-import  | [0m[36m>> Applying update "2026_08_08_07.sql" '7FF914A'...
ac-db-import  | [0m[36m>> Applying update "2026_08_08_08.sql" '4EA6BEA'...
ac-db-import  | [0m[36m>> Applying update "2026_08_08_09.sql" 'D833ECE'...
ac-db-import  | [0m[36m>> Applying update "2026_08_08_10.sql" 'AA8A1C7'...
ac-db-import  | [0m[36m>> Applying update "2026_08_08_11.sql" 'CBB118B'...
ac-db-import  | [0m[36m>> Applying update "2026_08_08_12.sql" '27EB495'...
ac-db-import  | [0m[36m>> Applying update "2026_08_08_13.sql" '9FCEDB7'...
ac-db-import  | [0m[36m>> Applying update "2026_08_08_14.sql" 'EB5CD95'...
ac-db-import  | [0m[36m>> Applying update "2026_08_09_00.sql" '9A5444E'...
ac-db-import  | [0m[36m>> Applying update "2026_08_09_01.sql" '0330867'...
ac-db-import  | [0m[36m>> Applying update "2026_08_09_02.sql" '65EF2BD'...
ac-db-import  | [0m[36m>> Applying update "2026_08_09_03.sql" 'D90CB3E'...
ac-db-import  | [0m[36m>> Applying update "2026_08_09_04.sql" '8B2A55B'...
ac-db-import  | [0m[36m>> Applying update "2026_08_09_05.sql" 'C074B32'...
ac-db-import  | [0m[36m>> Applying update "2026_08_09_06.sql" '0C73BE5'...
ac-db-import  | [0m[36m>> Applying update "2026_08_09_07.sql" '27A4500'...
ac-db-import  | [0m[36m>> Applying update "2026_08_09_08.sql" 'C7EDBD7'...
ac-db-import  | [0m[36m>> Applying update "2026_08_10_00.sql" 'CB7C064'...
ac-db-import  | [0m[36m>> Applying update "2026_08_10_01.sql" '42EC95E'...
ac-db-import  | [0m[36m>> Applying update "2026_08_10_02.sql" 'E7E10D9'...
ac-db-import  | [0m[36m>> Applying update "2026_08_11_00.sql" '6545349'...
ac-db-import  | [0m[36m>> Applying update "2026_08_11_01.sql" '731DA25'...
ac-db-import  | [0m[36m>> Applying update "2026_08_11_02.sql" '5BB9F4C'...
ac-db-import  | [0m[36m>> Applying update "2026_08_11_03.sql" 'CC5DBFD'...
ac-db-import  | [0m[36m>> Applying update "2026_08_11_04.sql" '0400E5B'...
ac-db-import  | [0m[36m>> Applying update "2026_08_11_05.sql" '1809BB3'...
ac-db-import  | [0m[36m>> Applying update "2026_08_11_06.sql" 'FF1672A'...
ac-db-import  | [0m[36m>> Applying update "2026_08_11_07.sql" 'FAEA6A1'...
ac-db-import  | [0m[36m>> Applying update "2026_08_11_08.sql" 'D24863B'...
ac-db-import  | [0m[36m>> Applying update "2026_08_11_09.sql" 'BBA44D1'...
ac-db-import  | [0m[36m>> Applying update "2026_08_11_10.sql" '37FDF82'...
ac-db-import  | [0m[36m>> Applying update "2026_08_12_00.sql" '7537513'...
ac-db-import  | [0m[36m>> Applying update "2026_08_12_01.sql" '7C2A0F4'...
ac-db-import  | [0m[36m>> Applying update "2026_08_13_00.sql" '3B36894'...
ac-db-import  | [0m[36m>> Applying update "2026_08_13_01.sql" 'DCD3C15'...
ac-db-import  | [0m[36m>> Applying update "2026_08_13_02.sql" 'A1508F6'...
ac-db-import  | [0m[36m>> Applying update "2026_08_15_00.sql" '1C87166'...
ac-db-import  | [0m[36m>> Applying update "2026_08_15_01.sql" 'A825427'...
ac-db-import  | [0m[36m>> Applying update "2026_08_15_02.sql" '86AA6E1'...
ac-db-import  | [0m[36m>> Applying update "2026_08_15_03.sql" '9B3B375'...
ac-db-import  | [0m[36m>> Applying update "2026_08_15_04.sql" '394ACD5'...
ac-db-import  | [0m[36m>> Applying update "2026_08_15_05.sql" '47BA28C'...
ac-db-import  | [0m[36m>> Applying update "2026_08_15_06.sql" 'C6F6D2D'...
ac-db-import  | [0m[36m>> Applying update "2026_08_15_07.sql" 'F0511DA'...
ac-db-import  | [0m[36m>> Applying update "2026_08_15_08.sql" 'FDB8310'...
ac-db-import  | [0m[36m>> Applying update "2026_08_15_09.sql" '6C7E175'...
ac-db-import  | [0m[36m>> Applying update "2026_08_15_10.sql" '56A068D'...
ac-db-import  | [0m[36m>> Applying update "2026_08_15_11.sql" '5DE63A9'...
ac-db-import  | [0m[36m>> Applying update "2026_08_15_12.sql" '869E0B6'...
ac-db-import  | [0m[36m>> Applying update "2026_08_15_13.sql" '207B4DB'...
ac-db-import  | [0m[36m>> Applying update "2026_08_16_00.sql" 'DA87D8C'...
ac-db-import  | [0m[36m>> Applying update "2026_08_16_01.sql" '74E25F2'...
ac-db-import  | [0m[36m>> Applying update "2026_08_17_00.sql" '2469ECA'...
ac-db-import  | [0m[36m>> Applying update "2026_08_17_01.sql" '09B0526'...
ac-db-import  | [0m[36m>> Applying update "2026_08_18_00.sql" '8C31E47'...
ac-db-import  | [0m[36m>> Applying update "2026_08_19_00.sql" 'EDBEC8A'...
ac-db-import  | [0m[36m>> Applying update "2026_08_19_01.sql" 'C665A36'...
ac-db-import  | [0m[36m>> Applying update "2026_08_19_02.sql" '9D3CD12'...
ac-db-import  | [0m[36m>> Applying update "2026_08_19_03.sql" '7E3316B'...
ac-db-import  | [0m[36m>> Applying update "2026_08_19_04.sql" '85CC5F4'...
ac-db-import  | [0m[36m>> Applying update "2026_08_20_00.sql" '84708EA'...
ac-db-import  | [0m[36m>> Applying update "2026_08_20_01.sql" 'D8047B1'...
ac-db-import  | [0m[36m>> Applying update "2026_08_20_02.sql" '9B9111A'...
ac-db-import  | [0m[36m>> Applying update "2026_08_20_03.sql" '2EFAC7D'...
ac-db-import  | [0m[36m>> Applying update "2026_08_20_04.sql" 'C7163D9'...
ac-db-import  | [0m[36m>> Applying update "2026_08_20_05.sql" '7BAE3FA'...
ac-db-import  | [0m[36m>> Applying update "2026_08_20_06.sql" '6AA2E54'...
ac-db-import  | [0m[36m>> Applying update "2026_08_20_07.sql" '88A704A'...
ac-db-import  | [0m[36m>> Applying update "2026_08_20_08.sql" '432AFA9'...
ac-db-import  | [0m[36m>> Applying update "2026_08_20_09.sql" '5C13E94'...
ac-db-import  | [0m[36m>> Applying update "2026_08_20_10.sql" 'E3F070E'...
ac-db-import  | [0m[36m>> Applying update "2026_08_21_00.sql" '1615864'...
ac-db-import  | [0m[36m>> Applying update "2026_08_21_01.sql" 'CBBB924'...
ac-db-import  | [0m[36m>> Applying update "2025_08_27_03.sql" 'ACD69D5'...
ac-db-import  | [0m[36m>> Applying update "charsections_dbc.sql" '1419FC7'...
ac-db-import  | [0m[36m>> Applying update "emotetextsound_dbc.sql" 'DA8D68F'...
ac-db-import  | [0m[36m>> Applying update "playerbots_rpg_races.sql" '886990A'...
ac-db-import  | [0m[36m>> Applied 274 queries. Containing 1287 new and 1384 archived updates.
ac-db-import  | [0m[36m 
ac-db-import  | [0m[36mStarted database connection pool.
ac-db-import  | [0m[36mHalting process...
ac-db-import  | [0m[36mClosing down DatabasePool 'acore_characters'. Waiting for 0 queries to finish...
ac-db-import  | [0m[36mAsynchronous connections on DatabasePool 'acore_characters' terminated. Proceeding with synchronous connections.
ac-db-import  | [0m[36mAll connections on DatabasePool 'acore_characters' closed.
ac-db-import  | [0m[36mClosing down DatabasePool 'acore_world'. Waiting for 0 queries to finish...
ac-db-import  | [0m[36mAsynchronous connections on DatabasePool 'acore_world' terminated. Proceeding with synchronous connections.
ac-db-import  | [0m[36mAll connections on DatabasePool 'acore_world' closed.
ac-db-import  | [0m[36mClosing down DatabasePool 'acore_auth'. Waiting for 0 queries to finish...
ac-db-import  | [0m[36mAsynchronous connections on DatabasePool 'acore_auth' terminated. Proceeding with synchronous connections.
ac-db-import  | [0m[36mAll connections on DatabasePool 'acore_auth' closed.
ac-db-import  | [0m

[Kac-db-import exited with code 0
 Container ac-db-import  Creating
 Container ac-db-import  Created
ac-db-import  | cp: warning: behavior of -n is non-portable and may change in future; use --update=none instead
ac-db-import  | cp: warning: behavior of -n is non-portable and may change in future; use --update=none instead
ac-db-import  | [31;1mCould not connect to MySQL database at ac-database: Unknown database 'acore_auth'
ac-db-import  | [0m[31;1mCould not connect to MySQL database at ac-database: Unknown database 'acore_characters'
ac-db-import  | [0m[31;1mCould not connect to MySQL database at ac-database: Unknown database 'acore_world'
ac-db-import  | [0m
2026-09-04 12:04:28 INFO [yulon.docker] ac-db-import finished; the databases now read as imported
The databases now read as imported.
Step 8 of 9 (88%): up
--- up
Starting the server.
2026-09-04 12:04:28 INFO [yulon.docker] start_staged(): `compose up -d --no-deps ac-database ac-authserver ac-worldserver` in /home/pk/wowserver
Step 9 of 9 (100%): ready
--- ready
Waiting for the database.
Waiting for the world server to finish loading (this can take many minutes).
[driver] still running; 235s since the last output
The server is up.
The realm now advertises 172.30.55.119, so players on other machines can reach this server: 172.30.55.119 is the address they set in their client's realmlist. The server was already running when this was set, so if a client is still sent to the old address, stop and start it again on the Server tab.
2026-09-04 12:09:28 INFO [yulon.catalog.native] install of wow-wotlk finished
WoW WotLK is installed and running in /home/pk/wowserver
[driver] exit status 0; answered group x0, sudo x0
[driver] state-after: 5 read-only probes, install dir /home/pk/wowserver
[driver] state-after: docker --version: exit 0
[driver] state-after: docker --version: | Docker version 29.1.3, build 29.1.3-0ubuntu3~24.04.2
[driver] state-after: systemctl is-active docker: exit 0
[driver] state-after: systemctl is-active docker: | active
[driver] state-after: id -Gn: exit 0
[driver] state-after: id -Gn: | pk adm cdrom sudo dip plugdev users lpadmin docker
[driver] state-after: ls -ld /home/pk/wowserver: exit 0
[driver] state-after: ls -ld /home/pk/wowserver: | drwxrwxr-x 19 pk pk 4096 Sep  4 12:04 /home/pk/wowserver
[driver] state-after: df -h /home/pk: exit 0
[driver] state-after: df -h /home/pk: | Filesystem      Size  Used Avail Use% Mounted on
[driver] state-after: df -h /home/pk: | /dev/sda2        97G   53G   40G  58% /
