Script started on 2026-08-31 14:47:35+02:00 [COMMAND="/home/pk/press3.sh" TERM="tmux-256color" TTY="/dev/pts/0" COLUMNS="200" LINES="50"]
Installing WoW WotLK into /home/pk/wowserver
You can stop this at any time. Nothing is written outside the folder below, and starting the install again continues from the last step that finished — only the step that was interrupted runs again.
Checking Docker.
[pass] Docker: the daemon answered
[pass] memory: Docker's VM has 19.5 GB
[warn] CPU vs memory: 15 CPUs means 16 parallel compilers at about 2 GB each, and 19.5 GB affords about 9 Either raise the memory, or set Docker Desktop to 8 CPUs — the job count comes from the CPU count and cannot be set any other way.
[warn] free space on Docker's disk: 67 GB free; 75 GB is the comfortable figure (the server folder and Docker's disk share one drive, so both needs add up)
[warn] free space on the server folder: 67 GB free; 75 GB is the comfortable figure (the server folder and Docker's disk share one drive, so both needs add up)
[pass] the server folder: /home/pk/wowserver looks usable
[pass] sharing the folder with Docker: a container can read /home/pk/wowserver
[pass] SELinux: not enforcing
[pass] the server's ports: nothing else is using them
Using /home/pk/wowserver (resuming)
Already finished: clone-core, clone-modules, generate-compose
2026-08-31 14:47:37 INFO [yulon.platform] holding this machine awake for the build: systemd-inhibit --what=idle:sleep --who=Yu'lon --why=installing a server sleep infinity
--- clone-core
2026-08-31 14:47:37 INFO [yulon.git] containerized git: `run --rm -v /home/pk/wowserver:/git -w /git --user 1000:1000 alpine/git@sha256:c0280cf9572316299b08544065d3bf35db65043d5e3963982ec50647d2746e26 -c core.autocrlf=false -c core.eol=lf -c http.version=HTTP/1.1 remote get-url origin` into /home/pk/wowserver
Cloning mod-playerbots/azerothcore-wotlk into /home/pk/wowserver (this is a large repository)
It is already cloned; updating it instead.
2026-08-31 14:47:38 INFO [yulon.git] containerized git: `run --rm -v /home/pk/wowserver:/git -w /git --user 1000:1000 alpine/git@sha256:c0280cf9572316299b08544065d3bf35db65043d5e3963982ec50647d2746e26 -c core.autocrlf=false -c core.eol=lf -c http.version=HTTP/1.1 fetch origin Playerbot` into /home/pk/wowserver
2026-08-31 14:47:39 INFO [yulon.git] containerized git: `run --rm -v /home/pk/wowserver:/git -w /git --user 1000:1000 alpine/git@sha256:c0280cf9572316299b08544065d3bf35db65043d5e3963982ec50647d2746e26 -c core.autocrlf=false -c core.eol=lf -c http.version=HTTP/1.1 reset --hard FETCH_HEAD` into /home/pk/wowserver
mod-playerbots/azerothcore-wotlk is in place.
--- clone-modules
2026-08-31 14:47:40 INFO [yulon.git] containerized git: `run --rm -v /home/pk/wowserver/modules/mod-playerbots:/git -w /git --user 1000:1000 alpine/git@sha256:c0280cf9572316299b08544065d3bf35db65043d5e3963982ec50647d2746e26 -c core.autocrlf=false -c core.eol=lf -c http.version=HTTP/1.1 remote get-url origin` into /home/pk/wowserver/modules/mod-playerbots
Cloning mod-playerbots/mod-playerbots into modules/mod-playerbots
2026-08-31 14:47:41 INFO [yulon.git] containerized git: `run --rm -v /home/pk/wowserver/modules/mod-playerbots:/git -w /git --user 1000:1000 alpine/git@sha256:c0280cf9572316299b08544065d3bf35db65043d5e3963982ec50647d2746e26 -c core.autocrlf=false -c core.eol=lf -c http.version=HTTP/1.1 fetch --depth=1 origin master` into /home/pk/wowserver/modules/mod-playerbots
2026-08-31 14:47:43 INFO [yulon.git] containerized git: `run --rm -v /home/pk/wowserver/modules/mod-playerbots:/git -w /git --user 1000:1000 alpine/git@sha256:c0280cf9572316299b08544065d3bf35db65043d5e3963982ec50647d2746e26 -c core.autocrlf=false -c core.eol=lf -c http.version=HTTP/1.1 reset --hard FETCH_HEAD` into /home/pk/wowserver/modules/mod-playerbots
Modules are in place.
--- generate-compose
2026-08-31 14:47:44 INFO [yulon.git] containerized git: `run --rm -v /home/pk/wowserver:/git -w /git --user 1000:1000 alpine/git@sha256:c0280cf9572316299b08544065d3bf35db65043d5e3963982ec50647d2746e26 -c core.autocrlf=false -c core.eol=lf -c http.version=HTTP/1.1 status --porcelain -- docker-compose.yml` into /home/pk/wowserver
Replacing the docker-compose.yml that came with the repository; it is unchanged from what git has, so `git checkout` brings it back.
Wrote docker-compose.yml
--- build
Stopping now leaves Docker finishing the build step it is already on, in the background. That is deliberate: the work it has done is kept, and starting this install again picks up from there instead of compiling it all a second time.
Building the server. This takes hours on a first install; the output below is live.
2026-08-31 14:47:45 INFO [yulon.docker] build_staged(): `docker compose -f docker-compose.yml -f docker-compose.override.yml -f docker-compose.build.yml build --progress plain` in /home/pk/wowserver
--progress is a global compose flag, better use `docker compose --progress xx build ...
#1 [internal] load local bake definitions
#1 reading from stdin 2.17kB done
#1 DONE 0.0s

#2 [ac-worldserver internal] load build definition from Dockerfile
#2 transferring dockerfile: 9.07kB done
#2 DONE 0.0s

#3 [ac-db-import internal] load metadata for docker.io/library/ubuntu:24.04
#3 DONE 1.0s

#4 [ac-authserver internal] load .dockerignore
#4 transferring context: 261B done
#4 DONE 0.0s

#5 [ac-authserver internal] load build context
#5 DONE 0.0s

#6 [ac-db-import internal] load build context
#6 DONE 0.0s

#7 [ac-db-import skeleton 1/4] FROM docker.io/library/ubuntu:24.04@sha256:33ceb71981b602c1a7443a53469e4dba065f7503eab3078a2d7a57a2ab987517
#7 resolve docker.io/library/ubuntu:24.04@sha256:33ceb71981b602c1a7443a53469e4dba065f7503eab3078a2d7a57a2ab987517 0.1s done
#7 resolve docker.io/library/ubuntu:24.04@sha256:33ceb71981b602c1a7443a53469e4dba065f7503eab3078a2d7a57a2ab987517 0.1s done
#7 DONE 0.1s

#8 [ac-authserver skeleton 2/4] RUN mkdir -pv         /azerothcore/bin                           /azerothcore/data                          /azerothcore/deps                          /azerothcore/env/dist/bin                  /azerothcore/env/dist/data/Cameras         /azerothcore/env/dist/data/dbc             /azerothcore/env/dist/data/maps            /azerothcore/env/dist/data/mmaps           /azerothcore/env/dist/data/vmaps           /azerothcore/env/dist/logs                 /azerothcore/env/dist/temp                 /azerothcore/env/dist/etc                  /azerothcore/modules                       /azerothcore/src                           /azerothcore/build
#8 CACHED

#9 [ac-authserver skeleton 3/4] RUN apt-get update                                                           && apt-get install -y --no-install-recommends tzdata ca-certificates     && ln -snf "/usr/share/zoneinfo/Etc/UTC" /etc/localtime                      && echo "Etc/UTC" > /etc/timezone                                              && dpkg-reconfigure --frontend noninteractive tzdata                     && rm -rf /var/lib/apt/lists/*
#9 CACHED

#10 [ac-authserver skeleton 4/4] WORKDIR /azerothcore
#10 CACHED

#11 [ac-authserver runtime 1/4] RUN apt-get update     && apt-get install -y --no-install-recommends       libmysqlclient21 libreadline8 libicu74 libncurses5-dev       gettext-base default-mysql-client       adduser     && rm -rf /var/lib/apt/lists/*
#11 CACHED

#5 [ac-authserver internal] load build context
#5 ...

#12 [ac-client-data-init internal] load build context
#12 transferring context: 595.41kB 0.2s done
#12 DONE 0.3s

#13 [ac-client-data-init client-data 1/3] RUN apt-get update &&     apt-get install -y curl unzip adduser &&     rm -rf /var/lib/apt/lists/*
#13 CACHED

#8 [ac-client-data-init skeleton 2/4] RUN mkdir -pv         /azerothcore/bin                           /azerothcore/data                          /azerothcore/deps                          /azerothcore/env/dist/bin                  /azerothcore/env/dist/data/Cameras         /azerothcore/env/dist/data/dbc             /azerothcore/env/dist/data/maps            /azerothcore/env/dist/data/mmaps           /azerothcore/env/dist/data/vmaps           /azerothcore/env/dist/logs                 /azerothcore/env/dist/temp                 /azerothcore/env/dist/etc                  /azerothcore/modules                       /azerothcore/src                           /azerothcore/build
#8 CACHED

#9 [ac-client-data-init skeleton 3/4] RUN apt-get update                                                           && apt-get install -y --no-install-recommends tzdata ca-certificates     && ln -snf "/usr/share/zoneinfo/Etc/UTC" /etc/localtime                      && echo "Etc/UTC" > /etc/timezone                                              && dpkg-reconfigure --frontend noninteractive tzdata                     && rm -rf /var/lib/apt/lists/*
#9 CACHED

#14 [ac-client-data-init client-data 2/3] RUN userdel --remove ubuntu   && addgroup --gid "1000" "acore"   && adduser --disabled-password --gecos '' --uid "1000" --gid "1000" "acore"   && passwd -d "acore"   && chown -R "acore:acore" /azerothcore
#14 CACHED

#10 [ac-client-data-init skeleton 4/4] WORKDIR /azerothcore
#10 CACHED

#15 [ac-client-data-init client-data 3/3] COPY --chown=acore:acore apps apps
#15 CACHED

#5 [ac-authserver internal] load build context
#5 ...

#16 [ac-client-data-init] exporting to image
#16 exporting layers done
#16 exporting manifest sha256:0e0145f66d9a17eac540b38ada83ee1c460b2e58bfcd236089acc9dca4ae6a30 done
#16 exporting config sha256:6d20a3d6a19cd0774001adbd161885cc8fc26b8b6dfe4686223cd4ade2d9c886 done
#16 exporting attestation manifest sha256:c1275f37527c19175ed0db4f9d87e70a7572f2258c3b6bd8dd3ad36ae92c39dd 0.1s done
#16 exporting manifest list sha256:d45b2b2208e37a9427e18286caa149600bc187049fa814c95f777cc8a460e845 0.1s done
#16 naming to yulon.local/ac-wotlk-client-data:native-243c46e3 done
#16 unpacking to yulon.local/ac-wotlk-client-data:native-243c46e3 0.0s done
#16 DONE 0.3s

#5 [ac-authserver internal] load build context
#5 ...

#6 [ac-db-import internal] load build context
#6 transferring context: 2.12MB 0.7s done
#6 DONE 0.8s

#17 [ac-db-import build 2/8] COPY CMakeLists.txt /azerothcore/CMakeLists.txt
#17 CACHED

#18 [ac-db-import build 1/8] RUN apt-get update                                                         && apt-get install -y --no-install-recommends                                 build-essential ccache libtool cmake-data ninja-build cmake clang            git lsb-base curl unzip default-mysql-client openssl                          default-libmysqlclient-dev libboost-all-dev libssl-dev libmysql++-dev         libreadline-dev zlib1g-dev libbz2-dev libncurses5-dev liblzma-dev      && rm -rf /var/lib/apt/lists/*
#18 CACHED

#19 [ac-db-import build 3/8] COPY conf /azerothcore/conf
#19 CACHED

#20 [ac-db-import build 4/8] COPY deps /azerothcore/deps
#20 CACHED

#21 [ac-db-import build 5/8] COPY src /azerothcore/src
#21 CACHED

#5 [ac-authserver internal] load build context
#5 ...

#22 [ac-client-data-init] resolving provenance for metadata file
#22 DONE 0.0s

#5 [ac-authserver internal] load build context
#5 ...

#23 [ac-db-import build 6/8] COPY modules /azerothcore/modules
#23 DONE 1.2s

#5 [ac-authserver internal] load build context
#5 ...

#24 [ac-db-import build 7/8] WORKDIR /azerothcore/build
#24 DONE 0.4s

#5 [ac-authserver internal] load build context
#5 transferring context: 709.82MB 5.7s
#5 ...

#25 [ac-db-import build 8/8] RUN --mount=type=cache,target=/ccache,sharing=locked     --mount=type=bind,target=/azerothcore/.git,source=.git     git config --global --add safe.directory /azerothcore     && cmake /azerothcore        -G Ninja        -DCMAKE_INSTALL_PREFIX="/azerothcore/env/dist"         -DAPPS_BUILD="all"                                     -DTOOLS_BUILD="all"                          -DSCRIPTS="static"                                  -DMODULES="static"                                  -DWITH_WARNINGS="ON"                      -DCMAKE_BUILD_TYPE="RelWithDebInfo"                            -DCMAKE_CXX_COMPILER="clang++"                         -DCMAKE_C_COMPILER="clang"                             -DCMAKE_CXX_COMPILER_LAUNCHER="ccache"                 -DCMAKE_C_COMPILER_LAUNCHER="ccache"                   -DBoost_USE_STATIC_LIBS="ON"                        && cmake --build . --config "RelWithDebInfo" -j $(($(nproc) + 1))     && cmake --install . --config "RelWithDebInfo"
#25 0.476 -- CMake version: 3.28.3
#25 0.670 -- The CXX compiler identification is Clang 18.1.3
#25 0.782 -- The C compiler identification is Clang 18.1.3
#25 0.837 -- Detecting CXX compiler ABI info
#25 1.035 -- Detecting CXX compiler ABI info - done
#25 1.046 -- Check for working CXX compiler: /usr/bin/clang++ - skipped
#25 1.048 -- Detecting CXX compile features
#25 1.049 -- Detecting CXX compile features - done
#25 1.104 -- Detecting C compiler ABI info
#25 1.246 -- Detecting C compiler ABI info - done
#25 1.257 -- Check for working C compiler: /usr/bin/clang - skipped
#25 1.257 -- Detecting C compile features
#25 1.258 -- Detecting C compile features - done
#25 1.269 -- Running cmake hook: AFTER_LOAD_CONF
#25 1.269 -- No hooks registered for AFTER_LOAD_CONF
#25 1.269 -- Enabled С++20 standard
#25 1.270 -- Detected 64-bit platform
#25 1.270 -- Detected amd64 processor architecture
#25 1.270 -- UNIX: Using jemalloc
#25 1.270 -- UNIX: Using default configuration directory
#25 1.270 -- UNIX: Using default library directory
#25 1.271 -- UNIX: Configuring uninstall target
#25 1.271 -- UNIX: Created uninstall target
#25 1.271 -- UNIX: Detected compiler: /usr/bin/clang
#25 1.271 -- Clang: disable pch timestamp when ccache and pch enabled
#25 1.271 -- Clang: Minimum version required is 10.0.0, found 18.1.3 - ok!
#25 1.273 -- Performing Test CLANG_HAVE_PROPER_CHARCONV
#25 1.566 -- Performing Test CLANG_HAVE_PROPER_CHARCONV - Success
#25 1.566 -- Clang: All warnings enabled
#25 1.567 -- Running cmake hook: AFTER_LOAD_CMAKE_MODULES
#25 1.567 -- No hooks registered for AFTER_LOAD_CMAKE_MODULES
#25 1.568 -- Using mysql-config: /usr/bin/mysql_config
#25 1.604 -- Found MySQL:    
#25 1.614 -- Found MySQL version: 8.0.46
#25 1.615 -- Found git binary : /usr/bin/git
#25 2.415 
#25 2.415 * AzerothCore revision            : 47960183bb03+ 2026-08-28 21:04:11 +0200 (Playerbot branch)
#25 2.415 * AzerothCore buildtype           : RelWithDebInfo
#25 2.415 
#25 2.415 * Install core to                 : /azerothcore/env/dist
#25 2.415 * Install libraries to            : /azerothcore/env/dist/lib
#25 2.415 * Install configs to              : /azerothcore/env/dist/etc
#25 2.415 
#25 2.415 * Build applications              : Yes (all)
#25 2.415 * Build tools                     : Yes (all)
#25 2.415 * Build with scripts              : Yes (static)
#25 2.415 * Build with modules              : Yes (static)
#25 2.416 * Build unit tests                : No  (default)
#25 2.416 * Build core w/PCH                : Yes (default)
#25 2.416 * Build scripts w/PCH             : Yes (default)
#25 2.416 * Show all warnings               : Yes
#25 2.416 * Use coreside debug              : No  (default)
#25 2.416 * Use unix gperftools             : No  (default)
#25 2.416 * Use GIT revision hash           : Yes (default)
#25 2.416 * Use stub for libsidecar         : Yes
#25 2.416 * Enable vmap DisableMgr checks   : Yes (default)
#25 2.416 * Show source tree                : No (For UNIX default)
#25 2.416 
#25 2.578 -- Found Boost: /usr/lib/x86_64-linux-gnu/cmake/Boost-1.83.0/BoostConfig.cmake (found suitable version "1.83.0", minimum required is "1.74") found components: filesystem program_options iostreams regex thread 
#25 2.597 -- Looking for MADV_FREE
#25 2.707 -- Looking for MADV_FREE - found
#25 2.719 -- Found OpenSSL: /usr/lib/x86_64-linux-gnu/libcrypto.so (found version "3.0.13") found components: Crypto SSL 
#25 2.724 -- Looking for C++ include filesystem
#25 4.051 -- Looking for C++ include filesystem - found
#25 4.051 -- Performing Test CXX_FILESYSTEM_NO_LINK_NEEDED
#25 5.386 -- Performing Test CXX_FILESYSTEM_NO_LINK_NEEDED - Success
#25 5.390 -- Found Threads: TRUE  
#25 5.403 -- Found ZLIB: /usr/lib/x86_64-linux-gnu/libz.so (found version "1.3")  
#25 5.410 -- Found Readline library: /usr/lib/x86_64-linux-gnu/libreadline.so
#25 5.410 -- Include dir is: /usr/include
#25 5.418 -- Found BZip2: /usr/lib/x86_64-linux-gnu/libbz2.so (found version "1.0.8") 
#25 5.419 -- Looking for BZ2_bzCompressInit
#25 5.535 -- Looking for BZ2_bzCompressInit - found
#25 5.574 -- Running cmake hook: BEFORE_SRC_LOAD
#25 5.574 -- No hooks registered for BEFORE_SRC_LOAD
#25 5.578 
#25 5.578 * Apps build list (all):
#25 5.578   |
#25 5.578   +- apps
#25 5.578   |   +- authserver
#25 5.578   |   +- worldserver
#25 5.578   |
#25 5.578 
#25 5.598 -- Running cmake hook: BEFORE_GAME_LIBRARY
#25 5.598 -- No hooks registered for BEFORE_GAME_LIBRARY
#25 5.708 -- Running cmake hook: AFTER_GAME_LIBRARY
#25 5.708 -- No hooks registered for AFTER_GAME_LIBRARY
#25 5.709 -- Running cmake hook: BEFORE_SCRIPTS_LIBRARY
#25 5.709 -- No hooks registered for BEFORE_SCRIPTS_LIBRARY
#25 5.710 * Script configuration (static):
#25 5.710   |
#25 5.710   +- worldserver
#25 5.710   |   +- Commands
#25 5.710   |   +- Custom
#25 5.710   |   +- EasternKingdoms
#25 5.710   |   +- Events
#25 5.710   |   +- Kalimdor
#25 5.710   |   +- Northrend
#25 5.710   |   +- OutdoorPvP
#25 5.710   |   +- Outland
#25 5.710   |   +- Pet
#25 5.710   |   +- Spells
#25 5.710   |   +- World
#25 5.710   |
#25 5.831 
#25 5.832 
#25 5.832 * Tools build list (all):
#25 5.832   |
#25 5.832   +- tools
#25 5.832   |   +- dbimport
#25 5.832   |   +- map_extractor
#25 5.832   |   +- mmaps_generator
#25 5.832   |   +- vmap4_assembler
#25 5.832   |   +- vmap4_extractor
#25 5.832   |
#25 5.832 
#25 5.843 * Modules configuration (static):
#25 5.843   |
#25 5.843   +- worldserver
#25 5.843   |   +- mod-playerbots
#25 5.843   |
#25 5.843 
#25 6.107 -- * Modules config list:
#25 6.107   |
#25 6.107 --   +- mod-playerbots
#25 6.108 --   |  * playerbots.conf
#25 6.108 
#25 6.108 -- Running cmake hook: AFTER_SRC_LOAD
#25 6.108 -- No hooks registered for AFTER_SRC_LOAD
#25 6.112 -- Configuring done (5.6s)
#25 6.626 -- Generating done (0.4s)
#25 6.708 -- Build files have been written to: /azerothcore/build
#25 6.845 [1/1829] Building C object deps/SFMT/CMakeFiles/sfmt.dir/SFMT.c.o
#25 6.845 [2/1829] Building C object deps/argon2/CMakeFiles/argon2.dir/argon2/argon2.c.o
#25 6.845 [3/1829] Building C object deps/argon2/CMakeFiles/argon2.dir/argon2/blake2/blake2b.c.o
#25 6.846 [4/1829] Building C object deps/argon2/CMakeFiles/argon2.dir/argon2/core.c.o
#25 6.846 [5/1829] Building C object deps/argon2/CMakeFiles/argon2.dir/argon2/encoding.c.o
#25 6.849 [6/1829] Building C object deps/argon2/CMakeFiles/argon2.dir/argon2/opt.c.o
#25 6.849 [7/1829] Building C object deps/argon2/CMakeFiles/argon2.dir/argon2/thread.c.o
#25 6.850 [8/1829] Building C object deps/jemalloc/CMakeFiles/jemalloc.dir/src/arena.c.o
#25 6.853 [9/1829] Building C object deps/jemalloc/CMakeFiles/jemalloc.dir/src/background_thread.c.o
#25 6.855 [10/1829] Building C object deps/jemalloc/CMakeFiles/jemalloc.dir/src/base.c.o
#25 6.856 [11/1829] Building CXX object deps/fmt/CMakeFiles/fmt.dir/src/format.cc.o
#25 6.857 [12/1829] Building CXX object deps/fmt/CMakeFiles/fmt.dir/src/os.cc.o
#25 6.858 [13/1829] Building C object deps/jemalloc/CMakeFiles/jemalloc.dir/src/bin.c.o
#25 6.860 [14/1829] Building C object deps/jemalloc/CMakeFiles/jemalloc.dir/src/bitmap.c.o
#25 6.860 [15/1829] Building C object deps/jemalloc/CMakeFiles/jemalloc.dir/src/ckh.c.o
#25 6.860 [16/1829] Building C object deps/jemalloc/CMakeFiles/jemalloc.dir/src/ctl.c.o
#25 6.861 [17/1829] Building C object deps/jemalloc/CMakeFiles/jemalloc.dir/src/div.c.o
#25 6.862 [18/1829] Building C object deps/jemalloc/CMakeFiles/jemalloc.dir/src/extent.c.o
#25 6.863 [19/1829] Building C object deps/jemalloc/CMakeFiles/jemalloc.dir/src/extent_dss.c.o
#25 6.864 [20/1829] Building C object deps/jemalloc/CMakeFiles/jemalloc.dir/src/extent_mmap.c.o
#25 6.867 [21/1829] Building C object deps/jemalloc/CMakeFiles/jemalloc.dir/src/hash.c.o
#25 6.869 [22/1829] Building C object deps/jemalloc/CMakeFiles/jemalloc.dir/src/hook.c.o
#25 6.873 [23/1829] Building C object deps/jemalloc/CMakeFiles/jemalloc.dir/src/jemalloc.c.o
#25 6.874 [24/1829] Building CXX object deps/jemalloc/CMakeFiles/jemalloc.dir/src/jemalloc_cpp.cpp.o
#25 6.875 [25/1829] Building C object deps/jemalloc/CMakeFiles/jemalloc.dir/src/large.c.o
#25 6.875 [26/1829] Building C object deps/jemalloc/CMakeFiles/jemalloc.dir/src/log.c.o
#25 6.877 [27/1829] Building C object deps/jemalloc/CMakeFiles/jemalloc.dir/src/malloc_io.c.o
#25 6.878 [28/1829] Building C object deps/jemalloc/CMakeFiles/jemalloc.dir/src/mutex.c.o
#25 6.879 [29/1829] Building C object deps/jemalloc/CMakeFiles/jemalloc.dir/src/mutex_pool.c.o
#25 6.880 [30/1829] Building C object deps/jemalloc/CMakeFiles/jemalloc.dir/src/nstime.c.o
#25 6.880 [31/1829] Building C object deps/jemalloc/CMakeFiles/jemalloc.dir/src/prng.c.o
#25 6.881 [32/1829] Building C object deps/jemalloc/CMakeFiles/jemalloc.dir/src/safety_check.c.o
#25 6.882 [33/1829] Building C object deps/jemalloc/CMakeFiles/jemalloc.dir/src/pages.c.o
#25 6.885 [34/1829] Building C object deps/jemalloc/CMakeFiles/jemalloc.dir/src/prof.c.o
#25 6.886 [35/1829] Building C object deps/jemalloc/CMakeFiles/jemalloc.dir/src/rtree.c.o
#25 6.887 [36/1829] Building C object deps/jemalloc/CMakeFiles/jemalloc.dir/src/stats.c.o
#25 6.888 [37/1829] Building C object deps/jemalloc/CMakeFiles/jemalloc.dir/src/sc.c.o
#25 6.889 [38/1829] Building C object deps/jemalloc/CMakeFiles/jemalloc.dir/src/sz.c.o
#25 6.897 [39/1829] Building C object deps/jemalloc/CMakeFiles/jemalloc.dir/src/test_hooks.c.o
#25 6.898 [40/1829] Building C object deps/jemalloc/CMakeFiles/jemalloc.dir/src/ticker.c.o
#25 6.899 [41/1829] Building C object deps/jemalloc/CMakeFiles/jemalloc.dir/src/witness.c.o
#25 6.900 [42/1829] Building C object deps/jemalloc/CMakeFiles/jemalloc.dir/src/tsd.c.o
#25 6.901 [43/1829] Building C object deps/jemalloc/CMakeFiles/jemalloc.dir/src/tcache.c.o
#25 6.905 [44/1829] Building CXX object deps/g3dlite/CMakeFiles/g3dlib.dir/source/Box.cpp.o
#25 6.908 [45/1829] Building CXX object deps/g3dlite/CMakeFiles/g3dlib.dir/source/BinaryInput.cpp.o
#25 6.911 [46/1829] Building CXX object deps/g3dlite/CMakeFiles/g3dlib.dir/source/Capsule.cpp.o
#25 6.912 [47/1829] Linking CXX static library deps/SFMT/libsfmt.a
#25 6.915 [48/1829] Building CXX object deps/g3dlite/CMakeFiles/g3dlib.dir/source/AABox.cpp.o
#25 6.916 [49/1829] Building CXX object deps/g3dlite/CMakeFiles/g3dlib.dir/source/Any.cpp.o
#25 6.917 [50/1829] Building CXX object deps/g3dlite/CMakeFiles/g3dlib.dir/source/AnyTableReader.cpp.o
#25 6.919 [51/1829] Building CXX object deps/g3dlite/CMakeFiles/g3dlib.dir/source/BinaryFormat.cpp.o
#25 6.920 [52/1829] Linking CXX static library deps/argon2/libargon2.a
#25 6.921 [53/1829] Building CXX object deps/g3dlite/CMakeFiles/g3dlib.dir/source/BinaryOutput.cpp.o
#25 6.922 [54/1829] Building CXX object deps/g3dlite/CMakeFiles/g3dlib.dir/source/CollisionDetection.cpp.o
#25 6.924 [55/1829] Building CXX object deps/g3dlite/CMakeFiles/g3dlib.dir/source/CoordinateFrame.cpp.o
#25 6.926 [56/1829] Building CXX object deps/g3dlite/CMakeFiles/g3dlib.dir/source/Crypto.cpp.o
#25 6.928 [57/1829] Building CXX object deps/g3dlite/CMakeFiles/g3dlib.dir/source/Cylinder.cpp.o
#25 6.929 [58/1829] Linking CXX static library deps/fmt/libfmt.a
#25 6.930 [59/1829] Building CXX object deps/g3dlite/CMakeFiles/g3dlib.dir/source/debugAssert.cpp.o
#25 6.931 [60/1829] Building CXX object deps/g3dlite/CMakeFiles/g3dlib.dir/source/fileutils.cpp.o
#25 6.933 [61/1829] Building CXX object deps/g3dlite/CMakeFiles/g3dlib.dir/source/format.cpp.o
#25 6.934 [62/1829] Building CXX object deps/g3dlite/CMakeFiles/g3dlib.dir/source/g3dfnmatch.cpp.o
#25 6.936 [63/1829] Building CXX object deps/g3dlite/CMakeFiles/g3dlib.dir/source/FileSystem.cpp.o
#25 6.936 [64/1829] Building CXX object deps/g3dlite/CMakeFiles/g3dlib.dir/source/g3dmath.cpp.o
#25 6.939 [65/1829] Building CXX object deps/g3dlite/CMakeFiles/g3dlib.dir/source/GThread.cpp.o
#25 6.940 [66/1829] Building CXX object deps/g3dlite/CMakeFiles/g3dlib.dir/source/Line.cpp.o
#25 6.943 [67/1829] Building CXX object deps/g3dlite/CMakeFiles/g3dlib.dir/source/LineSegment.cpp.o
#25 6.947 [68/1829] Building CXX object deps/g3dlite/CMakeFiles/g3dlib.dir/source/Log.cpp.o
#25 6.947 [69/1829] Building CXX object deps/g3dlite/CMakeFiles/g3dlib.dir/source/Matrix3.cpp.o
#25 6.947 [70/1829] Building CXX object deps/g3dlite/CMakeFiles/g3dlib.dir/source/MemoryManager.cpp.o
#25 6.947 [71/1829] Building CXX object deps/g3dlite/CMakeFiles/g3dlib.dir/source/prompt.cpp.o
#25 6.951 [72/1829] Building CXX object deps/g3dlite/CMakeFiles/g3dlib.dir/source/Matrix4.cpp.o
#25 6.952 [73/1829] Building CXX object deps/g3dlite/CMakeFiles/g3dlib.dir/source/PhysicsFrame.cpp.o
#25 6.953 [74/1829] Building CXX object deps/g3dlite/CMakeFiles/g3dlib.dir/source/Plane.cpp.o
#25 6.955 [75/1829] Building CXX object deps/g3dlite/CMakeFiles/g3dlib.dir/source/Quat.cpp.o
#25 6.956 [76/1829] Building CXX object deps/g3dlite/CMakeFiles/g3dlib.dir/source/Random.cpp.o
#25 6.957 [77/1829] Building CXX object deps/g3dlite/CMakeFiles/g3dlib.dir/source/Ray.cpp.o
#25 6.960 [78/1829] Building CXX object deps/g3dlite/CMakeFiles/g3dlib.dir/source/RegistryUtil.cpp.o
#25 6.962 [79/1829] Building CXX object deps/g3dlite/CMakeFiles/g3dlib.dir/source/Sphere.cpp.o
#25 6.962 [80/1829] Building CXX object deps/g3dlite/CMakeFiles/g3dlib.dir/source/stringutils.cpp.o
#25 6.962 [81/1829] Building CXX object deps/g3dlite/CMakeFiles/g3dlib.dir/source/TextOutput.cpp.o
#25 6.963 [82/1829] Building CXX object deps/g3dlite/CMakeFiles/g3dlib.dir/source/Triangle.cpp.o
#25 6.963 [83/1829] Building CXX object deps/g3dlite/CMakeFiles/g3dlib.dir/source/uint128.cpp.o
#25 6.965 [84/1829] Building CXX object deps/g3dlite/CMakeFiles/g3dlib.dir/source/System.cpp.o
#25 6.966 [85/1829] Building CXX object deps/g3dlite/CMakeFiles/g3dlib.dir/source/TextInput.cpp.o
#25 6.967 [86/1829] Building CXX object deps/g3dlite/CMakeFiles/g3dlib.dir/source/UprightFrame.cpp.o
#25 6.968 [87/1829] Building CXX object deps/recastnavigation/Detour/CMakeFiles/Detour.dir/Source/DetourAlloc.cpp.o
#25 6.969 [88/1829] Building CXX object deps/recastnavigation/Detour/CMakeFiles/Detour.dir/Source/DetourAssert.cpp.o
#25 6.972 [89/1829] Building CXX object deps/g3dlite/CMakeFiles/g3dlib.dir/source/Vector3.cpp.o
#25 6.973 [90/1829] Building CXX object deps/g3dlite/CMakeFiles/g3dlib.dir/source/Vector4.cpp.o
#25 6.974 [91/1829] Building CXX object deps/recastnavigation/Detour/CMakeFiles/Detour.dir/Source/DetourCommon.cpp.o
#25 6.975 [92/1829] Building CXX object deps/g3dlite/CMakeFiles/g3dlib.dir/source/Vector2.cpp.o
#25 6.977 [93/1829] Building CXX object deps/recastnavigation/Detour/CMakeFiles/Detour.dir/Source/DetourNavMeshBuilder.cpp.o
#25 6.978 [94/1829] Building CXX object deps/recastnavigation/Detour/CMakeFiles/Detour.dir/Source/DetourNavMesh.cpp.o
#25 6.979 [95/1829] Building CXX object deps/recastnavigation/Detour/CMakeFiles/Detour.dir/Source/DetourNavMeshQuery.cpp.o
#25 6.979 [96/1829] Building CXX object deps/recastnavigation/Detour/CMakeFiles/Detour.dir/Source/DetourNode.cpp.o
#25 6.980 [97/1829] Building CXX object deps/recastnavigation/Recast/CMakeFiles/Recast.dir/Source/Recast.cpp.o
#25 6.982 [98/1829] Building CXX object deps/recastnavigation/Recast/CMakeFiles/Recast.dir/Source/RecastAlloc.cpp.o
#25 6.983 [99/1829] Building CXX object deps/recastnavigation/Recast/CMakeFiles/Recast.dir/Source/RecastAssert.cpp.o
#25 6.984 [100/1829] Building CXX object deps/recastnavigation/Recast/CMakeFiles/Recast.dir/Source/RecastArea.cpp.o
#25 6.985 [101/1829] Building CXX object deps/recastnavigation/Recast/CMakeFiles/Recast.dir/Source/RecastContour.cpp.o
#25 6.986 [102/1829] Building CXX object deps/recastnavigation/Recast/CMakeFiles/Recast.dir/Source/RecastFilter.cpp.o
#25 6.988 [103/1829] Building CXX object deps/recastnavigation/Recast/CMakeFiles/Recast.dir/Source/RecastLayers.cpp.o
#25 6.989 [104/1829] Building CXX object deps/recastnavigation/Recast/CMakeFiles/Recast.dir/Source/RecastMesh.cpp.o
#25 6.992 [105/1829] Building CXX object deps/recastnavigation/Recast/CMakeFiles/Recast.dir/Source/RecastMeshDetail.cpp.o
#25 6.992 [106/1829] Building CXX object deps/recastnavigation/Recast/CMakeFiles/Recast.dir/Source/RecastRasterization.cpp.o
#25 6.992 [107/1829] Building CXX object deps/recastnavigation/Recast/CMakeFiles/Recast.dir/Source/RecastRegion.cpp.o
#25 6.994 [108/1829] Building CXX object deps/gsoap/CMakeFiles/gsoap.dir/soapServer.cpp.o
#25 6.995 [109/1829] Building C object deps/libmpq/CMakeFiles/mpq.dir/libmpq/explode.c.o
#25 6.995 [110/1829] Building C object deps/libmpq/CMakeFiles/mpq.dir/libmpq/huffman.c.o
#25 6.999 [111/1829] Building CXX object deps/gsoap/CMakeFiles/gsoap.dir/soapC.cpp.o
#25 6.999 [112/1829] Building CXX object deps/gsoap/CMakeFiles/gsoap.dir/stdsoap2.cpp.o
#25 7.001 [113/1829] Building C object deps/libmpq/CMakeFiles/mpq.dir/libmpq/common.c.o
#25 7.001 [114/1829] Building C object deps/libmpq/CMakeFiles/mpq.dir/libmpq/extract.c.o
#25 7.004 [115/1829] Building C object deps/libmpq/CMakeFiles/mpq.dir/libmpq/mpq.c.o
#25 7.005 [116/1829] Building C object deps/libmpq/CMakeFiles/mpq.dir/libmpq/wave.c.o
#25 7.006 [117/1829] Building C object deps/libsidecar/CMakeFiles/libsidecar.dir/stub/battleground-api.c.o
#25 7.009 [118/1829] Building C object deps/libsidecar/CMakeFiles/libsidecar.dir/stub/events-group.c.o
#25 7.010 [119/1829] Building C object deps/libsidecar/CMakeFiles/libsidecar.dir/stub/events-guild.c.o
#25 7.012 [120/1829] Linking CXX static library deps/jemalloc/libjemalloc.a
#25 7.013 [121/1829] Building C object deps/libsidecar/CMakeFiles/libsidecar.dir/stub/events-servers-registry.c.o
#25 7.013 [122/1829] Building C object deps/libsidecar/CMakeFiles/libsidecar.dir/stub/libsidecar.c.o
#25 7.014 [123/1829] Building C object deps/libsidecar/CMakeFiles/libsidecar.dir/stub/player-items-api.c.o
#25 7.015 [124/1829] Building C object deps/libsidecar/CMakeFiles/libsidecar.dir/stub/monitoring.c.o
#25 7.016 [125/1829] Building C object deps/libsidecar/CMakeFiles/libsidecar.dir/stub/player-interactions-api.c.o
#25 7.019 [126/1829] Building C object deps/libsidecar/CMakeFiles/libsidecar.dir/stub/player-money-api.c.o
#25 7.026 [127/1829] Building CXX object src/server/shared/CMakeFiles/shared.dir/SharedDefines.cpp.o
#25 7.031 [128/1829] Building CXX object src/server/shared/CMakeFiles/shared.dir/enuminfo_SharedDefines.cpp.o
#25 7.037 [129/1829] Building CXX object src/server/shared/CMakeFiles/shared.dir/DataStores/DBCStore.cpp.o
#25 7.041 [130/1829] Building CXX object src/server/shared/CMakeFiles/shared.dir/DataStores/DBCDatabaseLoader.cpp.o
#25 7.049 [131/1829] Building CXX object src/server/shared/CMakeFiles/shared.dir/Realms/RealmList.cpp.o
#25 7.051 [132/1829] Linking CXX static library deps/recastnavigation/Detour/libDetour.a
#25 7.052 [133/1829] Building CXX object src/server/shared/CMakeFiles/shared.dir/Packets/ByteBuffer.cpp.o
#25 7.056 [134/1829] Building CXX object modules/CMakeFiles/modules.dir/gen_scriptloader/static/ModulesLoader.cpp.o
#25 7.072 [135/1829] Linking CXX static library deps/gsoap/libgsoap.a
#25 7.077 [136/1829] Building CXX object modules/CMakeFiles/modules.dir/mod-playerbots/src/Ai/Base/Actions/AcceptBattlegroundInvitationAction.cpp.o
#25 7.078 [137/1829] Linking CXX static library deps/recastnavigation/Recast/libRecast.a
#25 7.082 [138/1829] Building CXX object modules/CMakeFiles/modules.dir/mod-playerbots/src/PlayerbotAIConfig.cpp.o
#25 7.086 [139/1829] Building CXX object modules/CMakeFiles/modules.dir/mod-playerbots/src/Ai/Base/Actions/AcceptQuestAction.cpp.o
#25 7.089 [140/1829] Linking CXX static library deps/libmpq/libmpq.a
#25 7.092 [141/1829] Building CXX object src/server/shared/CMakeFiles/shared.dir/Realms/Realm.cpp.o
#25 7.093 [142/1829] Building CXX object src/server/shared/CMakeFiles/shared.dir/Secrets/SecretMgr.cpp.o
#25 7.096 [143/1829] Building CXX object modules/CMakeFiles/modules.dir/mod-playerbots/src/Ai/Base/Actions/AcceptDuelAction.cpp.o
#25 7.097 [144/1829] Linking CXX static library deps/libsidecar/liblibsidecar.a
#25 7.101 [145/1829] Building CXX object modules/CMakeFiles/modules.dir/mod-playerbots/src/Ai/Base/Actions/AcceptInvitationAction.cpp.o
#25 7.103 [146/1829] Building CXX object modules/CMakeFiles/modules.dir/mod-playerbots/src/Ai/Base/Actions/AcceptResurrectAction.cpp.o
#25 7.109 [147/1829] Building CXX object modules/CMakeFiles/modules.dir/mod-playerbots/src/Ai/Base/Actions/AreaTriggerAction.cpp.o
#25 7.111 [148/1829] Building CXX object modules/CMakeFiles/modules.dir/mod-playerbots/src/Ai/Base/Actions/ArenaTeamActions.cpp.o
#25 7.115 [149/1829] Building CXX object modules/CMakeFiles/modules.dir/mod-playerbots/src/Ai/Base/Actions/AddLootAction.cpp.o
#25 7.117 [150/1829] Building CXX object modules/CMakeFiles/modules.dir/mod-playerbots/src/Ai/Base/Actions/AttackAction.cpp.o
#25 7.120 [151/1829] Building CXX object modules/CMakeFiles/modules.dir/mod-playerbots/src/Ai/Base/Actions/AutoMaintenanceOnLevelupAction.cpp.o
#25 7.121 [152/1829] Building CXX object modules/CMakeFiles/modules.dir/mod-playerbots/src/Ai/Base/Actions/BankAction.cpp.o
#25 7.126 [153/1829] Building CXX object modules/CMakeFiles/modules.dir/mod-playerbots/src/Ai/Base/Actions/BattleGroundJoinAction.cpp.o
#25 7.128 [154/1829] Building CXX object modules/CMakeFiles/modules.dir/mod-playerbots/src/Ai/Base/Actions/BossAuraActions.cpp.o
#25 7.133 [155/1829] Building CXX object modules/CMakeFiles/modules.dir/mod-playerbots/src/Ai/Base/Actions/BattleGroundTactics.cpp.o
#25 7.136 [156/1829] Building CXX object modules/CMakeFiles/modules.dir/mod-playerbots/src/Ai/Base/Actions/BuffAction.cpp.o
#25 7.140 [157/1829] Building CXX object modules/CMakeFiles/modules.dir/mod-playerbots/src/Ai/Base/Actions/BuyAction.cpp.o
#25 7.144 [158/1829] Building CXX object modules/CMakeFiles/modules.dir/mod-playerbots/src/Ai/Base/Actions/CancelChannelAction.cpp.o
#25 7.146 [159/1829] Building CXX object modules/CMakeFiles/modules.dir/mod-playerbots/src/Ai/Base/Actions/CastCustomSpellAction.cpp.o
#25 7.147 [160/1829] Building CXX object modules/CMakeFiles/modules.dir/mod-playerbots/src/Ai/Base/Actions/ChangeChatAction.cpp.o
#25 7.157 [161/1829] Building CXX object modules/CMakeFiles/modules.dir/mod-playerbots/src/Ai/Base/Actions/ChangeStrategyAction.cpp.o
#25 7.162 [162/1829] Linking CXX static library deps/g3dlite/libg3dlib.a
#25 7.166 [163/1829] Building CXX object modules/CMakeFiles/modules.dir/mod-playerbots/src/Ai/Base/Actions/ChatShortcutActions.cpp.o
#25 7.169 [164/1829] Building CXX object modules/CMakeFiles/modules.dir/mod-playerbots/src/Ai/Base/Actions/CheckMountStateAction.cpp.o
#25 7.171 [165/1829] Building CXX object modules/CMakeFiles/modules.dir/mod-playerbots/src/Ai/Base/Actions/CheckMailAction.cpp.o
#25 7.174 [166/1829] Building CXX object modules/CMakeFiles/modules.dir/mod-playerbots/src/Ai/Base/Actions/CheckValuesAction.cpp.o
#25 7.175 [167/1829] Building CXX object modules/CMakeFiles/modules.dir/mod-playerbots/src/Ai/Base/Actions/ChangeTalentsAction.cpp.o
#25 7.176 [168/1829] Building CXX object modules/CMakeFiles/modules.dir/mod-playerbots/src/Ai/Base/Actions/ChooseTargetActions.cpp.o
#25 7.179 [169/1829] Building CXX object modules/CMakeFiles/modules.dir/mod-playerbots/src/Ai/Base/Actions/CombatActions.cpp.o
#25 7.181 [170/1829] Building CXX object modules/CMakeFiles/modules.dir/mod-playerbots/src/Ai/Base/Actions/CheatAction.cpp.o
#25 7.186 [171/1829] Building CXX object src/common/CMakeFiles/common.dir/cmake_pch.hxx.pch
#25 7.188 [172/1829] Building CXX object modules/CMakeFiles/modules.dir/mod-playerbots/src/Ai/Base/Actions/ChooseTravelTargetAction.cpp.o
#25 7.192 [173/1829] Building CXX object modules/CMakeFiles/modules.dir/mod-playerbots/src/Ai/Base/Actions/DelayAction.cpp.o
#25 7.201 [174/1829] Building CXX object modules/CMakeFiles/modules.dir/mod-playerbots/src/Ai/Base/Actions/ChooseRpgTargetAction.cpp.o
#25 7.206 [175/1829] Building CXX object modules/CMakeFiles/modules.dir/mod-playerbots/src/Ai/Base/Actions/DropQuestAction.cpp.o
#25 7.209 [176/1829] Building CXX object modules/CMakeFiles/modules.dir/mod-playerbots/src/Ai/Base/Actions/EmoteAction.cpp.o
#25 7.209 [177/1829] Building CXX object modules/CMakeFiles/modules.dir/mod-playerbots/src/Ai/Base/Actions/EquipGlyphsAction.cpp.o
#25 7.211 [178/1829] Building CXX object modules/CMakeFiles/modules.dir/mod-playerbots/src/Ai/Base/Actions/DebugAction.cpp.o
#25 7.214 [179/1829] Building CXX object modules/CMakeFiles/modules.dir/mod-playerbots/src/Ai/Base/Actions/DestroyItemAction.cpp.o
#25 7.218 [180/1829] Building CXX object modules/CMakeFiles/modules.dir/mod-playerbots/src/Ai/Base/Actions/FishingAction.cpp.o
#25 7.222 [181/1829] Building CXX object modules/CMakeFiles/modules.dir/mod-playerbots/src/Ai/Base/Actions/CustomStrategyEditAction.cpp.o
#25 7.226 [182/1829] Building CXX object modules/CMakeFiles/modules.dir/mod-playerbots/src/Ai/Base/Actions/EquipAction.cpp.o
#25 7.233 [183/1829] Building CXX object modules/CMakeFiles/modules.dir/mod-playerbots/src/Ai/Base/Actions/FlagAction.cpp.o
#25 7.240 [184/1829] Building CXX object src/server/database/CMakeFiles/database.dir/cmake_pch.hxx.pch
#25 7.242 [185/1829] Building CXX object src/common/CMakeFiles/common.dir/Common.cpp.o
#25 7.260 [186/1829] Building CXX object src/common/CMakeFiles/common.dir/Collision/DynamicTree.cpp.o
#25 7.263 [187/1829] Building CXX object src/common/CMakeFiles/common.dir/Collision/Management/VMapFactory.cpp.o
#25 7.265 [188/1829] Building CXX object src/common/CMakeFiles/common.dir/Collision/Management/MMapMgr.cpp.o
#25 7.268 [189/1829] Building CXX object src/common/CMakeFiles/common.dir/GitRevision.cpp.o
#25 7.272 [190/1829] Building CXX object src/common/CMakeFiles/common.dir/Banner.cpp.o
#25 7.276 [191/1829] Building CXX object src/common/CMakeFiles/common.dir/Collision/BoundingIntervalHierarchy.cpp.o
#25 7.277 [192/1829] Building CXX object src/common/CMakeFiles/common.dir/Collision/Management/VMapMgr2.cpp.o
#25 7.283 [193/1829] Building CXX object src/common/CMakeFiles/common.dir/Collision/Management/WorldModelStore.cpp.o
#25 7.296 [194/1829] Building CXX object src/common/CMakeFiles/common.dir/Collision/Maps/MapTree.cpp.o
#25 7.306 [195/1829] Building CXX object src/common/CMakeFiles/common.dir/Configuration/BuiltInConfig.cpp.o
#25 7.308 [196/1829] Building CXX object src/common/CMakeFiles/common.dir/Collision/Models/GameObjectModel.cpp.o
#25 7.310 [197/1829] Building CXX object src/common/CMakeFiles/common.dir/Collision/Models/WorldModel.cpp.o
#25 7.316 [198/1829] Building CXX object src/common/CMakeFiles/common.dir/Configuration/Config.cpp.o
#25 7.325 [199/1829] Building CXX object src/common/CMakeFiles/common.dir/Collision/Models/ModelInstance.cpp.o
#25 7.328 [200/1829] Building CXX object src/common/CMakeFiles/common.dir/Cryptography/AES.cpp.o
#25 7.330 [201/1829] Building CXX object src/common/CMakeFiles/common.dir/Cryptography/Argon2.cpp.o
#25 7.333 [202/1829] Building CXX object src/common/CMakeFiles/common.dir/Collision/Maps/TileAssembler.cpp.o
#25 7.336 [203/1829] Building CXX object src/common/CMakeFiles/common.dir/Cryptography/TOTP.cpp.o
#25 7.349 [204/1829] Building CXX object src/common/CMakeFiles/common.dir/Cryptography/ARC4.cpp.o
#25 7.353 [205/1829] Building CXX object src/common/CMakeFiles/common.dir/Cryptography/BigNumber.cpp.o
#25 7.355 [206/1829] Building CXX object src/common/CMakeFiles/common.dir/Cryptography/Authentication/AuthCrypt.cpp.o
#25 7.357 [207/1829] Building CXX object src/common/CMakeFiles/common.dir/DataStores/DBCFileLoader.cpp.o
#25 7.368 [208/1829] Building CXX object src/common/CMakeFiles/common.dir/Cryptography/OpenSSLCrypto.cpp.o
#25 7.373 [209/1829] Building CXX object src/common/CMakeFiles/common.dir/Encoding/Base32.cpp.o
#25 7.380 [210/1829] Building CXX object src/common/CMakeFiles/common.dir/Cryptography/CryptoRandom.cpp.o
#25 7.380 [211/1829] Building CXX object src/common/CMakeFiles/common.dir/Cryptography/Authentication/SRP6.cpp.o
#25 7.382 [212/1829] Building CXX object src/common/CMakeFiles/common.dir/IPLocation/IPLocation.cpp.o
#25 7.384 [213/1829] Building CXX object src/common/CMakeFiles/common.dir/Logging/Appender.cpp.o
#25 7.402 [214/1829] Building CXX object src/common/CMakeFiles/common.dir/Logging/AppenderFile.cpp.o
#25 7.405 [215/1829] Building CXX object src/common/CMakeFiles/common.dir/Logging/AppenderConsole.cpp.o
#25 7.412 [216/1829] Building CXX object src/common/CMakeFiles/common.dir/Logging/enuminfo_AppenderConsole.cpp.o
#25 7.414 [217/1829] Building CXX object src/common/CMakeFiles/common.dir/Logging/Logger.cpp.o
#25 7.417 [218/1829] Building CXX object src/common/CMakeFiles/common.dir/Logging/LogOperation.cpp.o
#25 7.422 [219/1829] Building CXX object src/common/CMakeFiles/common.dir/Encoding/Base64.cpp.o
#25 7.428 [220/1829] Building CXX object src/common/CMakeFiles/common.dir/Logging/LogMessage.cpp.o
#25 7.449 [221/1829] Building CXX object src/common/CMakeFiles/common.dir/Logging/enuminfo_LogCommon.cpp.o
#25 7.449 [222/1829] Building CXX object src/common/CMakeFiles/common.dir/Logging/Log.cpp.o
#25 7.453 [223/1829] Building CXX object src/common/CMakeFiles/common.dir/Navigation/DetourExtended.cpp.o
#25 7.456 [224/1829] Building CXX object src/common/CMakeFiles/common.dir/Threading/ProcessPriority.cpp.o
#25 7.458 [225/1829] Building CXX object src/common/CMakeFiles/common.dir/Metric/Metric.cpp.o
#25 7.459 [226/1829] Building CXX object src/common/CMakeFiles/common.dir/Threading/Threading.cpp.o
#25 7.462 [227/1829] Building CXX object src/common/CMakeFiles/common.dir/Utilities/EventMap.cpp.o
#25 7.463 [228/1829] Building CXX object src/server/scripts/CMakeFiles/scripts.dir/cmake_pch.hxx.pch
#25 7.467 [229/1829] Building CXX object src/common/CMakeFiles/common.dir/Utilities/SFMTRand.cpp.o
#25 7.472 [230/1829] Building CXX object src/common/CMakeFiles/common.dir/Utilities/Random.cpp.o
#25 7.483 [231/1829] Building CXX object src/common/CMakeFiles/common.dir/Utilities/StringFormat.cpp.o
#25 7.489 [232/1829] Building CXX object src/common/CMakeFiles/common.dir/Utilities/TaskScheduler.cpp.o
#25 7.500 [233/1829] Building CXX object src/common/CMakeFiles/common.dir/Utilities/EventProcessor.cpp.o
#25 7.504 [234/1829] Building CXX object src/common/CMakeFiles/common.dir/Utilities/Tokenize.cpp.o
#25 7.506 [235/1829] Building CXX object src/common/CMakeFiles/common.dir/Debugging/Errors.cpp.o
#25 7.507 [236/1829] Building CXX object src/common/CMakeFiles/common.dir/Utilities/Util.cpp.o
#25 7.513 [237/1829] Building CXX object src/common/CMakeFiles/common.dir/Utilities/Timer.cpp.o
#25 7.531 [238/1829] Building CXX object src/common/CMakeFiles/common.dir/Utilities/Systemd.cpp.o
#25 7.539 [239/1829] Building CXX object src/server/database/CMakeFiles/database.dir/Database/AdhocStatement.cpp.o
#25 7.543 [240/1829] Building CXX object src/server/database/CMakeFiles/database.dir/Database/MySQLConnection.cpp.o
#25 7.547 [241/1829] Building CXX object src/server/database/CMakeFiles/database.dir/Database/DatabaseLoader.cpp.o
#25 7.552 [242/1829] Building CXX object src/common/CMakeFiles/common.dir/Utilities/StartProcess.cpp.o
#25 7.557 [243/1829] Building CXX object src/server/database/CMakeFiles/database.dir/Database/DatabaseWorker.cpp.o
#25 7.557 [244/1829] Building CXX object src/server/database/CMakeFiles/database.dir/Database/DatabaseEnv.cpp.o
#25 7.559 [245/1829] Building CXX object src/server/database/CMakeFiles/database.dir/Database/MySQLPreparedStatement.cpp.o
#25 7.560 [246/1829] Building CXX object src/server/database/CMakeFiles/database.dir/Database/Field.cpp.o
#25 7.564 [247/1829] Building CXX object src/server/database/CMakeFiles/database.dir/Database/DatabaseWorkerPool.cpp.o
#25 7.572 [248/1829] Building CXX object src/server/database/CMakeFiles/database.dir/Database/PreparedStatement.cpp.o
#25 7.578 [249/1829] Building CXX object src/server/database/CMakeFiles/database.dir/Database/QueryCallback.cpp.o
#25 7.592 [250/1829] Building CXX object src/server/database/CMakeFiles/database.dir/Database/QueryResult.cpp.o
#25 7.599 [251/1829] Building CXX object src/server/database/CMakeFiles/database.dir/Database/QueryHolder.cpp.o
#25 7.601 [252/1829] Building CXX object src/server/database/CMakeFiles/database.dir/Database/Implementation/LoginDatabase.cpp.o
#25 7.606 [253/1829] Building CXX object src/server/database/CMakeFiles/database.dir/Database/Transaction.cpp.o
#25 7.608 [254/1829] Building CXX object src/server/database/CMakeFiles/database.dir/Database/Implementation/CharacterDatabase.cpp.o
#25 7.610 [255/1829] Building CXX object src/server/database/CMakeFiles/database.dir/Database/MySQLThreading.cpp.o
#25 7.620 [256/1829] Building CXX object src/server/database/CMakeFiles/database.dir/Database/Implementation/WorldDatabase.cpp.o
#25 7.622 [257/1829] Building CXX object src/server/database/CMakeFiles/database.dir/Database/Implementation/PlayerbotsDatabase.cpp.o
#25 7.628 [258/1829] Building CXX object src/server/database/CMakeFiles/database.dir/Updater/DBUpdater.cpp.o
#25 7.636 [259/1829] Building CXX object src/server/database/CMakeFiles/database.dir/Logging/AppenderDB.cpp.o
#25 7.642 [260/1829] Building CXX object src/server/database/CMakeFiles/database.dir/Updater/UpdateFetcher.cpp.o
#25 7.733 [261/1829] Building CXX object src/server/scripts/CMakeFiles/scripts.dir/gen_scriptloader/static/ScriptLoader.cpp.o
#25 7.752 [262/1829] Building CXX object src/server/scripts/CMakeFiles/scripts.dir/Commands/cs_account.cpp.o
#25 7.765 [263/1829] Building CXX object src/server/scripts/CMakeFiles/scripts.dir/Commands/cs_autobroadcast.cpp.o
#25 7.768 [264/1829] Building CXX object src/server/scripts/CMakeFiles/scripts.dir/Commands/PlayerCommand.cpp.o
#25 7.779 [265/1829] Building CXX object src/server/scripts/CMakeFiles/scripts.dir/Commands/cs_achievement.cpp.o
#25 7.784 [266/1829] Building CXX object src/server/scripts/CMakeFiles/scripts.dir/Commands/cs_arena.cpp.o
#25 7.795 [267/1829] Building CXX object src/server/scripts/CMakeFiles/scripts.dir/Commands/cs_chatfilter.cpp.o
#25 7.809 [268/1829] Building CXX object src/server/scripts/CMakeFiles/scripts.dir/Commands/cs_bf.cpp.o
#25 7.854 [269/1829] Building CXX object src/server/scripts/CMakeFiles/scripts.dir/Commands/cs_cast.cpp.o
#25 7.863 [270/1829] Building CXX object src/server/scripts/CMakeFiles/scripts.dir/Commands/cs_bag.cpp.o
#25 7.869 [271/1829] Building CXX object src/server/scripts/CMakeFiles/scripts.dir/Commands/cs_cheat.cpp.o
#25 7.872 [272/1829] Building CXX object src/server/scripts/CMakeFiles/scripts.dir/Commands/cs_ban.cpp.o
#25 7.876 [273/1829] Building CXX object src/server/scripts/CMakeFiles/scripts.dir/Commands/cs_cache.cpp.o
#25 7.881 [274/1829] Linking CXX static library src/common/libcommon.a
#25 7.885 [275/1829] Building CXX object src/server/scripts/CMakeFiles/scripts.dir/Commands/cs_character.cpp.o
#25 7.889 [276/1829] cd /azerothcore && /usr/bin/cmake -DBUILDDIR="/azerothcore/build" -P /azerothcore/src/cmake/genrev.cmake /azerothcore/build
#25 7.930 [277/1829] Building CXX object src/server/scripts/CMakeFiles/scripts.dir/Commands/cs_disable.cpp.o
#25 7.936 [278/1829] Building CXX object src/server/scripts/CMakeFiles/scripts.dir/Commands/cs_debug.cpp.o
#25 7.984 [279/1829] Building CXX object src/server/scripts/CMakeFiles/scripts.dir/Commands/cs_deserter.cpp.o
#25 7.990 [280/1829] Building CXX object src/server/scripts/CMakeFiles/scripts.dir/Commands/cs_gear.cpp.o
#25 7.993 [281/1829] Building CXX object src/server/scripts/CMakeFiles/scripts.dir/Commands/cs_gobject.cpp.o
#25 8.003 [282/1829] Building CXX object src/server/scripts/CMakeFiles/scripts.dir/Commands/cs_event.cpp.o
#25 8.011 [283/1829] Building CXX object src/server/scripts/CMakeFiles/scripts.dir/Commands/cs_gm.cpp.o
#25 8.028 [284/1829] Building CXX object src/server/scripts/CMakeFiles/scripts.dir/Commands/cs_group.cpp.o
#25 8.036 [285/1829] Building CXX object src/server/scripts/CMakeFiles/scripts.dir/Commands/cs_go.cpp.o
#25 8.056 [286/1829] Building CXX object src/server/scripts/CMakeFiles/scripts.dir/Commands/cs_guild.cpp.o
#25 8.074 [287/1829] Building CXX object src/server/scripts/CMakeFiles/scripts.dir/Commands/cs_inventory.cpp.o
#25 8.096 [288/1829] Building CXX object src/server/scripts/CMakeFiles/scripts.dir/Commands/cs_instance.cpp.o
#25 8.110 [289/1829] Building CXX object src/server/scripts/CMakeFiles/scripts.dir/Commands/cs_item.cpp.o
#25 8.112 [290/1829] Building CXX object src/server/scripts/CMakeFiles/scripts.dir/Commands/cs_honor.cpp.o
#25 8.126 [291/1829] Building CXX object src/server/apps/CMakeFiles/authserver.dir/cmake_pch.hxx.pch
#25 8.142 [292/1829] Linking CXX static library src/server/database/libdatabase.a
#25 8.169 [293/1829] Building CXX object src/server/apps/CMakeFiles/worldserver.dir/cmake_pch.hxx.pch
#25 8.192 [294/1829] Building CXX object src/server/scripts/CMakeFiles/scripts.dir/Commands/cs_mail.cpp.o
#25 8.199 [295/1829] Building CXX object src/server/scripts/CMakeFiles/scripts.dir/Commands/cs_message.cpp.o
#25 8.210 [296/1829] Building CXX object src/server/scripts/CMakeFiles/scripts.dir/Commands/cs_lookup.cpp.o
#25 8.235 [297/1829] Building CXX object src/server/scripts/CMakeFiles/scripts.dir/Commands/cs_lfg.cpp.o
#25 8.244 [298/1829] Building CXX object src/server/apps/CMakeFiles/authserver.dir/authserver/Main.cpp.o
#25 8.244 [299/1829] Building CXX object src/server/scripts/CMakeFiles/scripts.dir/Commands/cs_list.cpp.o
#25 8.260 [300/1829] Building CXX object src/server/scripts/CMakeFiles/scripts.dir/Commands/cs_misc.cpp.o
#25 8.270 [301/1829] Building CXX object src/server/apps/CMakeFiles/authserver.dir/authserver/Server/AuthSession.cpp.o
#25 8.276 [302/1829] Building CXX object src/server/scripts/CMakeFiles/scripts.dir/Commands/cs_mmaps.cpp.o
#25 8.281 [303/1829] Building CXX object src/server/scripts/CMakeFiles/scripts.dir/Commands/cs_learn.cpp.o
#25 8.289 [304/1829] Building CXX object src/server/apps/CMakeFiles/authserver.dir/authserver/Authentication/AuthCodes.cpp.o
#25 8.293 [305/1829] Building CXX object src/server/scripts/CMakeFiles/scripts.dir/Commands/cs_npc.cpp.o
#25 8.302 [306/1829] Building CXX object src/server/apps/CMakeFiles/worldserver.dir/worldserver/ACSoap/ACSoap.cpp.o
#25 8.309 [307/1829] Building CXX object src/server/scripts/CMakeFiles/scripts.dir/Commands/cs_player.cpp.o
#25 8.317 [308/1829] Building CXX object src/server/scripts/CMakeFiles/scripts.dir/Commands/cs_modify.cpp.o
#25 8.332 [309/1829] Building CXX object src/server/apps/CMakeFiles/worldserver.dir/worldserver/Main.cpp.o
#25 8.334 [310/1829] Building CXX object src/server/apps/CMakeFiles/worldserver.dir/worldserver/RemoteAccess/RASession.cpp.o
#25 8.340 [311/1829] Building CXX object src/server/scripts/CMakeFiles/scripts.dir/Commands/cs_pet.cpp.o
#25 8.344 [312/1829] Building CXX object src/server/apps/CMakeFiles/worldserver.dir/worldserver/CommandLine/CliRunnable.cpp.o
#25 8.371 [313/1829] Building CXX object src/server/game/CMakeFiles/game.dir/cmake_pch.hxx.pch
#25 8.375 [314/1829] Linking CXX static library src/server/shared/libshared.a
#25 8.426 [315/1829] Building CXX object src/server/scripts/CMakeFiles/scripts.dir/Commands/cs_player_settings.cpp.o
#25 8.451 [316/1829] Building CXX object src/server/scripts/CMakeFiles/scripts.dir/Commands/cs_pool.cpp.o
#25 8.462 [317/1829] Building CXX object src/server/scripts/CMakeFiles/scripts.dir/Commands/cs_reload.cpp.o
#25 8.470 [318/1829] Building CXX object src/server/scripts/CMakeFiles/scripts.dir/Commands/cs_script_loader.cpp.o
#25 8.502 [319/1829] Building CXX object src/server/scripts/CMakeFiles/scripts.dir/Commands/cs_quest.cpp.o
#25 8.514 [320/1829] Building CXX object src/server/scripts/CMakeFiles/scripts.dir/Commands/cs_spectator.cpp.o
#25 8.516 [321/1829] Building CXX object src/server/scripts/CMakeFiles/scripts.dir/Commands/cs_rbac.cpp.o
#25 8.523 [322/1829] Building CXX object src/server/scripts/CMakeFiles/scripts.dir/Commands/cs_pooltools.cpp.o
#25 8.532 [323/1829] Building CXX object src/server/scripts/CMakeFiles/scripts.dir/Commands/cs_send.cpp.o
#25 8.536 [324/1829] Building CXX object src/server/scripts/CMakeFiles/scripts.dir/Commands/cs_reset.cpp.o
#25 8.539 [325/1829] Building CXX object src/server/scripts/CMakeFiles/scripts.dir/Commands/cs_spellinfo.cpp.o
#25 8.542 [326/1829] Building CXX object src/server/scripts/CMakeFiles/scripts.dir/Commands/cs_ticket.cpp.o
#25 8.548 [327/1829] Building CXX object src/server/scripts/CMakeFiles/scripts.dir/Commands/cs_server.cpp.o
#25 8.570 [328/1829] Building CXX object src/server/game/CMakeFiles/game.dir/AI/CreatureAI.cpp.o
#25 8.587 [329/1829] Building CXX object src/server/scripts/CMakeFiles/scripts.dir/Commands/cs_tele.cpp.o
#25 8.616 [330/1829] Building CXX object src/server/game/CMakeFiles/game.dir/AI/CreatureAISelector.cpp.o
#25 8.652 [331/1829] Building CXX object src/server/game/CMakeFiles/game.dir/AI/enuminfo_CreatureAI.cpp.o
#25 8.668 [332/1829] Building CXX object src/server/game/CMakeFiles/game.dir/AI/CreatureAIRegistry.cpp.o
#25 8.681 [333/1829] Building CXX object src/server/game/CMakeFiles/game.dir/AI/CoreAI/GuardAI.cpp.o
#25 8.693 [334/1829] Building CXX object src/server/game/CMakeFiles/game.dir/AI/CoreAI/ReactorAI.cpp.o
#25 8.716 [335/1829] Building CXX object src/server/game/CMakeFiles/game.dir/AI/CoreAI/GameObjectAI.cpp.o
#25 8.721 [336/1829] Building CXX object src/server/game/CMakeFiles/game.dir/AI/CoreAI/PetAI.cpp.o
#25 8.726 [337/1829] Building CXX object src/server/game/CMakeFiles/game.dir/AI/CoreAI/PassiveAI.cpp.o
#25 8.731 [338/1829] Building CXX object src/server/game/CMakeFiles/game.dir/AI/ScriptedAI/ScriptedEscortAI.cpp.o
#25 8.743 [339/1829] Building CXX object src/server/game/CMakeFiles/game.dir/AI/CoreAI/TotemAI.cpp.o
#25 8.752 [340/1829] Building CXX object src/server/game/CMakeFiles/game.dir/AI/ScriptedAI/ScriptedFollowerAI.cpp.o
#25 8.761 [341/1829] Building CXX object src/server/game/CMakeFiles/game.dir/AI/CoreAI/CombatAI.cpp.o
#25 8.764 [342/1829] Building CXX object src/server/game/CMakeFiles/game.dir/AI/CoreAI/UnitAI.cpp.o
#25 8.783 [343/1829] Building CXX object src/server/game/CMakeFiles/game.dir/AI/ScriptedAI/ScriptedGossip.cpp.o
#25 8.799 [344/1829] Building CXX object src/server/game/CMakeFiles/game.dir/AI/ScriptedAI/ScriptedCreature.cpp.o
#25 8.835 [345/1829] Building CXX object src/server/game/CMakeFiles/game.dir/AI/SmartScripts/SmartAI.cpp.o
#25 8.842 [346/1829] Building CXX object src/server/game/CMakeFiles/game.dir/Accounts/RBAC.cpp.o
#25 8.857 [347/1829] Building CXX object src/server/game/CMakeFiles/game.dir/Accounts/AccountMgr.cpp.o
#25 8.890 [348/1829] Building CXX object src/server/game/CMakeFiles/game.dir/AuctionHouse/AuctionHouseMgr.cpp.o
#25 8.897 [349/1829] Building CXX object src/server/game/CMakeFiles/game.dir/Achievements/AchievementMgr.cpp.o
#25 8.911 [350/1829] Building CXX object src/server/game/CMakeFiles/game.dir/Autobroadcast/AutobroadcastMgr.cpp.o
#25 8.914 [351/1829] Building CXX object src/server/game/CMakeFiles/game.dir/Addons/AddonMgr.cpp.o
#25 8.917 [352/1829] Building CXX object src/server/game/CMakeFiles/game.dir/AuctionHouse/AuctionHouseSearcher.cpp.o
#25 8.931 [353/1829] Building CXX object src/server/game/CMakeFiles/game.dir/AI/SmartScripts/SmartScriptMgr.cpp.o
#25 8.935 [354/1829] Building CXX object src/server/game/CMakeFiles/game.dir/ArenaSpectator/ArenaSpectator.cpp.o
#25 8.953 [355/1829] Building CXX object src/server/game/CMakeFiles/game.dir/AI/SmartScripts/SmartScript.cpp.o
#25 8.960 [356/1829] Building CXX object src/server/game/CMakeFiles/game.dir/Battlefield/Zones/BattlefieldWG.cpp.o
#25 8.972 [357/1829] Building CXX object src/server/game/CMakeFiles/game.dir/Battlefield/BattlefieldMgr.cpp.o
#25 8.995 [358/1829] Building CXX object src/server/game/CMakeFiles/game.dir/Battlegrounds/Arena.cpp.o
#25 9.009 [359/1829] Building CXX object src/server/game/CMakeFiles/game.dir/Battlefield/Battlefield.cpp.o
#25 9.019 [360/1829] Building CXX object src/server/game/CMakeFiles/game.dir/Battlegrounds/ArenaTeamMgr.cpp.o
#25 9.037 [361/1829] Building CXX object src/server/game/CMakeFiles/game.dir/Battlefield/BattlefieldHandler.cpp.o
#25 9.178 [362/1829] Linking CXX executable src/server/apps/authserver
#25 ...

#5 [ac-worldserver internal] load build context
#5 transferring context: 1.51GB 12.0s done
#5 DONE 12.0s

#25 [ac-db-import build 8/8] RUN --mount=type=cache,target=/ccache,sharing=locked     --mount=type=bind,target=/azerothcore/.git,source=.git     git config --global --add safe.directory /azerothcore     && cmake /azerothcore        -G Ninja        -DCMAKE_INSTALL_PREFIX="/azerothcore/env/dist"         -DAPPS_BUILD="all"                                     -DTOOLS_BUILD="all"                          -DSCRIPTS="static"                                  -DMODULES="static"                                  -DWITH_WARNINGS="ON"                      -DCMAKE_BUILD_TYPE="RelWithDebInfo"                            -DCMAKE_CXX_COMPILER="clang++"                         -DCMAKE_C_COMPILER="clang"                             -DCMAKE_CXX_COMPILER_LAUNCHER="ccache"                 -DCMAKE_C_COMPILER_LAUNCHER="ccache"                   -DBoost_USE_STATIC_LIBS="ON"                        && cmake --build . --config "RelWithDebInfo" -j $(($(nproc) + 1))     && cmake --install . --config "RelWithDebInfo"
#25 9.341 [363/1829] Building CXX object src/server/game/CMakeFiles/game.dir/Battlegrounds/ArenaTeam.cpp.o
#25 9.343 [364/1829] Building CXX object src/server/game/CMakeFiles/game.dir/Battlegrounds/BattlegroundUtils.cpp.o
#25 9.345 [365/1829] Building CXX object src/server/game/CMakeFiles/game.dir/Battlegrounds/Battleground.cpp.o
#25 9.347 [366/1829] Building CXX object src/server/game/CMakeFiles/game.dir/Battlegrounds/BattlegroundMgr.cpp.o
#25 9.349 [367/1829] Building CXX object src/server/game/CMakeFiles/game.dir/Battlegrounds/BattlegroundQueue.cpp.o
#25 9.351 [368/1829] Building CXX object src/server/game/CMakeFiles/game.dir/Battlegrounds/BattlegroundSpamProtect.cpp.o
#25 9.352 [369/1829] Building CXX object src/server/game/CMakeFiles/game.dir/Battlegrounds/enuminfo_ArenaTeam.cpp.o
#25 9.354 [370/1829] Building CXX object src/server/game/CMakeFiles/game.dir/Battlegrounds/ArenaSeason/ArenaSeasonMgr.cpp.o
#25 9.356 [371/1829] Building CXX object src/server/game/CMakeFiles/game.dir/Battlegrounds/ArenaSeason/ArenaSeasonRewardsDistributor.cpp.o
#25 9.358 [372/1829] Building CXX object src/server/game/CMakeFiles/game.dir/Battlegrounds/Zones/BattlegroundAB.cpp.o
#25 9.359 [373/1829] Building CXX object src/server/game/CMakeFiles/game.dir/Battlegrounds/Zones/BattlegroundAV.cpp.o
#25 9.361 [374/1829] Building CXX object src/server/game/CMakeFiles/game.dir/Battlegrounds/Zones/BattlegroundBE.cpp.o
#25 9.363 [375/1829] Building CXX object src/server/game/CMakeFiles/game.dir/Battlegrounds/Zones/BattlegroundDS.cpp.o
#25 9.365 [376/1829] Building CXX object src/server/game/CMakeFiles/game.dir/Battlegrounds/Zones/BattlegroundEY.cpp.o
#25 9.366 [377/1829] Building CXX object src/server/game/CMakeFiles/game.dir/Battlegrounds/Zones/BattlegroundIC.cpp.o
#25 9.481 [378/1829] Building CXX object src/server/game/CMakeFiles/game.dir/Battlegrounds/Zones/BattlegroundNA.cpp.o
#25 9.548 [379/1829] Building CXX object src/server/game/CMakeFiles/game.dir/Battlegrounds/Zones/BattlegroundRL.cpp.o
#25 9.550 [380/1829] Building CXX object src/server/game/CMakeFiles/game.dir/Battlegrounds/Zones/BattlegroundRV.cpp.o
#25 9.552 [381/1829] Building CXX object src/server/game/CMakeFiles/game.dir/Battlegrounds/Zones/BattlegroundWS.cpp.o
#25 9.554 [382/1829] Building CXX object src/server/game/CMakeFiles/game.dir/Cache/CharacterCache.cpp.o
#25 9.586 [383/1829] Building CXX object src/server/game/CMakeFiles/game.dir/Cache/WhoListCacheMgr.cpp.o
#25 9.588 [384/1829] Building CXX object src/server/game/CMakeFiles/game.dir/Chat/Channels/enuminfo_Channel.cpp.o
#25 9.589 [385/1829] Building CXX object src/server/game/CMakeFiles/game.dir/Battlegrounds/Zones/BattlegroundSA.cpp.o
#25 9.591 [386/1829] Building CXX object src/server/game/CMakeFiles/game.dir/Chat/HyperlinkTags.cpp.o
#25 9.593 [387/1829] Building CXX object src/server/game/CMakeFiles/game.dir/Chat/Hyperlinks.cpp.o
#25 9.594 [388/1829] Building CXX object src/server/game/CMakeFiles/game.dir/Chat/Channels/Channel.cpp.o
#25 9.596 [389/1829] Building CXX object src/server/game/CMakeFiles/game.dir/Chat/Channels/ChannelMgr.cpp.o
#25 9.598 [390/1829] Building CXX object src/server/game/CMakeFiles/game.dir/Calendar/CalendarMgr.cpp.o
#25 9.600 [391/1829] Building CXX object src/server/game/CMakeFiles/game.dir/Chat/Chat.cpp.o
#25 9.601 [392/1829] Building CXX object src/server/game/CMakeFiles/game.dir/Chat/ChatCommands/ChatCommand.cpp.o
#25 9.603 [393/1829] Building CXX object src/server/game/CMakeFiles/game.dir/Chat/ChatCommands/ChatCommandArgs.cpp.o
#25 9.725 [394/1829] Building CXX object src/server/game/CMakeFiles/game.dir/Chat/ChatCommands/ChatCommandHelpers.cpp.o
#25 ...

#21 [ac-worldserver build 5/8] COPY src /azerothcore/src
#21 CACHED

#23 [ac-authserver build 6/8] COPY modules /azerothcore/modules
#23 DONE 1.2s

#24 [ac-authserver build 7/8] WORKDIR /azerothcore/build
#24 DONE 0.4s

#25 [ac-authserver build 8/8] RUN --mount=type=cache,target=/ccache,sharing=locked     --mount=type=bind,target=/azerothcore/.git,source=.git     git config --global --add safe.directory /azerothcore     && cmake /azerothcore        -G Ninja        -DCMAKE_INSTALL_PREFIX="/azerothcore/env/dist"         -DAPPS_BUILD="all"                                     -DTOOLS_BUILD="all"                          -DSCRIPTS="static"                                  -DMODULES="static"                                  -DWITH_WARNINGS="ON"                      -DCMAKE_BUILD_TYPE="RelWithDebInfo"                            -DCMAKE_CXX_COMPILER="clang++"                         -DCMAKE_C_COMPILER="clang"                             -DCMAKE_CXX_COMPILER_LAUNCHER="ccache"                 -DCMAKE_C_COMPILER_LAUNCHER="ccache"                   -DBoost_USE_STATIC_LIBS="ON"                        && cmake --build . --config "RelWithDebInfo" -j $(($(nproc) + 1))     && cmake --install . --config "RelWithDebInfo"
#25 9.734 [395/1829] Building CXX object src/server/game/CMakeFiles/game.dir/Conditions/DisableMgr.cpp.o
#25 9.750 [396/1829] Building CXX object src/server/game/CMakeFiles/game.dir/Chat/ChatCommands/ChatCommandTags.cpp.o
#25 9.751 [397/1829] Building CXX object src/server/game/CMakeFiles/game.dir/Combat/CombatManager.cpp.o
#25 9.753 [398/1829] Building CXX object src/server/game/CMakeFiles/game.dir/Combat/ThreatManager.cpp.o
#25 9.757 [399/1829] Building CXX object src/server/game/CMakeFiles/game.dir/Conditions/ConditionMgr.cpp.o
#25 9.781 [400/1829] Building CXX object src/server/game/CMakeFiles/game.dir/DungeonFinding/LFGScripts.cpp.o
#25 9.784 [401/1829] Building CXX object src/server/game/CMakeFiles/game.dir/DungeonFinding/LFGGroupData.cpp.o
#25 9.786 [402/1829] Building CXX object src/server/game/CMakeFiles/game.dir/DataStores/M2Stores.cpp.o
#25 9.788 [403/1829] Building CXX object src/server/game/CMakeFiles/game.dir/DungeonFinding/LFGMgr.cpp.o
#25 9.791 [404/1829] Building CXX object src/server/game/CMakeFiles/game.dir/Entities/Corpse/Corpse.cpp.o
#25 9.793 [405/1829] Building CXX object src/server/game/CMakeFiles/game.dir/DataStores/DBCStores.cpp.o
#25 9.795 [406/1829] Building CXX object src/server/game/CMakeFiles/game.dir/Entities/Creature/Creature.cpp.o
#25 9.797 [407/1829] Building CXX object src/server/game/CMakeFiles/game.dir/DungeonFinding/LFGPlayerData.cpp.o
#25 9.804 [408/1829] Building CXX object src/server/game/CMakeFiles/game.dir/DungeonFinding/LFG.cpp.o
#25 9.810 [409/1829] Building CXX object src/server/game/CMakeFiles/game.dir/DungeonFinding/LFGQueue.cpp.o
#25 9.901 [410/1829] Building CXX object src/server/game/CMakeFiles/game.dir/Entities/Creature/GossipDef.cpp.o
#25 9.910 [411/1829] Building CXX object src/server/game/CMakeFiles/game.dir/Entities/Creature/CreatureGroups.cpp.o
#25 9.912 [412/1829] Building CXX object src/server/game/CMakeFiles/game.dir/Entities/Creature/enuminfo_CreatureData.cpp.o
#25 9.917 [413/1829] Building CXX object src/server/game/CMakeFiles/game.dir/Entities/Creature/TemporarySummon.cpp.o
#25 9.921 [414/1829] Building CXX object src/server/game/CMakeFiles/game.dir/Entities/DynamicObject/DynamicObject.cpp.o
#25 9.947 [415/1829] Building CXX object src/server/game/CMakeFiles/game.dir/Entities/Item/ItemEnchantmentMgr.cpp.o
#25 9.953 [416/1829] Building CXX object src/server/game/CMakeFiles/game.dir/Entities/Object/ObjectGuid.cpp.o
#25 9.956 [417/1829] Building CXX object src/server/game/CMakeFiles/game.dir/Entities/Item/Container/Bag.cpp.o
#25 9.958 [418/1829] Building CXX object src/server/game/CMakeFiles/game.dir/Entities/GameObject/GameObject.cpp.o
#25 9.961 [419/1829] Building CXX object src/server/game/CMakeFiles/game.dir/Entities/Item/Item.cpp.o
#25 9.962 [420/1829] Building CXX object src/server/game/CMakeFiles/game.dir/Entities/Item/enuminfo_Item.cpp.o
#25 9.964 [421/1829] Building CXX object src/server/game/CMakeFiles/game.dir/Entities/Object/Object.cpp.o
#25 9.969 [422/1829] Building CXX object src/server/game/CMakeFiles/game.dir/Entities/Creature/Trainer.cpp.o
#25 9.972 [423/1829] Building CXX object src/server/game/CMakeFiles/game.dir/Entities/Object/Position.cpp.o
#25 9.976 [424/1829] Building CXX object src/server/game/CMakeFiles/game.dir/Entities/Object/ObjectVisibilityContainer.cpp.o
#25 9.992 [425/1829] Building CXX object src/server/game/CMakeFiles/game.dir/Entities/Object/ObjectPosSelector.cpp.o
#25 10.07 [426/1829] Building CXX object src/server/game/CMakeFiles/game.dir/Entities/Object/Updates/UpdateData.cpp.o
#25 10.07 [427/1829] Building CXX object src/server/game/CMakeFiles/game.dir/Entities/Player/CinematicMgr.cpp.o
#25 10.08 [428/1829] Building CXX object src/server/game/CMakeFiles/game.dir/Entities/Object/Updates/UpdateFieldFlags.cpp.o
#25 10.08 [429/1829] Building CXX object src/server/game/CMakeFiles/game.dir/Entities/Pet/Pet.cpp.o
#25 10.08 [430/1829] Building CXX object src/server/game/CMakeFiles/game.dir/Entities/Player/KillRewarder.cpp.o
#25 10.11 [431/1829] Building CXX object src/server/game/CMakeFiles/game.dir/Entities/Player/PlayerGossip.cpp.o
#25 10.12 [432/1829] Building CXX object src/server/game/CMakeFiles/game.dir/Entities/Player/Player.cpp.o
#25 10.12 [433/1829] Building CXX object src/server/game/CMakeFiles/game.dir/Entities/Player/PlayerMisc.cpp.o
#25 10.12 [434/1829] Building CXX object src/server/game/CMakeFiles/game.dir/Entities/Player/PlayerSettings.cpp.o
#25 10.12 [435/1829] Building CXX object src/server/game/CMakeFiles/game.dir/Entities/Player/PlayerQuest.cpp.o
#25 10.13 [436/1829] Building CXX object src/server/game/CMakeFiles/game.dir/Entities/Player/PlayerTaxi.cpp.o
#25 10.13 [437/1829] Building CXX object src/server/game/CMakeFiles/game.dir/Entities/Player/PlayerUpdates.cpp.o
#25 10.13 [438/1829] Building CXX object src/server/game/CMakeFiles/game.dir/Entities/Player/PlayerStorage.cpp.o
#25 10.14 [439/1829] Building CXX object src/server/game/CMakeFiles/game.dir/Entities/Player/TradeData.cpp.o
#25 10.17 [440/1829] Building CXX object src/server/game/CMakeFiles/game.dir/Entities/Player/RaceMgr.cpp.o
#25 10.18 [441/1829] Building CXX object src/server/game/CMakeFiles/game.dir/Entities/Player/SocialMgr.cpp.o
#25 10.22 [442/1829] Building CXX object src/server/game/CMakeFiles/game.dir/Entities/Totem/Totem.cpp.o
#25 10.24 [443/1829] Building CXX object src/server/game/CMakeFiles/game.dir/Entities/Unit/StatSystem.cpp.o
#25 10.24 [444/1829] Building CXX object src/server/game/CMakeFiles/game.dir/Entities/Transport/Transport.cpp.o
#25 10.24 [445/1829] Building CXX object src/server/game/CMakeFiles/game.dir/Entities/Unit/CharmInfo.cpp.o
#25 10.26 [446/1829] Building CXX object src/server/game/CMakeFiles/game.dir/Entities/Unit/Unit.cpp.o
#25 10.27 [447/1829] Building CXX object src/server/game/CMakeFiles/game.dir/Entities/Unit/enuminfo_Unit.cpp.o
#25 10.28 [448/1829] Building CXX object src/server/game/CMakeFiles/game.dir/Events/GameEventMgr.cpp.o
#25 10.28 [449/1829] Building CXX object src/server/game/CMakeFiles/game.dir/Entities/Vehicle/Vehicle.cpp.o
#25 10.28 [450/1829] Building CXX object src/server/game/CMakeFiles/game.dir/Globals/WorldGlobals.cpp.o
#25 10.29 [451/1829] Building CXX object src/server/game/CMakeFiles/game.dir/Grids/GridObjectLoader.cpp.o
#25 10.29 [452/1829] Building CXX object src/server/game/CMakeFiles/game.dir/Grids/GridTerrainData.cpp.o
#25 10.31 [453/1829] Building CXX object src/server/game/CMakeFiles/game.dir/Globals/ObjectAccessor.cpp.o
#25 10.32 [454/1829] Building CXX object src/server/game/CMakeFiles/game.dir/Globals/ObjectMgr.cpp.o
#25 10.32 [455/1829] Building CXX object src/server/game/CMakeFiles/game.dir/Events/HolidayDateCalculator.cpp.o
#25 10.34 [456/1829] Building CXX object src/server/game/CMakeFiles/game.dir/Grids/MapGridManager.cpp.o
#25 10.34 [457/1829] Building CXX object src/server/game/CMakeFiles/game.dir/Grids/GridTerrainLoader.cpp.o
#25 10.38 [458/1829] Building CXX object src/server/game/CMakeFiles/game.dir/Handlers/ChatHandler.cpp.o
#25 10.39 [459/1829] Building CXX object src/server/game/CMakeFiles/game.dir/Grids/Notifiers/GridNotifiers.cpp.o
#25 10.39 [460/1829] Building CXX object src/server/game/CMakeFiles/game.dir/Groups/GroupMgr.cpp.o
#25 10.40 [461/1829] Building CXX object src/server/game/CMakeFiles/game.dir/Groups/Group.cpp.o
#25 10.41 [462/1829] Building CXX object src/server/game/CMakeFiles/game.dir/Groups/GroupReference.cpp.o
#25 10.42 [463/1829] Building CXX object src/server/game/CMakeFiles/game.dir/Handlers/DuelHandler.cpp.o
#25 10.42 [464/1829] Building CXX object src/server/game/CMakeFiles/game.dir/Guilds/Guild.cpp.o
#25 10.43 [465/1829] Building CXX object src/server/game/CMakeFiles/game.dir/Guilds/GuildMgr.cpp.o
#25 10.43 [466/1829] Building CXX object src/server/game/CMakeFiles/game.dir/Handlers/CombatHandler.cpp.o
#25 10.43 [467/1829] Building CXX object src/server/game/CMakeFiles/game.dir/Handlers/GroupHandler.cpp.o
#25 10.43 [468/1829] Building CXX object src/server/game/CMakeFiles/game.dir/Handlers/AuthHandler.cpp.o
#25 10.44 [469/1829] Building CXX object src/server/game/CMakeFiles/game.dir/Handlers/AuctionHouseHandler.cpp.o
#25 10.44 [470/1829] Building CXX object src/server/game/CMakeFiles/game.dir/Handlers/GuildHandler.cpp.o
#25 10.44 [471/1829] Building CXX object src/server/game/CMakeFiles/game.dir/Handlers/BankHandler.cpp.o
#25 10.44 [472/1829] Building CXX object src/server/game/CMakeFiles/game.dir/Handlers/AddonHandler.cpp.o
#25 10.45 [473/1829] Building CXX object src/server/game/CMakeFiles/game.dir/Handlers/ItemHandler.cpp.o
#25 10.45 [474/1829] Building CXX object src/server/game/CMakeFiles/game.dir/Handlers/LFGHandler.cpp.o
#25 10.46 [475/1829] Building CXX object src/server/game/CMakeFiles/game.dir/Handlers/LootHandler.cpp.o
#25 10.46 [476/1829] Building CXX object src/server/game/CMakeFiles/game.dir/Handlers/BattleGroundHandler.cpp.o
#25 10.47 [477/1829] Building CXX object src/server/game/CMakeFiles/game.dir/Handlers/MailHandler.cpp.o
#25 10.47 [478/1829] Building CXX object src/server/game/CMakeFiles/game.dir/Handlers/MiscHandler.cpp.o
#25 10.47 [479/1829] Building CXX object src/server/game/CMakeFiles/game.dir/Handlers/NPCHandler.cpp.o
#25 10.47 [480/1829] Building CXX object src/server/game/CMakeFiles/game.dir/Handlers/PetHandler.cpp.o
#25 10.47 [481/1829] Building CXX object src/server/game/CMakeFiles/game.dir/Handlers/ChannelHandler.cpp.o
#25 10.48 [482/1829] Building CXX object src/server/game/CMakeFiles/game.dir/Handlers/MovementHandler.cpp.o
#25 10.48 [483/1829] Building CXX object src/server/game/CMakeFiles/game.dir/Handlers/ArenaTeamHandler.cpp.o
#25 10.48 [484/1829] Building CXX object src/server/game/CMakeFiles/game.dir/Handlers/ReferAFriendHandler.cpp.o
#25 10.48 [485/1829] Building CXX object src/server/game/CMakeFiles/game.dir/Handlers/QueryHandler.cpp.o
#25 10.48 [486/1829] Building CXX object src/server/game/CMakeFiles/game.dir/Handlers/QuestHandler.cpp.o
#25 10.49 [487/1829] Building CXX object src/server/game/CMakeFiles/game.dir/Handlers/PetitionsHandler.cpp.o
#25 10.49 [488/1829] Building CXX object src/server/game/CMakeFiles/game.dir/Handlers/SkillHandler.cpp.o
#25 10.50 [489/1829] Building CXX object src/server/game/CMakeFiles/game.dir/Handlers/TicketHandler.cpp.o
#25 10.50 [490/1829] Building CXX object src/server/game/CMakeFiles/game.dir/Handlers/CalendarHandler.cpp.o
#25 10.50 [491/1829] Building CXX object src/server/game/CMakeFiles/game.dir/Handlers/Socialhandler.cpp.o
#25 10.50 [492/1829] Building CXX object src/server/game/CMakeFiles/game.dir/Handlers/SpellHandler.cpp.o
#25 10.50 [493/1829] Building CXX object src/server/game/CMakeFiles/game.dir/Handlers/CharacterHandler.cpp.o
#25 10.51 [494/1829] Building CXX object src/server/game/CMakeFiles/game.dir/Handlers/TaxiHandler.cpp.o
#25 10.51 [495/1829] Building CXX object src/server/game/CMakeFiles/game.dir/Handlers/TradeHandler.cpp.o
#25 10.51 [496/1829] Building CXX object src/server/game/CMakeFiles/game.dir/Handlers/VehicleHandler.cpp.o
#25 10.51 [497/1829] Building CXX object src/server/game/CMakeFiles/game.dir/Handlers/VoiceChatHandler.cpp.o
#25 10.52 [498/1829] Building CXX object src/server/game/CMakeFiles/game.dir/Instances/InstanceSaveMgr.cpp.o
#25 10.52 [499/1829] Building CXX object src/server/game/CMakeFiles/game.dir/Loot/LootItemStorage.cpp.o
#25 10.52 [500/1829] Building CXX object src/server/game/CMakeFiles/game.dir/Instances/InstanceScript.cpp.o
#25 10.52 [501/1829] Building CXX object src/server/game/CMakeFiles/game.dir/Loot/LootMgr.cpp.o
#25 10.52 [502/1829] Building CXX object src/server/game/CMakeFiles/game.dir/Mails/Mail.cpp.o
#25 10.53 [503/1829] Building CXX object src/server/game/CMakeFiles/game.dir/Mails/MailMgr.cpp.o
#25 10.53 [504/1829] Building CXX object src/server/game/CMakeFiles/game.dir/Mails/ServerMailMgr.cpp.o
#25 10.53 [505/1829] Building CXX object src/server/game/CMakeFiles/game.dir/Maps/AreaBoundary.cpp.o
#25 10.53 [506/1829] Building CXX object src/server/game/CMakeFiles/game.dir/Maps/MapCollisionData.cpp.o
#25 10.54 [507/1829] Building CXX object src/server/game/CMakeFiles/game.dir/Maps/MapInstanced.cpp.o
#25 10.54 [508/1829] Building CXX object src/server/game/CMakeFiles/game.dir/Maps/MapUpdater.cpp.o
#25 10.54 [509/1829] Building CXX object src/server/game/CMakeFiles/game.dir/Maps/Map.cpp.o
#25 10.54 [510/1829] Building CXX object src/server/game/CMakeFiles/game.dir/Maps/MapMgr.cpp.o
#25 10.55 [511/1829] Building CXX object src/server/game/CMakeFiles/game.dir/Maps/TransportMgr.cpp.o
#25 10.55 [512/1829] Building CXX object src/server/game/CMakeFiles/game.dir/Misc/DynamicVisibility.cpp.o
#25 10.55 [513/1829] Building CXX object src/server/game/CMakeFiles/game.dir/Misc/BanMgr.cpp.o
#25 10.55 [514/1829] Building CXX object src/server/game/CMakeFiles/game.dir/Misc/GameGraveyard.cpp.o
#25 10.55 [515/1829] Building CXX object src/server/game/CMakeFiles/game.dir/Miscellaneous/Formulas.cpp.o
#25 10.56 [516/1829] Building CXX object src/server/game/CMakeFiles/game.dir/Modules/ModuleMgr.cpp.o
#25 10.56 [517/1829] Building CXX object src/server/game/CMakeFiles/game.dir/Motd/MotdMgr.cpp.o
#25 10.56 [518/1829] Building CXX object src/server/game/CMakeFiles/game.dir/Movement/AbstractFollower.cpp.o
#25 10.56 [519/1829] Building CXX object src/server/game/CMakeFiles/game.dir/Movement/MovementGenerator.cpp.o
#25 10.56 [520/1829] Building CXX object src/server/game/CMakeFiles/game.dir/Movement/MotionMaster.cpp.o
#25 10.56 [521/1829] Building CXX object src/server/game/CMakeFiles/game.dir/Movement/MovementGenerators/EscortMovementGenerator.cpp.o
#25 10.57 [522/1829] Building CXX object src/server/game/CMakeFiles/game.dir/Movement/MovementGenerators/ConfusedMovementGenerator.cpp.o
#25 10.57 [523/1829] Building CXX object src/server/game/CMakeFiles/game.dir/Movement/MovementGenerators/FleeingMovementGenerator.cpp.o
#25 10.57 [524/1829] Building CXX object src/server/game/CMakeFiles/game.dir/Movement/MovementGenerators/FormationMovementGenerator.cpp.o
#25 10.57 [525/1829] Building CXX object src/server/game/CMakeFiles/game.dir/Movement/MovementGenerators/HomeMovementGenerator.cpp.o
#25 10.58 [526/1829] Building CXX object src/server/game/CMakeFiles/game.dir/Movement/MovementGenerators/IdleMovementGenerator.cpp.o
#25 10.58 [527/1829] Building CXX object src/server/game/CMakeFiles/game.dir/Movement/MovementGenerators/PathGenerator.cpp.o
#25 10.58 [528/1829] Building CXX object src/server/game/CMakeFiles/game.dir/Movement/MovementGenerators/PointMovementGenerator.cpp.o
#25 10.58 [529/1829] Building CXX object src/server/game/CMakeFiles/game.dir/Movement/MovementGenerators/TargetedMovementGenerator.cpp.o
#25 10.58 [530/1829] Building CXX object src/server/game/CMakeFiles/game.dir/Movement/MovementGenerators/RandomMovementGenerator.cpp.o
#25 10.59 [531/1829] Building CXX object src/server/game/CMakeFiles/game.dir/Movement/MovementGenerators/WaypointMovementGenerator.cpp.o
#25 10.59 [532/1829] Building CXX object src/server/game/CMakeFiles/game.dir/Movement/Spline/MoveSpline.cpp.o
#25 10.59 [533/1829] Building CXX object src/server/game/CMakeFiles/game.dir/Movement/Spline/MovementPacketBuilder.cpp.o
#25 10.59 [534/1829] Building CXX object src/server/game/CMakeFiles/game.dir/Movement/Spline/MovementUtil.cpp.o
#25 10.60 [535/1829] Building CXX object src/server/game/CMakeFiles/game.dir/Movement/Spline/Spline.cpp.o
#25 10.60 [536/1829] Building CXX object src/server/game/CMakeFiles/game.dir/Movement/Spline/MoveSplineInit.cpp.o
#25 10.60 [537/1829] Building CXX object src/server/game/CMakeFiles/game.dir/Movement/Waypoints/WaypointMgr.cpp.o
#25 10.61 [538/1829] Building CXX object src/server/game/CMakeFiles/game.dir/OutdoorPvP/OutdoorPvPMgr.cpp.o
#25 10.61 [539/1829] Building CXX object src/server/game/CMakeFiles/game.dir/OutdoorPvP/OutdoorPvP.cpp.o
#25 10.61 [540/1829] Building CXX object src/server/game/CMakeFiles/game.dir/Petitions/PetitionMgr.cpp.o
#25 10.61 [541/1829] Building CXX object src/server/game/CMakeFiles/game.dir/Pools/PoolMgr.cpp.o
#25 10.61 [542/1829] Building CXX object src/server/game/CMakeFiles/game.dir/Quests/enuminfo_QuestDef.cpp.o
#25 10.62 [543/1829] Building CXX object src/server/game/CMakeFiles/game.dir/Quests/QuestDef.cpp.o
#25 10.62 [544/1829] Building CXX object src/server/game/CMakeFiles/game.dir/Reputation/ReputationMgr.cpp.o
#25 10.62 [545/1829] Building CXX object src/server/game/CMakeFiles/game.dir/Scripting/MapScripts.cpp.o
#25 10.62 [546/1829] Building CXX object src/server/game/CMakeFiles/game.dir/Scripting/ScriptObject.cpp.o
#25 10.63 [547/1829] Building CXX object src/server/game/CMakeFiles/game.dir/Scripting/ScriptSystem.cpp.o
#25 10.63 [548/1829] Building CXX object src/server/game/CMakeFiles/game.dir/Scripting/ScriptDefines/ALEScript.cpp.o
#25 10.63 [549/1829] Building CXX object src/server/game/CMakeFiles/game.dir/Scripting/ScriptDefines/AccountScript.cpp.o
#25 10.63 [550/1829] Building CXX object src/server/game/CMakeFiles/game.dir/Scripting/ScriptDefines/AchievementCriteriaScript.cpp.o
#25 10.63 [551/1829] Building CXX object src/server/game/CMakeFiles/game.dir/Scripting/ScriptMgr.cpp.o
#25 10.64 [552/1829] Building CXX object src/server/game/CMakeFiles/game.dir/Scripting/ScriptDefines/AchievementScript.cpp.o
#25 10.64 [553/1829] Building CXX object src/server/game/CMakeFiles/game.dir/Scripting/ScriptDefines/AllBattlegroundScript.cpp.o
#25 10.64 [554/1829] Building CXX object src/server/game/CMakeFiles/game.dir/Scripting/ScriptDefines/AllGameObjectScript.cpp.o
#25 10.64 [555/1829] Building CXX object src/server/game/CMakeFiles/game.dir/Scripting/ScriptDefines/AllCommandScript.cpp.o
#25 10.64 [556/1829] Building CXX object src/server/game/CMakeFiles/game.dir/Scripting/ScriptDefines/AllCreatureScript.cpp.o
#25 10.65 [557/1829] Building CXX object src/server/game/CMakeFiles/game.dir/Scripting/ScriptDefines/AllItemScript.cpp.o
#25 10.65 [558/1829] Building CXX object src/server/game/CMakeFiles/game.dir/Scripting/ScriptDefines/AllMapScript.cpp.o
#25 10.65 [559/1829] Building CXX object src/server/game/CMakeFiles/game.dir/Scripting/ScriptDefines/AllSpellScript.cpp.o
#25 10.65 [560/1829] Building CXX object src/server/game/CMakeFiles/game.dir/Scripting/ScriptDefines/AreaTriggerScript.cpp.o
#25 10.66 [561/1829] Building CXX object src/server/game/CMakeFiles/game.dir/Scripting/ScriptDefines/ArenaScript.cpp.o
#25 10.66 [562/1829] Building CXX object src/server/game/CMakeFiles/game.dir/Scripting/ScriptDefines/ArenaTeamScript.cpp.o
#25 10.66 [563/1829] Building CXX object src/server/game/CMakeFiles/game.dir/Scripting/ScriptDefines/AuctionHouseScript.cpp.o
#25 10.66 [564/1829] Building CXX object src/server/game/CMakeFiles/game.dir/Scripting/ScriptDefines/BattlefieldScript.cpp.o
#25 10.67 [565/1829] Building CXX object src/server/game/CMakeFiles/game.dir/Scripting/ScriptDefines/BattlegroundMapScript.cpp.o
#25 10.67 [566/1829] Building CXX object src/server/game/CMakeFiles/game.dir/Scripting/ScriptDefines/BattlegroundScript.cpp.o
#25 10.67 [567/1829] Building CXX object src/server/game/CMakeFiles/game.dir/Scripting/ScriptDefines/CommandScript.cpp.o
#25 10.67 [568/1829] Building CXX object src/server/game/CMakeFiles/game.dir/Scripting/ScriptDefines/ConditionScript.cpp.o
#25 10.67 [569/1829] Building CXX object src/server/game/CMakeFiles/game.dir/Scripting/ScriptDefines/CreatureScript.cpp.o
#25 10.68 [570/1829] Building CXX object src/server/game/CMakeFiles/game.dir/Scripting/ScriptDefines/DatabaseScript.cpp.o
#25 10.68 [571/1829] Building CXX object src/server/game/CMakeFiles/game.dir/Scripting/ScriptDefines/FormulaScript.cpp.o
#25 10.68 [572/1829] Building CXX object src/server/game/CMakeFiles/game.dir/Scripting/ScriptDefines/DynamicObjectScript.cpp.o
#25 10.68 [573/1829] Building CXX object src/server/game/CMakeFiles/game.dir/Scripting/ScriptDefines/GameObjectScript.cpp.o
#25 10.68 [574/1829] Building CXX object src/server/game/CMakeFiles/game.dir/Scripting/ScriptDefines/GameEventScript.cpp.o
#25 10.69 [575/1829] Building CXX object src/server/game/CMakeFiles/game.dir/Scripting/ScriptDefines/GlobalScript.cpp.o
#25 10.69 [576/1829] Building CXX object src/server/game/CMakeFiles/game.dir/Scripting/ScriptDefines/GuildScript.cpp.o
#25 10.69 [577/1829] Building CXX object src/server/game/CMakeFiles/game.dir/Scripting/ScriptDefines/GroupScript.cpp.o
#25 10.69 [578/1829] Building CXX object src/server/game/CMakeFiles/game.dir/Scripting/ScriptDefines/InstanceMapScript.cpp.o
#25 10.69 [579/1829] Building CXX object src/server/game/CMakeFiles/game.dir/Scripting/ScriptDefines/LootScript.cpp.o
#25 10.70 [580/1829] Building CXX object src/server/game/CMakeFiles/game.dir/Scripting/ScriptDefines/MailScript.cpp.o
#25 10.70 [581/1829] Building CXX object src/server/game/CMakeFiles/game.dir/Scripting/ScriptDefines/MovementHandlerScript.cpp.o
#25 10.70 [582/1829] Building CXX object src/server/game/CMakeFiles/game.dir/Scripting/ScriptDefines/MiscScript.cpp.o
#25 10.71 [583/1829] Building CXX object src/server/game/CMakeFiles/game.dir/Scripting/ScriptDefines/OutdoorPvPScript.cpp.o
#25 10.71 [584/1829] Building CXX object src/server/game/CMakeFiles/game.dir/Scripting/ScriptDefines/ModuleScript.cpp.o
#25 10.71 [585/1829] Building CXX object src/server/game/CMakeFiles/game.dir/Scripting/ScriptDefines/PlayerScript.cpp.o
#25 10.72 [586/1829] Building CXX object src/server/game/CMakeFiles/game.dir/Scripting/ScriptDefines/PlayerbotsScript.cpp.o
#25 10.72 [587/1829] Building CXX object src/server/game/CMakeFiles/game.dir/Scripting/ScriptDefines/PetScript.cpp.o
#25 10.72 [588/1829] Building CXX object src/server/game/CMakeFiles/game.dir/Scripting/ScriptDefines/ServerScript.cpp.o
#25 10.72 [589/1829] Building CXX object src/server/game/CMakeFiles/game.dir/Scripting/ScriptDefines/SpellScriptLoader.cpp.o
#25 10.72 [590/1829] Building CXX object src/server/game/CMakeFiles/game.dir/Scripting/ScriptDefines/TicketScript.cpp.o
#25 10.73 [591/1829] Building CXX object src/server/game/CMakeFiles/game.dir/Scripting/ScriptDefines/TransportScript.cpp.o
#25 10.73 [592/1829] Building CXX object src/server/game/CMakeFiles/game.dir/Scripting/ScriptDefines/UnitScript.cpp.o
#25 10.73 [593/1829] Building CXX object src/server/game/CMakeFiles/game.dir/Scripting/ScriptDefines/VehicleScript.cpp.o
#25 10.73 [594/1829] Building CXX object src/server/game/CMakeFiles/game.dir/Scripting/ScriptDefines/WeatherScript.cpp.o
#25 10.73 [595/1829] Building CXX object src/server/game/CMakeFiles/game.dir/Scripting/ScriptDefines/WorldMapScript.cpp.o
#25 10.74 [596/1829] Building CXX object src/server/game/CMakeFiles/game.dir/Scripting/ScriptDefines/WorldObjectScript.cpp.o
#25 10.74 [597/1829] Building CXX object src/server/game/CMakeFiles/game.dir/Scripting/ScriptDefines/WorldScript.cpp.o
#25 10.74 [598/1829] Building CXX object src/server/game/CMakeFiles/game.dir/Server/Packet.cpp.o
#25 10.74 [599/1829] Building CXX object src/server/game/CMakeFiles/game.dir/Server/WorldSessionMgr.cpp.o
#25 10.74 [600/1829] Building CXX object src/server/game/CMakeFiles/game.dir/Server/WorldSession.cpp.o
#25 10.75 [601/1829] Building CXX object src/server/game/CMakeFiles/game.dir/Server/WorldSocket.cpp.o
#25 10.75 [602/1829] Building CXX object src/server/game/CMakeFiles/game.dir/Server/Packets/BankPackets.cpp.o
#25 10.75 [603/1829] Building CXX object src/server/game/CMakeFiles/game.dir/Server/Packets/CalendarPackets.cpp.o
#25 10.75 [604/1829] Building CXX object src/server/game/CMakeFiles/game.dir/Server/WorldSocketMgr.cpp.o
#25 10.76 [605/1829] Building CXX object src/server/game/CMakeFiles/game.dir/Server/Packets/CharacterPackets.cpp.o
#25 10.76 [606/1829] Building CXX object src/server/game/CMakeFiles/game.dir/Server/Packets/CombatLogPackets.cpp.o
#25 10.76 [607/1829] Building CXX object src/server/game/CMakeFiles/game.dir/Server/Packets/ChatPackets.cpp.o
#25 10.76 [608/1829] Building CXX object src/server/game/CMakeFiles/game.dir/Server/Packets/CombatPackets.cpp.o
#25 10.77 [609/1829] Building CXX object src/server/game/CMakeFiles/game.dir/Server/Packets/GuildPackets.cpp.o
#25 10.77 [610/1829] Building CXX object src/server/game/CMakeFiles/game.dir/Server/Packets/InstancePackets.cpp.o
#25 10.77 [611/1829] Building CXX object src/server/game/CMakeFiles/game.dir/Server/Packets/ItemPackets.cpp.o
#25 10.77 [612/1829] Building CXX object src/server/game/CMakeFiles/game.dir/Server/Packets/LFGPackets.cpp.o
#25 10.77 [613/1829] Building CXX object src/server/game/CMakeFiles/game.dir/Server/Packets/MiscPackets.cpp.o
#25 10.77 [614/1829] Building CXX object src/server/game/CMakeFiles/game.dir/Server/Packets/NPCPackets.cpp.o
#25 10.78 [615/1829] Building CXX object src/server/game/CMakeFiles/game.dir/Server/Packets/PacketUtilities.cpp.o
#25 10.78 [616/1829] Building CXX object src/server/game/CMakeFiles/game.dir/Server/Packets/PetPackets.cpp.o
#25 10.78 [617/1829] Building CXX object src/server/game/CMakeFiles/game.dir/Server/Packets/QueryPackets.cpp.o
#25 10.78 [618/1829] Building CXX object src/server/game/CMakeFiles/game.dir/Server/Packets/QuestPackets.cpp.o
#25 10.78 [619/1829] Building CXX object src/server/game/CMakeFiles/game.dir/Server/Packets/TotemPackets.cpp.o
#25 10.79 [620/1829] Building CXX object src/server/game/CMakeFiles/game.dir/Server/Packets/WorldStatePackets.cpp.o
#25 10.79 [621/1829] Building CXX object src/server/game/CMakeFiles/game.dir/Server/Protocol/PacketLog.cpp.o
#25 10.79 [622/1829] Building CXX object src/server/game/CMakeFiles/game.dir/Skills/SkillDiscovery.cpp.o
#25 10.79 [623/1829] Building CXX object src/server/game/CMakeFiles/game.dir/Skills/SkillExtraItems.cpp.o
#25 10.80 [624/1829] Building CXX object src/server/game/CMakeFiles/game.dir/Spells/Spell.cpp.o
#25 10.80 [625/1829] Building CXX object src/server/game/CMakeFiles/game.dir/Spells/SpellInfo.cpp.o
#25 10.80 [626/1829] Building CXX object src/server/game/CMakeFiles/game.dir/Server/Protocol/Opcodes.cpp.o
#25 10.81 [627/1829] Building CXX object src/server/game/CMakeFiles/game.dir/Spells/SpellEffects.cpp.o
#25 10.81 [628/1829] Building CXX object src/server/game/CMakeFiles/game.dir/Spells/SpellInfoCorrections.cpp.o
#25 10.81 [629/1829] Building CXX object src/server/game/CMakeFiles/game.dir/Spells/SpellScript.cpp.o
#25 10.81 [630/1829] Building CXX object src/server/game/CMakeFiles/game.dir/Spells/SpellMgr.cpp.o
#25 10.82 [631/1829] Building CXX object src/server/game/CMakeFiles/game.dir/Spells/Auras/SpellAuraEffects.cpp.o
#25 10.82 [632/1829] Building CXX object src/server/game/CMakeFiles/game.dir/Spells/Auras/SpellAuras.cpp.o
#25 10.82 [633/1829] Building CXX object src/server/game/CMakeFiles/game.dir/TC9Sidecar/TC9GroupHooks.cpp.o
#25 10.82 [634/1829] Building CXX object src/server/game/CMakeFiles/game.dir/TC9Sidecar/TC9GrpcHandler.cpp.o
#25 10.82 [635/1829] Building CXX object src/server/game/CMakeFiles/game.dir/TC9Sidecar/TC9GuildHooks.cpp.o
#25 10.83 [636/1829] Building CXX object src/server/game/CMakeFiles/game.dir/TC9Sidecar/TC9Sidecar.cpp.o
#25 10.83 [637/1829] Building CXX object src/server/game/CMakeFiles/game.dir/Texts/ChatTextBuilder.cpp.o
#25 10.83 [638/1829] Building CXX object src/server/game/CMakeFiles/game.dir/Texts/CreatureTextMgr.cpp.o
#25 10.83 [639/1829] Building CXX object src/server/game/CMakeFiles/game.dir/Tickets/TicketMgr.cpp.o
#25 10.83 [640/1829] Building CXX object src/server/game/CMakeFiles/game.dir/Time/GameTime.cpp.o
#25 10.84 [641/1829] Building CXX object src/server/game/CMakeFiles/game.dir/Time/UpdateTime.cpp.o
#25 10.84 [642/1829] Building CXX object src/server/game/CMakeFiles/game.dir/Tools/CharacterDatabaseCleaner.cpp.o
#25 10.84 [643/1829] Building CXX object src/server/game/CMakeFiles/game.dir/Tools/PlayerDump.cpp.o
#25 10.84 [644/1829] Building CXX object src/server/game/CMakeFiles/game.dir/Warden/Warden.cpp.o
#25 10.85 [645/1829] Building CXX object src/server/game/CMakeFiles/game.dir/Warden/WardenCheckMgr.cpp.o
#25 10.85 [646/1829] Building CXX object src/server/game/CMakeFiles/game.dir/Warden/WardenMac.cpp.o
#25 10.85 [647/1829] Building CXX object src/server/game/CMakeFiles/game.dir/Warden/WardenPayloadMgr.cpp.o
#25 10.85 [648/1829] Building CXX object src/server/game/CMakeFiles/game.dir/Warden/WardenWin.cpp.o
#25 10.85 [649/1829] Building CXX object src/server/game/CMakeFiles/game.dir/Warden/enuminfo_WardenCheckMgr.cpp.o
#25 10.86 [650/1829] Building CXX object src/server/game/CMakeFiles/game.dir/Weather/Weather.cpp.o
#25 10.86 [651/1829] Building CXX object src/server/game/CMakeFiles/game.dir/Weather/WeatherMgr.cpp.o
#25 10.86 [652/1829] Building CXX object src/server/game/CMakeFiles/game.dir/World/WorldConfig.cpp.o
#25 10.86 [653/1829] Building CXX object src/server/game/CMakeFiles/game.dir/World/WorldState.cpp.o
#25 10.87 [654/1829] Building CXX object src/server/game/CMakeFiles/game.dir/World/World.cpp.o
#25 11.00 [655/1829] Building CXX object src/server/scripts/CMakeFiles/scripts.dir/Commands/cs_titles.cpp.o
#25 11.00 [656/1829] Building CXX object src/server/scripts/CMakeFiles/scripts.dir/Commands/cs_worldstate.cpp.o
#25 11.02 [657/1829] Building CXX object src/server/scripts/CMakeFiles/scripts.dir/EasternKingdoms/eastern_kingdoms_script_loader.cpp.o
#25 11.02 [658/1829] Building CXX object src/server/scripts/CMakeFiles/scripts.dir/EasternKingdoms/zone_arathi_highlands.cpp.o
#25 11.03 [659/1829] Building CXX object src/server/scripts/CMakeFiles/scripts.dir/EasternKingdoms/zone_blasted_lands.cpp.o
#25 11.03 [660/1829] Building CXX object src/server/scripts/CMakeFiles/scripts.dir/Custom/custom_script_loader.cpp.o
#25 11.03 [661/1829] Building CXX object src/server/scripts/CMakeFiles/scripts.dir/EasternKingdoms/zone_redridge_mountains.cpp.o
#25 11.03 [662/1829] Building CXX object src/server/scripts/CMakeFiles/scripts.dir/EasternKingdoms/zone_duskwood.cpp.o
#25 11.03 [663/1829] Building CXX object src/server/scripts/CMakeFiles/scripts.dir/EasternKingdoms/zone_eastern_plaguelands.cpp.o
#25 11.04 [664/1829] Building CXX object src/server/scripts/CMakeFiles/scripts.dir/EasternKingdoms/zone_silverpine_forest.cpp.o
#25 11.04 [665/1829] Building CXX object src/server/scripts/CMakeFiles/scripts.dir/EasternKingdoms/zone_elwynn_forest.cpp.o
#25 11.04 [666/1829] Building CXX object src/server/scripts/CMakeFiles/scripts.dir/EasternKingdoms/zone_ghostlands.cpp.o
#25 11.05 [667/1829] Building CXX object src/server/scripts/CMakeFiles/scripts.dir/EasternKingdoms/zone_eversong_woods.cpp.o
#25 11.05 [668/1829] Building CXX object src/server/scripts/CMakeFiles/scripts.dir/EasternKingdoms/zone_hinterlands.cpp.o
#25 11.05 [669/1829] Building CXX object src/server/scripts/CMakeFiles/scripts.dir/EasternKingdoms/zone_ironforge.cpp.o
#25 11.05 [670/1829] Building CXX object src/server/scripts/CMakeFiles/scripts.dir/EasternKingdoms/zone_isle_of_queldanas.cpp.o
#25 11.05 [671/1829] Building CXX object src/server/scripts/CMakeFiles/scripts.dir/EasternKingdoms/zone_stormwind_city.cpp.o
#25 11.05 [672/1829] Building CXX object src/server/scripts/CMakeFiles/scripts.dir/EasternKingdoms/zone_western_plaguelands.cpp.o
#25 11.06 [673/1829] Building CXX object src/server/scripts/CMakeFiles/scripts.dir/EasternKingdoms/zone_the_scarlet_enclave.cpp.o
#25 11.06 [674/1829] Building CXX object src/server/scripts/CMakeFiles/scripts.dir/EasternKingdoms/zone_undercity.cpp.o
#25 11.06 [675/1829] Building CXX object src/server/scripts/CMakeFiles/scripts.dir/EasternKingdoms/zone_westfall.cpp.o
#25 11.06 [676/1829] Building CXX object src/server/scripts/CMakeFiles/scripts.dir/EasternKingdoms/zone_wetlands.cpp.o
#25 11.06 [677/1829] Building CXX object src/server/scripts/CMakeFiles/scripts.dir/EasternKingdoms/AlteracValley/alterac_valley.cpp.o
#25 11.06 [678/1829] Building CXX object src/server/scripts/CMakeFiles/scripts.dir/EasternKingdoms/AlteracValley/boss_balinda.cpp.o
#25 11.07 [679/1829] Building CXX object src/server/scripts/CMakeFiles/scripts.dir/EasternKingdoms/AlteracValley/boss_drekthar.cpp.o
#25 11.07 [680/1829] Building CXX object src/server/scripts/CMakeFiles/scripts.dir/EasternKingdoms/AlteracValley/boss_galvangar.cpp.o
#25 11.07 [681/1829] Building CXX object src/server/scripts/CMakeFiles/scripts.dir/Commands/cs_wp.cpp.o
#25 11.07 [682/1829] Building CXX object src/server/scripts/CMakeFiles/scripts.dir/EasternKingdoms/AlteracValley/boss_vanndar.cpp.o
#25 11.07 [683/1829] Building CXX object src/server/scripts/CMakeFiles/scripts.dir/EasternKingdoms/BlackrockMountain/BlackrockDepths/blackrock_depths.cpp.o
#25 11.08 [684/1829] Building CXX object src/server/scripts/CMakeFiles/scripts.dir/EasternKingdoms/BlackrockMountain/BlackrockDepths/boss_ambassador_flamelash.cpp.o
#25 11.08 [685/1829] Building CXX object src/server/scripts/CMakeFiles/scripts.dir/EasternKingdoms/BlackrockMountain/BlackrockDepths/boss_anubshiah.cpp.o
#25 11.08 [686/1829] Building CXX object src/server/scripts/CMakeFiles/scripts.dir/EasternKingdoms/BlackrockMountain/BlackrockDepths/boss_emperor_dagran_thaurissan.cpp.o
#25 11.08 [687/1829] Building CXX object src/server/scripts/CMakeFiles/scripts.dir/EasternKingdoms/BlackrockMountain/BlackrockDepths/boss_eviscerator.cpp.o
#25 11.08 [688/1829] Building CXX object src/server/scripts/CMakeFiles/scripts.dir/EasternKingdoms/BlackrockMountain/BlackrockDepths/boss_general_angerforge.cpp.o
#25 11.09 [689/1829] Building CXX object src/server/scripts/CMakeFiles/scripts.dir/EasternKingdoms/BlackrockMountain/BlackrockDepths/boss_gorosh_the_dervish.cpp.o
#25 11.09 [690/1829] Building CXX object src/server/scripts/CMakeFiles/scripts.dir/EasternKingdoms/BlackrockMountain/BlackrockDepths/boss_grizzle.cpp.o
#25 11.09 [691/1829] Building CXX object src/server/scripts/CMakeFiles/scripts.dir/EasternKingdoms/BlackrockMountain/BlackrockDepths/boss_hedrum.cpp.o
#25 11.09 [692/1829] Building CXX object src/server/scripts/CMakeFiles/scripts.dir/EasternKingdoms/BlackrockMountain/BlackrockDepths/boss_high_interrogator_gerstahn.cpp.o
#25 11.09 [693/1829] Building CXX object src/server/scripts/CMakeFiles/scripts.dir/EasternKingdoms/BlackrockMountain/BlackrockDepths/boss_magmus.cpp.o
#25 11.10 [694/1829] Building CXX object src/server/scripts/CMakeFiles/scripts.dir/EasternKingdoms/BlackrockMountain/BlackrockDepths/boss_moira_bronzebeard.cpp.o
#25 11.10 [695/1829] Building CXX object src/server/scripts/CMakeFiles/scripts.dir/EasternKingdoms/BlackrockMountain/BlackrockDepths/boss_okthor.cpp.o
#25 11.10 [696/1829] Building CXX object src/server/scripts/CMakeFiles/scripts.dir/EasternKingdoms/BlackrockMountain/BlackrockDepths/boss_tomb_of_seven.cpp.o
#25 11.10 [697/1829] Building CXX object src/server/scripts/CMakeFiles/scripts.dir/EasternKingdoms/BlackrockMountain/BlackrockSpire/boss_drakkisath.cpp.o
#25 11.10 [698/1829] Building CXX object src/server/scripts/CMakeFiles/scripts.dir/EasternKingdoms/BlackrockMountain/BlackrockDepths/instance_blackrock_depths.cpp.o
#25 11.10 [699/1829] Building CXX object src/server/scripts/CMakeFiles/scripts.dir/EasternKingdoms/BlackrockMountain/BlackrockSpire/boss_gyth.cpp.o
#25 11.11 [700/1829] Building CXX object src/server/scripts/CMakeFiles/scripts.dir/EasternKingdoms/BlackrockMountain/BlackrockSpire/boss_halycon.cpp.o
#25 11.11 [701/1829] Building CXX object src/server/scripts/CMakeFiles/scripts.dir/EasternKingdoms/BlackrockMountain/BlackrockSpire/boss_highlord_omokk.cpp.o
#25 11.11 [702/1829] Building CXX object src/server/scripts/CMakeFiles/scripts.dir/EasternKingdoms/BlackrockMountain/BlackrockSpire/boss_lord_valthalak.cpp.o
#25 11.11 [703/1829] Building CXX object src/server/scripts/CMakeFiles/scripts.dir/EasternKingdoms/BlackrockMountain/BlackrockSpire/boss_mor_grayhoof.cpp.o
#25 11.11 [704/1829] Building CXX object src/server/scripts/CMakeFiles/scripts.dir/EasternKingdoms/BlackrockMountain/BlackrockSpire/boss_overlord_wyrmthalak.cpp.o
#25 11.11 [705/1829] Building CXX object src/server/scripts/CMakeFiles/scripts.dir/EasternKingdoms/BlackrockMountain/BlackrockSpire/boss_pyroguard_emberseer.cpp.o
#25 11.12 [706/1829] Building CXX object src/server/scripts/CMakeFiles/scripts.dir/EasternKingdoms/BlackrockMountain/BlackrockSpire/boss_quartermaster_zigris.cpp.o
#25 11.12 [707/1829] Building CXX object src/server/scripts/CMakeFiles/scripts.dir/EasternKingdoms/BlackrockMountain/BlackrockSpire/boss_rend_blackhand.cpp.o
#25 11.12 [708/1829] Building CXX object src/server/scripts/CMakeFiles/scripts.dir/EasternKingdoms/BlackrockMountain/BlackrockSpire/boss_solakar_flamewreath.cpp.o
#25 11.12 [709/1829] Building CXX object src/server/scripts/CMakeFiles/scripts.dir/EasternKingdoms/BlackrockMountain/BlackrockSpire/boss_the_beast.cpp.o
#25 11.12 [710/1829] Building CXX object src/server/scripts/CMakeFiles/scripts.dir/EasternKingdoms/BlackrockMountain/BlackrockSpire/boss_urok_doomhowl.cpp.o
#25 11.13 [711/1829] Building CXX object src/server/scripts/CMakeFiles/scripts.dir/EasternKingdoms/BlackrockMountain/BlackrockSpire/boss_warmaster_voone.cpp.o
#25 11.13 [712/1829] Building CXX object src/server/scripts/CMakeFiles/scripts.dir/EasternKingdoms/BlackrockMountain/BlackrockSpire/instance_blackrock_spire.cpp.o
#25 11.13 [713/1829] Building CXX object src/server/scripts/CMakeFiles/scripts.dir/EasternKingdoms/BlackrockMountain/BlackwingLair/boss_broodlord_lashlayer.cpp.o
#25 11.13 [714/1829] Building CXX object src/server/scripts/CMakeFiles/scripts.dir/EasternKingdoms/BlackrockMountain/BlackwingLair/boss_ebonroc.cpp.o
#25 11.14 [715/1829] Building CXX object src/server/scripts/CMakeFiles/scripts.dir/EasternKingdoms/BlackrockMountain/BlackwingLair/boss_chromaggus.cpp.o
#25 11.14 [716/1829] Building CXX object src/server/scripts/CMakeFiles/scripts.dir/EasternKingdoms/BlackrockMountain/BlackwingLair/boss_firemaw.cpp.o
#25 11.14 [717/1829] Building CXX object src/server/scripts/CMakeFiles/scripts.dir/EasternKingdoms/BlackrockMountain/BlackwingLair/boss_flamegor.cpp.o
#25 11.14 [718/1829] Building CXX object src/server/scripts/CMakeFiles/scripts.dir/EasternKingdoms/BlackrockMountain/BlackwingLair/boss_razorgore.cpp.o
#25 11.14 [719/1829] Building CXX object src/server/scripts/CMakeFiles/scripts.dir/EasternKingdoms/BlackrockMountain/BlackwingLair/boss_nefarian.cpp.o
#25 11.14 [720/1829] Building CXX object src/server/scripts/CMakeFiles/scripts.dir/EasternKingdoms/BlackrockMountain/BlackwingLair/boss_vaelastrasz.cpp.o
#25 11.14 [721/1829] Building CXX object src/server/scripts/CMakeFiles/scripts.dir/EasternKingdoms/BlackrockMountain/BlackwingLair/instance_blackwing_lair.cpp.o
#25 11.15 [722/1829] Building CXX object src/server/scripts/CMakeFiles/scripts.dir/EasternKingdoms/BlackrockMountain/MoltenCore/boss_baron_geddon.cpp.o
#25 11.15 [723/1829] Building CXX object src/server/scripts/CMakeFiles/scripts.dir/EasternKingdoms/BlackrockMountain/MoltenCore/boss_garr.cpp.o
#25 11.15 [724/1829] Building CXX object src/server/scripts/CMakeFiles/scripts.dir/EasternKingdoms/BlackrockMountain/MoltenCore/boss_gehennas.cpp.o
#25 11.15 [725/1829] Building CXX object src/server/scripts/CMakeFiles/scripts.dir/EasternKingdoms/BlackrockMountain/MoltenCore/boss_lucifron.cpp.o
#25 11.16 [726/1829] Building CXX object src/server/scripts/CMakeFiles/scripts.dir/EasternKingdoms/BlackrockMountain/MoltenCore/boss_golemagg.cpp.o
#25 11.16 [727/1829] Building CXX object src/server/scripts/CMakeFiles/scripts.dir/EasternKingdoms/BlackrockMountain/MoltenCore/boss_magmadar.cpp.o
#25 11.16 [728/1829] Building CXX object src/server/scripts/CMakeFiles/scripts.dir/EasternKingdoms/BlackrockMountain/MoltenCore/boss_majordomo_executus.cpp.o
#25 11.16 [729/1829] Building CXX object src/server/scripts/CMakeFiles/scripts.dir/EasternKingdoms/BlackrockMountain/MoltenCore/boss_ragnaros.cpp.o
#25 11.16 [730/1829] Building CXX object src/server/scripts/CMakeFiles/scripts.dir/EasternKingdoms/BlackrockMountain/MoltenCore/boss_shazzrah.cpp.o
#25 11.17 [731/1829] Building CXX object src/server/scripts/CMakeFiles/scripts.dir/EasternKingdoms/BlackrockMountain/MoltenCore/boss_sulfuron_harbinger.cpp.o
#25 11.17 [732/1829] Building CXX object src/server/scripts/CMakeFiles/scripts.dir/EasternKingdoms/BlackrockMountain/MoltenCore/instance_molten_core.cpp.o
#25 11.17 [733/1829] Building CXX object src/server/scripts/CMakeFiles/scripts.dir/EasternKingdoms/BlackrockMountain/MoltenCore/molten_core.cpp.o
#25 11.17 [734/1829] Building CXX object src/server/scripts/CMakeFiles/scripts.dir/EasternKingdoms/Deadmines/boss_mr_smite.cpp.o
#25 11.17 [735/1829] Building CXX object src/server/scripts/CMakeFiles/scripts.dir/EasternKingdoms/Deadmines/instance_deadmines.cpp.o
#25 11.18 [736/1829] Building CXX object src/server/scripts/CMakeFiles/scripts.dir/EasternKingdoms/Gnomeregan/instance_gnomeregan.cpp.o
#25 11.18 [737/1829] Building CXX object src/server/scripts/CMakeFiles/scripts.dir/EasternKingdoms/Karazhan/boss_chess_event.cpp.o
#25 11.18 [738/1829] Building CXX object src/server/scripts/CMakeFiles/scripts.dir/EasternKingdoms/Karazhan/boss_curator.cpp.o
#25 11.18 [739/1829] Building CXX object src/server/scripts/CMakeFiles/scripts.dir/EasternKingdoms/Karazhan/boss_maiden_of_virtue.cpp.o
#25 11.19 [740/1829] Building CXX object src/server/scripts/CMakeFiles/scripts.dir/EasternKingdoms/Karazhan/boss_midnight.cpp.o
#25 11.19 [741/1829] Building CXX object src/server/scripts/CMakeFiles/scripts.dir/EasternKingdoms/Karazhan/boss_moroes.cpp.o
#25 11.19 [742/1829] Building CXX object src/server/scripts/CMakeFiles/scripts.dir/EasternKingdoms/Karazhan/boss_netherspite.cpp.o
#25 11.19 [743/1829] Building CXX object src/server/scripts/CMakeFiles/scripts.dir/EasternKingdoms/Karazhan/boss_nightbane.cpp.o
#25 11.19 [744/1829] Building CXX object src/server/scripts/CMakeFiles/scripts.dir/EasternKingdoms/Karazhan/boss_prince_malchezaar.cpp.o
#25 11.20 [745/1829] Building CXX object src/server/scripts/CMakeFiles/scripts.dir/EasternKingdoms/Karazhan/boss_servant_quarters.cpp.o
#25 11.20 [746/1829] Building CXX object src/server/scripts/CMakeFiles/scripts.dir/EasternKingdoms/Karazhan/boss_shade_of_aran.cpp.o
#25 11.20 [747/1829] Building CXX object src/server/scripts/CMakeFiles/scripts.dir/EasternKingdoms/Karazhan/boss_tenris_mirkblood.cpp.o
#25 11.20 [748/1829] Building CXX object src/server/scripts/CMakeFiles/scripts.dir/EasternKingdoms/Karazhan/boss_terestian_illhoof.cpp.o
#25 11.20 [749/1829] Building CXX object src/server/scripts/CMakeFiles/scripts.dir/EasternKingdoms/Karazhan/bosses_opera.cpp.o
#25 11.21 [750/1829] Building CXX object src/server/scripts/CMakeFiles/scripts.dir/EasternKingdoms/Karazhan/instance_karazhan.cpp.o
#25 11.21 [751/1829] Building CXX object src/server/scripts/CMakeFiles/scripts.dir/EasternKingdoms/Karazhan/karazhan.cpp.o
#25 11.21 [752/1829] Building CXX object src/server/scripts/CMakeFiles/scripts.dir/EasternKingdoms/MagistersTerrace/boss_felblood_kaelthas.cpp.o
#25 11.21 [753/1829] Building CXX object src/server/scripts/CMakeFiles/scripts.dir/EasternKingdoms/MagistersTerrace/boss_priestess_delrissa.cpp.o
#25 11.21 [754/1829] Building CXX object src/server/scripts/CMakeFiles/scripts.dir/EasternKingdoms/MagistersTerrace/boss_selin_fireheart.cpp.o
#25 11.22 [755/1829] Building CXX object src/server/scripts/CMakeFiles/scripts.dir/EasternKingdoms/MagistersTerrace/boss_vexallus.cpp.o
#25 11.22 [756/1829] Building CXX object src/server/scripts/CMakeFiles/scripts.dir/EasternKingdoms/MagistersTerrace/instance_magisters_terrace.cpp.o
#25 11.22 [757/1829] Building CXX object src/server/scripts/CMakeFiles/scripts.dir/EasternKingdoms/Scholomance/boss_darkmaster_gandling.cpp.o
#25 11.22 [758/1829] Building CXX object src/server/scripts/CMakeFiles/scripts.dir/EasternKingdoms/Scholomance/boss_kirtonos_the_herald.cpp.o
#25 11.22 [759/1829] Building CXX object src/server/scripts/CMakeFiles/scripts.dir/EasternKingdoms/ScarletMonastery/instance_scarlet_monastery.cpp.o
#25 11.23 [760/1829] Building CXX object src/server/scripts/CMakeFiles/scripts.dir/EasternKingdoms/Scholomance/boss_kormok.cpp.o
#25 11.23 [761/1829] Building CXX object src/server/scripts/CMakeFiles/scripts.dir/EasternKingdoms/Scholomance/instance_scholomance.cpp.o
#25 11.23 [762/1829] Building CXX object src/server/scripts/CMakeFiles/scripts.dir/EasternKingdoms/ShadowfangKeep/instance_shadowfang_keep.cpp.o
#25 11.23 [763/1829] Building CXX object src/server/scripts/CMakeFiles/scripts.dir/EasternKingdoms/ShadowfangKeep/boss_apothecary_hummel.cpp.o
#25 11.23 [764/1829] Building CXX object src/server/scripts/CMakeFiles/scripts.dir/EasternKingdoms/Stratholme/boss_baroness_anastari.cpp.o
#25 11.23 [765/1829] Building CXX object src/server/scripts/CMakeFiles/scripts.dir/EasternKingdoms/Stratholme/boss_jarien_and_sothos.cpp.o
#25 11.24 [766/1829] Building CXX object src/server/scripts/CMakeFiles/scripts.dir/EasternKingdoms/Stratholme/instance_stratholme.cpp.o
#25 11.24 [767/1829] Building CXX object src/server/scripts/CMakeFiles/scripts.dir/EasternKingdoms/SunwellPlateau/boss_brutallus.cpp.o
#25 11.24 [768/1829] Building CXX object src/server/scripts/CMakeFiles/scripts.dir/EasternKingdoms/SunwellPlateau/boss_eredar_twins.cpp.o
#25 11.24 [769/1829] Building CXX object src/server/scripts/CMakeFiles/scripts.dir/EasternKingdoms/SunkenTemple/instance_sunken_temple.cpp.o
#25 11.25 [770/1829] Building CXX object src/server/scripts/CMakeFiles/scripts.dir/EasternKingdoms/SunwellPlateau/boss_kalecgos.cpp.o
#25 11.25 [771/1829] Building CXX object src/server/scripts/CMakeFiles/scripts.dir/EasternKingdoms/SunwellPlateau/boss_felmyst.cpp.o
#25 11.25 [772/1829] Building CXX object src/server/scripts/CMakeFiles/scripts.dir/EasternKingdoms/SunwellPlateau/boss_kiljaeden.cpp.o
#25 11.25 [773/1829] Building CXX object src/server/scripts/CMakeFiles/scripts.dir/EasternKingdoms/SunwellPlateau/boss_muru.cpp.o
#25 11.25 [774/1829] Building CXX object src/server/scripts/CMakeFiles/scripts.dir/EasternKingdoms/SunwellPlateau/instance_sunwell_plateau.cpp.o
#25 11.26 [775/1829] Building CXX object src/server/scripts/CMakeFiles/scripts.dir/EasternKingdoms/TheStockade/instance_the_stockade.cpp.o
#25 11.26 [776/1829] Building CXX object src/server/scripts/CMakeFiles/scripts.dir/EasternKingdoms/Uldaman/instance_uldaman.cpp.o
#25 11.26 [777/1829] Building CXX object src/server/scripts/CMakeFiles/scripts.dir/EasternKingdoms/ZulAman/boss_akilzon.cpp.o
#25 11.26 [778/1829] Building CXX object src/server/scripts/CMakeFiles/scripts.dir/EasternKingdoms/ZulAman/boss_halazzi.cpp.o
#25 11.26 [779/1829] Building CXX object src/server/scripts/CMakeFiles/scripts.dir/EasternKingdoms/ZulAman/boss_hexlord.cpp.o
#25 11.27 [780/1829] Building CXX object src/server/scripts/CMakeFiles/scripts.dir/EasternKingdoms/ZulAman/boss_janalai.cpp.o
#25 11.27 [781/1829] Building CXX object src/server/scripts/CMakeFiles/scripts.dir/EasternKingdoms/ZulAman/boss_nalorakk.cpp.o
#25 11.27 [782/1829] Building CXX object src/server/scripts/CMakeFiles/scripts.dir/EasternKingdoms/ZulAman/boss_zuljin.cpp.o
#25 11.27 [783/1829] Building CXX object src/server/scripts/CMakeFiles/scripts.dir/EasternKingdoms/ZulAman/instance_zulaman.cpp.o
#25 11.27 [784/1829] Building CXX object src/server/scripts/CMakeFiles/scripts.dir/EasternKingdoms/ZulGurub/boss_arlokk.cpp.o
#25 11.27 [785/1829] Building CXX object src/server/scripts/CMakeFiles/scripts.dir/EasternKingdoms/ZulGurub/boss_grilek.cpp.o
#25 11.28 [786/1829] Building CXX object src/server/scripts/CMakeFiles/scripts.dir/EasternKingdoms/ZulGurub/boss_hakkar.cpp.o
#25 11.28 [787/1829] Building CXX object src/server/scripts/CMakeFiles/scripts.dir/EasternKingdoms/ZulAman/zulaman.cpp.o
#25 11.28 [788/1829] Building CXX object src/server/scripts/CMakeFiles/scripts.dir/EasternKingdoms/ZulGurub/boss_jeklik.cpp.o
#25 11.28 [789/1829] Building CXX object src/server/scripts/CMakeFiles/scripts.dir/EasternKingdoms/ZulGurub/boss_jindo.cpp.o
#25 11.28 [790/1829] Building CXX object src/server/scripts/CMakeFiles/scripts.dir/EasternKingdoms/ZulGurub/boss_gahzranka.cpp.o
#25 11.29 [791/1829] Building CXX object src/server/scripts/CMakeFiles/scripts.dir/EasternKingdoms/ZulGurub/boss_hazzarah.cpp.o
#25 11.29 [792/1829] Building CXX object src/server/scripts/CMakeFiles/scripts.dir/EasternKingdoms/ZulGurub/boss_mandokir.cpp.o
#25 11.29 [793/1829] Building CXX object src/server/scripts/CMakeFiles/scripts.dir/EasternKingdoms/ZulGurub/boss_renataki.cpp.o
#25 11.29 [794/1829] Building CXX object src/server/scripts/CMakeFiles/scripts.dir/EasternKingdoms/ZulGurub/boss_marli.cpp.o
#25 11.29 [795/1829] Building CXX object src/server/scripts/CMakeFiles/scripts.dir/EasternKingdoms/ZulGurub/boss_venoxis.cpp.o
#25 11.29 [796/1829] Building CXX object src/server/scripts/CMakeFiles/scripts.dir/EasternKingdoms/ZulGurub/boss_wushoolay.cpp.o
#25 11.30 [797/1829] Building CXX object src/server/scripts/CMakeFiles/scripts.dir/EasternKingdoms/ZulGurub/instance_zulgurub.cpp.o
#25 11.30 [798/1829] Building CXX object src/server/scripts/CMakeFiles/scripts.dir/EasternKingdoms/ZulGurub/zulgurub.cpp.o
#25 11.30 [799/1829] Building CXX object src/server/scripts/CMakeFiles/scripts.dir/Events/childrens_week.cpp.o
#25 11.30 [800/1829] Building CXX object src/server/scripts/CMakeFiles/scripts.dir/Events/brewfest.cpp.o
#25 11.31 [801/1829] Building CXX object src/server/scripts/CMakeFiles/scripts.dir/Events/events_script_loader.cpp.o
#25 11.31 [802/1829] Building CXX object src/server/scripts/CMakeFiles/scripts.dir/Events/hallows_end.cpp.o
#25 11.31 [803/1829] Building CXX object src/server/scripts/CMakeFiles/scripts.dir/EasternKingdoms/ZulGurub/boss_thekal.cpp.o
#25 11.31 [804/1829] Building CXX object src/server/scripts/CMakeFiles/scripts.dir/Events/noblegarden.cpp.o
#25 11.32 [805/1829] Building CXX object src/server/scripts/CMakeFiles/scripts.dir/Events/midsummer.cpp.o
#25 11.32 [806/1829] Building CXX object src/server/scripts/CMakeFiles/scripts.dir/Events/pilgrims_bounty.cpp.o
#25 11.32 [807/1829] Building CXX object src/server/scripts/CMakeFiles/scripts.dir/Events/winter_veil.cpp.o
#25 11.32 [808/1829] Building CXX object src/server/scripts/CMakeFiles/scripts.dir/Events/firework_show/firework_show.cpp.o
#25 11.32 [809/1829] Building CXX object src/server/scripts/CMakeFiles/scripts.dir/Kalimdor/boss_azuregos.cpp.o
#25 11.33 [810/1829] Building CXX object src/server/scripts/CMakeFiles/scripts.dir/Kalimdor/kalimdor_script_loader.cpp.o
#25 11.33 [811/1829] Building CXX object src/server/scripts/CMakeFiles/scripts.dir/Events/love_in_air.cpp.o
#25 11.33 [812/1829] Building CXX object src/server/scripts/CMakeFiles/scripts.dir/Kalimdor/zone_ashenvale.cpp.o
#25 11.33 [813/1829] Building CXX object src/server/scripts/CMakeFiles/scripts.dir/Kalimdor/zone_azuremyst_isle.cpp.o
#25 11.33 [814/1829] Building CXX object src/server/scripts/CMakeFiles/scripts.dir/Kalimdor/zone_bloodmyst_isle.cpp.o
#25 11.33 [815/1829] Building CXX object src/server/scripts/CMakeFiles/scripts.dir/Kalimdor/zone_darkshore.cpp.o
#25 11.34 [816/1829] Building CXX object src/server/scripts/CMakeFiles/scripts.dir/Kalimdor/zone_desolace.cpp.o
#25 11.34 [817/1829] Building CXX object src/server/scripts/CMakeFiles/scripts.dir/Kalimdor/zone_durotar.cpp.o
#25 11.34 [818/1829] Building CXX object src/server/scripts/CMakeFiles/scripts.dir/Kalimdor/zone_dustwallow_marsh.cpp.o
#25 11.34 [819/1829] Building CXX object src/server/scripts/CMakeFiles/scripts.dir/Kalimdor/zone_felwood.cpp.o
#25 11.35 [820/1829] Building CXX object src/server/scripts/CMakeFiles/scripts.dir/Kalimdor/zone_feralas.cpp.o
#25 11.35 [821/1829] Building CXX object src/server/scripts/CMakeFiles/scripts.dir/Kalimdor/zone_moonglade.cpp.o
#25 11.35 [822/1829] Building CXX object src/server/scripts/CMakeFiles/scripts.dir/Kalimdor/zone_orgrimmar.cpp.o
#25 11.35 [823/1829] Building CXX object src/server/scripts/CMakeFiles/scripts.dir/Kalimdor/zone_silithus.cpp.o
#25 11.35 [824/1829] Building CXX object src/server/scripts/CMakeFiles/scripts.dir/Kalimdor/zone_stonetalon_mountains.cpp.o
#25 11.36 [825/1829] Building CXX object src/server/scripts/CMakeFiles/scripts.dir/Kalimdor/zone_tanaris.cpp.o
#25 11.36 [826/1829] Building CXX object src/server/scripts/CMakeFiles/scripts.dir/Kalimdor/zone_teldrassil.cpp.o
#25 11.36 [827/1829] Building CXX object src/server/scripts/CMakeFiles/scripts.dir/Kalimdor/zone_the_barrens.cpp.o
#25 11.36 [828/1829] Building CXX object src/server/scripts/CMakeFiles/scripts.dir/Kalimdor/zone_thousand_needles.cpp.o
#25 11.36 [829/1829] Building CXX object src/server/scripts/CMakeFiles/scripts.dir/Kalimdor/zone_thunder_bluff.cpp.o
#25 11.36 [830/1829] Building CXX object src/server/scripts/CMakeFiles/scripts.dir/Kalimdor/zone_ungoro_crater.cpp.o
#25 11.37 [831/1829] Building CXX object src/server/scripts/CMakeFiles/scripts.dir/Kalimdor/zone_winterspring.cpp.o
#25 11.37 [832/1829] Building CXX object src/server/scripts/CMakeFiles/scripts.dir/Kalimdor/BlackfathomDeeps/instance_blackfathom_deeps.cpp.o
#25 11.37 [833/1829] Building CXX object src/server/scripts/CMakeFiles/scripts.dir/Kalimdor/CavernsOfTime/BattleForMountHyjal/boss_anetheron.cpp.o
#25 11.37 [834/1829] Building CXX object src/server/scripts/CMakeFiles/scripts.dir/Kalimdor/CavernsOfTime/BattleForMountHyjal/boss_archimonde.cpp.o
#25 11.37 [835/1829] Building CXX object src/server/scripts/CMakeFiles/scripts.dir/Kalimdor/CavernsOfTime/BattleForMountHyjal/boss_azgalor.cpp.o
#25 11.38 [836/1829] Building CXX object src/server/scripts/CMakeFiles/scripts.dir/Kalimdor/CavernsOfTime/BattleForMountHyjal/boss_kazrogal.cpp.o
#25 11.38 [837/1829] Building CXX object src/server/scripts/CMakeFiles/scripts.dir/Kalimdor/CavernsOfTime/BattleForMountHyjal/boss_rage_winterchill.cpp.o
#25 11.38 [838/1829] Building CXX object src/server/scripts/CMakeFiles/scripts.dir/Kalimdor/CavernsOfTime/BattleForMountHyjal/hyjal.cpp.o
#25 11.38 [839/1829] Building CXX object src/server/scripts/CMakeFiles/scripts.dir/Kalimdor/CavernsOfTime/BattleForMountHyjal/instance_hyjal.cpp.o
#25 11.38 [840/1829] Building CXX object src/server/scripts/CMakeFiles/scripts.dir/Kalimdor/CavernsOfTime/CullingOfStratholme/boss_epoch.cpp.o
#25 11.38 [841/1829] Building CXX object src/server/scripts/CMakeFiles/scripts.dir/Kalimdor/CavernsOfTime/CullingOfStratholme/boss_infinite.cpp.o
#25 11.39 [842/1829] Building CXX object src/server/scripts/CMakeFiles/scripts.dir/Kalimdor/CavernsOfTime/CullingOfStratholme/boss_mal_ganis.cpp.o
#25 11.39 [843/1829] Building CXX object src/server/scripts/CMakeFiles/scripts.dir/Kalimdor/CavernsOfTime/CullingOfStratholme/boss_meathook.cpp.o
#25 11.39 [844/1829] Building CXX object src/server/scripts/CMakeFiles/scripts.dir/Kalimdor/CavernsOfTime/CullingOfStratholme/boss_salramm.cpp.o
#25 11.39 [845/1829] Building CXX object src/server/scripts/CMakeFiles/scripts.dir/Kalimdor/CavernsOfTime/CullingOfStratholme/culling_of_stratholme.cpp.o
#25 11.40 [846/1829] Building CXX object src/server/scripts/CMakeFiles/scripts.dir/Kalimdor/CavernsOfTime/CullingOfStratholme/instance_culling_of_stratholme.cpp.o
#25 11.40 [847/1829] Building CXX object src/server/scripts/CMakeFiles/scripts.dir/Kalimdor/CavernsOfTime/EscapeFromDurnholdeKeep/boss_captain_skarloc.cpp.o
#25 11.40 [848/1829] Building CXX object src/server/scripts/CMakeFiles/scripts.dir/Kalimdor/CavernsOfTime/EscapeFromDurnholdeKeep/boss_epoch_hunter.cpp.o
#25 11.40 [849/1829] Building CXX object src/server/scripts/CMakeFiles/scripts.dir/Kalimdor/CavernsOfTime/EscapeFromDurnholdeKeep/boss_lieutenant_drake.cpp.o
#25 11.40 [850/1829] Building CXX object src/server/scripts/CMakeFiles/scripts.dir/Kalimdor/CavernsOfTime/EscapeFromDurnholdeKeep/old_hillsbrad.cpp.o
#25 11.41 [851/1829] Building CXX object src/server/scripts/CMakeFiles/scripts.dir/Kalimdor/CavernsOfTime/TheBlackMorass/boss_aeonus.cpp.o
#25 11.41 [852/1829] Building CXX object src/server/scripts/CMakeFiles/scripts.dir/Kalimdor/CavernsOfTime/TheBlackMorass/boss_chrono_lord_deja.cpp.o
#25 11.41 [853/1829] Building CXX object src/server/scripts/CMakeFiles/scripts.dir/Kalimdor/CavernsOfTime/EscapeFromDurnholdeKeep/instance_old_hillsbrad.cpp.o
#25 11.41 [854/1829] Building CXX object src/server/scripts/CMakeFiles/scripts.dir/Kalimdor/CavernsOfTime/TheBlackMorass/boss_temporus.cpp.o
#25 11.41 [855/1829] Building CXX object src/server/scripts/CMakeFiles/scripts.dir/Kalimdor/CavernsOfTime/TheBlackMorass/instance_the_black_morass.cpp.o
#25 12.28 [856/1829] Building CXX object src/server/scripts/CMakeFiles/scripts.dir/Kalimdor/DireMaul/boss_isalien.cpp.o
#25 12.28 [857/1829] Building CXX object src/server/scripts/CMakeFiles/scripts.dir/Kalimdor/DireMaul/instance_dire_maul.cpp.o
#25 12.28 [858/1829] Building CXX object src/server/scripts/CMakeFiles/scripts.dir/Kalimdor/CavernsOfTime/TheBlackMorass/the_black_morass.cpp.o
#25 12.29 [859/1829] Building CXX object src/server/scripts/CMakeFiles/scripts.dir/Kalimdor/Maraudon/instance_maraudon.cpp.o
#25 12.29 [860/1829] Building CXX object src/server/scripts/CMakeFiles/scripts.dir/Kalimdor/OnyxiasLair/boss_onyxia.cpp.o
#25 12.29 [861/1829] Building CXX object src/server/scripts/CMakeFiles/scripts.dir/Kalimdor/OnyxiasLair/instance_onyxias_lair.cpp.o
#25 12.29 [862/1829] Building CXX object src/server/scripts/CMakeFiles/scripts.dir/Kalimdor/RagefireChasm/instance_ragefire_chasm.cpp.o
#25 12.29 [863/1829] Building CXX object src/server/scripts/CMakeFiles/scripts.dir/Kalimdor/RazorfenDowns/instance_razorfen_downs.cpp.o
#25 12.29 [864/1829] Building CXX object src/server/scripts/CMakeFiles/scripts.dir/Kalimdor/RazorfenDowns/razorfen_downs.cpp.o
#25 12.29 [865/1829] Building CXX object src/server/scripts/CMakeFiles/scripts.dir/Kalimdor/RazorfenKraul/instance_razorfen_kraul.cpp.o
#25 12.30 [866/1829] Building CXX object src/server/scripts/CMakeFiles/scripts.dir/Kalimdor/RuinsOfAhnQiraj/boss_ayamiss.cpp.o
#25 12.30 [867/1829] Building CXX object src/server/scripts/CMakeFiles/scripts.dir/Kalimdor/RuinsOfAhnQiraj/boss_buru.cpp.o
#25 12.30 [868/1829] Building CXX object src/server/scripts/CMakeFiles/scripts.dir/Kalimdor/RuinsOfAhnQiraj/boss_kurinnaxx.cpp.o
#25 12.30 [869/1829] Building CXX object src/server/scripts/CMakeFiles/scripts.dir/Kalimdor/RuinsOfAhnQiraj/boss_moam.cpp.o
#25 12.30 [870/1829] Building CXX object src/server/scripts/CMakeFiles/scripts.dir/Kalimdor/RuinsOfAhnQiraj/boss_ossirian.cpp.o
#25 12.31 [871/1829] Building CXX object src/server/scripts/CMakeFiles/scripts.dir/Kalimdor/RuinsOfAhnQiraj/boss_rajaxx.cpp.o
#25 12.31 [872/1829] Building CXX object src/server/scripts/CMakeFiles/scripts.dir/Kalimdor/RuinsOfAhnQiraj/instance_ruins_of_ahnqiraj.cpp.o
#25 12.31 [873/1829] Building CXX object src/server/scripts/CMakeFiles/scripts.dir/Kalimdor/RuinsOfAhnQiraj/ruins_of_ahnqiraj.cpp.o
#25 12.31 [874/1829] Building CXX object src/server/scripts/CMakeFiles/scripts.dir/Kalimdor/TempleOfAhnQiraj/boss_cthun.cpp.o
#25 12.32 [875/1829] Building CXX object src/server/scripts/CMakeFiles/scripts.dir/Kalimdor/TempleOfAhnQiraj/boss_fankriss.cpp.o
#25 12.32 [876/1829] Building CXX object src/server/scripts/CMakeFiles/scripts.dir/Kalimdor/TempleOfAhnQiraj/boss_bug_trio.cpp.o
#25 12.32 [877/1829] Building CXX object src/server/scripts/CMakeFiles/scripts.dir/Kalimdor/TempleOfAhnQiraj/boss_huhuran.cpp.o
#25 12.32 [878/1829] Building CXX object src/server/scripts/CMakeFiles/scripts.dir/Kalimdor/TempleOfAhnQiraj/boss_ouro.cpp.o
#25 12.32 [879/1829] Building CXX object src/server/scripts/CMakeFiles/scripts.dir/Kalimdor/TempleOfAhnQiraj/boss_sartura.cpp.o
#25 12.32 [880/1829] Building CXX object src/server/scripts/CMakeFiles/scripts.dir/Kalimdor/TempleOfAhnQiraj/boss_skeram.cpp.o
#25 12.33 [881/1829] Building CXX object src/server/scripts/CMakeFiles/scripts.dir/Kalimdor/TempleOfAhnQiraj/boss_twinemperors.cpp.o
#25 12.33 [882/1829] Building CXX object src/server/scripts/CMakeFiles/scripts.dir/Kalimdor/TempleOfAhnQiraj/boss_viscidus.cpp.o
#25 12.33 [883/1829] Building CXX object src/server/scripts/CMakeFiles/scripts.dir/Kalimdor/TempleOfAhnQiraj/instance_temple_of_ahnqiraj.cpp.o
#25 12.33 [884/1829] Building CXX object src/server/scripts/CMakeFiles/scripts.dir/Kalimdor/TempleOfAhnQiraj/mob_anubisath_sentinel.cpp.o
#25 12.33 [885/1829] Building CXX object src/server/scripts/CMakeFiles/scripts.dir/Kalimdor/WailingCaverns/instance_wailing_caverns.cpp.o
#25 12.34 [886/1829] Building CXX object src/server/scripts/CMakeFiles/scripts.dir/Kalimdor/TempleOfAhnQiraj/temple_of_ahnqiraj.cpp.o
#25 12.34 [887/1829] Building CXX object src/server/scripts/CMakeFiles/scripts.dir/Kalimdor/ZulFarrak/instance_zulfarrak.cpp.o
#25 12.34 [888/1829] Building CXX object src/server/scripts/CMakeFiles/scripts.dir/Kalimdor/ZulFarrak/zulfarrak.cpp.o
#25 12.34 [889/1829] Building CXX object src/server/scripts/CMakeFiles/scripts.dir/Northrend/isle_of_conquest.cpp.o
#25 12.34 [890/1829] Building CXX object src/server/scripts/CMakeFiles/scripts.dir/Northrend/northrend_script_loader.cpp.o
#25 12.35 [891/1829] Building CXX object src/server/scripts/CMakeFiles/scripts.dir/Northrend/zone_borean_tundra.cpp.o
#25 12.35 [892/1829] Building CXX object src/server/scripts/CMakeFiles/scripts.dir/Northrend/zone_crystalsong_forest.cpp.o
#25 12.35 [893/1829] Building CXX object src/server/scripts/CMakeFiles/scripts.dir/Northrend/zone_dalaran.cpp.o
#25 12.36 [894/1829] Building CXX object src/server/scripts/CMakeFiles/scripts.dir/Northrend/zone_dragonblight.cpp.o
#25 12.36 [895/1829] Building CXX object src/server/scripts/CMakeFiles/scripts.dir/Northrend/zone_grizzly_hills.cpp.o
#25 12.36 [896/1829] Building CXX object src/server/scripts/CMakeFiles/scripts.dir/Northrend/zone_howling_fjord.cpp.o
#25 12.36 [897/1829] Building CXX object src/server/scripts/CMakeFiles/scripts.dir/Northrend/zone_icecrown.cpp.o
#25 12.36 [898/1829] Building CXX object src/server/scripts/CMakeFiles/scripts.dir/Northrend/zone_sholazar_basin.cpp.o
#25 12.36 [899/1829] Building CXX object src/server/scripts/CMakeFiles/scripts.dir/Northrend/zone_storm_peaks.cpp.o
#25 12.37 [900/1829] Building CXX object src/server/scripts/CMakeFiles/scripts.dir/Northrend/zone_wintergrasp.cpp.o
#25 12.37 [901/1829] Building CXX object src/server/scripts/CMakeFiles/scripts.dir/Northrend/zone_zuldrak.cpp.o
#25 12.37 [902/1829] Building CXX object src/server/scripts/CMakeFiles/scripts.dir/Northrend/AzjolNerub/AzjolNerub/boss_anubarak.cpp.o
#25 12.37 [903/1829] Building CXX object src/server/scripts/CMakeFiles/scripts.dir/Northrend/AzjolNerub/AzjolNerub/boss_hadronox.cpp.o
#25 12.37 [904/1829] Building CXX object src/server/scripts/CMakeFiles/scripts.dir/Northrend/AzjolNerub/AzjolNerub/boss_krikthir_the_gatewatcher.cpp.o
#25 12.38 [905/1829] Building CXX object src/server/scripts/CMakeFiles/scripts.dir/Northrend/AzjolNerub/AzjolNerub/instance_azjol_nerub.cpp.o
#25 12.38 [906/1829] Building CXX object src/server/scripts/CMakeFiles/scripts.dir/Northrend/AzjolNerub/ahnkahet/boss_amanitar.cpp.o
#25 12.38 [907/1829] Building CXX object src/server/scripts/CMakeFiles/scripts.dir/Northrend/AzjolNerub/ahnkahet/boss_elder_nadox.cpp.o
#25 12.38 [908/1829] Building CXX object src/server/scripts/CMakeFiles/scripts.dir/Northrend/AzjolNerub/ahnkahet/boss_herald_volazj.cpp.o
#25 12.39 [909/1829] Building CXX object src/server/scripts/CMakeFiles/scripts.dir/Northrend/AzjolNerub/ahnkahet/boss_jedoga_shadowseeker.cpp.o
#25 12.39 [910/1829] Building CXX object src/server/scripts/CMakeFiles/scripts.dir/Northrend/AzjolNerub/ahnkahet/boss_prince_taldaram.cpp.o
#25 12.39 [911/1829] Building CXX object src/server/scripts/CMakeFiles/scripts.dir/Northrend/AzjolNerub/ahnkahet/instance_ahnkahet.cpp.o
#25 12.39 [912/1829] Building CXX object src/server/scripts/CMakeFiles/scripts.dir/Northrend/ChamberOfAspects/ObsidianSanctum/boss_sartharion.cpp.o
#25 12.39 [913/1829] Building CXX object src/server/scripts/CMakeFiles/scripts.dir/Northrend/ChamberOfAspects/ObsidianSanctum/instance_obsidian_sanctum.cpp.o
#25 12.39 [914/1829] Building CXX object src/server/scripts/CMakeFiles/scripts.dir/Northrend/ChamberOfAspects/RubySanctum/boss_baltharus_the_warborn.cpp.o
#25 12.39 [915/1829] Building CXX object src/server/scripts/CMakeFiles/scripts.dir/Northrend/ChamberOfAspects/RubySanctum/boss_general_zarithrian.cpp.o
#25 12.40 [916/1829] Building CXX object src/server/scripts/CMakeFiles/scripts.dir/Northrend/ChamberOfAspects/RubySanctum/boss_halion.cpp.o
#25 12.40 [917/1829] Building CXX object src/server/scripts/CMakeFiles/scripts.dir/Northrend/ChamberOfAspects/RubySanctum/boss_saviana_ragefire.cpp.o
#25 12.40 [918/1829] Building CXX object src/server/scripts/CMakeFiles/scripts.dir/Northrend/ChamberOfAspects/RubySanctum/instance_ruby_sanctum.cpp.o
#25 12.40 [919/1829] Building CXX object src/server/scripts/CMakeFiles/scripts.dir/Northrend/CrusadersColiseum/TrialOfTheChampion/boss_argent_challenge.cpp.o
#25 12.41 [920/1829] Building CXX object src/server/scripts/CMakeFiles/scripts.dir/Northrend/CrusadersColiseum/TrialOfTheChampion/boss_black_knight.cpp.o
#25 12.41 [921/1829] Building CXX object src/server/scripts/CMakeFiles/scripts.dir/Northrend/CrusadersColiseum/TrialOfTheChampion/boss_grand_champions.cpp.o
#25 12.41 [922/1829] Building CXX object src/server/scripts/CMakeFiles/scripts.dir/Northrend/CrusadersColiseum/TrialOfTheChampion/instance_trial_of_the_champion.cpp.o
#25 12.41 [923/1829] Building CXX object src/server/scripts/CMakeFiles/scripts.dir/Northrend/CrusadersColiseum/TrialOfTheChampion/trial_of_the_champion.cpp.o
#25 12.41 [924/1829] Building CXX object src/server/scripts/CMakeFiles/scripts.dir/Northrend/CrusadersColiseum/TrialOfTheCrusader/boss_anubarak_trial.cpp.o
#25 12.42 [925/1829] Building CXX object src/server/scripts/CMakeFiles/scripts.dir/Northrend/CrusadersColiseum/TrialOfTheCrusader/boss_faction_champions.cpp.o
#25 12.42 [926/1829] Building CXX object src/server/scripts/CMakeFiles/scripts.dir/Northrend/CrusadersColiseum/TrialOfTheCrusader/boss_lord_jaraxxus.cpp.o
#25 12.42 [927/1829] Building CXX object src/server/scripts/CMakeFiles/scripts.dir/Northrend/CrusadersColiseum/TrialOfTheCrusader/boss_northrend_beasts.cpp.o
#25 12.42 [928/1829] Building CXX object src/server/scripts/CMakeFiles/scripts.dir/Northrend/CrusadersColiseum/TrialOfTheCrusader/boss_twin_valkyr.cpp.o
#25 12.42 [929/1829] Building CXX object src/server/scripts/CMakeFiles/scripts.dir/Northrend/CrusadersColiseum/TrialOfTheCrusader/trial_of_the_crusader.cpp.o
#25 12.43 [930/1829] Building CXX object src/server/scripts/CMakeFiles/scripts.dir/Northrend/CrusadersColiseum/TrialOfTheCrusader/instance_trial_of_the_crusader.cpp.o
#25 12.43 [931/1829] Building CXX object src/server/scripts/CMakeFiles/scripts.dir/Northrend/DraktharonKeep/boss_novos.cpp.o
#25 12.43 [932/1829] Building CXX object src/server/scripts/CMakeFiles/scripts.dir/Northrend/DraktharonKeep/boss_tharon_ja.cpp.o
#25 12.43 [933/1829] Building CXX object src/server/scripts/CMakeFiles/scripts.dir/Northrend/DraktharonKeep/boss_dred.cpp.o
#25 12.43 [934/1829] Building CXX object src/server/scripts/CMakeFiles/scripts.dir/Northrend/DraktharonKeep/boss_trollgore.cpp.o
#25 12.44 [935/1829] Building CXX object src/server/scripts/CMakeFiles/scripts.dir/Northrend/DraktharonKeep/instance_drak_tharon_keep.cpp.o
#25 12.44 [936/1829] Building CXX object src/server/scripts/CMakeFiles/scripts.dir/Northrend/FrozenHalls/ForgeOfSouls/boss_devourer_of_souls.cpp.o
#25 12.44 [937/1829] Building CXX object src/server/scripts/CMakeFiles/scripts.dir/Northrend/FrozenHalls/ForgeOfSouls/forge_of_souls.cpp.o
#25 12.44 [938/1829] Building CXX object src/server/scripts/CMakeFiles/scripts.dir/Northrend/FrozenHalls/ForgeOfSouls/instance_forge_of_souls.cpp.o
#25 12.44 [939/1829] Building CXX object src/server/scripts/CMakeFiles/scripts.dir/Northrend/FrozenHalls/HallsOfReflection/boss_falric.cpp.o
#25 12.45 [940/1829] Building CXX object src/server/scripts/CMakeFiles/scripts.dir/Northrend/FrozenHalls/ForgeOfSouls/boss_bronjahm.cpp.o
#25 12.45 [941/1829] Building CXX object src/server/scripts/CMakeFiles/scripts.dir/Northrend/FrozenHalls/HallsOfReflection/boss_marwyn.cpp.o
#25 12.45 [942/1829] Building CXX object src/server/scripts/CMakeFiles/scripts.dir/Northrend/FrozenHalls/HallsOfReflection/halls_of_reflection.cpp.o
#25 12.45 [943/1829] Building CXX object src/server/scripts/CMakeFiles/scripts.dir/Northrend/FrozenHalls/HallsOfReflection/instance_halls_of_reflection.cpp.o
#25 12.45 [944/1829] Building CXX object src/server/scripts/CMakeFiles/scripts.dir/Northrend/FrozenHalls/PitOfSaron/boss_forgemaster_garfrost.cpp.o
#25 12.45 [945/1829] Building CXX object src/server/scripts/CMakeFiles/scripts.dir/Northrend/FrozenHalls/PitOfSaron/boss_krickandick.cpp.o
#25 12.46 [946/1829] Building CXX object src/server/scripts/CMakeFiles/scripts.dir/Northrend/FrozenHalls/PitOfSaron/boss_scourgelord_tyrannus.cpp.o
#25 12.46 [947/1829] Building CXX object src/server/scripts/CMakeFiles/scripts.dir/Northrend/FrozenHalls/PitOfSaron/instance_pit_of_saron.cpp.o
#25 12.46 [948/1829] Building CXX object src/server/scripts/CMakeFiles/scripts.dir/Northrend/FrozenHalls/PitOfSaron/pit_of_saron.cpp.o
#25 12.46 [949/1829] Building CXX object src/server/scripts/CMakeFiles/scripts.dir/Northrend/Gundrak/boss_drakkari_colossus.cpp.o
#25 12.47 [950/1829] Building CXX object src/server/scripts/CMakeFiles/scripts.dir/Northrend/Gundrak/boss_eck.cpp.o
#25 12.47 [951/1829] Building CXX object src/server/scripts/CMakeFiles/scripts.dir/Northrend/Gundrak/boss_gal_darah.cpp.o
#25 12.47 [952/1829] Building CXX object src/server/scripts/CMakeFiles/scripts.dir/Northrend/Gundrak/boss_moorabi.cpp.o
#25 12.47 [953/1829] Building CXX object src/server/scripts/CMakeFiles/scripts.dir/Northrend/Gundrak/boss_slad_ran.cpp.o
#25 12.47 [954/1829] Building CXX object src/server/scripts/CMakeFiles/scripts.dir/Northrend/Gundrak/instance_gundrak.cpp.o
#25 12.47 [955/1829] Building CXX object src/server/scripts/CMakeFiles/scripts.dir/Northrend/IcecrownCitadel/boss_blood_prince_council.cpp.o
#25 12.48 [956/1829] Building CXX object src/server/scripts/CMakeFiles/scripts.dir/Northrend/IcecrownCitadel/boss_blood_queen_lana_thel.cpp.o
#25 12.48 [957/1829] Building CXX object src/server/scripts/CMakeFiles/scripts.dir/Northrend/IcecrownCitadel/boss_festergut.cpp.o
#25 12.48 [958/1829] Building CXX object src/server/scripts/CMakeFiles/scripts.dir/Northrend/IcecrownCitadel/boss_icecrown_gunship_battle.cpp.o
#25 12.48 [959/1829] Building CXX object src/server/scripts/CMakeFiles/scripts.dir/Northrend/IcecrownCitadel/boss_lord_marrowgar.cpp.o
#25 12.49 [960/1829] Building CXX object src/server/scripts/CMakeFiles/scripts.dir/Northrend/IcecrownCitadel/boss_professor_putricide.cpp.o
#25 12.49 [961/1829] Building CXX object src/server/scripts/CMakeFiles/scripts.dir/Northrend/IcecrownCitadel/boss_rotface.cpp.o
#25 12.49 [962/1829] Building CXX object src/server/scripts/CMakeFiles/scripts.dir/Northrend/IcecrownCitadel/boss_sindragosa.cpp.o
#25 12.50 [963/1829] Building CXX object src/server/scripts/CMakeFiles/scripts.dir/Northrend/IcecrownCitadel/boss_valithria_dreamwalker.cpp.o
#25 12.50 [964/1829] Building CXX object src/server/scripts/CMakeFiles/scripts.dir/Northrend/IcecrownCitadel/icecrown_citadel_teleport.cpp.o
#25 12.50 [965/1829] Building CXX object src/server/scripts/CMakeFiles/scripts.dir/Northrend/IcecrownCitadel/boss_deathbringer_saurfang.cpp.o
#25 12.50 [966/1829] Building CXX object src/server/scripts/CMakeFiles/scripts.dir/Northrend/IcecrownCitadel/boss_lady_deathwhisper.cpp.o
#25 12.50 [967/1829] Building CXX object src/server/scripts/CMakeFiles/scripts.dir/Northrend/IcecrownCitadel/boss_the_lich_king.cpp.o
#25 12.50 [968/1829] Building CXX object src/server/scripts/CMakeFiles/scripts.dir/Northrend/IcecrownCitadel/instance_icecrown_citadel.cpp.o
#25 12.51 [969/1829] Building CXX object src/server/scripts/CMakeFiles/scripts.dir/Northrend/Naxxramas/boss_faerlina.cpp.o
#25 12.51 [970/1829] Building CXX object src/server/scripts/CMakeFiles/scripts.dir/Northrend/IcecrownCitadel/icecrown_citadel.cpp.o
#25 12.51 [971/1829] Building CXX object src/server/scripts/CMakeFiles/scripts.dir/Northrend/Naxxramas/boss_anubrekhan.cpp.o
#25 12.51 [972/1829] Building CXX object src/server/scripts/CMakeFiles/scripts.dir/Northrend/Naxxramas/boss_four_horsemen.cpp.o
#25 12.51 [973/1829] Building CXX object src/server/scripts/CMakeFiles/scripts.dir/Northrend/Naxxramas/boss_gluth.cpp.o
#25 12.51 [974/1829] Building CXX object src/server/scripts/CMakeFiles/scripts.dir/Northrend/Naxxramas/boss_gothik.cpp.o
#25 12.52 [975/1829] Building CXX object src/server/scripts/CMakeFiles/scripts.dir/Northrend/Naxxramas/boss_grobbulus.cpp.o
#25 12.52 [976/1829] Building CXX object src/server/scripts/CMakeFiles/scripts.dir/Northrend/Naxxramas/boss_heigan.cpp.o
#25 12.52 [977/1829] Building CXX object src/server/scripts/CMakeFiles/scripts.dir/Northrend/Naxxramas/boss_loatheb.cpp.o
#25 12.52 [978/1829] Building CXX object src/server/scripts/CMakeFiles/scripts.dir/Northrend/Naxxramas/boss_kelthuzad.cpp.o
#25 12.53 [979/1829] Building CXX object src/server/scripts/CMakeFiles/scripts.dir/Northrend/Naxxramas/boss_noth.cpp.o
#25 12.53 [980/1829] Building CXX object src/server/scripts/CMakeFiles/scripts.dir/Northrend/Naxxramas/boss_maexxna.cpp.o
#25 12.53 [981/1829] Building CXX object src/server/scripts/CMakeFiles/scripts.dir/Northrend/Naxxramas/boss_patchwerk.cpp.o
#25 12.53 [982/1829] Building CXX object src/server/scripts/CMakeFiles/scripts.dir/Northrend/Naxxramas/boss_razuvious.cpp.o
#25 12.53 [983/1829] Building CXX object src/server/scripts/CMakeFiles/scripts.dir/Northrend/Naxxramas/boss_sapphiron.cpp.o
#25 12.53 [984/1829] Building CXX object src/server/scripts/CMakeFiles/scripts.dir/Northrend/Naxxramas/boss_thaddius.cpp.o
#25 12.54 [985/1829] Building CXX object src/server/scripts/CMakeFiles/scripts.dir/Northrend/Naxxramas/instance_naxxramas.cpp.o
#25 12.54 [986/1829] Building CXX object src/server/scripts/CMakeFiles/scripts.dir/Northrend/Nexus/Nexus/boss_anomalus.cpp.o
#25 12.54 [987/1829] Building CXX object src/server/scripts/CMakeFiles/scripts.dir/Northrend/Nexus/Nexus/boss_commander_stoutbeard_kolurg.cpp.o
#25 12.54 [988/1829] Building CXX object src/server/scripts/CMakeFiles/scripts.dir/Northrend/Nexus/EyeOfEternity/boss_malygos.cpp.o
#25 12.54 [989/1829] Building CXX object src/server/scripts/CMakeFiles/scripts.dir/Northrend/Nexus/EyeOfEternity/instance_eye_of_eternity.cpp.o
#25 12.55 [990/1829] Building CXX object src/server/scripts/CMakeFiles/scripts.dir/Northrend/Nexus/Nexus/boss_keristrasza.cpp.o
#25 12.55 [991/1829] Building CXX object src/server/scripts/CMakeFiles/scripts.dir/Northrend/Nexus/Nexus/boss_magus_telestra.cpp.o
#25 12.55 [992/1829] Building CXX object src/server/scripts/CMakeFiles/scripts.dir/Northrend/Nexus/Nexus/boss_ormorok.cpp.o
#25 12.55 [993/1829] Building CXX object src/server/scripts/CMakeFiles/scripts.dir/Northrend/Nexus/Nexus/instance_nexus.cpp.o
#25 12.56 [994/1829] Building CXX object src/server/scripts/CMakeFiles/scripts.dir/Northrend/Nexus/Oculus/boss_drakos.cpp.o
#25 12.56 [995/1829] Building CXX object src/server/scripts/CMakeFiles/scripts.dir/Northrend/Nexus/Oculus/boss_eregos.cpp.o
#25 12.56 [996/1829] Building CXX object src/server/scripts/CMakeFiles/scripts.dir/Northrend/Nexus/Oculus/boss_urom.cpp.o
#25 12.56 [997/1829] Building CXX object src/server/scripts/CMakeFiles/scripts.dir/Northrend/Nexus/Oculus/boss_varos.cpp.o
#25 12.56 [998/1829] Building CXX object src/server/scripts/CMakeFiles/scripts.dir/Northrend/Nexus/Oculus/instance_oculus.cpp.o
#25 12.56 [999/1829] Building CXX object src/server/scripts/CMakeFiles/scripts.dir/Northrend/Nexus/Oculus/oculus.cpp.o
#25 12.57 [1000/1829] Building CXX object src/server/scripts/CMakeFiles/scripts.dir/Northrend/Ulduar/HallsOfLightning/boss_bjarngrim.cpp.o
#25 12.57 [1001/1829] Building CXX object src/server/scripts/CMakeFiles/scripts.dir/Northrend/Ulduar/HallsOfLightning/boss_ionar.cpp.o
#25 12.57 [1002/1829] Building CXX object src/server/scripts/CMakeFiles/scripts.dir/Northrend/Ulduar/HallsOfLightning/boss_loken.cpp.o
#25 12.57 [1003/1829] Building CXX object src/server/scripts/CMakeFiles/scripts.dir/Northrend/Ulduar/HallsOfLightning/boss_volkhan.cpp.o
#25 12.57 [1004/1829] Building CXX object src/server/scripts/CMakeFiles/scripts.dir/Northrend/Ulduar/HallsOfStone/boss_krystallus.cpp.o
#25 12.58 [1005/1829] Building CXX object src/server/scripts/CMakeFiles/scripts.dir/Northrend/Ulduar/HallsOfStone/boss_maiden_of_grief.cpp.o
#25 12.58 [1006/1829] Building CXX object src/server/scripts/CMakeFiles/scripts.dir/Northrend/Ulduar/HallsOfLightning/instance_halls_of_lightning.cpp.o
#25 12.58 [1007/1829] Building CXX object src/server/scripts/CMakeFiles/scripts.dir/Northrend/Ulduar/HallsOfStone/boss_sjonnir.cpp.o
#25 12.58 [1008/1829] Building CXX object src/server/scripts/CMakeFiles/scripts.dir/Northrend/Ulduar/HallsOfStone/instance_halls_of_stone.cpp.o
#25 12.58 [1009/1829] Building CXX object src/server/scripts/CMakeFiles/scripts.dir/Northrend/Ulduar/HallsOfStone/brann_bronzebeard.cpp.o
#25 12.59 [1010/1829] Building CXX object src/server/scripts/CMakeFiles/scripts.dir/Northrend/Ulduar/Ulduar/boss_algalon_the_observer.cpp.o
#25 12.59 [1011/1829] Building CXX object src/server/scripts/CMakeFiles/scripts.dir/Northrend/Ulduar/Ulduar/boss_assembly_of_iron.cpp.o
#25 12.59 [1012/1829] Building CXX object src/server/scripts/CMakeFiles/scripts.dir/Northrend/Ulduar/Ulduar/boss_auriaya.cpp.o
#25 12.59 [1013/1829] Building CXX object src/server/scripts/CMakeFiles/scripts.dir/Northrend/Ulduar/Ulduar/boss_flame_leviathan.cpp.o
#25 12.59 [1014/1829] Building CXX object src/server/scripts/CMakeFiles/scripts.dir/Northrend/Ulduar/Ulduar/boss_freya.cpp.o
#25 12.60 [1015/1829] Building CXX object src/server/scripts/CMakeFiles/scripts.dir/Northrend/Ulduar/Ulduar/boss_general_vezax.cpp.o
#25 12.60 [1016/1829] Building CXX object src/server/scripts/CMakeFiles/scripts.dir/Northrend/Ulduar/Ulduar/boss_hodir.cpp.o
#25 12.60 [1017/1829] Building CXX object src/server/scripts/CMakeFiles/scripts.dir/Northrend/Ulduar/Ulduar/boss_ignis.cpp.o
#25 12.60 [1018/1829] Building CXX object src/server/scripts/CMakeFiles/scripts.dir/Northrend/Ulduar/Ulduar/boss_kologarn.cpp.o
#25 12.61 [1019/1829] Building CXX object src/server/scripts/CMakeFiles/scripts.dir/Northrend/Ulduar/Ulduar/boss_mimiron.cpp.o
#25 12.61 [1020/1829] Building CXX object src/server/scripts/CMakeFiles/scripts.dir/Northrend/Ulduar/Ulduar/boss_razorscale.cpp.o
#25 12.61 [1021/1829] Building CXX object src/server/scripts/CMakeFiles/scripts.dir/Northrend/Ulduar/Ulduar/boss_thorim.cpp.o
#25 12.61 [1022/1829] Building CXX object src/server/scripts/CMakeFiles/scripts.dir/Northrend/Ulduar/Ulduar/boss_xt002.cpp.o
#25 12.61 [1023/1829] Building CXX object src/server/scripts/CMakeFiles/scripts.dir/Northrend/Ulduar/Ulduar/instance_ulduar.cpp.o
#25 12.62 [1024/1829] Building CXX object src/server/scripts/CMakeFiles/scripts.dir/Northrend/Ulduar/Ulduar/boss_yoggsaron.cpp.o
#25 12.62 [1025/1829] Building CXX object src/server/scripts/CMakeFiles/scripts.dir/Northrend/Ulduar/Ulduar/ulduar.cpp.o
#25 12.62 [1026/1829] Building CXX object src/server/scripts/CMakeFiles/scripts.dir/Northrend/UtgardeKeep/UtgardeKeep/boss_ingvar_the_plunderer.cpp.o
#25 12.62 [1027/1829] Building CXX object src/server/scripts/CMakeFiles/scripts.dir/Northrend/UtgardeKeep/UtgardeKeep/boss_keleseth.cpp.o
#25 12.62 [1028/1829] Building CXX object src/server/scripts/CMakeFiles/scripts.dir/Northrend/UtgardeKeep/UtgardeKeep/boss_skarvald_dalronn.cpp.o
#25 12.62 [1029/1829] Building CXX object src/server/scripts/CMakeFiles/scripts.dir/Northrend/UtgardeKeep/UtgardeKeep/instance_utgarde_keep.cpp.o
#25 12.63 [1030/1829] Building CXX object src/server/scripts/CMakeFiles/scripts.dir/Northrend/UtgardeKeep/UtgardeKeep/utgarde_keep.cpp.o
#25 12.63 [1031/1829] Building CXX object src/server/scripts/CMakeFiles/scripts.dir/Northrend/UtgardeKeep/UtgardePinnacle/boss_palehoof.cpp.o
#25 12.63 [1032/1829] Building CXX object src/server/scripts/CMakeFiles/scripts.dir/Northrend/UtgardeKeep/UtgardePinnacle/boss_ymiron.cpp.o
#25 12.63 [1033/1829] Building CXX object src/server/scripts/CMakeFiles/scripts.dir/Northrend/UtgardeKeep/UtgardePinnacle/boss_svala.cpp.o
#25 12.63 [1034/1829] Building CXX object src/server/scripts/CMakeFiles/scripts.dir/Northrend/UtgardeKeep/UtgardePinnacle/boss_skadi.cpp.o
#25 12.64 [1035/1829] Building CXX object src/server/scripts/CMakeFiles/scripts.dir/Northrend/UtgardeKeep/UtgardePinnacle/instance_utgarde_pinnacle.cpp.o
#25 12.64 [1036/1829] Building CXX object src/server/scripts/CMakeFiles/scripts.dir/Northrend/UtgardeKeep/UtgardePinnacle/utgarde_pinnacle.cpp.o
#25 12.64 [1037/1829] Building CXX object src/server/scripts/CMakeFiles/scripts.dir/Northrend/VaultOfArchavon/boss_archavon.cpp.o
#25 12.64 [1038/1829] Building CXX object src/server/scripts/CMakeFiles/scripts.dir/Northrend/VaultOfArchavon/boss_emalon.cpp.o
#25 12.64 [1039/1829] Building CXX object src/server/scripts/CMakeFiles/scripts.dir/Northrend/VaultOfArchavon/instance_vault_of_archavon.cpp.o
#25 12.64 [1040/1829] Building CXX object src/server/scripts/CMakeFiles/scripts.dir/Northrend/VaultOfArchavon/boss_toravon.cpp.o
#25 12.65 [1041/1829] Building CXX object src/server/scripts/CMakeFiles/scripts.dir/Northrend/VioletHold/boss_ichoron.cpp.o
#25 12.65 [1042/1829] Building CXX object src/server/scripts/CMakeFiles/scripts.dir/Northrend/VioletHold/boss_moragg.cpp.o
#25 12.65 [1043/1829] Building CXX object src/server/scripts/CMakeFiles/scripts.dir/Northrend/VioletHold/boss_xevozz.cpp.o
#25 12.66 [1044/1829] Building CXX object src/server/scripts/CMakeFiles/scripts.dir/Northrend/VioletHold/instance_violet_hold.cpp.o
#25 12.66 [1045/1829] Building CXX object src/server/scripts/CMakeFiles/scripts.dir/OutdoorPvP/OutdoorPvPEP.cpp.o
#25 12.66 [1046/1829] Building CXX object src/server/scripts/CMakeFiles/scripts.dir/OutdoorPvP/OutdoorPvPGH.cpp.o
#25 12.66 [1047/1829] Building CXX object src/server/scripts/CMakeFiles/scripts.dir/OutdoorPvP/OutdoorPvPHP.cpp.o
#25 12.67 [1048/1829] Building CXX object src/server/scripts/CMakeFiles/scripts.dir/Northrend/VioletHold/boss_zuramat.cpp.o
#25 12.67 [1049/1829] Building CXX object src/server/scripts/CMakeFiles/scripts.dir/OutdoorPvP/OutdoorPvPNA.cpp.o
#25 12.67 [1050/1829] Building CXX object src/server/scripts/CMakeFiles/scripts.dir/OutdoorPvP/OutdoorPvPTF.cpp.o
#25 12.68 [1051/1829] Building CXX object src/server/scripts/CMakeFiles/scripts.dir/OutdoorPvP/outdoorpvp_script_loader.cpp.o
#25 12.68 [1052/1829] Building CXX object src/server/scripts/CMakeFiles/scripts.dir/Outland/boss_doomlord_kazzak.cpp.o
#25 12.68 [1053/1829] Building CXX object src/server/scripts/CMakeFiles/scripts.dir/Outland/boss_doomwalker.cpp.o
#25 12.68 [1054/1829] Building CXX object src/server/scripts/CMakeFiles/scripts.dir/Outland/outland_script_loader.cpp.o
#25 12.69 [1055/1829] Building CXX object src/server/scripts/CMakeFiles/scripts.dir/Outland/zone_blades_edge_mountains.cpp.o
#25 12.69 [1056/1829] Building CXX object src/server/scripts/CMakeFiles/scripts.dir/Outland/zone_nagrand.cpp.o
#25 12.70 [1057/1829] Building CXX object src/server/scripts/CMakeFiles/scripts.dir/Outland/zone_netherstorm.cpp.o
#25 12.70 [1058/1829] Building CXX object src/server/scripts/CMakeFiles/scripts.dir/Outland/zone_shadowmoon_valley.cpp.o
#25 12.70 [1059/1829] Building CXX object src/server/scripts/CMakeFiles/scripts.dir/Outland/zone_shattrath_city.cpp.o
#25 12.71 [1060/1829] Building CXX object src/server/scripts/CMakeFiles/scripts.dir/Outland/zone_terokkar_forest.cpp.o
#25 12.71 [1061/1829] Building CXX object src/server/scripts/CMakeFiles/scripts.dir/Outland/Auchindoun/AuchenaiCrypts/boss_exarch_maladaar.cpp.o
#25 12.71 [1062/1829] Building CXX object src/server/scripts/CMakeFiles/scripts.dir/Outland/Auchindoun/AuchenaiCrypts/boss_shirrak_the_dead_watcher.cpp.o
#25 12.72 [1063/1829] Building CXX object src/server/scripts/CMakeFiles/scripts.dir/Outland/Auchindoun/ManaTombs/boss_nexusprince_shaffar.cpp.o
#25 12.72 [1064/1829] Building CXX object src/server/scripts/CMakeFiles/scripts.dir/Outland/Auchindoun/ManaTombs/boss_pandemonius.cpp.o
#25 12.73 [1065/1829] Building CXX object src/server/scripts/CMakeFiles/scripts.dir/Outland/Auchindoun/ManaTombs/boss_tavarok.cpp.o
#25 12.73 [1066/1829] Building CXX object src/server/scripts/CMakeFiles/scripts.dir/Outland/Auchindoun/ManaTombs/instance_mana_tombs.cpp.o
#25 12.73 [1067/1829] Building CXX object src/server/scripts/CMakeFiles/scripts.dir/Outland/Auchindoun/SethekkHalls/boss_darkweaver_syth.cpp.o
#25 12.73 [1068/1829] Building CXX object src/server/scripts/CMakeFiles/scripts.dir/Outland/Auchindoun/SethekkHalls/boss_anzu.cpp.o
#25 12.74 [1069/1829] Building CXX object src/server/scripts/CMakeFiles/scripts.dir/Outland/Auchindoun/SethekkHalls/boss_talon_king_ikiss.cpp.o
#25 12.74 [1070/1829] Building CXX object src/server/scripts/CMakeFiles/scripts.dir/Outland/Auchindoun/SethekkHalls/instance_sethekk_halls.cpp.o
#25 12.75 [1071/1829] Building CXX object src/server/scripts/CMakeFiles/scripts.dir/Outland/Auchindoun/ShadowLabyrinth/boss_ambassador_hellmaw.cpp.o
#25 12.75 [1072/1829] Building CXX object src/server/scripts/CMakeFiles/scripts.dir/Outland/Auchindoun/ShadowLabyrinth/boss_blackheart_the_inciter.cpp.o
#25 12.75 [1073/1829] Building CXX object src/server/scripts/CMakeFiles/scripts.dir/Outland/Auchindoun/ShadowLabyrinth/boss_grandmaster_vorpil.cpp.o
#25 12.76 [1074/1829] Building CXX object src/server/scripts/CMakeFiles/scripts.dir/Outland/Auchindoun/ShadowLabyrinth/boss_murmur.cpp.o
#25 12.77 [1075/1829] Building CXX object src/server/scripts/CMakeFiles/scripts.dir/Outland/Auchindoun/ShadowLabyrinth/instance_shadow_labyrinth.cpp.o
#25 12.77 [1076/1829] Building CXX object src/server/scripts/CMakeFiles/scripts.dir/Outland/BlackTemple/boss_bloodboil.cpp.o
#25 12.77 [1077/1829] Building CXX object src/server/scripts/CMakeFiles/scripts.dir/Northrend/VaultOfArchavon/boss_koralon.cpp.o
#25 12.77 [1078/1829] Building CXX object src/server/scripts/CMakeFiles/scripts.dir/Northrend/VioletHold/boss_cyanigosa.cpp.o
#25 12.77 [1079/1829] Building CXX object src/server/scripts/CMakeFiles/scripts.dir/Northrend/VioletHold/boss_erekem.cpp.o
#25 12.77 [1080/1829] Building CXX object src/server/scripts/CMakeFiles/scripts.dir/Northrend/VioletHold/boss_lavanthor.cpp.o
#25 12.77 [1081/1829] Building CXX object src/server/scripts/CMakeFiles/scripts.dir/Northrend/VioletHold/violet_hold.cpp.o
#25 12.78 [1082/1829] Building CXX object src/server/scripts/CMakeFiles/scripts.dir/Outland/BlackTemple/boss_illidan.cpp.o
#25 12.78 [1083/1829] Building CXX object src/server/scripts/CMakeFiles/scripts.dir/Outland/BlackTemple/boss_illidari_council.cpp.o
#25 12.78 [1084/1829] Building CXX object src/server/scripts/CMakeFiles/scripts.dir/OutdoorPvP/OutdoorPvPSI.cpp.o
#25 12.91 [1085/1829] Building CXX object src/server/scripts/CMakeFiles/scripts.dir/OutdoorPvP/OutdoorPvPZM.cpp.o
#25 13.11 [1086/1829] Building CXX object src/server/scripts/CMakeFiles/scripts.dir/Outland/zone_hellfire_peninsula.cpp.o
#25 13.11 [1087/1829] Building CXX object src/server/scripts/CMakeFiles/scripts.dir/Outland/Auchindoun/AuchenaiCrypts/instance_auchenai_crypts.cpp.o
#25 13.12 [1088/1829] Building CXX object src/server/scripts/CMakeFiles/scripts.dir/Outland/BlackTemple/boss_reliquary_of_souls.cpp.o
#25 13.12 [1089/1829] Building CXX object src/server/scripts/CMakeFiles/scripts.dir/Outland/BlackTemple/boss_shade_of_akama.cpp.o
#25 13.12 [1090/1829] Building CXX object src/server/scripts/CMakeFiles/scripts.dir/Outland/BlackTemple/boss_supremus.cpp.o
#25 13.12 [1091/1829] Building CXX object src/server/scripts/CMakeFiles/scripts.dir/Outland/BlackTemple/boss_teron_gorefiend.cpp.o
#25 13.12 [1092/1829] Building CXX object src/server/scripts/CMakeFiles/scripts.dir/Outland/BlackTemple/boss_warlord_najentus.cpp.o
#25 13.12 [1093/1829] Building CXX object src/server/scripts/CMakeFiles/scripts.dir/Outland/CoilfangReservoir/SerpentShrine/boss_hydross_the_unstable.cpp.o
#25 13.12 [1094/1829] Building CXX object src/server/scripts/CMakeFiles/scripts.dir/Outland/CoilfangReservoir/SerpentShrine/boss_lady_vashj.cpp.o
#25 13.13 [1095/1829] Building CXX object src/server/scripts/CMakeFiles/scripts.dir/Outland/CoilfangReservoir/SerpentShrine/boss_leotheras_the_blind.cpp.o
#25 13.13 [1096/1829] Building CXX object src/server/scripts/CMakeFiles/scripts.dir/Outland/CoilfangReservoir/SerpentShrine/boss_lurker_below.cpp.o
#25 13.13 [1097/1829] Building CXX object src/server/scripts/CMakeFiles/scripts.dir/Outland/BlackTemple/boss_mother_shahraz.cpp.o
#25 13.13 [1098/1829] Building CXX object src/server/scripts/CMakeFiles/scripts.dir/Outland/BlackTemple/instance_black_temple.cpp.o
#25 13.13 [1099/1829] Building CXX object src/server/scripts/CMakeFiles/scripts.dir/Outland/CoilfangReservoir/SerpentShrine/boss_fathomlord_karathress.cpp.o
#25 13.13 [1100/1829] Building CXX object src/server/scripts/CMakeFiles/scripts.dir/Outland/CoilfangReservoir/SerpentShrine/boss_morogrim_tidewalker.cpp.o
#25 13.14 [1101/1829] Building CXX object src/server/scripts/CMakeFiles/scripts.dir/Outland/CoilfangReservoir/SlavePens/boss_mennu_the_betrayer.cpp.o
#25 13.14 [1102/1829] Building CXX object src/server/scripts/CMakeFiles/scripts.dir/Outland/CoilfangReservoir/SerpentShrine/instance_serpent_shrine.cpp.o
#25 13.14 [1103/1829] Building CXX object src/server/scripts/CMakeFiles/scripts.dir/Outland/CoilfangReservoir/SlavePens/boss_quagmirran.cpp.o
#25 13.14 [1104/1829] Building CXX object src/server/scripts/CMakeFiles/scripts.dir/Outland/CoilfangReservoir/SlavePens/boss_ahune.cpp.o
#25 13.15 [1105/1829] Building CXX object src/server/scripts/CMakeFiles/scripts.dir/Outland/CoilfangReservoir/SlavePens/boss_rokmar_the_crackler.cpp.o
#25 13.15 [1106/1829] Building CXX object src/server/scripts/CMakeFiles/scripts.dir/Outland/CoilfangReservoir/SlavePens/instance_the_slave_pens.cpp.o
#25 13.15 [1107/1829] Building CXX object src/server/scripts/CMakeFiles/scripts.dir/Outland/CoilfangReservoir/SlavePens/the_slave_pens.cpp.o
#25 13.15 [1108/1829] Building CXX object src/server/scripts/CMakeFiles/scripts.dir/Outland/CoilfangReservoir/SteamVault/boss_hydromancer_thespia.cpp.o
#25 13.15 [1109/1829] Building CXX object src/server/scripts/CMakeFiles/scripts.dir/Outland/CoilfangReservoir/SteamVault/boss_mekgineer_steamrigger.cpp.o
#25 13.15 [1110/1829] Building CXX object src/server/scripts/CMakeFiles/scripts.dir/Outland/CoilfangReservoir/SteamVault/boss_warlord_kalithresh.cpp.o
#25 13.16 [1111/1829] Building CXX object src/server/scripts/CMakeFiles/scripts.dir/Outland/CoilfangReservoir/SteamVault/instance_steam_vault.cpp.o
#25 13.16 [1112/1829] Building CXX object src/server/scripts/CMakeFiles/scripts.dir/Outland/CoilfangReservoir/underbog/boss_ghazan.cpp.o
#25 13.16 [1113/1829] Building CXX object src/server/scripts/CMakeFiles/scripts.dir/Outland/CoilfangReservoir/underbog/boss_hungarfen.cpp.o
#25 13.16 [1114/1829] Building CXX object src/server/scripts/CMakeFiles/scripts.dir/Outland/CoilfangReservoir/underbog/boss_swamplord_muselek.cpp.o
#25 13.16 [1115/1829] Building CXX object src/server/scripts/CMakeFiles/scripts.dir/Outland/CoilfangReservoir/underbog/boss_the_black_stalker.cpp.o
#25 13.16 [1116/1829] Building CXX object src/server/scripts/CMakeFiles/scripts.dir/Outland/CoilfangReservoir/underbog/instance_the_underbog.cpp.o
#25 13.17 [1117/1829] Building CXX object src/server/scripts/CMakeFiles/scripts.dir/Outland/CoilfangReservoir/underbog/underbog.cpp.o
#25 13.17 [1118/1829] Building CXX object src/server/scripts/CMakeFiles/scripts.dir/Outland/GruulsLair/boss_gruul.cpp.o
#25 13.17 [1119/1829] Building CXX object src/server/scripts/CMakeFiles/scripts.dir/Outland/GruulsLair/instance_gruuls_lair.cpp.o
#25 13.17 [1120/1829] Building CXX object src/server/scripts/CMakeFiles/scripts.dir/Outland/GruulsLair/boss_high_king_maulgar.cpp.o
#25 13.17 [1121/1829] Building CXX object src/server/scripts/CMakeFiles/scripts.dir/Outland/HellfireCitadel/BloodFurnace/boss_kelidan_the_breaker.cpp.o
#25 13.17 [1122/1829] Building CXX object src/server/scripts/CMakeFiles/scripts.dir/Outland/HellfireCitadel/BloodFurnace/boss_broggok.cpp.o
#25 13.18 [1123/1829] Building CXX object src/server/scripts/CMakeFiles/scripts.dir/Outland/HellfireCitadel/BloodFurnace/boss_the_maker.cpp.o
#25 13.18 [1124/1829] Building CXX object src/server/scripts/CMakeFiles/scripts.dir/Outland/HellfireCitadel/BloodFurnace/instance_blood_furnace.cpp.o
#25 13.18 [1125/1829] Building CXX object src/server/scripts/CMakeFiles/scripts.dir/Outland/HellfireCitadel/HellfireRamparts/boss_omor_the_unscarred.cpp.o
#25 13.18 [1126/1829] Building CXX object src/server/scripts/CMakeFiles/scripts.dir/Outland/HellfireCitadel/HellfireRamparts/boss_vazruden_the_herald.cpp.o
#25 13.19 [1127/1829] Building CXX object src/server/scripts/CMakeFiles/scripts.dir/Outland/HellfireCitadel/HellfireRamparts/boss_watchkeeper_gargolmar.cpp.o
#25 13.19 [1128/1829] Building CXX object src/server/scripts/CMakeFiles/scripts.dir/Outland/HellfireCitadel/HellfireRamparts/instance_hellfire_ramparts.cpp.o
#25 13.19 [1129/1829] Building CXX object src/server/scripts/CMakeFiles/scripts.dir/Outland/HellfireCitadel/MagtheridonsLair/boss_magtheridon.cpp.o
#25 13.19 [1130/1829] Building CXX object src/server/scripts/CMakeFiles/scripts.dir/Outland/HellfireCitadel/MagtheridonsLair/instance_magtheridons_lair.cpp.o
#25 13.19 [1131/1829] Building CXX object src/server/scripts/CMakeFiles/scripts.dir/Outland/HellfireCitadel/ShatteredHalls/boss_nethekurse.cpp.o
#25 13.20 [1132/1829] Building CXX object src/server/scripts/CMakeFiles/scripts.dir/Outland/HellfireCitadel/ShatteredHalls/boss_porung.cpp.o
#25 13.20 [1133/1829] Building CXX object src/server/scripts/CMakeFiles/scripts.dir/Outland/HellfireCitadel/ShatteredHalls/boss_warbringer_omrogg.cpp.o
#25 13.20 [1134/1829] Building CXX object src/server/scripts/CMakeFiles/scripts.dir/Outland/HellfireCitadel/ShatteredHalls/boss_warchief_kargath_bladefist.cpp.o
#25 13.20 [1135/1829] Building CXX object src/server/scripts/CMakeFiles/scripts.dir/Outland/HellfireCitadel/ShatteredHalls/instance_shattered_halls.cpp.o
#25 13.20 [1136/1829] Building CXX object src/server/scripts/CMakeFiles/scripts.dir/Outland/TempestKeep/Eye/boss_alar.cpp.o
#25 13.20 [1137/1829] Building CXX object src/server/scripts/CMakeFiles/scripts.dir/Outland/TempestKeep/Eye/boss_astromancer.cpp.o
#25 13.21 [1138/1829] Building CXX object src/server/scripts/CMakeFiles/scripts.dir/Outland/TempestKeep/Eye/boss_void_reaver.cpp.o
#25 13.21 [1139/1829] Building CXX object src/server/scripts/CMakeFiles/scripts.dir/Outland/TempestKeep/Eye/boss_kaelthas.cpp.o
#25 13.21 [1140/1829] Building CXX object src/server/scripts/CMakeFiles/scripts.dir/Outland/TempestKeep/Eye/instance_the_eye.cpp.o
#25 13.21 [1141/1829] Building CXX object src/server/scripts/CMakeFiles/scripts.dir/Outland/TempestKeep/Mechanar/boss_gatewatcher_gyrokill.cpp.o
#25 13.21 [1142/1829] Building CXX object src/server/scripts/CMakeFiles/scripts.dir/Outland/TempestKeep/Mechanar/boss_gatewatcher_ironhand.cpp.o
#25 13.21 [1143/1829] Building CXX object src/server/scripts/CMakeFiles/scripts.dir/Outland/TempestKeep/Mechanar/boss_nethermancer_sepethrea.cpp.o
#25 13.22 [1144/1829] Building CXX object src/server/scripts/CMakeFiles/scripts.dir/Outland/TempestKeep/Mechanar/boss_mechano_lord_capacitus.cpp.o
#25 13.22 [1145/1829] Building CXX object src/server/scripts/CMakeFiles/scripts.dir/Outland/TempestKeep/Mechanar/boss_pathaleon_the_calculator.cpp.o
#25 13.22 [1146/1829] Building CXX object src/server/scripts/CMakeFiles/scripts.dir/Outland/TempestKeep/Mechanar/instance_mechanar.cpp.o
#25 13.22 [1147/1829] Building CXX object src/server/scripts/CMakeFiles/scripts.dir/Outland/TempestKeep/arcatraz/arcatraz.cpp.o
#25 13.22 [1148/1829] Building CXX object src/server/scripts/CMakeFiles/scripts.dir/Outland/TempestKeep/arcatraz/boss_dalliah_the_doomsayer.cpp.o
#25 13.23 [1149/1829] Building CXX object src/server/scripts/CMakeFiles/scripts.dir/Outland/TempestKeep/arcatraz/boss_harbinger_skyriss.cpp.o
#25 13.23 [1150/1829] Building CXX object src/server/scripts/CMakeFiles/scripts.dir/Outland/TempestKeep/arcatraz/boss_wrath_scryer_soccothrates.cpp.o
#25 13.23 [1151/1829] Building CXX object src/server/scripts/CMakeFiles/scripts.dir/Outland/TempestKeep/arcatraz/boss_zereketh_the_unbound.cpp.o
#25 13.23 [1152/1829] Building CXX object src/server/scripts/CMakeFiles/scripts.dir/Outland/TempestKeep/arcatraz/instance_arcatraz.cpp.o
#25 13.23 [1153/1829] Building CXX object src/server/scripts/CMakeFiles/scripts.dir/Outland/TempestKeep/botanica/boss_high_botanist_freywinn.cpp.o
#25 13.23 [1154/1829] Building CXX object src/server/scripts/CMakeFiles/scripts.dir/Outland/TempestKeep/botanica/boss_commander_sarannis.cpp.o
#25 13.24 [1155/1829] Building CXX object src/server/scripts/CMakeFiles/scripts.dir/Outland/TempestKeep/botanica/boss_laj.cpp.o
#25 13.24 [1156/1829] Building CXX object src/server/scripts/CMakeFiles/scripts.dir/Outland/TempestKeep/botanica/boss_thorngrin_the_tender.cpp.o
#25 13.24 [1157/1829] Building CXX object src/server/scripts/CMakeFiles/scripts.dir/Outland/TempestKeep/botanica/boss_warp_splinter.cpp.o
#25 13.24 [1158/1829] Building CXX object src/server/scripts/CMakeFiles/scripts.dir/Outland/TempestKeep/botanica/instance_the_botanica.cpp.o
#25 13.24 [1159/1829] Building CXX object src/server/scripts/CMakeFiles/scripts.dir/Pet/pet_dk.cpp.o
#25 13.25 [1160/1829] Building CXX object src/server/scripts/CMakeFiles/scripts.dir/Pet/pet_generic.cpp.o
#25 13.25 [1161/1829] Building CXX object src/server/scripts/CMakeFiles/scripts.dir/Pet/pet_hunter.cpp.o
#25 13.25 [1162/1829] Building CXX object src/server/scripts/CMakeFiles/scripts.dir/Pet/pet_mage.cpp.o
#25 13.25 [1163/1829] Building CXX object src/server/scripts/CMakeFiles/scripts.dir/Pet/pet_priest.cpp.o
#25 13.25 [1164/1829] Building CXX object src/server/scripts/CMakeFiles/scripts.dir/Pet/pet_shaman.cpp.o
#25 13.26 [1165/1829] Building CXX object src/server/scripts/CMakeFiles/scripts.dir/Pet/pets_script_loader.cpp.o
#25 13.26 [1166/1829] Building CXX object src/server/scripts/CMakeFiles/scripts.dir/Spells/spell_druid.cpp.o
#25 13.26 [1167/1829] Building CXX object src/server/scripts/CMakeFiles/scripts.dir/Spells/spell_dk.cpp.o
#25 13.26 [1168/1829] Building CXX object src/server/scripts/CMakeFiles/scripts.dir/Spells/spell_hunter.cpp.o
#25 13.27 [1169/1829] Building CXX object src/server/scripts/CMakeFiles/scripts.dir/Spells/spell_generic.cpp.o
#25 13.27 [1170/1829] Building CXX object src/server/scripts/CMakeFiles/scripts.dir/Spells/spell_mage.cpp.o
#25 13.27 [1171/1829] Building CXX object src/server/scripts/CMakeFiles/scripts.dir/Spells/spell_item.cpp.o
#25 13.27 [1172/1829] Building CXX object src/server/scripts/CMakeFiles/scripts.dir/Spells/spell_paladin.cpp.o
#25 13.27 [1173/1829] Building CXX object src/server/scripts/CMakeFiles/scripts.dir/Spells/spell_priest.cpp.o
#25 13.27 [1174/1829] Building CXX object src/server/scripts/CMakeFiles/scripts.dir/Spells/spell_quest.cpp.o
#25 13.28 [1175/1829] Building CXX object src/server/scripts/CMakeFiles/scripts.dir/Spells/spell_rogue.cpp.o
#25 13.28 [1176/1829] Building CXX object src/server/scripts/CMakeFiles/scripts.dir/Spells/spell_shaman.cpp.o
#25 13.28 [1177/1829] Building CXX object src/server/scripts/CMakeFiles/scripts.dir/Spells/spell_warrior.cpp.o
#25 13.28 [1178/1829] Building CXX object src/server/scripts/CMakeFiles/scripts.dir/Spells/spells_script_loader.cpp.o
#25 13.28 [1179/1829] Building CXX object src/server/scripts/CMakeFiles/scripts.dir/Spells/spell_warlock.cpp.o
#25 13.29 [1180/1829] Building CXX object src/server/scripts/CMakeFiles/scripts.dir/World/achievement_scripts.cpp.o
#25 13.29 [1181/1829] Building CXX object src/server/scripts/CMakeFiles/scripts.dir/World/action_ip_logger.cpp.o
#25 13.29 [1182/1829] Building CXX object src/server/scripts/CMakeFiles/scripts.dir/World/areatrigger_scripts.cpp.o
#25 13.29 [1183/1829] Building CXX object src/server/scripts/CMakeFiles/scripts.dir/World/boss_emerald_dragons.cpp.o
#25 13.29 [1184/1829] Building CXX object src/server/scripts/CMakeFiles/scripts.dir/World/chat_log.cpp.o
#25 13.29 [1185/1829] Building CXX object src/server/scripts/CMakeFiles/scripts.dir/World/go_scripts.cpp.o
#25 13.30 [1186/1829] Building CXX object src/server/scripts/CMakeFiles/scripts.dir/World/guards.cpp.o
#25 13.30 [1187/1829] Building CXX object src/server/scripts/CMakeFiles/scripts.dir/World/item_scripts.cpp.o
#25 13.30 [1188/1829] Building CXX object src/server/scripts/CMakeFiles/scripts.dir/World/mob_generic_creature.cpp.o
#25 13.30 [1189/1829] Building CXX object src/server/scripts/CMakeFiles/scripts.dir/World/npc_innkeeper.cpp.o
#25 13.30 [1190/1829] Building CXX object src/server/scripts/CMakeFiles/scripts.dir/World/npc_professions.cpp.o
#25 13.30 [1191/1829] Building CXX object src/server/scripts/CMakeFiles/scripts.dir/World/npc_stave_of_ancients.cpp.o
#25 13.31 [1192/1829] Building CXX object src/server/scripts/CMakeFiles/scripts.dir/World/npc_taxi.cpp.o
#25 13.31 [1193/1829] Building CXX object src/server/scripts/CMakeFiles/scripts.dir/World/player_scripts.cpp.o
#25 13.31 [1194/1829] Building CXX object src/server/scripts/CMakeFiles/scripts.dir/World/npcs_special.cpp.o
#25 13.31 [1195/1829] Building CXX object src/server/scripts/CMakeFiles/scripts.dir/World/server_mail.cpp.o
#25 13.31 [1196/1829] Building CXX object src/server/scripts/CMakeFiles/scripts.dir/World/suns_reach_reclamation.cpp.o
#25 13.31 [1197/1829] Building CXX object src/server/scripts/CMakeFiles/scripts.dir/World/scourge_invasion.cpp.o
#25 13.32 [1198/1829] Building CXX object src/server/scripts/CMakeFiles/scripts.dir/World/transport_zeppelins.cpp.o
#25 13.32 [1199/1829] Building CXX object src/server/scripts/CMakeFiles/scripts.dir/World/world_script_loader.cpp.o
#25 13.32 [1200/1829] Building CXX object src/tools/CMakeFiles/map_extractor.dir/map_extractor/adt.cpp.o
#25 13.32 [1201/1829] Building CXX object src/tools/CMakeFiles/map_extractor.dir/map_extractor/dbcfile.cpp.o
#25 13.32 [1202/1829] Building CXX object src/tools/CMakeFiles/map_extractor.dir/map_extractor/loadlib.cpp.o
#25 13.32 [1203/1829] Building CXX object src/tools/CMakeFiles/map_extractor.dir/map_extractor/System.cpp.o
#25 13.33 [1204/1829] Building CXX object src/tools/CMakeFiles/vmap4_assembler.dir/vmap4_assembler/VMapAssembler.cpp.o
#25 13.33 [1205/1829] Building CXX object src/tools/CMakeFiles/vmap4_extractor.dir/vmap4_extractor/adtfile.cpp.o
#25 13.33 [1206/1829] Building CXX object src/tools/CMakeFiles/vmap4_extractor.dir/vmap4_extractor/dbcfile.cpp.o
#25 13.33 [1207/1829] Building CXX object src/tools/CMakeFiles/vmap4_extractor.dir/vmap4_extractor/gameobject_extract.cpp.o
#25 13.33 [1208/1829] Building CXX object src/tools/CMakeFiles/map_extractor.dir/map_extractor/mpq_libmpq.cpp.o
#25 13.33 [1209/1829] Building CXX object src/tools/CMakeFiles/map_extractor.dir/map_extractor/wdt.cpp.o
#25 13.34 [1210/1829] Building CXX object src/tools/CMakeFiles/mmaps_generator.dir/mmaps_generator/IntermediateValues.cpp.o
#25 13.34 [1211/1829] Building CXX object src/tools/CMakeFiles/mmaps_generator.dir/mmaps_generator/MapBuilder.cpp.o
#25 13.34 [1212/1829] Building CXX object src/tools/CMakeFiles/vmap4_extractor.dir/vmap4_extractor/mpq_libmpq.cpp.o
#25 13.34 [1213/1829] Building CXX object src/tools/CMakeFiles/dbimport.dir/dbimport/Main.cpp.o
#25 13.34 [1214/1829] Building CXX object src/tools/CMakeFiles/mmaps_generator.dir/mmaps_generator/PathGenerator.cpp.o
#25 13.34 [1215/1829] Building CXX object src/tools/CMakeFiles/mmaps_generator.dir/mmaps_generator/TerrainBuilder.cpp.o
#25 13.34 [1216/1829] Building CXX object src/tools/CMakeFiles/vmap4_extractor.dir/vmap4_extractor/model.cpp.o
#25 13.35 [1217/1829] Building CXX object src/tools/CMakeFiles/vmap4_extractor.dir/vmap4_extractor/vmapexport.cpp.o
#25 13.35 [1218/1829] Building CXX object src/tools/CMakeFiles/vmap4_extractor.dir/vmap4_extractor/wdtfile.cpp.o
#25 13.35 [1219/1829] Building CXX object src/tools/CMakeFiles/vmap4_extractor.dir/vmap4_extractor/wmo.cpp.o
#25 13.35 [1220/1829] Building CXX object src/tools/CMakeFiles/mmaps_generator.dir/mmaps_generator/Config.cpp.o
#25 13.36 [1221/1829] Building CXX object modules/CMakeFiles/modules.dir/mod-playerbots/src/Ai/Base/Actions/FollowActions.cpp.o
#25 13.36 [1222/1829] Building CXX object modules/CMakeFiles/modules.dir/mod-playerbots/src/Ai/Base/Actions/GenericActions.cpp.o
#25 13.37 [1223/1829] Building CXX object modules/CMakeFiles/modules.dir/mod-playerbots/src/Ai/Base/Actions/GenericSpellActions.cpp.o
#25 13.37 [1224/1829] Building CXX object modules/CMakeFiles/modules.dir/mod-playerbots/src/Ai/Base/Actions/GiveItemAction.cpp.o
#25 13.37 [1225/1829] Building CXX object modules/CMakeFiles/modules.dir/mod-playerbots/src/Ai/Base/Actions/GossipHelloAction.cpp.o
#25 13.37 [1226/1829] Building CXX object modules/CMakeFiles/modules.dir/mod-playerbots/src/Ai/Base/Actions/GoAction.cpp.o
#25 13.37 [1227/1829] Building CXX object modules/CMakeFiles/modules.dir/mod-playerbots/src/Ai/Base/Actions/GreetAction.cpp.o
#25 13.37 [1228/1829] Building CXX object modules/CMakeFiles/modules.dir/mod-playerbots/src/Ai/Base/Actions/GuildAcceptAction.cpp.o
#25 13.38 [1229/1829] Building CXX object modules/CMakeFiles/modules.dir/mod-playerbots/src/Ai/Base/Actions/GuildBankAction.cpp.o
#25 13.38 [1230/1829] Building CXX object modules/CMakeFiles/modules.dir/mod-playerbots/src/Ai/Base/Actions/GuildCreateActions.cpp.o
#25 13.39 [1231/1829] Building CXX object modules/CMakeFiles/modules.dir/mod-playerbots/src/Ai/Base/Actions/GuildManagementActions.cpp.o
#25 13.39 [1232/1829] Building CXX object modules/CMakeFiles/modules.dir/mod-playerbots/src/Ai/Base/Actions/ImbueAction.cpp.o
#25 13.39 [1233/1829] Building CXX object modules/CMakeFiles/modules.dir/mod-playerbots/src/Ai/Base/Actions/HelpAction.cpp.o
#25 13.40 [1234/1829] Building CXX object modules/CMakeFiles/modules.dir/mod-playerbots/src/Ai/Base/Actions/HireAction.cpp.o
#25 13.40 [1235/1829] Building CXX object modules/CMakeFiles/modules.dir/mod-playerbots/src/Ai/Base/Actions/InventoryAction.cpp.o
#25 13.40 [1236/1829] Building CXX object modules/CMakeFiles/modules.dir/mod-playerbots/src/Ai/Base/Actions/InventoryChangeFailureAction.cpp.o
#25 13.41 [1237/1829] Building CXX object modules/CMakeFiles/modules.dir/mod-playerbots/src/Ai/Base/Actions/InviteToGroupAction.cpp.o
#25 13.41 [1238/1829] Building CXX object modules/CMakeFiles/modules.dir/mod-playerbots/src/Ai/Base/Actions/LeaveGroupAction.cpp.o
#25 13.41 [1239/1829] Building CXX object modules/CMakeFiles/modules.dir/mod-playerbots/src/Ai/Base/Actions/ListQuestsActions.cpp.o
#25 13.41 [1240/1829] Building CXX object modules/CMakeFiles/modules.dir/mod-playerbots/src/Ai/Base/Actions/LfgActions.cpp.o
#25 13.42 [1241/1829] Building CXX object modules/CMakeFiles/modules.dir/mod-playerbots/src/Ai/Base/Actions/LogLevelAction.cpp.o
#25 13.42 [1242/1829] Building CXX object modules/CMakeFiles/modules.dir/mod-playerbots/src/Ai/Base/Actions/ListSpellsAction.cpp.o
#25 13.43 [1243/1829] Building CXX object modules/CMakeFiles/modules.dir/mod-playerbots/src/Ai/Base/Actions/LootAction.cpp.o
#25 13.43 [1244/1829] Building CXX object modules/CMakeFiles/modules.dir/mod-playerbots/src/Ai/Base/Actions/LootRollAction.cpp.o
#25 13.43 [1245/1829] Building CXX object modules/CMakeFiles/modules.dir/mod-playerbots/src/Ai/Base/Actions/LootStrategyAction.cpp.o
#25 13.44 [1246/1829] Building CXX object modules/CMakeFiles/modules.dir/mod-playerbots/src/Ai/Base/Actions/MailAction.cpp.o
#25 13.44 [1247/1829] Building CXX object modules/CMakeFiles/modules.dir/mod-playerbots/src/Ai/Base/Actions/MoveToRpgTargetAction.cpp.o
#25 13.44 [1248/1829] Building CXX object modules/CMakeFiles/modules.dir/mod-playerbots/src/Ai/Base/Actions/MoveToTravelTargetAction.cpp.o
#25 13.45 [1249/1829] Building CXX object modules/CMakeFiles/modules.dir/mod-playerbots/src/Ai/Base/Actions/MovementActions.cpp.o
#25 13.45 [1250/1829] Building CXX object modules/CMakeFiles/modules.dir/mod-playerbots/src/Ai/Base/Actions/NonCombatActions.cpp.o
#25 13.45 [1251/1829] Building CXX object modules/CMakeFiles/modules.dir/mod-playerbots/src/Ai/Base/Actions/OpenItemAction.cpp.o
#25 13.46 [1252/1829] Building CXX object modules/CMakeFiles/modules.dir/mod-playerbots/src/Ai/Base/Actions/PassLeadershipToMasterAction.cpp.o
#25 13.46 [1253/1829] Building CXX object modules/CMakeFiles/modules.dir/mod-playerbots/src/Ai/Base/Actions/PetitionSignAction.cpp.o
#25 13.47 [1254/1829] Building CXX object modules/CMakeFiles/modules.dir/mod-playerbots/src/Ai/Base/Actions/OutfitAction.cpp.o
#25 13.47 [1255/1829] Building CXX object modules/CMakeFiles/modules.dir/mod-playerbots/src/Ai/Base/Actions/PetsAction.cpp.o
#25 13.47 [1256/1829] Building CXX object modules/CMakeFiles/modules.dir/mod-playerbots/src/Ai/Base/Actions/PullActions.cpp.o
#25 13.48 [1257/1829] Building CXX object modules/CMakeFiles/modules.dir/mod-playerbots/src/Ai/Base/Actions/QueryQuestAction.cpp.o
#25 13.48 [1258/1829] Building CXX object modules/CMakeFiles/modules.dir/mod-playerbots/src/Ai/Base/Actions/QuestConfirmAcceptAction.cpp.o
#25 13.48 [1259/1829] Building CXX object modules/CMakeFiles/modules.dir/mod-playerbots/src/Ai/Base/Actions/PositionAction.cpp.o
#25 13.48 [1260/1829] Building CXX object modules/CMakeFiles/modules.dir/mod-playerbots/src/Ai/Base/Actions/QueryItemUsageAction.cpp.o
#25 13.49 [1261/1829] Building CXX object modules/CMakeFiles/modules.dir/mod-playerbots/src/Ai/Base/Actions/QuestAction.cpp.o
#25 13.49 [1262/1829] Building CXX object modules/CMakeFiles/modules.dir/mod-playerbots/src/Ai/Base/Actions/RandomBotUpdateAction.cpp.o
#25 13.50 [1263/1829] Building CXX object modules/CMakeFiles/modules.dir/mod-playerbots/src/Ai/Base/Actions/RangeAction.cpp.o
#25 13.50 [1264/1829] Building CXX object modules/CMakeFiles/modules.dir/mod-playerbots/src/Ai/Base/Actions/ReachTargetActions.cpp.o
#25 13.50 [1265/1829] Building CXX object modules/CMakeFiles/modules.dir/mod-playerbots/src/Ai/Base/Actions/ReleaseSpiritAction.cpp.o
#25 13.51 [1266/1829] Building CXX object modules/CMakeFiles/modules.dir/mod-playerbots/src/Ai/Base/Actions/RememberTaxiAction.cpp.o
#25 13.51 [1267/1829] Building CXX object modules/CMakeFiles/modules.dir/mod-playerbots/src/Ai/Base/Actions/ReadyCheckAction.cpp.o
#25 13.51 [1268/1829] Building CXX object modules/CMakeFiles/modules.dir/mod-playerbots/src/Ai/Base/Actions/RemoveAuraAction.cpp.o
#25 13.52 [1269/1829] Building CXX object modules/CMakeFiles/modules.dir/mod-playerbots/src/Ai/Base/Actions/ResetInstancesAction.cpp.o
#25 13.52 [1270/1829] Building CXX object modules/CMakeFiles/modules.dir/mod-playerbots/src/Ai/Base/Actions/RepairAllAction.cpp.o
#25 13.53 [1271/1829] Building CXX object modules/CMakeFiles/modules.dir/mod-playerbots/src/Ai/Base/Actions/RewardAction.cpp.o
#25 13.53 [1272/1829] Building CXX object modules/CMakeFiles/modules.dir/mod-playerbots/src/Ai/Base/Actions/ResetAiAction.cpp.o
#25 13.53 [1273/1829] Building CXX object modules/CMakeFiles/modules.dir/mod-playerbots/src/Ai/Base/Actions/ReviveFromCorpseAction.cpp.o
#25 13.54 [1274/1829] Building CXX object modules/CMakeFiles/modules.dir/mod-playerbots/src/Ai/Base/Actions/RtiAction.cpp.o
#25 13.54 [1275/1829] Building CXX object modules/CMakeFiles/modules.dir/mod-playerbots/src/Ai/Base/Actions/RevealGatheringItemAction.cpp.o
#25 13.54 [1276/1829] Building CXX object modules/CMakeFiles/modules.dir/mod-playerbots/src/Ai/Base/Actions/RtscAction.cpp.o
#25 13.54 [1277/1829] Building CXX object modules/CMakeFiles/modules.dir/mod-playerbots/src/Ai/Base/Actions/SaveManaAction.cpp.o
#25 13.55 [1278/1829] Building CXX object modules/CMakeFiles/modules.dir/mod-playerbots/src/Ai/Base/Actions/SecurityCheckAction.cpp.o
#25 13.55 [1279/1829] Building CXX object modules/CMakeFiles/modules.dir/mod-playerbots/src/Ai/Base/Actions/SeeSpellAction.cpp.o
#25 13.55 [1280/1829] Building CXX object modules/CMakeFiles/modules.dir/mod-playerbots/src/Ai/Base/Actions/SayAction.cpp.o
#25 13.56 [1281/1829] Building CXX object modules/CMakeFiles/modules.dir/mod-playerbots/src/Ai/Base/Actions/SellAction.cpp.o
#25 13.56 [1282/1829] Building CXX object modules/CMakeFiles/modules.dir/mod-playerbots/src/Ai/Base/Actions/SendMailAction.cpp.o
#25 13.57 [1283/1829] Building CXX object modules/CMakeFiles/modules.dir/mod-playerbots/src/Ai/Base/Actions/SetFocusHealTargetsAction.cpp.o
#25 13.57 [1284/1829] Building CXX object modules/CMakeFiles/modules.dir/mod-playerbots/src/Ai/Base/Actions/ShareQuestAction.cpp.o
#25 13.57 [1285/1829] Building CXX object modules/CMakeFiles/modules.dir/mod-playerbots/src/Ai/Base/Actions/SkipSpellsListAction.cpp.o
#25 13.58 [1286/1829] Building CXX object modules/CMakeFiles/modules.dir/mod-playerbots/src/Ai/Base/Actions/SetCraftAction.cpp.o
#25 13.58 [1287/1829] Building CXX object modules/CMakeFiles/modules.dir/mod-playerbots/src/Ai/Base/Actions/SetHomeAction.cpp.o
#25 13.58 [1288/1829] Building CXX object modules/CMakeFiles/modules.dir/mod-playerbots/src/Ai/Base/Actions/StatsAction.cpp.o
#25 13.58 [1289/1829] Building CXX object modules/CMakeFiles/modules.dir/mod-playerbots/src/Ai/Base/Actions/StayActions.cpp.o
#25 13.59 [1290/1829] Building CXX object modules/CMakeFiles/modules.dir/mod-playerbots/src/Ai/Base/Actions/SuggestWhatToDoAction.cpp.o
#25 13.59 [1291/1829] Building CXX object modules/CMakeFiles/modules.dir/mod-playerbots/src/Ai/Base/Actions/TalkToQuestGiverAction.cpp.o
#25 13.59 [1292/1829] Building CXX object modules/CMakeFiles/modules.dir/mod-playerbots/src/Ai/Base/Actions/TameAction.cpp.o
#25 13.60 [1293/1829] Building CXX object modules/CMakeFiles/modules.dir/mod-playerbots/src/Ai/Base/Actions/TellCastFailedAction.cpp.o
#25 13.60 [1294/1829] Building CXX object modules/CMakeFiles/modules.dir/mod-playerbots/src/Ai/Base/Actions/TaxiAction.cpp.o
#25 13.61 [1295/1829] Building CXX object modules/CMakeFiles/modules.dir/mod-playerbots/src/Ai/Base/Actions/TellEmblemsAction.cpp.o
#25 13.61 [1296/1829] Building CXX object modules/CMakeFiles/modules.dir/mod-playerbots/src/Ai/Base/Actions/TellGlyphsAction.cpp.o
#25 13.61 [1297/1829] Building CXX object modules/CMakeFiles/modules.dir/mod-playerbots/src/Ai/Base/Actions/TellItemCountAction.cpp.o
#25 13.61 [1298/1829] Linking CXX executable src/tools/map_extractor
#25 13.61 [1299/1829] Building CXX object modules/CMakeFiles/modules.dir/mod-playerbots/src/Ai/Base/Actions/TeleportAction.cpp.o
#25 13.62 [1300/1829] Building CXX object modules/CMakeFiles/modules.dir/mod-playerbots/src/Ai/Base/Actions/TellMasterAction.cpp.o
#25 13.62 [1301/1829] Building CXX object modules/CMakeFiles/modules.dir/mod-playerbots/src/Ai/Base/Actions/TellPvpStatsAction.cpp.o
#25 13.62 [1302/1829] Building CXX object modules/CMakeFiles/modules.dir/mod-playerbots/src/Ai/Base/Actions/TellReputationAction.cpp.o
#25 13.62 [1303/1829] Building CXX object modules/CMakeFiles/modules.dir/mod-playerbots/src/Ai/Base/Actions/TellTargetAction.cpp.o
#25 13.63 [1304/1829] Building CXX object modules/CMakeFiles/modules.dir/mod-playerbots/src/Ai/Base/Actions/TellLosAction.cpp.o
#25 13.63 [1305/1829] Building CXX object modules/CMakeFiles/modules.dir/mod-playerbots/src/Ai/Base/Actions/TradeAction.cpp.o
#25 13.63 [1306/1829] Building CXX object modules/CMakeFiles/modules.dir/mod-playerbots/src/Ai/Base/Actions/TradeStatusExtendedAction.cpp.o
#25 13.64 [1307/1829] Building CXX object modules/CMakeFiles/modules.dir/mod-playerbots/src/Ai/Base/Actions/TradeValues.cpp.o
#25 13.64 [1308/1829] Building CXX object modules/CMakeFiles/modules.dir/mod-playerbots/src/Ai/Base/Actions/TradeStatusAction.cpp.o
#25 13.65 [1309/1829] Building CXX object modules/CMakeFiles/modules.dir/mod-playerbots/src/Ai/Base/Actions/TravelAction.cpp.o
#25 13.65 [1310/1829] Building CXX object modules/CMakeFiles/modules.dir/mod-playerbots/src/Ai/Base/Actions/UnequipAction.cpp.o
#25 13.69 [1311/1829] Linking CXX executable src/tools/vmap4_extractor
#25 13.69 [1312/1829] Linking CXX executable src/tools/vmap4_assembler
#25 13.74 [1313/1829] Linking CXX static library src/server/game/libgame.a
#25 13.87 [1314/1829] Linking CXX executable src/tools/mmaps_generator
#25 18.65 [1315/1829] Linking CXX static library src/server/scripts/libscripts.a
#25 28.41 [1316/1829] Building CXX object modules/CMakeFiles/modules.dir/mod-playerbots/src/Ai/Base/Actions/WipeAction.cpp.o
#25 28.60 [1317/1829] Building CXX object modules/CMakeFiles/modules.dir/mod-playerbots/src/Ai/Base/Actions/UnlockItemAction.cpp.o
#25 28.90 [1318/1829] Building CXX object modules/CMakeFiles/modules.dir/mod-playerbots/src/Ai/Base/Actions/UnlockTradedItemAction.cpp.o
#25 30.35 [1319/1829] Building CXX object modules/CMakeFiles/modules.dir/mod-playerbots/src/Ai/Base/Actions/VehicleActions.cpp.o
#25 30.81 [1320/1829] Building CXX object modules/CMakeFiles/modules.dir/mod-playerbots/src/Ai/Base/Strategy/AggressiveStrategy.cpp.o
#25 30.88 [1321/1829] Building CXX object modules/CMakeFiles/modules.dir/mod-playerbots/src/Ai/Base/Actions/XpGainAction.cpp.o
#25 30.89 [1322/1829] Building CXX object modules/CMakeFiles/modules.dir/mod-playerbots/src/Ai/Base/Strategy/AttackEnemyPlayersStrategy.cpp.o
#25 31.39 [1323/1829] Building CXX object modules/CMakeFiles/modules.dir/mod-playerbots/src/Ai/Base/Actions/WorldBuffAction.cpp.o
#25 31.69 [1324/1829] Building CXX object modules/CMakeFiles/modules.dir/mod-playerbots/src/Ai/Base/Actions/WaitForAttackAction.cpp.o
#25 32.69 [1325/1829] Building CXX object modules/CMakeFiles/modules.dir/mod-playerbots/src/Ai/Base/Strategy/BattlegroundStrategy.cpp.o
#25 33.09 [1326/1829] Building CXX object modules/CMakeFiles/modules.dir/mod-playerbots/src/Ai/Base/Actions/UseMeetingStoneAction.cpp.o
#25 33.12 [1327/1829] Building CXX object modules/CMakeFiles/modules.dir/mod-playerbots/src/Ai/Base/Actions/WhoAction.cpp.o
#25 33.22 [1328/1829] Building CXX object modules/CMakeFiles/modules.dir/mod-playerbots/src/Ai/Base/Actions/WtsAction.cpp.o
#25 33.45 [1329/1829] Building CXX object modules/CMakeFiles/modules.dir/mod-playerbots/src/Ai/Base/Actions/UseItemAction.cpp.o
#25 35.11 [1330/1829] Building CXX object modules/CMakeFiles/modules.dir/mod-playerbots/src/Ai/Base/Actions/TrainerAction.cpp.o
#25 36.53 [1331/1829] Building CXX object modules/CMakeFiles/modules.dir/mod-playerbots/src/Ai/Base/Strategy/CastTimeStrategy.cpp.o
#25 36.90 [1332/1829] Building CXX object modules/CMakeFiles/modules.dir/mod-playerbots/src/Ai/Base/Strategy/CombatStrategy.cpp.o
#25 39.10 [1333/1829] Building CXX object modules/CMakeFiles/modules.dir/mod-playerbots/src/Ai/Base/Strategy/DuelStrategy.cpp.o
#25 40.00 [1334/1829] Building CXX object modules/CMakeFiles/modules.dir/mod-playerbots/src/Ai/Base/Strategy/ChatCommandHandlerStrategy.cpp.o
#25 40.65 [1335/1829] Building CXX object modules/CMakeFiles/modules.dir/mod-playerbots/src/Ai/Base/Strategy/GuardStrategy.cpp.o
#25 41.07 [1336/1829] Building CXX object modules/CMakeFiles/modules.dir/mod-playerbots/src/Ai/Base/Strategy/FollowMasterStrategy.cpp.o
#25 46.40 [1337/1829] Building CXX object modules/CMakeFiles/modules.dir/mod-playerbots/src/Ai/Base/Strategy/ConserveManaStrategy.cpp.o
#25 47.84 [1338/1829] Building CXX object modules/CMakeFiles/modules.dir/mod-playerbots/src/Ai/Base/Strategy/DeadStrategy.cpp.o
#25 48.11 [1339/1829] Building CXX object modules/CMakeFiles/modules.dir/mod-playerbots/src/Ai/Base/Strategy/DebugStrategy.cpp.o
#25 48.94 [1340/1829] Building CXX object modules/CMakeFiles/modules.dir/mod-playerbots/src/Ai/Base/Strategy/DpsAssistStrategy.cpp.o
#25 49.56 [1341/1829] Building CXX object modules/CMakeFiles/modules.dir/mod-playerbots/src/Ai/Base/Strategy/FleeStrategy.cpp.o
#25 50.36 [1342/1829] Building CXX object modules/CMakeFiles/modules.dir/mod-playerbots/src/Ai/Base/Strategy/GrindingStrategy.cpp.o
#25 50.68 [1343/1829] Building CXX object modules/CMakeFiles/modules.dir/mod-playerbots/src/Ai/Base/Strategy/EmoteStrategy.cpp.o
#25 51.59 [1344/1829] Building CXX object modules/CMakeFiles/modules.dir/mod-playerbots/src/Ai/Base/Strategy/GroupStrategy.cpp.o
#25 51.61 [1345/1829] Building CXX object modules/CMakeFiles/modules.dir/mod-playerbots/src/Ai/Base/Strategy/GuildStrategy.cpp.o
#25 52.73 [1346/1829] Building CXX object modules/CMakeFiles/modules.dir/mod-playerbots/src/Ai/Base/Strategy/KiteStrategy.cpp.o
#25 53.86 [1347/1829] Building CXX object modules/CMakeFiles/modules.dir/mod-playerbots/src/Ai/Base/Strategy/LfgStrategy.cpp.o
#25 54.40 [1348/1829] Building CXX object modules/CMakeFiles/modules.dir/mod-playerbots/src/Ai/Base/Strategy/NonCombatStrategy.cpp.o
#25 54.97 [1349/1829] Building CXX object modules/CMakeFiles/modules.dir/mod-playerbots/src/Ai/Base/Strategy/LootNonCombatStrategy.cpp.o
#25 56.41 [1350/1829] Building CXX object modules/CMakeFiles/modules.dir/mod-playerbots/src/Ai/Base/Strategy/MaintenanceStrategy.cpp.o
#25 57.09 [1351/1829] Building CXX object modules/CMakeFiles/modules.dir/mod-playerbots/src/Ai/Base/Strategy/MarkRtiStrategy.cpp.o
#25 57.96 [1352/1829] Building CXX object modules/CMakeFiles/modules.dir/mod-playerbots/src/Ai/Base/Strategy/MeleeCombatStrategy.cpp.o
#25 58.21 [1353/1829] Building CXX object modules/CMakeFiles/modules.dir/mod-playerbots/src/Ai/Base/Strategy/RTSCStrategy.cpp.o
#25 59.59 [1354/1829] Building CXX object modules/CMakeFiles/modules.dir/mod-playerbots/src/Ai/Base/Strategy/MoveFromGroupStrategy.cpp.o
#25 66.01 [1355/1829] Building CXX object modules/CMakeFiles/modules.dir/mod-playerbots/src/Ai/Base/Strategy/PassiveStrategy.cpp.o
#25 66.07 [1356/1829] Building CXX object modules/CMakeFiles/modules.dir/mod-playerbots/src/Ai/Base/Strategy/PassThroughStrategy.cpp.o
#25 67.90 [1357/1829] Building CXX object modules/CMakeFiles/modules.dir/mod-playerbots/src/Ai/Base/Strategy/QuestStrategies.cpp.o
#25 68.30 [1358/1829] Building CXX object modules/CMakeFiles/modules.dir/mod-playerbots/src/Ai/Base/Strategy/PullStrategy.cpp.o
#25 68.41 [1359/1829] Building CXX object modules/CMakeFiles/modules.dir/mod-playerbots/src/Ai/Base/Strategy/UsePotionsStrategy.cpp.o
#25 68.89 [1360/1829] Building CXX object modules/CMakeFiles/modules.dir/mod-playerbots/src/Ai/Base/Strategy/RacialsStrategy.cpp.o
#25 69.89 [1361/1829] Building CXX object modules/CMakeFiles/modules.dir/mod-playerbots/src/Ai/Base/Strategy/RangedCombatStrategy.cpp.o
#25 70.71 [1362/1829] Building CXX object modules/CMakeFiles/modules.dir/mod-playerbots/src/Ai/Base/Strategy/ReturnStrategy.cpp.o
#25 71.74 [1363/1829] Building CXX object modules/CMakeFiles/modules.dir/mod-playerbots/src/Ai/Base/Strategy/StayStrategy.cpp.o
#25 71.75 [1364/1829] Building CXX object modules/CMakeFiles/modules.dir/mod-playerbots/src/Ai/Base/Strategy/RunawayStrategy.cpp.o
#25 72.59 [1365/1829] Building CXX object modules/CMakeFiles/modules.dir/mod-playerbots/src/Ai/Base/Strategy/SayStrategy.cpp.o
#25 73.39 [1366/1829] Building CXX object modules/CMakeFiles/modules.dir/mod-playerbots/src/Ai/Base/Strategy/TankAssistStrategy.cpp.o
#25 74.06 [1367/1829] Building CXX object modules/CMakeFiles/modules.dir/mod-playerbots/src/Ai/Base/Strategy/TellTargetStrategy.cpp.o
#25 75.62 [1368/1829] Building CXX object modules/CMakeFiles/modules.dir/mod-playerbots/src/Ai/Base/Strategy/ThreatStrategy.cpp.o
#25 76.49 [1369/1829] Building CXX object modules/CMakeFiles/modules.dir/mod-playerbots/src/Ai/Base/Strategy/TravelStrategy.cpp.o
#25 76.50 [1370/1829] Building CXX object modules/CMakeFiles/modules.dir/mod-playerbots/src/Ai/Base/Strategy/WorldPacketHandlerStrategy.cpp.o
#25 76.96 [1371/1829] Building CXX object modules/CMakeFiles/modules.dir/mod-playerbots/src/Ai/Base/Strategy/UseFoodStrategy.cpp.o
#25 87.31 [1372/1829] Building CXX object modules/CMakeFiles/modules.dir/mod-playerbots/src/Ai/Base/Strategy/WaitForAttackStrategy.cpp.o
#25 87.49 [1373/1829] Building CXX object modules/CMakeFiles/modules.dir/mod-playerbots/src/Ai/Base/Trigger/ChatCommandTrigger.cpp.o
#25 88.26 [1374/1829] Building CXX object modules/CMakeFiles/modules.dir/mod-playerbots/src/Ai/Base/Trigger/FishingTriggers.cpp.o
#25 88.92 [1375/1829] Building CXX object modules/CMakeFiles/modules.dir/mod-playerbots/src/Ai/Base/Trigger/CureTriggers.cpp.o
#25 89.64 [1376/1829] Building CXX object modules/CMakeFiles/modules.dir/mod-playerbots/src/Ai/Base/Trigger/LfgTriggers.cpp.o
#25 90.23 [1377/1829] Building CXX object modules/CMakeFiles/modules.dir/mod-playerbots/src/Ai/Base/Trigger/LootTriggers.cpp.o
#25 90.73 [1378/1829] Building CXX object modules/CMakeFiles/modules.dir/mod-playerbots/src/Ai/Base/Trigger/GuildTriggers.cpp.o
#25 90.82 [1379/1829] Building CXX object modules/CMakeFiles/modules.dir/mod-playerbots/src/Ai/Base/Trigger/BossAuraTriggers.cpp.o
#25 92.78 [1380/1829] Building CXX object modules/CMakeFiles/modules.dir/mod-playerbots/src/Ai/Base/Trigger/HealthTriggers.cpp.o
#25 92.91 [1381/1829] Building CXX object modules/CMakeFiles/modules.dir/mod-playerbots/src/Ai/Base/Trigger/GenericTriggers.cpp.o
#25 93.69 [1382/1829] Building CXX object modules/CMakeFiles/modules.dir/mod-playerbots/src/Ai/Base/Trigger/PullTriggers.cpp.o
#25 94.62 [1383/1829] Building CXX object modules/CMakeFiles/modules.dir/mod-playerbots/src/Ai/Base/Trigger/RangeTriggers.cpp.o
#25 96.08 [1384/1829] Building CXX object modules/CMakeFiles/modules.dir/mod-playerbots/src/Ai/Base/Trigger/RtiTriggers.cpp.o
#25 96.40 [1385/1829] Building CXX object modules/CMakeFiles/modules.dir/mod-playerbots/src/Ai/Base/Trigger/RpgTriggers.cpp.o
#25 96.66 [1386/1829] Building CXX object modules/CMakeFiles/modules.dir/mod-playerbots/src/Ai/Base/Trigger/StuckTriggers.cpp.o
#25 97.63 [1387/1829] Building CXX object modules/CMakeFiles/modules.dir/mod-playerbots/src/Ai/Base/Trigger/PvpTriggers.cpp.o
#25 104.8 [1388/1829] Building CXX object modules/CMakeFiles/modules.dir/mod-playerbots/src/Ai/Base/Trigger/TravelTriggers.cpp.o
#25 105.8 [1389/1829] Building CXX object modules/CMakeFiles/modules.dir/mod-playerbots/src/Ai/Base/Trigger/WithinAreaTrigger.cpp.o
#25 105.9 [1390/1829] Building CXX object modules/CMakeFiles/modules.dir/mod-playerbots/src/Ai/Base/Trigger/WorldPacketTrigger.cpp.o
#25 107.0 [1391/1829] Building CXX object modules/CMakeFiles/modules.dir/mod-playerbots/src/Ai/Base/Util/GenericBuffUtils.cpp.o
#25 107.4 [1392/1829] Building CXX object modules/CMakeFiles/modules.dir/mod-playerbots/src/Ai/Base/Value/AggressiveTargetValue.cpp.o
#25 108.3 [1393/1829] Building CXX object modules/CMakeFiles/modules.dir/mod-playerbots/src/Ai/Base/Value/Arrow.cpp.o
#25 108.5 [1394/1829] Building CXX object modules/CMakeFiles/modules.dir/mod-playerbots/src/Ai/Base/Value/ActiveSpellValue.cpp.o
#25 108.6 [1395/1829] Building CXX object modules/CMakeFiles/modules.dir/mod-playerbots/src/Ai/Base/Value/AlwaysLootListValue.cpp.o
#25 109.1 [1396/1829] Building CXX object modules/CMakeFiles/modules.dir/mod-playerbots/src/Ai/Base/Value/AoeHealValues.cpp.o
#25 111.9 [1397/1829] Building CXX object modules/CMakeFiles/modules.dir/mod-playerbots/src/Ai/Base/Value/AoeValues.cpp.o
#25 112.3 [1398/1829] Building CXX object modules/CMakeFiles/modules.dir/mod-playerbots/src/Ai/Base/Value/AttackerCountValues.cpp.o
#25 112.5 [1399/1829] Building CXX object modules/CMakeFiles/modules.dir/mod-playerbots/src/Ai/Base/Value/AttackerWithoutAuraTargetValue.cpp.o
#25 113.8 [1400/1829] Building CXX object modules/CMakeFiles/modules.dir/mod-playerbots/src/Ai/Base/Value/CcTargetValue.cpp.o
#25 114.7 [1401/1829] Building CXX object modules/CMakeFiles/modules.dir/mod-playerbots/src/Ai/Base/Value/AvailableLootValue.cpp.o
#25 115.0 [1402/1829] Building CXX object modules/CMakeFiles/modules.dir/mod-playerbots/src/Ai/Base/Value/BudgetValues.cpp.o
#25 115.4 [1403/1829] Building CXX object modules/CMakeFiles/modules.dir/mod-playerbots/src/Ai/Base/Value/AttackersValue.cpp.o
#25 121.1 [1404/1829] Building CXX object modules/CMakeFiles/modules.dir/mod-playerbots/src/Ai/Base/Value/CurrentCcTargetValue.cpp.o
#25 123.3 [1405/1829] Building CXX object modules/CMakeFiles/modules.dir/mod-playerbots/src/Ai/Base/Value/CurrentTargetValue.cpp.o
#25 123.5 [1406/1829] Building CXX object modules/CMakeFiles/modules.dir/mod-playerbots/src/Ai/Base/Value/CollisionValue.cpp.o
#25 124.9 [1407/1829] Building CXX object modules/CMakeFiles/modules.dir/mod-playerbots/src/Ai/Base/Value/DistanceValue.cpp.o
#25 125.3 [1408/1829] Building CXX object modules/CMakeFiles/modules.dir/mod-playerbots/src/Ai/Base/Value/DpsTargetValue.cpp.o
#25 126.0 [1409/1829] Building CXX object modules/CMakeFiles/modules.dir/mod-playerbots/src/Ai/Base/Value/EnemyHealerTargetValue.cpp.o
#25 126.4 [1410/1829] Building CXX object modules/CMakeFiles/modules.dir/mod-playerbots/src/Ai/Base/Value/DuelTargetValue.cpp.o
#25 127.0 [1411/1829] Building CXX object modules/CMakeFiles/modules.dir/mod-playerbots/src/Ai/Base/Value/EnemyPlayerValue.cpp.o
#25 127.6 [1412/1829] Building CXX object modules/CMakeFiles/modules.dir/mod-playerbots/src/Ai/Base/Value/EstimatedLifetimeValue.cpp.o
#25 130.1 [1413/1829] Building CXX object modules/CMakeFiles/modules.dir/mod-playerbots/src/Ai/Base/Value/FishValues.cpp.o
#25 130.8 [1414/1829] Building CXX object modules/CMakeFiles/modules.dir/mod-playerbots/src/Ai/Base/Value/Formations.cpp.o
#25 131.4 [1415/1829] Building CXX object modules/CMakeFiles/modules.dir/mod-playerbots/src/Ai/Base/Value/GroupLeaderValue.cpp.o
#25 131.5 [1416/1829] Building CXX object modules/CMakeFiles/modules.dir/mod-playerbots/src/Ai/Base/Value/GrindTargetValue.cpp.o
#25 132.5 [1417/1829] Building CXX object modules/CMakeFiles/modules.dir/mod-playerbots/src/Ai/Base/Value/GuildValues.cpp.o
#25 133.8 [1418/1829] Building CXX object modules/CMakeFiles/modules.dir/mod-playerbots/src/Ai/Base/Value/HasAvailableLootValue.cpp.o
#25 134.7 [1419/1829] Building CXX object modules/CMakeFiles/modules.dir/mod-playerbots/src/Ai/Base/Value/GroupValues.cpp.o
#25 138.1 [1420/1829] Building CXX object modules/CMakeFiles/modules.dir/mod-playerbots/src/Ai/Base/Value/LastMovementValue.cpp.o
#25 138.4 [1421/1829] Building CXX object modules/CMakeFiles/modules.dir/mod-playerbots/src/Ai/Base/Value/HasTotemValue.cpp.o
#25 140.8 [1422/1829] Building CXX object modules/CMakeFiles/modules.dir/mod-playerbots/src/Ai/Base/Value/IsBehindValue.cpp.o
#25 141.2 [1423/1829] Building CXX object modules/CMakeFiles/modules.dir/mod-playerbots/src/Ai/Base/Value/InvalidTargetValue.cpp.o
#25 141.7 [1424/1829] Building CXX object modules/CMakeFiles/modules.dir/mod-playerbots/src/Ai/Base/Value/ItemCountValue.cpp.o
#25 141.9 [1425/1829] Building CXX object modules/CMakeFiles/modules.dir/mod-playerbots/src/Ai/Base/Value/IsFacingValue.cpp.o
#25 142.5 [1426/1829] Building CXX object modules/CMakeFiles/modules.dir/mod-playerbots/src/Ai/Base/Value/IsMovingValue.cpp.o
#25 144.3 [1427/1829] Building CXX object modules/CMakeFiles/modules.dir/mod-playerbots/src/Ai/Base/Value/ItemForSpellValue.cpp.o
#25 147.4 [1428/1829] Building CXX object modules/CMakeFiles/modules.dir/mod-playerbots/src/Ai/Base/Value/ItemUsageValue.cpp.o
#25 147.7 [1429/1829] Building CXX object modules/CMakeFiles/modules.dir/mod-playerbots/src/Ai/Base/Value/LastSpellCastValue.cpp.o
#25 148.5 [1430/1829] Building CXX object modules/CMakeFiles/modules.dir/mod-playerbots/src/Ai/Base/Value/LineTargetValue.cpp.o
#25 148.9 [1431/1829] Building CXX object modules/CMakeFiles/modules.dir/mod-playerbots/src/Ai/Base/Value/LootStrategyValue.cpp.o
#25 149.0 [1432/1829] Building CXX object modules/CMakeFiles/modules.dir/mod-playerbots/src/Ai/Base/Value/LeastHpTargetValue.cpp.o
#25 152.0 [1433/1829] Building CXX object modules/CMakeFiles/modules.dir/mod-playerbots/src/Ai/Base/Value/NearestAdsValue.cpp.o
#25 152.0 [1434/1829] Building CXX object modules/CMakeFiles/modules.dir/mod-playerbots/src/Ai/Base/Value/MaintenanceValues.cpp.o
#25 152.6 [1435/1829] Building CXX object modules/CMakeFiles/modules.dir/mod-playerbots/src/Ai/Base/Value/NearestCorpsesValue.cpp.o
#25 154.6 [1436/1829] Building CXX object modules/CMakeFiles/modules.dir/mod-playerbots/src/Ai/Base/Value/LootValues.cpp.o
#25 156.6 [1437/1829] Building CXX object modules/CMakeFiles/modules.dir/mod-playerbots/src/Ai/Base/Value/NearestFriendlyPlayersValue.cpp.o
#25 159.2 [1438/1829] Building CXX object modules/CMakeFiles/modules.dir/mod-playerbots/src/Ai/Base/Value/NearestGameObjects.cpp.o
#25 159.6 [1439/1829] Building CXX object modules/CMakeFiles/modules.dir/mod-playerbots/src/Ai/Base/Value/NearestNonBotPlayersValue.cpp.o
#25 159.8 [1440/1829] Building CXX object modules/CMakeFiles/modules.dir/mod-playerbots/src/Ai/Base/Value/NearestUnitsValue.cpp.o
#25 160.0 [1441/1829] Building CXX object modules/CMakeFiles/modules.dir/mod-playerbots/src/Ai/Base/Value/NearestNpcsValue.cpp.o
#25 160.1 [1442/1829] Building CXX object modules/CMakeFiles/modules.dir/mod-playerbots/src/Ai/Base/Value/NewPlayerNearbyValue.cpp.o
#25 162.0 [1443/1829] Building CXX object modules/CMakeFiles/modules.dir/mod-playerbots/src/Ai/Base/Value/PartyMemberToDispel.cpp.o
#25 162.1 [1444/1829] Building CXX object modules/CMakeFiles/modules.dir/mod-playerbots/src/Ai/Base/Value/OutfitListValue.cpp.o
#25 164.9 [1445/1829] Building CXX object modules/CMakeFiles/modules.dir/mod-playerbots/src/Ai/Base/Value/PartyMemberSnaredTargetValue.cpp.o
#25 165.4 [1446/1829] Building CXX object modules/CMakeFiles/modules.dir/mod-playerbots/src/Ai/Base/Value/PartyMemberValue.cpp.o
#25 166.7 [1447/1829] Building CXX object modules/CMakeFiles/modules.dir/mod-playerbots/src/Ai/Base/Value/PartyMemberToHeal.cpp.o
#25 166.7 [1448/1829] Building CXX object modules/CMakeFiles/modules.dir/mod-playerbots/src/Ai/Base/Value/PartyMemberToResurrect.cpp.o
#25 169.0 [1449/1829] Building CXX object modules/CMakeFiles/modules.dir/mod-playerbots/src/Ai/Base/Value/PartyMemberWithoutItemValue.cpp.o
#25 169.5 [1450/1829] Building CXX object modules/CMakeFiles/modules.dir/mod-playerbots/src/Ai/Base/Value/PetTargetValue.cpp.o
#25 169.8 [1451/1829] Building CXX object modules/CMakeFiles/modules.dir/mod-playerbots/src/Ai/Base/Value/PartyMemberWithoutAuraValue.cpp.o
#25 173.2 [1452/1829] Building CXX object modules/CMakeFiles/modules.dir/mod-playerbots/src/Ai/Base/Value/PositionValue.cpp.o
#25 177.4 [1453/1829] Building CXX object modules/CMakeFiles/modules.dir/mod-playerbots/src/Ai/Base/Value/RangeValues.cpp.o
#25 177.5 [1454/1829] Building CXX object modules/CMakeFiles/modules.dir/mod-playerbots/src/Ai/Base/Value/PossibleRpgTargetsValue.cpp.o
#25 177.6 [1455/1829] Building CXX object modules/CMakeFiles/modules.dir/mod-playerbots/src/Ai/Base/Value/PossibleTargetsValue.cpp.o
#25 177.7 [1456/1829] Building CXX object modules/CMakeFiles/modules.dir/mod-playerbots/src/Ai/Base/Value/RTSCValues.cpp.o
#25 179.3 [1457/1829] Building CXX object modules/CMakeFiles/modules.dir/mod-playerbots/src/Ai/Base/Value/PvpValues.cpp.o
#25 179.4 [1458/1829] Building CXX object modules/CMakeFiles/modules.dir/mod-playerbots/src/Ai/Base/Value/RtiValue.cpp.o
#25 179.7 [1459/1829] Building CXX object modules/CMakeFiles/modules.dir/mod-playerbots/src/Ai/Base/Value/RtiTargetValue.cpp.o
#25 181.7 [1460/1829] Building CXX object modules/CMakeFiles/modules.dir/mod-playerbots/src/Ai/Base/Value/SnareTargetValue.cpp.o
#25 182.2 [1461/1829] Building CXX object modules/CMakeFiles/modules.dir/mod-playerbots/src/Ai/Base/Value/SelfTargetValue.cpp.o
#25 182.9 [1462/1829] Building CXX object modules/CMakeFiles/modules.dir/mod-playerbots/src/Ai/Base/Value/QuestValues.cpp.o
#25 183.4 [1463/1829] Building CXX object modules/CMakeFiles/modules.dir/mod-playerbots/src/Ai/Base/Value/SkipSpellsListValue.cpp.o
#25 184.7 [1464/1829] Building CXX object modules/CMakeFiles/modules.dir/mod-playerbots/src/Ai/Base/Value/StatsValues.cpp.o
#25 185.4 [1465/1829] Building CXX object modules/CMakeFiles/modules.dir/mod-playerbots/src/Ai/Base/Value/SpellCastUsefulValue.cpp.o
#25 187.7 [1466/1829] Building CXX object modules/CMakeFiles/modules.dir/mod-playerbots/src/Ai/Base/Value/SpellIdValue.cpp.o
#25 188.2 [1467/1829] Building CXX object modules/CMakeFiles/modules.dir/mod-playerbots/src/Ai/Base/Value/Stances.cpp.o
#25 190.4 [1468/1829] Building CXX object modules/CMakeFiles/modules.dir/mod-playerbots/src/Ai/Class/Dk/Strategy/GenericDKNonCombatStrategy.cpp.o
#25 190.9 [1469/1829] Building CXX object modules/CMakeFiles/modules.dir/mod-playerbots/src/Ai/Base/Value/TankTargetValue.cpp.o
#25 195.0 [1470/1829] Building CXX object modules/CMakeFiles/modules.dir/mod-playerbots/src/Ai/Base/Value/ThreatValues.cpp.o
#25 196.0 [1471/1829] Building CXX object modules/CMakeFiles/modules.dir/mod-playerbots/src/Ai/Class/Dk/DKActions.cpp.o
#25 196.4 [1472/1829] Building CXX object modules/CMakeFiles/modules.dir/mod-playerbots/src/Ai/Base/Value/TargetValue.cpp.o
#25 196.6 [1473/1829] Building CXX object modules/CMakeFiles/modules.dir/mod-playerbots/src/Ai/Class/Dk/DKTriggers.cpp.o
#25 197.3 [1474/1829] Building CXX object modules/CMakeFiles/modules.dir/mod-playerbots/src/Ai/Class/Dk/Strategy/DeathKnightPullStrategy.cpp.o
#25 197.6 [1475/1829] Building CXX object modules/CMakeFiles/modules.dir/mod-playerbots/src/Ai/Class/Dk/Strategy/BloodDKStrategy.cpp.o
#25 199.5 [1476/1829] Building CXX object modules/CMakeFiles/modules.dir/mod-playerbots/src/Ai/Class/Dk/DKAiObjectContext.cpp.o
#25 200.6 [1477/1829] Building CXX object modules/CMakeFiles/modules.dir/mod-playerbots/src/Ai/Class/Dk/Strategy/FrostDKStrategy.cpp.o
#25 201.7 [1478/1829] Building CXX object modules/CMakeFiles/modules.dir/mod-playerbots/src/Ai/Class/Dk/Strategy/GenericDKStrategy.cpp.o
#25 202.4 [1479/1829] Building CXX object modules/CMakeFiles/modules.dir/mod-playerbots/src/Ai/Class/Dk/Strategy/UnholyDKStrategy.cpp.o
#25 203.2 [1480/1829] Building CXX object modules/CMakeFiles/modules.dir/mod-playerbots/src/Ai/Class/Druid/DruidTriggers.cpp.o
#25 205.0 [1481/1829] Building CXX object modules/CMakeFiles/modules.dir/mod-playerbots/src/Ai/Class/Druid/Strategy/BalanceDruidStrategy.cpp.o
#25 205.6 [1482/1829] Building CXX object modules/CMakeFiles/modules.dir/mod-playerbots/src/Ai/Class/Druid/Action/DruidBearActions.cpp.o
#25 206.1 [1483/1829] Building CXX object modules/CMakeFiles/modules.dir/mod-playerbots/src/Ai/Class/Druid/Action/DruidCatActions.cpp.o
#25 206.7 [1484/1829] Building CXX object modules/CMakeFiles/modules.dir/mod-playerbots/src/Ai/Class/Druid/Action/DruidActions.cpp.o
#25 207.2 [1485/1829] Building CXX object modules/CMakeFiles/modules.dir/mod-playerbots/src/Ai/Class/Druid/Strategy/CatDruidStrategy.cpp.o
#25 208.8 [1486/1829] Building CXX object modules/CMakeFiles/modules.dir/mod-playerbots/src/Ai/Class/Druid/Action/DruidShapeshiftActions.cpp.o
#25 210.2 [1487/1829] Building CXX object modules/CMakeFiles/modules.dir/mod-playerbots/src/Ai/Class/Druid/DruidAiObjectContext.cpp.o
#25 213.6 [1488/1829] Building CXX object modules/CMakeFiles/modules.dir/mod-playerbots/src/Ai/Class/Druid/Strategy/DruidPullStrategy.cpp.o
#25 214.9 [1489/1829] Building CXX object modules/CMakeFiles/modules.dir/mod-playerbots/src/Ai/Class/Druid/Strategy/BearDruidStrategy.cpp.o
#25 215.8 [1490/1829] Building CXX object modules/CMakeFiles/modules.dir/mod-playerbots/src/Ai/Class/Hunter/Strategy/GenericHunterStrategy.cpp.o
#25 215.8 [1491/1829] Building CXX object modules/CMakeFiles/modules.dir/mod-playerbots/src/Ai/Class/Druid/Strategy/FeralDruidStrategy.cpp.o
#25 218.1 [1492/1829] Building CXX object modules/CMakeFiles/modules.dir/mod-playerbots/src/Ai/Class/Druid/Strategy/GenericDruidNonCombatStrategy.cpp.o
#25 218.8 [1493/1829] Building CXX object modules/CMakeFiles/modules.dir/mod-playerbots/src/Ai/Class/Druid/Strategy/RestoDruidStrategy.cpp.o
#25 219.1 [1494/1829] Building CXX object modules/CMakeFiles/modules.dir/mod-playerbots/src/Ai/Class/Druid/Strategy/GenericDruidStrategy.cpp.o
#25 219.9 [1495/1829] Building CXX object modules/CMakeFiles/modules.dir/mod-playerbots/src/Ai/Class/Hunter/HunterActions.cpp.o
#25 222.3 [1496/1829] Building CXX object modules/CMakeFiles/modules.dir/mod-playerbots/src/Ai/Class/Hunter/HunterTriggers.cpp.o
#25 222.6 [1497/1829] Building CXX object modules/CMakeFiles/modules.dir/mod-playerbots/src/Ai/Class/Hunter/Strategy/BeastMasteryHunterStrategy.cpp.o
#25 223.2 [1498/1829] Building CXX object modules/CMakeFiles/modules.dir/mod-playerbots/src/Ai/Class/Hunter/Strategy/GenericHunterNonCombatStrategy.cpp.o
#25 224.9 [1499/1829] Building CXX object modules/CMakeFiles/modules.dir/mod-playerbots/src/Ai/Class/Hunter/Strategy/MarksmanshipHunterStrategy.cpp.o
#25 225.3 [1500/1829] Building CXX object modules/CMakeFiles/modules.dir/mod-playerbots/src/Ai/Class/Hunter/Strategy/HunterBuffStrategies.cpp.o
#25 225.5 [1501/1829] Building CXX object modules/CMakeFiles/modules.dir/mod-playerbots/src/Ai/Class/Hunter/HunterAiObjectContext.cpp.o
#25 226.7 [1502/1829] Building CXX object modules/CMakeFiles/modules.dir/mod-playerbots/src/Ai/Class/Hunter/Strategy/SurvivalHunterStrategy.cpp.o
#25 229.4 [1503/1829] Building CXX object modules/CMakeFiles/modules.dir/mod-playerbots/src/Ai/Class/Mage/MageActions.cpp.o
#25 233.5 [1504/1829] Building CXX object modules/CMakeFiles/modules.dir/mod-playerbots/src/Ai/Class/Mage/Strategy/FireMageStrategy.cpp.o
#25 234.0 [1505/1829] Building CXX object modules/CMakeFiles/modules.dir/mod-playerbots/src/Ai/Class/Mage/Strategy/ArcaneMageStrategy.cpp.o
#25 234.9 [1506/1829] Building CXX object modules/CMakeFiles/modules.dir/mod-playerbots/src/Ai/Class/Mage/Strategy/FrostFireMageStrategy.cpp.o
#25 235.0 [1507/1829] Building CXX object modules/CMakeFiles/modules.dir/mod-playerbots/src/Ai/Class/Mage/MageTriggers.cpp.o
#25 236.4 [1508/1829] Building CXX object modules/CMakeFiles/modules.dir/mod-playerbots/src/Ai/Class/Paladin/Strategy/GenericPaladinStrategy.cpp.o
#25 236.5 [1509/1829] Building CXX object modules/CMakeFiles/modules.dir/mod-playerbots/src/Ai/Class/Mage/Strategy/FrostMageStrategy.cpp.o
#25 237.5 [1510/1829] Building CXX object modules/CMakeFiles/modules.dir/mod-playerbots/src/Ai/Class/Mage/MageAiObjectContext.cpp.o
#25 238.6 [1511/1829] Building CXX object modules/CMakeFiles/modules.dir/mod-playerbots/src/Ai/Class/Mage/Strategy/GenericMageNonCombatStrategy.cpp.o
#25 239.8 [1512/1829] Building CXX object modules/CMakeFiles/modules.dir/mod-playerbots/src/Ai/Class/Mage/Strategy/GenericMageStrategy.cpp.o
#25 241.1 [1513/1829] Building CXX object modules/CMakeFiles/modules.dir/mod-playerbots/src/Ai/Class/Paladin/PaladinTriggers.cpp.o
#25 242.8 [1514/1829] Building CXX object modules/CMakeFiles/modules.dir/mod-playerbots/src/Ai/Class/Paladin/Actions/PaladinActions.cpp.o
#25 244.8 [1515/1829] Building CXX object modules/CMakeFiles/modules.dir/mod-playerbots/src/Ai/Class/Paladin/Strategy/GenericPaladinNonCombatStrategy.cpp.o
#25 245.5 [1516/1829] Building CXX object modules/CMakeFiles/modules.dir/mod-playerbots/src/Ai/Class/Paladin/Strategy/DpsPaladinStrategy.cpp.o
#25 247.1 [1517/1829] Building CXX object modules/CMakeFiles/modules.dir/mod-playerbots/src/Ai/Class/Paladin/Strategy/HealPaladinStrategy.cpp.o
#25 247.4 [1518/1829] Building CXX object modules/CMakeFiles/modules.dir/mod-playerbots/src/Ai/Class/Paladin/PaladinAiObjectContext.cpp.o
#25 248.1 [1519/1829] Building CXX object modules/CMakeFiles/modules.dir/mod-playerbots/src/Ai/Class/Paladin/Actions/PaladinGreaterBlessingAction.cpp.o
#25 252.0 [1520/1829] Building CXX object modules/CMakeFiles/modules.dir/mod-playerbots/src/Ai/Class/Paladin/Strategy/PaladinPullStrategy.cpp.o
#25 252.7 [1521/1829] Building CXX object modules/CMakeFiles/modules.dir/mod-playerbots/src/Ai/Class/Paladin/Strategy/PaladinBuffStrategies.cpp.o
#25 253.1 [1522/1829] Building CXX object modules/CMakeFiles/modules.dir/mod-playerbots/src/Ai/Class/Paladin/Strategy/OffhealRetPaladinStrategy.cpp.o
#25 254.1 [1523/1829] Building CXX object modules/CMakeFiles/modules.dir/mod-playerbots/src/Ai/Class/Paladin/Strategy/TankPaladinStrategy.cpp.o
#25 254.6 [1524/1829] Building CXX object modules/CMakeFiles/modules.dir/mod-playerbots/src/Ai/Class/Priest/PriestActions.cpp.o
#25 255.9 [1525/1829] Building CXX object modules/CMakeFiles/modules.dir/mod-playerbots/src/Ai/Class/Priest/PriestTriggers.cpp.o
#25 258.6 [1526/1829] Building CXX object modules/CMakeFiles/modules.dir/mod-playerbots/src/Ai/Class/Priest/Strategy/GenericPriestStrategy.cpp.o
#25 260.4 [1527/1829] Building CXX object modules/CMakeFiles/modules.dir/mod-playerbots/src/Ai/Class/Priest/Strategy/HealPriestStrategy.cpp.o
#25 260.8 [1528/1829] Building CXX object modules/CMakeFiles/modules.dir/mod-playerbots/src/Ai/Class/Priest/Strategy/HolyPriestStrategy.cpp.o
#25 261.4 [1529/1829] Building CXX object modules/CMakeFiles/modules.dir/mod-playerbots/src/Ai/Class/Priest/PriestAiObjectContext.cpp.o
#25 261.8 [1530/1829] Building CXX object modules/CMakeFiles/modules.dir/mod-playerbots/src/Ai/Class/Priest/Strategy/PriestNonCombatStrategy.cpp.o
#25 263.8 [1531/1829] Building CXX object modules/CMakeFiles/modules.dir/mod-playerbots/src/Ai/Class/Priest/Strategy/ShadowPriestStrategy.cpp.o
#25 265.5 [1532/1829] Building CXX object modules/CMakeFiles/modules.dir/mod-playerbots/src/Ai/Class/Rogue/Action/RogueComboActions.cpp.o
#25 265.6 [1533/1829] Building CXX object modules/CMakeFiles/modules.dir/mod-playerbots/src/Ai/Class/Rogue/RogueTriggers.cpp.o
#25 266.3 [1534/1829] Building CXX object modules/CMakeFiles/modules.dir/mod-playerbots/src/Ai/Class/Rogue/Action/RogueActions.cpp.o
#25 267.3 [1535/1829] Building CXX object modules/CMakeFiles/modules.dir/mod-playerbots/src/Ai/Class/Rogue/RogueAiObjectContext.cpp.o
#25 270.5 [1536/1829] Building CXX object modules/CMakeFiles/modules.dir/mod-playerbots/src/Ai/Class/Rogue/Action/RogueOpeningActions.cpp.o
#25 270.7 [1537/1829] Building CXX object modules/CMakeFiles/modules.dir/mod-playerbots/src/Ai/Class/Rogue/Strategy/AssassinationRogueStrategy.cpp.o
#25 272.2 [1538/1829] Building CXX object modules/CMakeFiles/modules.dir/mod-playerbots/src/Ai/Class/Rogue/Strategy/GenericRogueNonCombatStrategy.cpp.o
#25 272.4 [1539/1829] Building CXX object modules/CMakeFiles/modules.dir/mod-playerbots/src/Ai/Class/Shaman/ShamanActions.cpp.o
#25 273.6 [1540/1829] Building CXX object modules/CMakeFiles/modules.dir/mod-playerbots/src/Ai/Class/Rogue/Strategy/DpsRogueStrategy.cpp.o
#25 277.4 [1541/1829] Building CXX object modules/CMakeFiles/modules.dir/mod-playerbots/src/Ai/Class/Shaman/ShamanTriggers.cpp.o
#25 278.7 [1542/1829] Building CXX object modules/CMakeFiles/modules.dir/mod-playerbots/src/Ai/Class/Shaman/Strategy/ElementalShamanStrategy.cpp.o
#25 279.8 [1543/1829] Building CXX object modules/CMakeFiles/modules.dir/mod-playerbots/src/Ai/Class/Shaman/Strategy/EnhancementShamanStrategy.cpp.o
#25 280.3 [1544/1829] Building CXX object modules/CMakeFiles/modules.dir/mod-playerbots/src/Ai/Class/Shaman/Strategy/GenericShamanStrategy.cpp.o
#25 280.9 [1545/1829] Building CXX object modules/CMakeFiles/modules.dir/mod-playerbots/src/Ai/Class/Shaman/Strategy/RestoShamanStrategy.cpp.o
#25 281.2 [1546/1829] Building CXX object modules/CMakeFiles/modules.dir/mod-playerbots/src/Ai/Class/Shaman/ShamanAiObjectContext.cpp.o
#25 283.0 [1547/1829] Building CXX object modules/CMakeFiles/modules.dir/mod-playerbots/src/Ai/Class/Warlock/Strategy/GenericWarlockStrategy.cpp.o
#25 283.7 [1548/1829] Building CXX object modules/CMakeFiles/modules.dir/mod-playerbots/src/Ai/Class/Shaman/Strategy/ShamanNonCombatStrategy.cpp.o
#25 284.6 [1549/1829] Building CXX object modules/CMakeFiles/modules.dir/mod-playerbots/src/Ai/Class/Warlock/WarlockActions.cpp.o
#25 284.6 [1550/1829] Building CXX object modules/CMakeFiles/modules.dir/mod-playerbots/src/Ai/Class/Shaman/Strategy/TotemsShamanStrategy.cpp.o
#25 285.6 [1551/1829] Building CXX object modules/CMakeFiles/modules.dir/mod-playerbots/src/Ai/Class/Warlock/Strategy/TankWarlockStrategy.cpp.o
#25 285.9 [1552/1829] Building CXX object modules/CMakeFiles/modules.dir/mod-playerbots/src/Ai/Class/Warlock/WarlockTriggers.cpp.o
#25 288.7 [1553/1829] Building CXX object modules/CMakeFiles/modules.dir/mod-playerbots/src/Ai/Class/Warlock/Strategy/AfflictionWarlockStrategy.cpp.o
#25 289.0 [1554/1829] Building CXX object modules/CMakeFiles/modules.dir/mod-playerbots/src/Ai/Class/Warlock/Strategy/DemonologyWarlockStrategy.cpp.o
#25 289.6 [1555/1829] Building CXX object modules/CMakeFiles/modules.dir/mod-playerbots/src/Ai/Class/Warlock/Strategy/DestructionWarlockStrategy.cpp.o
#25 290.7 [1556/1829] Building CXX object modules/CMakeFiles/modules.dir/mod-playerbots/src/Ai/Class/Warrior/Strategy/ArmsWarriorStrategy.cpp.o
#25 290.8 [1557/1829] Building CXX object modules/CMakeFiles/modules.dir/mod-playerbots/src/Ai/Class/Warlock/WarlockAiObjectContext.cpp.o
#25 291.2 [1558/1829] Building CXX object modules/CMakeFiles/modules.dir/mod-playerbots/src/Ai/Class/Warrior/Strategy/FuryWarriorStrategy.cpp.o
#25 291.9 [1559/1829] Building CXX object modules/CMakeFiles/modules.dir/mod-playerbots/src/Ai/Class/Warlock/Strategy/GenericWarlockNonCombatStrategy.cpp.o
#25 297.5 [1560/1829] Building CXX object modules/CMakeFiles/modules.dir/mod-playerbots/src/Ai/Class/Warrior/WarriorActions.cpp.o
#25 298.6 [1561/1829] Building CXX object modules/CMakeFiles/modules.dir/mod-playerbots/src/Ai/Class/Warrior/WarriorTriggers.cpp.o
#25 299.1 [1562/1829] Building CXX object modules/CMakeFiles/modules.dir/mod-playerbots/src/Ai/Dungeon/AK/AKStrategy.cpp.o
#25 300.7 [1563/1829] Building CXX object modules/CMakeFiles/modules.dir/mod-playerbots/src/Ai/Class/Warrior/Strategy/WarriorPullStrategy.cpp.o
#25 301.7 [1564/1829] Building CXX object modules/CMakeFiles/modules.dir/mod-playerbots/src/Ai/Class/Warrior/Strategy/GenericWarriorNonCombatStrategy.cpp.o
#25 301.7 [1565/1829] Building CXX object modules/CMakeFiles/modules.dir/mod-playerbots/src/Ai/Dungeon/AC/ACStrategy.cpp.o
#25 302.3 [1566/1829] Building CXX object modules/CMakeFiles/modules.dir/mod-playerbots/src/Ai/Class/Warrior/Strategy/TankWarriorStrategy.cpp.o
#25 302.5 [1567/1829] Building CXX object modules/CMakeFiles/modules.dir/mod-playerbots/src/Ai/Class/Warrior/Strategy/GenericWarriorStrategy.cpp.o
#25 302.9 [1568/1829] Building CXX object modules/CMakeFiles/modules.dir/mod-playerbots/src/Ai/Dungeon/AC/ACActions.cpp.o
#25 302.9 [1569/1829] Building CXX object modules/CMakeFiles/modules.dir/mod-playerbots/src/Ai/Class/Warrior/WarriorAiObjectContext.cpp.o
#25 304.0 [1570/1829] Building CXX object modules/CMakeFiles/modules.dir/mod-playerbots/src/Ai/Dungeon/AC/ACMultipliers.cpp.o
#25 307.0 [1571/1829] Building CXX object modules/CMakeFiles/modules.dir/mod-playerbots/src/Ai/Dungeon/AN/ANStrategy.cpp.o
#25 307.0 [1572/1829] Building CXX object modules/CMakeFiles/modules.dir/mod-playerbots/src/Ai/Dungeon/AC/ACTriggers.cpp.o
#25 307.2 [1573/1829] Building CXX object modules/CMakeFiles/modules.dir/mod-playerbots/src/Ai/Dungeon/AK/AKActions.cpp.o
#25 308.7 [1574/1829] Building CXX object modules/CMakeFiles/modules.dir/mod-playerbots/src/Ai/Dungeon/AK/AKMultipliers.cpp.o
#25 308.8 [1575/1829] Building CXX object modules/CMakeFiles/modules.dir/mod-playerbots/src/Ai/Dungeon/AK/AKTriggers.cpp.o
#25 309.6 [1576/1829] Building CXX object modules/CMakeFiles/modules.dir/mod-playerbots/src/Ai/Dungeon/AN/ANActions.cpp.o
#25 310.2 [1577/1829] Building CXX object modules/CMakeFiles/modules.dir/mod-playerbots/src/Ai/Dungeon/CoS/CoSStrategy.cpp.o
#25 311.5 [1578/1829] Building CXX object modules/CMakeFiles/modules.dir/mod-playerbots/src/Ai/Dungeon/DTK/DTKStrategy.cpp.o
#25 315.0 [1579/1829] Building CXX object modules/CMakeFiles/modules.dir/mod-playerbots/src/Ai/Dungeon/AN/ANMultipliers.cpp.o
#25 315.6 [1580/1829] Building CXX object modules/CMakeFiles/modules.dir/mod-playerbots/src/Ai/Dungeon/FoS/FoSStrategy.cpp.o
#25 316.5 [1581/1829] Building CXX object modules/CMakeFiles/modules.dir/mod-playerbots/src/Ai/Dungeon/AN/ANTriggers.cpp.o
#25 318.3 [1582/1829] Building CXX object modules/CMakeFiles/modules.dir/mod-playerbots/src/Ai/Dungeon/CoS/CoSActions.cpp.o
#25 318.5 [1583/1829] Building CXX object modules/CMakeFiles/modules.dir/mod-playerbots/src/Ai/Dungeon/CoS/CoSMultipliers.cpp.o
#25 319.0 [1584/1829] Building CXX object modules/CMakeFiles/modules.dir/mod-playerbots/src/Ai/Dungeon/GD/GDStrategy.cpp.o
#25 319.7 [1585/1829] Building CXX object modules/CMakeFiles/modules.dir/mod-playerbots/src/Ai/Dungeon/CoS/CoSTriggers.cpp.o
#25 320.0 [1586/1829] Building CXX object modules/CMakeFiles/modules.dir/mod-playerbots/src/Ai/Dungeon/DTK/DTKActions.cpp.o
#25 321.3 [1587/1829] Building CXX object modules/CMakeFiles/modules.dir/mod-playerbots/src/Ai/Dungeon/DTK/DTKMultipliers.cpp.o
#25 321.4 [1588/1829] Building CXX object modules/CMakeFiles/modules.dir/mod-playerbots/src/Ai/Dungeon/DTK/DTKTriggers.cpp.o
#25 324.6 [1589/1829] Building CXX object modules/CMakeFiles/modules.dir/mod-playerbots/src/Ai/Dungeon/FoS/FoSMultipliers.cpp.o
#25 324.7 [1590/1829] Building CXX object modules/CMakeFiles/modules.dir/mod-playerbots/src/Ai/Dungeon/FoS/FoSActions.cpp.o
#25 324.7 [1591/1829] Building CXX object modules/CMakeFiles/modules.dir/mod-playerbots/src/Ai/Dungeon/HoL/HoLStrategy.cpp.o
#25 325.6 [1592/1829] Building CXX object modules/CMakeFiles/modules.dir/mod-playerbots/src/Ai/Dungeon/GD/GDActions.cpp.o
#25 326.1 [1593/1829] Building CXX object modules/CMakeFiles/modules.dir/mod-playerbots/src/Ai/Dungeon/FoS/FoSTriggers.cpp.o
#25 327.2 [1594/1829] Building CXX object modules/CMakeFiles/modules.dir/mod-playerbots/src/Ai/Dungeon/GD/GDMultipliers.cpp.o
#25 327.9 [1595/1829] Building CXX object modules/CMakeFiles/modules.dir/mod-playerbots/src/Ai/Dungeon/HoS/HoSStrategy.cpp.o
#25 329.6 [1596/1829] Building CXX object modules/CMakeFiles/modules.dir/mod-playerbots/src/Ai/Dungeon/GD/GDTriggers.cpp.o
#25 332.7 [1597/1829] Building CXX object modules/CMakeFiles/modules.dir/mod-playerbots/src/Ai/Dungeon/HoL/HoLMultipliers.cpp.o
#25 333.5 [1598/1829] Building CXX object modules/CMakeFiles/modules.dir/mod-playerbots/src/Ai/Dungeon/HoL/HoLActions.cpp.o
#25 335.8 [1599/1829] Building CXX object modules/CMakeFiles/modules.dir/mod-playerbots/src/Ai/Dungeon/Nex/NexStrategy.cpp.o
#25 335.9 [1600/1829] Building CXX object modules/CMakeFiles/modules.dir/mod-playerbots/src/Ai/Dungeon/HoS/HoSActions.cpp.o
#25 336.5 [1601/1829] Building CXX object modules/CMakeFiles/modules.dir/mod-playerbots/src/Ai/Dungeon/HoS/HoSMultipliers.cpp.o
#25 336.5 [1602/1829] Building CXX object modules/CMakeFiles/modules.dir/mod-playerbots/src/Ai/Dungeon/HoL/HoLTriggers.cpp.o
#25 337.6 [1603/1829] Building CXX object modules/CMakeFiles/modules.dir/mod-playerbots/src/Ai/Dungeon/Mech/MechStrategy.cpp.o
#25 338.1 [1604/1829] Building CXX object modules/CMakeFiles/modules.dir/mod-playerbots/src/Ai/Dungeon/HoS/HoSTriggers.cpp.o
#25 338.9 [1605/1829] Building CXX object modules/CMakeFiles/modules.dir/mod-playerbots/src/Ai/Dungeon/Mech/MechMultipliers.cpp.o
#25 339.9 [1606/1829] Building CXX object modules/CMakeFiles/modules.dir/mod-playerbots/src/Ai/Dungeon/Mech/MechActions.cpp.o
#25 341.5 [1607/1829] Building CXX object modules/CMakeFiles/modules.dir/mod-playerbots/src/Ai/Dungeon/OC/OCStrategy.cpp.o
#25 342.7 [1608/1829] Building CXX object modules/CMakeFiles/modules.dir/mod-playerbots/src/Ai/Dungeon/Mech/MechTriggers.cpp.o
#25 343.1 [1609/1829] Building CXX object modules/CMakeFiles/modules.dir/mod-playerbots/src/Ai/Dungeon/Mech/MechShared.cpp.o
#25 343.8 [1610/1829] Building CXX object modules/CMakeFiles/modules.dir/mod-playerbots/src/Ai/Dungeon/Nex/NexActions.cpp.o
#25 344.5 [1611/1829] Building CXX object modules/CMakeFiles/modules.dir/mod-playerbots/src/Ai/Dungeon/Nex/NexMultipliers.cpp.o
#25 344.6 [1612/1829] Building CXX object modules/CMakeFiles/modules.dir/mod-playerbots/src/Ai/Dungeon/PoS/PoSStrategy.cpp.o
#25 345.6 [1613/1829] Building CXX object modules/CMakeFiles/modules.dir/mod-playerbots/src/Ai/Dungeon/Nex/NexTriggers.cpp.o
#25 348.5 [1614/1829] Building CXX object modules/CMakeFiles/modules.dir/mod-playerbots/src/Ai/Dungeon/OC/OCActions.cpp.o
#25 349.0 [1615/1829] Building CXX object modules/CMakeFiles/modules.dir/mod-playerbots/src/Ai/Dungeon/Seth/SethStrategy.cpp.o
#25 350.1 [1616/1829] Building CXX object modules/CMakeFiles/modules.dir/mod-playerbots/src/Ai/Dungeon/OC/OCMultipliers.cpp.o
#25 352.7 [1617/1829] Building CXX object modules/CMakeFiles/modules.dir/mod-playerbots/src/Ai/Dungeon/TOC/TOCStrategy.cpp.o
#25 353.6 [1618/1829] Building CXX object modules/CMakeFiles/modules.dir/mod-playerbots/src/Ai/Dungeon/OC/OCTriggers.cpp.o
#25 353.9 [1619/1829] Building CXX object modules/CMakeFiles/modules.dir/mod-playerbots/src/Ai/Dungeon/PoS/PoSMultipliers.cpp.o
#25 354.2 [1620/1829] Building CXX object modules/CMakeFiles/modules.dir/mod-playerbots/src/Ai/Dungeon/PoS/PoSActions.cpp.o
#25 355.0 [1621/1829] Building CXX object modules/CMakeFiles/modules.dir/mod-playerbots/src/Ai/Dungeon/PoS/PoSTriggers.cpp.o
#25 355.7 [1622/1829] Building CXX object modules/CMakeFiles/modules.dir/mod-playerbots/src/Ai/Dungeon/Seth/SethActions.cpp.o
#25 356.5 [1623/1829] Building CXX object modules/CMakeFiles/modules.dir/mod-playerbots/src/Ai/Dungeon/UK/UKStrategy.cpp.o
#25 356.8 [1624/1829] Building CXX object modules/CMakeFiles/modules.dir/mod-playerbots/src/Ai/Dungeon/Seth/SethMultipliers.cpp.o
#25 359.7 [1625/1829] Building CXX object modules/CMakeFiles/modules.dir/mod-playerbots/src/Ai/Dungeon/Seth/SethTriggers.cpp.o
#25 360.4 [1626/1829] Building CXX object modules/CMakeFiles/modules.dir/mod-playerbots/src/Ai/Dungeon/TOC/TOCMultipliers.cpp.o
#25 362.0 [1627/1829] Building CXX object modules/CMakeFiles/modules.dir/mod-playerbots/src/Ai/Dungeon/UP/UPStrategy.cpp.o
#25 362.2 [1628/1829] Building CXX object modules/CMakeFiles/modules.dir/mod-playerbots/src/Ai/Dungeon/TOC/TOCActions.cpp.o
#25 362.3 [1629/1829] Building CXX object modules/CMakeFiles/modules.dir/mod-playerbots/src/Ai/Dungeon/UK/UKActions.cpp.o
#25 362.9 [1630/1829] Building CXX object modules/CMakeFiles/modules.dir/mod-playerbots/src/Ai/Dungeon/TOC/TOCTriggers.cpp.o
#25 362.9 [1631/1829] Building CXX object modules/CMakeFiles/modules.dir/mod-playerbots/src/Ai/Dungeon/UK/UKMultipliers.cpp.o
#25 363.9 [1632/1829] Building CXX object modules/CMakeFiles/modules.dir/mod-playerbots/src/Ai/Dungeon/VH/VHStrategy.cpp.o
#25 366.7 [1633/1829] Building CXX object modules/CMakeFiles/modules.dir/mod-playerbots/src/Ai/Dungeon/UK/UKTriggers.cpp.o
#25 367.5 [1634/1829] Building CXX object modules/CMakeFiles/modules.dir/mod-playerbots/src/Ai/Raid/Aq20/Aq20Strategy.cpp.o
#25 367.8 [1635/1829] Building CXX object modules/CMakeFiles/modules.dir/mod-playerbots/src/Ai/Dungeon/UP/UPActions.cpp.o
#25 369.3 [1636/1829] Building CXX object modules/CMakeFiles/modules.dir/mod-playerbots/src/Ai/Raid/Aq20/Aq20Utils.cpp.o
#25 370.4 [1637/1829] Building CXX object modules/CMakeFiles/modules.dir/mod-playerbots/src/Ai/Dungeon/UP/UPMultipliers.cpp.o
#25 371.5 [1638/1829] Building CXX object modules/CMakeFiles/modules.dir/mod-playerbots/src/Ai/Dungeon/UP/UPTriggers.cpp.o
#25 371.8 [1639/1829] Building CXX object modules/CMakeFiles/modules.dir/mod-playerbots/src/Ai/Dungeon/VH/VHActions.cpp.o
#25 372.2 [1640/1829] Building CXX object modules/CMakeFiles/modules.dir/mod-playerbots/src/Ai/Dungeon/VH/VHMultipliers.cpp.o
#25 373.4 [1641/1829] Building CXX object modules/CMakeFiles/modules.dir/mod-playerbots/src/Ai/Dungeon/VH/VHTriggers.cpp.o
#25 375.3 [1642/1829] Building CXX object modules/CMakeFiles/modules.dir/mod-playerbots/src/Ai/Raid/Aq20/Aq20Actions.cpp.o
#25 375.4 [1643/1829] Building CXX object modules/CMakeFiles/modules.dir/mod-playerbots/src/Ai/Raid/BT/BTStrategy.cpp.o
#25 377.4 [1644/1829] Building CXX object modules/CMakeFiles/modules.dir/mod-playerbots/src/Ai/Raid/Aq20/Aq20Triggers.cpp.o
#25 379.0 [1645/1829] Building CXX object modules/CMakeFiles/modules.dir/mod-playerbots/src/Ai/Raid/BWL/BWLStrategy.cpp.o
#25 381.1 [1646/1829] Building CXX object modules/CMakeFiles/modules.dir/mod-playerbots/src/Ai/Raid/EoE/EoEStrategy.cpp.o
#25 383.5 [1647/1829] Building CXX object modules/CMakeFiles/modules.dir/mod-playerbots/src/Ai/Raid/BWL/BWLHelpers.cpp.o
#25 383.5 [1648/1829] Building CXX object modules/CMakeFiles/modules.dir/mod-playerbots/src/Ai/Raid/BT/BTHelpers.cpp.o
#25 383.5 /azerothcore/modules/mod-playerbots/src/Ai/Raid/BT/BTHelpers.cpp:107:60: warning: unused parameter 'botAI' [-Wunused-parameter]
#25 383.5   107 | TankPositionState GetShahrazTankPositionState(PlayerbotAI* botAI, Player* bot)
#25 383.5       |                                                            ^
#25 383.5 1 warning generated.
#25 383.6 [1649/1829] Building CXX object modules/CMakeFiles/modules.dir/mod-playerbots/src/Ai/Raid/BT/BTMultipliers.cpp.o
#25 385.1 [1650/1829] Building CXX object modules/CMakeFiles/modules.dir/mod-playerbots/src/Ai/Raid/BWL/BWLMultipliers.cpp.o
#25 385.3 [1651/1829] Building CXX object modules/CMakeFiles/modules.dir/mod-playerbots/src/Ai/Raid/BT/BTTriggers.cpp.o
#25 386.0 [1652/1829] Building CXX object modules/CMakeFiles/modules.dir/mod-playerbots/src/Ai/Raid/BT/BTActions.cpp.o
#25 386.1 [1653/1829] Building CXX object modules/CMakeFiles/modules.dir/mod-playerbots/src/Ai/Raid/BWL/BWLActions.cpp.o
#25 387.6 [1654/1829] Building CXX object modules/CMakeFiles/modules.dir/mod-playerbots/src/Ai/Raid/Gruul/GruulStrategy.cpp.o
#25 388.5 [1655/1829] Building CXX object modules/CMakeFiles/modules.dir/mod-playerbots/src/Ai/Raid/BWL/BWLTriggers.cpp.o
#25 389.3 [1656/1829] Building CXX object modules/CMakeFiles/modules.dir/mod-playerbots/src/Ai/Raid/EoE/EoEActions.cpp.o
#25 390.2 [1657/1829] Building CXX object modules/CMakeFiles/modules.dir/mod-playerbots/src/Ai/Raid/EoE/EoEMultipliers.cpp.o
#25 391.2 [1658/1829] Building CXX object modules/CMakeFiles/modules.dir/mod-playerbots/src/Ai/Raid/EoE/EoETriggers.cpp.o
#25 393.3 [1659/1829] Building CXX object modules/CMakeFiles/modules.dir/mod-playerbots/src/Ai/Raid/Gruul/GruulActions.cpp.o
#25 393.3 [1660/1829] Building CXX object modules/CMakeFiles/modules.dir/mod-playerbots/src/Ai/Raid/Gruul/GruulHelpers.cpp.o
#25 393.3 [1661/1829] Building CXX object modules/CMakeFiles/modules.dir/mod-playerbots/src/Ai/Raid/Hyjal/HyjalStrategy.cpp.o
#25 395.0 [1662/1829] Building CXX object modules/CMakeFiles/modules.dir/mod-playerbots/src/Ai/Raid/Gruul/GruulMultipliers.cpp.o
#25 400.0 [1663/1829] Building CXX object modules/CMakeFiles/modules.dir/mod-playerbots/src/Ai/Raid/Gruul/GruulTriggers.cpp.o
#25 400.3 [1664/1829] Building CXX object modules/CMakeFiles/modules.dir/mod-playerbots/src/Ai/Raid/ICC/ICCStrategy.cpp.o
#25 401.6 [1665/1829] Building CXX object modules/CMakeFiles/modules.dir/mod-playerbots/src/Ai/Raid/Hyjal/HyjalMultipliers.cpp.o
#25 403.0 [1666/1829] Building CXX object modules/CMakeFiles/modules.dir/mod-playerbots/src/Ai/Raid/Hyjal/HyjalTriggers.cpp.o
#25 403.4 [1667/1829] Building CXX object modules/CMakeFiles/modules.dir/mod-playerbots/src/Ai/Raid/Hyjal/HyjalActions.cpp.o
#25 403.8 [1668/1829] Building CXX object modules/CMakeFiles/modules.dir/mod-playerbots/src/Ai/Raid/Hyjal/Util/HyjalHelpers.cpp.o
#25 403.8 /azerothcore/modules/mod-playerbots/src/Ai/Raid/Hyjal/Util/HyjalHelpers.cpp:168:61: warning: unused parameter 'botAI' [-Wunused-parameter]
#25 403.8   168 | TankPositionState GetKazrogalTankPositionState(PlayerbotAI* botAI, Player* bot)
#25 403.8       |                                                             ^
#25 403.8 /azerothcore/modules/mod-playerbots/src/Ai/Raid/Hyjal/Util/HyjalHelpers.cpp:209:60: warning: unused parameter 'botAI' [-Wunused-parameter]
#25 403.8   209 | TankPositionState GetAzgalorTankPositionState(PlayerbotAI* botAI, Player* bot)
#25 403.8       |                                                            ^
#25 403.8 2 warnings generated.
#25 405.2 [1669/1829] Building CXX object modules/CMakeFiles/modules.dir/mod-playerbots/src/Ai/Raid/Hyjal/Util/HyjalScripts.cpp.o
#25 405.2 /azerothcore/modules/mod-playerbots/src/Ai/Raid/Hyjal/Util/HyjalScripts.cpp:39:63: warning: unused parameter 'botAI' [-Wunused-parameter]
#25 405.2    39 | static bool ShouldInterruptForArchimondeAirBurst(PlayerbotAI* botAI, Player* bot, Player* target)
#25 405.2       |                                                               ^
#25 405.2 1 warning generated.
#25 407.6 [1670/1829] Building CXX object modules/CMakeFiles/modules.dir/mod-playerbots/src/Ai/Raid/ICC/ICCScripts.cpp.o
#25 407.7 [1671/1829] Building CXX object modules/CMakeFiles/modules.dir/mod-playerbots/src/Ai/Raid/ICC/ICCMultipliers.cpp.o
#25 408.5 [1672/1829] Building CXX object modules/CMakeFiles/modules.dir/mod-playerbots/src/Ai/Raid/ICC/ICCShared.cpp.o
#25 411.0 [1673/1829] Building CXX object modules/CMakeFiles/modules.dir/mod-playerbots/src/Ai/Raid/ICC/ICCTriggers.cpp.o
#25 412.2 [1674/1829] Building CXX object modules/CMakeFiles/modules.dir/mod-playerbots/src/Ai/Raid/ICC/Action/ICCActions_Dogs.cpp.o
#25 412.4 [1675/1829] Building CXX object modules/CMakeFiles/modules.dir/mod-playerbots/src/Ai/Raid/ICC/Action/ICCActions_DBS.cpp.o
#25 412.5 [1676/1829] Building CXX object modules/CMakeFiles/modules.dir/mod-playerbots/src/Ai/Raid/ICC/Action/ICCActions_BPC.cpp.o
#25 414.3 [1677/1829] Building CXX object modules/CMakeFiles/modules.dir/mod-playerbots/src/Ai/Raid/ICC/Action/ICCActions_BQL.cpp.o
#25 415.8 [1678/1829] Building CXX object modules/CMakeFiles/modules.dir/mod-playerbots/src/Ai/Raid/ICC/Action/ICCActions_FG.cpp.o
#25 419.7 [1679/1829] Building CXX object modules/CMakeFiles/modules.dir/mod-playerbots/src/Ai/Raid/ICC/Action/ICCActions_GSB.cpp.o
#25 420.2 [1680/1829] Building CXX object modules/CMakeFiles/modules.dir/mod-playerbots/src/Ai/Raid/ICC/Action/ICCActions_LDW.cpp.o
#25 423.0 [1681/1829] Building CXX object modules/CMakeFiles/modules.dir/mod-playerbots/src/Ai/Raid/ICC/Action/ICCActions_LM.cpp.o
#25 424.4 [1682/1829] Building CXX object modules/CMakeFiles/modules.dir/mod-playerbots/src/Ai/Raid/ICC/Action/ICCActions_PP.cpp.o
#25 425.1 [1683/1829] Building CXX object modules/CMakeFiles/modules.dir/mod-playerbots/src/Ai/Raid/ICC/Action/ICCActions_RF.cpp.o
#25 426.0 [1684/1829] Building CXX object modules/CMakeFiles/modules.dir/mod-playerbots/src/Ai/Raid/ICC/Action/ICCActions_SS.cpp.o
#25 427.3 [1685/1829] Building CXX object modules/CMakeFiles/modules.dir/mod-playerbots/src/Ai/Raid/ICC/Action/ICCActions_LK.cpp.o
#25 428.0 [1686/1829] Building CXX object modules/CMakeFiles/modules.dir/mod-playerbots/src/Ai/Raid/ICC/Action/ICCActions_SG.cpp.o
#25 428.7 [1687/1829] Building CXX object modules/CMakeFiles/modules.dir/mod-playerbots/src/Ai/Raid/Kara/KaraActions.cpp.o
#25 429.3 [1688/1829] Building CXX object modules/CMakeFiles/modules.dir/mod-playerbots/src/Ai/Raid/Kara/KaraHelpers.cpp.o
#25 429.5 [1689/1829] Building CXX object modules/CMakeFiles/modules.dir/mod-playerbots/src/Ai/Raid/ICC/Action/ICCActions_VT.cpp.o
#25 430.5 [1690/1829] Building CXX object modules/CMakeFiles/modules.dir/mod-playerbots/src/Ai/Raid/Kara/KaraMultipliers.cpp.o
#25 430.9 [1691/1829] Building CXX object modules/CMakeFiles/modules.dir/mod-playerbots/src/Ai/Raid/Kara/KaraTriggers.cpp.o
#25 431.0 [1692/1829] Building CXX object modules/CMakeFiles/modules.dir/mod-playerbots/src/Ai/Raid/Naxx/Action/NaxxActions_Faerlina.cpp.o
#25 433.1 [1693/1829] Building CXX object modules/CMakeFiles/modules.dir/mod-playerbots/src/Ai/Raid/Kara/KaraStrategy.cpp.o
#25 433.5 [1694/1829] Building CXX object modules/CMakeFiles/modules.dir/mod-playerbots/src/Ai/Raid/MC/MCActions.cpp.o
#25 433.7 [1695/1829] Building CXX object modules/CMakeFiles/modules.dir/mod-playerbots/src/Ai/Raid/Naxx/Action/NaxxActions_Gothik.cpp.o
#25 434.0 [1696/1829] Building CXX object modules/CMakeFiles/modules.dir/mod-playerbots/src/Ai/Raid/MC/MCMultipliers.cpp.o
#25 434.4 [1697/1829] Building CXX object modules/CMakeFiles/modules.dir/mod-playerbots/src/Ai/Raid/Mag/MagStrategy.cpp.o
#25 437.7 [1698/1829] Building CXX object modules/CMakeFiles/modules.dir/mod-playerbots/src/Ai/Raid/MC/MCTriggers.cpp.o
#25 440.2 [1699/1829] Building CXX object modules/CMakeFiles/modules.dir/mod-playerbots/src/Ai/Raid/MC/MCStrategy.cpp.o
#25 440.2 [1700/1829] Building CXX object modules/CMakeFiles/modules.dir/mod-playerbots/src/Ai/Raid/Naxx/Action/NaxxActions_Maexxna.cpp.o
#25 440.4 [1701/1829] Building CXX object modules/CMakeFiles/modules.dir/mod-playerbots/src/Ai/Raid/Naxx/Action/NaxxActions_Noth.cpp.o
#25 442.3 [1702/1829] Building CXX object modules/CMakeFiles/modules.dir/mod-playerbots/src/Ai/Raid/Mag/MagMultipliers.cpp.o
#25 442.9 [1703/1829] Building CXX object modules/CMakeFiles/modules.dir/mod-playerbots/src/Ai/Raid/Mag/MagActions.cpp.o
#25 444.2 [1704/1829] Building CXX object modules/CMakeFiles/modules.dir/mod-playerbots/src/Ai/Raid/Mag/MagTriggers.cpp.o
#25 445.2 [1705/1829] Building CXX object modules/CMakeFiles/modules.dir/mod-playerbots/src/Ai/Raid/Mag/Util/MagHelpers.cpp.o
#25 446.6 [1706/1829] Building CXX object modules/CMakeFiles/modules.dir/mod-playerbots/src/Ai/Raid/Mag/Util/MagScripts.cpp.o
#25 447.6 [1707/1829] Building CXX object modules/CMakeFiles/modules.dir/mod-playerbots/src/Ai/Raid/Naxx/NaxxMultipliers.cpp.o
#25 447.7 [1708/1829] Building CXX object modules/CMakeFiles/modules.dir/mod-playerbots/src/Ai/Raid/Naxx/NaxxTriggers.cpp.o
#25 449.1 [1709/1829] Building CXX object modules/CMakeFiles/modules.dir/mod-playerbots/src/Ai/Raid/Naxx/Action/NaxxActions_Anubrekhan.cpp.o
#25 449.7 [1710/1829] Building CXX object modules/CMakeFiles/modules.dir/mod-playerbots/src/Ai/Raid/Naxx/NaxxStrategy.cpp.o
#25 449.7 [1711/1829] Building CXX object modules/CMakeFiles/modules.dir/mod-playerbots/src/Ai/Raid/Naxx/Action/NaxxActions_FourHorsemen.cpp.o
#25 451.8 [1712/1829] Building CXX object modules/CMakeFiles/modules.dir/mod-playerbots/src/Ai/Raid/Naxx/Action/NaxxActions_Gluth.cpp.o
#25 451.8 [1713/1829] Building CXX object modules/CMakeFiles/modules.dir/mod-playerbots/src/Ai/Raid/Naxx/Action/NaxxActions_Grobbulus.cpp.o
#25 452.3 [1714/1829] Building CXX object modules/CMakeFiles/modules.dir/mod-playerbots/src/Ai/Raid/Naxx/Action/NaxxActions_Heigan.cpp.o
#25 453.7 [1715/1829] Building CXX object modules/CMakeFiles/modules.dir/mod-playerbots/src/Ai/Raid/Naxx/Action/NaxxActions_Kelthuzad.cpp.o
#25 456.4 [1716/1829] Building CXX object modules/CMakeFiles/modules.dir/mod-playerbots/src/Ai/Raid/Naxx/Action/NaxxActions_Loatheb.cpp.o
#25 456.6 [1717/1829] Building CXX object modules/CMakeFiles/modules.dir/mod-playerbots/src/Ai/Raid/OS/OSStrategy.cpp.o
#25 458.8 [1718/1829] Building CXX object modules/CMakeFiles/modules.dir/mod-playerbots/src/Ai/Raid/Ony/OnyStrategy.cpp.o
#25 458.9 [1719/1829] Building CXX object modules/CMakeFiles/modules.dir/mod-playerbots/src/Ai/Raid/Naxx/Action/NaxxActions_Patchwerk.cpp.o
#25 461.8 [1720/1829] Building CXX object modules/CMakeFiles/modules.dir/mod-playerbots/src/Ai/Raid/Naxx/Action/NaxxActions_Sapphiron.cpp.o
#25 461.9 [1721/1829] Building CXX object modules/CMakeFiles/modules.dir/mod-playerbots/src/Ai/Raid/Naxx/Action/NaxxActions_Razuvious.cpp.o
#25 462.3 [1722/1829] Building CXX object modules/CMakeFiles/modules.dir/mod-playerbots/src/Ai/Raid/Naxx/Action/NaxxActions_Shared.cpp.o
#25 463.7 [1723/1829] Building CXX object modules/CMakeFiles/modules.dir/mod-playerbots/src/Ai/Raid/RS/RSStrategy.cpp.o
#25 465.1 [1724/1829] Building CXX object modules/CMakeFiles/modules.dir/mod-playerbots/src/Ai/Raid/OS/OSActions.cpp.o
#25 465.6 [1725/1829] Building CXX object modules/CMakeFiles/modules.dir/mod-playerbots/src/Ai/Raid/Naxx/Action/NaxxActions_Thaddius.cpp.o
#25 467.2 [1726/1829] Building CXX object modules/CMakeFiles/modules.dir/mod-playerbots/src/Ai/Raid/OS/OSTriggers.cpp.o
#25 468.0 [1727/1829] Building CXX object modules/CMakeFiles/modules.dir/mod-playerbots/src/Ai/Raid/Ony/OnyActions.cpp.o
#25 468.4 [1728/1829] Building CXX object modules/CMakeFiles/modules.dir/mod-playerbots/src/Ai/Raid/OS/OSMultipliers.cpp.o
#25 472.2 [1729/1829] Building CXX object modules/CMakeFiles/modules.dir/mod-playerbots/src/Ai/Raid/Ony/OnyTriggers.cpp.o
#25 475.0 [1730/1829] Building CXX object modules/CMakeFiles/modules.dir/mod-playerbots/src/Ai/Raid/RS/RSScripts.cpp.o
#25 476.2 [1731/1829] Building CXX object modules/CMakeFiles/modules.dir/mod-playerbots/src/Ai/Raid/RS/RSMultipliers.cpp.o
#25 476.5 [1732/1829] Building CXX object modules/CMakeFiles/modules.dir/mod-playerbots/src/Ai/Raid/RS/RSTriggers.cpp.o
#25 477.9 [1733/1829] Building CXX object modules/CMakeFiles/modules.dir/mod-playerbots/src/Ai/Raid/RS/Action/RSActions_ADD.cpp.o
#25 478.9 [1734/1829] Building CXX object modules/CMakeFiles/modules.dir/mod-playerbots/src/Ai/Raid/SSC/SSCStrategy.cpp.o
#25 479.8 [1735/1829] Building CXX object modules/CMakeFiles/modules.dir/mod-playerbots/src/Ai/Raid/RS/Action/RSActions_BAL.cpp.o
#25 481.1 [1736/1829] Building CXX object modules/CMakeFiles/modules.dir/mod-playerbots/src/Ai/Raid/RS/Action/RSActions_SAV.cpp.o
#25 481.4 [1737/1829] Building CXX object modules/CMakeFiles/modules.dir/mod-playerbots/src/Ai/Raid/RS/Action/RSActions_HAL.cpp.o
#25 481.6 [1738/1829] Building CXX object modules/CMakeFiles/modules.dir/mod-playerbots/src/Ai/Raid/RS/Action/RSActions_ZAR.cpp.o
#25 483.6 [1739/1829] Building CXX object modules/CMakeFiles/modules.dir/mod-playerbots/src/Ai/Raid/TK/TKStrategy.cpp.o
#25 483.9 [1740/1829] Building CXX object modules/CMakeFiles/modules.dir/mod-playerbots/src/Ai/Raid/SSC/SSCHelpers.cpp.o
#25 484.9 [1741/1829] Building CXX object modules/CMakeFiles/modules.dir/mod-playerbots/src/Ai/Raid/SSC/SSCMultipliers.cpp.o
#25 487.7 [1742/1829] Building CXX object modules/CMakeFiles/modules.dir/mod-playerbots/src/Ai/Raid/SSC/SSCActions.cpp.o
#25 488.7 [1743/1829] Building CXX object modules/CMakeFiles/modules.dir/mod-playerbots/src/Ai/Raid/SSC/SSCTriggers.cpp.o
#25 489.7 [1744/1829] Building CXX object modules/CMakeFiles/modules.dir/mod-playerbots/src/Ai/Raid/TK/TKMultipliers.cpp.o
#25 490.7 [1745/1829] Building CXX object modules/CMakeFiles/modules.dir/mod-playerbots/src/Ai/Raid/VoA/VoAStrategy.cpp.o
#25 492.1 [1746/1829] Building CXX object modules/CMakeFiles/modules.dir/mod-playerbots/src/Ai/Raid/TK/TKActions.cpp.o
#25 492.3 [1747/1829] Building CXX object modules/CMakeFiles/modules.dir/mod-playerbots/src/Ai/Raid/Uld/UldStrategy.cpp.o
#25 492.5 [1748/1829] Building CXX object modules/CMakeFiles/modules.dir/mod-playerbots/src/Ai/Raid/TK/Util/TKScripts.cpp.o
#25 494.7 [1749/1829] Building CXX object modules/CMakeFiles/modules.dir/mod-playerbots/src/Ai/Raid/TK/TKTriggers.cpp.o
#25 495.7 [1750/1829] Building CXX object modules/CMakeFiles/modules.dir/mod-playerbots/src/Ai/Raid/TK/Util/TKHelpers.cpp.o
#25 499.3 [1751/1829] Building CXX object modules/CMakeFiles/modules.dir/mod-playerbots/src/Ai/Raid/ZA/ZAStrategy.cpp.o
#25 500.5 [1752/1829] Building CXX object modules/CMakeFiles/modules.dir/mod-playerbots/src/Ai/Raid/VoA/VoAActions.cpp.o
#25 501.0 [1753/1829] Building CXX object modules/CMakeFiles/modules.dir/mod-playerbots/src/Ai/Raid/Uld/Util/UldBossHelper.cpp.o
#25 501.2 [1754/1829] Building CXX object modules/CMakeFiles/modules.dir/mod-playerbots/src/Ai/Raid/Uld/UldActions.cpp.o
#25 502.0 [1755/1829] Building CXX object modules/CMakeFiles/modules.dir/mod-playerbots/src/Ai/Raid/VoA/VoATriggers.cpp.o
#25 503.0 [1756/1829] Building CXX object modules/CMakeFiles/modules.dir/mod-playerbots/src/Ai/Raid/Uld/UldTriggers.cpp.o
#25 503.2 [1757/1829] Building CXX object modules/CMakeFiles/modules.dir/mod-playerbots/src/Ai/Raid/ZA/ZAActions.cpp.o
#25 504.0 [1758/1829] Building CXX object modules/CMakeFiles/modules.dir/mod-playerbots/src/Ai/Raid/ZA/ZAHelpers.cpp.o
#25 505.0 [1759/1829] Building CXX object modules/CMakeFiles/modules.dir/mod-playerbots/src/Ai/World/Rpg/NewRpgInfo.cpp.o
#25 506.6 [1760/1829] Building CXX object modules/CMakeFiles/modules.dir/mod-playerbots/src/Ai/Raid/ZA/ZAMultipliers.cpp.o
#25 508.3 [1761/1829] Building CXX object modules/CMakeFiles/modules.dir/mod-playerbots/src/Ai/Raid/ZA/ZATriggers.cpp.o
#25 508.9 [1762/1829] Building CXX object modules/CMakeFiles/modules.dir/mod-playerbots/src/Ai/World/Rpg/Action/NewRpgOutdoorPvP.cpp.o
#25 510.4 [1763/1829] Building CXX object modules/CMakeFiles/modules.dir/mod-playerbots/src/Ai/World/Rpg/Action/NewRpgAction.cpp.o
#25 512.4 [1764/1829] Building CXX object modules/CMakeFiles/modules.dir/mod-playerbots/src/Ai/World/Rpg/Strategy/NewRpgStrategy.cpp.o
#25 515.3 [1765/1829] Building CXX object modules/CMakeFiles/modules.dir/mod-playerbots/src/Ai/World/Rpg/Action/RpgAction.cpp.o
#25 515.5 [1766/1829] Building CXX object modules/CMakeFiles/modules.dir/mod-playerbots/src/Ai/World/Rpg/Action/NewRpgBaseAction.cpp.o
#25 516.6 [1767/1829] Building CXX object modules/CMakeFiles/modules.dir/mod-playerbots/src/Ai/World/Rpg/Trigger/NewRpgTrigger.cpp.o
#25 517.1 [1768/1829] Building CXX object modules/CMakeFiles/modules.dir/mod-playerbots/src/Bot/ForceRebuff.cpp.o
#25 517.2 [1769/1829] Building CXX object modules/CMakeFiles/modules.dir/mod-playerbots/src/Ai/World/Rpg/Action/RpgSubActions.cpp.o
#25 519.5 [1770/1829] Building CXX object modules/CMakeFiles/modules.dir/mod-playerbots/src/Ai/World/Rpg/Strategy/RpgStrategy.cpp.o
#25 523.1 [1771/1829] Building CXX object modules/CMakeFiles/modules.dir/mod-playerbots/src/Bot/Engine/AiObjectContext.cpp.o
#25 525.6 [1772/1829] Building CXX object modules/CMakeFiles/modules.dir/mod-playerbots/src/Bot/Cmd/ChatFilter.cpp.o
#25 528.6 [1773/1829] Building CXX object modules/CMakeFiles/modules.dir/mod-playerbots/src/Bot/RandomBotLevelMgr.cpp.o
#25 529.1 [1774/1829] Building CXX object modules/CMakeFiles/modules.dir/mod-playerbots/src/Bot/Cmd/ChatHelper.cpp.o
#25 529.3 [1775/1829] Building CXX object modules/CMakeFiles/modules.dir/mod-playerbots/src/Bot/Engine/AiObject.cpp.o
#25 530.4 [1776/1829] Building CXX object modules/CMakeFiles/modules.dir/mod-playerbots/src/Bot/PlayerbotMgr.cpp.o
#25 530.8 [1777/1829] Building CXX object modules/CMakeFiles/modules.dir/mod-playerbots/src/Bot/Debug/PerfMonitor.cpp.o
#25 532.0 [1778/1829] Building CXX object modules/CMakeFiles/modules.dir/mod-playerbots/src/Bot/Engine/BuildSharedStrategyContexts.cpp.o
#25 532.6 [1779/1829] Building CXX object modules/CMakeFiles/modules.dir/mod-playerbots/src/Bot/Cmd/PlayerbotCommandServer.cpp.o
#25 535.0 [1780/1829] Building CXX object modules/CMakeFiles/modules.dir/mod-playerbots/src/Bot/Engine/PassiveMultiplier.cpp.o
#25 537.1 [1781/1829] Building CXX object modules/CMakeFiles/modules.dir/mod-playerbots/src/Bot/PlayerbotAI.cpp.o
#25 539.4 [1782/1829] Building CXX object modules/CMakeFiles/modules.dir/mod-playerbots/src/Bot/RandomPlayerbotMgr.cpp.o
#25 539.6 [1783/1829] Building CXX object modules/CMakeFiles/modules.dir/mod-playerbots/src/Bot/Engine/Engine.cpp.o
#25 539.6 [1784/1829] Building CXX object modules/CMakeFiles/modules.dir/mod-playerbots/src/Bot/Engine/ExternalEventHelper.cpp.o
#25 542.5 [1785/1829] Building CXX object modules/CMakeFiles/modules.dir/mod-playerbots/src/Bot/Engine/NamedObjectContext.cpp.o
#25 545.7 [1786/1829] Building CXX object modules/CMakeFiles/modules.dir/mod-playerbots/src/Bot/Engine/BuildSharedValueContexts.cpp.o
#25 547.2 [1787/1829] Building CXX object modules/CMakeFiles/modules.dir/mod-playerbots/src/Bot/Engine/PlayerbotAIBase.cpp.o
#25 547.3 [1788/1829] Building CXX object modules/CMakeFiles/modules.dir/mod-playerbots/src/Bot/Engine/Trigger/Trigger.cpp.o
#25 547.6 [1789/1829] Building CXX object modules/CMakeFiles/modules.dir/mod-playerbots/src/Db/PlayerbotDungeonRepository.cpp.o
#25 548.8 [1790/1829] Building CXX object modules/CMakeFiles/modules.dir/mod-playerbots/src/Bot/Engine/Action/Action.cpp.o
#25 549.9 [1791/1829] Building CXX object modules/CMakeFiles/modules.dir/mod-playerbots/src/Db/PlayerbotSpellRepository.cpp.o
#25 550.0 [1792/1829] Building CXX object modules/CMakeFiles/modules.dir/mod-playerbots/src/Bot/Engine/Strategy/Strategy.cpp.o
#25 551.4 [1793/1829] Building CXX object modules/CMakeFiles/modules.dir/mod-playerbots/src/Bot/Engine/WorldPacket/Event.cpp.o
#25 552.1 [1794/1829] Building CXX object modules/CMakeFiles/modules.dir/mod-playerbots/src/Bot/Engine/Value/Value.cpp.o
#25 554.1 [1795/1829] Building CXX object modules/CMakeFiles/modules.dir/mod-playerbots/src/Mgr/Item/BisListMgr.cpp.o
#25 555.4 [1796/1829] Building CXX object modules/CMakeFiles/modules.dir/mod-playerbots/src/Db/PlayerbotRepository.cpp.o
#25 555.8 [1797/1829] Building CXX object modules/CMakeFiles/modules.dir/mod-playerbots/src/Bot/Factory/AiFactory.cpp.o
#25 555.9 [1798/1829] Building CXX object modules/CMakeFiles/modules.dir/mod-playerbots/src/Bot/Engine/Strategy/CustomStrategy.cpp.o
#25 558.6 [1799/1829] Building CXX object modules/CMakeFiles/modules.dir/mod-playerbots/src/Bot/Engine/BuildSharedTriggerContexts.cpp.o
#25 565.1 [1800/1829] Building CXX object modules/CMakeFiles/modules.dir/mod-playerbots/src/Mgr/Text/PlayerbotTextMgr.cpp.o
#25 566.8 [1801/1829] Building CXX object modules/CMakeFiles/modules.dir/mod-playerbots/src/Bot/Engine/BuildSharedActionContexts.cpp.o
#25 567.0 [1802/1829] Building CXX object modules/CMakeFiles/modules.dir/mod-playerbots/src/Mgr/Item/StatsCollector.cpp.o
#25 567.0 [1803/1829] Building CXX object modules/CMakeFiles/modules.dir/mod-playerbots/src/Mgr/Guild/PlayerbotGuildMgr.cpp.o
#25 567.2 [1804/1829] Building CXX object modules/CMakeFiles/modules.dir/mod-playerbots/src/Script/playerbots_loader.cpp.o
#25 567.5 [1805/1829] Building CXX object modules/CMakeFiles/modules.dir/mod-playerbots/src/Mgr/Item/ItemVisitors.cpp.o
#25 567.5 [1806/1829] Building CXX object modules/CMakeFiles/modules.dir/mod-playerbots/src/Bot/Factory/RandomPlayerbotFactory.cpp.o
#25 569.1 [1807/1829] Building CXX object modules/CMakeFiles/modules.dir/mod-playerbots/src/Mgr/Item/StatsWeightCalculator.cpp.o
#25 569.3 [1808/1829] Building CXX object modules/CMakeFiles/modules.dir/mod-playerbots/src/Mgr/Item/LootObjectStack.cpp.o
#25 571.0 [1809/1829] Building CXX object modules/CMakeFiles/modules.dir/mod-playerbots/src/Mgr/Guild/GuildTaskMgr.cpp.o
#25 571.6 [1810/1829] Building CXX object modules/CMakeFiles/modules.dir/mod-playerbots/src/Util/Helpers.cpp.o
#25 571.8 [1811/1829] Building CXX object modules/CMakeFiles/modules.dir/mod-playerbots/src/Bot/Factory/PlayerbotFactory.cpp.o
#25 572.8 [1812/1829] Building CXX object modules/CMakeFiles/modules.dir/mod-playerbots/src/Mgr/Talent/Talentspec.cpp.o
#25 573.2 [1813/1829] Building CXX object modules/CMakeFiles/modules.dir/mod-playerbots/src/Script/WorldThr/PlayerbotWorldThreadProcessor.cpp.o
#25 573.4 [1814/1829] Building CXX object modules/CMakeFiles/modules.dir/mod-playerbots/src/Mgr/Move/FleeManager.cpp.o
#25 575.3 [1815/1829] Building CXX object modules/CMakeFiles/modules.dir/mod-playerbots/src/Mgr/Security/PlayerbotSecurity.cpp.o
#25 576.9 [1816/1829] Building CXX object modules/CMakeFiles/modules.dir/mod-playerbots/src/Script/WorldThr/Queue.cpp.o
#25 577.1 [1817/1829] Building CXX object modules/CMakeFiles/modules.dir/mod-playerbots/src/Mgr/Item/RandomItemMgr.cpp.o
#25 583.6 [1818/1829] Building CXX object modules/CMakeFiles/modules.dir/mod-playerbots/src/Util/ServerFacade.cpp.o
#25 584.3 [1819/1829] Building CXX object modules/CMakeFiles/modules.dir/mod-playerbots/src/Script/PlayerbotCommandScript.cpp.o
#25 586.9 [1820/1829] Building CXX object modules/CMakeFiles/modules.dir/mod-playerbots/src/Script/PlayerbotsSecureLogin.cpp.o
#25 588.1 [1821/1829] Building CXX object modules/CMakeFiles/modules.dir/mod-playerbots/src/Util/PlaceholderHelper.cpp.o
#25 588.5 [1822/1829] Building CXX object modules/CMakeFiles/modules.dir/mod-playerbots/src/Util/EncounterHelpers.cpp.o
#25 590.5 [1823/1829] Building CXX object modules/CMakeFiles/modules.dir/mod-playerbots/src/Util/BroadcastHelper.cpp.o
#25 590.7 [1824/1829] Building CXX object modules/CMakeFiles/modules.dir/mod-playerbots/src/Script/Playerbots.cpp.o
#25 595.0 [1825/1829] Building CXX object modules/CMakeFiles/modules.dir/mod-playerbots/src/Mgr/Travel/TravelMgr.cpp.o
#25 595.1 [1826/1829] Building CXX object modules/CMakeFiles/modules.dir/mod-playerbots/src/Mgr/Travel/TravelNode.cpp.o
#25 597.9 [1827/1829] Linking CXX static library modules/libmodules.a
#25 599.0 [1828/1829] Linking CXX executable src/tools/dbimport
#25 607.5 [1829/1829] Linking CXX executable src/server/apps/worldserver
#25 607.5 -- Installing: /azerothcore/env/dist/etc/authserver.conf.dist
#25 607.5 -- Installing: /azerothcore/env/dist/bin/authserver
#25 607.5 -- Set non-toolchain portion of runtime path of "/azerothcore/env/dist/bin/authserver" to "/azerothcore/env/dist/lib"
#25 607.5 -- Installing: /azerothcore/env/dist/etc/worldserver.conf.dist
#25 607.5 -- Installing: /azerothcore/env/dist/bin/worldserver
#25 608.0 -- Set non-toolchain portion of runtime path of "/azerothcore/env/dist/bin/worldserver" to "/azerothcore/env/dist/lib"
#25 608.0 -- Installing: /azerothcore/env/dist/etc/dbimport.conf.dist
#25 608.0 -- Installing: /azerothcore/env/dist/bin/dbimport
#25 608.0 -- Set non-toolchain portion of runtime path of "/azerothcore/env/dist/bin/dbimport" to "/azerothcore/env/dist/lib"
#25 608.0 -- Installing: /azerothcore/env/dist/bin/map_extractor
#25 608.0 -- Set non-toolchain portion of runtime path of "/azerothcore/env/dist/bin/map_extractor" to "/azerothcore/env/dist/lib"
#25 608.0 -- Installing: /azerothcore/env/dist/bin/mmaps_generator
#25 608.0 -- Set non-toolchain portion of runtime path of "/azerothcore/env/dist/bin/mmaps_generator" to "/azerothcore/env/dist/lib"
#25 608.0 -- Installing: /azerothcore/env/dist/bin/mmaps-config.yaml
#25 608.0 -- Installing: /azerothcore/env/dist/bin/vmap4_assembler
#25 608.0 -- Set non-toolchain portion of runtime path of "/azerothcore/env/dist/bin/vmap4_assembler" to "/azerothcore/env/dist/lib"
#25 608.0 -- Installing: /azerothcore/env/dist/bin/vmap4_extractor
#25 608.0 -- Set non-toolchain portion of runtime path of "/azerothcore/env/dist/bin/vmap4_extractor" to "/azerothcore/env/dist/lib"
#25 608.0 -- Installing: /azerothcore/env/dist/etc/modules/playerbots.conf.dist
#25 DONE 610.7s

#26 [ac-worldserver runtime 2/4] COPY --from=build /azerothcore/env/dist/etc/ /azerothcore/env/ref/etc
#26 DONE 0.3s

#27 [ac-authserver runtime 3/4] RUN userdel --remove ubuntu   && addgroup --gid "1000" "acore"   && adduser --disabled-password --gecos '' --uid "1000" --gid "1000" "acore"   && passwd -d "acore"   && chown -R "acore:acore" /azerothcore
#27 0.497 userdel: ubuntu mail spool (/var/mail/ubuntu) not found
#27 0.686 info: Adding group `acore' (GID 1000) ...
#27 0.797 info: Adding user `acore' ...
#27 0.800 info: Adding new user `acore' (1000) with group `acore (1000)' ...
#27 0.958 info: Creating home directory `/home/acore' ...
#27 0.962 info: Copying files from `/etc/skel' ...
#27 1.005 info: Adding new user `acore' to supplemental / extra groups `users' ...
#27 1.008 info: Adding user `acore' to group `users' ...
#27 1.118 passwd: password changed.
#27 DONE 1.2s

#28 [ac-db-import runtime 4/4] COPY --chown=1000:1000      --chmod=755      apps/docker/entrypoint.sh /azerothcore/entrypoint.sh
#28 DONE 0.2s

#29 [ac-authserver build 4/8] COPY deps /azerothcore/deps
#29 CACHED

#30 [ac-authserver runtime 3/4] RUN userdel --remove ubuntu   && addgroup --gid "1000" "acore"   && adduser --disabled-password --gecos '' --uid "1000" --gid "1000" "acore"   && passwd -d "acore"   && chown -R "acore:acore" /azerothcore
#30 CACHED

#31 [ac-authserver build 5/8] COPY src /azerothcore/src
#31 CACHED

#32 [ac-authserver build 6/8] COPY modules /azerothcore/modules
#32 CACHED

#33 [ac-authserver build 8/8] RUN --mount=type=cache,target=/ccache,sharing=locked     --mount=type=bind,target=/azerothcore/.git,source=.git     git config --global --add safe.directory /azerothcore     && cmake /azerothcore        -G Ninja        -DCMAKE_INSTALL_PREFIX="/azerothcore/env/dist"         -DAPPS_BUILD="all"                                     -DTOOLS_BUILD="all"                          -DSCRIPTS="static"                                  -DMODULES="static"                                  -DWITH_WARNINGS="ON"                      -DCMAKE_BUILD_TYPE="RelWithDebInfo"                            -DCMAKE_CXX_COMPILER="clang++"                         -DCMAKE_C_COMPILER="clang"                             -DCMAKE_CXX_COMPILER_LAUNCHER="ccache"                 -DCMAKE_C_COMPILER_LAUNCHER="ccache"                   -DBoost_USE_STATIC_LIBS="ON"                        && cmake --build . --config "RelWithDebInfo" -j $(($(nproc) + 1))     && cmake --install . --config "RelWithDebInfo"
#33 CACHED

#34 [ac-authserver runtime 2/4] COPY --from=build /azerothcore/env/dist/etc/ /azerothcore/env/ref/etc
#34 CACHED

#35 [ac-authserver build 2/8] COPY CMakeLists.txt /azerothcore/CMakeLists.txt
#35 CACHED

#36 [ac-authserver build 3/8] COPY conf /azerothcore/conf
#36 CACHED

#18 [ac-authserver build 1/8] RUN apt-get update                                                         && apt-get install -y --no-install-recommends                                 build-essential ccache libtool cmake-data ninja-build cmake clang            git lsb-base curl unzip default-mysql-client openssl                          default-libmysqlclient-dev libboost-all-dev libssl-dev libmysql++-dev         libreadline-dev zlib1g-dev libbz2-dev libncurses5-dev liblzma-dev      && rm -rf /var/lib/apt/lists/*
#18 CACHED

#37 [ac-authserver build 7/8] WORKDIR /azerothcore/build
#37 CACHED

#38 [ac-authserver runtime 4/4] COPY --chown=1000:1000      --chmod=755      apps/docker/entrypoint.sh /azerothcore/entrypoint.sh
#38 CACHED

#39 [ac-authserver authserver 1/1] COPY --chown=acore:acore      --from=build      /azerothcore/env/dist/bin/authserver /azerothcore/env/dist/bin/authserver
#39 DONE 0.5s

#40 [ac-worldserver worldserver 1/1] COPY --chown=acore:acore      --from=build      /azerothcore/env/dist/bin/worldserver /azerothcore/env/dist/bin/worldserver
#40 DONE 1.8s

#41 [ac-authserver] exporting to image
#41 exporting layers
#41 ...

#42 [ac-db-import db-import 1/3] COPY --chown=acore:acore     data data
#42 DONE 7.4s

#43 [ac-worldserver] exporting to image
#43 ...

#44 [ac-db-import db-import 2/3] COPY --chown=acore:acore     modules modules
#44 DONE 0.9s

#43 [ac-worldserver] exporting to image
#43 ...

#45 [ac-db-import db-import 3/3] COPY --chown=acore:acore     --from=build      /azerothcore/env/dist/bin/dbimport /azerothcore/env/dist/bin/dbimport
#45 DONE 0.3s

#41 [ac-authserver] exporting to image
#41 ...

#46 [ac-db-import] exporting to image
#46 exporting layers
#46 ...

#41 [ac-authserver] exporting to image
#41 exporting layers 12.6s done
#41 exporting manifest sha256:088ab15fdef3f85764a3fcfa633d165b72be97067b8386078113d4353da3f26d 0.1s done
#41 exporting config sha256:1c1caa918e5946e7317d922d10e128b3ade24f69951667770a60ba2fb2e992dc 0.1s done
#41 exporting attestation manifest sha256:d3c7d1b34beb8914a17348d736292de609b2be353de44468ef30a585d8309816 0.1s done
#41 exporting manifest list sha256:bd388c70163d78eb0c8907a622bc1aa20d44a0f41c646e1776862a779350e9c7 0.1s done
#41 naming to yulon.local/ac-wotlk-authserver:native-243c46e3 done
#41 unpacking to yulon.local/ac-wotlk-authserver:native-243c46e3
#41 unpacking to yulon.local/ac-wotlk-authserver:native-243c46e3 1.9s done
#41 DONE 15.0s

#43 [ac-worldserver] exporting to image
#43 ...

#47 [ac-authserver] resolving provenance for metadata file
#47 DONE 0.0s

#46 [ac-db-import] exporting to image
#46 ...

#43 [ac-worldserver] exporting to image
#43 exporting layers 28.5s done
#43 exporting manifest sha256:bc8fb5b3df857023783df1b567750ff30380f81148bcc8a378d006fc3ad1acee 0.1s done
#43 exporting config sha256:c212ec6ccf26f7e012e7a082b958b1f7da8bc3740455b846d7b8d1ff1d246a59 0.1s done
#43 exporting attestation manifest sha256:f9303626584ebb029828b0064a6ab367f6f5be7f7a8cec3cf2bac94794ef578c 0.1s done
#43 exporting manifest list sha256:5c4b72d9b6543a91977ac728af500a7a91a3119aae45a840549703bd9b3beea1
#43 exporting manifest list sha256:5c4b72d9b6543a91977ac728af500a7a91a3119aae45a840549703bd9b3beea1 0.1s done
#43 naming to yulon.local/ac-wotlk-worldserver:native-243c46e3 done
#43 unpacking to yulon.local/ac-wotlk-worldserver:native-243c46e3
#43 unpacking to yulon.local/ac-wotlk-worldserver:native-243c46e3 4.1s done
#43 DONE 33.1s

#46 [ac-db-import] exporting to image
#46 ...

#48 [ac-worldserver] resolving provenance for metadata file
#48 DONE 0.0s

#46 [ac-db-import] exporting to image
#46 exporting layers 40.7s done
#46 exporting manifest sha256:597d19b32607bb232779dbda1df579f5e17f0705a4eab3b22423a55f4fcfcfef 0.1s done
#46 exporting config sha256:4a703939deeb9f99d1c49f28b8294524afe65aeeb71fb90639c94d9833daf635 0.1s done
#46 exporting attestation manifest sha256:13d3f65868f3281b636aa7d73d66b68812fc023e72a56abcc41af399e0dd45b7 0.1s done
#46 exporting manifest list sha256:6ad5413374a9f5c523cfc5c7bb4ccceadd5a112fd09943156ab826e349a1549b
#46 exporting manifest list sha256:6ad5413374a9f5c523cfc5c7bb4ccceadd5a112fd09943156ab826e349a1549b 0.1s done
#46 naming to yulon.local/ac-wotlk-db-import:native-243c46e3 done
#46 unpacking to yulon.local/ac-wotlk-db-import:native-243c46e3
#46 unpacking to yulon.local/ac-wotlk-db-import:native-243c46e3 9.8s done
#46 DONE 51.0s

#49 [ac-db-import] resolving provenance for metadata file
#49 DONE 0.0s
 yulon.local/ac-wotlk-worldserver:native-243c46e3  Built
 yulon.local/ac-wotlk-authserver:native-243c46e3  Built
 yulon.local/ac-wotlk-client-data:native-243c46e3  Built
 yulon.local/ac-wotlk-db-import:native-243c46e3  Built
The build finished.
--- client-data
The part of the download that finished is kept: the fetch resumes from where it stopped.
Fetching server data (ac-client-data-init). The download resumes if it is interrupted.
Attaching to ac-client-data-init
ac-client-data-init  | yulon: downloading client data v20.0 (resumable)
ac-client-data-init  | yulon: extracting client data v20.0
ac-client-data-init  | yulon: client data v20.0 installed

[Kac-client-data-init exited with code 0
 Network yulon-wow-wotlk-243c46e3_default  Creating
 Network yulon-wow-wotlk-243c46e3_default  Created
 Volume yulon-wow-wotlk-243c46e3_client-data  Creating
 Volume yulon-wow-wotlk-243c46e3_client-data  Created
 Container ac-client-data-init  Creating
 Container ac-client-data-init  Created
ac-client-data-init  |   % Total    % Received % Xferd  Average Speed   Time    Time     Time  Current
ac-client-data-init  |                                  Dload  Upload   Total   Spent    Left  Speed
ac-client-data-init  | 
  0     0    0     0    0     0      0      0 --:--:-- --:--:-- --:--:--     0
  0     0    0     0    0     0      0      0 --:--:-- --:--:-- --:--:--     0
ac-client-data-init  | 
  0     0    0     0    0     0      0      0 --:--:-- --:--:-- --:--:--     0
  1 1140M    1 13.6M    0     0  10.2M      0  0:01:51  0:00:01  0:01:50 13.7M
  1 1140M    1 22.5M    0     0  9868k      0  0:01:58  0:00:02  0:01:56 11.3M
  2 1140M    2 29.4M    0     0  9017k      0  0:02:09  0:00:03  0:02:06  9.8M
  3 1140M    3 37.3M    0     0  8797k      0  0:02:12  0:00:04  0:02:08 9558k
  3 1140M    3 43.9M    0     0  8416k      0  0:02:18  0:00:05  0:02:13 8998k
  4 1140M    4 51.0M    0     0  8244k      0  0:02:21  0:00:06  0:02:15 7655k
  5 1140M    5 57.2M    0     0  7985k      0  0:02:26  0:00:07  0:02:19 7101k
  5 1140M    5 64.7M    0     0  7951k      0  0:02:26  0:00:08  0:02:18 7240k
  6 1140M    6 73.4M    0     0  8048k      0  0:02:25  0:00:09  0:02:16 7396k
  7 1140M    7 82.9M    0     0  8210k      0  0:02:22  0:00:10  0:02:12 7990k
  8 1140M    8 93.8M    0     0  8473k      0  0:02:17  0:00:11  0:02:06 8763k
  9 1140M    9  105M    0     0  8772k      0  0:02:13  0:00:12  0:02:01 9929k
 10 1140M   10  118M    0     0  9097k      0  0:02:08  0:00:13  0:01:55 10.7M
 11 1140M   11  129M    0     0  9274k      0  0:02:05  0:00:14  0:01:51 11.2M
 12 1140M   12  140M    0     0  9398k      0  0:02:04  0:00:15  0:01:49 11.5M
 13 1140M   13  149M    0     0  9390k      0  0:02:04  0:00:16  0:01:48 11.2M
 13 1140M   13  155M    0     0  9153k      0  0:02:07  0:00:17  0:01:50  9.8M
 13 1140M   13  159M    0     0  8892k      0  0:02:11  0:00:18  0:01:53 8347k
 14 1140M   14  163M    0     0  8646k      0  0:02:15  0:00:19  0:01:56 6844k
 14 1140M   14  168M    0     0  8475k      0  0:02:17  0:00:20  0:01:57 5644k
 15 1140M   15  174M    0     0  8385k      0  0:02:19  0:00:21  0:01:58 5100k
 15 1140M   15  182M    0     0  8364k      0  0:02:19  0:00:22  0:01:57 5629k
 16 1140M   16  190M    0     0  8355k      0  0:02:19  0:00:23  0:01:56 6384k
 17 1140M   17  195M    0     0  8218k      0  0:02:22  0:00:24  0:01:58 6563k
 17 1140M   17  199M    0     0  8072k      0  0:02:24  0:00:25  0:01:59 6432k
 17 1140M   17  205M    0     0  7981k      0  0:02:26  0:00:26  0:02:00 6258k
 18 1140M   18  212M    0     0  7946k      0  0:02:27  0:00:27  0:02:00 6077k
 19 1140M   19  220M    0     0  7957k      0  0:02:26  0:00:28  0:01:58 6100k
 19 1140M   19  226M    0     0  7916k      0  0:02:27  0:00:29  0:01:58 6445k
 20 1140M   20  232M    0     0  7850k      0  0:02:28  0:00:30  0:01:58 6721k
 20 1140M   20  239M    0     0  7811k      0  0:02:29  0:00:31  0:01:58 6914k
 21 1140M   21  246M    0     0  7820k      0  0:02:29  0:00:32  0:01:57 7132k
 22 1140M   22  256M    0     0  7873k      0  0:02:28  0:00:33  0:01:55 7392k
 23 1140M   23  265M    0     0  7906k      0  0:02:27  0:00:34  0:01:53 7851k
 23 1140M   23  273M    0     0  7910k      0  0:02:27  0:00:35  0:01:52 8278k
 24 1140M   24  281M    0     0  7935k      0  0:02:27  0:00:36  0:01:51 8705k
 25 1140M   25  286M    0     0  7865k      0  0:02:28  0:00:37  0:01:51 8152k
 25 1140M   25  293M    0     0  7826k      0  0:02:29  0:00:38  0:01:51 7515k
 26 1140M   26  300M    0     0  7829k      0  0:02:29  0:00:39  0:01:50 7296k
 27 1140M   27  309M    0     0  7860k      0  0:02:28  0:00:40  0:01:48 7507k
 27 1140M   27  318M    0     0  7881k      0  0:02:28  0:00:41  0:01:47 7492k
 28 1140M   28  326M    0     0  7897k      0  0:02:27  0:00:42  0:01:45 8141k
 29 1140M   29  336M    0     0  7945k      0  0:02:27  0:00:43  0:01:44 8860k
 30 1140M   30  347M    0     0  8014k      0  0:02:25  0:00:44  0:01:41 9475k
 31 1140M   31  358M    0     0  8105k      0  0:02:24  0:00:45  0:01:39  9.8M
 32 1140M   32  371M    0     0  8213k      0  0:02:22  0:00:46  0:01:36 10.6M
 33 1140M   33  385M    0     0  8328k      0  0:02:20  0:00:47  0:01:33 11.7M
 34 1140M   34  392M    0     0  8318k      0  0:02:20  0:00:48  0:01:32 11.2M
 35 1140M   35  408M    0     0  8475k      0  0:02:17  0:00:49  0:01:28 12.2M
 37 1140M   37  422M    0     0  8593k      0  0:02:15  0:00:50  0:01:25 12.7M
 38 1140M   38  439M    0     0  8767k      0  0:02:13  0:00:51  0:01:22 13.5M
 40 1140M   40  457M    0     0  8944k      0  0:02:10  0:00:52  0:01:18 14.4M
 41 1140M   41  472M    0     0  9070k      0  0:02:08  0:00:53  0:01:15 15.9M
 42 1140M   42  486M    0     0  9171k      0  0:02:07  0:00:54  0:01:13 15.6M
 43 1140M   43  495M    0     0  9177k      0  0:02:07  0:00:55  0:01:12 14.6M
 44 1140M   44  506M    0     0  9207k      0  0:02:06  0:00:56  0:01:10 13.4M
 45 1140M   45  518M    0     0  9258k      0  0:02:06  0:00:57  0:01:09 12.2M
 46 1140M   46  528M    0     0  9272k      0  0:02:05  0:00:58  0:01:07 11.1M
 46 1140M   46  535M    0     0  9248k      0  0:02:06  0:00:59  0:01:07  9.8M
 47 1140M   47  544M    0     0  9242k      0  0:02:06  0:01:00  0:01:06 9961k
 48 1140M   48  553M    0     0  9240k      0  0:02:06  0:01:01  0:01:05 9613k
 49 1140M   49  561M    0     0  9225k      0  0:02:06  0:01:02  0:01:04 8849k
 49 1140M   49  568M    0     0  9184k      0  0:02:07  0:01:03  0:01:04 8162k
 50 1140M   50  574M    0     0  9149k      0  0:02:07  0:01:04  0:01:03 7978k
 50 1140M   50  581M    0     0  9112k      0  0:02:08  0:01:05  0:01:03 7542k
 51 1140M   51  589M    0     0  9094k      0  0:02:08  0:01:06  0:01:02 7308k
 52 1140M   52  598M    0     0  9099k      0  0:02:08  0:01:07  0:01:01 7529k
 53 1140M   53  608M    0     0  9120k      0  0:02:08  0:01:08  0:01:00 8297k
 54 1140M   54  620M    0     0  9160k      0  0:02:07  0:01:09  0:00:58 9299k
 55 1140M   55  632M    0     0  9211k      0  0:02:06  0:01:10  0:00:56 10.2M
 56 1140M   56  646M    0     0  9275k      0  0:02:05  0:01:11  0:00:54 11.3M
 57 1140M   57  658M    0     0  9313k      0  0:02:05  0:01:12  0:00:53 11.9M
 58 1140M   58  670M    0     0  9358k      0  0:02:04  0:01:13  0:00:51 12.3M
 59 1140M   59  683M    0     0  9418k      0  0:02:04  0:01:14  0:00:50 12.6M
 60 1140M   60  694M    0     0  9444k      0  0:02:03  0:01:15  0:00:48 12.4M
 61 1140M   61  706M    0     0  9474k      0  0:02:03  0:01:16  0:00:47 12.0M
 62 1140M   62  715M    0     0  9472k      0  0:02:03  0:01:17  0:00:46 11.4M
 63 1140M   63  720M    0     0  9419k      0  0:02:04  0:01:18  0:00:46 10.0M
 63 1140M   63  727M    0     0  9383k      0  0:02:04  0:01:19  0:00:45 8857k
 64 1140M   64  732M    0     0  9339k      0  0:02:05  0:01:20  0:00:45 7760k
 64 1140M   64  738M    0     0  9302k      0  0:02:05  0:01:21  0:00:44 6682k
 65 1140M   65  745M    0     0  9276k      0  0:02:05  0:01:22  0:00:43 6252k
 65 1140M   65  752M    0     0  9243k      0  0:02:06  0:01:23  0:00:43 6495k
 66 1140M   66  759M    0     0  9226k      0  0:02:06  0:01:24  0:00:42 6729k
 67 1140M   67  768M    0     0  9223k      0  0:02:06  0:01:25  0:00:41 7366k
 68 1140M   68  778M    0     0  9237k      0  0:02:06  0:01:26  0:00:40 8178k
 69 1140M   69  790M    0     0  9264k      0  0:02:06  0:01:27  0:00:39 9059k
 70 1140M   70  799M    0     0  9272k      0  0:02:05  0:01:28  0:00:37 9753k
 71 1140M   71  810M    0     0  9289k      0  0:02:05  0:01:29  0:00:36 10.1M
 72 1140M   72  822M    0     0  9318k      0  0:02:05  0:01:30  0:00:35 10.6M
 72 1140M   72  829M    0     0  9303k      0  0:02:05  0:01:31  0:00:34 10.2M
 73 1140M   73  835M    0     0  9266k      0  0:02:06  0:01:32  0:00:34 9296k
 73 1140M   73  841M    0     0  9230k      0  0:02:06  0:01:33  0:00:33 8485k
 74 1140M   74  848M    0     0  9206k      0  0:02:06  0:01:34  0:00:32 7716k
 74 1140M   74  854M    0     0  9173k      0  0:02:07  0:01:35  0:00:32 6553k
 75 1140M   75  860M    0     0  9147k      0  0:02:07  0:01:36  0:00:31 6293k
 75 1140M   75  866M    0     0  9113k      0  0:02:08  0:01:37  0:00:31 6282k
 76 1140M   76  873M    0     0  9090k      0  0:02:08  0:01:38  0:00:30 6485k
 77 1140M   77  881M    0     0  9082k      0  0:02:08  0:01:39  0:00:29 6742k
 78 1140M   78  890M    0     0  9084k      0  0:02:08  0:01:40  0:00:28 7388k
 78 1140M   78  899M    0     0  9093k      0  0:02:08  0:01:41  0:00:27 8041k
 79 1140M   79  905M    0     0  9062k      0  0:02:08  0:01:42  0:00:26 8082k
 79 1140M   79  911M    0     0  9033k      0  0:02:09  0:01:43  0:00:26 7910k
 80 1140M   80  917M    0     0  9006k      0  0:02:09  0:01:44  0:00:25 7488k
 81 1140M   81  924M    0     0  8984k      0  0:02:10  0:01:45  0:00:25 6972k
 81 1140M   81  932M    0     0  8980k      0  0:02:10  0:01:46  0:00:24 6691k
 82 1140M   82  942M    0     0  8989k      0  0:02:09  0:01:47  0:00:22 7488k
 83 1140M   83  953M    0     0  9009k      0  0:02:09  0:01:48  0:00:21 8511k
 84 1140M   84  962M    0     0  9010k      0  0:02:09  0:01:49  0:00:20 9110k
 85 1140M   85  972M    0     0  9021k      0  0:02:09  0:01:50  0:00:19 9817k
 85 1140M   85  978M    0     0  8998k      0  0:02:09  0:01:51  0:00:18 9385k
 86 1140M   86  984M    0     0  8976k      0  0:02:10  0:01:52  0:00:18 8698k
 86 1140M   86  992M    0     0  8964k      0  0:02:10  0:01:53  0:00:17 7987k
 87 1140M   87  999M    0     0  8953k      0  0:02:10  0:01:54  0:00:16 7696k
 88 1140M   88 1007M    0     0  8940k      0  0:02:10  0:01:55  0:00:15 7155k
 88 1140M   88 1014M    0     0  8930k      0  0:02:10  0:01:56  0:00:14 7427k
 89 1140M   89 1020M    0     0  8908k      0  0:02:11  0:01:57  0:00:14 7373k
 89 1140M   89 1026M    0     0  8882k      0  0:02:11  0:01:58  0:00:13 7008k
 90 1140M   90 1033M    0     0  8866k      0  0:02:11  0:01:59  0:00:12 6870k
 91 1140M   91 1041M    0     0  8861k      0  0:02:11  0:02:00  0:00:11 7033k
 92 1140M   92 1051M    0     0  8869k      0  0:02:11  0:02:01  0:00:10 7449k
 92 1140M   92 1060M    0     0  8879k      0  0:02:11  0:02:02  0:00:09 8201k
 93 1140M   93 1069M    0     0  8879k      0  0:02:11  0:02:03  0:00:08 8824k
 94 1140M   94 1079M    0     0  8891k      0  0:02:11  0:02:04  0:00:07 9506k
 95 1140M   95 1088M    0     0  8889k      0  0:02:11  0:02:05  0:00:06 9565k
 95 1140M   95 1092M    0     0  8854k      0  0:02:11  0:02:06  0:00:05 8481k
 96 1140M   96 1098M    0     0  8830k      0  0:02:12  0:02:07  0:00:05 7624k
 96 1140M   96 1104M    0     0  8814k      0  0:02:12  0:02:08  0:00:04 7215k
 97 1140M   97 1110M    0     0  8790k      0  0:02:12  0:02:09  0:00:03 6270k
 97 1140M   97 1115M    0     0  8760k      0  0:02:13  0:02:10  0:00:03 5528k
 98 1140M   98 1121M    0     0  8740k      0  0:02:13  0:02:11  0:00:02 5865k
 98 1140M   98 1128M    0     0  8729k      0  0:02:13  0:02:12  0:00:01 6179k
 99 1140M   99 1136M    0     0  8731k      0  0:02:13  0:02:13 --:--:-- 6585k
100 1140M  100 1140M    0     0  8733k      0  0:02:13  0:02:13 --:--:-- 7066k
Server data is in place.
--- start-db
Starting the database, which the import writes into.
2026-08-31 15:02:28 INFO [yulon.docker] start_database(): starting ac-database alone
The database is up.
--- import
Databases left half-written are detected and cleared before the import is run again, so nothing here has to be undone by hand.
The databases read as absent: none of acore_auth, acore_characters, acore_world exists on this server yet
Importing the databases (ac-db-import). This takes several minutes.
Attaching to ac-db-import
ac-db-import  | '/azerothcore/env/ref/etc/authserver.conf.dist' -> '/azerothcore/env/dist/etc/authserver.conf.dist'
ac-db-import  | '/azerothcore/env/ref/etc/dbimport.conf.dist' -> '/azerothcore/env/dist/etc/dbimport.conf.dist'
ac-db-import  | '/azerothcore/env/ref/etc/modules' -> '/azerothcore/env/dist/etc/modules'
ac-db-import  | '/azerothcore/env/ref/etc/modules/playerbots.conf.dist' -> '/azerothcore/env/dist/etc/modules/playerbots.conf.dist'
ac-db-import  | '/azerothcore/env/ref/etc/worldserver.conf.dist' -> '/azerothcore/env/dist/etc/worldserver.conf.dist'
ac-db-import  | '/azerothcore/env/dist/etc/dbimport.conf.dist' -> '/azerothcore/env/dist/etc/dbimport.conf'
ac-db-import  | Starting dbimport...
ac-db-import  | [36mAzerothCore rev. 47960183bb03+ 2026-08-28 21:04:11 +0200 (Playerbot branch) (Unix, RelWithDebInfo, Static) (dbimport)
ac-db-import  | [0m[36m<Ctrl-C> to stop.
ac-db-import  | 
ac-db-import  | [0m[36m   █████╗ ███████╗███████╗██████╗  ██████╗ ████████╗██╗  ██╗
ac-db-import  | [0m[36m  ██╔══██╗╚══███╔╝██╔════╝██╔══██╗██╔═══██╗╚══██╔══╝██║  ██║
ac-db-import  | [0m[36m  ███████║  ███╔╝ █████╗  ██████╔╝██║   ██║   ██║   ███████║
ac-db-import  | [0m[36m  ██╔══██║ ███╔╝  ██╔══╝  ██╔══██╗██║   ██║   ██║   ██╔══██║
ac-db-import  | [0m[36m  ██║  ██║███████╗███████╗██║  ██║╚██████╔╝   ██║   ██║  ██║
ac-db-import  | [0m[36m  ╚═╝  ╚═╝╚══════╝╚══════╝╚═╝  ╚═╝ ╚═════╝    ╚═╝   ╚═╝  ╚═╝
ac-db-import  | [0m[36m                                 ██████╗ ██████╗ ██████╗ ███████╗
ac-db-import  | [0m[36m                                ██╔════╝██╔═══██╗██╔══██╗██╔════╝
ac-db-import  | [0m[36m                                ██║     ██║   ██║██████╔╝█████╗
ac-db-import  | [0m[36m                                ██║     ██║   ██║██╔══██╗██╔══╝
ac-db-import  | [0m[36m                                ╚██████╗╚██████╔╝██║  ██║███████╗
ac-db-import  | [0m[36m                                 ╚═════╝ ╚═════╝ ╚═╝  ╚═╝╚══════╝
ac-db-import  | 
ac-db-import  | [0m[36m     AzerothCore 3.3.5a  -  www.azerothcore.org
ac-db-import  | 
ac-db-import  | [0m[36m> Using configuration file:       /azerothcore/env/dist/etc/dbimport.conf
ac-db-import  | [0m[36m> Using SSL version:              OpenSSL 3.0.13 30 Jan 2024 (library: OpenSSL 3.0.13 30 Jan 2024)
ac-db-import  | [0m[36m> Using Boost version:            1.83.0
ac-db-import  | [0m[36m 
ac-db-import  | [0m[36mConfiguration field WorldDatabaseInfo was overridden with environment variable.
ac-db-import  | [0m[36mConfiguration field CharacterDatabaseInfo was overridden with environment variable.
ac-db-import  | [0m[36mConfiguration field LoginDatabaseInfo was overridden with environment variable.
ac-db-import  | [0m[36mConfiguration field LogsDir was overridden with environment variable.
ac-db-import  | [0m[36mLoading modules: all
ac-db-import  | [0m[36mOpening DatabasePool 'acore_auth'. Asynchronous connections: 1, synchronous connections: 1.
ac-db-import  | [0m[33mDatabase "acore_auth" does not exist
ac-db-import  | [0mDo you want to create it? [yes (default) / no]:
ac-db-import  | [36mCreating database "acore_auth"...
ac-db-import  | [0m[36mDone.
ac-db-import  | [0m[36m 
ac-db-import  | [0m[36mOpening DatabasePool 'acore_auth'. Asynchronous connections: 1, synchronous connections: 1.
ac-db-import  | [0m[36mMySQL client library: 8.0.46
ac-db-import  | [0m[36mMySQL server ver: 8.4.11 
ac-db-import  | [0m[36mConnected to MySQL database at ac-database
ac-db-import  | [0m[36mMySQL client library: 8.0.46
ac-db-import  | [0m[36mMySQL server ver: 8.4.11 
ac-db-import  | [0m[36mConnected to MySQL database at ac-database
ac-db-import  | [0m[36mDatabasePool 'acore_auth' opened successfully. 2 total connections running.
ac-db-import  | [0m[36m 
ac-db-import  | [0m[36mOpening DatabasePool 'acore_characters'. Asynchronous connections: 1, synchronous connections: 1.
ac-db-import  | [0m[33mDatabase "acore_characters" does not exist
ac-db-import  | [0mDo you want to create it? [yes (default) / no]:
ac-db-import  | [36mCreating database "acore_characters"...
ac-db-import  | [0m[36mDone.
ac-db-import  | [0m[36m 
ac-db-import  | [0m[36mOpening DatabasePool 'acore_characters'. Asynchronous connections: 1, synchronous connections: 1.
ac-db-import  | [0m[36mMySQL client library: 8.0.46
ac-db-import  | [0m[36mMySQL server ver: 8.4.11 
ac-db-import  | [0m[36mConnected to MySQL database at ac-database
ac-db-import  | [0m[36mMySQL client library: 8.0.46
ac-db-import  | [0m[36mMySQL server ver: 8.4.11 
ac-db-import  | [0m[36mConnected to MySQL database at ac-database
ac-db-import  | [0m[36mDatabasePool 'acore_characters' opened successfully. 2 total connections running.
ac-db-import  | [0m[36m 
ac-db-import  | [0m[36mOpening DatabasePool 'acore_world'. Asynchronous connections: 1, synchronous connections: 1.
ac-db-import  | [0m[33mDatabase "acore_world" does not exist
ac-db-import  | [0mDo you want to create it? [yes (default) / no]:
ac-db-import  | [36mCreating database "acore_world"...
ac-db-import  | [0m[36mDone.
ac-db-import  | [0m[36m 
ac-db-import  | [0m[36mOpening DatabasePool 'acore_world'. Asynchronous connections: 1, synchronous connections: 1.
ac-db-import  | [0m[36mMySQL client library: 8.0.46
ac-db-import  | [0m[36mMySQL server ver: 8.4.11 
ac-db-import  | [0m[36mConnected to MySQL database at ac-database
ac-db-import  | [0m[36mMySQL client library: 8.0.46
ac-db-import  | [0m[36mMySQL server ver: 8.4.11 
ac-db-import  | [0m[36mConnected to MySQL database at ac-database
ac-db-import  | [0m[36mDatabasePool 'acore_world' opened successfully. 2 total connections running.
ac-db-import  | [0m[36m 
ac-db-import  | [0m[36mDatabase Auth is empty, auto populating it...
ac-db-import  | [0m[36m>> Applying 'account.sql'...
ac-db-import  | [0m[36m>> Applying 'account_access.sql'...
ac-db-import  | [0m[36m>> Applying 'account_banned.sql'...
ac-db-import  | [0m[36m>> Applying 'account_muted.sql'...
ac-db-import  | [0m[36m>> Applying 'autobroadcast.sql'...
ac-db-import  | [0m[36m>> Applying 'autobroadcast_locale.sql'...
ac-db-import  | [0m[36m>> Applying 'build_info.sql'...
ac-db-import  | [0m[36m>> Applying 'ip_banned.sql'...
ac-db-import  | [0m[36m>> Applying 'logs.sql'...
ac-db-import  | [0m[36m>> Applying 'logs_ip_actions.sql'...
ac-db-import  | [0m[36m>> Applying 'motd.sql'...
ac-db-import  | [0m[36m>> Applying 'motd_localized.sql'...
ac-db-import  | [0m[36m>> Applying 'rbac_account_permissions.sql'...
ac-db-import  | [0m[36m>> Applying 'rbac_default_permissions.sql'...
ac-db-import  | [0m[36m>> Applying 'rbac_linked_permissions.sql'...
ac-db-import  | [0m[36m>> Applying 'rbac_permissions.sql'...
ac-db-import  | [0m[36m>> Applying 'realmcharacters.sql'...
ac-db-import  | [0m[36m>> Applying 'realmlist.sql'...
ac-db-import  | [0m[36m>> Applying 'secret_digest.sql'...
ac-db-import  | [0m[36m>> Applying 'updates.sql'...
ac-db-import  | [0m[36m>> Applying 'updates_include.sql'...
ac-db-import  | [0m[36m>> Applying 'uptime.sql'...
ac-db-import  | [0m[36m>> Done!
ac-db-import  | [0m[36m 
ac-db-import  | [0m[36mDatabase Character is empty, auto populating it...
ac-db-import  | [0m[36m>> Applying 'account_data.sql'...
ac-db-import  | [0m[36m>> Applying 'account_instance_times.sql'...
ac-db-import  | [0m[36m>> Applying 'account_tutorial.sql'...
ac-db-import  | [0m[36m>> Applying 'active_arena_season.sql'...
ac-db-import  | [0m[36m>> Applying 'addons.sql'...
ac-db-import  | [0m[36m>> Applying 'arena_team.sql'...
ac-db-import  | [0m[36m>> Applying 'arena_team_member.sql'...
ac-db-import  | [0m[36m>> Applying 'auctionhouse.sql'...
ac-db-import  | [0m[36m>> Applying 'banned_addons.sql'...
ac-db-import  | [0m[36m>> Applying 'battleground_deserters.sql'...
ac-db-import  | [0m[36m>> Applying 'bugreport.sql'...
ac-db-import  | [0m[36m>> Applying 'calendar_events.sql'...
ac-db-import  | [0m[36m>> Applying 'calendar_invites.sql'...
ac-db-import  | [0m[36m>> Applying 'channels.sql'...
ac-db-import  | [0m[36m>> Applying 'channels_bans.sql'...
ac-db-import  | [0m[36m>> Applying 'channels_rights.sql'...
ac-db-import  | [0m[36m>> Applying 'character_account_data.sql'...
ac-db-import  | [0m[36m>> Applying 'character_achievement.sql'...
ac-db-import  | [0m[36m>> Applying 'character_achievement_offline_updates.sql'...
ac-db-import  | [0m[36m>> Applying 'character_achievement_progress.sql'...
ac-db-import  | [0m[36m>> Applying 'character_action.sql'...
ac-db-import  | [0m[36m>> Applying 'character_arena_stats.sql'...
ac-db-import  | [0m[36m>> Applying 'character_aura.sql'...
ac-db-import  | [0m[36m>> Applying 'character_banned.sql'...
ac-db-import  | [0m[36m>> Applying 'character_battleground_random.sql'...
ac-db-import  | [0m[36m>> Applying 'character_brew_of_the_month.sql'...
ac-db-import  | [0m[36m>> Applying 'character_declinedname.sql'...
ac-db-import  | [0m[36m>> Applying 'character_entry_point.sql'...
ac-db-import  | [0m[36m>> Applying 'character_equipmentsets.sql'...
ac-db-import  | [0m[36m>> Applying 'character_gifts.sql'...
ac-db-import  | [0m[36m>> Applying 'character_glyphs.sql'...
ac-db-import  | [0m[36m>> Applying 'character_homebind.sql'...
ac-db-import  | [0m[36m>> Applying 'character_instance.sql'...
ac-db-import  | [0m[36m>> Applying 'character_inventory.sql'...
ac-db-import  | [0m[36m>> Applying 'character_pet.sql'...
ac-db-import  | [0m[36m>> Applying 'character_pet_declinedname.sql'...
ac-db-import  | [0m[36m>> Applying 'character_queststatus.sql'...
ac-db-import  | [0m[36m>> Applying 'character_queststatus_daily.sql'...
ac-db-import  | [0m[36m>> Applying 'character_queststatus_monthly.sql'...
ac-db-import  | [0m[36m>> Applying 'character_queststatus_rewarded.sql'...
ac-db-import  | [0m[36m>> Applying 'character_queststatus_seasonal.sql'...
ac-db-import  | [0m[36m>> Applying 'character_queststatus_weekly.sql'...
ac-db-import  | [0m[36m>> Applying 'character_reputation.sql'...
ac-db-import  | [0m[36m>> Applying 'character_settings.sql'...
ac-db-import  | [0m[36m>> Applying 'character_skills.sql'...
ac-db-import  | [0m[36m>> Applying 'character_social.sql'...
ac-db-import  | [0m[36m>> Applying 'character_spell.sql'...
ac-db-import  | [0m[36m>> Applying 'character_spell_cooldown.sql'...
ac-db-import  | [0m[36m>> Applying 'character_stats.sql'...
ac-db-import  | [0m[36m>> Applying 'character_talent.sql'...
ac-db-import  | [0m[36m>> Applying 'characters.sql'...
ac-db-import  | [0m[36m>> Applying 'chat_filter.sql'...
ac-db-import  | [0m[36m>> Applying 'corpse.sql'...
ac-db-import  | [0m[36m>> Applying 'creature_respawn.sql'...
ac-db-import  | [0m[36m>> Applying 'game_event_condition_save.sql'...
ac-db-import  | [0m[36m>> Applying 'game_event_save.sql'...
ac-db-import  | [0m[36m>> Applying 'gameobject_respawn.sql'...
ac-db-import  | [0m[36m>> Applying 'gm_subsurvey.sql'...
ac-db-import  | [0m[36m>> Applying 'gm_survey.sql'...
ac-db-import  | [0m[36m>> Applying 'gm_ticket.sql'...
ac-db-import  | [0m[36m>> Applying 'group_member.sql'...
ac-db-import  | [0m[36m>> Applying 'groups.sql'...
ac-db-import  | [0m[36m>> Applying 'guild.sql'...
ac-db-import  | [0m[36m>> Applying 'guild_bank_eventlog.sql'...
ac-db-import  | [0m[36m>> Applying 'guild_bank_item.sql'...
ac-db-import  | [0m[36m>> Applying 'guild_bank_right.sql'...
ac-db-import  | [0m[36m>> Applying 'guild_bank_tab.sql'...
ac-db-import  | [0m[36m>> Applying 'guild_eventlog.sql'...
ac-db-import  | [0m[36m>> Applying 'guild_member.sql'...
ac-db-import  | [0m[36m>> Applying 'guild_member_withdraw.sql'...
ac-db-import  | [0m[36m>> Applying 'guild_rank.sql'...
ac-db-import  | [0m[36m>> Applying 'instance.sql'...
ac-db-import  | [0m[36m>> Applying 'instance_reset.sql'...
ac-db-import  | [0m[36m>> Applying 'instance_saved_go_state_data.sql'...
ac-db-import  | [0m[36m>> Applying 'item_instance.sql'...
ac-db-import  | [0m[36m>> Applying 'item_loot_storage.sql'...
ac-db-import  | [0m[36m>> Applying 'item_refund_instance.sql'...
ac-db-import  | [0m[36m>> Applying 'item_soulbound_trade_data.sql'...
ac-db-import  | [0m[36m>> Applying 'lag_reports.sql'...
ac-db-import  | [0m[36m>> Applying 'lfg_data.sql'...
ac-db-import  | [0m[36m>> Applying 'log_arena_fights.sql'...
ac-db-import  | [0m[36m>> Applying 'log_arena_memberstats.sql'...
ac-db-import  | [0m[36m>> Applying 'log_encounter.sql'...
ac-db-import  | [0m[36m>> Applying 'log_money.sql'...
ac-db-import  | [0m[36m>> Applying 'mail.sql'...
ac-db-import  | [0m[36m>> Applying 'mail_items.sql'...
ac-db-import  | [0m[36m>> Applying 'mail_server_character.sql'...
ac-db-import  | [0m[36m>> Applying 'mail_server_template.sql'...
ac-db-import  | [0m[36m>> Applying 'mail_server_template_conditions.sql'...
ac-db-import  | [0m[36m>> Applying 'mail_server_template_items.sql'...
ac-db-import  | [0m[36m>> Applying 'pet_aura.sql'...
ac-db-import  | [0m[36m>> Applying 'pet_spell.sql'...
ac-db-import  | [0m[36m>> Applying 'pet_spell_cooldown.sql'...
ac-db-import  | [0m[36m>> Applying 'petition.sql'...
ac-db-import  | [0m[36m>> Applying 'petition_sign.sql'...
ac-db-import  | [0m[36m>> Applying 'pool_quest_save.sql'...
ac-db-import  | [0m[36m>> Applying 'profanity_name.sql'...
ac-db-import  | [0m[36m>> Applying 'pvpstats_battlegrounds.sql'...
ac-db-import  | [0m[36m>> Applying 'pvpstats_players.sql'...
ac-db-import  | [0m[36m>> Applying 'quest_tracker.sql'...
ac-db-import  | [0m[36m>> Applying 'recovery_item.sql'...
ac-db-import  | [0m[36m>> Applying 'reserved_name.sql'...
ac-db-import  | [0m[36m>> Applying 'spam_reports.sql'...
ac-db-import  | [0m[36m>> Applying 'updates.sql'...
ac-db-import  | [0m[36m>> Applying 'updates_include.sql'...
ac-db-import  | [0m[36m>> Applying 'warden_action.sql'...
ac-db-import  | [0m[36m>> Applying 'world_state.sql'...
ac-db-import  | [0m[36m>> Applying 'worldstates.sql'...
ac-db-import  | [0m[36m>> Done!
ac-db-import  | [0m[36m 
ac-db-import  | [0m[36mDatabase World is empty, auto populating it...
ac-db-import  | [0m[36m>> Applying 'achievement_category_dbc.sql'...
ac-db-import  | [0m[36m>> Applying 'achievement_criteria_data.sql'...
ac-db-import  | [0m[36m>> Applying 'achievement_criteria_dbc.sql'...
ac-db-import  | [0m[36m>> Applying 'achievement_dbc.sql'...
ac-db-import  | [0m[36m>> Applying 'achievement_reward.sql'...
ac-db-import  | [0m[36m>> Applying 'achievement_reward_locale.sql'...
ac-db-import  | [0m[36m>> Applying 'acore_string.sql'...
ac-db-import  | [0m[36m>> Applying 'antidos_opcode_policies.sql'...
ac-db-import  | [0m[36m>> Applying 'areagroup_dbc.sql'...
ac-db-import  | [0m[36m>> Applying 'areapoi_dbc.sql'...
ac-db-import  | [0m[36m>> Applying 'areatable_dbc.sql'...
ac-db-import  | [0m[36m>> Applying 'areatrigger.sql'...
ac-db-import  | [0m[36m>> Applying 'areatrigger_involvedrelation.sql'...
ac-db-import  | [0m[36m>> Applying 'areatrigger_scripts.sql'...
ac-db-import  | [0m[36m>> Applying 'areatrigger_tavern.sql'...
ac-db-import  | [0m[36m>> Applying 'areatrigger_teleport.sql'...
ac-db-import  | [0m[36m>> Applying 'arena_season_reward.sql'...
ac-db-import  | [0m[36m>> Applying 'arena_season_reward_group.sql'...
ac-db-import  | [0m[36m>> Applying 'auctionhouse_dbc.sql'...
ac-db-import  | [0m[36m>> Applying 'bankbagslotprices_dbc.sql'...
ac-db-import  | [0m[36m>> Applying 'barbershopstyle_dbc.sql'...
ac-db-import  | [0m[36m>> Applying 'battleground_template.sql'...
ac-db-import  | [0m[36m>> Applying 'battlemaster_entry.sql'...
ac-db-import  | [0m[36m>> Applying 'battlemasterlist_dbc.sql'...
ac-db-import  | [0m[36m>> Applying 'broadcast_text.sql'...
ac-db-import  | [0m[36m>> Applying 'broadcast_text_locale.sql'...
ac-db-import  | [0m[36m>> Applying 'charstartoutfit_dbc.sql'...
ac-db-import  | [0m[36m>> Applying 'chartitles_dbc.sql'...
ac-db-import  | [0m[36m>> Applying 'chatchannels_dbc.sql'...
ac-db-import  | [0m[36m>> Applying 'chrclasses_dbc.sql'...
ac-db-import  | [0m[36m>> Applying 'chrraces_dbc.sql'...
ac-db-import  | [0m[36m>> Applying 'cinematiccamera_dbc.sql'...
ac-db-import  | [0m[36m>> Applying 'cinematicsequences_dbc.sql'...
ac-db-import  | [0m[36m>> Applying 'command.sql'...
ac-db-import  | [0m[36m>> Applying 'conditions.sql'...
ac-db-import  | [0m[36m>> Applying 'creature.sql'...
ac-db-import  | [0m[36m>> Applying 'creature_addon.sql'...
ac-db-import  | [0m[36m>> Applying 'creature_classlevelstats.sql'...
ac-db-import  | [0m[36m>> Applying 'creature_default_trainer.sql'...
ac-db-import  | [0m[36m>> Applying 'creature_equip_template.sql'...
ac-db-import  | [0m[36m>> Applying 'creature_formations.sql'...
ac-db-import  | [0m[36m>> Applying 'creature_immunities.sql'...
ac-db-import  | [0m[36m>> Applying 'creature_loot_template.sql'...
ac-db-import  | [0m[36m>> Applying 'creature_model_info.sql'...
ac-db-import  | [0m[36m>> Applying 'creature_movement_override.sql'...
ac-db-import  | [0m[36m>> Applying 'creature_onkill_reputation.sql'...
ac-db-import  | [0m[36m>> Applying 'creature_questender.sql'...
ac-db-import  | [0m[36m>> Applying 'creature_questitem.sql'...
ac-db-import  | [0m[36m>> Applying 'creature_queststarter.sql'...
ac-db-import  | [0m[36m>> Applying 'creature_sparring.sql'...
ac-db-import  | [0m[36m>> Applying 'creature_summon_groups.sql'...
ac-db-import  | [0m[36m>> Applying 'creature_template.sql'...
ac-db-import  | [0m[36m>> Applying 'creature_template_addon.sql'...
ac-db-import  | [0m[36m>> Applying 'creature_template_locale.sql'...
ac-db-import  | [0m[36m>> Applying 'creature_template_model.sql'...
ac-db-import  | [0m[36m>> Applying 'creature_template_movement.sql'...
ac-db-import  | [0m[36m>> Applying 'creature_template_resistance.sql'...
ac-db-import  | [0m[36m>> Applying 'creature_template_spell.sql'...
ac-db-import  | [0m[36m>> Applying 'creature_text.sql'...
ac-db-import  | [0m[36m>> Applying 'creature_text_locale.sql'...
ac-db-import  | [0m[36m>> Applying 'creaturedisplayinfo_dbc.sql'...
ac-db-import  | [0m[36m>> Applying 'creaturedisplayinfoextra_dbc.sql'...
ac-db-import  | [0m[36m>> Applying 'creaturefamily_dbc.sql'...
ac-db-import  | [0m[36m>> Applying 'creaturemodeldata_dbc.sql'...
ac-db-import  | [0m[36m>> Applying 'creaturespelldata_dbc.sql'...
ac-db-import  | [0m[36m>> Applying 'creaturetype_dbc.sql'...
ac-db-import  | [0m[36m>> Applying 'currencytypes_dbc.sql'...
ac-db-import  | [0m[36m>> Applying 'destructiblemodeldata_dbc.sql'...
ac-db-import  | [0m[36m>> Applying 'disables.sql'...
ac-db-import  | [0m[36m>> Applying 'disenchant_loot_template.sql'...
ac-db-import  | [0m[36m>> Applying 'dungeon_access_requirements.sql'...
ac-db-import  | [0m[36m>> Applying 'dungeon_access_template.sql'...
ac-db-import  | [0m[36m>> Applying 'dungeonencounter_dbc.sql'...
ac-db-import  | [0m[36m>> Applying 'durabilitycosts_dbc.sql'...
ac-db-import  | [0m[36m>> Applying 'durabilityquality_dbc.sql'...
ac-db-import  | [0m[36m>> Applying 'emotes_dbc.sql'...
ac-db-import  | [0m[36m>> Applying 'emotestext_dbc.sql'...
ac-db-import  | [0m[36m>> Applying 'event_scripts.sql'...
ac-db-import  | [0m[36m>> Applying 'exploration_basexp.sql'...
ac-db-import  | [0m[36m>> Applying 'faction_dbc.sql'...
ac-db-import  | [0m[36m>> Applying 'factiontemplate_dbc.sql'...
ac-db-import  | [0m[36m>> Applying 'fishing_loot_template.sql'...
ac-db-import  | [0m[36m>> Applying 'game_event.sql'...
ac-db-import  | [0m[36m>> Applying 'game_event_arena_seasons.sql'...
ac-db-import  | [0m[36m>> Applying 'game_event_battleground_holiday.sql'...
ac-db-import  | [0m[36m>> Applying 'game_event_condition.sql'...
ac-db-import  | [0m[36m>> Applying 'game_event_creature.sql'...
ac-db-import  | [0m[36m>> Applying 'game_event_creature_quest.sql'...
ac-db-import  | [0m[36m>> Applying 'game_event_gameobject.sql'...
ac-db-import  | [0m[36m>> Applying 'game_event_gameobject_quest.sql'...
ac-db-import  | [0m[36m>> Applying 'game_event_model_equip.sql'...
ac-db-import  | [0m[36m>> Applying 'game_event_npc_vendor.sql'...
ac-db-import  | [0m[36m>> Applying 'game_event_npcflag.sql'...
ac-db-import  | [0m[36m>> Applying 'game_event_pool.sql'...
ac-db-import  | [0m[36m>> Applying 'game_event_prerequisite.sql'...
ac-db-import  | [0m[36m>> Applying 'game_event_quest_condition.sql'...
ac-db-import  | [0m[36m>> Applying 'game_event_seasonal_questrelation.sql'...
ac-db-import  | [0m[36m>> Applying 'game_graveyard.sql'...
ac-db-import  | [0m[36m>> Applying 'game_tele.sql'...
ac-db-import  | [0m[36m>> Applying 'game_weather.sql'...
ac-db-import  | [0m[36m>> Applying 'gameobject.sql'...
ac-db-import  | [0m[36m>> Applying 'gameobject_addon.sql'...
ac-db-import  | [0m[36m>> Applying 'gameobject_loot_template.sql'...
ac-db-import  | [0m[36m>> Applying 'gameobject_questender.sql'...
ac-db-import  | [0m[36m>> Applying 'gameobject_questitem.sql'...
ac-db-import  | [0m[36m>> Applying 'gameobject_queststarter.sql'...
ac-db-import  | [0m[36m>> Applying 'gameobject_summon_groups.sql'...
ac-db-import  | [0m[36m>> Applying 'gameobject_template.sql'...
ac-db-import  | [0m[36m>> Applying 'gameobject_template_addon.sql'...
ac-db-import  | [0m[36m>> Applying 'gameobject_template_locale.sql'...
ac-db-import  | [0m[36m>> Applying 'gameobjectartkit_dbc.sql'...
ac-db-import  | [0m[36m>> Applying 'gameobjectdisplayinfo_dbc.sql'...
ac-db-import  | [0m[36m>> Applying 'gemproperties_dbc.sql'...
ac-db-import  | [0m[36m>> Applying 'glyphproperties_dbc.sql'...
ac-db-import  | [0m[36m>> Applying 'glyphslot_dbc.sql'...
ac-db-import  | [0m[36m>> Applying 'gossip_menu.sql'...
ac-db-import  | [0m[36m>> Applying 'gossip_menu_option.sql'...
ac-db-import  | [0m[36m>> Applying 'gossip_menu_option_locale.sql'...
ac-db-import  | [0m[36m>> Applying 'graveyard_zone.sql'...
ac-db-import  | [0m[36m>> Applying 'gtbarbershopcostbase_dbc.sql'...
ac-db-import  | [0m[36m>> Applying 'gtchancetomeleecrit_dbc.sql'...
ac-db-import  | [0m[36m>> Applying 'gtchancetomeleecritbase_dbc.sql'...
ac-db-import  | [0m[36m>> Applying 'gtchancetospellcrit_dbc.sql'...
ac-db-import  | [0m[36m>> Applying 'gtchancetospellcritbase_dbc.sql'...
ac-db-import  | [0m[36m>> Applying 'gtcombatratings_dbc.sql'...
ac-db-import  | [0m[36m>> Applying 'gtnpcmanacostscaler_dbc.sql'...
ac-db-import  | [0m[36m>> Applying 'gtoctclasscombatratingscalar_dbc.sql'...
ac-db-import  | [0m[36m>> Applying 'gtoctregenhp_dbc.sql'...
ac-db-import  | [0m[36m>> Applying 'gtregenhpperspt_dbc.sql'...
ac-db-import  | [0m[36m>> Applying 'gtregenmpperspt_dbc.sql'...
ac-db-import  | [0m[36m>> Applying 'holiday_dates.sql'...
ac-db-import  | [0m[36m>> Applying 'holidays_dbc.sql'...
ac-db-import  | [0m[36m>> Applying 'instance_encounters.sql'...
ac-db-import  | [0m[36m>> Applying 'instance_template.sql'...
ac-db-import  | [0m[36m>> Applying 'item_dbc.sql'...
ac-db-import  | [0m[36m>> Applying 'item_enchantment_template.sql'...
ac-db-import  | [0m[36m>> Applying 'item_loot_template.sql'...
ac-db-import  | [0m[36m>> Applying 'item_set_names.sql'...
ac-db-import  | [0m[36m>> Applying 'item_set_names_locale.sql'...
ac-db-import  | [0m[36m>> Applying 'item_template.sql'...
ac-db-import  | [0m[36m>> Applying 'item_template_locale.sql'...
ac-db-import  | [0m[36m>> Applying 'itembagfamily_dbc.sql'...
ac-db-import  | [0m[36m>> Applying 'itemdisplayinfo_dbc.sql'...
ac-db-import  | [0m[36m>> Applying 'itemextendedcost_dbc.sql'...
ac-db-import  | [0m[36m>> Applying 'itemlimitcategory_dbc.sql'...
ac-db-import  | [0m[36m>> Applying 'itemrandomproperties_dbc.sql'...
ac-db-import  | [0m[36m>> Applying 'itemrandomsuffix_dbc.sql'...
ac-db-import  | [0m[36m>> Applying 'itemset_dbc.sql'...
ac-db-import  | [0m[36m>> Applying 'lfg_dungeon_rewards.sql'...
ac-db-import  | [0m[36m>> Applying 'lfg_dungeon_template.sql'...
ac-db-import  | [0m[36m>> Applying 'lfgdungeons_dbc.sql'...
ac-db-import  | [0m[36m>> Applying 'light_dbc.sql'...
ac-db-import  | [0m[36m>> Applying 'linked_respawn.sql'...
ac-db-import  | [0m[36m>> Applying 'liquidtype_dbc.sql'...
ac-db-import  | [0m[36m>> Applying 'lock_dbc.sql'...
ac-db-import  | [0m[36m>> Applying 'mail_level_reward.sql'...
ac-db-import  | [0m[36m>> Applying 'mail_loot_template.sql'...
ac-db-import  | [0m[36m>> Applying 'mailtemplate_dbc.sql'...
ac-db-import  | [0m[36m>> Applying 'map_dbc.sql'...
ac-db-import  | [0m[36m>> Applying 'mapdifficulty_dbc.sql'...
ac-db-import  | [0m[36m>> Applying 'milling_loot_template.sql'...
ac-db-import  | [0m[36m>> Applying 'module_string.sql'...
ac-db-import  | [0m[36m>> Applying 'module_string_locale.sql'...
ac-db-import  | [0m[36m>> Applying 'movie_dbc.sql'...
ac-db-import  | [0m[36m>> Applying 'namesprofanity_dbc.sql'...
ac-db-import  | [0m[36m>> Applying 'namesreserved_dbc.sql'...
ac-db-import  | [0m[36m>> Applying 'npc_spellclick_spells.sql'...
ac-db-import  | [0m[36m>> Applying 'npc_text.sql'...
ac-db-import  | [0m[36m>> Applying 'npc_text_locale.sql'...
ac-db-import  | [0m[36m>> Applying 'npc_trainer.sql'...
ac-db-import  | [0m[36m>> Applying 'npc_vendor.sql'...
ac-db-import  | [0m[36m>> Applying 'outdoorpvp_template.sql'...
ac-db-import  | [0m[36m>> Applying 'overridespelldata_dbc.sql'...
ac-db-import  | [0m[36m>> Applying 'page_text.sql'...
ac-db-import  | [0m[36m>> Applying 'page_text_locale.sql'...
ac-db-import  | [0m[36m>> Applying 'pet_levelstats.sql'...
ac-db-import  | [0m[36m>> Applying 'pet_name_generation.sql'...
ac-db-import  | [0m[36m>> Applying 'pet_name_generation_locale.sql'...
ac-db-import  | [0m[36m>> Applying 'pickpocketing_loot_template.sql'...
ac-db-import  | [0m[36m>> Applying 'player_class_stats.sql'...
ac-db-import  | [0m[36m>> Applying 'player_factionchange_achievement.sql'...
ac-db-import  | [0m[36m>> Applying 'player_factionchange_items.sql'...
ac-db-import  | [0m[36m>> Applying 'player_factionchange_quests.sql'...
ac-db-import  | [0m[36m>> Applying 'player_factionchange_reputations.sql'...
ac-db-import  | [0m[36m>> Applying 'player_factionchange_spells.sql'...
ac-db-import  | [0m[36m>> Applying 'player_factionchange_titles.sql'...
ac-db-import  | [0m[36m>> Applying 'player_loot_template.sql'...
ac-db-import  | [0m[36m>> Applying 'player_race_stats.sql'...
ac-db-import  | [0m[36m>> Applying 'player_shapeshift_model.sql'...
ac-db-import  | [0m[36m>> Applying 'player_totem_model.sql'...
ac-db-import  | [0m[36m>> Applying 'player_xp_for_level.sql'...
ac-db-import  | [0m[36m>> Applying 'playercreateinfo.sql'...
ac-db-import  | [0m[36m>> Applying 'playercreateinfo_action.sql'...
ac-db-import  | [0m[36m>> Applying 'playercreateinfo_cast_spell.sql'...
ac-db-import  | [0m[36m>> Applying 'playercreateinfo_item.sql'...
ac-db-import  | [0m[36m>> Applying 'playercreateinfo_skills.sql'...
ac-db-import  | [0m[36m>> Applying 'playercreateinfo_spell_custom.sql'...
ac-db-import  | [0m[36m>> Applying 'points_of_interest.sql'...
ac-db-import  | [0m[36m>> Applying 'points_of_interest_locale.sql'...
ac-db-import  | [0m[36m>> Applying 'pool_creature.sql'...
ac-db-import  | [0m[36m>> Applying 'pool_gameobject.sql'...
ac-db-import  | [0m[36m>> Applying 'pool_pool.sql'...
ac-db-import  | [0m[36m>> Applying 'pool_quest.sql'...
ac-db-import  | [0m[36m>> Applying 'pool_template.sql'...
ac-db-import  | [0m[36m>> Applying 'powerdisplay_dbc.sql'...
ac-db-import  | [0m[36m>> Applying 'prospecting_loot_template.sql'...
ac-db-import  | [0m[36m>> Applying 'pvpdifficulty_dbc.sql'...
ac-db-import  | [0m[36m>> Applying 'quest_details.sql'...
ac-db-import  | [0m[36m>> Applying 'quest_greeting.sql'...
ac-db-import  | [0m[36m>> Applying 'quest_greeting_locale.sql'...
ac-db-import  | [0m[36m>> Applying 'quest_mail_sender.sql'...
ac-db-import  | [0m[36m>> Applying 'quest_money_reward.sql'...
ac-db-import  | [0m[36m>> Applying 'quest_offer_reward.sql'...
ac-db-import  | [0m[36m>> Applying 'quest_offer_reward_locale.sql'...
ac-db-import  | [0m[36m>> Applying 'quest_poi.sql'...
ac-db-import  | [0m[36m>> Applying 'quest_poi_points.sql'...
ac-db-import  | [0m[36m>> Applying 'quest_request_items.sql'...
ac-db-import  | [0m[36m>> Applying 'quest_request_items_locale.sql'...
ac-db-import  | [0m[36m>> Applying 'quest_template.sql'...
ac-db-import  | [0m[36m>> Applying 'quest_template_addon.sql'...
ac-db-import  | [0m[36m>> Applying 'quest_template_locale.sql'...
ac-db-import  | [0m[36m>> Applying 'questfactionreward_dbc.sql'...
ac-db-import  | [0m[36m>> Applying 'questsort_dbc.sql'...
ac-db-import  | [0m[36m>> Applying 'questxp_dbc.sql'...
ac-db-import  | [0m[36m>> Applying 'randproppoints_dbc.sql'...
ac-db-import  | [0m[36m>> Applying 'reference_loot_template.sql'...
ac-db-import  | [0m[36m>> Applying 'reputation_reward_rate.sql'...
ac-db-import  | [0m[36m>> Applying 'reputation_spillover_template.sql'...
ac-db-import  | [0m[36m>> Applying 'scalingstatdistribution_dbc.sql'...
ac-db-import  | [0m[36m>> Applying 'scalingstatvalues_dbc.sql'...
ac-db-import  | [0m[36m>> Applying 'script_waypoint.sql'...
ac-db-import  | [0m[36m>> Applying 'skill_discovery_template.sql'...
ac-db-import  | [0m[36m>> Applying 'skill_extra_item_template.sql'...
ac-db-import  | [0m[36m>> Applying 'skill_fishing_base_level.sql'...
ac-db-import  | [0m[36m>> Applying 'skill_perfect_item_template.sql'...
ac-db-import  | [0m[36m>> Applying 'skillline_dbc.sql'...
ac-db-import  | [0m[36m>> Applying 'skilllineability_dbc.sql'...
ac-db-import  | [0m[36m>> Applying 'skillraceclassinfo_dbc.sql'...
ac-db-import  | [0m[36m>> Applying 'skilltiers_dbc.sql'...
ac-db-import  | [0m[36m>> Applying 'skinning_loot_template.sql'...
ac-db-import  | [0m[36m>> Applying 'smart_scripts.sql'...
ac-db-import  | [0m[36m>> Applying 'soundentries_dbc.sql'...
ac-db-import  | [0m[36m>> Applying 'spawn_group.sql'...
ac-db-import  | [0m[36m>> Applying 'spawn_group_template.sql'...
ac-db-import  | [0m[36m>> Applying 'spell_area.sql'...
ac-db-import  | [0m[36m>> Applying 'spell_bonus_data.sql'...
ac-db-import  | [0m[36m>> Applying 'spell_cone.sql'...
ac-db-import  | [0m[36m>> Applying 'spell_cooldown_overrides.sql'...
ac-db-import  | [0m[36m>> Applying 'spell_custom_attr.sql'...
ac-db-import  | [0m[36m>> Applying 'spell_dbc.sql'...
ac-db-import  | [0m[36m>> Applying 'spell_enchant_proc_data.sql'...
ac-db-import  | [0m[36m>> Applying 'spell_group.sql'...
ac-db-import  | [0m[36m>> Applying 'spell_group_stack_rules.sql'...
ac-db-import  | [0m[36m>> Applying 'spell_jump_distance.sql'...
ac-db-import  | [0m[36m>> Applying 'spell_linked_spell.sql'...
ac-db-import  | [0m[36m>> Applying 'spell_loot_template.sql'...
ac-db-import  | [0m[36m>> Applying 'spell_mixology.sql'...
ac-db-import  | [0m[36m>> Applying 'spell_pet_auras.sql'...
ac-db-import  | [0m[36m>> Applying 'spell_proc.sql'...
ac-db-import  | [0m[36m>> Applying 'spell_proc_event.sql'...
ac-db-import  | [0m[36m>> Applying 'spell_ranks.sql'...
ac-db-import  | [0m[36m>> Applying 'spell_required.sql'...
ac-db-import  | [0m[36m>> Applying 'spell_script_names.sql'...
ac-db-import  | [0m[36m>> Applying 'spell_scripts.sql'...
ac-db-import  | [0m[36m>> Applying 'spell_target_position.sql'...
ac-db-import  | [0m[36m>> Applying 'spell_threat.sql'...
ac-db-import  | [0m[36m>> Applying 'spellcasttimes_dbc.sql'...
ac-db-import  | [0m[36m>> Applying 'spellcategory_dbc.sql'...
ac-db-import  | [0m[36m>> Applying 'spelldifficulty_dbc.sql'...
ac-db-import  | [0m[36m>> Applying 'spellduration_dbc.sql'...
ac-db-import  | [0m[36m>> Applying 'spellfocusobject_dbc.sql'...
ac-db-import  | [0m[36m>> Applying 'spellitemenchantment_dbc.sql'...
ac-db-import  | [0m[36m>> Applying 'spellitemenchantmentcondition_dbc.sql'...
ac-db-import  | [0m[36m>> Applying 'spellradius_dbc.sql'...
ac-db-import  | [0m[36m>> Applying 'spellrange_dbc.sql'...
ac-db-import  | [0m[36m>> Applying 'spellrunecost_dbc.sql'...
ac-db-import  | [0m[36m>> Applying 'spellshapeshiftform_dbc.sql'...
ac-db-import  | [0m[36m>> Applying 'spellvisual_dbc.sql'...
ac-db-import  | [0m[36m>> Applying 'stableslotprices_dbc.sql'...
ac-db-import  | [0m[36m>> Applying 'summonproperties_dbc.sql'...
ac-db-import  | [0m[36m>> Applying 'talent_dbc.sql'...
ac-db-import  | [0m[36m>> Applying 'talenttab_dbc.sql'...
ac-db-import  | [0m[36m>> Applying 'taxinodes_dbc.sql'...
ac-db-import  | [0m[36m>> Applying 'taxipath_dbc.sql'...
ac-db-import  | [0m[36m>> Applying 'taxipathnode_dbc.sql'...
ac-db-import  | [0m[36m>> Applying 'teamcontributionpoints_dbc.sql'...
ac-db-import  | [0m[36m>> Applying 'totemcategory_dbc.sql'...
ac-db-import  | [0m[36m>> Applying 'trainer.sql'...
ac-db-import  | [0m[36m>> Applying 'trainer_locale.sql'...
ac-db-import  | [0m[36m>> Applying 'trainer_spell.sql'...
ac-db-import  | [0m[36m>> Applying 'transportanimation_dbc.sql'...
ac-db-import  | [0m[36m>> Applying 'transportrotation_dbc.sql'...
ac-db-import  | [0m[36m>> Applying 'transports.sql'...
ac-db-import  | [0m[36m>> Applying 'updates.sql'...
ac-db-import  | [0m[36m>> Applying 'updates_include.sql'...
ac-db-import  | [0m[36m>> Applying 'vehicle_accessory.sql'...
ac-db-import  | [0m[36m>> Applying 'vehicle_dbc.sql'...
ac-db-import  | [0m[36m>> Applying 'vehicle_seat_addon.sql'...
ac-db-import  | [0m[36m>> Applying 'vehicle_template_accessory.sql'...
ac-db-import  | [0m[36m>> Applying 'vehicleseat_dbc.sql'...
ac-db-import  | [0m[36m>> Applying 'version.sql'...
ac-db-import  | [0m[36m>> Applying 'warden_checks.sql'...
ac-db-import  | [0m[36m>> Applying 'waypoint_data.sql'...
ac-db-import  | [0m[36m>> Applying 'waypoint_data_addon.sql'...
ac-db-import  | [0m[36m>> Applying 'waypoint_scripts.sql'...
ac-db-import  | [0m[36m>> Applying 'waypoints.sql'...
ac-db-import  | [0m[36m>> Applying 'wmoareatable_dbc.sql'...
ac-db-import  | [0m[36m>> Applying 'worldmaparea_dbc.sql'...
ac-db-import  | [0m[36m>> Applying 'worldmapoverlay_dbc.sql'...
ac-db-import  | [0m[36m>> Done!
ac-db-import  | [0m[36m 
ac-db-import  | [0m[36mUpdating Auth database...
ac-db-import  | [0m[36m>> Applying update "2026_07_15_00.sql" '7F0B0E4'...
ac-db-import  | [0m[36m>> Applying update "2026_07_18_00.sql" 'FDDC753'...
ac-db-import  | [0m[36m>> Applying update "2026_07_18_01.sql" 'FE82BF5'...
ac-db-import  | [0m[36m>> Applying update "2026_07_19_00.sql" 'DE3C449'...
ac-db-import  | [0m[36m>> Applying update "2026_07_22_00.sql" '382BCD3'...
ac-db-import  | [0m[36m>> Applying update "2026_08_16_00.sql" 'CC5ACE6'...
ac-db-import  | [0m[36m>> Applied 6 queries. Containing 15 new and 1 archived updates.
ac-db-import  | [0m[36m 
ac-db-import  | [0m[36mUpdating Character database...
ac-db-import  | [0m[36m>> Applying update "2026_06_24_00.sql" 'C59C550'...
ac-db-import  | [0m[36m>> Applying update "2026_07_18_00.sql" '1A6FB12'...
ac-db-import  | [0m[36m>> Applying update "2026_07_21_00.sql" 'A8C6CE6'...
ac-db-import  | [0m[36m>> Applying update "2026_07_22_00.sql" 'E06DB4D'...
ac-db-import  | [0m[36m>> Applying update "2026_08_15_00.sql" '9384496'...
ac-db-import  | [0m[36m>> Applying update "2025_09_25_01_playerbots_guild_tabard_fix.sql" '3C2DBA2'...
ac-db-import  | [0m[36m>> Applying update "playerbots_arena_team_names.sql" 'B138B11'...
ac-db-import  | [0m[36m>> Applying update "playerbots_guild_names.sql" 'FFBA9D7'...
ac-db-import  | [0m[36m>> Applying update "playerbots_names.sql" '3AB14F4'...
ac-db-import  | [0m[36m>> Applied 9 queries. Containing 17 new and 3 archived updates.
ac-db-import  | [0m[36m 
ac-db-import  | [0m[36mUpdating World database...
ac-db-import  | [0m[36m>> Applying update "2026_06_01_02.sql" '2EBA47B'...
ac-db-import  | [0m[36m>> Applying update "2026_06_02_00.sql" 'B3178D9'...
ac-db-import  | [0m[36m>> Applying update "2026_06_02_01.sql" '0AAC618'...
ac-db-import  | [0m[36m>> Applying update "2026_06_02_02.sql" '3F2AB97'...
ac-db-import  | [0m[36m>> Applying update "2026_06_02_03.sql" 'FCF92BC'...
ac-db-import  | [0m[36m>> Applying update "2026_06_05_00.sql" '4E4482C'...
ac-db-import  | [0m[36m>> Applying update "2026_06_08_00.sql" '8C7630D'...
ac-db-import  | [0m[36m>> Applying update "2026_06_08_01.sql" 'F483EE6'...
ac-db-import  | [0m[36m>> Applying update "2026_06_10_00.sql" '8D5E44D'...
ac-db-import  | [0m[36m>> Applying update "2026_06_10_01.sql" '9F9F667'...
ac-db-import  | [0m[36m>> Applying update "2026_06_10_02.sql" '7EFBDFC'...
ac-db-import  | [0m[36m>> Applying update "2026_06_10_03.sql" '091244B'...
ac-db-import  | [0m[36m>> Applying update "2026_06_11_00.sql" '48E0E72'...
ac-db-import  | [0m[36m>> Applying update "2026_06_11_01.sql" '0342AE8'...
ac-db-import  | [0m[36m>> Applying update "2026_06_11_02.sql" '0EF7D83'...
ac-db-import  | [0m[36m>> Applying update "2026_06_12_00.sql" '9091357'...
ac-db-import  | [0m[36m>> Applying update "2026_06_12_01.sql" '7C4206F'...
ac-db-import  | [0m[36m>> Applying update "2026_06_12_02.sql" 'C2F5A06'...
ac-db-import  | [0m[36m>> Applying update "2026_06_13_00.sql" '4538A6B'...
ac-db-import  | [0m[36m>> Applying update "2026_06_13_01.sql" 'BA33F30'...
ac-db-import  | [0m[36m>> Applying update "2026_06_13_02.sql" '5D96974'...
ac-db-import  | [0m[36m>> Applying update "2026_06_13_03.sql" '070F1CD'...
ac-db-import  | [0m[36m>> Applying update "2026_06_13_04.sql" '89E3F8C'...
ac-db-import  | [0m[36m>> Applying update "2026_06_13_05.sql" '1812A37'...
ac-db-import  | [0m[36m>> Applying update "2026_06_14_00.sql" '0EACE9D'...
ac-db-import  | [0m[36m>> Applying update "2026_06_14_01.sql" '9016152'...
ac-db-import  | [0m[36m>> Applying update "2026_06_14_02.sql" 'ECC376E'...
ac-db-import  | [0m[36m>> Applying update "2026_06_15_00.sql" '2254BA2'...
ac-db-import  | [0m[36m>> Applying update "2026_06_15_01.sql" '1B17050'...
ac-db-import  | [0m[36m>> Applying update "2026_06_16_00.sql" 'DF7EC32'...
ac-db-import  | [0m[36m>> Applying update "2026_06_16_01.sql" '38B3A91'...
ac-db-import  | [0m[36m>> Applying update "2026_06_16_02.sql" '6326DC6'...
ac-db-import  | [0m[36m>> Applying update "2026_06_16_03.sql" 'A573476'...
ac-db-import  | [0m[36m>> Applying update "2026_06_16_04.sql" 'F84854D'...
ac-db-import  | [0m[36m>> Applying update "2026_06_16_05.sql" '332537A'...
ac-db-import  | [0m[36m>> Applying update "2026_06_16_06.sql" 'FE7A7DC'...
ac-db-import  | [0m[36m>> Applying update "2026_06_16_07.sql" '08AAF96'...
ac-db-import  | [0m[36m>> Applying update "2026_06_17_00.sql" 'C6517AF'...
ac-db-import  | [0m[36m>> Applying update "2026_06_18_00.sql" '73208A7'...
ac-db-import  | [0m[36m>> Applying update "2026_06_18_01.sql" 'B5D262E'...
ac-db-import  | [0m[36m>> Applying update "2026_06_18_02.sql" '234655B'...
ac-db-import  | [0m[36m>> Applying update "2026_06_18_03.sql" 'DDA4BF7'...
ac-db-import  | [0m[36m>> Applying update "2026_06_20_00.sql" 'E1145E1'...
ac-db-import  | [0m[36m>> Applying update "2026_06_21_00.sql" '52ED60E'...
ac-db-import  | [0m[36m>> Applying update "2026_06_22_00.sql" 'B910EDA'...
ac-db-import  | [0m[36m>> Applying update "2026_06_25_00.sql" '9F39C32'...
ac-db-import  | [0m[36m>> Applying update "2026_06_26_00.sql" '2765300'...
ac-db-import  | [0m[36m>> Applying update "2026_06_28_00.sql" '593CE30'...
ac-db-import  | [0m[36m>> Applying update "2026_06_28_01.sql" '130EBD1'...
ac-db-import  | [0m[36m>> Applying update "2026_06_30_00.sql" '525D0D7'...
ac-db-import  | [0m[36m>> Applying update "2026_06_30_01.sql" 'B1BBEA5'...
ac-db-import  | [0m[36m>> Applying update "2026_06_30_02.sql" '5D1B6F2'...
ac-db-import  | [0m[36m>> Applying update "2026_06_30_03.sql" '159C8C1'...
ac-db-import  | [0m[36m>> Applying update "2026_06_30_04.sql" 'D02186B'...
ac-db-import  | [0m[36m>> Applying update "2026_06_30_05.sql" '2DC1D66'...
ac-db-import  | [0m[36m>> Applying update "2026_06_30_06.sql" 'A3E32F6'...
ac-db-import  | [0m[36m>> Applying update "2026_07_02_00.sql" 'F22D686'...
ac-db-import  | [0m[36m>> Applying update "2026_07_02_01.sql" 'CB90A2C'...
ac-db-import  | [0m[36m>> Applying update "2026_07_02_02.sql" 'BC00DC1'...
ac-db-import  | [0m[36m>> Applying update "2026_07_02_03.sql" '7C95DA4'...
ac-db-import  | [0m[36m>> Applying update "2026_07_02_04.sql" '9238AC1'...
ac-db-import  | [0m[36m>> Applying update "2026_07_03_00.sql" '1541FCF'...
ac-db-import  | [0m[36m>> Applying update "2026_07_03_01.sql" '69DFF6F'...
ac-db-import  | [0m[36m>> Applying update "2026_07_03_02.sql" '9FD9DA1'...
ac-db-import  | [0m[36m>> Applying update "2026_07_03_03.sql" '23F2657'...
ac-db-import  | [0m[36m>> Applying update "2026_07_04_00.sql" '7963D92'...
ac-db-import  | [0m[36m>> Applying update "2026_07_04_01.sql" '0F831AD'...
ac-db-import  | [0m[36m>> Applying update "2026_07_04_02.sql" '7480510'...
ac-db-import  | [0m[36m>> Applying update "2026_07_04_03.sql" '2FE8937'...
ac-db-import  | [0m[36m>> Applying update "2026_07_04_04.sql" '64F73E7'...
ac-db-import  | [0m[36m>> Applying update "2026_07_04_05.sql" 'D80D0A6'...
ac-db-import  | [0m[36m>> Applying update "2026_07_04_06.sql" 'D9EFB5B'...
ac-db-import  | [0m[36m>> Applying update "2026_07_05_00.sql" '6617C72'...
ac-db-import  | [0m[36m>> Applying update "2026_07_05_01.sql" '2727E00'...
ac-db-import  | [0m[36m>> Applying update "2026_07_05_02.sql" '2249C67'...
ac-db-import  | [0m[36m>> Applying update "2026_07_06_00.sql" '8177A68'...
ac-db-import  | [0m[36m>> Applying update "2026_07_11_00.sql" 'B749121'...
ac-db-import  | [0m[36m>> Applying update "2026_07_12_00.sql" '78B3A04'...
ac-db-import  | [0m[36m>> Applying update "2026_07_12_01.sql" 'BE1639B'...
ac-db-import  | [0m[36m>> Applying update "2026_07_12_02.sql" '9CD7E81'...
ac-db-import  | [0m[36m>> Applying update "2026_07_13_00.sql" '3F2B0E1'...
ac-db-import  | [0m[36m>> Applying update "2026_07_14_00.sql" '46AD7A7'...
ac-db-import  | [0m[36m>> Applying update "2026_07_14_01.sql" '212CA5E'...
ac-db-import  | [0m[36m>> Applying update "2026_07_14_02.sql" '311C401'...
ac-db-import  | [0m[36m>> Applying update "2026_07_14_03.sql" '78F41E0'...
ac-db-import  | [0m[36m>> Applying update "2026_07_15_00.sql" '6BCF495'...
ac-db-import  | [0m[36m>> Applying update "2026_07_15_01.sql" '4372C94'...
ac-db-import  | [0m[36m>> Applying update "2026_07_15_02.sql" 'EA0FA19'...
ac-db-import  | [0m[36m>> Applying update "2026_07_15_03.sql" '665D81E'...
ac-db-import  | [0m[36m>> Applying update "2026_07_15_04.sql" '24DDC5C'...
ac-db-import  | [0m[36m>> Applying update "2026_07_16_00.sql" '840540F'...
ac-db-import  | [0m[36m>> Applying update "2026_07_16_01.sql" '3227632'...
ac-db-import  | [0m[36m>> Applying update "2026_07_18_00.sql" '68272E3'...
ac-db-import  | [0m[36m>> Applying update "2026_07_18_01.sql" '7BE0277'...
ac-db-import  | [0m[36m>> Applying update "2026_07_18_02.sql" '0FF0ADF'...
ac-db-import  | [0m[36m>> Applying update "2026_07_18_03.sql" 'F559D42'...
ac-db-import  | [0m[36m>> Applying update "2026_07_18_04.sql" '2BFFC0E'...
ac-db-import  | [0m[36m>> Applying update "2026_07_19_00.sql" '0B579D8'...
ac-db-import  | [0m[36m>> Applying update "2026_07_19_01.sql" '280CD31'...
ac-db-import  | [0m[36m>> Applying update "2026_07_19_02.sql" 'AEDDFC4'...
ac-db-import  | [0m[36m>> Applying update "2026_07_19_03.sql" 'B98379B'...
ac-db-import  | [0m[36m>> Applying update "2026_07_19_04.sql" 'A814390'...
ac-db-import  | [0m[36m>> Applying update "2026_07_19_05.sql" 'B0DD727'...
ac-db-import  | [0m[36m>> Applying update "2026_07_19_06.sql" '419AB8F'...
ac-db-import  | [0m[36m>> Applying update "2026_07_19_07.sql" 'D4A5DBF'...
ac-db-import  | [0m[36m>> Applying update "2026_07_20_00.sql" '5FAB25D'...
ac-db-import  | [0m[36m>> Applying update "2026_07_20_01.sql" '89BA1BD'...
ac-db-import  | [0m[36m>> Applying update "2026_07_21_00.sql" '02D09A5'...
ac-db-import  | [0m[36m>> Applying update "2026_07_21_01.sql" 'E5E4B7E'...
ac-db-import  | [0m[36m>> Applying update "2026_07_21_02.sql" 'F440E73'...
ac-db-import  | [0m[36m>> Applying update "2026_07_22_00.sql" 'C319DA6'...
ac-db-import  | [0m[36m>> Applying update "2026_07_22_01.sql" 'A8D357A'...
ac-db-import  | [0m[36m>> Applying update "2026_07_22_02.sql" '946F826'...
ac-db-import  | [0m[36m>> Applying update "2026_07_22_03.sql" '5716451'...
ac-db-import  | [0m[36m>> Applying update "2026_07_22_04.sql" 'C0D0F59'...
ac-db-import  | [0m[36m>> Applying update "2026_07_22_05.sql" '5AD7AE8'...
ac-db-import  | [0m[36m>> Applying update "2026_07_22_06.sql" '03C4B1B'...
ac-db-import  | [0m[36m>> Applying update "2026_07_22_07.sql" '1F0E2D5'...
ac-db-import  | [0m[36m>> Applying update "2026_07_22_08.sql" 'B8EFC78'...
ac-db-import  | [0m[36m>> Applying update "2026_07_22_09.sql" 'E26ED93'...
ac-db-import  | [0m[36m>> Applying update "2026_07_22_10.sql" 'DA87261'...
ac-db-import  | [0m[36m>> Applying update "2026_07_22_11.sql" '6E29AE9'...
ac-db-import  | [0m[36m>> Applying update "2026_07_22_12.sql" '7BA5DCD'...
ac-db-import  | [0m[36m>> Applying update "2026_07_22_13.sql" 'C579AED'...
ac-db-import  | [0m[36m>> Applying update "2026_07_22_14.sql" '456256C'...
ac-db-import  | [0m[36m>> Applying update "2026_07_23_00.sql" '92573D2'...
ac-db-import  | [0m[36m>> Applying update "2026_07_23_01.sql" '37CD42B'...
ac-db-import  | [0m[36m>> Applying update "2026_07_23_02.sql" 'AB131ED'...
ac-db-import  | [0m[36m>> Applying update "2026_07_23_03.sql" '98FC7C5'...
ac-db-import  | [0m[36m>> Applying update "2026_07_24_00.sql" '8CF241D'...
ac-db-import  | [0m[36m>> Applying update "2026_07_24_01.sql" 'B02F112'...
ac-db-import  | [0m[36m>> Applying update "2026_07_24_02.sql" '7DD9EFD'...
ac-db-import  | [0m[36m>> Applying update "2026_07_24_03.sql" '9DD8C0D'...
ac-db-import  | [0m[36m>> Applying update "2026_07_24_04.sql" '18CE051'...
ac-db-import  | [0m[36m>> Applying update "2026_07_24_05.sql" '568FCCF'...
ac-db-import  | [0m[36m>> Applying update "2026_07_25_00.sql" '7984BA4'...
ac-db-import  | [0m[36m>> Applying update "2026_07_25_01.sql" 'D6E2362'...
ac-db-import  | [0m[36m>> Applying update "2026_07_25_02.sql" 'D4F6C80'...
ac-db-import  | [0m[36m>> Applying update "2026_07_25_03.sql" '1548AA2'...
ac-db-import  | [0m[36m>> Applying update "2026_07_25_04.sql" 'CFF8D0B'...
ac-db-import  | [0m[36m>> Applying update "2026_07_25_05.sql" '1B30009'...
ac-db-import  | [0m[36m>> Applying update "2026_07_25_06.sql" 'AD48D20'...
ac-db-import  | [0m[36m>> Applying update "2026_07_25_07.sql" '80C5AC3'...
ac-db-import  | [0m[36m>> Applying update "2026_07_26_00.sql" '14E49B0'...
ac-db-import  | [0m[36m>> Applying update "2026_07_26_01.sql" '679EDBB'...
ac-db-import  | [0m[36m>> Applying update "2026_07_26_02.sql" '99B3514'...
ac-db-import  | [0m[36m>> Applying update "2026_07_28_00.sql" 'ED2102B'...
ac-db-import  | [0m[36m>> Applying update "2026_07_28_01.sql" '79F4190'...
ac-db-import  | [0m[36m>> Applying update "2026_07_28_02.sql" '0569363'...
ac-db-import  | [0m[36m>> Applying update "2026_07_28_03.sql" '10F69EE'...
ac-db-import  | [0m[36m>> Applying update "2026_07_28_04.sql" '09410BA'...
ac-db-import  | [0m[36m>> Applying update "2026_07_28_05.sql" 'DEC3495'...
ac-db-import  | [0m[36m>> Applying update "2026_07_29_00.sql" 'B0CD498'...
ac-db-import  | [0m[36m>> Applying update "2026_07_30_00.sql" 'E4D719C'...
ac-db-import  | [0m[36m>> Applying update "2026_07_31_00.sql" '3704A0F'...
ac-db-import  | [0m[36m>> Applying update "2026_07_31_01.sql" '53EDDE5'...
ac-db-import  | [0m[36m>> Applying update "2026_07_31_02.sql" '6242718'...
ac-db-import  | [0m[36m>> Applying update "2026_08_01_00.sql" '9244CC0'...
ac-db-import  | [0m[36m>> Applying update "2026_08_01_01.sql" '15936A4'...
ac-db-import  | [0m[36m>> Applying update "2026_08_01_02.sql" '19266EC'...
ac-db-import  | [0m[36m>> Applying update "2026_08_01_03.sql" 'EC215BE'...
ac-db-import  | [0m[36m>> Applying update "2026_08_02_00.sql" 'D171FA9'...
ac-db-import  | [0m[36m>> Applying update "2026_08_02_01.sql" 'B4D38B8'...
ac-db-import  | [0m[36m>> Applying update "2026_08_02_02.sql" 'DCB8815'...
ac-db-import  | [0m[36m>> Applying update "2026_08_02_03.sql" '60AFBD8'...
ac-db-import  | [0m[36m>> Applying update "2026_08_02_04.sql" 'B353B73'...
ac-db-import  | [0m[36m>> Applying update "2026_08_02_05.sql" '1F321E2'...
ac-db-import  | [0m[36m>> Applying update "2026_08_02_06.sql" '7099D66'...
ac-db-import  | [0m[36m>> Applying update "2026_08_03_00.sql" 'A4EF56E'...
ac-db-import  | [0m[36m>> Applying update "2026_08_03_01.sql" 'BD5CC6F'...
ac-db-import  | [0m[36m>> Applying update "2026_08_03_02.sql" '07FA71A'...
ac-db-import  | [0m[36m>> Applying update "2026_08_03_03.sql" '4699F3E'...
ac-db-import  | [0m[36m>> Applying update "2026_08_03_04.sql" '838F63A'...
ac-db-import  | [0m[36m>> Applying update "2026_08_03_05.sql" '2F35014'...
ac-db-import  | [0m[36m>> Applying update "2026_08_03_06.sql" '388CA1D'...
ac-db-import  | [0m[36m>> Applying update "2026_08_03_07.sql" '84738BC'...
ac-db-import  | [0m[36m>> Applying update "2026_08_04_00.sql" '96F89C6'...
ac-db-import  | [0m[36m>> Applying update "2026_08_04_01.sql" 'CDA04A0'...
ac-db-import  | [0m[36m>> Applying update "2026_08_04_02.sql" 'F907C64'...
ac-db-import  | [0m[36m>> Applying update "2026_08_04_03.sql" '57B5433'...
ac-db-import  | [0m[36m>> Applying update "2026_08_04_04.sql" '3044F05'...
ac-db-import  | [0m[36m>> Applying update "2026_08_05_00.sql" 'FC55FE9'...
ac-db-import  | [0m[36m>> Applying update "2026_08_05_01.sql" 'CFF6E47'...
ac-db-import  | [0m[36m>> Applying update "2026_08_06_00.sql" '4BEC389'...
ac-db-import  | [0m[36m>> Applying update "2026_08_06_01.sql" '81392D4'...
ac-db-import  | [0m[36m>> Applying update "2026_08_07_00.sql" '401CF9B'...
ac-db-import  | [0m[36m>> Applying update "2026_08_07_01.sql" '57B1017'...
ac-db-import  | [0m[36m>> Applying update "2026_08_07_02.sql" '3E6CF5C'...
ac-db-import  | [0m[36m>> Applying update "2026_08_07_03.sql" '981D14F'...
ac-db-import  | [0m[36m>> Applying update "2026_08_07_04.sql" '799C6A0'...
ac-db-import  | [0m[36m>> Applying update "2026_08_08_00.sql" '07704F8'...
ac-db-import  | [0m[36m>> Applying update "2026_08_08_01.sql" '2AAE528'...
ac-db-import  | [0m[36m>> Applying update "2026_08_08_02.sql" '865E68A'...
ac-db-import  | [0m[36m>> Applying update "2026_08_08_03.sql" 'F88CF97'...
ac-db-import  | [0m[36m>> Applying update "2026_08_08_04.sql" '5DE0D5E'...
ac-db-import  | [0m[36m>> Applying update "2026_08_08_05.sql" '8FB64F2'...
ac-db-import  | [0m[36m>> Applying update "2026_08_08_06.sql" '4D6FB6E'...
ac-db-import  | [0m[36m>> Applying update "2026_08_08_07.sql" '7FF914A'...
ac-db-import  | [0m[36m>> Applying update "2026_08_08_08.sql" '4EA6BEA'...
ac-db-import  | [0m[36m>> Applying update "2026_08_08_09.sql" 'D833ECE'...
ac-db-import  | [0m[36m>> Applying update "2026_08_08_10.sql" 'AA8A1C7'...
ac-db-import  | [0m[36m>> Applying update "2026_08_08_11.sql" 'CBB118B'...
ac-db-import  | [0m[36m>> Applying update "2026_08_08_12.sql" '27EB495'...
ac-db-import  | [0m[36m>> Applying update "2026_08_08_13.sql" '9FCEDB7'...
ac-db-import  | [0m[36m>> Applying update "2026_08_08_14.sql" 'EB5CD95'...
ac-db-import  | [0m[36m>> Applying update "2026_08_09_00.sql" '9A5444E'...
ac-db-import  | [0m[36m>> Applying update "2026_08_09_01.sql" '0330867'...
ac-db-import  | [0m[36m>> Applying update "2026_08_09_02.sql" '65EF2BD'...
ac-db-import  | [0m[36m>> Applying update "2026_08_09_03.sql" 'D90CB3E'...
ac-db-import  | [0m[36m>> Applying update "2026_08_09_04.sql" '8B2A55B'...
ac-db-import  | [0m[36m>> Applying update "2026_08_09_05.sql" 'C074B32'...
ac-db-import  | [0m[36m>> Applying update "2026_08_09_06.sql" '0C73BE5'...
ac-db-import  | [0m[36m>> Applying update "2026_08_09_07.sql" '27A4500'...
ac-db-import  | [0m[36m>> Applying update "2026_08_09_08.sql" 'C7EDBD7'...
ac-db-import  | [0m[36m>> Applying update "2026_08_10_00.sql" 'CB7C064'...
ac-db-import  | [0m[36m>> Applying update "2026_08_10_01.sql" '42EC95E'...
ac-db-import  | [0m[36m>> Applying update "2026_08_10_02.sql" 'E7E10D9'...
ac-db-import  | [0m[36m>> Applying update "2026_08_11_00.sql" '6545349'...
ac-db-import  | [0m[36m>> Applying update "2026_08_11_01.sql" '731DA25'...
ac-db-import  | [0m[36m>> Applying update "2026_08_11_02.sql" '5BB9F4C'...
ac-db-import  | [0m[36m>> Applying update "2026_08_11_03.sql" 'CC5DBFD'...
ac-db-import  | [0m[36m>> Applying update "2026_08_11_04.sql" '0400E5B'...
ac-db-import  | [0m[36m>> Applying update "2026_08_11_05.sql" '1809BB3'...
ac-db-import  | [0m[36m>> Applying update "2026_08_11_06.sql" 'FF1672A'...
ac-db-import  | [0m[36m>> Applying update "2026_08_11_07.sql" 'FAEA6A1'...
ac-db-import  | [0m[36m>> Applying update "2026_08_11_08.sql" 'D24863B'...
ac-db-import  | [0m[36m>> Applying update "2026_08_11_09.sql" 'BBA44D1'...
ac-db-import  | [0m[36m>> Applying update "2026_08_11_10.sql" '37FDF82'...
ac-db-import  | [0m[36m>> Applying update "2026_08_12_00.sql" '7537513'...
ac-db-import  | [0m[36m>> Applying update "2026_08_12_01.sql" '7C2A0F4'...
ac-db-import  | [0m[36m>> Applying update "2026_08_13_00.sql" '3B36894'...
ac-db-import  | [0m[36m>> Applying update "2026_08_13_01.sql" 'DCD3C15'...
ac-db-import  | [0m[36m>> Applying update "2026_08_13_02.sql" 'A1508F6'...
ac-db-import  | [0m[36m>> Applying update "2026_08_15_00.sql" '1C87166'...
ac-db-import  | [0m[36m>> Applying update "2026_08_15_01.sql" 'A825427'...
ac-db-import  | [0m[36m>> Applying update "2026_08_15_02.sql" '86AA6E1'...
ac-db-import  | [0m[36m>> Applying update "2026_08_15_03.sql" '9B3B375'...
ac-db-import  | [0m[36m>> Applying update "2026_08_15_04.sql" '394ACD5'...
ac-db-import  | [0m[36m>> Applying update "2026_08_15_05.sql" '47BA28C'...
ac-db-import  | [0m[36m>> Applying update "2026_08_15_06.sql" 'C6F6D2D'...
ac-db-import  | [0m[36m>> Applying update "2026_08_15_07.sql" 'F0511DA'...
ac-db-import  | [0m[36m>> Applying update "2026_08_15_08.sql" 'FDB8310'...
ac-db-import  | [0m[36m>> Applying update "2026_08_15_09.sql" '6C7E175'...
ac-db-import  | [0m[36m>> Applying update "2026_08_15_10.sql" '56A068D'...
ac-db-import  | [0m[36m>> Applying update "2026_08_15_11.sql" '5DE63A9'...
ac-db-import  | [0m[36m>> Applying update "2026_08_15_12.sql" '869E0B6'...
ac-db-import  | [0m[36m>> Applying update "2026_08_15_13.sql" '207B4DB'...
ac-db-import  | [0m[36m>> Applying update "2026_08_16_00.sql" 'DA87D8C'...
ac-db-import  | [0m[36m>> Applying update "2026_08_16_01.sql" '74E25F2'...
ac-db-import  | [0m[36m>> Applying update "2026_08_17_00.sql" '2469ECA'...
ac-db-import  | [0m[36m>> Applying update "2026_08_17_01.sql" '09B0526'...
ac-db-import  | [0m[36m>> Applying update "2026_08_18_00.sql" '8C31E47'...
ac-db-import  | [0m[36m>> Applying update "2026_08_19_00.sql" 'EDBEC8A'...
ac-db-import  | [0m[36m>> Applying update "2026_08_19_01.sql" 'C665A36'...
ac-db-import  | [0m[36m>> Applying update "2026_08_19_02.sql" '9D3CD12'...
ac-db-import  | [0m[36m>> Applying update "2026_08_19_03.sql" '7E3316B'...
ac-db-import  | [0m[36m>> Applying update "2026_08_19_04.sql" '85CC5F4'...
ac-db-import  | [0m[36m>> Applying update "2026_08_20_00.sql" '84708EA'...
ac-db-import  | [0m[36m>> Applying update "2026_08_20_01.sql" 'D8047B1'...
ac-db-import  | [0m[36m>> Applying update "2026_08_20_02.sql" '9B9111A'...
ac-db-import  | [0m[36m>> Applying update "2026_08_20_03.sql" '2EFAC7D'...
ac-db-import  | [0m[36m>> Applying update "2026_08_20_04.sql" 'C7163D9'...
ac-db-import  | [0m[36m>> Applying update "2026_08_20_05.sql" '7BAE3FA'...
ac-db-import  | [0m[36m>> Applying update "2026_08_20_06.sql" '6AA2E54'...
ac-db-import  | [0m[36m>> Applying update "2026_08_20_07.sql" '88A704A'...
ac-db-import  | [0m[36m>> Applying update "2026_08_20_08.sql" '432AFA9'...
ac-db-import  | [0m[36m>> Applying update "2026_08_20_09.sql" '5C13E94'...
ac-db-import  | [0m[36m>> Applying update "2026_08_20_10.sql" 'E3F070E'...
ac-db-import  | [0m[36m>> Applying update "2026_08_21_00.sql" '1615864'...
ac-db-import  | [0m[36m>> Applying update "2026_08_21_01.sql" 'CBBB924'...
ac-db-import  | [0m[36m>> Applying update "2025_08_27_03.sql" 'ACD69D5'...
ac-db-import  | [0m[36m>> Applying update "charsections_dbc.sql" '1419FC7'...
ac-db-import  | [0m[36m>> Applying update "emotetextsound_dbc.sql" 'DA8D68F'...
ac-db-import  | [0m[36m>> Applying update "playerbots_rpg_races.sql" '886990A'...
ac-db-import  | [0m[36m>> Applied 274 queries. Containing 1287 new and 1384 archived updates.
ac-db-import  | [0m[36m 
ac-db-import  | [0m[36mStarted database connection pool.
ac-db-import  | [0m[36mHalting process...
ac-db-import  | [0m[36mClosing down DatabasePool 'acore_characters'. Waiting for 0 queries to finish...
ac-db-import  | [0m[36mAsynchronous connections on DatabasePool 'acore_characters' terminated. Proceeding with synchronous connections.
ac-db-import  | [0m[36mAll connections on DatabasePool 'acore_characters' closed.
ac-db-import  | [0m[36mClosing down DatabasePool 'acore_world'. Waiting for 0 queries to finish...
ac-db-import  | [0m[36mAsynchronous connections on DatabasePool 'acore_world' terminated. Proceeding with synchronous connections.
ac-db-import  | [0m[36mAll connections on DatabasePool 'acore_world' closed.
ac-db-import  | [0m[36mClosing down DatabasePool 'acore_auth'. Waiting for 0 queries to finish...
ac-db-import  | [0m[36mAsynchronous connections on DatabasePool 'acore_auth' terminated. Proceeding with synchronous connections.
ac-db-import  | [0m[36mAll connections on DatabasePool 'acore_auth' closed.
ac-db-import  | [0m

[Kac-db-import exited with code 0
 Container ac-db-import  Creating
 Container ac-db-import  Created
ac-db-import  | cp: warning: behavior of -n is non-portable and may change in future; use --update=none instead
ac-db-import  | cp: warning: behavior of -n is non-portable and may change in future; use --update=none instead
ac-db-import  | [31;1mCould not connect to MySQL database at ac-database: Unknown database 'acore_auth'
ac-db-import  | [0m[31;1mCould not connect to MySQL database at ac-database: Unknown database 'acore_characters'
ac-db-import  | [0m[31;1mCould not connect to MySQL database at ac-database: Unknown database 'acore_world'
ac-db-import  | [0m
2026-08-31 15:08:08 INFO [yulon.docker] ac-db-import finished; the databases now read as imported
The databases now read as imported.
--- up
Starting the server.
2026-08-31 15:08:08 INFO [yulon.docker] start_staged(): `compose up -d --no-deps ac-database ac-authserver ac-worldserver` in /home/pk/wowserver
--- ready
Waiting for the database.
Waiting for the world server to finish loading (this can take many minutes).
The server is up.
2026-08-31 15:12:38 INFO [yulon.catalog.native] install of wow-wotlk finished
WoW WotLK is installed and running in /home/pk/wowserver

Script done on 2026-08-31 15:12:38+02:00 [COMMAND_EXIT_CODE="0"]
