[driver] running: ./.venv/bin/python -u -m yulon.install_wiring wow-wotlk --server-dir /home/pk/wowserver
[driver] sudo password: NOT SET
[driver] state-before: 5 read-only probes, install dir /home/pk/wowserver
[driver] state-before: docker --version: exit 0
[driver] state-before: docker --version: | Docker version 29.1.3, build 29.1.3-0ubuntu3~24.04.2
[driver] state-before: systemctl is-active docker: exit 0
[driver] state-before: systemctl is-active docker: | active
[driver] state-before: id -Gn: exit 0
[driver] state-before: id -Gn: | docker adm cdrom sudo dip plugdev users lpadmin pk
[driver] state-before: ls -ld /home/pk/wowserver: exit 2
[driver] state-before: ls -ld /home/pk/wowserver: | ls: cannot access '/home/pk/wowserver': No such file or directory
[driver] state-before: df -h /home/pk: exit 0
[driver] state-before: df -h /home/pk: | Filesystem      Size  Used Avail Use% Mounted on
[driver] state-before: df -h /home/pk: | /dev/sda2        97G   19G   74G  20% /
Installing WoW WotLK into /home/pk/wowserver
You can stop this at any time. What an install writes outside the folder below is named here rather than denied: the images this build produces and the volumes holding the database and the server data, which live in Docker's own storage — that is why the checks below look at the space on Docker's disk too; Docker itself, when no daemon answers yet (on Linux: system packages, a service, and the group you are asked about first); and this app's own settings and log, in its config folder. Starting the install again continues from where it stopped: source this app has finished cloning is never fetched, reset or moved, and the build is not run a second time once Docker confirms its images are there. Everything cheap runs again on every attempt — the compose files this app writes are put back the way the catalog says, the server-data download resumes and re-checks itself, and the database and server are started and waited for.
Checking Docker.
[pass] Docker: the daemon answered
[pass] memory: Docker's VM has 19.5 GB
[warn] compiler jobs vs memory: this build compiles with 16 parallel jobs at about 2 GB each, and 19.5 GB affords about 9 Docker Engine has no CPU setting to lower — the build sees every CPU on this machine — so more memory, or swap it can fall back on, is the lever here. A build this far ahead of its memory has finished before, so this is a caution.
[warn] free space on Docker's disk and the server folder: 74 GB free; 75 GB is the comfortable figure (the server folder and Docker's disk share one drive, so both needs add up)
[pass] the server folder: /home/pk/wowserver looks usable
[pass] sharing the folder with Docker: a container can read /home/pk/wowserver
[pass] SELinux: not enforcing
[pass] the server's ports: nothing else is using them
Using /home/pk/wowserver (a fresh install)
2026-09-04 19:31:24 INFO [yulon.platform] holding this machine awake for the build: systemd-inhibit --what=idle:sleep --who=Yu'lon --why=installing a server sleep infinity
Step 1 of 9 (11%): clone-core
--- clone-core
Cloning mod-playerbots/azerothcore-wotlk into /home/pk/wowserver (this is a large repository)
2026-09-04 19:31:24 INFO [yulon.git] containerized git: `run --rm -v /home/pk/wowserver:/git -w /git --user 1000:124 alpine/git@sha256:c0280cf9572316299b08544065d3bf35db65043d5e3963982ec50647d2746e26 -c core.autocrlf=false -c core.eol=lf -c http.version=HTTP/1.1 clone --config core.autocrlf=false --config core.eol=lf --config http.version=HTTP/1.1 --branch Playerbot https://github.com/mod-playerbots/azerothcore-wotlk.git .` into /home/pk/wowserver
[driver] still running; 295s since the last output
mod-playerbots/azerothcore-wotlk is in place.
Step 2 of 9 (22%): clone-modules
--- clone-modules
Cloning mod-playerbots/mod-playerbots into modules/mod-playerbots
2026-09-04 19:36:49 INFO [yulon.git] containerized git: `run --rm -v /home/pk/wowserver/modules/mod-playerbots:/git -w /git --user 1000:124 alpine/git@sha256:c0280cf9572316299b08544065d3bf35db65043d5e3963982ec50647d2746e26 -c core.autocrlf=false -c core.eol=lf -c http.version=HTTP/1.1 clone --config core.autocrlf=false --config core.eol=lf --config http.version=HTTP/1.1 --depth 1 --branch master https://github.com/mod-playerbots/mod-playerbots.git .` into /home/pk/wowserver/modules/mod-playerbots
Modules are in place.
Step 3 of 9 (33%): generate-compose
--- generate-compose
2026-09-04 19:36:55 INFO [yulon.git] containerized git: `run --rm --network none --cap-drop ALL --security-opt no-new-privileges --read-only -v /home/pk/wowserver:/git:ro -w /git --user 1000:124 alpine/git@sha256:c0280cf9572316299b08544065d3bf35db65043d5e3963982ec50647d2746e26 --no-optional-locks --attr-source=4b825dc642cb6eb9a060e54bf8d69288fbee4904 -c core.attributesFile=/dev/null -c core.fsmonitor=false -c core.hooksPath=/dev/null -c core.autocrlf=false -c core.eol=lf -c http.version=HTTP/1.1 status --ignore-submodules=all --porcelain -- docker-compose.yml` into /home/pk/wowserver
Replacing the docker-compose.yml that came with the repository; it is unchanged from what git has, so `git checkout` brings it back.
Wrote docker-compose.yml
Wrote docker-compose.override.yml
Wrote docker-compose.build.yml
Step 4 of 9 (44%): build
--- build
Stopping now leaves Docker finishing the build step it is already on, in the background. That is deliberate: the work it has done is kept, and starting this install again picks up from there instead of compiling it all a second time.
Building the server. This takes hours on a first install; the output below is live.
2026-09-04 19:36:55 INFO [yulon.docker] build_staged(): `docker compose -f docker-compose.yml -f docker-compose.override.yml -f docker-compose.build.yml build --progress plain` in /home/pk/wowserver
--progress is a global compose flag, better use `docker compose --progress xx build ...
#1 [internal] load local bake definitions
#1 reading from stdin 2.17kB done
#1 DONE 0.0s

#2 [ac-worldserver internal] load build definition from Dockerfile
#2 DONE 0.0s

#2 [ac-authserver internal] load build definition from Dockerfile
#2 transferring dockerfile:
#2 transferring dockerfile: 9.07kB done
#2 DONE 0.2s

#3 [ac-db-import internal] load metadata for docker.io/library/ubuntu:24.04
#3 DONE 2.0s

#4 [ac-authserver internal] load .dockerignore
#4 transferring context: 261B done
#4 DONE 0.1s

#5 [ac-worldserver internal] load build context
#5 DONE 0.0s

#6 [ac-db-import internal] load build context
#6 DONE 0.0s

#7 [ac-worldserver skeleton 1/4] FROM docker.io/library/ubuntu:24.04@sha256:33ceb71981b602c1a7443a53469e4dba065f7503eab3078a2d7a57a2ab987517
#7 resolve docker.io/library/ubuntu:24.04@sha256:33ceb71981b602c1a7443a53469e4dba065f7503eab3078a2d7a57a2ab987517
#7 resolve docker.io/library/ubuntu:24.04@sha256:33ceb71981b602c1a7443a53469e4dba065f7503eab3078a2d7a57a2ab987517 0.1s done
#7 ...

#8 [ac-client-data-init internal] load build context
#8 transferring context: 597.04kB 0.0s done
#8 DONE 0.4s

#7 [ac-db-import skeleton 1/4] FROM docker.io/library/ubuntu:24.04@sha256:33ceb71981b602c1a7443a53469e4dba065f7503eab3078a2d7a57a2ab987517
#7 sha256:0926a8eb0e608a5c6888d1cd5594184bdf3ed3aa311dba5b42a547caefdc6f2e 0B / 29.75MB 0.2s
#7 sha256:0926a8eb0e608a5c6888d1cd5594184bdf3ed3aa311dba5b42a547caefdc6f2e 2.10MB / 29.75MB 0.5s
#7 sha256:0926a8eb0e608a5c6888d1cd5594184bdf3ed3aa311dba5b42a547caefdc6f2e 4.19MB / 29.75MB 0.6s
#7 sha256:0926a8eb0e608a5c6888d1cd5594184bdf3ed3aa311dba5b42a547caefdc6f2e 8.39MB / 29.75MB 0.8s
#7 sha256:0926a8eb0e608a5c6888d1cd5594184bdf3ed3aa311dba5b42a547caefdc6f2e 11.53MB / 29.75MB 0.9s
#7 sha256:0926a8eb0e608a5c6888d1cd5594184bdf3ed3aa311dba5b42a547caefdc6f2e 15.73MB / 29.75MB 1.1s
#7 sha256:0926a8eb0e608a5c6888d1cd5594184bdf3ed3aa311dba5b42a547caefdc6f2e 18.87MB / 29.75MB 1.2s
#7 sha256:0926a8eb0e608a5c6888d1cd5594184bdf3ed3aa311dba5b42a547caefdc6f2e 23.07MB / 29.75MB 1.4s
#7 sha256:0926a8eb0e608a5c6888d1cd5594184bdf3ed3aa311dba5b42a547caefdc6f2e 26.21MB / 29.75MB 1.5s
#7 sha256:0926a8eb0e608a5c6888d1cd5594184bdf3ed3aa311dba5b42a547caefdc6f2e 28.31MB / 29.75MB 1.7s
#7 sha256:0926a8eb0e608a5c6888d1cd5594184bdf3ed3aa311dba5b42a547caefdc6f2e 29.75MB / 29.75MB 1.9s done
#7 extracting sha256:0926a8eb0e608a5c6888d1cd5594184bdf3ed3aa311dba5b42a547caefdc6f2e
#7 extracting sha256:0926a8eb0e608a5c6888d1cd5594184bdf3ed3aa311dba5b42a547caefdc6f2e 1.3s done
#7 DONE 3.8s

#9 [ac-authserver skeleton 2/4] RUN mkdir -pv         /azerothcore/bin                           /azerothcore/data                          /azerothcore/deps                          /azerothcore/env/dist/bin                  /azerothcore/env/dist/data/Cameras         /azerothcore/env/dist/data/dbc             /azerothcore/env/dist/data/maps            /azerothcore/env/dist/data/mmaps           /azerothcore/env/dist/data/vmaps           /azerothcore/env/dist/logs                 /azerothcore/env/dist/temp                 /azerothcore/env/dist/etc                  /azerothcore/modules                       /azerothcore/src                           /azerothcore/build
#9 0.301 mkdir: created directory '/azerothcore'
#9 0.301 mkdir: created directory '/azerothcore/bin'
#9 0.301 mkdir: created directory '/azerothcore/data'
#9 0.301 mkdir: created directory '/azerothcore/deps'
#9 0.301 mkdir: created directory '/azerothcore/env'
#9 0.301 mkdir: created directory '/azerothcore/env/dist'
#9 0.301 mkdir: created directory '/azerothcore/env/dist/bin'
#9 0.301 mkdir: created directory '/azerothcore/env/dist/data'
#9 0.301 mkdir: created directory '/azerothcore/env/dist/data/Cameras'
#9 0.301 mkdir: created directory '/azerothcore/env/dist/data/dbc'
#9 0.301 mkdir: created directory '/azerothcore/env/dist/data/maps'
#9 0.301 mkdir: created directory '/azerothcore/env/dist/data/mmaps'
#9 0.301 mkdir: created directory '/azerothcore/env/dist/data/vmaps'
#9 0.301 mkdir: created directory '/azerothcore/env/dist/logs'
#9 0.301 mkdir: created directory '/azerothcore/env/dist/temp'
#9 0.301 mkdir: created directory '/azerothcore/env/dist/etc'
#9 0.301 mkdir: created directory '/azerothcore/modules'
#9 0.301 mkdir: created directory '/azerothcore/src'
#9 0.301 mkdir: created directory '/azerothcore/build'
#9 DONE 2.5s

#10 [ac-db-import skeleton 3/4] RUN apt-get update                                                           && apt-get install -y --no-install-recommends tzdata ca-certificates     && ln -snf "/usr/share/zoneinfo/Etc/UTC" /etc/localtime                      && echo "Etc/UTC" > /etc/timezone                                              && dpkg-reconfigure --frontend noninteractive tzdata                     && rm -rf /var/lib/apt/lists/*
#10 0.895 Get:1 http://security.ubuntu.com/ubuntu noble-security InRelease [126 kB]
#10 0.907 Get:2 http://archive.ubuntu.com/ubuntu noble InRelease [256 kB]
#10 1.188 Get:3 http://security.ubuntu.com/ubuntu noble-security/universe amd64 Packages [1530 kB]
#10 1.443 Get:4 http://security.ubuntu.com/ubuntu noble-security/main amd64 Packages [1237 kB]
#10 1.590 Get:5 http://security.ubuntu.com/ubuntu noble-security/multiverse amd64 Packages [50.0 kB]
#10 1.591 Get:6 http://security.ubuntu.com/ubuntu noble-security/restricted amd64 Packages [1786 kB]
#10 ...

#5 [ac-worldserver internal] load build context
#5 transferring context: 1.16GB 9.6s
#5 ...

#6 [ac-db-import internal] load build context
#6 ...

#5 [ac-worldserver internal] load build context
#5 transferring context: 1.51GB 12.2s done
#5 transferring context: 1.51GB 12.2s done
#5 DONE 12.9s

#6 [ac-db-import internal] load build context
#6 transferring context: 2.16GB 17.3s
#6 transferring context: 2.36GB 18.7s done
#6 DONE 19.1s

#10 [ac-db-import skeleton 3/4] RUN apt-get update                                                           && apt-get install -y --no-install-recommends tzdata ca-certificates     && ln -snf "/usr/share/zoneinfo/Etc/UTC" /etc/localtime                      && echo "Etc/UTC" > /etc/timezone                                              && dpkg-reconfigure --frontend noninteractive tzdata                     && rm -rf /var/lib/apt/lists/*
#10 5.694 Get:7 http://archive.ubuntu.com/ubuntu noble-updates InRelease [126 kB]
#10 6.156 Get:8 http://archive.ubuntu.com/ubuntu noble-backports InRelease [126 kB]
#10 6.640 Get:9 http://archive.ubuntu.com/ubuntu noble/multiverse amd64 Packages [331 kB]
#10 6.676 Get:10 http://archive.ubuntu.com/ubuntu noble/universe amd64 Packages [19.3 MB]
#10 7.536 Get:11 http://archive.ubuntu.com/ubuntu noble/restricted amd64 Packages [117 kB]
#10 7.538 Get:12 http://archive.ubuntu.com/ubuntu noble/main amd64 Packages [1808 kB]
#10 7.605 Get:13 http://archive.ubuntu.com/ubuntu noble-updates/restricted amd64 Packages [1903 kB]
#10 7.699 Get:14 http://archive.ubuntu.com/ubuntu noble-updates/multiverse amd64 Packages [55.8 kB]
#10 7.700 Get:15 http://archive.ubuntu.com/ubuntu noble-updates/universe amd64 Packages [2151 kB]
#10 7.911 Get:16 http://archive.ubuntu.com/ubuntu noble-updates/main amd64 Packages [1562 kB]
#10 7.927 Get:17 http://archive.ubuntu.com/ubuntu noble-backports/multiverse amd64 Packages [671 B]
#10 7.927 Get:18 http://archive.ubuntu.com/ubuntu noble-backports/universe amd64 Packages [35.9 kB]
#10 7.928 Get:19 http://archive.ubuntu.com/ubuntu noble-backports/main amd64 Packages [48.9 kB]
#10 9.175 Fetched 32.6 MB in 9s (3709 kB/s)
#10 9.175 Reading package lists...
#10 10.55 Reading package lists...
#10 11.90 Building dependency tree...
#10 12.16 Reading state information...
#10 12.42 The following additional packages will be installed:
#10 12.42   libssl3t64 openssl
#10 12.47 The following NEW packages will be installed:
#10 12.47   ca-certificates openssl tzdata
#10 12.47 The following packages will be upgraded:
#10 12.47   libssl3t64
#10 12.57 1 upgraded, 3 newly installed, 0 to remove and 26 not upgraded.
#10 12.57 Need to get 3366 kB of archives.
#10 12.57 After this operation, 3693 kB of additional disk space will be used.
#10 12.57 Get:1 http://archive.ubuntu.com/ubuntu noble-updates/main amd64 libssl3t64 amd64 3.0.13-0ubuntu3.15 [1944 kB]
#10 12.81 Get:2 http://archive.ubuntu.com/ubuntu noble-updates/main amd64 openssl amd64 3.0.13-0ubuntu3.15 [1003 kB]
#10 12.88 Get:3 http://archive.ubuntu.com/ubuntu noble-updates/main amd64 ca-certificates all 20260601~24.04.1 [139 kB]
#10 12.88 Get:4 http://archive.ubuntu.com/ubuntu noble-updates/main amd64 tzdata all 2026c-0ubuntu0.24.04.1 [280 kB]
#10 13.10 debconf: delaying package configuration, since apt-utils is not installed
#10 13.14 Fetched 3366 kB in 0s (8342 kB/s)
#10 13.23 (Reading database ... 
(Reading database ... 5%
(Reading database ... 10%
(Reading database ... 15%
(Reading database ... 20%
(Reading database ... 25%
(Reading database ... 30%
(Reading database ... 35%
(Reading database ... 40%
(Reading database ... 45%
(Reading database ... 50%
(Reading database ... 55%
(Reading database ... 60%
(Reading database ... 65%
(Reading database ... 70%
(Reading database ... 75%
(Reading database ... 80%
(Reading database ... 85%
(Reading database ... 90%
(Reading database ... 95%
(Reading database ... 100%
(Reading database ... 4381 files and directories currently installed.)
#10 13.23 Preparing to unpack .../libssl3t64_3.0.13-0ubuntu3.15_amd64.deb ...
#10 13.33 Unpacking libssl3t64:amd64 (3.0.13-0ubuntu3.15) over (3.0.13-0ubuntu3.12) ...
#10 13.67 Setting up libssl3t64:amd64 (3.0.13-0ubuntu3.15) ...
#10 13.81 Selecting previously unselected package openssl.
#10 13.81 (Reading database ... 
(Reading database ... 5%
(Reading database ... 10%
(Reading database ... 15%
(Reading database ... 20%
(Reading database ... 25%
(Reading database ... 30%
(Reading database ... 35%
(Reading database ... 40%
(Reading database ... 45%
(Reading database ... 50%
(Reading database ... 55%
(Reading database ... 60%
(Reading database ... 65%
(Reading database ... 70%
(Reading database ... 75%
(Reading database ... 80%
(Reading database ... 85%
(Reading database ... 90%
(Reading database ... 95%
(Reading database ... 100%
(Reading database ... 4381 files and directories currently installed.)
#10 13.82 Preparing to unpack .../openssl_3.0.13-0ubuntu3.15_amd64.deb ...
#10 13.84 Unpacking openssl (3.0.13-0ubuntu3.15) ...
#10 14.03 Selecting previously unselected package ca-certificates.
#10 14.03 Preparing to unpack .../ca-certificates_20260601~24.04.1_all.deb ...
#10 14.05 Unpacking ca-certificates (20260601~24.04.1) ...
#10 14.26 Selecting previously unselected package tzdata.
#10 14.26 Preparing to unpack .../tzdata_2026c-0ubuntu0.24.04.1_all.deb ...
#10 14.28 Unpacking tzdata (2026c-0ubuntu0.24.04.1) ...
#10 14.49 Setting up tzdata (2026c-0ubuntu0.24.04.1) ...
#10 14.64 
#10 14.64 Current default time zone: 'Etc/UTC'
#10 14.64 Local time is now:      Fri Sep  4 17:37:19 UTC 2026.
#10 14.64 Universal Time is now:  Fri Sep  4 17:37:19 UTC 2026.
#10 14.64 Run 'dpkg-reconfigure tzdata' if you wish to change it.
#10 14.64 
#10 14.85 Setting up openssl (3.0.13-0ubuntu3.15) ...
#10 14.93 Setting up ca-certificates (20260601~24.04.1) ...
#10 15.59 Updating certificates in /etc/ssl/certs...
#10 16.35 121 added, 0 removed; done.
#10 16.59 Processing triggers for libc-bin (2.39-0ubuntu8.8) ...
#10 16.66 Processing triggers for ca-certificates (20260601~24.04.1) ...
#10 16.68 Updating certificates in /etc/ssl/certs...
#10 17.27 0 added, 0 removed; done.
#10 17.27 Running hooks in /etc/ca-certificates/update.d...
#10 17.27 done.
#10 17.49 
#10 17.49 Current default time zone: 'Etc/UTC'
#10 17.49 Local time is now:      Fri Sep  4 17:37:22 UTC 2026.
#10 17.49 Universal Time is now:  Fri Sep  4 17:37:22 UTC 2026.
#10 17.49 
#10 DONE 20.8s

#11 [ac-worldserver skeleton 4/4] WORKDIR /azerothcore
#11 DONE 0.2s

#12 [ac-authserver runtime 1/4] RUN apt-get update     && apt-get install -y --no-install-recommends       libmysqlclient21 libreadline8 libicu74 libncurses5-dev       gettext-base default-mysql-client       adduser     && rm -rf /var/lib/apt/lists/*
#12 0.851 Get:1 http://archive.ubuntu.com/ubuntu noble InRelease [256 kB]
#12 0.983 Get:2 http://security.ubuntu.com/ubuntu noble-security InRelease [126 kB]
#12 1.184 Get:3 http://security.ubuntu.com/ubuntu noble-security/multiverse amd64 Packages [50.0 kB]
#12 1.227 Get:4 http://security.ubuntu.com/ubuntu noble-security/restricted amd64 Packages [1786 kB]
#12 1.383 Get:5 http://archive.ubuntu.com/ubuntu noble-updates InRelease [126 kB]
#12 1.415 Get:6 http://security.ubuntu.com/ubuntu noble-security/universe amd64 Packages [1530 kB]
#12 1.497 Get:7 http://security.ubuntu.com/ubuntu noble-security/main amd64 Packages [1237 kB]
#12 1.734 Get:8 http://archive.ubuntu.com/ubuntu noble-backports InRelease [126 kB]
#12 2.478 Get:9 http://archive.ubuntu.com/ubuntu noble/universe amd64 Packages [19.3 MB]
#12 3.711 Get:10 http://archive.ubuntu.com/ubuntu noble/multiverse amd64 Packages [331 kB]
#12 3.724 Get:11 http://archive.ubuntu.com/ubuntu noble/main amd64 Packages [1808 kB]
#12 3.816 Get:12 http://archive.ubuntu.com/ubuntu noble/restricted amd64 Packages [117 kB]
#12 3.829 Get:13 http://archive.ubuntu.com/ubuntu noble-updates/universe amd64 Packages [2151 kB]
#12 3.987 Get:14 http://archive.ubuntu.com/ubuntu noble-updates/restricted amd64 Packages [1903 kB]
#12 4.143 Get:15 http://archive.ubuntu.com/ubuntu noble-updates/multiverse amd64 Packages [55.8 kB]
#12 4.151 Get:16 http://archive.ubuntu.com/ubuntu noble-updates/main amd64 Packages [1562 kB]
#12 4.284 Get:17 http://archive.ubuntu.com/ubuntu noble-backports/multiverse amd64 Packages [671 B]
#12 4.284 Get:18 http://archive.ubuntu.com/ubuntu noble-backports/universe amd64 Packages [35.9 kB]
#12 4.287 Get:19 http://archive.ubuntu.com/ubuntu noble-backports/main amd64 Packages [48.9 kB]
#12 5.406 Fetched 32.6 MB in 5s (6885 kB/s)
#12 5.406 Reading package lists...
#12 6.742 Reading package lists...
#12 8.192 Building dependency tree...
#12 8.545 Reading state information...
#12 8.795 The following additional packages will be installed:
#12 8.795   libbsd0 libc-dev-bin libc6-dev libcrypt-dev libedit2 libncurses6
#12 8.796   libncursesw6 libtinfo6 linux-libc-dev mysql-client-8.0 mysql-client-core-8.0
#12 8.796   mysql-common ncurses-base ncurses-bin readline-common rpcsvc-proto
#12 8.797 Suggested packages:
#12 8.797   liblocale-gettext-perl perl cron quota ecryptfs-utils glibc-doc manpages-dev
#12 8.797   ncurses-doc readline-doc
#12 8.797 Recommended packages:
#12 8.797   manpages manpages-dev libc-devtools libgpm2
#12 8.884 The following NEW packages will be installed:
#12 8.885   adduser default-mysql-client gettext-base libbsd0 libc-dev-bin libc6-dev
#12 8.885   libcrypt-dev libedit2 libicu74 libmysqlclient21 libncurses-dev libncurses6
#12 8.885   libreadline8t64 linux-libc-dev mysql-client-8.0 mysql-client-core-8.0
#12 8.886   mysql-common readline-common rpcsvc-proto
#12 8.887 The following packages will be upgraded:
#12 8.887   libncursesw6 libtinfo6 ncurses-base ncurses-bin
#12 8.984 4 upgraded, 19 newly installed, 0 to remove and 22 not upgraded.
#12 8.984 Need to get 20.2 MB of archives.
#12 8.984 After this operation, 132 MB of additional disk space will be used.
#12 8.984 Get:1 http://archive.ubuntu.com/ubuntu noble-updates/main amd64 ncurses-bin amd64 6.4+20240113-1ubuntu2.2 [188 kB]
#12 9.088 Get:2 http://archive.ubuntu.com/ubuntu noble-updates/main amd64 ncurses-base all 6.4+20240113-1ubuntu2.2 [25.8 kB]
#12 9.103 Get:3 http://archive.ubuntu.com/ubuntu noble-updates/main amd64 libncursesw6 amd64 6.4+20240113-1ubuntu2.2 [148 kB]
#12 9.122 Get:4 http://archive.ubuntu.com/ubuntu noble-updates/main amd64 libtinfo6 amd64 6.4+20240113-1ubuntu2.2 [108 kB]
#12 9.134 Get:5 http://archive.ubuntu.com/ubuntu noble/main amd64 adduser all 3.137ubuntu1 [101 kB]
#12 9.147 Get:6 http://archive.ubuntu.com/ubuntu noble-updates/main amd64 libbsd0 amd64 0.12.1-1build1.1 [41.2 kB]
#12 9.161 Get:7 http://archive.ubuntu.com/ubuntu noble-updates/main amd64 libicu74 amd64 74.2-1ubuntu3.1 [10.9 MB]
#12 9.781 Get:8 http://archive.ubuntu.com/ubuntu noble/main amd64 readline-common all 8.2-4build1 [56.5 kB]
#12 9.786 Get:9 http://archive.ubuntu.com/ubuntu noble/main amd64 libreadline8t64 amd64 8.2-4build1 [153 kB]
#12 9.797 Get:10 http://archive.ubuntu.com/ubuntu noble/main amd64 gettext-base amd64 0.21-14ubuntu2 [38.4 kB]
#12 9.817 Get:11 http://archive.ubuntu.com/ubuntu noble/main amd64 libedit2 amd64 3.1-20230828-1build1 [97.6 kB]
#12 9.830 Get:12 http://archive.ubuntu.com/ubuntu noble-updates/main amd64 libncurses6 amd64 6.4+20240113-1ubuntu2.2 [112 kB]
#12 9.842 Get:13 http://archive.ubuntu.com/ubuntu noble-updates/main amd64 mysql-client-core-8.0 amd64 8.0.46-0ubuntu0.24.04.4 [2740 kB]
#12 ...

#13 [ac-client-data-init client-data 1/3] RUN apt-get update &&     apt-get install -y curl unzip adduser &&     rm -rf /var/lib/apt/lists/*
#13 0.892 Get:1 http://security.ubuntu.com/ubuntu noble-security InRelease [126 kB]
#13 0.933 Get:2 http://archive.ubuntu.com/ubuntu noble InRelease [256 kB]
#13 1.184 Get:3 http://security.ubuntu.com/ubuntu noble-security/restricted amd64 Packages [1786 kB]
#13 1.604 Get:4 http://security.ubuntu.com/ubuntu noble-security/universe amd64 Packages [1530 kB]
#13 1.663 Get:5 http://security.ubuntu.com/ubuntu noble-security/main amd64 Packages [1237 kB]
#13 1.891 Get:6 http://security.ubuntu.com/ubuntu noble-security/multiverse amd64 Packages [50.0 kB]
#13 2.446 Get:7 http://archive.ubuntu.com/ubuntu noble-updates InRelease [126 kB]
#13 2.769 Get:8 http://archive.ubuntu.com/ubuntu noble-backports InRelease [126 kB]
#13 3.105 Get:9 http://archive.ubuntu.com/ubuntu noble/restricted amd64 Packages [117 kB]
#13 3.119 Get:10 http://archive.ubuntu.com/ubuntu noble/main amd64 Packages [1808 kB]
#13 3.436 Get:11 http://archive.ubuntu.com/ubuntu noble/multiverse amd64 Packages [331 kB]
#13 3.520 Get:12 http://archive.ubuntu.com/ubuntu noble/universe amd64 Packages [19.3 MB]
#13 5.018 Get:13 http://archive.ubuntu.com/ubuntu noble-updates/universe amd64 Packages [2151 kB]
#13 5.129 Get:14 http://archive.ubuntu.com/ubuntu noble-updates/main amd64 Packages [1562 kB]
#13 5.204 Get:15 http://archive.ubuntu.com/ubuntu noble-updates/restricted amd64 Packages [1903 kB]
#13 5.295 Get:16 http://archive.ubuntu.com/ubuntu noble-updates/multiverse amd64 Packages [55.8 kB]
#13 5.298 Get:17 http://archive.ubuntu.com/ubuntu noble-backports/multiverse amd64 Packages [671 B]
#13 5.306 Get:18 http://archive.ubuntu.com/ubuntu noble-backports/main amd64 Packages [48.9 kB]
#13 5.311 Get:19 http://archive.ubuntu.com/ubuntu noble-backports/universe amd64 Packages [35.9 kB]
#13 6.713 Fetched 32.6 MB in 6s (5277 kB/s)
#13 6.713 Reading package lists...
#13 8.075 Reading package lists...
#13 9.404 Building dependency tree...
#13 9.635 Reading state information...
#13 9.885 The following additional packages will be installed:
#13 9.885   krb5-locales libbrotli1 libcurl4t64 libgssapi-krb5-2 libk5crypto3
#13 9.885   libkeyutils1 libkrb5-3 libkrb5support0 libldap-common libldap2 libnghttp2-14
#13 9.886   libpsl5t64 librtmp1 libsasl2-2 libsasl2-modules libsasl2-modules-db libssh-4
#13 9.886   publicsuffix
#13 9.887 Suggested packages:
#13 9.887   liblocale-gettext-perl perl cron quota ecryptfs-utils krb5-doc krb5-user
#13 9.887   libsasl2-modules-gssapi-mit | libsasl2-modules-gssapi-heimdal
#13 9.887   libsasl2-modules-ldap libsasl2-modules-otp libsasl2-modules-sql zip
#13 9.947 The following NEW packages will be installed:
#13 9.948   adduser curl krb5-locales libbrotli1 libcurl4t64 libgssapi-krb5-2
#13 9.948   libk5crypto3 libkeyutils1 libkrb5-3 libkrb5support0 libldap-common libldap2
#13 9.948   libnghttp2-14 libpsl5t64 librtmp1 libsasl2-2 libsasl2-modules
#13 9.949   libsasl2-modules-db libssh-4 publicsuffix unzip
#13 10.06 0 upgraded, 21 newly installed, 0 to remove and 26 not upgraded.
#13 10.06 Need to get 2689 kB of archives.
#13 10.06 After this operation, 7745 kB of additional disk space will be used.
#13 10.06 Get:1 http://archive.ubuntu.com/ubuntu noble/main amd64 adduser all 3.137ubuntu1 [101 kB]
#13 10.12 Get:2 http://archive.ubuntu.com/ubuntu noble-updates/main amd64 krb5-locales all 1.20.1-6ubuntu2.8 [15.1 kB]
#13 ...

#14 [ac-authserver build 1/8] RUN apt-get update                                                         && apt-get install -y --no-install-recommends                                 build-essential ccache libtool cmake-data ninja-build cmake clang            git lsb-base curl unzip default-mysql-client openssl                          default-libmysqlclient-dev libboost-all-dev libssl-dev libmysql++-dev         libreadline-dev zlib1g-dev libbz2-dev libncurses5-dev liblzma-dev      && rm -rf /var/lib/apt/lists/*
#14 1.127 Get:1 http://security.ubuntu.com/ubuntu noble-security InRelease [126 kB]
#14 1.439 Get:2 http://archive.ubuntu.com/ubuntu noble InRelease [256 kB]
#14 2.110 Get:3 http://security.ubuntu.com/ubuntu noble-security/universe amd64 Packages [1530 kB]
#14 3.932 Get:4 http://archive.ubuntu.com/ubuntu noble-updates InRelease [126 kB]
#14 4.039 Get:5 http://security.ubuntu.com/ubuntu noble-security/restricted amd64 Packages [1786 kB]
#14 5.281 Get:6 http://security.ubuntu.com/ubuntu noble-security/multiverse amd64 Packages [50.0 kB]
#14 5.281 Get:7 http://security.ubuntu.com/ubuntu noble-security/main amd64 Packages [1237 kB]
#14 6.691 Get:8 http://archive.ubuntu.com/ubuntu noble-backports InRelease [126 kB]
#14 7.033 Get:9 http://archive.ubuntu.com/ubuntu noble/main amd64 Packages [1808 kB]
#14 7.241 Get:10 http://archive.ubuntu.com/ubuntu noble/universe amd64 Packages [19.3 MB]
#14 8.099 Get:11 http://archive.ubuntu.com/ubuntu noble/multiverse amd64 Packages [331 kB]
#14 8.110 Get:12 http://archive.ubuntu.com/ubuntu noble/restricted amd64 Packages [117 kB]
#14 8.113 Get:13 http://archive.ubuntu.com/ubuntu noble-updates/multiverse amd64 Packages [55.8 kB]
#14 8.123 Get:14 http://archive.ubuntu.com/ubuntu noble-updates/main amd64 Packages [1562 kB]
#14 8.190 Get:15 http://archive.ubuntu.com/ubuntu noble-updates/universe amd64 Packages [2151 kB]
#14 8.315 Get:16 http://archive.ubuntu.com/ubuntu noble-updates/restricted amd64 Packages [1903 kB]
#14 8.346 Get:17 http://archive.ubuntu.com/ubuntu noble-backports/universe amd64 Packages [35.9 kB]
#14 8.347 Get:18 http://archive.ubuntu.com/ubuntu noble-backports/multiverse amd64 Packages [671 B]
#14 8.353 Get:19 http://archive.ubuntu.com/ubuntu noble-backports/main amd64 Packages [48.9 kB]
#14 9.701 Fetched 32.6 MB in 9s (3613 kB/s)
#14 9.701 Reading package lists...
#14 ...

#13 [ac-client-data-init client-data 1/3] RUN apt-get update &&     apt-get install -y curl unzip adduser &&     rm -rf /var/lib/apt/lists/*
#13 10.13 Get:3 http://archive.ubuntu.com/ubuntu noble-updates/main amd64 libkrb5support0 amd64 1.20.1-6ubuntu2.8 [34.7 kB]
#13 10.14 Get:4 http://archive.ubuntu.com/ubuntu noble-updates/main amd64 libk5crypto3 amd64 1.20.1-6ubuntu2.8 [81.9 kB]
#13 10.16 Get:5 http://archive.ubuntu.com/ubuntu noble/main amd64 libkeyutils1 amd64 1.6.3-3build1 [9490 B]
#13 10.16 Get:6 http://archive.ubuntu.com/ubuntu noble-updates/main amd64 libkrb5-3 amd64 1.20.1-6ubuntu2.8 [348 kB]
#13 10.21 Get:7 http://archive.ubuntu.com/ubuntu noble-updates/main amd64 libgssapi-krb5-2 amd64 1.20.1-6ubuntu2.8 [143 kB]
#13 10.23 Get:8 http://archive.ubuntu.com/ubuntu noble-updates/main amd64 libnghttp2-14 amd64 1.59.0-1ubuntu0.4 [74.6 kB]
#13 10.24 Get:9 http://archive.ubuntu.com/ubuntu noble/main amd64 libpsl5t64 amd64 0.21.2-1.1build1 [57.1 kB]
#13 10.25 Get:10 http://archive.ubuntu.com/ubuntu noble/main amd64 publicsuffix all 20231001.0357-0.1 [129 kB]
#13 10.27 Get:11 http://archive.ubuntu.com/ubuntu noble/main amd64 libbrotli1 amd64 1.1.0-2build2 [331 kB]
#13 10.34 Get:12 http://archive.ubuntu.com/ubuntu noble-updates/main amd64 libsasl2-modules-db amd64 2.1.28+dfsg1-5ubuntu3.1 [20.4 kB]
#13 10.34 Get:13 http://archive.ubuntu.com/ubuntu noble-updates/main amd64 libsasl2-2 amd64 2.1.28+dfsg1-5ubuntu3.1 [53.2 kB]
#13 10.34 Get:14 http://archive.ubuntu.com/ubuntu noble-updates/main amd64 libldap2 amd64 2.6.10+dfsg-0ubuntu0.24.04.1 [198 kB]
#13 10.34 Get:15 http://archive.ubuntu.com/ubuntu noble/main amd64 librtmp1 amd64 2.4+20151223.gitfa8646d.1-2build7 [56.3 kB]
#13 10.35 Get:16 http://archive.ubuntu.com/ubuntu noble-updates/main amd64 libssh-4 amd64 0.10.6-2ubuntu0.5 [191 kB]
#13 10.36 Get:17 http://archive.ubuntu.com/ubuntu noble-updates/main amd64 libcurl4t64 amd64 8.5.0-2ubuntu10.13 [343 kB]
#13 10.42 Get:18 http://archive.ubuntu.com/ubuntu noble-updates/main amd64 curl amd64 8.5.0-2ubuntu10.13 [226 kB]
#13 10.44 Get:19 http://archive.ubuntu.com/ubuntu noble-updates/main amd64 libldap-common all 2.6.10+dfsg-0ubuntu0.24.04.1 [32.9 kB]
#13 10.44 Get:20 http://archive.ubuntu.com/ubuntu noble-updates/main amd64 libsasl2-modules amd64 2.1.28+dfsg1-5ubuntu3.1 [69.9 kB]
#13 10.45 Get:21 http://archive.ubuntu.com/ubuntu noble-updates/main amd64 unzip amd64 6.0-28ubuntu4.1 [174 kB]
#13 10.88 debconf: delaying package configuration, since apt-utils is not installed
#13 10.94 Fetched 2689 kB in 0s (5594 kB/s)
#13 11.05 Selecting previously unselected package adduser.
#13 11.05 (Reading database ... 
(Reading database ... 5%
(Reading database ... 10%
(Reading database ... 15%
(Reading database ... 20%
(Reading database ... 25%
(Reading database ... 30%
(Reading database ... 35%
(Reading database ... 40%
(Reading database ... 45%
(Reading database ... 50%
(Reading database ... 55%
(Reading database ... 60%
(Reading database ... 65%
(Reading database ... 70%
(Reading database ... 75%
(Reading database ... 80%
(Reading database ... 85%
(Reading database ... 90%
(Reading database ... 95%
(Reading database ... 100%
(Reading database ... 5366 files and directories currently installed.)
#13 11.06 Preparing to unpack .../adduser_3.137ubuntu1_all.deb ...
#13 11.09 Unpacking adduser (3.137ubuntu1) ...
#13 11.33 Setting up adduser (3.137ubuntu1) ...
#13 11.63 Selecting previously unselected package krb5-locales.
#13 11.63 (Reading database ... 
(Reading database ... 5%
(Reading database ... 10%
(Reading database ... 15%
(Reading database ... 20%
(Reading database ... 25%
(Reading database ... 30%
(Reading database ... 35%
(Reading database ... 40%
(Reading database ... 45%
(Reading database ... 50%
(Reading database ... 55%
(Reading database ... 60%
(Reading database ... 65%
(Reading database ... 70%
(Reading database ... 75%
(Reading database ... 80%
(Reading database ... 85%
(Reading database ... 90%
(Reading database ... 95%
(Reading database ... 100%
(Reading database ... 5414 files and directories currently installed.)
#13 11.63 Preparing to unpack .../00-krb5-locales_1.20.1-6ubuntu2.8_all.deb ...
#13 11.67 Unpacking krb5-locales (1.20.1-6ubuntu2.8) ...
#13 11.87 Selecting previously unselected package libkrb5support0:amd64.
#13 11.87 Preparing to unpack .../01-libkrb5support0_1.20.1-6ubuntu2.8_amd64.deb ...
#13 11.95 Unpacking libkrb5support0:amd64 (1.20.1-6ubuntu2.8) ...
#13 12.19 Selecting previously unselected package libk5crypto3:amd64.
#13 12.19 Preparing to unpack .../02-libk5crypto3_1.20.1-6ubuntu2.8_amd64.deb ...
#13 12.24 Unpacking libk5crypto3:amd64 (1.20.1-6ubuntu2.8) ...
#13 12.48 Selecting previously unselected package libkeyutils1:amd64.
#13 12.48 Preparing to unpack .../03-libkeyutils1_1.6.3-3build1_amd64.deb ...
#13 12.52 Unpacking libkeyutils1:amd64 (1.6.3-3build1) ...
#13 12.76 Selecting previously unselected package libkrb5-3:amd64.
#13 12.76 Preparing to unpack .../04-libkrb5-3_1.20.1-6ubuntu2.8_amd64.deb ...
#13 12.79 Unpacking libkrb5-3:amd64 (1.20.1-6ubuntu2.8) ...
#13 13.06 Selecting previously unselected package libgssapi-krb5-2:amd64.
#13 13.06 Preparing to unpack .../05-libgssapi-krb5-2_1.20.1-6ubuntu2.8_amd64.deb ...
#13 13.09 Unpacking libgssapi-krb5-2:amd64 (1.20.1-6ubuntu2.8) ...
#13 13.29 Selecting previously unselected package libnghttp2-14:amd64.
#13 13.30 Preparing to unpack .../06-libnghttp2-14_1.59.0-1ubuntu0.4_amd64.deb ...
#13 13.33 Unpacking libnghttp2-14:amd64 (1.59.0-1ubuntu0.4) ...
#13 13.56 Selecting previously unselected package libpsl5t64:amd64.
#13 13.56 Preparing to unpack .../07-libpsl5t64_0.21.2-1.1build1_amd64.deb ...
#13 13.61 Unpacking libpsl5t64:amd64 (0.21.2-1.1build1) ...
#13 13.77 Selecting previously unselected package publicsuffix.
#13 13.78 Preparing to unpack .../08-publicsuffix_20231001.0357-0.1_all.deb ...
#13 13.81 Unpacking publicsuffix (20231001.0357-0.1) ...
#13 14.04 Selecting previously unselected package libbrotli1:amd64.
#13 14.04 Preparing to unpack .../09-libbrotli1_1.1.0-2build2_amd64.deb ...
#13 14.07 Unpacking libbrotli1:amd64 (1.1.0-2build2) ...
#13 14.27 Selecting previously unselected package libsasl2-modules-db:amd64.
#13 14.27 Preparing to unpack .../10-libsasl2-modules-db_2.1.28+dfsg1-5ubuntu3.1_amd64.deb ...
#13 14.29 Unpacking libsasl2-modules-db:amd64 (2.1.28+dfsg1-5ubuntu3.1) ...
#13 14.49 Selecting previously unselected package libsasl2-2:amd64.
#13 14.49 Preparing to unpack .../11-libsasl2-2_2.1.28+dfsg1-5ubuntu3.1_amd64.deb ...
#13 14.53 Unpacking libsasl2-2:amd64 (2.1.28+dfsg1-5ubuntu3.1) ...
#13 14.81 Selecting previously unselected package libldap2:amd64.
#13 14.82 Preparing to unpack .../12-libldap2_2.6.10+dfsg-0ubuntu0.24.04.1_amd64.deb ...
#13 14.85 Unpacking libldap2:amd64 (2.6.10+dfsg-0ubuntu0.24.04.1) ...
#13 15.06 Selecting previously unselected package librtmp1:amd64.
#13 15.06 Preparing to unpack .../13-librtmp1_2.4+20151223.gitfa8646d.1-2build7_amd64.deb ...
#13 15.09 Unpacking librtmp1:amd64 (2.4+20151223.gitfa8646d.1-2build7) ...
#13 15.31 Selecting previously unselected package libssh-4:amd64.
#13 15.31 Preparing to unpack .../14-libssh-4_0.10.6-2ubuntu0.5_amd64.deb ...
#13 15.32 Unpacking libssh-4:amd64 (0.10.6-2ubuntu0.5) ...
#13 15.48 Selecting previously unselected package libcurl4t64:amd64.
#13 15.48 Preparing to unpack .../15-libcurl4t64_8.5.0-2ubuntu10.13_amd64.deb ...
#13 15.51 Unpacking libcurl4t64:amd64 (8.5.0-2ubuntu10.13) ...
#13 15.67 Selecting previously unselected package curl.
#13 15.67 Preparing to unpack .../16-curl_8.5.0-2ubuntu10.13_amd64.deb ...
#13 15.69 Unpacking curl (8.5.0-2ubuntu10.13) ...
#13 15.89 Selecting previously unselected package libldap-common.
#13 15.89 Preparing to unpack .../17-libldap-common_2.6.10+dfsg-0ubuntu0.24.04.1_all.deb ...
#13 15.93 Unpacking libldap-common (2.6.10+dfsg-0ubuntu0.24.04.1) ...
#13 16.23 Selecting previously unselected package libsasl2-modules:amd64.
#13 16.24 Preparing to unpack .../18-libsasl2-modules_2.1.28+dfsg1-5ubuntu3.1_amd64.deb ...
#13 16.27 Unpacking libsasl2-modules:amd64 (2.1.28+dfsg1-5ubuntu3.1) ...
#13 16.51 Selecting previously unselected package unzip.
#13 16.51 Preparing to unpack .../19-unzip_6.0-28ubuntu4.1_amd64.deb ...
#13 16.55 Unpacking unzip (6.0-28ubuntu4.1) ...
#13 16.75 Setting up libkeyutils1:amd64 (1.6.3-3build1) ...
#13 16.85 Setting up unzip (6.0-28ubuntu4.1) ...
#13 16.96 Setting up libbrotli1:amd64 (1.1.0-2build2) ...
#13 17.08 Setting up libsasl2-modules:amd64 (2.1.28+dfsg1-5ubuntu3.1) ...
#13 17.20 Setting up libpsl5t64:amd64 (0.21.2-1.1build1) ...
#13 17.27 Setting up libnghttp2-14:amd64 (1.59.0-1ubuntu0.4) ...
#13 17.34 Setting up krb5-locales (1.20.1-6ubuntu2.8) ...
#13 17.40 Setting up libldap-common (2.6.10+dfsg-0ubuntu0.24.04.1) ...
#13 17.48 Setting up libkrb5support0:amd64 (1.20.1-6ubuntu2.8) ...
#13 ...

#14 [ac-authserver build 1/8] RUN apt-get update                                                         && apt-get install -y --no-install-recommends                                 build-essential ccache libtool cmake-data ninja-build cmake clang            git lsb-base curl unzip default-mysql-client openssl                          default-libmysqlclient-dev libboost-all-dev libssl-dev libmysql++-dev         libreadline-dev zlib1g-dev libbz2-dev libncurses5-dev liblzma-dev      && rm -rf /var/lib/apt/lists/*
#14 9.701 Reading package lists...
#14 11.22 Reading package lists...
#14 12.61 Building dependency tree...
#14 12.84 Reading state information...
#14 13.14 openssl is already the newest version (3.0.13-0ubuntu3.15).
#14 13.14 openssl set to manually installed.
#14 13.14 The following additional packages will be installed:
#14 13.14   adduser autoconf automake autotools-dev binutils binutils-common
#14 13.14   binutils-x86-64-linux-gnu bzip2 clang-18 cpp cpp-13 cpp-13-x86-64-linux-gnu
#14 13.14   cpp-x86-64-linux-gnu dpkg-dev file g++ g++-13 g++-13-x86-64-linux-gnu
#14 13.14   g++-x86-64-linux-gnu gcc gcc-13 gcc-13-base gcc-13-x86-64-linux-gnu
#14 13.14   gcc-x86-64-linux-gnu gfortran-13 gfortran-13-x86-64-linux-gnu git-man
#14 13.14   ibverbs-providers icu-devtools libamd-comgr2 libamdhip64-5 libarchive13t64
#14 13.14   libasan8 libatomic1 libbinutils libboost-atomic-dev libboost-atomic1.83-dev
#14 13.14   libboost-atomic1.83.0 libboost-chrono-dev libboost-chrono1.83-dev
#14 13.14   libboost-chrono1.83.0t64 libboost-container-dev libboost-container1.83-dev
#14 13.14   libboost-container1.83.0 libboost-context-dev libboost-context1.83-dev
#14 13.14   libboost-context1.83.0 libboost-coroutine-dev libboost-coroutine1.83-dev
#14 13.14   libboost-coroutine1.83.0 libboost-date-time-dev libboost-date-time1.83-dev
#14 13.14   libboost-date-time1.83.0 libboost-dev libboost-exception-dev
#14 13.14   libboost-exception1.83-dev libboost-fiber-dev libboost-fiber1.83-dev
#14 13.14   libboost-fiber1.83.0 libboost-filesystem-dev libboost-filesystem1.83-dev
#14 13.14   libboost-filesystem1.83.0 libboost-graph-dev libboost-graph-parallel-dev
#14 13.14   libboost-graph-parallel1.83-dev libboost-graph-parallel1.83.0
#14 13.14   libboost-graph1.83-dev libboost-graph1.83.0 libboost-iostreams-dev
#14 13.14   libboost-iostreams1.83-dev libboost-iostreams1.83.0 libboost-json-dev
#14 13.14   libboost-json1.83-dev libboost-json1.83.0 libboost-locale-dev
#14 13.14   libboost-locale1.83-dev libboost-locale1.83.0 libboost-log-dev
#14 13.14   libboost-log1.83-dev libboost-log1.83.0 libboost-math-dev
#14 13.14   libboost-math1.83-dev libboost-math1.83.0 libboost-mpi-dev
#14 13.14   libboost-mpi-python-dev libboost-mpi-python1.83-dev
#14 13.14   libboost-mpi-python1.83.0 libboost-mpi1.83-dev libboost-mpi1.83.0
#14 13.14   libboost-nowide-dev libboost-nowide1.83-dev libboost-nowide1.83.0
#14 13.14   libboost-numpy-dev libboost-numpy1.83-dev libboost-numpy1.83.0
#14 13.14   libboost-program-options-dev libboost-program-options1.83-dev
#14 13.14   libboost-program-options1.83.0 libboost-python-dev libboost-python1.83-dev
#14 13.14   libboost-python1.83.0 libboost-random-dev libboost-random1.83-dev
#14 13.14   libboost-random1.83.0 libboost-regex-dev libboost-regex1.83-dev
#14 13.14   libboost-regex1.83.0 libboost-serialization-dev
#14 13.14   libboost-serialization1.83-dev libboost-serialization1.83.0
#14 13.14   libboost-stacktrace-dev libboost-stacktrace1.83-dev
#14 13.14   libboost-stacktrace1.83.0 libboost-system-dev libboost-system1.83-dev
#14 13.14   libboost-system1.83.0 libboost-test-dev libboost-test1.83-dev
#14 13.14   libboost-test1.83.0 libboost-thread-dev libboost-thread1.83-dev
#14 13.14   libboost-thread1.83.0 libboost-timer-dev libboost-timer1.83-dev
#14 13.14   libboost-timer1.83.0 libboost-tools-dev libboost-type-erasure-dev
#14 13.14   libboost-type-erasure1.83-dev libboost-type-erasure1.83.0 libboost-url-dev
#14 13.14   libboost-url1.83-dev libboost-url1.83.0 libboost-wave-dev
#14 13.14   libboost-wave1.83-dev libboost-wave1.83.0 libboost1.83-dev
#14 13.14   libboost1.83-tools-dev libbrotli1 libbsd0 libbz2-1.0 libc-dev-bin libc6-dev
#14 13.14   libcbor0.10 libcc1-0 libclang-common-18-dev libclang-cpp18 libclang1-18
#14 13.14   libcrypt-dev libctf-nobfd0 libctf0 libcurl3t64-gnutls libcurl4t64
#14 13.14   libdpkg-perl libdrm-amdgpu1 libdrm-common libdrm2 libedit2 libelf1t64
#14 13.14   liberror-perl libevent-2.1-7t64 libevent-core-2.1-7t64 libevent-dev
#14 13.14   libevent-extra-2.1-7t64 libevent-openssl-2.1-7t64 libevent-pthreads-2.1-7t64
#14 13.14   libexpat1 libexpat1-dev libfabric1 libfido2-1 libgc1 libgcc-13-dev
#14 13.14   libgdbm-compat4t64 libgdbm6t64 libgfortran-13-dev libgfortran5 libgomp1
#14 13.14   libgprofng0 libgssapi-krb5-2 libhiredis1.1.0 libhsa-runtime64-1 libhsakmt1
#14 13.14   libhwasan0 libhwloc-dev libhwloc-plugins libhwloc15 libibverbs-dev
#14 13.14   libibverbs1 libicu-dev libicu74 libisl23 libitm1 libjansson4 libjs-jquery
#14 13.14   libjs-jquery-ui libjs-sphinxdoc libjs-underscore libjsoncpp25 libk5crypto3
#14 13.14   libkeyutils1 libkrb5-3 libkrb5support0 libldap2 libllvm17t64 libllvm18
#14 13.14   liblsan0 libltdl-dev libltdl7 libmagic-mgc libmagic1t64 libmpc3 libmpfr6
#14 13.14   libmunge2 libmysql++3t64 libmysqlclient-dev libmysqlclient21 libncurses6
#14 13.14   libncursesw6 libnghttp2-14 libnl-3-200 libnl-3-dev libnl-route-3-200
#14 13.14   libnl-route-3-dev libnuma-dev libnuma1 libobjc-13-dev libobjc4
#14 13.14   libopenmpi-dev libopenmpi3t64 libpciaccess0 libperl5.38t64 libpmix-dev
#14 13.14   libpmix2t64 libpsl5t64 libpsm-infinipath1 libpsm2-2 libpython3-dev
#14 13.14   libpython3-stdlib libpython3.12-dev libpython3.12-minimal
#14 13.14   libpython3.12-stdlib libpython3.12t64 libquadmath0 librdmacm1t64
#14 13.14   libreadline8t64 librhash0 librtmp1 libsasl2-2 libsasl2-modules-db libsframe1
#14 13.14   libsqlite3-0 libssh-4 libstdc++-13-dev libtinfo6 libtsan2 libubsan1 libucx0
#14 13.14   libuv1t64 libx11-6 libx11-data libxau6 libxcb1 libxdmcp6 libxext6 libxml2
#14 13.14   libxnvctrl0 libzstd-dev linux-libc-dev llvm-18-linker-tools
#14 13.14   lto-disabled-list m4 make media-types mpi-default-bin mpi-default-dev
#14 13.14   mysql-client-8.0 mysql-client-core-8.0 mysql-common ncurses-base ncurses-bin
#14 13.14   netbase ocl-icd-libopencl1 openmpi-bin openmpi-common openssh-client patch
#14 13.14   perl perl-base perl-modules-5.38 python3 python3-dev python3-minimal
#14 13.14   python3.12 python3.12-dev python3.12-minimal readline-common rpcsvc-proto
#14 13.14   xz-utils zlib1g
#14 13.14 Suggested packages:
#14 13.14   liblocale-gettext-perl cron quota ecryptfs-utils autoconf-archive
#14 13.14   gnu-standards autoconf-doc gettext binutils-doc gprofng-gui bzip2-doc distcc
#14 13.14   | icecc clang-18-doc wasi-libc cmake-doc cmake-format elpa-cmake-mode
#14 13.14   cpp-doc gcc-13-locales cpp-13-doc debian-keyring g++-multilib
#14 13.14   g++-13-multilib gcc-13-doc gcc-multilib manpages-dev flex bison gdb gcc-doc
#14 13.14   gcc-13-multilib gdb-x86-64-linux-gnu gfortran-13-multilib gfortran-13-doc
#14 13.14   libcoarrays-dev gettext-base git-daemon-run | git-daemon-sysvinit git-doc
#14 13.14   git-email git-gui gitk gitweb git-cvs git-mediawiki git-svn lrzip
#14 13.14   libboost-doc graphviz libboost1.83-doc gccxml libboost-contract1.83-dev
#14 13.14   libmpfrc++-dev libntl-dev xsltproc doxygen docbook-xml docbook-xsl
#14 13.14   default-jdk fop glibc-doc gnupg | sq | sqop | pgpainless-cli
#14 13.14   | sequoia-chameleon-gnupg bzr gdbm-l10n krb5-doc krb5-user
#14 13.14   libhwloc-contrib-plugins icu-doc libjs-jquery-ui-docs libtool-doc
#14 13.14   liblzma-doc libmysql++-doc ncurses-doc openmpi-doc pciutils readline-doc
#14 13.14   libssl-doc libstdc++-13-doc gcj-jdk m4-doc make-doc opencl-icd gfortran
#14 13.14   | fortran-compiler keychain libpam-ssh monkeysphere ssh-askpass ed
#14 13.14   diffutils-doc perl-doc libterm-readline-gnu-perl
#14 13.14   | libterm-readline-perl-perl libtap-harness-archive-perl python3-doc
#14 13.14   python3-tk python3-venv python3.12-venv python3.12-doc binfmt-support zip
#14 13.14 Recommended packages:
#14 13.14   llvm-18-dev fakeroot gnupg | sq | sqop | pgpainless-cli
#14 13.14   | sequoia-chameleon-gnupg libalgorithm-merge-perl less bzip2-doc manpages
#14 13.14   manpages-dev libc-devtools libclang-rt-18-dev libfile-fcntllock-perl
#14 13.14   liblocale-gettext-perl javascript-common krb5-locales libldap-common libgpm2
#14 13.14   libcoarrays-openmpi-dev publicsuffix libsasl2-modules xauth
#14 13.95 The following NEW packages will be installed:
#14 13.95   adduser autoconf automake autotools-dev binutils binutils-common
#14 13.95   binutils-x86-64-linux-gnu build-essential bzip2 ccache clang clang-18 cmake
#14 13.95   cmake-data cpp cpp-13 cpp-13-x86-64-linux-gnu cpp-x86-64-linux-gnu curl
#14 13.95   default-libmysqlclient-dev default-mysql-client dpkg-dev file g++ g++-13
#14 13.95   g++-13-x86-64-linux-gnu g++-x86-64-linux-gnu gcc gcc-13 gcc-13-base
#14 13.95   gcc-13-x86-64-linux-gnu gcc-x86-64-linux-gnu gfortran-13
#14 13.95   gfortran-13-x86-64-linux-gnu git git-man ibverbs-providers icu-devtools
#14 13.95   libamd-comgr2 libamdhip64-5 libarchive13t64 libasan8 libatomic1 libbinutils
#14 13.95   libboost-all-dev libboost-atomic-dev libboost-atomic1.83-dev
#14 13.95   libboost-atomic1.83.0 libboost-chrono-dev libboost-chrono1.83-dev
#14 13.95   libboost-chrono1.83.0t64 libboost-container-dev libboost-container1.83-dev
#14 13.95   libboost-container1.83.0 libboost-context-dev libboost-context1.83-dev
#14 13.95   libboost-context1.83.0 libboost-coroutine-dev libboost-coroutine1.83-dev
#14 13.95   libboost-coroutine1.83.0 libboost-date-time-dev libboost-date-time1.83-dev
#14 13.95   libboost-date-time1.83.0 libboost-dev libboost-exception-dev
#14 13.95   libboost-exception1.83-dev libboost-fiber-dev libboost-fiber1.83-dev
#14 13.95   libboost-fiber1.83.0 libboost-filesystem-dev libboost-filesystem1.83-dev
#14 13.95   libboost-filesystem1.83.0 libboost-graph-dev libboost-graph-parallel-dev
#14 13.95   libboost-graph-parallel1.83-dev libboost-graph-parallel1.83.0
#14 13.95   libboost-graph1.83-dev libboost-graph1.83.0 libboost-iostreams-dev
#14 13.95   libboost-iostreams1.83-dev libboost-iostreams1.83.0 libboost-json-dev
#14 13.95   libboost-json1.83-dev libboost-json1.83.0 libboost-locale-dev
#14 13.95   libboost-locale1.83-dev libboost-locale1.83.0 libboost-log-dev
#14 13.95   libboost-log1.83-dev libboost-log1.83.0 libboost-math-dev
#14 13.95   libboost-math1.83-dev libboost-math1.83.0 libboost-mpi-dev
#14 13.95   libboost-mpi-python-dev libboost-mpi-python1.83-dev
#14 13.95   libboost-mpi-python1.83.0 libboost-mpi1.83-dev libboost-mpi1.83.0
#14 13.95   libboost-nowide-dev libboost-nowide1.83-dev libboost-nowide1.83.0
#14 13.95   libboost-numpy-dev libboost-numpy1.83-dev libboost-numpy1.83.0
#14 13.95   libboost-program-options-dev libboost-program-options1.83-dev
#14 13.95   libboost-program-options1.83.0 libboost-python-dev libboost-python1.83-dev
#14 13.95   libboost-python1.83.0 libboost-random-dev libboost-random1.83-dev
#14 13.95   libboost-random1.83.0 libboost-regex-dev libboost-regex1.83-dev
#14 13.95   libboost-regex1.83.0 libboost-serialization-dev
#14 13.95   libboost-serialization1.83-dev libboost-serialization1.83.0
#14 13.95   libboost-stacktrace-dev libboost-stacktrace1.83-dev
#14 13.95   libboost-stacktrace1.83.0 libboost-system-dev libboost-system1.83-dev
#14 13.95   libboost-system1.83.0 libboost-test-dev libboost-test1.83-dev
#14 13.95   libboost-test1.83.0 libboost-thread-dev libboost-thread1.83-dev
#14 13.95   libboost-thread1.83.0 libboost-timer-dev libboost-timer1.83-dev
#14 13.95   libboost-timer1.83.0 libboost-tools-dev libboost-type-erasure-dev
#14 13.95   libboost-type-erasure1.83-dev libboost-type-erasure1.83.0 libboost-url-dev
#14 13.95   libboost-url1.83-dev libboost-url1.83.0 libboost-wave-dev
#14 13.95   libboost-wave1.83-dev libboost-wave1.83.0 libboost1.83-dev
#14 13.95   libboost1.83-tools-dev libbrotli1 libbsd0 libbz2-dev libc-dev-bin libc6-dev
#14 13.95   libcbor0.10 libcc1-0 libclang-common-18-dev libclang-cpp18 libclang1-18
#14 13.95   libcrypt-dev libctf-nobfd0 libctf0 libcurl3t64-gnutls libcurl4t64
#14 13.95   libdpkg-perl libdrm-amdgpu1 libdrm-common libdrm2 libedit2 libelf1t64
#14 13.95   liberror-perl libevent-2.1-7t64 libevent-core-2.1-7t64 libevent-dev
#14 13.95   libevent-extra-2.1-7t64 libevent-openssl-2.1-7t64 libevent-pthreads-2.1-7t64
#14 13.95   libexpat1 libexpat1-dev libfabric1 libfido2-1 libgc1 libgcc-13-dev
#14 13.96   libgdbm-compat4t64 libgdbm6t64 libgfortran-13-dev libgfortran5 libgomp1
#14 13.96   libgprofng0 libgssapi-krb5-2 libhiredis1.1.0 libhsa-runtime64-1 libhsakmt1
#14 13.96   libhwasan0 libhwloc-dev libhwloc-plugins libhwloc15 libibverbs-dev
#14 13.96   libibverbs1 libicu-dev libicu74 libisl23 libitm1 libjansson4 libjs-jquery
#14 13.96   libjs-jquery-ui libjs-sphinxdoc libjs-underscore libjsoncpp25 libk5crypto3
#14 13.96   libkeyutils1 libkrb5-3 libkrb5support0 libldap2 libllvm17t64 libllvm18
#14 13.96   liblsan0 libltdl-dev libltdl7 liblzma-dev libmagic-mgc libmagic1t64 libmpc3
#14 13.96   libmpfr6 libmunge2 libmysql++-dev libmysql++3t64 libmysqlclient-dev
#14 13.96   libmysqlclient21 libncurses-dev libncurses6 libnghttp2-14 libnl-3-200
#14 13.96   libnl-3-dev libnl-route-3-200 libnl-route-3-dev libnuma-dev libnuma1
#14 13.96   libobjc-13-dev libobjc4 libopenmpi-dev libopenmpi3t64 libpciaccess0
#14 13.96   libperl5.38t64 libpmix-dev libpmix2t64 libpsl5t64 libpsm-infinipath1
#14 13.96   libpsm2-2 libpython3-dev libpython3-stdlib libpython3.12-dev
#14 13.96   libpython3.12-minimal libpython3.12-stdlib libpython3.12t64 libquadmath0
#14 13.96   librdmacm1t64 libreadline-dev libreadline8t64 librhash0 librtmp1 libsasl2-2
#14 13.96   libsasl2-modules-db libsframe1 libsqlite3-0 libssh-4 libssl-dev
#14 13.96   libstdc++-13-dev libtool libtsan2 libubsan1 libucx0 libuv1t64 libx11-6
#14 13.96   libx11-data libxau6 libxcb1 libxdmcp6 libxext6 libxml2 libxnvctrl0
#14 13.96   libzstd-dev linux-libc-dev llvm-18-linker-tools lsb-base lto-disabled-list
#14 13.96   m4 make media-types mpi-default-bin mpi-default-dev mysql-client-8.0
#14 13.96   mysql-client-core-8.0 mysql-common netbase ninja-build ocl-icd-libopencl1
#14 13.96   openmpi-bin openmpi-common openssh-client patch perl perl-modules-5.38
#14 13.96   python3 python3-dev python3-minimal python3.12 python3.12-dev
#14 13.96   python3.12-minimal readline-common rpcsvc-proto unzip xz-utils zlib1g-dev
#14 13.96 The following packages will be upgraded:
#14 13.96   libbz2-1.0 libncursesw6 libtinfo6 ncurses-base ncurses-bin perl-base zlib1g
#14 14.09 7 upgraded, 312 newly installed, 0 to remove and 19 not upgraded.
#14 14.09 Need to get 321 MB of archives.
#14 14.09 After this operation, 1573 MB of additional disk space will be used.
#14 14.09 Get:1 http://archive.ubuntu.com/ubuntu noble-updates/main amd64 ncurses-bin amd64 6.4+20240113-1ubuntu2.2 [188 kB]
#14 14.23 Get:2 http://archive.ubuntu.com/ubuntu noble-updates/main amd64 perl-base amd64 5.38.2-3.2ubuntu0.4 [1826 kB]
#14 14.36 Get:3 http://archive.ubuntu.com/ubuntu noble-updates/main amd64 ncurses-base all 6.4+20240113-1ubuntu2.2 [25.8 kB]
#14 14.40 Get:4 http://archive.ubuntu.com/ubuntu noble-updates/main amd64 libpython3.12-minimal amd64 3.12.3-1ubuntu0.16 [838 kB]
#14 14.53 Get:5 http://archive.ubuntu.com/ubuntu noble-updates/main amd64 libexpat1 amd64 2.6.1-2ubuntu0.4 [88.2 kB]
#14 14.55 Get:6 http://archive.ubuntu.com/ubuntu noble-updates/main amd64 zlib1g amd64 1:1.3.dfsg-3.1ubuntu2.2 [63.0 kB]
#14 14.55 Get:7 http://archive.ubuntu.com/ubuntu noble-updates/main amd64 python3.12-minimal amd64 3.12.3-1ubuntu0.16 [2335 kB]
#14 14.71 Get:8 http://archive.ubuntu.com/ubuntu noble-updates/main amd64 python3-minimal amd64 3.12.3-0ubuntu2.1 [27.4 kB]
#14 14.71 Get:9 http://archive.ubuntu.com/ubuntu noble/main amd64 media-types all 10.1.0 [27.5 kB]
#14 14.71 Get:10 http://archive.ubuntu.com/ubuntu noble/main amd64 netbase all 6.4 [13.1 kB]
#14 14.71 Get:11 http://archive.ubuntu.com/ubuntu noble-updates/main amd64 libbz2-1.0 amd64 1.0.8-5.1ubuntu0.1 [34.6 kB]
#14 14.71 Get:12 http://archive.ubuntu.com/ubuntu noble-updates/main amd64 libncursesw6 amd64 6.4+20240113-1ubuntu2.2 [148 kB]
#14 14.77 Get:13 http://archive.ubuntu.com/ubuntu noble-updates/main amd64 libtinfo6 amd64 6.4+20240113-1ubuntu2.2 [108 kB]
#14 14.77 Get:14 http://archive.ubuntu.com/ubuntu noble/main amd64 readline-common all 8.2-4build1 [56.5 kB]
#14 14.79 Get:15 http://archive.ubuntu.com/ubuntu noble/main amd64 libreadline8t64 amd64 8.2-4build1 [153 kB]
#14 14.81 Get:16 http://archive.ubuntu.com/ubuntu noble-updates/main amd64 libsqlite3-0 amd64 3.45.1-1ubuntu2.7 [701 kB]
#14 14.91 Get:17 http://archive.ubuntu.com/ubuntu noble-updates/main amd64 libpython3.12-stdlib amd64 3.12.3-1ubuntu0.16 [2070 kB]
#14 15.03 Get:18 http://archive.ubuntu.com/ubuntu noble-updates/main amd64 python3.12 amd64 3.12.3-1ubuntu0.16 [651 kB]
#14 15.11 Get:19 http://archive.ubuntu.com/ubuntu noble-updates/main amd64 libpython3-stdlib amd64 3.12.3-0ubuntu2.1 [10.1 kB]
#14 15.11 Get:20 http://archive.ubuntu.com/ubuntu noble-updates/main amd64 python3 amd64 3.12.3-0ubuntu2.1 [23.0 kB]
#14 15.11 Get:21 http://archive.ubuntu.com/ubuntu noble-updates/main amd64 perl-modules-5.38 all 5.38.2-3.2ubuntu0.4 [3110 kB]
#14 15.18 Get:22 http://archive.ubuntu.com/ubuntu noble/main amd64 libgdbm6t64 amd64 1.23-5.1build1 [34.4 kB]
#14 15.19 Get:23 http://archive.ubuntu.com/ubuntu noble/main amd64 libgdbm-compat4t64 amd64 1.23-5.1build1 [6710 B]
#14 15.21 Get:24 http://archive.ubuntu.com/ubuntu noble-updates/main amd64 libperl5.38t64 amd64 5.38.2-3.2ubuntu0.4 [4870 kB]
#14 15.43 Get:25 http://archive.ubuntu.com/ubuntu noble-updates/main amd64 perl amd64 5.38.2-3.2ubuntu0.4 [231 kB]
#14 15.44 Get:26 http://archive.ubuntu.com/ubuntu noble/main amd64 adduser all 3.137ubuntu1 [101 kB]
#14 15.46 Get:27 http://archive.ubuntu.com/ubuntu noble-updates/main amd64 libbsd0 amd64 0.12.1-1build1.1 [41.2 kB]
#14 15.47 Get:28 http://archive.ubuntu.com/ubuntu noble-updates/main amd64 libelf1t64 amd64 0.190-1.1ubuntu0.1 [57.8 kB]
#14 15.49 Get:29 http://archive.ubuntu.com/ubuntu noble-updates/main amd64 libkrb5support0 amd64 1.20.1-6ubuntu2.8 [34.7 kB]
#14 15.50 Get:30 http://archive.ubuntu.com/ubuntu noble-updates/main amd64 libk5crypto3 amd64 1.20.1-6ubuntu2.8 [81.9 kB]
#14 15.51 Get:31 http://archive.ubuntu.com/ubuntu noble/main amd64 libkeyutils1 amd64 1.6.3-3build1 [9490 B]
#14 15.52 Get:32 http://archive.ubuntu.com/ubuntu noble-updates/main amd64 libkrb5-3 amd64 1.20.1-6ubuntu2.8 [348 kB]
#14 15.54 Get:33 http://archive.ubuntu.com/ubuntu noble-updates/main amd64 libgssapi-krb5-2 amd64 1.20.1-6ubuntu2.8 [143 kB]
#14 15.55 Get:34 http://archive.ubuntu.com/ubuntu noble-updates/main amd64 libicu74 amd64 74.2-1ubuntu3.1 [10.9 MB]
#14 16.03 Get:35 http://archive.ubuntu.com/ubuntu noble-updates/main amd64 libxml2 amd64 2.9.14+dfsg-1.3ubuntu3.8 [764 kB]
#14 16.04 Get:36 http://archive.ubuntu.com/ubuntu noble/main amd64 libmagic-mgc amd64 1:5.45-3build1 [307 kB]
#14 16.05 Get:37 http://archive.ubuntu.com/ubuntu noble/main amd64 libmagic1t64 amd64 1:5.45-3build1 [87.2 kB]
#14 16.07 Get:38 http://archive.ubuntu.com/ubuntu noble/main amd64 file amd64 1:5.45-3build1 [22.0 kB]
#14 16.09 Get:39 http://archive.ubuntu.com/ubuntu noble-updates/main amd64 libnl-3-200 amd64 3.7.0-0.3build1.1 [55.7 kB]
#14 16.10 Get:40 http://archive.ubuntu.com/ubuntu noble-updates/main amd64 libnl-route-3-200 amd64 3.7.0-0.3build1.1 [189 kB]
#14 16.12 Get:41 http://archive.ubuntu.com/ubuntu noble-updates/main amd64 libibverbs1 amd64 50.0-2ubuntu0.2 [68.0 kB]
#14 16.13 Get:42 http://archive.ubuntu.com/ubuntu noble-updates/main amd64 ibverbs-providers amd64 50.0-2ubuntu0.2 [381 kB]
#14 16.16 Get:43 http://archive.ubuntu.com/ubuntu noble/main amd64 libcbor0.10 amd64 0.10.2-1.2ubuntu2 [25.8 kB]
#14 16.18 Get:44 http://archive.ubuntu.com/ubuntu noble-updates/main amd64 libdrm-common all 2.4.125-1ubuntu0.1~24.04.2 [9250 B]
#14 16.19 Get:45 http://archive.ubuntu.com/ubuntu noble-updates/main amd64 libdrm2 amd64 2.4.125-1ubuntu0.1~24.04.2 [41.4 kB]
#14 16.20 Get:46 http://archive.ubuntu.com/ubuntu noble/main amd64 libedit2 amd64 3.1-20230828-1build1 [97.6 kB]
#14 16.22 Get:47 http://archive.ubuntu.com/ubuntu noble/main amd64 libfido2-1 amd64 1.14.0-1build3 [83.5 kB]
#14 16.23 Get:48 http://archive.ubuntu.com/ubuntu noble/main amd64 libjansson4 amd64 2.14-2build2 [32.8 kB]
#14 16.24 Get:49 http://archive.ubuntu.com/ubuntu noble-updates/main amd64 libncurses6 amd64 6.4+20240113-1ubuntu2.2 [112 kB]
#14 16.26 Get:50 http://archive.ubuntu.com/ubuntu noble-updates/main amd64 libnghttp2-14 amd64 1.59.0-1ubuntu0.4 [74.6 kB]
#14 16.27 Get:51 http://archive.ubuntu.com/ubuntu noble-updates/main amd64 libnuma1 amd64 2.0.18-1ubuntu0.24.04.1 [23.4 kB]
#14 16.29 Get:52 http://archive.ubuntu.com/ubuntu noble/main amd64 libpsl5t64 amd64 0.21.2-1.1build1 [57.1 kB]
#14 16.30 Get:53 http://archive.ubuntu.com/ubuntu noble/main amd64 libuv1t64 amd64 1.48.0-1.1build1 [97.3 kB]
#14 16.32 Get:54 http://archive.ubuntu.com/ubuntu noble/main amd64 libxau6 amd64 1:1.0.9-1build6 [7160 B]
#14 16.34 Get:55 http://archive.ubuntu.com/ubuntu noble/main amd64 libxdmcp6 amd64 1:1.1.3-0ubuntu6 [10.3 kB]
#14 16.37 Get:56 http://archive.ubuntu.com/ubuntu noble/main amd64 libxcb1 amd64 1.15-1ubuntu2 [47.7 kB]
#14 16.39 Get:57 http://archive.ubuntu.com/ubuntu noble/main amd64 libx11-data all 2:1.8.7-1build1 [115 kB]
#14 16.42 Get:58 http://archive.ubuntu.com/ubuntu noble/main amd64 libx11-6 amd64 2:1.8.7-1build1 [650 kB]
#14 16.46 Get:59 http://archive.ubuntu.com/ubuntu noble/main amd64 libxext6 amd64 2:1.3.4-1build2 [30.4 kB]
#14 16.48 Get:60 http://archive.ubuntu.com/ubuntu noble-updates/main amd64 openssh-client amd64 1:9.6p1-3ubuntu13.19 [908 kB]
#14 16.55 Get:61 http://archive.ubuntu.com/ubuntu noble-updates/main amd64 xz-utils amd64 5.6.1+really5.4.5-1ubuntu0.3 [267 kB]
#14 16.56 Get:62 http://archive.ubuntu.com/ubuntu noble/main amd64 m4 amd64 1.4.19-4build1 [244 kB]
#14 16.57 Get:63 http://archive.ubuntu.com/ubuntu noble/main amd64 autoconf all 2.71-3 [339 kB]
#14 16.59 Get:64 http://archive.ubuntu.com/ubuntu noble/main amd64 autotools-dev all 20220109.1 [44.9 kB]
#14 16.61 Get:65 http://archive.ubuntu.com/ubuntu noble/main amd64 automake all 1:1.16.5-1.3ubuntu1 [558 kB]
#14 16.64 Get:66 http://archive.ubuntu.com/ubuntu noble-updates/main amd64 binutils-common amd64 2.42-4ubuntu2.10 [240 kB]
#14 16.66 Get:67 http://archive.ubuntu.com/ubuntu noble-updates/main amd64 libsframe1 amd64 2.42-4ubuntu2.10 [15.7 kB]
#14 16.68 Get:68 http://archive.ubuntu.com/ubuntu noble-updates/main amd64 libbinutils amd64 2.42-4ubuntu2.10 [577 kB]
#14 16.71 Get:69 http://archive.ubuntu.com/ubuntu noble-updates/main amd64 libctf-nobfd0 amd64 2.42-4ubuntu2.10 [98.0 kB]
#14 16.73 Get:70 http://archive.ubuntu.com/ubuntu noble-updates/main amd64 libctf0 amd64 2.42-4ubuntu2.10 [94.5 kB]
#14 16.74 Get:71 http://archive.ubuntu.com/ubuntu noble-updates/main amd64 libgprofng0 amd64 2.42-4ubuntu2.10 [849 kB]
#14 16.78 Get:72 http://archive.ubuntu.com/ubuntu noble-updates/main amd64 binutils-x86-64-linux-gnu amd64 2.42-4ubuntu2.10 [2463 kB]
#14 16.90 Get:73 http://archive.ubuntu.com/ubuntu noble-updates/main amd64 binutils amd64 2.42-4ubuntu2.10 [18.2 kB]
#14 16.90 Get:74 http://archive.ubuntu.com/ubuntu noble-updates/main amd64 libc-dev-bin amd64 2.39-0ubuntu8.8 [20.4 kB]
#14 16.91 Get:75 http://archive.ubuntu.com/ubuntu noble-updates/main amd64 linux-libc-dev amd64 6.8.0-139.139 [1527 kB]
#14 16.98 Get:76 http://archive.ubuntu.com/ubuntu noble/main amd64 libcrypt-dev amd64 1:4.4.36-4build1 [112 kB]
#14 17.00 Get:77 http://archive.ubuntu.com/ubuntu noble/main amd64 rpcsvc-proto amd64 1.4.2-0ubuntu7 [67.4 kB]
#14 17.01 Get:78 http://archive.ubuntu.com/ubuntu noble-updates/main amd64 libc6-dev amd64 2.39-0ubuntu8.8 [2125 kB]
#14 17.10 Get:79 http://archive.ubuntu.com/ubuntu noble-updates/main amd64 gcc-13-base amd64 13.3.0-6ubuntu2~24.04.1 [51.6 kB]
#14 17.12 Get:80 http://archive.ubuntu.com/ubuntu noble-updates/main amd64 libisl23 amd64 0.26-3build1.1 [680 kB]
#14 17.15 Get:81 http://archive.ubuntu.com/ubuntu noble-updates/main amd64 libmpfr6 amd64 4.2.1-1build1.1 [353 kB]
#14 17.17 Get:82 http://archive.ubuntu.com/ubuntu noble-updates/main amd64 libmpc3 amd64 1.3.1-1build1.1 [54.6 kB]
#14 17.19 Get:83 http://archive.ubuntu.com/ubuntu noble-updates/main amd64 cpp-13-x86-64-linux-gnu amd64 13.3.0-6ubuntu2~24.04.1 [10.7 MB]
#14 17.61 Get:84 http://archive.ubuntu.com/ubuntu noble-updates/main amd64 cpp-13 amd64 13.3.0-6ubuntu2~24.04.1 [1042 B]
#14 17.61 Get:85 http://archive.ubuntu.com/ubuntu noble/main amd64 cpp-x86-64-linux-gnu amd64 4:13.2.0-7ubuntu1 [5326 B]
#14 17.62 Get:86 http://archive.ubuntu.com/ubuntu noble/main amd64 cpp amd64 4:13.2.0-7ubuntu1 [22.4 kB]
#14 17.64 Get:87 http://archive.ubuntu.com/ubuntu noble-updates/main amd64 libcc1-0 amd64 14.2.0-4ubuntu2~24.04.1 [48.0 kB]
#14 17.65 Get:88 http://archive.ubuntu.com/ubuntu noble-updates/main amd64 libgomp1 amd64 14.2.0-4ubuntu2~24.04.1 [148 kB]
#14 17.67 Get:89 http://archive.ubuntu.com/ubuntu noble-updates/main amd64 libitm1 amd64 14.2.0-4ubuntu2~24.04.1 [29.7 kB]
#14 17.69 Get:90 http://archive.ubuntu.com/ubuntu noble-updates/main amd64 libatomic1 amd64 14.2.0-4ubuntu2~24.04.1 [10.5 kB]
#14 17.70 Get:91 http://archive.ubuntu.com/ubuntu noble-updates/main amd64 libasan8 amd64 14.2.0-4ubuntu2~24.04.1 [3027 kB]
#14 17.90 Get:92 http://archive.ubuntu.com/ubuntu noble-updates/main amd64 liblsan0 amd64 14.2.0-4ubuntu2~24.04.1 [1322 kB]
#14 17.94 Get:93 http://archive.ubuntu.com/ubuntu noble-updates/main amd64 libtsan2 amd64 14.2.0-4ubuntu2~24.04.1 [2772 kB]
#14 18.05 Get:94 http://archive.ubuntu.com/ubuntu noble-updates/main amd64 libubsan1 amd64 14.2.0-4ubuntu2~24.04.1 [1184 kB]
#14 18.09 Get:95 http://archive.ubuntu.com/ubuntu noble-updates/main amd64 libhwasan0 amd64 14.2.0-4ubuntu2~24.04.1 [1641 kB]
#14 18.12 Get:96 http://archive.ubuntu.com/ubuntu noble-updates/main amd64 libquadmath0 amd64 14.2.0-4ubuntu2~24.04.1 [153 kB]
#14 18.13 Get:97 http://archive.ubuntu.com/ubuntu noble-updates/main amd64 libgcc-13-dev amd64 13.3.0-6ubuntu2~24.04.1 [2681 kB]
#14 18.31 Get:98 http://archive.ubuntu.com/ubuntu noble-updates/main amd64 gcc-13-x86-64-linux-gnu amd64 13.3.0-6ubuntu2~24.04.1 [21.1 MB]
#14 19.21 Get:99 http://archive.ubuntu.com/ubuntu noble-updates/main amd64 gcc-13 amd64 13.3.0-6ubuntu2~24.04.1 [494 kB]
#14 19.22 Get:100 http://archive.ubuntu.com/ubuntu noble/main amd64 gcc-x86-64-linux-gnu amd64 4:13.2.0-7ubuntu1 [1212 B]
#14 19.22 Get:101 http://archive.ubuntu.com/ubuntu noble/main amd64 gcc amd64 4:13.2.0-7ubuntu1 [5018 B]
#14 19.22 Get:102 http://archive.ubuntu.com/ubuntu noble-updates/main amd64 libstdc++-13-dev amd64 13.3.0-6ubuntu2~24.04.1 [2420 kB]
#14 19.25 Get:103 http://archive.ubuntu.com/ubuntu noble-updates/main amd64 g++-13-x86-64-linux-gnu amd64 13.3.0-6ubuntu2~24.04.1 [12.2 MB]
#14 ...

#13 [ac-client-data-init client-data 1/3] RUN apt-get update &&     apt-get install -y curl unzip adduser &&     rm -rf /var/lib/apt/lists/*
#13 17.53 Setting up libsasl2-modules-db:amd64 (2.1.28+dfsg1-5ubuntu3.1) ...
#13 17.68 Setting up librtmp1:amd64 (2.4+20151223.gitfa8646d.1-2build7) ...
#13 17.77 Setting up libk5crypto3:amd64 (1.20.1-6ubuntu2.8) ...
#13 17.88 Setting up libsasl2-2:amd64 (2.1.28+dfsg1-5ubuntu3.1) ...
#13 18.00 Setting up libkrb5-3:amd64 (1.20.1-6ubuntu2.8) ...
#13 18.11 Setting up publicsuffix (20231001.0357-0.1) ...
#13 18.22 Setting up libldap2:amd64 (2.6.10+dfsg-0ubuntu0.24.04.1) ...
#13 18.32 Setting up libgssapi-krb5-2:amd64 (1.20.1-6ubuntu2.8) ...
#13 18.43 Setting up libssh-4:amd64 (0.10.6-2ubuntu0.5) ...
#13 18.54 Setting up libcurl4t64:amd64 (8.5.0-2ubuntu10.13) ...
#13 18.63 Setting up curl (8.5.0-2ubuntu10.13) ...
#13 18.74 Processing triggers for libc-bin (2.39-0ubuntu8.8) ...
#13 DONE 19.7s

#12 [ac-authserver runtime 1/4] RUN apt-get update     && apt-get install -y --no-install-recommends       libmysqlclient21 libreadline8 libicu74 libncurses5-dev       gettext-base default-mysql-client       adduser     && rm -rf /var/lib/apt/lists/*
#12 10.02 Get:14 http://archive.ubuntu.com/ubuntu noble/main amd64 mysql-common all 5.8+1.1.0build1 [6746 B]
#12 10.03 Get:15 http://archive.ubuntu.com/ubuntu noble-updates/main amd64 mysql-client-8.0 amd64 8.0.46-0ubuntu0.24.04.4 [22.4 kB]
#12 10.05 Get:16 http://archive.ubuntu.com/ubuntu noble/universe amd64 default-mysql-client all 1.1.0build1 [2908 B]
#12 10.06 Get:17 http://archive.ubuntu.com/ubuntu noble-updates/main amd64 libc-dev-bin amd64 2.39-0ubuntu8.8 [20.4 kB]
#12 10.08 Get:18 http://archive.ubuntu.com/ubuntu noble-updates/main amd64 linux-libc-dev amd64 6.8.0-139.139 [1527 kB]
#12 10.17 Get:19 http://archive.ubuntu.com/ubuntu noble/main amd64 libcrypt-dev amd64 1:4.4.36-4build1 [112 kB]
#12 10.19 Get:20 http://archive.ubuntu.com/ubuntu noble/main amd64 rpcsvc-proto amd64 1.4.2-0ubuntu7 [67.4 kB]
#12 10.20 Get:21 http://archive.ubuntu.com/ubuntu noble-updates/main amd64 libc6-dev amd64 2.39-0ubuntu8.8 [2125 kB]
#12 10.33 Get:22 http://archive.ubuntu.com/ubuntu noble-updates/main amd64 libmysqlclient21 amd64 8.0.46-0ubuntu0.24.04.4 [1255 kB]
#12 10.41 Get:23 http://archive.ubuntu.com/ubuntu noble-updates/main amd64 libncurses-dev amd64 6.4+20240113-1ubuntu2.2 [384 kB]
#12 10.89 debconf: delaying package configuration, since apt-utils is not installed
#12 10.95 Fetched 20.2 MB in 2s (13.1 MB/s)
#12 11.02 (Reading database ... 
(Reading database ... 5%
(Reading database ... 10%
(Reading database ... 15%
(Reading database ... 20%
(Reading database ... 25%
(Reading database ... 30%
(Reading database ... 35%
(Reading database ... 40%
(Reading database ... 45%
(Reading database ... 50%
(Reading database ... 55%
(Reading database ... 60%
(Reading database ... 65%
(Reading database ... 70%
(Reading database ... 75%
(Reading database ... 80%
(Reading database ... 85%
(Reading database ... 90%
(Reading database ... 95%
(Reading database ... 100%
(Reading database ... 5366 files and directories currently installed.)
#12 11.03 Preparing to unpack .../ncurses-bin_6.4+20240113-1ubuntu2.2_amd64.deb ...
#12 11.11 Unpacking ncurses-bin (6.4+20240113-1ubuntu2.2) over (6.4+20240113-1ubuntu2.1) ...
#12 11.55 Setting up ncurses-bin (6.4+20240113-1ubuntu2.2) ...
#12 11.77 (Reading database ... 
(Reading database ... 5%
(Reading database ... 10%
(Reading database ... 15%
(Reading database ... 20%
(Reading database ... 25%
(Reading database ... 30%
(Reading database ... 35%
(Reading database ... 40%
(Reading database ... 45%
(Reading database ... 50%
(Reading database ... 55%
(Reading database ... 60%
(Reading database ... 65%
(Reading database ... 70%
(Reading database ... 75%
(Reading database ... 80%
(Reading database ... 85%
(Reading database ... 90%
(Reading database ... 95%
(Reading database ... 100%
(Reading database ... 5366 files and directories currently installed.)
#12 11.78 Preparing to unpack .../ncurses-base_6.4+20240113-1ubuntu2.2_all.deb ...
#12 11.86 Unpacking ncurses-base (6.4+20240113-1ubuntu2.2) over (6.4+20240113-1ubuntu2.1) ...
#12 12.99 Setting up ncurses-base (6.4+20240113-1ubuntu2.2) ...
#12 13.28 (Reading database ... 
(Reading database ... 5%
(Reading database ... 10%
(Reading database ... 15%
(Reading database ... 20%
(Reading database ... 25%
(Reading database ... 30%
(Reading database ... 35%
(Reading database ... 40%
(Reading database ... 45%
(Reading database ... 50%
(Reading database ... 55%
(Reading database ... 60%
(Reading database ... 65%
(Reading database ... 70%
(Reading database ... 75%
(Reading database ... 80%
(Reading database ... 85%
(Reading database ... 90%
(Reading database ... 95%
(Reading database ... 100%
(Reading database ... 5366 files and directories currently installed.)
#12 13.28 Preparing to unpack .../libncursesw6_6.4+20240113-1ubuntu2.2_amd64.deb ...
#12 13.41 Unpacking libncursesw6:amd64 (6.4+20240113-1ubuntu2.2) over (6.4+20240113-1ubuntu2.1) ...
#12 13.75 Preparing to unpack .../libtinfo6_6.4+20240113-1ubuntu2.2_amd64.deb ...
#12 13.85 Unpacking libtinfo6:amd64 (6.4+20240113-1ubuntu2.2) over (6.4+20240113-1ubuntu2.1) ...
#12 14.12 Setting up libtinfo6:amd64 (6.4+20240113-1ubuntu2.2) ...
#12 14.39 Selecting previously unselected package adduser.
#12 14.39 (Reading database ... 
(Reading database ... 5%
(Reading database ... 10%
(Reading database ... 15%
(Reading database ... 20%
(Reading database ... 25%
(Reading database ... 30%
(Reading database ... 35%
(Reading database ... 40%
(Reading database ... 45%
(Reading database ... 50%
(Reading database ... 55%
(Reading database ... 60%
(Reading database ... 65%
(Reading database ... 70%
(Reading database ... 75%
(Reading database ... 80%
(Reading database ... 85%
(Reading database ... 90%
(Reading database ... 95%
(Reading database ... 100%
(Reading database ... 5366 files and directories currently installed.)
#12 14.40 Preparing to unpack .../adduser_3.137ubuntu1_all.deb ...
#12 14.43 Unpacking adduser (3.137ubuntu1) ...
#12 14.62 Setting up adduser (3.137ubuntu1) ...
#12 15.00 Selecting previously unselected package libbsd0:amd64.
#12 15.00 (Reading database ... 
(Reading database ... 5%
(Reading database ... 10%
(Reading database ... 15%
(Reading database ... 20%
(Reading database ... 25%
(Reading database ... 30%
(Reading database ... 35%
(Reading database ... 40%
(Reading database ... 45%
(Reading database ... 50%
(Reading database ... 55%
(Reading database ... 60%
(Reading database ... 65%
(Reading database ... 70%
(Reading database ... 75%
(Reading database ... 80%
(Reading database ... 85%
(Reading database ... 90%
(Reading database ... 95%
(Reading database ... 100%
(Reading database ... 5414 files and directories currently installed.)
#12 15.01 Preparing to unpack .../00-libbsd0_0.12.1-1build1.1_amd64.deb ...
#12 15.04 Unpacking libbsd0:amd64 (0.12.1-1build1.1) ...
#12 15.24 Selecting previously unselected package libicu74:amd64.
#12 15.24 Preparing to unpack .../01-libicu74_74.2-1ubuntu3.1_amd64.deb ...
#12 15.28 Unpacking libicu74:amd64 (74.2-1ubuntu3.1) ...
#12 15.75 Selecting previously unselected package readline-common.
#12 15.76 Preparing to unpack .../02-readline-common_8.2-4build1_all.deb ...
#12 15.80 Unpacking readline-common (8.2-4build1) ...
#12 16.10 Selecting previously unselected package libreadline8t64:amd64.
#12 16.10 Preparing to unpack .../03-libreadline8t64_8.2-4build1_amd64.deb ...
#12 16.14 Adding 'diversion of /lib/x86_64-linux-gnu/libhistory.so.8 to /lib/x86_64-linux-gnu/libhistory.so.8.usr-is-merged by libreadline8t64'
#12 16.18 Adding 'diversion of /lib/x86_64-linux-gnu/libhistory.so.8.2 to /lib/x86_64-linux-gnu/libhistory.so.8.2.usr-is-merged by libreadline8t64'
#12 16.19 Adding 'diversion of /lib/x86_64-linux-gnu/libreadline.so.8 to /lib/x86_64-linux-gnu/libreadline.so.8.usr-is-merged by libreadline8t64'
#12 16.22 Adding 'diversion of /lib/x86_64-linux-gnu/libreadline.so.8.2 to /lib/x86_64-linux-gnu/libreadline.so.8.2.usr-is-merged by libreadline8t64'
#12 16.23 Unpacking libreadline8t64:amd64 (8.2-4build1) ...
#12 16.43 Selecting previously unselected package gettext-base.
#12 16.43 Preparing to unpack .../04-gettext-base_0.21-14ubuntu2_amd64.deb ...
#12 16.45 Unpacking gettext-base (0.21-14ubuntu2) ...
#12 16.69 Selecting previously unselected package libedit2:amd64.
#12 16.69 Preparing to unpack .../05-libedit2_3.1-20230828-1build1_amd64.deb ...
#12 16.72 Unpacking libedit2:amd64 (3.1-20230828-1build1) ...
#12 16.95 Selecting previously unselected package libncurses6:amd64.
#12 16.95 Preparing to unpack .../06-libncurses6_6.4+20240113-1ubuntu2.2_amd64.deb ...
#12 17.00 Unpacking libncurses6:amd64 (6.4+20240113-1ubuntu2.2) ...
#12 17.20 Selecting previously unselected package mysql-client-core-8.0.
#12 17.20 Preparing to unpack .../07-mysql-client-core-8.0_8.0.46-0ubuntu0.24.04.4_amd64.deb ...
#12 17.24 Unpacking mysql-client-core-8.0 (8.0.46-0ubuntu0.24.04.4) ...
#12 17.83 Selecting previously unselected package mysql-common.
#12 17.84 Preparing to unpack .../08-mysql-common_5.8+1.1.0build1_all.deb ...
#12 17.88 Unpacking mysql-common (5.8+1.1.0build1) ...
#12 18.08 Selecting previously unselected package mysql-client-8.0.
#12 18.08 Preparing to unpack .../09-mysql-client-8.0_8.0.46-0ubuntu0.24.04.4_amd64.deb ...
#12 18.12 Unpacking mysql-client-8.0 (8.0.46-0ubuntu0.24.04.4) ...
#12 18.30 Selecting previously unselected package default-mysql-client.
#12 18.30 Preparing to unpack .../10-default-mysql-client_1.1.0build1_all.deb ...
#12 18.35 Unpacking default-mysql-client (1.1.0build1) ...
#12 18.53 Selecting previously unselected package libc-dev-bin.
#12 18.53 Preparing to unpack .../11-libc-dev-bin_2.39-0ubuntu8.8_amd64.deb ...
#12 18.57 Unpacking libc-dev-bin (2.39-0ubuntu8.8) ...
#12 18.74 Selecting previously unselected package linux-libc-dev:amd64.
#12 18.74 Preparing to unpack .../12-linux-libc-dev_6.8.0-139.139_amd64.deb ...
#12 18.77 Unpacking linux-libc-dev:amd64 (6.8.0-139.139) ...
#12 ...

#14 [ac-authserver build 1/8] RUN apt-get update                                                         && apt-get install -y --no-install-recommends                                 build-essential ccache libtool cmake-data ninja-build cmake clang            git lsb-base curl unzip default-mysql-client openssl                          default-libmysqlclient-dev libboost-all-dev libssl-dev libmysql++-dev         libreadline-dev zlib1g-dev libbz2-dev libncurses5-dev liblzma-dev      && rm -rf /var/lib/apt/lists/*
#14 19.75 Get:104 http://archive.ubuntu.com/ubuntu noble-updates/main amd64 g++-13 amd64 13.3.0-6ubuntu2~24.04.1 [16.0 kB]
#14 19.75 Get:105 http://archive.ubuntu.com/ubuntu noble/main amd64 g++-x86-64-linux-gnu amd64 4:13.2.0-7ubuntu1 [964 B]
#14 19.75 Get:106 http://archive.ubuntu.com/ubuntu noble/main amd64 g++ amd64 4:13.2.0-7ubuntu1 [1100 B]
#14 19.75 Get:107 http://archive.ubuntu.com/ubuntu noble/main amd64 make amd64 4.3-4.1build2 [180 kB]
#14 19.76 Get:108 http://archive.ubuntu.com/ubuntu noble-updates/main amd64 libdpkg-perl all 1.22.6ubuntu6.6 [268 kB]
#14 19.76 Get:109 http://archive.ubuntu.com/ubuntu noble-updates/main amd64 bzip2 amd64 1.0.8-5.1ubuntu0.1 [34.6 kB]
#14 19.78 Get:110 http://archive.ubuntu.com/ubuntu noble/main amd64 patch amd64 2.7.6-7build3 [104 kB]
#14 19.79 Get:111 http://archive.ubuntu.com/ubuntu noble/main amd64 lto-disabled-list all 47 [12.4 kB]
#14 19.81 Get:112 http://archive.ubuntu.com/ubuntu noble-updates/main amd64 dpkg-dev all 1.22.6ubuntu6.6 [1074 kB]
#14 19.93 Get:113 http://archive.ubuntu.com/ubuntu noble/main amd64 build-essential amd64 12.10ubuntu1 [4928 B]
#14 19.94 Get:114 http://archive.ubuntu.com/ubuntu noble/universe amd64 libhiredis1.1.0 amd64 1.2.0-6ubuntu3 [41.4 kB]
#14 19.94 Get:115 http://archive.ubuntu.com/ubuntu noble/universe amd64 ccache amd64 4.9.1-1 [592 kB]
#14 19.98 Get:116 http://archive.ubuntu.com/ubuntu noble-updates/main amd64 libllvm18 amd64 1:18.1.3-1ubuntu1 [27.5 MB]
#14 21.01 Get:117 http://archive.ubuntu.com/ubuntu noble-updates/main amd64 libclang-cpp18 amd64 1:18.1.3-1ubuntu1 [13.5 MB]
#14 ...

#15 [ac-client-data-init client-data 2/3] RUN userdel --remove ubuntu   && addgroup --gid "1000" "acore"   && adduser --disabled-password --gecos '' --uid "1000" --gid "1000" "acore"   && passwd -d "acore"   && chown -R "acore:acore" /azerothcore
#15 0.705 userdel: ubuntu mail spool (/var/mail/ubuntu) not found
#15 0.911 info: Adding group `acore' (GID 1000) ...
#15 1.074 info: Adding user `acore' ...
#15 1.077 info: Adding new user `acore' (1000) with group `acore (1000)' ...
#15 1.387 info: Creating home directory `/home/acore' ...
#15 1.392 info: Copying files from `/etc/skel' ...
#15 1.449 info: Adding new user `acore' to supplemental / extra groups `users' ...
#15 1.453 info: Adding user `acore' to group `users' ...
#15 1.621 passwd: password changed.
#15 DONE 1.8s

#14 [ac-authserver build 1/8] RUN apt-get update                                                         && apt-get install -y --no-install-recommends                                 build-essential ccache libtool cmake-data ninja-build cmake clang            git lsb-base curl unzip default-mysql-client openssl                          default-libmysqlclient-dev libboost-all-dev libssl-dev libmysql++-dev         libreadline-dev zlib1g-dev libbz2-dev libncurses5-dev liblzma-dev      && rm -rf /var/lib/apt/lists/*
#14 21.65 Get:118 http://archive.ubuntu.com/ubuntu noble/main amd64 libgc1 amd64 1:8.2.6-1build1 [90.3 kB]
#14 21.66 Get:119 http://archive.ubuntu.com/ubuntu noble-updates/universe amd64 libobjc4 amd64 14.2.0-4ubuntu2~24.04.1 [47.1 kB]
#14 21.66 Get:120 http://archive.ubuntu.com/ubuntu noble-updates/universe amd64 libobjc-13-dev amd64 13.3.0-6ubuntu2~24.04.1 [194 kB]
#14 21.66 Get:121 http://archive.ubuntu.com/ubuntu noble-updates/universe amd64 libclang-common-18-dev amd64 1:18.1.3-1ubuntu1 [736 kB]
#14 21.70 Get:122 http://archive.ubuntu.com/ubuntu noble-updates/universe amd64 llvm-18-linker-tools amd64 1:18.1.3-1ubuntu1 [1314 kB]
#14 21.83 Get:123 http://archive.ubuntu.com/ubuntu noble-updates/main amd64 libclang1-18 amd64 1:18.1.3-1ubuntu1 [7803 kB]
#14 ...

#16 [ac-client-data-init client-data 3/3] COPY --chown=acore:acore apps apps
#16 DONE 0.5s

#14 [ac-authserver build 1/8] RUN apt-get update                                                         && apt-get install -y --no-install-recommends                                 build-essential ccache libtool cmake-data ninja-build cmake clang            git lsb-base curl unzip default-mysql-client openssl                          default-libmysqlclient-dev libboost-all-dev libssl-dev libmysql++-dev         libreadline-dev zlib1g-dev libbz2-dev libncurses5-dev liblzma-dev      && rm -rf /var/lib/apt/lists/*
#14 22.10 Get:124 http://archive.ubuntu.com/ubuntu noble-updates/universe amd64 clang-18 amd64 1:18.1.3-1ubuntu1 [80.0 kB]
#14 22.10 Get:125 http://archive.ubuntu.com/ubuntu noble/universe amd64 clang amd64 1:18.0-59~exp2 [5846 B]
#14 22.11 Get:126 http://archive.ubuntu.com/ubuntu noble-updates/main amd64 libarchive13t64 amd64 3.7.2-2ubuntu0.8 [383 kB]
#14 22.13 Get:127 http://archive.ubuntu.com/ubuntu noble/main amd64 libbrotli1 amd64 1.1.0-2build2 [331 kB]
#14 22.15 Get:128 http://archive.ubuntu.com/ubuntu noble-updates/main amd64 libsasl2-modules-db amd64 2.1.28+dfsg1-5ubuntu3.1 [20.4 kB]
#14 22.17 Get:129 http://archive.ubuntu.com/ubuntu noble-updates/main amd64 libsasl2-2 amd64 2.1.28+dfsg1-5ubuntu3.1 [53.2 kB]
#14 22.19 Get:130 http://archive.ubuntu.com/ubuntu noble-updates/main amd64 libldap2 amd64 2.6.10+dfsg-0ubuntu0.24.04.1 [198 kB]
#14 22.20 Get:131 http://archive.ubuntu.com/ubuntu noble/main amd64 librtmp1 amd64 2.4+20151223.gitfa8646d.1-2build7 [56.3 kB]
#14 22.21 Get:132 http://archive.ubuntu.com/ubuntu noble-updates/main amd64 libssh-4 amd64 0.10.6-2ubuntu0.5 [191 kB]
#14 22.23 Get:133 http://archive.ubuntu.com/ubuntu noble-updates/main amd64 libcurl4t64 amd64 8.5.0-2ubuntu10.13 [343 kB]
#14 22.26 Get:134 http://archive.ubuntu.com/ubuntu noble/main amd64 libjsoncpp25 amd64 1.9.5-6build1 [82.8 kB]
#14 22.28 Get:135 http://archive.ubuntu.com/ubuntu noble/main amd64 librhash0 amd64 1.4.3-3build1 [129 kB]
#14 22.30 Get:136 http://archive.ubuntu.com/ubuntu noble/main amd64 cmake-data all 3.28.3-1build7 [2155 kB]
#14 22.45 Get:137 http://archive.ubuntu.com/ubuntu noble/main amd64 cmake amd64 3.28.3-1build7 [11.2 MB]
#14 22.87 Get:138 http://archive.ubuntu.com/ubuntu noble-updates/main amd64 curl amd64 8.5.0-2ubuntu10.13 [226 kB]
#14 22.87 Get:139 http://archive.ubuntu.com/ubuntu noble/main amd64 mysql-common all 5.8+1.1.0build1 [6746 B]
#14 22.89 Get:140 http://archive.ubuntu.com/ubuntu noble-updates/main amd64 libmysqlclient21 amd64 8.0.46-0ubuntu0.24.04.4 [1255 kB]
#14 22.94 Get:141 http://archive.ubuntu.com/ubuntu noble-updates/main amd64 libssl-dev amd64 3.0.13-0ubuntu3.15 [2408 kB]
#14 23.05 Get:142 http://archive.ubuntu.com/ubuntu noble-updates/main amd64 libzstd-dev amd64 1.5.5+dfsg2-2build1.1 [364 kB]
#14 23.07 Get:143 http://archive.ubuntu.com/ubuntu noble-updates/main amd64 zlib1g-dev amd64 1:1.3.dfsg-3.1ubuntu2.2 [894 kB]
#14 23.10 Get:144 http://archive.ubuntu.com/ubuntu noble-updates/main amd64 libmysqlclient-dev amd64 8.0.46-0ubuntu0.24.04.4 [1591 kB]
#14 23.17 Get:145 http://archive.ubuntu.com/ubuntu noble/main amd64 default-libmysqlclient-dev amd64 1.1.0build1 [3132 B]
#14 23.17 Get:146 http://archive.ubuntu.com/ubuntu noble-updates/main amd64 mysql-client-core-8.0 amd64 8.0.46-0ubuntu0.24.04.4 [2740 kB]
#14 23.34 Get:147 http://archive.ubuntu.com/ubuntu noble-updates/main amd64 mysql-client-8.0 amd64 8.0.46-0ubuntu0.24.04.4 [22.4 kB]
#14 23.35 Get:148 http://archive.ubuntu.com/ubuntu noble/universe amd64 default-mysql-client all 1.1.0build1 [2908 B]
#14 23.35 Get:149 http://archive.ubuntu.com/ubuntu noble-updates/main amd64 libgfortran5 amd64 14.2.0-4ubuntu2~24.04.1 [916 kB]
#14 23.37 Get:150 http://archive.ubuntu.com/ubuntu noble-updates/main amd64 libgfortran-13-dev amd64 13.3.0-6ubuntu2~24.04.1 [928 kB]
#14 23.41 Get:151 http://archive.ubuntu.com/ubuntu noble-updates/main amd64 gfortran-13-x86-64-linux-gnu amd64 13.3.0-6ubuntu2~24.04.1 [11.4 MB]
#14 23.85 Get:152 http://archive.ubuntu.com/ubuntu noble-updates/main amd64 gfortran-13 amd64 13.3.0-6ubuntu2~24.04.1 [13.9 kB]
#14 23.86 Get:153 http://archive.ubuntu.com/ubuntu noble-updates/main amd64 libcurl3t64-gnutls amd64 8.5.0-2ubuntu10.13 [335 kB]
#14 23.88 Get:154 http://archive.ubuntu.com/ubuntu noble/main amd64 liberror-perl all 0.17029-2 [25.6 kB]
#14 23.89 Get:155 http://archive.ubuntu.com/ubuntu noble-updates/main amd64 git-man all 1:2.43.0-1ubuntu7.3 [1100 kB]
#14 23.94 Get:156 http://archive.ubuntu.com/ubuntu noble-updates/main amd64 git amd64 1:2.43.0-1ubuntu7.3 [3680 kB]
#14 24.15 Get:157 http://archive.ubuntu.com/ubuntu noble-updates/main amd64 icu-devtools amd64 74.2-1ubuntu3.1 [212 kB]
#14 24.16 Get:158 http://archive.ubuntu.com/ubuntu noble/main amd64 libllvm17t64 amd64 1:17.0.6-9ubuntu1 [26.2 MB]
#14 ...

#12 [ac-db-import runtime 1/4] RUN apt-get update     && apt-get install -y --no-install-recommends       libmysqlclient21 libreadline8 libicu74 libncurses5-dev       gettext-base default-mysql-client       adduser     && rm -rf /var/lib/apt/lists/*
#12 19.90 Selecting previously unselected package libcrypt-dev:amd64.
#12 19.90 Preparing to unpack .../13-libcrypt-dev_1%3a4.4.36-4build1_amd64.deb ...
#12 19.95 Unpacking libcrypt-dev:amd64 (1:4.4.36-4build1) ...
#12 20.11 Selecting previously unselected package rpcsvc-proto.
#12 20.11 Preparing to unpack .../14-rpcsvc-proto_1.4.2-0ubuntu7_amd64.deb ...
#12 20.13 Unpacking rpcsvc-proto (1.4.2-0ubuntu7) ...
#12 20.27 Selecting previously unselected package libc6-dev:amd64.
#12 20.27 Preparing to unpack .../15-libc6-dev_2.39-0ubuntu8.8_amd64.deb ...
#12 20.31 Unpacking libc6-dev:amd64 (2.39-0ubuntu8.8) ...
#12 20.72 Selecting previously unselected package libmysqlclient21:amd64.
#12 20.73 Preparing to unpack .../16-libmysqlclient21_8.0.46-0ubuntu0.24.04.4_amd64.deb ...
#12 20.75 Unpacking libmysqlclient21:amd64 (8.0.46-0ubuntu0.24.04.4) ...
#12 20.96 Selecting previously unselected package libncurses-dev:amd64.
#12 20.96 Preparing to unpack .../17-libncurses-dev_6.4+20240113-1ubuntu2.2_amd64.deb ...
#12 21.00 Unpacking libncurses-dev:amd64 (6.4+20240113-1ubuntu2.2) ...
#12 21.25 Setting up mysql-common (5.8+1.1.0build1) ...
#12 21.59 update-alternatives: using /etc/mysql/my.cnf.fallback to provide /etc/mysql/my.cnf (my.cnf) in auto mode
#12 21.66 Setting up libmysqlclient21:amd64 (8.0.46-0ubuntu0.24.04.4) ...
#12 21.80 Setting up linux-libc-dev:amd64 (6.8.0-139.139) ...
#12 21.92 Setting up gettext-base (0.21-14ubuntu2) ...
#12 22.06 Setting up rpcsvc-proto (1.4.2-0ubuntu7) ...
#12 22.19 Setting up libncurses6:amd64 (6.4+20240113-1ubuntu2.2) ...
#12 22.33 Setting up libncursesw6:amd64 (6.4+20240113-1ubuntu2.2) ...
#12 22.44 Setting up libicu74:amd64 (74.2-1ubuntu3.1) ...
#12 22.55 Setting up libcrypt-dev:amd64 (1:4.4.36-4build1) ...
#12 22.66 Setting up libc-dev-bin (2.39-0ubuntu8.8) ...
#12 22.81 Setting up libbsd0:amd64 (0.12.1-1build1.1) ...
#12 22.98 Setting up readline-common (8.2-4build1) ...
#12 23.08 Setting up libedit2:amd64 (3.1-20230828-1build1) ...
#12 23.20 Setting up libreadline8t64:amd64 (8.2-4build1) ...
#12 23.31 Setting up libc6-dev:amd64 (2.39-0ubuntu8.8) ...
#12 23.45 Setting up mysql-client-core-8.0 (8.0.46-0ubuntu0.24.04.4) ...
#12 23.56 Setting up libncurses-dev:amd64 (6.4+20240113-1ubuntu2.2) ...
#12 23.70 Setting up mysql-client-8.0 (8.0.46-0ubuntu0.24.04.4) ...
#12 23.84 Setting up default-mysql-client (1.1.0build1) ...
#12 24.05 Processing triggers for libc-bin (2.39-0ubuntu8.8) ...
#12 DONE 24.4s

#17 [ac-client-data-init] exporting to image
#17 exporting layers 2.4s done
#17 exporting manifest sha256:975c3d03e49970aef1190ec178ae616498cbc31fa85ba4f44a9d40acf817faa2 0.1s done
#17 exporting config sha256:8288f9fd7ccf161311a180b11463e03185f5e516dc2bc93af6d71ba34c77686b 0.1s done
#17 exporting attestation manifest sha256:6545fc547fd1d4599199753f32212bd2f8d038c0ea3d1c1bb64ebfb115e61fbb 0.1s done
#17 exporting manifest list sha256:32e25884bf6b2dbeb6b1586781f35cca16ec06160369ad768b2dd81de0bdb37a
#17 exporting manifest list sha256:32e25884bf6b2dbeb6b1586781f35cca16ec06160369ad768b2dd81de0bdb37a 0.1s done
#17 naming to yulon.local/ac-wotlk-client-data:native-243c46e3 done
#17 unpacking to yulon.local/ac-wotlk-client-data:native-243c46e3
#17 unpacking to yulon.local/ac-wotlk-client-data:native-243c46e3 1.0s done
#17 DONE 3.9s

#14 [ac-authserver build 1/8] RUN apt-get update                                                         && apt-get install -y --no-install-recommends                                 build-essential ccache libtool cmake-data ninja-build cmake clang            git lsb-base curl unzip default-mysql-client openssl                          default-libmysqlclient-dev libboost-all-dev libssl-dev libmysql++-dev         libreadline-dev zlib1g-dev libbz2-dev libncurses5-dev liblzma-dev      && rm -rf /var/lib/apt/lists/*
#14 25.41 Get:159 http://archive.ubuntu.com/ubuntu noble/universe amd64 libamd-comgr2 amd64 6.0+git20231212.4510c28+dfsg-3build2 [14.4 MB]
#14 25.98 Get:160 http://archive.ubuntu.com/ubuntu noble-updates/main amd64 libdrm-amdgpu1 amd64 2.4.125-1ubuntu0.1~24.04.2 [21.4 kB]
#14 25.98 Get:161 http://archive.ubuntu.com/ubuntu noble/universe amd64 libhsakmt1 amd64 5.7.0-1build1 [62.9 kB]
#14 25.98 Get:162 http://archive.ubuntu.com/ubuntu noble/universe amd64 libhsa-runtime64-1 amd64 5.7.1-2build1 [491 kB]
#14 26.00 Get:163 http://archive.ubuntu.com/ubuntu noble/universe amd64 libamdhip64-5 amd64 5.7.1-3 [9621 kB]
#14 ...

#18 [ac-client-data-init] resolving provenance for metadata file
#18 DONE 0.0s

#14 [ac-authserver build 1/8] RUN apt-get update                                                         && apt-get install -y --no-install-recommends                                 build-essential ccache libtool cmake-data ninja-build cmake clang            git lsb-base curl unzip default-mysql-client openssl                          default-libmysqlclient-dev libboost-all-dev libssl-dev libmysql++-dev         libreadline-dev zlib1g-dev libbz2-dev libncurses5-dev liblzma-dev      && rm -rf /var/lib/apt/lists/*
#14 26.53 Get:164 http://archive.ubuntu.com/ubuntu noble-updates/main amd64 libboost1.83-dev amd64 1.83.0-2.1ubuntu3.2 [10.7 MB]
#14 26.94 Get:165 http://archive.ubuntu.com/ubuntu noble/main amd64 libboost-dev amd64 1.83.0.1ubuntu2 [4308 B]
#14 26.94 Get:166 http://archive.ubuntu.com/ubuntu noble-updates/main amd64 libboost1.83-tools-dev amd64 1.83.0-2.1ubuntu3.2 [1402 kB]
#14 26.97 Get:167 http://archive.ubuntu.com/ubuntu noble/universe amd64 libboost-tools-dev amd64 1.83.0.1ubuntu2 [4238 B]
#14 26.97 Get:168 http://archive.ubuntu.com/ubuntu noble-updates/main amd64 libboost-atomic1.83.0 amd64 1.83.0-2.1ubuntu3.2 [240 kB]
#14 26.99 Get:169 http://archive.ubuntu.com/ubuntu noble-updates/main amd64 libboost-atomic1.83-dev amd64 1.83.0-2.1ubuntu3.2 [235 kB]
#14 27.00 Get:170 http://archive.ubuntu.com/ubuntu noble/universe amd64 libboost-atomic-dev amd64 1.83.0.1ubuntu2 [4360 B]
#14 27.01 Get:171 http://archive.ubuntu.com/ubuntu noble-updates/main amd64 libboost-chrono1.83.0t64 amd64 1.83.0-2.1ubuntu3.2 [245 kB]
#14 27.03 Get:172 http://archive.ubuntu.com/ubuntu noble-updates/main amd64 libboost-chrono1.83-dev amd64 1.83.0-2.1ubuntu3.2 [246 kB]
#14 27.04 Get:173 http://archive.ubuntu.com/ubuntu noble/universe amd64 libboost-chrono-dev amd64 1.83.0.1ubuntu2 [4672 B]
#14 27.05 Get:174 http://archive.ubuntu.com/ubuntu noble-updates/universe amd64 libboost-container1.83.0 amd64 1.83.0-2.1ubuntu3.2 [261 kB]
#14 27.06 Get:175 http://archive.ubuntu.com/ubuntu noble-updates/universe amd64 libboost-container1.83-dev amd64 1.83.0-2.1ubuntu3.2 [267 kB]
#14 27.09 Get:176 http://archive.ubuntu.com/ubuntu noble/universe amd64 libboost-container-dev amd64 1.83.0.1ubuntu2 [4530 B]
#14 27.10 Get:177 http://archive.ubuntu.com/ubuntu noble-updates/main amd64 libboost-date-time1.83.0 amd64 1.83.0-2.1ubuntu3.2 [236 kB]
#14 27.11 Get:178 http://archive.ubuntu.com/ubuntu noble-updates/main amd64 libboost-serialization1.83.0 amd64 1.83.0-2.1ubuntu3.2 [341 kB]
#14 27.13 Get:179 http://archive.ubuntu.com/ubuntu noble-updates/main amd64 libboost-serialization1.83-dev amd64 1.83.0-2.1ubuntu3.2 [387 kB]
#14 27.15 Get:180 http://archive.ubuntu.com/ubuntu noble-updates/main amd64 libboost-date-time1.83-dev amd64 1.83.0-2.1ubuntu3.2 [239 kB]
#14 27.16 Get:181 http://archive.ubuntu.com/ubuntu noble-updates/main amd64 libboost-system1.83.0 amd64 1.83.0-2.1ubuntu3.2 [236 kB]
#14 27.18 Get:182 http://archive.ubuntu.com/ubuntu noble-updates/main amd64 libboost-system1.83-dev amd64 1.83.0-2.1ubuntu3.2 [231 kB]
#14 27.20 Get:183 http://archive.ubuntu.com/ubuntu noble-updates/main amd64 libboost-thread1.83.0 amd64 1.83.0-2.1ubuntu3.2 [276 kB]
#14 27.21 Get:184 http://archive.ubuntu.com/ubuntu noble-updates/main amd64 libboost-thread1.83-dev amd64 1.83.0-2.1ubuntu3.2 [282 kB]
#14 27.29 Get:185 http://archive.ubuntu.com/ubuntu noble-updates/main amd64 libboost-context1.83.0 amd64 1.83.0-2.1ubuntu3.2 [237 kB]
#14 27.30 Get:186 http://archive.ubuntu.com/ubuntu noble-updates/universe amd64 libboost-context1.83-dev amd64 1.83.0-2.1ubuntu3.2 [232 kB]
#14 27.30 Get:187 http://archive.ubuntu.com/ubuntu noble/universe amd64 libboost-context-dev amd64 1.83.0.1ubuntu2 [4276 B]
#14 27.30 Get:188 http://archive.ubuntu.com/ubuntu noble-updates/universe amd64 libboost-coroutine1.83.0 amd64 1.83.0-2.1ubuntu3.2 [234 kB]
#14 27.31 Get:189 http://archive.ubuntu.com/ubuntu noble-updates/universe amd64 libboost-coroutine1.83-dev amd64 1.83.0-2.1ubuntu3.2 [237 kB]
#14 27.33 Get:190 http://archive.ubuntu.com/ubuntu noble/universe amd64 libboost-coroutine-dev amd64 1.83.0.1ubuntu2 [4344 B]
#14 27.35 Get:191 http://archive.ubuntu.com/ubuntu noble/universe amd64 libboost-date-time-dev amd64 1.83.0.1ubuntu2 [4058 B]
#14 27.37 Get:192 http://archive.ubuntu.com/ubuntu noble-updates/universe amd64 libboost-exception1.83-dev amd64 1.83.0-2.1ubuntu3.2 [229 kB]
#14 27.40 Get:193 http://archive.ubuntu.com/ubuntu noble/universe amd64 libboost-exception-dev amd64 1.83.0.1ubuntu2 [4058 B]
#14 27.41 Get:194 http://archive.ubuntu.com/ubuntu noble-updates/main amd64 libboost-filesystem1.83.0 amd64 1.83.0-2.1ubuntu3.2 [284 kB]
#14 27.44 Get:195 http://archive.ubuntu.com/ubuntu noble-updates/universe amd64 libboost-filesystem1.83-dev amd64 1.83.0-2.1ubuntu3.2 [301 kB]
#14 27.47 Get:196 http://archive.ubuntu.com/ubuntu noble-updates/universe amd64 libboost-fiber1.83.0 amd64 1.83.0-2.1ubuntu3.2 [255 kB]
#14 27.50 Get:197 http://archive.ubuntu.com/ubuntu noble-updates/universe amd64 libboost-fiber1.83-dev amd64 1.83.0-2.1ubuntu3.2 [268 kB]
#14 27.53 Get:198 http://archive.ubuntu.com/ubuntu noble/universe amd64 libboost-fiber-dev amd64 1.83.0.1ubuntu2 [4486 B]
#14 27.54 Get:199 http://archive.ubuntu.com/ubuntu noble/universe amd64 libboost-filesystem-dev amd64 1.83.0.1ubuntu2 [4096 B]
#14 27.56 Get:200 http://archive.ubuntu.com/ubuntu noble-updates/universe amd64 libboost-graph1.83.0 amd64 1.83.0-2.1ubuntu3.2 [361 kB]
#14 27.59 Get:201 http://archive.ubuntu.com/ubuntu noble-updates/main amd64 libboost-regex1.83.0 amd64 1.83.0-2.1ubuntu3.2 [340 kB]
#14 27.62 Get:202 http://archive.ubuntu.com/ubuntu noble-updates/main amd64 libicu-dev amd64 74.2-1ubuntu3.1 [11.9 MB]
#14 28.36 Get:203 http://archive.ubuntu.com/ubuntu noble-updates/main amd64 libboost-regex1.83-dev amd64 1.83.0-2.1ubuntu3.2 [355 kB]
#14 28.39 Get:204 http://archive.ubuntu.com/ubuntu noble-updates/universe amd64 libboost-test1.83.0 amd64 1.83.0-2.1ubuntu3.2 [454 kB]
#14 28.41 Get:205 http://archive.ubuntu.com/ubuntu noble-updates/universe amd64 libboost-test1.83-dev amd64 1.83.0-2.1ubuntu3.2 [566 kB]
#14 28.45 Get:206 http://archive.ubuntu.com/ubuntu noble-updates/universe amd64 libboost-graph1.83-dev amd64 1.83.0-2.1ubuntu3.2 [399 kB]
#14 28.47 Get:207 http://archive.ubuntu.com/ubuntu noble/universe amd64 libboost-graph-dev amd64 1.83.0.1ubuntu2 [4160 B]
#14 28.49 Get:208 http://archive.ubuntu.com/ubuntu noble-updates/main amd64 libevent-core-2.1-7t64 amd64 2.1.12-stable-9ubuntu2.1 [91.8 kB]
#14 28.50 Get:209 http://archive.ubuntu.com/ubuntu noble-updates/main amd64 libevent-pthreads-2.1-7t64 amd64 2.1.12-stable-9ubuntu2.1 [7984 B]
#14 28.51 Get:210 http://archive.ubuntu.com/ubuntu noble/universe amd64 libpsm-infinipath1 amd64 3.3+20.604758e7-6.3build1 [178 kB]
#14 28.53 Get:211 http://archive.ubuntu.com/ubuntu noble/universe amd64 libpsm2-2 amd64 11.2.185-2build1 [194 kB]
#14 28.55 Get:212 http://archive.ubuntu.com/ubuntu noble-updates/main amd64 librdmacm1t64 amd64 50.0-2ubuntu0.2 [70.7 kB]
#14 28.57 Get:213 http://archive.ubuntu.com/ubuntu noble/universe amd64 libfabric1 amd64 1.17.0-3build2 [657 kB]
#14 28.60 Get:214 http://archive.ubuntu.com/ubuntu noble/universe amd64 libhwloc15 amd64 2.10.0-1build1 [172 kB]
#14 28.61 Get:215 http://archive.ubuntu.com/ubuntu noble-updates/universe amd64 libmunge2 amd64 0.5.15-4ubuntu0.1 [14.8 kB]
#14 28.62 Get:216 http://archive.ubuntu.com/ubuntu noble-updates/main amd64 libpciaccess0 amd64 0.17-3ubuntu0.24.04.2 [18.9 kB]
#14 28.64 Get:217 http://archive.ubuntu.com/ubuntu noble-updates/main amd64 libxnvctrl0 amd64 510.47.03-0ubuntu4.24.04.1 [12.7 kB]
#14 28.65 Get:218 http://archive.ubuntu.com/ubuntu noble/universe amd64 ocl-icd-libopencl1 amd64 2.3.2-1build1 [38.5 kB]
#14 28.67 Get:219 http://archive.ubuntu.com/ubuntu noble/universe amd64 libhwloc-plugins amd64 2.10.0-1build1 [15.7 kB]
#14 28.69 Get:220 http://archive.ubuntu.com/ubuntu noble/universe amd64 libpmix2t64 amd64 5.0.1-4.1build1 [697 kB]
#14 28.72 Get:221 http://archive.ubuntu.com/ubuntu noble/universe amd64 libucx0 amd64 1.16.0+ds-5ubuntu1 [1140 kB]
#14 28.79 Get:222 http://archive.ubuntu.com/ubuntu noble/universe amd64 libopenmpi3t64 amd64 4.1.6-7ubuntu2 [2563 kB]
#14 28.91 Get:223 http://archive.ubuntu.com/ubuntu noble-updates/universe amd64 libboost-mpi1.83.0 amd64 1.83.0-2.1ubuntu3.2 [271 kB]
#14 28.93 Get:224 http://archive.ubuntu.com/ubuntu noble-updates/universe amd64 libboost-graph-parallel1.83.0 amd64 1.83.0-2.1ubuntu3.2 [278 kB]
#14 28.95 Get:225 http://archive.ubuntu.com/ubuntu noble-updates/universe amd64 libboost-graph-parallel1.83-dev amd64 1.83.0-2.1ubuntu3.2 [288 kB]
#14 28.96 Get:226 http://archive.ubuntu.com/ubuntu noble/universe amd64 libboost-graph-parallel-dev amd64 1.83.0.1ubuntu2 [4192 B]
#14 28.97 Get:227 http://archive.ubuntu.com/ubuntu noble-updates/main amd64 libboost-iostreams1.83.0 amd64 1.83.0-2.1ubuntu3.2 [260 kB]
#14 28.99 Get:228 http://archive.ubuntu.com/ubuntu noble-updates/universe amd64 libboost-iostreams1.83-dev amd64 1.83.0-2.1ubuntu3.2 [264 kB]
#14 29.00 Get:229 http://archive.ubuntu.com/ubuntu noble/universe amd64 libboost-iostreams-dev amd64 1.83.0.1ubuntu2 [4046 B]
#14 29.02 Get:230 http://archive.ubuntu.com/ubuntu noble-updates/universe amd64 libboost-json1.83.0 amd64 1.83.0-2.1ubuntu3.2 [365 kB]
#14 29.04 Get:231 http://archive.ubuntu.com/ubuntu noble-updates/universe amd64 libboost-json1.83-dev amd64 1.83.0-2.1ubuntu3.2 [380 kB]
#14 29.05 Get:232 http://archive.ubuntu.com/ubuntu noble/universe amd64 libboost-json-dev amd64 1.83.0.1ubuntu2 [4172 B]
#14 29.07 Get:233 http://archive.ubuntu.com/ubuntu noble-updates/main amd64 libboost-locale1.83.0 amd64 1.83.0-2.1ubuntu3.2 [413 kB]
#14 29.11 Get:234 http://archive.ubuntu.com/ubuntu noble-updates/universe amd64 libboost-locale1.83-dev amd64 1.83.0-2.1ubuntu3.2 [582 kB]
#14 29.14 Get:235 http://archive.ubuntu.com/ubuntu noble/universe amd64 libboost-locale-dev amd64 1.83.0.1ubuntu2 [4378 B]
#14 29.17 Get:236 http://archive.ubuntu.com/ubuntu noble-updates/universe amd64 libboost-log1.83.0 amd64 1.83.0-2.1ubuntu3.2 [679 kB]
#14 29.21 Get:237 http://archive.ubuntu.com/ubuntu noble-updates/universe amd64 libboost-log1.83-dev amd64 1.83.0-2.1ubuntu3.2 [937 kB]
#14 29.25 Get:238 http://archive.ubuntu.com/ubuntu noble/universe amd64 libboost-log-dev amd64 1.83.0.1ubuntu2 [4260 B]
#14 29.27 Get:239 http://archive.ubuntu.com/ubuntu noble-updates/universe amd64 libboost-math1.83.0 amd64 1.83.0-2.1ubuntu3.2 [440 kB]
#14 29.29 Get:240 http://archive.ubuntu.com/ubuntu noble-updates/universe amd64 libboost-math1.83-dev amd64 1.83.0-2.1ubuntu3.2 [586 kB]
#14 29.33 Get:241 http://archive.ubuntu.com/ubuntu noble/universe amd64 libboost-math-dev amd64 1.83.0.1ubuntu2 [4264 B]
#14 29.34 Get:242 http://archive.ubuntu.com/ubuntu noble/universe amd64 openmpi-common all 4.1.6-7ubuntu2 [170 kB]
#14 29.36 Get:243 http://archive.ubuntu.com/ubuntu noble-updates/main amd64 libnl-3-dev amd64 3.7.0-0.3build1.1 [99.5 kB]
#14 29.37 Get:244 http://archive.ubuntu.com/ubuntu noble-updates/main amd64 libnl-route-3-dev amd64 3.7.0-0.3build1.1 [216 kB]
#14 29.38 Get:245 http://archive.ubuntu.com/ubuntu noble-updates/main amd64 libibverbs-dev amd64 50.0-2ubuntu0.2 [686 kB]
#14 29.42 Get:246 http://archive.ubuntu.com/ubuntu noble-updates/main amd64 libnuma-dev amd64 2.0.18-1ubuntu0.24.04.1 [37.0 kB]
#14 29.43 Get:247 http://archive.ubuntu.com/ubuntu noble/main amd64 libltdl7 amd64 2.4.7-7build1 [40.3 kB]
#14 29.45 Get:248 http://archive.ubuntu.com/ubuntu noble/main amd64 libltdl-dev amd64 2.4.7-7build1 [168 kB]
#14 29.46 Get:249 http://archive.ubuntu.com/ubuntu noble/universe amd64 libhwloc-dev amd64 2.10.0-1build1 [268 kB]
#14 29.48 Get:250 http://archive.ubuntu.com/ubuntu noble-updates/main amd64 libevent-2.1-7t64 amd64 2.1.12-stable-9ubuntu2.1 [146 kB]
#14 29.49 Get:251 http://archive.ubuntu.com/ubuntu noble-updates/main amd64 libevent-extra-2.1-7t64 amd64 2.1.12-stable-9ubuntu2.1 [64.6 kB]
#14 29.50 Get:252 http://archive.ubuntu.com/ubuntu noble-updates/main amd64 libevent-openssl-2.1-7t64 amd64 2.1.12-stable-9ubuntu2.1 [15.7 kB]
#14 29.51 Get:253 http://archive.ubuntu.com/ubuntu noble-updates/main amd64 libevent-dev amd64 2.1.12-stable-9ubuntu2.1 [274 kB]
#14 29.53 Get:254 http://archive.ubuntu.com/ubuntu noble/universe amd64 libpmix-dev amd64 5.0.1-4.1build1 [4018 kB]
#14 29.76 Get:255 http://archive.ubuntu.com/ubuntu noble/main amd64 libjs-jquery all 3.6.1+dfsg+~3.5.14-1 [328 kB]
#14 29.77 Get:256 http://archive.ubuntu.com/ubuntu noble/universe amd64 libjs-jquery-ui all 1.13.2+dfsg-1 [252 kB]
#14 29.77 Get:257 http://archive.ubuntu.com/ubuntu noble/universe amd64 openmpi-bin amd64 4.1.6-7ubuntu2 [114 kB]
#14 29.77 Get:258 http://archive.ubuntu.com/ubuntu noble/universe amd64 libopenmpi-dev amd64 4.1.6-7ubuntu2 [864 kB]
#14 29.81 Get:259 http://archive.ubuntu.com/ubuntu noble/universe amd64 mpi-default-dev amd64 1.15build1 [3154 B]
#14 29.82 Get:260 http://archive.ubuntu.com/ubuntu noble-updates/universe amd64 libboost-mpi1.83-dev amd64 1.83.0-2.1ubuntu3.2 [296 kB]
#14 29.84 Get:261 http://archive.ubuntu.com/ubuntu noble/universe amd64 libboost-mpi-dev amd64 1.83.0.1ubuntu2 [4144 B]
#14 29.85 Get:262 http://archive.ubuntu.com/ubuntu noble-updates/main amd64 libboost-python1.83.0 amd64 1.83.0-2.1ubuntu3.2 [312 kB]
#14 29.87 Get:263 http://archive.ubuntu.com/ubuntu noble/universe amd64 mpi-default-bin amd64 1.15build1 [2376 B]
#14 29.89 Get:264 http://archive.ubuntu.com/ubuntu noble-updates/universe amd64 libboost-mpi-python1.83.0 amd64 1.83.0-2.1ubuntu3.2 [362 kB]
#14 29.91 Get:265 http://archive.ubuntu.com/ubuntu noble-updates/universe amd64 libboost-mpi-python1.83-dev amd64 1.83.0-2.1ubuntu3.2 [237 kB]
#14 29.92 Get:266 http://archive.ubuntu.com/ubuntu noble/universe amd64 libboost-mpi-python-dev amd64 1.83.0.1ubuntu2 [4196 B]
#14 29.94 Get:267 http://archive.ubuntu.com/ubuntu noble-updates/universe amd64 libboost-numpy1.83.0 amd64 1.83.0-2.1ubuntu3.2 [242 kB]
#14 29.95 Get:268 http://archive.ubuntu.com/ubuntu noble-updates/universe amd64 libboost-numpy1.83-dev amd64 1.83.0-2.1ubuntu3.2 [247 kB]
#14 29.96 Get:269 http://archive.ubuntu.com/ubuntu noble/universe amd64 libboost-numpy-dev amd64 1.83.0.1ubuntu2 [4100 B]
#14 29.98 Get:270 http://archive.ubuntu.com/ubuntu noble-updates/main amd64 libboost-program-options1.83.0 amd64 1.83.0-2.1ubuntu3.2 [321 kB]
#14 29.99 Get:271 http://archive.ubuntu.com/ubuntu noble-updates/main amd64 libboost-program-options1.83-dev amd64 1.83.0-2.1ubuntu3.2 [388 kB]
#14 30.01 Get:272 http://archive.ubuntu.com/ubuntu noble/main amd64 libboost-program-options-dev amd64 1.83.0.1ubuntu2 [4086 B]
#14 30.02 Get:273 http://archive.ubuntu.com/ubuntu noble-updates/main amd64 libpython3.12t64 amd64 3.12.3-1ubuntu0.16 [2339 kB]
#14 30.13 Get:274 http://archive.ubuntu.com/ubuntu noble-updates/main amd64 libexpat1-dev amd64 2.6.1-2ubuntu0.4 [140 kB]
#14 30.14 Get:275 http://archive.ubuntu.com/ubuntu noble-updates/main amd64 libpython3.12-dev amd64 3.12.3-1ubuntu0.16 [5683 kB]
#14 30.42 Get:276 http://archive.ubuntu.com/ubuntu noble-updates/main amd64 libpython3-dev amd64 3.12.3-0ubuntu2.1 [10.3 kB]
#14 30.43 Get:277 http://archive.ubuntu.com/ubuntu noble-updates/main amd64 python3.12-dev amd64 3.12.3-1ubuntu0.16 [498 kB]
#14 30.44 Get:278 http://archive.ubuntu.com/ubuntu noble/main amd64 libjs-underscore all 1.13.4~dfsg+~1.11.4-3 [118 kB]
#14 30.44 Get:279 http://archive.ubuntu.com/ubuntu noble/main amd64 libjs-sphinxdoc all 7.2.6-6 [149 kB]
#14 30.45 Get:280 http://archive.ubuntu.com/ubuntu noble-updates/main amd64 python3-dev amd64 3.12.3-0ubuntu2.1 [26.7 kB]
#14 30.45 Get:281 http://archive.ubuntu.com/ubuntu noble-updates/universe amd64 libboost-python1.83-dev amd64 1.83.0-2.1ubuntu3.2 [337 kB]
#14 30.46 Get:282 http://archive.ubuntu.com/ubuntu noble/universe amd64 libboost-python-dev amd64 1.83.0.1ubuntu2 [4344 B]
#14 30.47 Get:283 http://archive.ubuntu.com/ubuntu noble-updates/universe amd64 libboost-random1.83.0 amd64 1.83.0-2.1ubuntu3.2 [242 kB]
#14 30.49 Get:284 http://archive.ubuntu.com/ubuntu noble-updates/universe amd64 libboost-random1.83-dev amd64 1.83.0-2.1ubuntu3.2 [241 kB]
#14 30.50 Get:285 http://archive.ubuntu.com/ubuntu noble/universe amd64 libboost-random-dev amd64 1.83.0.1ubuntu2 [4062 B]
#14 30.52 Get:286 http://archive.ubuntu.com/ubuntu noble/main amd64 libboost-regex-dev amd64 1.83.0.1ubuntu2 [4324 B]
#14 30.53 Get:287 http://archive.ubuntu.com/ubuntu noble/universe amd64 libboost-serialization-dev amd64 1.83.0.1ubuntu2 [4280 B]
#14 30.54 Get:288 http://archive.ubuntu.com/ubuntu noble-updates/universe amd64 libboost-stacktrace1.83.0 amd64 1.83.0-2.1ubuntu3.2 [290 kB]
#14 30.56 Get:289 http://archive.ubuntu.com/ubuntu noble-updates/universe amd64 libboost-stacktrace1.83-dev amd64 1.83.0-2.1ubuntu3.2 [247 kB]
#14 30.58 Get:290 http://archive.ubuntu.com/ubuntu noble/universe amd64 libboost-stacktrace-dev amd64 1.83.0.1ubuntu2 [4068 B]
#14 30.59 Get:291 http://archive.ubuntu.com/ubuntu noble/universe amd64 libboost-system-dev amd64 1.83.0.1ubuntu2 [4206 B]
#14 30.60 Get:292 http://archive.ubuntu.com/ubuntu noble/universe amd64 libboost-test-dev amd64 1.83.0.1ubuntu2 [4090 B]
#14 30.62 Get:293 http://archive.ubuntu.com/ubuntu noble/main amd64 libboost-thread-dev amd64 1.83.0.1ubuntu2 [4088 B]
#14 30.63 Get:294 http://archive.ubuntu.com/ubuntu noble-updates/universe amd64 libboost-timer1.83.0 amd64 1.83.0-2.1ubuntu3.2 [241 kB]
#14 30.65 Get:295 http://archive.ubuntu.com/ubuntu noble-updates/universe amd64 libboost-timer1.83-dev amd64 1.83.0-2.1ubuntu3.2 [237 kB]
#14 30.66 Get:296 http://archive.ubuntu.com/ubuntu noble/universe amd64 libboost-timer-dev amd64 1.83.0.1ubuntu2 [4190 B]
#14 30.68 Get:297 http://archive.ubuntu.com/ubuntu noble-updates/universe amd64 libboost-type-erasure1.83.0 amd64 1.83.0-2.1ubuntu3.2 [246 kB]
#14 30.69 Get:298 http://archive.ubuntu.com/ubuntu noble-updates/universe amd64 libboost-type-erasure1.83-dev amd64 1.83.0-2.1ubuntu3.2 [250 kB]
#14 30.71 Get:299 http://archive.ubuntu.com/ubuntu noble/universe amd64 libboost-type-erasure-dev amd64 1.83.0.1ubuntu2 [4162 B]
#14 30.72 Get:300 http://archive.ubuntu.com/ubuntu noble-updates/main amd64 libboost-url1.83.0 amd64 1.83.0-2.1ubuntu3.2 [343 kB]
#14 30.74 Get:301 http://archive.ubuntu.com/ubuntu noble-updates/universe amd64 libboost-url1.83-dev amd64 1.83.0-2.1ubuntu3.2 [444 kB]
#14 30.75 Get:302 http://archive.ubuntu.com/ubuntu noble/universe amd64 libboost-url-dev amd64 1.83.0.1ubuntu2 [4192 B]
#14 30.76 Get:303 http://archive.ubuntu.com/ubuntu noble-updates/universe amd64 libboost-wave1.83.0 amd64 1.83.0-2.1ubuntu3.2 [454 kB]
#14 30.79 Get:304 http://archive.ubuntu.com/ubuntu noble-updates/universe amd64 libboost-wave1.83-dev amd64 1.83.0-2.1ubuntu3.2 [499 kB]
#14 30.81 Get:305 http://archive.ubuntu.com/ubuntu noble/universe amd64 libboost-wave-dev amd64 1.83.0.1ubuntu2 [4096 B]
#14 30.82 Get:306 http://archive.ubuntu.com/ubuntu noble-updates/universe amd64 libboost-nowide1.83.0 amd64 1.83.0-2.1ubuntu3.2 [240 kB]
#14 30.84 Get:307 http://archive.ubuntu.com/ubuntu noble-updates/universe amd64 libboost-nowide1.83-dev amd64 1.83.0-2.1ubuntu3.2 [236 kB]
#14 30.85 Get:308 http://archive.ubuntu.com/ubuntu noble/universe amd64 libboost-nowide-dev amd64 1.83.0.1ubuntu2 [4136 B]
#14 30.86 Get:309 http://archive.ubuntu.com/ubuntu noble/universe amd64 libboost-all-dev amd64 1.83.0.1ubuntu2 [2286 B]
#14 30.88 Get:310 http://archive.ubuntu.com/ubuntu noble-updates/main amd64 libbz2-dev amd64 1.0.8-5.1ubuntu0.1 [33.6 kB]
#14 30.89 Get:311 http://archive.ubuntu.com/ubuntu noble/universe amd64 libmysql++3t64 amd64 3.2.5-2.3 [102 kB]
#14 30.90 Get:312 http://archive.ubuntu.com/ubuntu noble/universe amd64 libmysql++-dev amd64 3.2.5-2.3 [96.3 kB]
#14 30.92 Get:313 http://archive.ubuntu.com/ubuntu noble-updates/main amd64 libncurses-dev amd64 6.4+20240113-1ubuntu2.2 [384 kB]
#14 30.95 Get:314 http://archive.ubuntu.com/ubuntu noble/main amd64 libreadline-dev amd64 8.2-4build1 [167 kB]
#14 30.96 Get:315 http://archive.ubuntu.com/ubuntu noble/main amd64 libtool all 2.4.7-7build1 [166 kB]
#14 30.97 Get:316 http://archive.ubuntu.com/ubuntu noble/main amd64 lsb-base all 11.6 [4606 B]
#14 30.98 Get:317 http://archive.ubuntu.com/ubuntu noble/universe amd64 ninja-build amd64 1.11.1-2 [129 kB]
#14 31.00 Get:318 http://archive.ubuntu.com/ubuntu noble-updates/main amd64 unzip amd64 6.0-28ubuntu4.1 [174 kB]
#14 31.01 Get:319 http://archive.ubuntu.com/ubuntu noble-updates/main amd64 liblzma-dev amd64 5.6.1+really5.4.5-1ubuntu0.3 [176 kB]
#14 31.36 debconf: delaying package configuration, since apt-utils is not installed
#14 31.43 Fetched 321 MB in 17s (18.9 MB/s)
#14 31.49 (Reading database ... 
(Reading database ... 5%
(Reading database ... 10%
(Reading database ... 15%
(Reading database ... 20%
(Reading database ... 25%
(Reading database ... 30%
(Reading database ... 35%
(Reading database ... 40%
(Reading database ... 45%
(Reading database ... 50%
(Reading database ... 55%
(Reading database ... 60%
(Reading database ... 65%
(Reading database ... 70%
(Reading database ... 75%
(Reading database ... 80%
(Reading database ... 85%
(Reading database ... 90%
(Reading database ... 95%
(Reading database ... 100%
(Reading database ... 5366 files and directories currently installed.)
#14 31.49 Preparing to unpack .../ncurses-bin_6.4+20240113-1ubuntu2.2_amd64.deb ...
#14 31.57 Unpacking ncurses-bin (6.4+20240113-1ubuntu2.2) over (6.4+20240113-1ubuntu2.1) ...
#14 31.81 Setting up ncurses-bin (6.4+20240113-1ubuntu2.2) ...
#14 32.00 (Reading database ... 
(Reading database ... 5%
(Reading database ... 10%
(Reading database ... 15%
(Reading database ... 20%
(Reading database ... 25%
(Reading database ... 30%
(Reading database ... 35%
(Reading database ... 40%
(Reading database ... 45%
(Reading database ... 50%
(Reading database ... 55%
(Reading database ... 60%
(Reading database ... 65%
(Reading database ... 70%
(Reading database ... 75%
(Reading database ... 80%
(Reading database ... 85%
(Reading database ... 90%
(Reading database ... 95%
(Reading database ... 100%
(Reading database ... 5366 files and directories currently installed.)
#14 32.00 Preparing to unpack .../perl-base_5.38.2-3.2ubuntu0.4_amd64.deb ...
#14 32.08 Unpacking perl-base (5.38.2-3.2ubuntu0.4) over (5.38.2-3.2ubuntu0.3) ...
#14 38.91 Setting up perl-base (5.38.2-3.2ubuntu0.4) ...
#14 39.05 (Reading database ... 
(Reading database ... 5%
(Reading database ... 10%
(Reading database ... 15%
(Reading database ... 20%
(Reading database ... 25%
(Reading database ... 30%
(Reading database ... 35%
(Reading database ... 40%
(Reading database ... 45%
(Reading database ... 50%
(Reading database ... 55%
(Reading database ... 60%
(Reading database ... 65%
(Reading database ... 70%
(Reading database ... 75%
(Reading database ... 80%
(Reading database ... 85%
(Reading database ... 90%
(Reading database ... 95%
(Reading database ... 100%
(Reading database ... 5366 files and directories currently installed.)
#14 39.06 Preparing to unpack .../ncurses-base_6.4+20240113-1ubuntu2.2_all.deb ...
#14 39.12 Unpacking ncurses-base (6.4+20240113-1ubuntu2.2) over (6.4+20240113-1ubuntu2.1) ...
#14 39.77 Setting up ncurses-base (6.4+20240113-1ubuntu2.2) ...
#14 39.95 Selecting previously unselected package libpython3.12-minimal:amd64.
#14 39.95 (Reading database ... 
(Reading database ... 5%
(Reading database ... 10%
(Reading database ... 15%
(Reading database ... 20%
(Reading database ... 25%
(Reading database ... 30%
(Reading database ... 35%
(Reading database ... 40%
(Reading database ... 45%
(Reading database ... 50%
(Reading database ... 55%
(Reading database ... 60%
(Reading database ... 65%
(Reading database ... 70%
(Reading database ... 75%
(Reading database ... 80%
(Reading database ... 85%
(Reading database ... 90%
(Reading database ... 95%
(Reading database ... 100%
(Reading database ... 5366 files and directories currently installed.)
#14 39.95 Preparing to unpack .../libpython3.12-minimal_3.12.3-1ubuntu0.16_amd64.deb ...
#14 39.97 Unpacking libpython3.12-minimal:amd64 (3.12.3-1ubuntu0.16) ...
#14 40.18 Selecting previously unselected package libexpat1:amd64.
#14 40.18 Preparing to unpack .../libexpat1_2.6.1-2ubuntu0.4_amd64.deb ...
#14 40.22 Unpacking libexpat1:amd64 (2.6.1-2ubuntu0.4) ...
#14 40.35 Preparing to unpack .../zlib1g_1%3a1.3.dfsg-3.1ubuntu2.2_amd64.deb ...
#14 40.40 Unpacking zlib1g:amd64 (1:1.3.dfsg-3.1ubuntu2.2) over (1:1.3.dfsg-3.1ubuntu2.1) ...
#14 40.57 Setting up zlib1g:amd64 (1:1.3.dfsg-3.1ubuntu2.2) ...
#14 40.74 Selecting previously unselected package python3.12-minimal.
#14 40.74 (Reading database ... 
(Reading database ... 5%
(Reading database ... 10%
(Reading database ... 15%
(Reading database ... 20%
(Reading database ... 25%
(Reading database ... 30%
(Reading database ... 35%
(Reading database ... 40%
(Reading database ... 45%
(Reading database ... 50%
(Reading database ... 55%
(Reading database ... 60%
(Reading database ... 65%
(Reading database ... 70%
(Reading database ... 75%
(Reading database ... 80%
(Reading database ... 85%
(Reading database ... 90%
(Reading database ... 95%
(Reading database ... 100%
(Reading database ... 5674 files and directories currently installed.)
#14 40.75 Preparing to unpack .../python3.12-minimal_3.12.3-1ubuntu0.16_amd64.deb ...
#14 40.77 Unpacking python3.12-minimal (3.12.3-1ubuntu0.16) ...
#14 40.95 Setting up libpython3.12-minimal:amd64 (3.12.3-1ubuntu0.16) ...
#14 41.03 Setting up libexpat1:amd64 (2.6.1-2ubuntu0.4) ...
#14 41.08 Setting up python3.12-minimal (3.12.3-1ubuntu0.16) ...
#14 42.34 Selecting previously unselected package python3-minimal.
#14 42.34 (Reading database ... 
(Reading database ... 5%
(Reading database ... 10%
(Reading database ... 15%
(Reading database ... 20%
(Reading database ... 25%
(Reading database ... 30%
(Reading database ... 35%
(Reading database ... 40%
(Reading database ... 45%
(Reading database ... 50%
(Reading database ... 55%
(Reading database ... 60%
(Reading database ... 65%
(Reading database ... 70%
(Reading database ... 75%
(Reading database ... 80%
(Reading database ... 85%
(Reading database ... 90%
(Reading database ... 95%
(Reading database ... 100%
(Reading database ... 5685 files and directories currently installed.)
#14 42.35 Preparing to unpack .../python3-minimal_3.12.3-0ubuntu2.1_amd64.deb ...
#14 42.37 Unpacking python3-minimal (3.12.3-0ubuntu2.1) ...
#14 42.47 Selecting previously unselected package media-types.
#14 42.48 Preparing to unpack .../media-types_10.1.0_all.deb ...
#14 42.50 Unpacking media-types (10.1.0) ...
#14 42.62 Selecting previously unselected package netbase.
#14 42.62 Preparing to unpack .../archives/netbase_6.4_all.deb ...
#14 42.64 Unpacking netbase (6.4) ...
#14 42.77 Preparing to unpack .../libbz2-1.0_1.0.8-5.1ubuntu0.1_amd64.deb ...
#14 42.82 Unpacking libbz2-1.0:amd64 (1.0.8-5.1ubuntu0.1) over (1.0.8-5.1build0.1) ...
#14 42.99 Setting up libbz2-1.0:amd64 (1.0.8-5.1ubuntu0.1) ...
#14 43.14 (Reading database ... 
(Reading database ... 5%
(Reading database ... 10%
(Reading database ... 15%
(Reading database ... 20%
(Reading database ... 25%
(Reading database ... 30%
(Reading database ... 35%
(Reading database ... 40%
(Reading database ... 45%
(Reading database ... 50%
(Reading database ... 55%
(Reading database ... 60%
(Reading database ... 65%
(Reading database ... 70%
(Reading database ... 75%
(Reading database ... 80%
(Reading database ... 85%
(Reading database ... 90%
(Reading database ... 95%
(Reading database ... 100%
(Reading database ... 5719 files and directories currently installed.)
#14 43.15 Preparing to unpack .../libncursesw6_6.4+20240113-1ubuntu2.2_amd64.deb ...
#14 43.20 Unpacking libncursesw6:amd64 (6.4+20240113-1ubuntu2.2) over (6.4+20240113-1ubuntu2.1) ...
#14 43.40 Preparing to unpack .../libtinfo6_6.4+20240113-1ubuntu2.2_amd64.deb ...
#14 43.46 Unpacking libtinfo6:amd64 (6.4+20240113-1ubuntu2.2) over (6.4+20240113-1ubuntu2.1) ...
#14 43.65 Setting up libtinfo6:amd64 (6.4+20240113-1ubuntu2.2) ...
#14 43.79 Selecting previously unselected package readline-common.
#14 43.79 (Reading database ... 
(Reading database ... 5%
(Reading database ... 10%
(Reading database ... 15%
(Reading database ... 20%
(Reading database ... 25%
(Reading database ... 30%
(Reading database ... 35%
(Reading database ... 40%
(Reading database ... 45%
(Reading database ... 50%
(Reading database ... 55%
(Reading database ... 60%
(Reading database ... 65%
(Reading database ... 70%
(Reading database ... 75%
(Reading database ... 80%
(Reading database ... 85%
(Reading database ... 90%
(Reading database ... 95%
(Reading database ... 100%
(Reading database ... 5719 files and directories currently installed.)
#14 43.80 Preparing to unpack .../0-readline-common_8.2-4build1_all.deb ...
#14 43.82 Unpacking readline-common (8.2-4build1) ...
#14 43.97 Selecting previously unselected package libreadline8t64:amd64.
#14 43.97 Preparing to unpack .../1-libreadline8t64_8.2-4build1_amd64.deb ...
#14 43.99 Adding 'diversion of /lib/x86_64-linux-gnu/libhistory.so.8 to /lib/x86_64-linux-gnu/libhistory.so.8.usr-is-merged by libreadline8t64'
#14 44.01 Adding 'diversion of /lib/x86_64-linux-gnu/libhistory.so.8.2 to /lib/x86_64-linux-gnu/libhistory.so.8.2.usr-is-merged by libreadline8t64'
#14 44.03 Adding 'diversion of /lib/x86_64-linux-gnu/libreadline.so.8 to /lib/x86_64-linux-gnu/libreadline.so.8.usr-is-merged by libreadline8t64'
#14 44.04 Adding 'diversion of /lib/x86_64-linux-gnu/libreadline.so.8.2 to /lib/x86_64-linux-gnu/libreadline.so.8.2.usr-is-merged by libreadline8t64'
#14 44.06 Unpacking libreadline8t64:amd64 (8.2-4build1) ...
#14 44.19 Selecting previously unselected package libsqlite3-0:amd64.
#14 44.19 Preparing to unpack .../2-libsqlite3-0_3.45.1-1ubuntu2.7_amd64.deb ...
#14 44.21 Unpacking libsqlite3-0:amd64 (3.45.1-1ubuntu2.7) ...
#14 44.33 Selecting previously unselected package libpython3.12-stdlib:amd64.
#14 44.33 Preparing to unpack .../3-libpython3.12-stdlib_3.12.3-1ubuntu0.16_amd64.deb ...
#14 44.35 Unpacking libpython3.12-stdlib:amd64 (3.12.3-1ubuntu0.16) ...
#14 44.58 Selecting previously unselected package python3.12.
#14 44.58 Preparing to unpack .../4-python3.12_3.12.3-1ubuntu0.16_amd64.deb ...
#14 44.60 Unpacking python3.12 (3.12.3-1ubuntu0.16) ...
#14 44.70 Selecting previously unselected package libpython3-stdlib:amd64.
#14 44.70 Preparing to unpack .../5-libpython3-stdlib_3.12.3-0ubuntu2.1_amd64.deb ...
#14 44.72 Unpacking libpython3-stdlib:amd64 (3.12.3-0ubuntu2.1) ...
#14 44.84 Setting up python3-minimal (3.12.3-0ubuntu2.1) ...
#14 45.19 Selecting previously unselected package python3.
#14 45.19 (Reading database ... 
(Reading database ... 5%
(Reading database ... 10%
(Reading database ... 15%
(Reading database ... 20%
(Reading database ... 25%
(Reading database ... 30%
(Reading database ... 35%
(Reading database ... 40%
(Reading database ... 45%
(Reading database ... 50%
(Reading database ... 55%
(Reading database ... 60%
(Reading database ... 65%
(Reading database ... 70%
(Reading database ... 75%
(Reading database ... 80%
(Reading database ... 85%
(Reading database ... 90%
(Reading database ... 95%
(Reading database ... 100%
(Reading database ... 6162 files and directories currently installed.)
#14 45.19 Preparing to unpack .../0-python3_3.12.3-0ubuntu2.1_amd64.deb ...
#14 45.21 Unpacking python3 (3.12.3-0ubuntu2.1) ...
#14 45.32 Selecting previously unselected package perl-modules-5.38.
#14 45.32 Preparing to unpack .../1-perl-modules-5.38_5.38.2-3.2ubuntu0.4_all.deb ...
#14 45.34 Unpacking perl-modules-5.38 (5.38.2-3.2ubuntu0.4) ...
#14 45.85 Selecting previously unselected package libgdbm6t64:amd64.
#14 45.86 Preparing to unpack .../2-libgdbm6t64_1.23-5.1build1_amd64.deb ...
#14 45.87 Unpacking libgdbm6t64:amd64 (1.23-5.1build1) ...
#14 46.00 Selecting previously unselected package libgdbm-compat4t64:amd64.
#14 46.00 Preparing to unpack .../3-libgdbm-compat4t64_1.23-5.1build1_amd64.deb ...
#14 46.02 Unpacking libgdbm-compat4t64:amd64 (1.23-5.1build1) ...
#14 46.16 Selecting previously unselected package libperl5.38t64:amd64.
#14 46.16 Preparing to unpack .../4-libperl5.38t64_5.38.2-3.2ubuntu0.4_amd64.deb ...
#14 46.18 Unpacking libperl5.38t64:amd64 (5.38.2-3.2ubuntu0.4) ...
#14 46.59 Selecting previously unselected package perl.
#14 46.59 Preparing to unpack .../5-perl_5.38.2-3.2ubuntu0.4_amd64.deb ...
#14 46.61 Unpacking perl (5.38.2-3.2ubuntu0.4) ...
#14 46.75 Selecting previously unselected package adduser.
#14 46.76 Preparing to unpack .../6-adduser_3.137ubuntu1_all.deb ...
#14 46.78 Unpacking adduser (3.137ubuntu1) ...
#14 46.90 Setting up adduser (3.137ubuntu1) ...
#14 47.13 Selecting previously unselected package libbsd0:amd64.
#14 47.13 (Reading database ... 
(Reading database ... 5%
(Reading database ... 10%
(Reading database ... 15%
(Reading database ... 20%
(Reading database ... 25%
(Reading database ... 30%
(Reading database ... 35%
(Reading database ... 40%
(Reading database ... 45%
(Reading database ... 50%
(Reading database ... 55%
(Reading database ... 60%
(Reading database ... 65%
(Reading database ... 70%
(Reading database ... 75%
(Reading database ... 80%
(Reading database ... 85%
(Reading database ... 90%
(Reading database ... 95%
(Reading database ... 100%
(Reading database ... 8243 files and directories currently installed.)
#14 47.14 Preparing to unpack .../000-libbsd0_0.12.1-1build1.1_amd64.deb ...
#14 47.15 Unpacking libbsd0:amd64 (0.12.1-1build1.1) ...
#14 47.28 Selecting previously unselected package libelf1t64:amd64.
#14 47.28 Preparing to unpack .../001-libelf1t64_0.190-1.1ubuntu0.1_amd64.deb ...
#14 47.30 Unpacking libelf1t64:amd64 (0.190-1.1ubuntu0.1) ...
#14 47.43 Selecting previously unselected package libkrb5support0:amd64.
#14 47.43 Preparing to unpack .../002-libkrb5support0_1.20.1-6ubuntu2.8_amd64.deb ...
#14 47.45 Unpacking libkrb5support0:amd64 (1.20.1-6ubuntu2.8) ...
#14 47.58 Selecting previously unselected package libk5crypto3:amd64.
#14 47.58 Preparing to unpack .../003-libk5crypto3_1.20.1-6ubuntu2.8_amd64.deb ...
#14 47.60 Unpacking libk5crypto3:amd64 (1.20.1-6ubuntu2.8) ...
#14 47.73 Selecting previously unselected package libkeyutils1:amd64.
#14 47.73 Preparing to unpack .../004-libkeyutils1_1.6.3-3build1_amd64.deb ...
#14 47.75 Unpacking libkeyutils1:amd64 (1.6.3-3build1) ...
#14 47.88 Selecting previously unselected package libkrb5-3:amd64.
#14 47.88 Preparing to unpack .../005-libkrb5-3_1.20.1-6ubuntu2.8_amd64.deb ...
#14 47.90 Unpacking libkrb5-3:amd64 (1.20.1-6ubuntu2.8) ...
#14 48.06 Selecting previously unselected package libgssapi-krb5-2:amd64.
#14 48.06 Preparing to unpack .../006-libgssapi-krb5-2_1.20.1-6ubuntu2.8_amd64.deb ...
#14 48.09 Unpacking libgssapi-krb5-2:amd64 (1.20.1-6ubuntu2.8) ...
#14 48.21 Selecting previously unselected package libicu74:amd64.
#14 48.21 Preparing to unpack .../007-libicu74_74.2-1ubuntu3.1_amd64.deb ...
#14 48.23 Unpacking libicu74:amd64 (74.2-1ubuntu3.1) ...
#14 48.63 Selecting previously unselected package libxml2:amd64.
#14 48.63 Preparing to unpack .../008-libxml2_2.9.14+dfsg-1.3ubuntu3.8_amd64.deb ...
#14 48.65 Unpacking libxml2:amd64 (2.9.14+dfsg-1.3ubuntu3.8) ...
#14 48.77 Selecting previously unselected package libmagic-mgc.
#14 48.77 Preparing to unpack .../009-libmagic-mgc_1%3a5.45-3build1_amd64.deb ...
#14 48.79 Unpacking libmagic-mgc (1:5.45-3build1) ...
#14 48.97 Selecting previously unselected package libmagic1t64:amd64.
#14 48.97 Preparing to unpack .../010-libmagic1t64_1%3a5.45-3build1_amd64.deb ...
#14 48.99 Unpacking libmagic1t64:amd64 (1:5.45-3build1) ...
#14 49.10 Selecting previously unselected package file.
#14 49.10 Preparing to unpack .../011-file_1%3a5.45-3build1_amd64.deb ...
#14 49.13 Unpacking file (1:5.45-3build1) ...
#14 49.26 Selecting previously unselected package libnl-3-200:amd64.
#14 49.26 Preparing to unpack .../012-libnl-3-200_3.7.0-0.3build1.1_amd64.deb ...
#14 49.28 Unpacking libnl-3-200:amd64 (3.7.0-0.3build1.1) ...
#14 49.41 Selecting previously unselected package libnl-route-3-200:amd64.
#14 49.41 Preparing to unpack .../013-libnl-route-3-200_3.7.0-0.3build1.1_amd64.deb ...
#14 49.43 Unpacking libnl-route-3-200:amd64 (3.7.0-0.3build1.1) ...
#14 49.57 Selecting previously unselected package libibverbs1:amd64.
#14 49.57 Preparing to unpack .../014-libibverbs1_50.0-2ubuntu0.2_amd64.deb ...
#14 49.59 Unpacking libibverbs1:amd64 (50.0-2ubuntu0.2) ...
#14 49.76 Selecting previously unselected package ibverbs-providers:amd64.
#14 49.76 Preparing to unpack .../015-ibverbs-providers_50.0-2ubuntu0.2_amd64.deb ...
#14 49.80 Unpacking ibverbs-providers:amd64 (50.0-2ubuntu0.2) ...
#14 49.94 Selecting previously unselected package libcbor0.10:amd64.
#14 49.94 Preparing to unpack .../016-libcbor0.10_0.10.2-1.2ubuntu2_amd64.deb ...
#14 49.96 Unpacking libcbor0.10:amd64 (0.10.2-1.2ubuntu2) ...
#14 50.06 Selecting previously unselected package libdrm-common.
#14 50.06 Preparing to unpack .../017-libdrm-common_2.4.125-1ubuntu0.1~24.04.2_all.deb ...
#14 50.08 Unpacking libdrm-common (2.4.125-1ubuntu0.1~24.04.2) ...
#14 50.20 Selecting previously unselected package libdrm2:amd64.
#14 50.20 Preparing to unpack .../018-libdrm2_2.4.125-1ubuntu0.1~24.04.2_amd64.deb ...
#14 50.22 Unpacking libdrm2:amd64 (2.4.125-1ubuntu0.1~24.04.2) ...
#14 50.35 Selecting previously unselected package libedit2:amd64.
#14 50.35 Preparing to unpack .../019-libedit2_3.1-20230828-1build1_amd64.deb ...
#14 50.37 Unpacking libedit2:amd64 (3.1-20230828-1build1) ...
#14 50.51 Selecting previously unselected package libfido2-1:amd64.
#14 50.51 Preparing to unpack .../020-libfido2-1_1.14.0-1build3_amd64.deb ...
#14 50.54 Unpacking libfido2-1:amd64 (1.14.0-1build3) ...
#14 50.67 Selecting previously unselected package libjansson4:amd64.
#14 50.67 Preparing to unpack .../021-libjansson4_2.14-2build2_amd64.deb ...
#14 50.68 Unpacking libjansson4:amd64 (2.14-2build2) ...
#14 50.81 Selecting previously unselected package libncurses6:amd64.
#14 50.81 Preparing to unpack .../022-libncurses6_6.4+20240113-1ubuntu2.2_amd64.deb ...
#14 50.84 Unpacking libncurses6:amd64 (6.4+20240113-1ubuntu2.2) ...
#14 50.97 Selecting previously unselected package libnghttp2-14:amd64.
#14 50.97 Preparing to unpack .../023-libnghttp2-14_1.59.0-1ubuntu0.4_amd64.deb ...
#14 50.99 Unpacking libnghttp2-14:amd64 (1.59.0-1ubuntu0.4) ...
#14 51.12 Selecting previously unselected package libnuma1:amd64.
#14 51.12 Preparing to unpack .../024-libnuma1_2.0.18-1ubuntu0.24.04.1_amd64.deb ...
#14 51.14 Unpacking libnuma1:amd64 (2.0.18-1ubuntu0.24.04.1) ...
#14 51.27 Selecting previously unselected package libpsl5t64:amd64.
#14 51.27 Preparing to unpack .../025-libpsl5t64_0.21.2-1.1build1_amd64.deb ...
#14 51.29 Unpacking libpsl5t64:amd64 (0.21.2-1.1build1) ...
#14 51.42 Selecting previously unselected package libuv1t64:amd64.
#14 51.42 Preparing to unpack .../026-libuv1t64_1.48.0-1.1build1_amd64.deb ...
#14 51.44 Unpacking libuv1t64:amd64 (1.48.0-1.1build1) ...
#14 51.56 Selecting previously unselected package libxau6:amd64.
#14 51.56 Preparing to unpack .../027-libxau6_1%3a1.0.9-1build6_amd64.deb ...
#14 51.58 Unpacking libxau6:amd64 (1:1.0.9-1build6) ...
#14 51.70 Selecting previously unselected package libxdmcp6:amd64.
#14 51.70 Preparing to unpack .../028-libxdmcp6_1%3a1.1.3-0ubuntu6_amd64.deb ...
#14 51.72 Unpacking libxdmcp6:amd64 (1:1.1.3-0ubuntu6) ...
#14 51.85 Selecting previously unselected package libxcb1:amd64.
#14 51.85 Preparing to unpack .../029-libxcb1_1.15-1ubuntu2_amd64.deb ...
#14 51.87 Unpacking libxcb1:amd64 (1.15-1ubuntu2) ...
#14 51.97 Selecting previously unselected package libx11-data.
#14 51.97 Preparing to unpack .../030-libx11-data_2%3a1.8.7-1build1_all.deb ...
#14 51.99 Unpacking libx11-data (2:1.8.7-1build1) ...
#14 52.17 Selecting previously unselected package libx11-6:amd64.
#14 52.17 Preparing to unpack .../031-libx11-6_2%3a1.8.7-1build1_amd64.deb ...
#14 52.19 Unpacking libx11-6:amd64 (2:1.8.7-1build1) ...
#14 52.33 Selecting previously unselected package libxext6:amd64.
#14 52.33 Preparing to unpack .../032-libxext6_2%3a1.3.4-1build2_amd64.deb ...
#14 52.35 Unpacking libxext6:amd64 (2:1.3.4-1build2) ...
#14 52.50 Selecting previously unselected package openssh-client.
#14 52.50 Preparing to unpack .../033-openssh-client_1%3a9.6p1-3ubuntu13.19_amd64.deb ...
#14 52.52 Unpacking openssh-client (1:9.6p1-3ubuntu13.19) ...
#14 52.69 Selecting previously unselected package xz-utils.
#14 52.69 Preparing to unpack .../034-xz-utils_5.6.1+really5.4.5-1ubuntu0.3_amd64.deb ...
#14 52.72 Unpacking xz-utils (5.6.1+really5.4.5-1ubuntu0.3) ...
#14 52.83 Selecting previously unselected package m4.
#14 52.83 Preparing to unpack .../035-m4_1.4.19-4build1_amd64.deb ...
#14 52.85 Unpacking m4 (1.4.19-4build1) ...
#14 52.97 Selecting previously unselected package autoconf.
#14 52.97 Preparing to unpack .../036-autoconf_2.71-3_all.deb ...
#14 52.99 Unpacking autoconf (2.71-3) ...
#14 53.12 Selecting previously unselected package autotools-dev.
#14 53.12 Preparing to unpack .../037-autotools-dev_20220109.1_all.deb ...
#14 53.14 Unpacking autotools-dev (20220109.1) ...
#14 53.27 Selecting previously unselected package automake.
#14 53.27 Preparing to unpack .../038-automake_1%3a1.16.5-1.3ubuntu1_all.deb ...
#14 53.29 Unpacking automake (1:1.16.5-1.3ubuntu1) ...
#14 53.46 Selecting previously unselected package binutils-common:amd64.
#14 53.46 Preparing to unpack .../039-binutils-common_2.42-4ubuntu2.10_amd64.deb ...
#14 53.48 Unpacking binutils-common:amd64 (2.42-4ubuntu2.10) ...
#14 53.62 Selecting previously unselected package libsframe1:amd64.
#14 53.62 Preparing to unpack .../040-libsframe1_2.42-4ubuntu2.10_amd64.deb ...
#14 53.64 Unpacking libsframe1:amd64 (2.42-4ubuntu2.10) ...
#14 53.76 Selecting previously unselected package libbinutils:amd64.
#14 53.76 Preparing to unpack .../041-libbinutils_2.42-4ubuntu2.10_amd64.deb ...
#14 53.78 Unpacking libbinutils:amd64 (2.42-4ubuntu2.10) ...
#14 53.93 Selecting previously unselected package libctf-nobfd0:amd64.
#14 53.93 Preparing to unpack .../042-libctf-nobfd0_2.42-4ubuntu2.10_amd64.deb ...
#14 53.95 Unpacking libctf-nobfd0:amd64 (2.42-4ubuntu2.10) ...
#14 54.08 Selecting previously unselected package libctf0:amd64.
#14 54.08 Preparing to unpack .../043-libctf0_2.42-4ubuntu2.10_amd64.deb ...
#14 54.10 Unpacking libctf0:amd64 (2.42-4ubuntu2.10) ...
#14 54.23 Selecting previously unselected package libgprofng0:amd64.
#14 54.23 Preparing to unpack .../044-libgprofng0_2.42-4ubuntu2.10_amd64.deb ...
#14 54.25 Unpacking libgprofng0:amd64 (2.42-4ubuntu2.10) ...
#14 54.39 Selecting previously unselected package binutils-x86-64-linux-gnu.
#14 54.39 Preparing to unpack .../045-binutils-x86-64-linux-gnu_2.42-4ubuntu2.10_amd64.deb ...
#14 54.41 Unpacking binutils-x86-64-linux-gnu (2.42-4ubuntu2.10) ...
#14 54.60 Selecting previously unselected package binutils.
#14 54.61 Preparing to unpack .../046-binutils_2.42-4ubuntu2.10_amd64.deb ...
#14 54.62 Unpacking binutils (2.42-4ubuntu2.10) ...
#14 54.73 Selecting previously unselected package libc-dev-bin.
#14 54.73 Preparing to unpack .../047-libc-dev-bin_2.39-0ubuntu8.8_amd64.deb ...
#14 54.75 Unpacking libc-dev-bin (2.39-0ubuntu8.8) ...
#14 54.86 Selecting previously unselected package linux-libc-dev:amd64.
#14 54.86 Preparing to unpack .../048-linux-libc-dev_6.8.0-139.139_amd64.deb ...
#14 54.88 Unpacking linux-libc-dev:amd64 (6.8.0-139.139) ...
#14 55.37 Selecting previously unselected package libcrypt-dev:amd64.
#14 55.37 Preparing to unpack .../049-libcrypt-dev_1%3a4.4.36-4build1_amd64.deb ...
#14 55.41 Unpacking libcrypt-dev:amd64 (1:4.4.36-4build1) ...
#14 55.52 Selecting previously unselected package rpcsvc-proto.
#14 55.52 Preparing to unpack .../050-rpcsvc-proto_1.4.2-0ubuntu7_amd64.deb ...
#14 55.54 Unpacking rpcsvc-proto (1.4.2-0ubuntu7) ...
#14 55.65 Selecting previously unselected package libc6-dev:amd64.
#14 55.65 Preparing to unpack .../051-libc6-dev_2.39-0ubuntu8.8_amd64.deb ...
#14 55.67 Unpacking libc6-dev:amd64 (2.39-0ubuntu8.8) ...
#14 56.02 Selecting previously unselected package gcc-13-base:amd64.
#14 56.02 Preparing to unpack .../052-gcc-13-base_13.3.0-6ubuntu2~24.04.1_amd64.deb ...
#14 56.04 Unpacking gcc-13-base:amd64 (13.3.0-6ubuntu2~24.04.1) ...
#14 56.18 Selecting previously unselected package libisl23:amd64.
#14 56.18 Preparing to unpack .../053-libisl23_0.26-3build1.1_amd64.deb ...
#14 56.20 Unpacking libisl23:amd64 (0.26-3build1.1) ...
#14 56.34 Selecting previously unselected package libmpfr6:amd64.
#14 56.34 Preparing to unpack .../054-libmpfr6_4.2.1-1build1.1_amd64.deb ...
#14 56.36 Unpacking libmpfr6:amd64 (4.2.1-1build1.1) ...
#14 56.49 Selecting previously unselected package libmpc3:amd64.
#14 56.50 Preparing to unpack .../055-libmpc3_1.3.1-1build1.1_amd64.deb ...
#14 56.51 Unpacking libmpc3:amd64 (1.3.1-1build1.1) ...
#14 56.61 Selecting previously unselected package cpp-13-x86-64-linux-gnu.
#14 56.61 Preparing to unpack .../056-cpp-13-x86-64-linux-gnu_13.3.0-6ubuntu2~24.04.1_amd64.deb ...
#14 56.63 Unpacking cpp-13-x86-64-linux-gnu (13.3.0-6ubuntu2~24.04.1) ...
#14 57.00 Selecting previously unselected package cpp-13.
#14 57.00 Preparing to unpack .../057-cpp-13_13.3.0-6ubuntu2~24.04.1_amd64.deb ...
#14 57.02 Unpacking cpp-13 (13.3.0-6ubuntu2~24.04.1) ...
#14 57.13 Selecting previously unselected package cpp-x86-64-linux-gnu.
#14 57.13 Preparing to unpack .../058-cpp-x86-64-linux-gnu_4%3a13.2.0-7ubuntu1_amd64.deb ...
#14 57.14 Unpacking cpp-x86-64-linux-gnu (4:13.2.0-7ubuntu1) ...
#14 57.31 Selecting previously unselected package cpp.
#14 57.31 Preparing to unpack .../059-cpp_4%3a13.2.0-7ubuntu1_amd64.deb ...
#14 57.34 Unpacking cpp (4:13.2.0-7ubuntu1) ...
#14 57.47 Selecting previously unselected package libcc1-0:amd64.
#14 57.47 Preparing to unpack .../060-libcc1-0_14.2.0-4ubuntu2~24.04.1_amd64.deb ...
#14 57.49 Unpacking libcc1-0:amd64 (14.2.0-4ubuntu2~24.04.1) ...
#14 57.62 Selecting previously unselected package libgomp1:amd64.
#14 57.62 Preparing to unpack .../061-libgomp1_14.2.0-4ubuntu2~24.04.1_amd64.deb ...
#14 57.64 Unpacking libgomp1:amd64 (14.2.0-4ubuntu2~24.04.1) ...
#14 57.77 Selecting previously unselected package libitm1:amd64.
#14 57.77 Preparing to unpack .../062-libitm1_14.2.0-4ubuntu2~24.04.1_amd64.deb ...
#14 57.79 Unpacking libitm1:amd64 (14.2.0-4ubuntu2~24.04.1) ...
#14 57.92 Selecting previously unselected package libatomic1:amd64.
#14 57.92 Preparing to unpack .../063-libatomic1_14.2.0-4ubuntu2~24.04.1_amd64.deb ...
#14 57.94 Unpacking libatomic1:amd64 (14.2.0-4ubuntu2~24.04.1) ...
#14 58.07 Selecting previously unselected package libasan8:amd64.
#14 58.07 Preparing to unpack .../064-libasan8_14.2.0-4ubuntu2~24.04.1_amd64.deb ...
#14 58.10 Unpacking libasan8:amd64 (14.2.0-4ubuntu2~24.04.1) ...
#14 58.30 Selecting previously unselected package liblsan0:amd64.
#14 58.30 Preparing to unpack .../065-liblsan0_14.2.0-4ubuntu2~24.04.1_amd64.deb ...
#14 58.32 Unpacking liblsan0:amd64 (14.2.0-4ubuntu2~24.04.1) ...
#14 58.50 Selecting previously unselected package libtsan2:amd64.
#14 58.50 Preparing to unpack .../066-libtsan2_14.2.0-4ubuntu2~24.04.1_amd64.deb ...
#14 58.52 Unpacking libtsan2:amd64 (14.2.0-4ubuntu2~24.04.1) ...
#14 58.72 Selecting previously unselected package libubsan1:amd64.
#14 58.72 Preparing to unpack .../067-libubsan1_14.2.0-4ubuntu2~24.04.1_amd64.deb ...
#14 58.75 Unpacking libubsan1:amd64 (14.2.0-4ubuntu2~24.04.1) ...
#14 58.91 Selecting previously unselected package libhwasan0:amd64.
#14 58.91 Preparing to unpack .../068-libhwasan0_14.2.0-4ubuntu2~24.04.1_amd64.deb ...
#14 58.94 Unpacking libhwasan0:amd64 (14.2.0-4ubuntu2~24.04.1) ...
#14 59.10 Selecting previously unselected package libquadmath0:amd64.
#14 59.11 Preparing to unpack .../069-libquadmath0_14.2.0-4ubuntu2~24.04.1_amd64.deb ...
#14 59.13 Unpacking libquadmath0:amd64 (14.2.0-4ubuntu2~24.04.1) ...
#14 59.23 Selecting previously unselected package libgcc-13-dev:amd64.
#14 59.23 Preparing to unpack .../070-libgcc-13-dev_13.3.0-6ubuntu2~24.04.1_amd64.deb ...
#14 59.25 Unpacking libgcc-13-dev:amd64 (13.3.0-6ubuntu2~24.04.1) ...
#14 59.48 Selecting previously unselected package gcc-13-x86-64-linux-gnu.
#14 59.48 Preparing to unpack .../071-gcc-13-x86-64-linux-gnu_13.3.0-6ubuntu2~24.04.1_amd64.deb ...
#14 59.50 Unpacking gcc-13-x86-64-linux-gnu (13.3.0-6ubuntu2~24.04.1) ...
#14 60.00 Selecting previously unselected package gcc-13.
#14 60.00 Preparing to unpack .../072-gcc-13_13.3.0-6ubuntu2~24.04.1_amd64.deb ...
#14 60.02 Unpacking gcc-13 (13.3.0-6ubuntu2~24.04.1) ...
#14 60.12 Selecting previously unselected package gcc-x86-64-linux-gnu.
#14 60.12 Preparing to unpack .../073-gcc-x86-64-linux-gnu_4%3a13.2.0-7ubuntu1_amd64.deb ...
#14 60.14 Unpacking gcc-x86-64-linux-gnu (4:13.2.0-7ubuntu1) ...
#14 60.27 Selecting previously unselected package gcc.
#14 60.27 Preparing to unpack .../074-gcc_4%3a13.2.0-7ubuntu1_amd64.deb ...
#14 60.29 Unpacking gcc (4:13.2.0-7ubuntu1) ...
#14 60.39 Selecting previously unselected package libstdc++-13-dev:amd64.
#14 60.39 Preparing to unpack .../075-libstdc++-13-dev_13.3.0-6ubuntu2~24.04.1_amd64.deb ...
#14 60.54 Unpacking libstdc++-13-dev:amd64 (13.3.0-6ubuntu2~24.04.1) ...
#14 60.91 Selecting previously unselected package g++-13-x86-64-linux-gnu.
#14 60.92 Preparing to unpack .../076-g++-13-x86-64-linux-gnu_13.3.0-6ubuntu2~24.04.1_amd64.deb ...
#14 60.97 Unpacking g++-13-x86-64-linux-gnu (13.3.0-6ubuntu2~24.04.1) ...
#14 61.34 Selecting previously unselected package g++-13.
#14 61.35 Preparing to unpack .../077-g++-13_13.3.0-6ubuntu2~24.04.1_amd64.deb ...
#14 61.36 Unpacking g++-13 (13.3.0-6ubuntu2~24.04.1) ...
#14 61.46 Selecting previously unselected package g++-x86-64-linux-gnu.
#14 61.47 Preparing to unpack .../078-g++-x86-64-linux-gnu_4%3a13.2.0-7ubuntu1_amd64.deb ...
#14 61.49 Unpacking g++-x86-64-linux-gnu (4:13.2.0-7ubuntu1) ...
#14 61.60 Selecting previously unselected package g++.
#14 61.61 Preparing to unpack .../079-g++_4%3a13.2.0-7ubuntu1_amd64.deb ...
#14 61.62 Unpacking g++ (4:13.2.0-7ubuntu1) ...
#14 61.73 Selecting previously unselected package make.
#14 61.74 Preparing to unpack .../080-make_4.3-4.1build2_amd64.deb ...
#14 61.75 Unpacking make (4.3-4.1build2) ...
#14 61.86 Selecting previously unselected package libdpkg-perl.
#14 61.86 Preparing to unpack .../081-libdpkg-perl_1.22.6ubuntu6.6_all.deb ...
#14 61.88 Unpacking libdpkg-perl (1.22.6ubuntu6.6) ...
#14 62.02 Selecting previously unselected package bzip2.
#14 62.03 Preparing to unpack .../082-bzip2_1.0.8-5.1ubuntu0.1_amd64.deb ...
#14 62.04 Unpacking bzip2 (1.0.8-5.1ubuntu0.1) ...
#14 62.15 Selecting previously unselected package patch.
#14 62.15 Preparing to unpack .../083-patch_2.7.6-7build3_amd64.deb ...
#14 62.17 Unpacking patch (2.7.6-7build3) ...
#14 62.31 Selecting previously unselected package lto-disabled-list.
#14 62.31 Preparing to unpack .../084-lto-disabled-list_47_all.deb ...
#14 62.33 Unpacking lto-disabled-list (47) ...
#14 62.44 Selecting previously unselected package dpkg-dev.
#14 62.44 Preparing to unpack .../085-dpkg-dev_1.22.6ubuntu6.6_all.deb ...
#14 62.46 Unpacking dpkg-dev (1.22.6ubuntu6.6) ...
#14 62.60 Selecting previously unselected package build-essential.
#14 62.60 Preparing to unpack .../086-build-essential_12.10ubuntu1_amd64.deb ...
#14 62.62 Unpacking build-essential (12.10ubuntu1) ...
#14 62.76 Selecting previously unselected package libhiredis1.1.0:amd64.
#14 62.76 Preparing to unpack .../087-libhiredis1.1.0_1.2.0-6ubuntu3_amd64.deb ...
#14 62.78 Unpacking libhiredis1.1.0:amd64 (1.2.0-6ubuntu3) ...
#14 62.91 Selecting previously unselected package ccache.
#14 62.92 Preparing to unpack .../088-ccache_4.9.1-1_amd64.deb ...
#14 62.93 Unpacking ccache (4.9.1-1) ...
#14 63.10 Selecting previously unselected package libllvm18:amd64.
#14 63.10 Preparing to unpack .../089-libllvm18_1%3a18.1.3-1ubuntu1_amd64.deb ...
#14 63.12 Unpacking libllvm18:amd64 (1:18.1.3-1ubuntu1) ...
#14 63.94 Selecting previously unselected package libclang-cpp18.
#14 63.94 Preparing to unpack .../090-libclang-cpp18_1%3a18.1.3-1ubuntu1_amd64.deb ...
#14 63.96 Unpacking libclang-cpp18 (1:18.1.3-1ubuntu1) ...
#14 64.46 Selecting previously unselected package libgc1:amd64.
#14 64.46 Preparing to unpack .../091-libgc1_1%3a8.2.6-1build1_amd64.deb ...
#14 64.48 Unpacking libgc1:amd64 (1:8.2.6-1build1) ...
#14 64.61 Selecting previously unselected package libobjc4:amd64.
#14 64.62 Preparing to unpack .../092-libobjc4_14.2.0-4ubuntu2~24.04.1_amd64.deb ...
#14 64.63 Unpacking libobjc4:amd64 (14.2.0-4ubuntu2~24.04.1) ...
#14 64.74 Selecting previously unselected package libobjc-13-dev:amd64.
#14 64.74 Preparing to unpack .../093-libobjc-13-dev_13.3.0-6ubuntu2~24.04.1_amd64.deb ...
#14 64.76 Unpacking libobjc-13-dev:amd64 (13.3.0-6ubuntu2~24.04.1) ...
#14 64.87 Selecting previously unselected package libclang-common-18-dev:amd64.
#14 64.87 Preparing to unpack .../094-libclang-common-18-dev_1%3a18.1.3-1ubuntu1_amd64.deb ...
#14 64.89 Unpacking libclang-common-18-dev:amd64 (1:18.1.3-1ubuntu1) ...
#14 65.22 Selecting previously unselected package llvm-18-linker-tools.
#14 65.22 Preparing to unpack .../095-llvm-18-linker-tools_1%3a18.1.3-1ubuntu1_amd64.deb ...
#14 65.24 Unpacking llvm-18-linker-tools (1:18.1.3-1ubuntu1) ...
#14 65.41 Selecting previously unselected package libclang1-18.
#14 65.41 Preparing to unpack .../096-libclang1-18_1%3a18.1.3-1ubuntu1_amd64.deb ...
#14 65.44 Unpacking libclang1-18 (1:18.1.3-1ubuntu1) ...
#14 65.97 Selecting previously unselected package clang-18.
#14 65.97 Preparing to unpack .../097-clang-18_1%3a18.1.3-1ubuntu1_amd64.deb ...
#14 65.99 Unpacking clang-18 (1:18.1.3-1ubuntu1) ...
#14 66.12 Selecting previously unselected package clang.
#14 66.12 Preparing to unpack .../098-clang_1%3a18.0-59~exp2_amd64.deb ...
#14 66.14 Unpacking clang (1:18.0-59~exp2) ...
#14 66.27 Selecting previously unselected package libarchive13t64:amd64.
#14 66.27 Preparing to unpack .../099-libarchive13t64_3.7.2-2ubuntu0.8_amd64.deb ...
#14 66.29 Unpacking libarchive13t64:amd64 (3.7.2-2ubuntu0.8) ...
#14 66.42 Selecting previously unselected package libbrotli1:amd64.
#14 66.42 Preparing to unpack .../100-libbrotli1_1.1.0-2build2_amd64.deb ...
#14 66.44 Unpacking libbrotli1:amd64 (1.1.0-2build2) ...
#14 66.55 Selecting previously unselected package libsasl2-modules-db:amd64.
#14 66.55 Preparing to unpack .../101-libsasl2-modules-db_2.1.28+dfsg1-5ubuntu3.1_amd64.deb ...
#14 66.57 Unpacking libsasl2-modules-db:amd64 (2.1.28+dfsg1-5ubuntu3.1) ...
#14 66.69 Selecting previously unselected package libsasl2-2:amd64.
#14 66.70 Preparing to unpack .../102-libsasl2-2_2.1.28+dfsg1-5ubuntu3.1_amd64.deb ...
#14 66.72 Unpacking libsasl2-2:amd64 (2.1.28+dfsg1-5ubuntu3.1) ...
#14 66.85 Selecting previously unselected package libldap2:amd64.
#14 66.85 Preparing to unpack .../103-libldap2_2.6.10+dfsg-0ubuntu0.24.04.1_amd64.deb ...
#14 66.88 Unpacking libldap2:amd64 (2.6.10+dfsg-0ubuntu0.24.04.1) ...
#14 67.01 Selecting previously unselected package librtmp1:amd64.
#14 67.01 Preparing to unpack .../104-librtmp1_2.4+20151223.gitfa8646d.1-2build7_amd64.deb ...
#14 67.03 Unpacking librtmp1:amd64 (2.4+20151223.gitfa8646d.1-2build7) ...
#14 67.16 Selecting previously unselected package libssh-4:amd64.
#14 67.16 Preparing to unpack .../105-libssh-4_0.10.6-2ubuntu0.5_amd64.deb ...
#14 67.18 Unpacking libssh-4:amd64 (0.10.6-2ubuntu0.5) ...
#14 67.31 Selecting previously unselected package libcurl4t64:amd64.
#14 67.31 Preparing to unpack .../106-libcurl4t64_8.5.0-2ubuntu10.13_amd64.deb ...
#14 67.33 Unpacking libcurl4t64:amd64 (8.5.0-2ubuntu10.13) ...
#14 67.45 Selecting previously unselected package libjsoncpp25:amd64.
#14 67.45 Preparing to unpack .../107-libjsoncpp25_1.9.5-6build1_amd64.deb ...
#14 67.47 Unpacking libjsoncpp25:amd64 (1.9.5-6build1) ...
#14 67.60 Selecting previously unselected package librhash0:amd64.
#14 67.60 Preparing to unpack .../108-librhash0_1.4.3-3build1_amd64.deb ...
#14 67.62 Unpacking librhash0:amd64 (1.4.3-3build1) ...
#14 67.76 Selecting previously unselected package cmake-data.
#14 67.76 Preparing to unpack .../109-cmake-data_3.28.3-1build7_all.deb ...
#14 67.79 Unpacking cmake-data (3.28.3-1build7) ...
#14 68.57 Selecting previously unselected package cmake.
#14 68.58 Preparing to unpack .../110-cmake_3.28.3-1build7_amd64.deb ...
#14 68.60 Unpacking cmake (3.28.3-1build7) ...
#14 68.94 Selecting previously unselected package curl.
#14 68.94 Preparing to unpack .../111-curl_8.5.0-2ubuntu10.13_amd64.deb ...
#14 68.96 Unpacking curl (8.5.0-2ubuntu10.13) ...
#14 69.11 Selecting previously unselected package mysql-common.
#14 69.11 Preparing to unpack .../112-mysql-common_5.8+1.1.0build1_all.deb ...
#14 69.14 Unpacking mysql-common (5.8+1.1.0build1) ...
#14 69.27 Selecting previously unselected package libmysqlclient21:amd64.
#14 69.27 Preparing to unpack .../113-libmysqlclient21_8.0.46-0ubuntu0.24.04.4_amd64.deb ...
#14 69.30 Unpacking libmysqlclient21:amd64 (8.0.46-0ubuntu0.24.04.4) ...
#14 69.43 Selecting previously unselected package libssl-dev:amd64.
#14 69.43 Preparing to unpack .../114-libssl-dev_3.0.13-0ubuntu3.15_amd64.deb ...
#14 69.46 Unpacking libssl-dev:amd64 (3.0.13-0ubuntu3.15) ...
#14 69.66 Selecting previously unselected package libzstd-dev:amd64.
#14 69.67 Preparing to unpack .../115-libzstd-dev_1.5.5+dfsg2-2build1.1_amd64.deb ...
#14 69.69 Unpacking libzstd-dev:amd64 (1.5.5+dfsg2-2build1.1) ...
#14 69.80 Selecting previously unselected package zlib1g-dev:amd64.
#14 69.80 Preparing to unpack .../116-zlib1g-dev_1%3a1.3.dfsg-3.1ubuntu2.2_amd64.deb ...
#14 69.82 Unpacking zlib1g-dev:amd64 (1:1.3.dfsg-3.1ubuntu2.2) ...
#14 69.93 Selecting previously unselected package libmysqlclient-dev.
#14 69.93 Preparing to unpack .../117-libmysqlclient-dev_8.0.46-0ubuntu0.24.04.4_amd64.deb ...
#14 69.95 Unpacking libmysqlclient-dev (8.0.46-0ubuntu0.24.04.4) ...
#14 70.12 Selecting previously unselected package default-libmysqlclient-dev:amd64.
#14 70.12 Preparing to unpack .../118-default-libmysqlclient-dev_1.1.0build1_amd64.deb ...
#14 70.14 Unpacking default-libmysqlclient-dev:amd64 (1.1.0build1) ...
#14 70.24 Selecting previously unselected package mysql-client-core-8.0.
#14 70.24 Preparing to unpack .../119-mysql-client-core-8.0_8.0.46-0ubuntu0.24.04.4_amd64.deb ...
#14 70.26 Unpacking mysql-client-core-8.0 (8.0.46-0ubuntu0.24.04.4) ...
#14 70.66 Selecting previously unselected package mysql-client-8.0.
#14 70.66 Preparing to unpack .../120-mysql-client-8.0_8.0.46-0ubuntu0.24.04.4_amd64.deb ...
#14 70.69 Unpacking mysql-client-8.0 (8.0.46-0ubuntu0.24.04.4) ...
#14 70.79 Selecting previously unselected package default-mysql-client.
#14 70.79 Preparing to unpack .../121-default-mysql-client_1.1.0build1_all.deb ...
#14 70.81 Unpacking default-mysql-client (1.1.0build1) ...
#14 70.95 Selecting previously unselected package libgfortran5:amd64.
#14 70.95 Preparing to unpack .../122-libgfortran5_14.2.0-4ubuntu2~24.04.1_amd64.deb ...
#14 70.97 Unpacking libgfortran5:amd64 (14.2.0-4ubuntu2~24.04.1) ...
#14 71.12 Selecting previously unselected package libgfortran-13-dev:amd64.
#14 71.12 Preparing to unpack .../123-libgfortran-13-dev_13.3.0-6ubuntu2~24.04.1_amd64.deb ...
#14 71.15 Unpacking libgfortran-13-dev:amd64 (13.3.0-6ubuntu2~24.04.1) ...
#14 71.28 Selecting previously unselected package gfortran-13-x86-64-linux-gnu.
#14 71.29 Preparing to unpack .../124-gfortran-13-x86-64-linux-gnu_13.3.0-6ubuntu2~24.04.1_amd64.deb ...
#14 71.30 Unpacking gfortran-13-x86-64-linux-gnu (13.3.0-6ubuntu2~24.04.1) ...
#14 71.63 Selecting previously unselected package gfortran-13.
#14 71.63 Preparing to unpack .../125-gfortran-13_13.3.0-6ubuntu2~24.04.1_amd64.deb ...
#14 71.65 Unpacking gfortran-13 (13.3.0-6ubuntu2~24.04.1) ...
#14 71.78 Selecting previously unselected package libcurl3t64-gnutls:amd64.
#14 71.78 Preparing to unpack .../126-libcurl3t64-gnutls_8.5.0-2ubuntu10.13_amd64.deb ...
#14 71.80 Unpacking libcurl3t64-gnutls:amd64 (8.5.0-2ubuntu10.13) ...
#14 71.90 Selecting previously unselected package liberror-perl.
#14 71.91 Preparing to unpack .../127-liberror-perl_0.17029-2_all.deb ...
#14 71.92 Unpacking liberror-perl (0.17029-2) ...
#14 72.02 Selecting previously unselected package git-man.
#14 72.03 Preparing to unpack .../128-git-man_1%3a2.43.0-1ubuntu7.3_all.deb ...
#14 72.04 Unpacking git-man (1:2.43.0-1ubuntu7.3) ...
#14 72.21 Selecting previously unselected package git.
#14 72.21 Preparing to unpack .../129-git_1%3a2.43.0-1ubuntu7.3_amd64.deb ...
#14 72.23 Unpacking git (1:2.43.0-1ubuntu7.3) ...
#14 72.55 Selecting previously unselected package icu-devtools.
#14 72.56 Preparing to unpack .../130-icu-devtools_74.2-1ubuntu3.1_amd64.deb ...
#14 72.58 Unpacking icu-devtools (74.2-1ubuntu3.1) ...
#14 72.70 Selecting previously unselected package libllvm17t64:amd64.
#14 72.71 Preparing to unpack .../131-libllvm17t64_1%3a17.0.6-9ubuntu1_amd64.deb ...
#14 72.72 Unpacking libllvm17t64:amd64 (1:17.0.6-9ubuntu1) ...
#14 73.55 Selecting previously unselected package libamd-comgr2:amd64.
#14 73.55 Preparing to unpack .../132-libamd-comgr2_6.0+git20231212.4510c28+dfsg-3build2_amd64.deb ...
#14 73.58 Unpacking libamd-comgr2:amd64 (6.0+git20231212.4510c28+dfsg-3build2) ...
#14 74.06 Selecting previously unselected package libdrm-amdgpu1:amd64.
#14 74.06 Preparing to unpack .../133-libdrm-amdgpu1_2.4.125-1ubuntu0.1~24.04.2_amd64.deb ...
#14 74.08 Unpacking libdrm-amdgpu1:amd64 (2.4.125-1ubuntu0.1~24.04.2) ...
#14 74.21 Selecting previously unselected package libhsakmt1:amd64.
#14 74.21 Preparing to unpack .../134-libhsakmt1_5.7.0-1build1_amd64.deb ...
#14 74.23 Unpacking libhsakmt1:amd64 (5.7.0-1build1) ...
#14 74.36 Selecting previously unselected package libhsa-runtime64-1.
#14 74.36 Preparing to unpack .../135-libhsa-runtime64-1_5.7.1-2build1_amd64.deb ...
#14 74.38 Unpacking libhsa-runtime64-1 (5.7.1-2build1) ...
#14 74.53 Selecting previously unselected package libamdhip64-5.
#14 74.53 Preparing to unpack .../136-libamdhip64-5_5.7.1-3_amd64.deb ...
#14 74.55 Unpacking libamdhip64-5 (5.7.1-3) ...
#14 74.89 Selecting previously unselected package libboost1.83-dev:amd64.
#14 74.89 Preparing to unpack .../137-libboost1.83-dev_1.83.0-2.1ubuntu3.2_amd64.deb ...
#14 74.92 Unpacking libboost1.83-dev:amd64 (1.83.0-2.1ubuntu3.2) ...
#14 78.71 Selecting previously unselected package libboost-dev:amd64.
#14 78.72 Preparing to unpack .../138-libboost-dev_1.83.0.1ubuntu2_amd64.deb ...
#14 78.74 Unpacking libboost-dev:amd64 (1.83.0.1ubuntu2) ...
#14 78.84 Selecting previously unselected package libboost1.83-tools-dev.
#14 78.84 Preparing to unpack .../139-libboost1.83-tools-dev_1.83.0-2.1ubuntu3.2_amd64.deb ...
#14 78.86 Unpacking libboost1.83-tools-dev (1.83.0-2.1ubuntu3.2) ...
#14 79.06 Selecting previously unselected package libboost-tools-dev.
#14 79.07 Preparing to unpack .../140-libboost-tools-dev_1.83.0.1ubuntu2_amd64.deb ...
#14 79.08 Unpacking libboost-tools-dev (1.83.0.1ubuntu2) ...
#14 79.20 Selecting previously unselected package libboost-atomic1.83.0:amd64.
#14 79.20 Preparing to unpack .../141-libboost-atomic1.83.0_1.83.0-2.1ubuntu3.2_amd64.deb ...
#14 79.22 Unpacking libboost-atomic1.83.0:amd64 (1.83.0-2.1ubuntu3.2) ...
#14 79.33 Selecting previously unselected package libboost-atomic1.83-dev:amd64.
#14 79.34 Preparing to unpack .../142-libboost-atomic1.83-dev_1.83.0-2.1ubuntu3.2_amd64.deb ...
#14 79.35 Unpacking libboost-atomic1.83-dev:amd64 (1.83.0-2.1ubuntu3.2) ...
#14 79.47 Selecting previously unselected package libboost-atomic-dev:amd64.
#14 79.47 Preparing to unpack .../143-libboost-atomic-dev_1.83.0.1ubuntu2_amd64.deb ...
#14 79.49 Unpacking libboost-atomic-dev:amd64 (1.83.0.1ubuntu2) ...
#14 79.61 Selecting previously unselected package libboost-chrono1.83.0t64:amd64.
#14 79.61 Preparing to unpack .../144-libboost-chrono1.83.0t64_1.83.0-2.1ubuntu3.2_amd64.deb ...
#14 79.63 Unpacking libboost-chrono1.83.0t64:amd64 (1.83.0-2.1ubuntu3.2) ...
#14 79.75 Selecting previously unselected package libboost-chrono1.83-dev:amd64.
#14 79.75 Preparing to unpack .../145-libboost-chrono1.83-dev_1.83.0-2.1ubuntu3.2_amd64.deb ...
#14 79.77 Unpacking libboost-chrono1.83-dev:amd64 (1.83.0-2.1ubuntu3.2) ...
#14 79.88 Selecting previously unselected package libboost-chrono-dev:amd64.
#14 79.89 Preparing to unpack .../146-libboost-chrono-dev_1.83.0.1ubuntu2_amd64.deb ...
#14 79.91 Unpacking libboost-chrono-dev:amd64 (1.83.0.1ubuntu2) ...
#14 80.03 Selecting previously unselected package libboost-container1.83.0:amd64.
#14 80.03 Preparing to unpack .../147-libboost-container1.83.0_1.83.0-2.1ubuntu3.2_amd64.deb ...
#14 80.05 Unpacking libboost-container1.83.0:amd64 (1.83.0-2.1ubuntu3.2) ...
#14 80.16 Selecting previously unselected package libboost-container1.83-dev:amd64.
#14 80.17 Preparing to unpack .../148-libboost-container1.83-dev_1.83.0-2.1ubuntu3.2_amd64.deb ...
#14 80.18 Unpacking libboost-container1.83-dev:amd64 (1.83.0-2.1ubuntu3.2) ...
#14 80.30 Selecting previously unselected package libboost-container-dev:amd64.
#14 80.30 Preparing to unpack .../149-libboost-container-dev_1.83.0.1ubuntu2_amd64.deb ...
#14 80.32 Unpacking libboost-container-dev:amd64 (1.83.0.1ubuntu2) ...
#14 80.45 Selecting previously unselected package libboost-date-time1.83.0:amd64.
#14 80.45 Preparing to unpack .../150-libboost-date-time1.83.0_1.83.0-2.1ubuntu3.2_amd64.deb ...
#14 80.47 Unpacking libboost-date-time1.83.0:amd64 (1.83.0-2.1ubuntu3.2) ...
#14 80.61 Selecting previously unselected package libboost-serialization1.83.0:amd64.
#14 80.61 Preparing to unpack .../151-libboost-serialization1.83.0_1.83.0-2.1ubuntu3.2_amd64.deb ...
#14 80.63 Unpacking libboost-serialization1.83.0:amd64 (1.83.0-2.1ubuntu3.2) ...
#14 80.75 Selecting previously unselected package libboost-serialization1.83-dev:amd64.
#14 80.75 Preparing to unpack .../152-libboost-serialization1.83-dev_1.83.0-2.1ubuntu3.2_amd64.deb ...
#14 80.77 Unpacking libboost-serialization1.83-dev:amd64 (1.83.0-2.1ubuntu3.2) ...
#14 80.89 Selecting previously unselected package libboost-date-time1.83-dev:amd64.
#14 80.90 Preparing to unpack .../153-libboost-date-time1.83-dev_1.83.0-2.1ubuntu3.2_amd64.deb ...
#14 80.92 Unpacking libboost-date-time1.83-dev:amd64 (1.83.0-2.1ubuntu3.2) ...
#14 81.04 Selecting previously unselected package libboost-system1.83.0:amd64.
#14 81.05 Preparing to unpack .../154-libboost-system1.83.0_1.83.0-2.1ubuntu3.2_amd64.deb ...
#14 81.07 Unpacking libboost-system1.83.0:amd64 (1.83.0-2.1ubuntu3.2) ...
#14 81.18 Selecting previously unselected package libboost-system1.83-dev:amd64.
#14 81.18 Preparing to unpack .../155-libboost-system1.83-dev_1.83.0-2.1ubuntu3.2_amd64.deb ...
#14 81.20 Unpacking libboost-system1.83-dev:amd64 (1.83.0-2.1ubuntu3.2) ...
#14 81.33 Selecting previously unselected package libboost-thread1.83.0:amd64.
#14 81.34 Preparing to unpack .../156-libboost-thread1.83.0_1.83.0-2.1ubuntu3.2_amd64.deb ...
#14 81.36 Unpacking libboost-thread1.83.0:amd64 (1.83.0-2.1ubuntu3.2) ...
#14 81.47 Selecting previously unselected package libboost-thread1.83-dev:amd64.
#14 81.48 Preparing to unpack .../157-libboost-thread1.83-dev_1.83.0-2.1ubuntu3.2_amd64.deb ...
#14 81.50 Unpacking libboost-thread1.83-dev:amd64 (1.83.0-2.1ubuntu3.2) ...
#14 81.63 Selecting previously unselected package libboost-context1.83.0:amd64.
#14 81.64 Preparing to unpack .../158-libboost-context1.83.0_1.83.0-2.1ubuntu3.2_amd64.deb ...
#14 81.65 Unpacking libboost-context1.83.0:amd64 (1.83.0-2.1ubuntu3.2) ...
#14 81.77 Selecting previously unselected package libboost-context1.83-dev:amd64.
#14 81.77 Preparing to unpack .../159-libboost-context1.83-dev_1.83.0-2.1ubuntu3.2_amd64.deb ...
#14 81.79 Unpacking libboost-context1.83-dev:amd64 (1.83.0-2.1ubuntu3.2) ...
#14 81.91 Selecting previously unselected package libboost-context-dev:amd64.
#14 81.91 Preparing to unpack .../160-libboost-context-dev_1.83.0.1ubuntu2_amd64.deb ...
#14 81.93 Unpacking libboost-context-dev:amd64 (1.83.0.1ubuntu2) ...
#14 82.05 Selecting previously unselected package libboost-coroutine1.83.0:amd64.
#14 82.05 Preparing to unpack .../161-libboost-coroutine1.83.0_1.83.0-2.1ubuntu3.2_amd64.deb ...
#14 82.07 Unpacking libboost-coroutine1.83.0:amd64 (1.83.0-2.1ubuntu3.2) ...
#14 82.18 Selecting previously unselected package libboost-coroutine1.83-dev:amd64.
#14 82.19 Preparing to unpack .../162-libboost-coroutine1.83-dev_1.83.0-2.1ubuntu3.2_amd64.deb ...
#14 82.21 Unpacking libboost-coroutine1.83-dev:amd64 (1.83.0-2.1ubuntu3.2) ...
#14 82.35 Selecting previously unselected package libboost-coroutine-dev:amd64.
#14 82.36 Preparing to unpack .../163-libboost-coroutine-dev_1.83.0.1ubuntu2_amd64.deb ...
#14 82.38 Unpacking libboost-coroutine-dev:amd64 (1.83.0.1ubuntu2) ...
#14 82.47 Selecting previously unselected package libboost-date-time-dev:amd64.
#14 82.48 Preparing to unpack .../164-libboost-date-time-dev_1.83.0.1ubuntu2_amd64.deb ...
#14 82.50 Unpacking libboost-date-time-dev:amd64 (1.83.0.1ubuntu2) ...
#14 82.60 Selecting previously unselected package libboost-exception1.83-dev:amd64.
#14 82.60 Preparing to unpack .../165-libboost-exception1.83-dev_1.83.0-2.1ubuntu3.2_amd64.deb ...
#14 82.62 Unpacking libboost-exception1.83-dev:amd64 (1.83.0-2.1ubuntu3.2) ...
#14 82.73 Selecting previously unselected package libboost-exception-dev:amd64.
#14 82.73 Preparing to unpack .../166-libboost-exception-dev_1.83.0.1ubuntu2_amd64.deb ...
#14 82.75 Unpacking libboost-exception-dev:amd64 (1.83.0.1ubuntu2) ...
#14 82.88 Selecting previously unselected package libboost-filesystem1.83.0:amd64.
#14 82.88 Preparing to unpack .../167-libboost-filesystem1.83.0_1.83.0-2.1ubuntu3.2_amd64.deb ...
#14 82.94 Unpacking libboost-filesystem1.83.0:amd64 (1.83.0-2.1ubuntu3.2) ...
#14 83.05 Selecting previously unselected package libboost-filesystem1.83-dev:amd64.
#14 83.06 Preparing to unpack .../168-libboost-filesystem1.83-dev_1.83.0-2.1ubuntu3.2_amd64.deb ...
#14 83.08 Unpacking libboost-filesystem1.83-dev:amd64 (1.83.0-2.1ubuntu3.2) ...
#14 83.21 Selecting previously unselected package libboost-fiber1.83.0:amd64.
#14 83.22 Preparing to unpack .../169-libboost-fiber1.83.0_1.83.0-2.1ubuntu3.2_amd64.deb ...
#14 83.23 Unpacking libboost-fiber1.83.0:amd64 (1.83.0-2.1ubuntu3.2) ...
#14 83.35 Selecting previously unselected package libboost-fiber1.83-dev:amd64.
#14 83.35 Preparing to unpack .../170-libboost-fiber1.83-dev_1.83.0-2.1ubuntu3.2_amd64.deb ...
#14 83.37 Unpacking libboost-fiber1.83-dev:amd64 (1.83.0-2.1ubuntu3.2) ...
#14 83.48 Selecting previously unselected package libboost-fiber-dev:amd64.
#14 83.49 Preparing to unpack .../171-libboost-fiber-dev_1.83.0.1ubuntu2_amd64.deb ...
#14 83.51 Unpacking libboost-fiber-dev:amd64 (1.83.0.1ubuntu2) ...
#14 83.61 Selecting previously unselected package libboost-filesystem-dev:amd64.
#14 83.61 Preparing to unpack .../172-libboost-filesystem-dev_1.83.0.1ubuntu2_amd64.deb ...
#14 83.63 Unpacking libboost-filesystem-dev:amd64 (1.83.0.1ubuntu2) ...
#14 83.75 Selecting previously unselected package libboost-graph1.83.0:amd64.
#14 83.75 Preparing to unpack .../173-libboost-graph1.83.0_1.83.0-2.1ubuntu3.2_amd64.deb ...
#14 83.77 Unpacking libboost-graph1.83.0:amd64 (1.83.0-2.1ubuntu3.2) ...
#14 83.90 Selecting previously unselected package libboost-regex1.83.0:amd64.
#14 83.91 Preparing to unpack .../174-libboost-regex1.83.0_1.83.0-2.1ubuntu3.2_amd64.deb ...
#14 83.93 Unpacking libboost-regex1.83.0:amd64 (1.83.0-2.1ubuntu3.2) ...
#14 84.04 Selecting previously unselected package libicu-dev:amd64.
#14 84.05 Preparing to unpack .../175-libicu-dev_74.2-1ubuntu3.1_amd64.deb ...
#14 84.07 Unpacking libicu-dev:amd64 (74.2-1ubuntu3.1) ...
#14 84.49 Selecting previously unselected package libboost-regex1.83-dev:amd64.
#14 84.49 Preparing to unpack .../176-libboost-regex1.83-dev_1.83.0-2.1ubuntu3.2_amd64.deb ...
#14 84.52 Unpacking libboost-regex1.83-dev:amd64 (1.83.0-2.1ubuntu3.2) ...
#14 84.66 Selecting previously unselected package libboost-test1.83.0:amd64.
#14 84.66 Preparing to unpack .../177-libboost-test1.83.0_1.83.0-2.1ubuntu3.2_amd64.deb ...
#14 84.69 Unpacking libboost-test1.83.0:amd64 (1.83.0-2.1ubuntu3.2) ...
#14 84.81 Selecting previously unselected package libboost-test1.83-dev:amd64.
#14 84.81 Preparing to unpack .../178-libboost-test1.83-dev_1.83.0-2.1ubuntu3.2_amd64.deb ...
#14 84.83 Unpacking libboost-test1.83-dev:amd64 (1.83.0-2.1ubuntu3.2) ...
#14 84.97 Selecting previously unselected package libboost-graph1.83-dev:amd64.
#14 84.97 Preparing to unpack .../179-libboost-graph1.83-dev_1.83.0-2.1ubuntu3.2_amd64.deb ...
#14 84.99 Unpacking libboost-graph1.83-dev:amd64 (1.83.0-2.1ubuntu3.2) ...
#14 85.11 Selecting previously unselected package libboost-graph-dev:amd64.
#14 85.11 Preparing to unpack .../180-libboost-graph-dev_1.83.0.1ubuntu2_amd64.deb ...
#14 85.14 Unpacking libboost-graph-dev:amd64 (1.83.0.1ubuntu2) ...
#14 85.26 Selecting previously unselected package libevent-core-2.1-7t64:amd64.
#14 85.27 Preparing to unpack .../181-libevent-core-2.1-7t64_2.1.12-stable-9ubuntu2.1_amd64.deb ...
#14 85.29 Unpacking libevent-core-2.1-7t64:amd64 (2.1.12-stable-9ubuntu2.1) ...
#14 85.42 Selecting previously unselected package libevent-pthreads-2.1-7t64:amd64.
#14 85.42 Preparing to unpack .../182-libevent-pthreads-2.1-7t64_2.1.12-stable-9ubuntu2.1_amd64.deb ...
#14 85.44 Unpacking libevent-pthreads-2.1-7t64:amd64 (2.1.12-stable-9ubuntu2.1) ...
#14 85.61 Selecting previously unselected package libpsm-infinipath1.
#14 85.61 Preparing to unpack .../183-libpsm-infinipath1_3.3+20.604758e7-6.3build1_amd64.deb ...
#14 85.63 Unpacking libpsm-infinipath1 (3.3+20.604758e7-6.3build1) ...
#14 85.76 Selecting previously unselected package libpsm2-2.
#14 85.77 Preparing to unpack .../184-libpsm2-2_11.2.185-2build1_amd64.deb ...
#14 85.79 Unpacking libpsm2-2 (11.2.185-2build1) ...
#14 85.92 Selecting previously unselected package librdmacm1t64:amd64.
#14 85.92 Preparing to unpack .../185-librdmacm1t64_50.0-2ubuntu0.2_amd64.deb ...
#14 85.94 Unpacking librdmacm1t64:amd64 (50.0-2ubuntu0.2) ...
#14 86.14 Selecting previously unselected package libfabric1:amd64.
#14 86.14 Preparing to unpack .../186-libfabric1_1.17.0-3build2_amd64.deb ...
#14 86.16 Unpacking libfabric1:amd64 (1.17.0-3build2) ...
#14 86.30 Selecting previously unselected package libhwloc15:amd64.
#14 86.30 Preparing to unpack .../187-libhwloc15_2.10.0-1build1_amd64.deb ...
#14 86.32 Unpacking libhwloc15:amd64 (2.10.0-1build1) ...
#14 86.45 Selecting previously unselected package libmunge2:amd64.
#14 86.46 Preparing to unpack .../188-libmunge2_0.5.15-4ubuntu0.1_amd64.deb ...
#14 86.48 Unpacking libmunge2:amd64 (0.5.15-4ubuntu0.1) ...
#14 86.88 Selecting previously unselected package libpciaccess0:amd64.
#14 86.88 Preparing to unpack .../189-libpciaccess0_0.17-3ubuntu0.24.04.2_amd64.deb ...
#14 86.90 Unpacking libpciaccess0:amd64 (0.17-3ubuntu0.24.04.2) ...
#14 87.03 Selecting previously unselected package libxnvctrl0:amd64.
#14 87.03 Preparing to unpack .../190-libxnvctrl0_510.47.03-0ubuntu4.24.04.1_amd64.deb ...
#14 87.06 Unpacking libxnvctrl0:amd64 (510.47.03-0ubuntu4.24.04.1) ...
#14 87.18 Selecting previously unselected package ocl-icd-libopencl1:amd64.
#14 87.19 Preparing to unpack .../191-ocl-icd-libopencl1_2.3.2-1build1_amd64.deb ...
#14 87.21 Unpacking ocl-icd-libopencl1:amd64 (2.3.2-1build1) ...
#14 87.31 Selecting previously unselected package libhwloc-plugins:amd64.
#14 87.31 Preparing to unpack .../192-libhwloc-plugins_2.10.0-1build1_amd64.deb ...
#14 87.33 Unpacking libhwloc-plugins:amd64 (2.10.0-1build1) ...
#14 87.45 Selecting previously unselected package libpmix2t64:amd64.
#14 87.45 Preparing to unpack .../193-libpmix2t64_5.0.1-4.1build1_amd64.deb ...
#14 87.48 Unpacking libpmix2t64:amd64 (5.0.1-4.1build1) ...
#14 87.62 Selecting previously unselected package libucx0:amd64.
#14 87.63 Preparing to unpack .../194-libucx0_1.16.0+ds-5ubuntu1_amd64.deb ...
#14 87.65 Unpacking libucx0:amd64 (1.16.0+ds-5ubuntu1) ...
#14 87.79 Selecting previously unselected package libopenmpi3t64:amd64.
#14 87.79 Preparing to unpack .../195-libopenmpi3t64_4.1.6-7ubuntu2_amd64.deb ...
#14 87.82 Unpacking libopenmpi3t64:amd64 (4.1.6-7ubuntu2) ...
#14 88.03 Selecting previously unselected package libboost-mpi1.83.0.
#14 88.04 Preparing to unpack .../196-libboost-mpi1.83.0_1.83.0-2.1ubuntu3.2_amd64.deb ...
#14 88.06 Unpacking libboost-mpi1.83.0 (1.83.0-2.1ubuntu3.2) ...
#14 88.19 Selecting previously unselected package libboost-graph-parallel1.83.0.
#14 88.19 Preparing to unpack .../197-libboost-graph-parallel1.83.0_1.83.0-2.1ubuntu3.2_amd64.deb ...
#14 88.21 Unpacking libboost-graph-parallel1.83.0 (1.83.0-2.1ubuntu3.2) ...
#14 88.32 Selecting previously unselected package libboost-graph-parallel1.83-dev.
#14 88.33 Preparing to unpack .../198-libboost-graph-parallel1.83-dev_1.83.0-2.1ubuntu3.2_amd64.deb ...
#14 88.35 Unpacking libboost-graph-parallel1.83-dev (1.83.0-2.1ubuntu3.2) ...
#14 88.46 Selecting previously unselected package libboost-graph-parallel-dev.
#14 88.47 Preparing to unpack .../199-libboost-graph-parallel-dev_1.83.0.1ubuntu2_amd64.deb ...
#14 88.49 Unpacking libboost-graph-parallel-dev (1.83.0.1ubuntu2) ...
#14 88.61 Selecting previously unselected package libboost-iostreams1.83.0:amd64.
#14 88.61 Preparing to unpack .../200-libboost-iostreams1.83.0_1.83.0-2.1ubuntu3.2_amd64.deb ...
#14 88.63 Unpacking libboost-iostreams1.83.0:amd64 (1.83.0-2.1ubuntu3.2) ...
#14 88.75 Selecting previously unselected package libboost-iostreams1.83-dev:amd64.
#14 88.75 Preparing to unpack .../201-libboost-iostreams1.83-dev_1.83.0-2.1ubuntu3.2_amd64.deb ...
#14 88.77 Unpacking libboost-iostreams1.83-dev:amd64 (1.83.0-2.1ubuntu3.2) ...
#14 88.89 Selecting previously unselected package libboost-iostreams-dev:amd64.
#14 88.89 Preparing to unpack .../202-libboost-iostreams-dev_1.83.0.1ubuntu2_amd64.deb ...
#14 88.91 Unpacking libboost-iostreams-dev:amd64 (1.83.0.1ubuntu2) ...
#14 89.03 Selecting previously unselected package libboost-json1.83.0:amd64.
#14 89.03 Preparing to unpack .../203-libboost-json1.83.0_1.83.0-2.1ubuntu3.2_amd64.deb ...
#14 89.05 Unpacking libboost-json1.83.0:amd64 (1.83.0-2.1ubuntu3.2) ...
#14 89.17 Selecting previously unselected package libboost-json1.83-dev:amd64.
#14 89.17 Preparing to unpack .../204-libboost-json1.83-dev_1.83.0-2.1ubuntu3.2_amd64.deb ...
#14 89.19 Unpacking libboost-json1.83-dev:amd64 (1.83.0-2.1ubuntu3.2) ...
#14 89.31 Selecting previously unselected package libboost-json-dev:amd64.
#14 89.31 Preparing to unpack .../205-libboost-json-dev_1.83.0.1ubuntu2_amd64.deb ...
#14 89.33 Unpacking libboost-json-dev:amd64 (1.83.0.1ubuntu2) ...
#14 89.46 Selecting previously unselected package libboost-locale1.83.0:amd64.
#14 89.46 Preparing to unpack .../206-libboost-locale1.83.0_1.83.0-2.1ubuntu3.2_amd64.deb ...
#14 89.48 Unpacking libboost-locale1.83.0:amd64 (1.83.0-2.1ubuntu3.2) ...
#14 89.60 Selecting previously unselected package libboost-locale1.83-dev:amd64.
#14 89.60 Preparing to unpack .../207-libboost-locale1.83-dev_1.83.0-2.1ubuntu3.2_amd64.deb ...
#14 89.62 Unpacking libboost-locale1.83-dev:amd64 (1.83.0-2.1ubuntu3.2) ...
#14 89.75 Selecting previously unselected package libboost-locale-dev:amd64.
#14 89.75 Preparing to unpack .../208-libboost-locale-dev_1.83.0.1ubuntu2_amd64.deb ...
#14 89.77 Unpacking libboost-locale-dev:amd64 (1.83.0.1ubuntu2) ...
#14 89.89 Selecting previously unselected package libboost-log1.83.0.
#14 89.89 Preparing to unpack .../209-libboost-log1.83.0_1.83.0-2.1ubuntu3.2_amd64.deb ...
#14 89.91 Unpacking libboost-log1.83.0 (1.83.0-2.1ubuntu3.2) ...
#14 90.04 Selecting previously unselected package libboost-log1.83-dev.
#14 90.05 Preparing to unpack .../210-libboost-log1.83-dev_1.83.0-2.1ubuntu3.2_amd64.deb ...
#14 90.07 Unpacking libboost-log1.83-dev (1.83.0-2.1ubuntu3.2) ...
#14 90.22 Selecting previously unselected package libboost-log-dev.
#14 90.23 Preparing to unpack .../211-libboost-log-dev_1.83.0.1ubuntu2_amd64.deb ...
#14 90.25 Unpacking libboost-log-dev (1.83.0.1ubuntu2) ...
#14 90.38 Selecting previously unselected package libboost-math1.83.0:amd64.
#14 90.38 Preparing to unpack .../212-libboost-math1.83.0_1.83.0-2.1ubuntu3.2_amd64.deb ...
#14 90.40 Unpacking libboost-math1.83.0:amd64 (1.83.0-2.1ubuntu3.2) ...
#14 90.52 Selecting previously unselected package libboost-math1.83-dev:amd64.
#14 90.52 Preparing to unpack .../213-libboost-math1.83-dev_1.83.0-2.1ubuntu3.2_amd64.deb ...
#14 90.54 Unpacking libboost-math1.83-dev:amd64 (1.83.0-2.1ubuntu3.2) ...
#14 90.68 Selecting previously unselected package libboost-math-dev:amd64.
#14 90.68 Preparing to unpack .../214-libboost-math-dev_1.83.0.1ubuntu2_amd64.deb ...
#14 90.70 Unpacking libboost-math-dev:amd64 (1.83.0.1ubuntu2) ...
#14 90.81 Selecting previously unselected package openmpi-common.
#14 90.81 Preparing to unpack .../215-openmpi-common_4.1.6-7ubuntu2_all.deb ...
#14 90.83 Unpacking openmpi-common (4.1.6-7ubuntu2) ...
#14 90.96 Selecting previously unselected package libnl-3-dev:amd64.
#14 90.96 Preparing to unpack .../216-libnl-3-dev_3.7.0-0.3build1.1_amd64.deb ...
#14 90.98 Unpacking libnl-3-dev:amd64 (3.7.0-0.3build1.1) ...
#14 91.12 Selecting previously unselected package libnl-route-3-dev:amd64.
#14 91.13 Preparing to unpack .../217-libnl-route-3-dev_3.7.0-0.3build1.1_amd64.deb ...
#14 91.15 Unpacking libnl-route-3-dev:amd64 (3.7.0-0.3build1.1) ...
#14 91.26 Selecting previously unselected package libibverbs-dev:amd64.
#14 91.27 Preparing to unpack .../218-libibverbs-dev_50.0-2ubuntu0.2_amd64.deb ...
#14 91.29 Unpacking libibverbs-dev:amd64 (50.0-2ubuntu0.2) ...
#14 91.43 Selecting previously unselected package libnuma-dev:amd64.
#14 91.43 Preparing to unpack .../219-libnuma-dev_2.0.18-1ubuntu0.24.04.1_amd64.deb ...
#14 91.45 Unpacking libnuma-dev:amd64 (2.0.18-1ubuntu0.24.04.1) ...
#14 91.57 Selecting previously unselected package libltdl7:amd64.
#14 91.58 Preparing to unpack .../220-libltdl7_2.4.7-7build1_amd64.deb ...
#14 91.60 Unpacking libltdl7:amd64 (2.4.7-7build1) ...
#14 91.69 Selecting previously unselected package libltdl-dev:amd64.
#14 91.70 Preparing to unpack .../221-libltdl-dev_2.4.7-7build1_amd64.deb ...
#14 91.72 Unpacking libltdl-dev:amd64 (2.4.7-7build1) ...
#14 91.83 Selecting previously unselected package libhwloc-dev:amd64.
#14 91.83 Preparing to unpack .../222-libhwloc-dev_2.10.0-1build1_amd64.deb ...
#14 91.85 Unpacking libhwloc-dev:amd64 (2.10.0-1build1) ...
#14 92.00 Selecting previously unselected package libevent-2.1-7t64:amd64.
#14 92.00 Preparing to unpack .../223-libevent-2.1-7t64_2.1.12-stable-9ubuntu2.1_amd64.deb ...
#14 92.03 Unpacking libevent-2.1-7t64:amd64 (2.1.12-stable-9ubuntu2.1) ...
#14 92.43 Selecting previously unselected package libevent-extra-2.1-7t64:amd64.
#14 92.43 Preparing to unpack .../224-libevent-extra-2.1-7t64_2.1.12-stable-9ubuntu2.1_amd64.deb ...
#14 92.53 Unpacking libevent-extra-2.1-7t64:amd64 (2.1.12-stable-9ubuntu2.1) ...
#14 93.43 Selecting previously unselected package libevent-openssl-2.1-7t64:amd64.
#14 93.44 Preparing to unpack .../225-libevent-openssl-2.1-7t64_2.1.12-stable-9ubuntu2.1_amd64.deb ...
#14 93.46 Unpacking libevent-openssl-2.1-7t64:amd64 (2.1.12-stable-9ubuntu2.1) ...
#14 93.56 Selecting previously unselected package libevent-dev.
#14 93.56 Preparing to unpack .../226-libevent-dev_2.1.12-stable-9ubuntu2.1_amd64.deb ...
#14 93.58 Unpacking libevent-dev (2.1.12-stable-9ubuntu2.1) ...
#14 93.71 Selecting previously unselected package libpmix-dev:amd64.
#14 93.71 Preparing to unpack .../227-libpmix-dev_5.0.1-4.1build1_amd64.deb ...
#14 93.73 Unpacking libpmix-dev:amd64 (5.0.1-4.1build1) ...
#14 94.11 Selecting previously unselected package libjs-jquery.
#14 94.11 Preparing to unpack .../228-libjs-jquery_3.6.1+dfsg+~3.5.14-1_all.deb ...
#14 94.14 Unpacking libjs-jquery (3.6.1+dfsg+~3.5.14-1) ...
#14 94.25 Selecting previously unselected package libjs-jquery-ui.
#14 94.25 Preparing to unpack .../229-libjs-jquery-ui_1.13.2+dfsg-1_all.deb ...
#14 94.27 Unpacking libjs-jquery-ui (1.13.2+dfsg-1) ...
#14 94.48 Selecting previously unselected package openmpi-bin.
#14 94.48 Preparing to unpack .../230-openmpi-bin_4.1.6-7ubuntu2_amd64.deb ...
#14 94.50 Unpacking openmpi-bin (4.1.6-7ubuntu2) ...
#14 94.67 Selecting previously unselected package libopenmpi-dev:amd64.
#14 94.68 Preparing to unpack .../231-libopenmpi-dev_4.1.6-7ubuntu2_amd64.deb ...
#14 94.72 Unpacking libopenmpi-dev:amd64 (4.1.6-7ubuntu2) ...
#14 95.14 Selecting previously unselected package mpi-default-dev.
#14 95.14 Preparing to unpack .../232-mpi-default-dev_1.15build1_amd64.deb ...
#14 95.16 Unpacking mpi-default-dev (1.15build1) ...
#14 95.27 Selecting previously unselected package libboost-mpi1.83-dev.
#14 95.27 Preparing to unpack .../233-libboost-mpi1.83-dev_1.83.0-2.1ubuntu3.2_amd64.deb ...
#14 95.29 Unpacking libboost-mpi1.83-dev (1.83.0-2.1ubuntu3.2) ...
#14 95.41 Selecting previously unselected package libboost-mpi-dev.
#14 95.41 Preparing to unpack .../234-libboost-mpi-dev_1.83.0.1ubuntu2_amd64.deb ...
#14 95.43 Unpacking libboost-mpi-dev (1.83.0.1ubuntu2) ...
#14 95.55 Selecting previously unselected package libboost-python1.83.0.
#14 95.56 Preparing to unpack .../235-libboost-python1.83.0_1.83.0-2.1ubuntu3.2_amd64.deb ...
#14 95.57 Unpacking libboost-python1.83.0 (1.83.0-2.1ubuntu3.2) ...
#14 95.68 Selecting previously unselected package mpi-default-bin.
#14 95.69 Preparing to unpack .../236-mpi-default-bin_1.15build1_amd64.deb ...
#14 95.71 Unpacking mpi-default-bin (1.15build1) ...
#14 95.85 Selecting previously unselected package libboost-mpi-python1.83.0.
#14 95.85 Preparing to unpack .../237-libboost-mpi-python1.83.0_1.83.0-2.1ubuntu3.2_amd64.deb ...
#14 95.87 Unpacking libboost-mpi-python1.83.0 (1.83.0-2.1ubuntu3.2) ...
#14 95.98 Selecting previously unselected package libboost-mpi-python1.83-dev.
#14 95.99 Preparing to unpack .../238-libboost-mpi-python1.83-dev_1.83.0-2.1ubuntu3.2_amd64.deb ...
#14 96.01 Unpacking libboost-mpi-python1.83-dev (1.83.0-2.1ubuntu3.2) ...
#14 96.12 Selecting previously unselected package libboost-mpi-python-dev.
#14 96.12 Preparing to unpack .../239-libboost-mpi-python-dev_1.83.0.1ubuntu2_amd64.deb ...
#14 96.14 Unpacking libboost-mpi-python-dev (1.83.0.1ubuntu2) ...
#14 96.26 Selecting previously unselected package libboost-numpy1.83.0.
#14 96.27 Preparing to unpack .../240-libboost-numpy1.83.0_1.83.0-2.1ubuntu3.2_amd64.deb ...
#14 96.28 Unpacking libboost-numpy1.83.0 (1.83.0-2.1ubuntu3.2) ...
#14 96.40 Selecting previously unselected package libboost-numpy1.83-dev.
#14 96.40 Preparing to unpack .../241-libboost-numpy1.83-dev_1.83.0-2.1ubuntu3.2_amd64.deb ...
#14 96.42 Unpacking libboost-numpy1.83-dev (1.83.0-2.1ubuntu3.2) ...
#14 96.54 Selecting previously unselected package libboost-numpy-dev.
#14 96.54 Preparing to unpack .../242-libboost-numpy-dev_1.83.0.1ubuntu2_amd64.deb ...
#14 96.56 Unpacking libboost-numpy-dev (1.83.0.1ubuntu2) ...
#14 96.69 Selecting previously unselected package libboost-program-options1.83.0:amd64.
#14 96.69 Preparing to unpack .../243-libboost-program-options1.83.0_1.83.0-2.1ubuntu3.2_amd64.deb ...
#14 96.71 Unpacking libboost-program-options1.83.0:amd64 (1.83.0-2.1ubuntu3.2) ...
#14 96.83 Selecting previously unselected package libboost-program-options1.83-dev:amd64.
#14 96.84 Preparing to unpack .../244-libboost-program-options1.83-dev_1.83.0-2.1ubuntu3.2_amd64.deb ...
#14 96.86 Unpacking libboost-program-options1.83-dev:amd64 (1.83.0-2.1ubuntu3.2) ...
#14 96.99 Selecting previously unselected package libboost-program-options-dev:amd64.
#14 97.00 Preparing to unpack .../245-libboost-program-options-dev_1.83.0.1ubuntu2_amd64.deb ...
#14 97.02 Unpacking libboost-program-options-dev:amd64 (1.83.0.1ubuntu2) ...
#14 97.15 Selecting previously unselected package libpython3.12t64:amd64.
#14 97.15 Preparing to unpack .../246-libpython3.12t64_3.12.3-1ubuntu0.16_amd64.deb ...
#14 97.17 Unpacking libpython3.12t64:amd64 (3.12.3-1ubuntu0.16) ...
#14 97.34 Selecting previously unselected package libexpat1-dev:amd64.
#14 97.34 Preparing to unpack .../247-libexpat1-dev_2.6.1-2ubuntu0.4_amd64.deb ...
#14 97.36 Unpacking libexpat1-dev:amd64 (2.6.1-2ubuntu0.4) ...
#14 97.47 Selecting previously unselected package libpython3.12-dev:amd64.
#14 97.48 Preparing to unpack .../248-libpython3.12-dev_3.12.3-1ubuntu0.16_amd64.deb ...
#14 97.49 Unpacking libpython3.12-dev:amd64 (3.12.3-1ubuntu0.16) ...
#14 97.82 Selecting previously unselected package libpython3-dev:amd64.
#14 97.82 Preparing to unpack .../249-libpython3-dev_3.12.3-0ubuntu2.1_amd64.deb ...
#14 97.85 Unpacking libpython3-dev:amd64 (3.12.3-0ubuntu2.1) ...
#14 97.94 Selecting previously unselected package python3.12-dev.
#14 97.95 Preparing to unpack .../250-python3.12-dev_3.12.3-1ubuntu0.16_amd64.deb ...
#14 97.97 Unpacking python3.12-dev (3.12.3-1ubuntu0.16) ...
#14 98.12 Selecting previously unselected package libjs-underscore.
#14 98.12 Preparing to unpack .../251-libjs-underscore_1.13.4~dfsg+~1.11.4-3_all.deb ...
#14 98.15 Unpacking libjs-underscore (1.13.4~dfsg+~1.11.4-3) ...
#14 98.26 Selecting previously unselected package libjs-sphinxdoc.
#14 98.26 Preparing to unpack .../252-libjs-sphinxdoc_7.2.6-6_all.deb ...
#14 98.28 Unpacking libjs-sphinxdoc (7.2.6-6) ...
#14 98.38 Selecting previously unselected package python3-dev.
#14 98.39 Preparing to unpack .../253-python3-dev_3.12.3-0ubuntu2.1_amd64.deb ...
#14 98.41 Unpacking python3-dev (3.12.3-0ubuntu2.1) ...
#14 98.56 Selecting previously unselected package libboost-python1.83-dev.
#14 98.56 Preparing to unpack .../254-libboost-python1.83-dev_1.83.0-2.1ubuntu3.2_amd64.deb ...
#14 98.58 Unpacking libboost-python1.83-dev (1.83.0-2.1ubuntu3.2) ...
#14 98.70 Selecting previously unselected package libboost-python-dev.
#14 98.71 Preparing to unpack .../255-libboost-python-dev_1.83.0.1ubuntu2_amd64.deb ...
#14 98.72 Unpacking libboost-python-dev (1.83.0.1ubuntu2) ...
#14 98.85 Selecting previously unselected package libboost-random1.83.0:amd64.
#14 98.85 Preparing to unpack .../256-libboost-random1.83.0_1.83.0-2.1ubuntu3.2_amd64.deb ...
#14 98.87 Unpacking libboost-random1.83.0:amd64 (1.83.0-2.1ubuntu3.2) ...
#14 98.99 Selecting previously unselected package libboost-random1.83-dev:amd64.
#14 98.99 Preparing to unpack .../257-libboost-random1.83-dev_1.83.0-2.1ubuntu3.2_amd64.deb ...
#14 99.01 Unpacking libboost-random1.83-dev:amd64 (1.83.0-2.1ubuntu3.2) ...
#14 99.13 Selecting previously unselected package libboost-random-dev:amd64.
#14 99.13 Preparing to unpack .../258-libboost-random-dev_1.83.0.1ubuntu2_amd64.deb ...
#14 99.15 Unpacking libboost-random-dev:amd64 (1.83.0.1ubuntu2) ...
#14 99.25 Selecting previously unselected package libboost-regex-dev:amd64.
#14 99.26 Preparing to unpack .../259-libboost-regex-dev_1.83.0.1ubuntu2_amd64.deb ...
#14 99.28 Unpacking libboost-regex-dev:amd64 (1.83.0.1ubuntu2) ...
#14 99.38 Selecting previously unselected package libboost-serialization-dev:amd64.
#14 99.38 Preparing to unpack .../260-libboost-serialization-dev_1.83.0.1ubuntu2_amd64.deb ...
#14 99.40 Unpacking libboost-serialization-dev:amd64 (1.83.0.1ubuntu2) ...
#14 99.53 Selecting previously unselected package libboost-stacktrace1.83.0:amd64.
#14 99.53 Preparing to unpack .../261-libboost-stacktrace1.83.0_1.83.0-2.1ubuntu3.2_amd64.deb ...
#14 99.55 Unpacking libboost-stacktrace1.83.0:amd64 (1.83.0-2.1ubuntu3.2) ...
#14 99.66 Selecting previously unselected package libboost-stacktrace1.83-dev:amd64.
#14 99.67 Preparing to unpack .../262-libboost-stacktrace1.83-dev_1.83.0-2.1ubuntu3.2_amd64.deb ...
#14 99.69 Unpacking libboost-stacktrace1.83-dev:amd64 (1.83.0-2.1ubuntu3.2) ...
#14 99.81 Selecting previously unselected package libboost-stacktrace-dev:amd64.
#14 99.81 Preparing to unpack .../263-libboost-stacktrace-dev_1.83.0.1ubuntu2_amd64.deb ...
#14 99.83 Unpacking libboost-stacktrace-dev:amd64 (1.83.0.1ubuntu2) ...
#14 99.93 Selecting previously unselected package libboost-system-dev:amd64.
#14 99.94 Preparing to unpack .../264-libboost-system-dev_1.83.0.1ubuntu2_amd64.deb ...
#14 99.95 Unpacking libboost-system-dev:amd64 (1.83.0.1ubuntu2) ...
#14 100.1 Selecting previously unselected package libboost-test-dev:amd64.
#14 100.1 Preparing to unpack .../265-libboost-test-dev_1.83.0.1ubuntu2_amd64.deb ...
#14 100.1 Unpacking libboost-test-dev:amd64 (1.83.0.1ubuntu2) ...
#14 100.2 Selecting previously unselected package libboost-thread-dev:amd64.
#14 100.2 Preparing to unpack .../266-libboost-thread-dev_1.83.0.1ubuntu2_amd64.deb ...
#14 100.2 Unpacking libboost-thread-dev:amd64 (1.83.0.1ubuntu2) ...
#14 100.3 Selecting previously unselected package libboost-timer1.83.0:amd64.
#14 100.3 Preparing to unpack .../267-libboost-timer1.83.0_1.83.0-2.1ubuntu3.2_amd64.deb ...
#14 100.4 Unpacking libboost-timer1.83.0:amd64 (1.83.0-2.1ubuntu3.2) ...
#14 100.5 Selecting previously unselected package libboost-timer1.83-dev:amd64.
#14 100.5 Preparing to unpack .../268-libboost-timer1.83-dev_1.83.0-2.1ubuntu3.2_amd64.deb ...
#14 100.5 Unpacking libboost-timer1.83-dev:amd64 (1.83.0-2.1ubuntu3.2) ...
#14 100.6 Selecting previously unselected package libboost-timer-dev:amd64.
#14 100.6 Preparing to unpack .../269-libboost-timer-dev_1.83.0.1ubuntu2_amd64.deb ...
#14 100.6 Unpacking libboost-timer-dev:amd64 (1.83.0.1ubuntu2) ...
#14 100.8 Selecting previously unselected package libboost-type-erasure1.83.0:amd64.
#14 100.8 Preparing to unpack .../270-libboost-type-erasure1.83.0_1.83.0-2.1ubuntu3.2_amd64.deb ...
#14 100.8 Unpacking libboost-type-erasure1.83.0:amd64 (1.83.0-2.1ubuntu3.2) ...
#14 100.9 Selecting previously unselected package libboost-type-erasure1.83-dev:amd64.
#14 100.9 Preparing to unpack .../271-libboost-type-erasure1.83-dev_1.83.0-2.1ubuntu3.2_amd64.deb ...
#14 100.9 Unpacking libboost-type-erasure1.83-dev:amd64 (1.83.0-2.1ubuntu3.2) ...
#14 101.1 Selecting previously unselected package libboost-type-erasure-dev:amd64.
#14 101.1 Preparing to unpack .../272-libboost-type-erasure-dev_1.83.0.1ubuntu2_amd64.deb ...
#14 101.1 Unpacking libboost-type-erasure-dev:amd64 (1.83.0.1ubuntu2) ...
#14 101.2 Selecting previously unselected package libboost-url1.83.0:amd64.
#14 101.2 Preparing to unpack .../273-libboost-url1.83.0_1.83.0-2.1ubuntu3.2_amd64.deb ...
#14 101.2 Unpacking libboost-url1.83.0:amd64 (1.83.0-2.1ubuntu3.2) ...
#14 101.3 Selecting previously unselected package libboost-url1.83-dev:amd64.
#14 101.3 Preparing to unpack .../274-libboost-url1.83-dev_1.83.0-2.1ubuntu3.2_amd64.deb ...
#14 101.4 Unpacking libboost-url1.83-dev:amd64 (1.83.0-2.1ubuntu3.2) ...
#14 101.5 Selecting previously unselected package libboost-url-dev:amd64.
#14 101.5 Preparing to unpack .../275-libboost-url-dev_1.83.0.1ubuntu2_amd64.deb ...
#14 101.5 Unpacking libboost-url-dev:amd64 (1.83.0.1ubuntu2) ...
#14 101.6 Selecting previously unselected package libboost-wave1.83.0:amd64.
#14 101.6 Preparing to unpack .../276-libboost-wave1.83.0_1.83.0-2.1ubuntu3.2_amd64.deb ...
#14 101.7 Unpacking libboost-wave1.83.0:amd64 (1.83.0-2.1ubuntu3.2) ...
#14 101.8 Selecting previously unselected package libboost-wave1.83-dev:amd64.
#14 101.8 Preparing to unpack .../277-libboost-wave1.83-dev_1.83.0-2.1ubuntu3.2_amd64.deb ...
#14 101.8 Unpacking libboost-wave1.83-dev:amd64 (1.83.0-2.1ubuntu3.2) ...
#14 102.0 Selecting previously unselected package libboost-wave-dev:amd64.
#14 102.0 Preparing to unpack .../278-libboost-wave-dev_1.83.0.1ubuntu2_amd64.deb ...
#14 102.0 Unpacking libboost-wave-dev:amd64 (1.83.0.1ubuntu2) ...
#14 102.1 Selecting previously unselected package libboost-nowide1.83.0.
#14 102.1 Preparing to unpack .../279-libboost-nowide1.83.0_1.83.0-2.1ubuntu3.2_amd64.deb ...
#14 102.1 Unpacking libboost-nowide1.83.0 (1.83.0-2.1ubuntu3.2) ...
#14 102.2 Selecting previously unselected package libboost-nowide1.83-dev.
#14 102.2 Preparing to unpack .../280-libboost-nowide1.83-dev_1.83.0-2.1ubuntu3.2_amd64.deb ...
#14 102.3 Unpacking libboost-nowide1.83-dev (1.83.0-2.1ubuntu3.2) ...
#14 102.4 Selecting previously unselected package libboost-nowide-dev.
#14 102.4 Preparing to unpack .../281-libboost-nowide-dev_1.83.0.1ubuntu2_amd64.deb ...
#14 102.4 Unpacking libboost-nowide-dev (1.83.0.1ubuntu2) ...
#14 102.5 Selecting previously unselected package libboost-all-dev.
#14 102.5 Preparing to unpack .../282-libboost-all-dev_1.83.0.1ubuntu2_amd64.deb ...
#14 102.5 Unpacking libboost-all-dev (1.83.0.1ubuntu2) ...
#14 102.6 Selecting previously unselected package libbz2-dev:amd64.
#14 102.6 Preparing to unpack .../283-libbz2-dev_1.0.8-5.1ubuntu0.1_amd64.deb ...
#14 102.7 Unpacking libbz2-dev:amd64 (1.0.8-5.1ubuntu0.1) ...
#14 102.8 Selecting previously unselected package libmysql++3t64:amd64.
#14 102.8 Preparing to unpack .../284-libmysql++3t64_3.2.5-2.3_amd64.deb ...
#14 102.8 Unpacking libmysql++3t64:amd64 (3.2.5-2.3) ...
#14 102.9 Selecting previously unselected package libmysql++-dev:amd64.
#14 102.9 Preparing to unpack .../285-libmysql++-dev_3.2.5-2.3_amd64.deb ...
#14 102.9 Unpacking libmysql++-dev:amd64 (3.2.5-2.3) ...
#14 103.1 Selecting previously unselected package libncurses-dev:amd64.
#14 103.1 Preparing to unpack .../286-libncurses-dev_6.4+20240113-1ubuntu2.2_amd64.deb ...
#14 103.1 Unpacking libncurses-dev:amd64 (6.4+20240113-1ubuntu2.2) ...
#14 103.2 Selecting previously unselected package libreadline-dev:amd64.
#14 103.2 Preparing to unpack .../287-libreadline-dev_8.2-4build1_amd64.deb ...
#14 103.2 Unpacking libreadline-dev:amd64 (8.2-4build1) ...
#14 103.4 Selecting previously unselected package libtool.
#14 103.4 Preparing to unpack .../288-libtool_2.4.7-7build1_all.deb ...
#14 103.4 Unpacking libtool (2.4.7-7build1) ...
#14 103.5 Selecting previously unselected package lsb-base.
#14 103.5 Preparing to unpack .../289-lsb-base_11.6_all.deb ...
#14 103.5 Unpacking lsb-base (11.6) ...
#14 103.6 Selecting previously unselected package ninja-build.
#14 103.6 Preparing to unpack .../290-ninja-build_1.11.1-2_amd64.deb ...
#14 103.7 Unpacking ninja-build (1.11.1-2) ...
#14 103.8 Selecting previously unselected package unzip.
#14 103.8 Preparing to unpack .../291-unzip_6.0-28ubuntu4.1_amd64.deb ...
#14 103.8 Unpacking unzip (6.0-28ubuntu4.1) ...
#14 103.9 Selecting previously unselected package liblzma-dev:amd64.
#14 103.9 Preparing to unpack .../292-liblzma-dev_5.6.1+really5.4.5-1ubuntu0.3_amd64.deb ...
#14 103.9 Unpacking liblzma-dev:amd64 (5.6.1+really5.4.5-1ubuntu0.3) ...
#14 104.1 Setting up media-types (10.1.0) ...
#14 104.2 Setting up libboost-python1.83.0 (1.83.0-2.1ubuntu3.2) ...
#14 104.2 Setting up libboost-program-options1.83.0:amd64 (1.83.0-2.1ubuntu3.2) ...
#14 104.3 Setting up lsb-base (11.6) ...
#14 104.3 Setting up libpciaccess0:amd64 (0.17-3ubuntu0.24.04.2) ...
#14 104.4 Setting up mysql-common (5.8+1.1.0build1) ...
#14 104.5 update-alternatives: using /etc/mysql/my.cnf.fallback to provide /etc/mysql/my.cnf (my.cnf) in auto mode
#14 104.6 Setting up libmysqlclient21:amd64 (8.0.46-0ubuntu0.24.04.4) ...
#14 104.6 Setting up libxau6:amd64 (1:1.0.9-1build6) ...
#14 104.7 Setting up libboost-stacktrace1.83.0:amd64 (1.83.0-2.1ubuntu3.2) ...
#14 104.7 Setting up libkeyutils1:amd64 (1.6.3-3build1) ...
#14 104.8 Setting up lto-disabled-list (47) ...
#14 104.8 Setting up libzstd-dev:amd64 (1.5.5+dfsg2-2build1.1) ...
#14 104.9 Setting up libgdbm6t64:amd64 (1.23-5.1build1) ...
#14 105.0 Setting up libboost-nowide1.83.0 (1.83.0-2.1ubuntu3.2) ...
#14 105.0 Setting up libboost-date-time1.83.0:amd64 (1.83.0-2.1ubuntu3.2) ...
#14 105.1 Setting up libgdbm-compat4t64:amd64 (1.23-5.1build1) ...
#14 105.1 Setting up libboost-json1.83.0:amd64 (1.83.0-2.1ubuntu3.2) ...
#14 105.2 Setting up libmagic-mgc (1:5.45-3build1) ...
#14 105.3 Setting up libboost-timer1.83.0:amd64 (1.83.0-2.1ubuntu3.2) ...
#14 105.3 Setting up libcbor0.10:amd64 (0.10.2-1.2ubuntu2) ...
#14 105.4 Setting up libboost-regex1.83.0:amd64 (1.83.0-2.1ubuntu3.2) ...
#14 105.4 Setting up unzip (6.0-28ubuntu4.1) ...
#14 105.5 Setting up libbrotli1:amd64 (1.1.0-2build2) ...
#14 105.5 Setting up libsqlite3-0:amd64 (3.45.1-1ubuntu2.7) ...
#14 105.6 Setting up libboost-system1.83.0:amd64 (1.83.0-2.1ubuntu3.2) ...
#14 105.6 Setting up libuv1t64:amd64 (1.48.0-1.1build1) ...
#14 105.7 Setting up libboost-context1.83.0:amd64 (1.83.0-2.1ubuntu3.2) ...
#14 105.8 Setting up libmagic1t64:amd64 (1:5.45-3build1) ...
#14 105.9 Setting up libboost-random1.83.0:amd64 (1.83.0-2.1ubuntu3.2) ...
#14 105.9 Setting up binutils-common:amd64 (2.42-4ubuntu2.10) ...
#14 106.0 Setting up libpsl5t64:amd64 (0.21.2-1.1build1) ...
#14 106.1 Setting up libnghttp2-14:amd64 (1.59.0-1ubuntu0.4) ...
#14 106.1 Setting up linux-libc-dev:amd64 (6.8.0-139.139) ...
#14 106.2 Setting up libctf-nobfd0:amd64 (2.42-4ubuntu2.10) ...
#14 106.2 Setting up libboost-thread1.83.0:amd64 (1.83.0-2.1ubuntu3.2) ...
#14 106.3 Setting up m4 (1.4.19-4build1) ...
#14 106.4 Setting up libevent-2.1-7t64:amd64 (2.1.12-stable-9ubuntu2.1) ...
#14 106.4 Setting up file (1:5.45-3build1) ...
#14 106.5 Setting up libboost-filesystem1.83.0:amd64 (1.83.0-2.1ubuntu3.2) ...
#14 106.5 Setting up libgomp1:amd64 (14.2.0-4ubuntu2~24.04.1) ...
#14 106.6 Setting up bzip2 (1.0.8-5.1ubuntu0.1) ...
#14 106.7 Setting up libboost-url1.83.0:amd64 (1.83.0-2.1ubuntu3.2) ...
#14 106.7 Setting up libsframe1:amd64 (2.42-4ubuntu2.10) ...
#14 106.8 Setting up ninja-build (1.11.1-2) ...
#14 106.8 Setting up libelf1t64:amd64 (0.190-1.1ubuntu0.1) ...
#14 106.9 Setting up libjansson4:amd64 (2.14-2build2) ...
#14 106.9 Setting up libkrb5support0:amd64 (1.20.1-6ubuntu2.8) ...
#14 107.0 Setting up libsasl2-modules-db:amd64 (2.1.28+dfsg1-5ubuntu3.1) ...
#14 107.1 Setting up libboost-atomic1.83.0:amd64 (1.83.0-2.1ubuntu3.2) ...
#14 107.1 Setting up libboost-serialization1.83.0:amd64 (1.83.0-2.1ubuntu3.2) ...
#14 107.2 Setting up libboost-numpy1.83.0 (1.83.0-2.1ubuntu3.2) ...
#14 107.2 Setting up autotools-dev (20220109.1) ...
#14 107.3 Setting up rpcsvc-proto (1.4.2-0ubuntu7) ...
#14 107.3 Setting up gcc-13-base:amd64 (13.3.0-6ubuntu2~24.04.1) ...
#14 107.4 Setting up libmunge2:amd64 (0.5.15-4ubuntu0.1) ...
#14 107.5 Setting up libx11-data (2:1.8.7-1build1) ...
#14 107.5 Setting up make (4.3-4.1build2) ...
#14 107.6 Setting up libmpfr6:amd64 (4.2.1-1build1.1) ...
#14 107.6 Setting up libboost-chrono1.83.0t64:amd64 (1.83.0-2.1ubuntu3.2) ...
#14 107.7 Setting up librtmp1:amd64 (2.4+20151223.gitfa8646d.1-2build7) ...
#14 107.8 Setting up libboost-iostreams1.83.0:amd64 (1.83.0-2.1ubuntu3.2) ...
#14 107.8 Setting up libncurses6:amd64 (6.4+20240113-1ubuntu2.2) ...
#14 107.9 Setting up xz-utils (5.6.1+really5.4.5-1ubuntu0.3) ...
#14 107.9 update-alternatives: using /usr/bin/xz to provide /usr/bin/lzma (lzma) in auto mode
#14 107.9 update-alternatives: warning: skip creation of /usr/share/man/man1/lzma.1.gz because associated file /usr/share/man/man1/xz.1.gz (of link group lzma) doesn't exist
#14 107.9 update-alternatives: warning: skip creation of /usr/share/man/man1/unlzma.1.gz because associated file /usr/share/man/man1/unxz.1.gz (of link group lzma) doesn't exist
#14 107.9 update-alternatives: warning: skip creation of /usr/share/man/man1/lzcat.1.gz because associated file /usr/share/man/man1/xzcat.1.gz (of link group lzma) doesn't exist
#14 107.9 update-alternatives: warning: skip creation of /usr/share/man/man1/lzmore.1.gz because associated file /usr/share/man/man1/xzmore.1.gz (of link group lzma) doesn't exist
#14 107.9 update-alternatives: warning: skip creation of /usr/share/man/man1/lzless.1.gz because associated file /usr/share/man/man1/xzless.1.gz (of link group lzma) doesn't exist
#14 107.9 update-alternatives: warning: skip creation of /usr/share/man/man1/lzdiff.1.gz because associated file /usr/share/man/man1/xzdiff.1.gz (of link group lzma) doesn't exist
#14 107.9 update-alternatives: warning: skip creation of /usr/share/man/man1/lzcmp.1.gz because associated file /usr/share/man/man1/xzcmp.1.gz (of link group lzma) doesn't exist
#14 107.9 update-alternatives: warning: skip creation of /usr/share/man/man1/lzgrep.1.gz because associated file /usr/share/man/man1/xzgrep.1.gz (of link group lzma) doesn't exist
#14 107.9 update-alternatives: warning: skip creation of /usr/share/man/man1/lzegrep.1.gz because associated file /usr/share/man/man1/xzegrep.1.gz (of link group lzma) doesn't exist
#14 107.9 update-alternatives: warning: skip creation of /usr/share/man/man1/lzfgrep.1.gz because associated file /usr/share/man/man1/xzfgrep.1.gz (of link group lzma) doesn't exist
#14 107.9 Setting up perl-modules-5.38 (5.38.2-3.2ubuntu0.4) ...
#14 108.0 Setting up libquadmath0:amd64 (14.2.0-4ubuntu2~24.04.1) ...
#14 108.1 Setting up libssl-dev:amd64 (3.0.13-0ubuntu3.15) ...
#14 108.1 Setting up libboost-nowide1.83-dev (1.83.0-2.1ubuntu3.2) ...
#14 108.2 Setting up libhwloc15:amd64 (2.10.0-1build1) ...
#14 108.2 Setting up libmpc3:amd64 (1.3.1-1build1.1) ...
#14 108.3 Setting up libatomic1:amd64 (14.2.0-4ubuntu2~24.04.1) ...
#14 108.3 Setting up patch (2.7.6-7build3) ...
#14 108.4 Setting up libboost-numpy1.83-dev (1.83.0-2.1ubuntu3.2) ...
#14 108.5 Setting up libjsoncpp25:amd64 (1.9.5-6build1) ...
#14 108.5 Setting up libclang-common-18-dev:amd64 (1:18.1.3-1ubuntu1) ...
#14 108.6 Setting up libncursesw6:amd64 (6.4+20240113-1ubuntu2.2) ...
#14 108.6 Setting up libk5crypto3:amd64 (1.20.1-6ubuntu2.8) ...
#14 108.7 Setting up libgc1:amd64 (1:8.2.6-1build1) ...
#14 108.8 Setting up libltdl7:amd64 (2.4.7-7build1) ...
#14 108.8 Setting up libboost-test1.83.0:amd64 (1.83.0-2.1ubuntu3.2) ...
#14 108.9 Setting up libsasl2-2:amd64 (2.1.28+dfsg1-5ubuntu3.1) ...
#14 108.9 Setting up libgfortran5:amd64 (14.2.0-4ubuntu2~24.04.1) ...
#14 109.0 Setting up libboost-fiber1.83.0:amd64 (1.83.0-2.1ubuntu3.2) ...
#14 109.1 Setting up liblzma-dev:amd64 (5.6.1+really5.4.5-1ubuntu0.3) ...
#14 109.2 Setting up libubsan1:amd64 (14.2.0-4ubuntu2~24.04.1) ...
#14 109.2 Setting up libicu74:amd64 (74.2-1ubuntu3.1) ...
#14 109.3 Setting up libnuma1:amd64 (2.0.18-1ubuntu0.24.04.1) ...
#14 109.3 Setting up ocl-icd-libopencl1:amd64 (2.3.2-1build1) ...
#14 109.4 Setting up libhwasan0:amd64 (14.2.0-4ubuntu2~24.04.1) ...
#14 109.4 Setting up librhash0:amd64 (1.4.3-3build1) ...
#14 109.5 Setting up libcrypt-dev:amd64 (1:4.4.36-4build1) ...
#14 109.6 Setting up libasan8:amd64 (14.2.0-4ubuntu2~24.04.1) ...
#14 109.6 Setting up libnl-3-200:amd64 (3.7.0-0.3build1.1) ...
#14 109.7 Setting up libboost-graph1.83.0:amd64 (1.83.0-2.1ubuntu3.2) ...
#14 109.8 Setting up libpsm2-2 (11.2.185-2build1) ...
#14 109.8 Setting up openmpi-common (4.1.6-7ubuntu2) ...
#14 109.9 Setting up libboost-container1.83.0:amd64 (1.83.0-2.1ubuntu3.2) ...
#14 109.9 Setting up git-man (1:2.43.0-1ubuntu7.3) ...
#14 110.0 Setting up netbase (6.4) ...
#14 110.1 Setting up libboost-type-erasure1.83.0:amd64 (1.83.0-2.1ubuntu3.2) ...
#14 110.2 Setting up cmake-data (3.28.3-1build7) ...
#14 110.3 Setting up libkrb5-3:amd64 (1.20.1-6ubuntu2.8) ...
#14 110.3 Setting up libevent-core-2.1-7t64:amd64 (2.1.12-stable-9ubuntu2.1) ...
#14 110.4 Setting up libperl5.38t64:amd64 (5.38.2-3.2ubuntu0.4) ...
#14 110.4 Setting up libpsm-infinipath1 (3.3+20.604758e7-6.3build1) ...
#14 110.5 update-alternatives: using /usr/lib/libpsm1/libpsm_infinipath.so.1.16 to provide /usr/lib/x86_64-linux-gnu/libpsm_infinipath.so.1 (libpsm_infinipath.so.1) in auto mode
#14 110.5 Setting up libboost-math1.83.0:amd64 (1.83.0-2.1ubuntu3.2) ...
#14 110.6 Setting up libtsan2:amd64 (14.2.0-4ubuntu2~24.04.1) ...
#14 110.7 Setting up libjs-jquery (3.6.1+dfsg+~3.5.14-1) ...
#14 110.7 Setting up libbinutils:amd64 (2.42-4ubuntu2.10) ...
#14 110.8 Setting up libfido2-1:amd64 (1.14.0-1build3) ...
#14 110.8 Setting up libisl23:amd64 (0.26-3build1.1) ...
#14 110.9 Setting up libc-dev-bin (2.39-0ubuntu8.8) ...
#14 111.0 Setting up libbsd0:amd64 (0.12.1-1build1.1) ...
#14 111.0 Setting up libdrm-common (2.4.125-1ubuntu0.1~24.04.2) ...
#14 111.1 Setting up libhiredis1.1.0:amd64 (1.2.0-6ubuntu3) ...
#14 111.1 Setting up readline-common (8.2-4build1) ...
#14 111.2 Setting up libxml2:amd64 (2.9.14+dfsg-1.3ubuntu3.8) ...
#14 111.3 Setting up libcc1-0:amd64 (14.2.0-4ubuntu2~24.04.1) ...
#14 111.3 Setting up libldap2:amd64 (2.6.10+dfsg-0ubuntu0.24.04.1) ...
#14 111.4 Setting up libboost1.83-tools-dev (1.83.0-2.1ubuntu3.2) ...
#14 111.4 Setting up liblsan0:amd64 (14.2.0-4ubuntu2~24.04.1) ...
#14 111.5 Setting up libitm1:amd64 (14.2.0-4ubuntu2~24.04.1) ...
#14 111.5 Setting up libjs-underscore (1.13.4~dfsg+~1.11.4-3) ...
#14 111.6 Setting up libctf0:amd64 (2.42-4ubuntu2.10) ...
#14 111.7 Setting up libmysql++3t64:amd64 (3.2.5-2.3) ...
#14 111.7 Setting up libxdmcp6:amd64 (1:1.1.3-0ubuntu6) ...
#14 111.8 Setting up libboost-wave1.83.0:amd64 (1.83.0-2.1ubuntu3.2) ...
#14 111.8 Setting up libxcb1:amd64 (1.15-1ubuntu2) ...
#14 111.9 Setting up libboost-coroutine1.83.0:amd64 (1.83.0-2.1ubuntu3.2) ...
#14 111.9 Setting up cpp-13-x86-64-linux-gnu (13.3.0-6ubuntu2~24.04.1) ...
#14 112.0 Setting up libevent-pthreads-2.1-7t64:amd64 (2.1.12-stable-9ubuntu2.1) ...
#14 112.1 Setting up libboost-log1.83.0 (1.83.0-2.1ubuntu3.2) ...
#14 112.1 Setting up libedit2:amd64 (3.1-20230828-1build1) ...
#14 112.2 Setting up libevent-openssl-2.1-7t64:amd64 (2.1.12-stable-9ubuntu2.1) ...
#14 112.2 Setting up ccache (4.9.1-1) ...
#14 112.3 Updating symlinks in /usr/lib/ccache ...
#14 112.3 Setting up libboost-locale1.83.0:amd64 (1.83.0-2.1ubuntu3.2) ...
#14 112.4 Setting up libboost-tools-dev (1.83.0.1ubuntu2) ...
#14 112.4 Setting up libobjc4:amd64 (14.2.0-4ubuntu2~24.04.1) ...
#14 112.5 Setting up libboost-nowide-dev (1.83.0.1ubuntu2) ...
#14 112.5 Setting up libnl-route-3-200:amd64 (3.7.0-0.3build1.1) ...
#14 112.6 Setting up perl (5.38.2-3.2ubuntu0.4) ...
#14 112.7 Setting up libgprofng0:amd64 (2.42-4ubuntu2.10) ...
#14 112.7 Setting up libjs-jquery-ui (1.13.2+dfsg-1) ...
#14 112.8 Setting up libllvm17t64:amd64 (1:17.0.6-9ubuntu1) ...
#14 112.9 Setting up libboost-numpy-dev (1.83.0.1ubuntu2) ...
#14 112.9 Setting up libgssapi-krb5-2:amd64 (1.20.1-6ubuntu2.8) ...
#14 113.0 Setting up icu-devtools (74.2-1ubuntu3.1) ...
#14 113.0 Setting up libjs-sphinxdoc (7.2.6-6) ...
#14 113.1 Setting up libdpkg-perl (1.22.6ubuntu6.6) ...
#14 113.2 Setting up libssh-4:amd64 (0.10.6-2ubuntu0.5) ...
#14 113.2 Setting up autoconf (2.71-3) ...
#14 113.3 Setting up libevent-extra-2.1-7t64:amd64 (2.1.12-stable-9ubuntu2.1) ...
#14 113.4 Setting up libreadline8t64:amd64 (8.2-4build1) ...
#14 113.4 Setting up libdrm2:amd64 (2.4.125-1ubuntu0.1~24.04.2) ...
#14 113.5 Setting up libnl-3-dev:amd64 (3.7.0-0.3build1.1) ...
#14 113.5 Setting up libgcc-13-dev:amd64 (13.3.0-6ubuntu2~24.04.1) ...
#14 113.6 Setting up libc6-dev:amd64 (2.39-0ubuntu8.8) ...
#14 113.6 Setting up libx11-6:amd64 (2:1.8.7-1build1) ...
#14 113.7 Setting up libamd-comgr2:amd64 (6.0+git20231212.4510c28+dfsg-3build2) ...
#14 113.8 Setting up libgfortran-13-dev:amd64 (13.3.0-6ubuntu2~24.04.1) ...
#14 113.8 Setting up libarchive13t64:amd64 (3.7.2-2ubuntu0.8) ...
#14 113.9 Setting up libicu-dev:amd64 (74.2-1ubuntu3.1) ...
#14 113.9 Setting up libobjc-13-dev:amd64 (13.3.0-6ubuntu2~24.04.1) ...
#14 114.0 Setting up libstdc++-13-dev:amd64 (13.3.0-6ubuntu2~24.04.1) ...
#14 114.1 Setting up libllvm18:amd64 (1:18.1.3-1ubuntu1) ...
#14 114.1 Setting up binutils-x86-64-linux-gnu (2.42-4ubuntu2.10) ...
#14 114.2 Setting up libdrm-amdgpu1:amd64 (2.4.125-1ubuntu0.1~24.04.2) ...
#14 114.3 Setting up libbz2-dev:amd64 (1.0.8-5.1ubuntu0.1) ...
#14 114.3 Setting up cpp-x86-64-linux-gnu (4:13.2.0-7ubuntu1) ...
#14 114.4 Setting up automake (1:1.16.5-1.3ubuntu1) ...
#14 114.4 update-alternatives: using /usr/bin/automake-1.16 to provide /usr/bin/automake (automake) in auto mode
#14 114.4 update-alternatives: warning: skip creation of /usr/share/man/man1/automake.1.gz because associated file /usr/share/man/man1/automake-1.16.1.gz (of link group automake) doesn't exist
#14 114.4 update-alternatives: warning: skip creation of /usr/share/man/man1/aclocal.1.gz because associated file /usr/share/man/man1/aclocal-1.16.1.gz (of link group automake) doesn't exist
#14 114.4 Setting up libclang1-18 (1:18.1.3-1ubuntu1) ...
#14 114.5 Setting up libibverbs1:amd64 (50.0-2ubuntu0.2) ...
#14 114.7 Setting up mysql-client-core-8.0 (8.0.46-0ubuntu0.24.04.4) ...
#14 114.8 Setting up libboost1.83-dev:amd64 (1.83.0-2.1ubuntu3.2) ...
#14 114.8 Setting up libncurses-dev:amd64 (6.4+20240113-1ubuntu2.2) ...
#14 114.9 Setting up libboost-chrono1.83-dev:amd64 (1.83.0-2.1ubuntu3.2) ...
#14 114.9 Setting up libpython3.12-stdlib:amd64 (3.12.3-1ubuntu0.16) ...
#14 115.0 Setting up cpp-13 (13.3.0-6ubuntu2~24.04.1) ...
#14 115.1 Setting up libcurl4t64:amd64 (8.5.0-2ubuntu10.13) ...
#14 115.1 Setting up ibverbs-providers:amd64 (50.0-2ubuntu0.2) ...
#14 115.5 Setting up libboost-math1.83-dev:amd64 (1.83.0-2.1ubuntu3.2) ...
#14 115.6 Setting up libboost-chrono-dev:amd64 (1.83.0.1ubuntu2) ...
#14 115.7 Setting up openssh-client (1:9.6p1-3ubuntu13.19) ...
#14 115.9 Setting up gcc-13-x86-64-linux-gnu (13.3.0-6ubuntu2~24.04.1) ...
#14 115.9 Setting up libboost-math-dev:amd64 (1.83.0.1ubuntu2) ...
#14 116.0 Setting up python3.12 (3.12.3-1ubuntu0.16) ...
#14 117.5 Setting up libboost-program-options1.83-dev:amd64 (1.83.0-2.1ubuntu3.2) ...
#14 117.6 Setting up libboost-serialization1.83-dev:amd64 (1.83.0-2.1ubuntu3.2) ...
#14 117.7 Setting up libcurl3t64-gnutls:amd64 (8.5.0-2ubuntu10.13) ...
#14 117.7 Setting up libxext6:amd64 (2:1.3.4-1build2) ...
#14 117.8 Setting up libboost-test1.83-dev:amd64 (1.83.0-2.1ubuntu3.2) ...
#14 117.8 Setting up binutils (2.42-4ubuntu2.10) ...
#14 117.9 Setting up libreadline-dev:amd64 (8.2-4build1) ...
#14 118.0 Setting up gfortran-13-x86-64-linux-gnu (13.3.0-6ubuntu2~24.04.1) ...
#14 118.0 Setting up dpkg-dev (1.22.6ubuntu6.6) ...
#14 118.1 Setting up libnuma-dev:amd64 (2.0.18-1ubuntu0.24.04.1) ...
#14 118.2 Setting up libxnvctrl0:amd64 (510.47.03-0ubuntu4.24.04.1) ...
#14 118.2 Setting up libboost-test-dev:amd64 (1.83.0.1ubuntu2) ...
#14 118.3 Setting up liberror-perl (0.17029-2) ...
#14 118.3 Setting up libpython3.12t64:amd64 (3.12.3-1ubuntu0.16) ...
#14 118.4 Setting up libnl-route-3-dev:amd64 (3.7.0-0.3build1.1) ...
#14 118.5 Setting up libltdl-dev:amd64 (2.4.7-7build1) ...
#14 118.5 Setting up libboost-timer1.83-dev:amd64 (1.83.0-2.1ubuntu3.2) ...
#14 118.6 Setting up libexpat1-dev:amd64 (2.6.1-2ubuntu0.4) ...
#14 118.6 Setting up libboost-program-options-dev:amd64 (1.83.0.1ubuntu2) ...
#14 118.7 Setting up libboost-container1.83-dev:amd64 (1.83.0-2.1ubuntu3.2) ...
#14 118.7 Setting up libboost-date-time1.83-dev:amd64 (1.83.0-2.1ubuntu3.2) ...
#14 119.2 Setting up libevent-dev (2.1.12-stable-9ubuntu2.1) ...
#14 119.2 Setting up gcc-13 (13.3.0-6ubuntu2~24.04.1) ...
#14 119.3 Setting up libboost-stacktrace1.83-dev:amd64 (1.83.0-2.1ubuntu3.2) ...
#14 119.4 Setting up libboost-regex1.83-dev:amd64 (1.83.0-2.1ubuntu3.2) ...
#14 119.4 Setting up libboost-serialization-dev:amd64 (1.83.0.1ubuntu2) ...
#14 119.5 Setting up git (1:2.43.0-1ubuntu7.3) ...
#14 119.6 Setting up libboost-date-time-dev:amd64 (1.83.0.1ubuntu2) ...
#14 119.6 Setting up libboost-atomic1.83-dev:amd64 (1.83.0-2.1ubuntu3.2) ...
#14 119.7 Setting up llvm-18-linker-tools (1:18.1.3-1ubuntu1) ...
#14 119.7 Setting up zlib1g-dev:amd64 (1:1.3.dfsg-3.1ubuntu2.2) ...
#14 119.8 Setting up libboost-atomic-dev:amd64 (1.83.0.1ubuntu2) ...
#14 119.8 Setting up libboost-exception1.83-dev:amd64 (1.83.0-2.1ubuntu3.2) ...
#14 119.9 Setting up cpp (4:13.2.0-7ubuntu1) ...
#14 120.0 Setting up libboost-stacktrace-dev:amd64 (1.83.0.1ubuntu2) ...
#14 120.0 Setting up cmake (3.28.3-1build7) ...
#14 120.1 Setting up mysql-client-8.0 (8.0.46-0ubuntu0.24.04.4) ...
#14 120.2 Setting up librdmacm1t64:amd64 (50.0-2ubuntu0.2) ...
#14 120.2 Setting up libhwloc-dev:amd64 (2.10.0-1build1) ...
#14 120.3 Setting up libboost-dev:amd64 (1.83.0.1ubuntu2) ...
#14 120.3 Setting up curl (8.5.0-2ubuntu10.13) ...
#14 120.4 Setting up libboost-system1.83-dev:amd64 (1.83.0-2.1ubuntu3.2) ...
#14 120.4 Setting up libboost-regex-dev:amd64 (1.83.0.1ubuntu2) ...
#14 120.5 Setting up libclang-cpp18 (1:18.1.3-1ubuntu1) ...
#14 120.6 Setting up libboost-timer-dev:amd64 (1.83.0.1ubuntu2) ...
#14 120.6 Setting up libhsakmt1:amd64 (5.7.0-1build1) ...
#14 120.7 Setting up libmysqlclient-dev (8.0.46-0ubuntu0.24.04.4) ...
#14 120.7 Setting up libpython3-stdlib:amd64 (3.12.3-0ubuntu2.1) ...
#14 120.8 Setting up default-mysql-client (1.1.0build1) ...
#14 120.8 Setting up default-libmysqlclient-dev:amd64 (1.1.0build1) ...
#14 120.9 Setting up libboost-thread1.83-dev:amd64 (1.83.0-2.1ubuntu3.2) ...
#14 121.0 Setting up libfabric1:amd64 (1.17.0-3build2) ...
#14 121.0 Setting up libboost-json1.83-dev:amd64 (1.83.0-2.1ubuntu3.2) ...
#14 121.1 Setting up libboost-locale1.83-dev:amd64 (1.83.0-2.1ubuntu3.2) ...
#14 121.2 Setting up g++-13-x86-64-linux-gnu (13.3.0-6ubuntu2~24.04.1) ...
#14 121.2 Setting up gcc-x86-64-linux-gnu (4:13.2.0-7ubuntu1) ...
#14 121.3 Setting up libtool (2.4.7-7build1) ...
#14 121.4 Setting up libboost-iostreams1.83-dev:amd64 (1.83.0-2.1ubuntu3.2) ...
#14 121.4 Setting up libboost-system-dev:amd64 (1.83.0.1ubuntu2) ...
#14 121.5 Setting up libboost-type-erasure1.83-dev:amd64 (1.83.0-2.1ubuntu3.2) ...
#14 121.5 Setting up libboost-url1.83-dev:amd64 (1.83.0-2.1ubuntu3.2) ...
#14 121.6 Setting up libboost-locale-dev:amd64 (1.83.0.1ubuntu2) ...
#14 121.6 Setting up clang-18 (1:18.1.3-1ubuntu1) ...
#14 121.7 Setting up python3 (3.12.3-0ubuntu2.1) ...
#14 122.0 Setting up libpython3.12-dev:amd64 (3.12.3-1ubuntu0.16) ...
#14 122.0 Setting up libboost-filesystem1.83-dev:amd64 (1.83.0-2.1ubuntu3.2) ...
#14 122.1 Setting up libboost-exception-dev:amd64 (1.83.0.1ubuntu2) ...
#14 122.2 Setting up libboost-iostreams-dev:amd64 (1.83.0.1ubuntu2) ...
#14 122.2 Setting up libibverbs-dev:amd64 (50.0-2ubuntu0.2) ...
#14 122.3 Setting up libhwloc-plugins:amd64 (2.10.0-1build1) ...
#14 122.3 Setting up libboost-graph1.83-dev:amd64 (1.83.0-2.1ubuntu3.2) ...
#14 122.4 Setting up libboost-container-dev:amd64 (1.83.0.1ubuntu2) ...
#14 122.5 Setting up gcc (4:13.2.0-7ubuntu1) ...
#14 122.6 Setting up libboost-type-erasure-dev:amd64 (1.83.0.1ubuntu2) ...
#14 122.6 Setting up libmysql++-dev:amd64 (3.2.5-2.3) ...
#14 122.7 Setting up libboost-context1.83-dev:amd64 (1.83.0-2.1ubuntu3.2) ...
#14 122.8 Setting up libboost-coroutine1.83-dev:amd64 (1.83.0-2.1ubuntu3.2) ...
#14 122.8 Setting up libboost-fiber1.83-dev:amd64 (1.83.0-2.1ubuntu3.2) ...
#14 122.9 Setting up gfortran-13 (13.3.0-6ubuntu2~24.04.1) ...
#14 122.9 Setting up clang (1:18.0-59~exp2) ...
#14 123.0 Setting up python3.12-dev (3.12.3-1ubuntu0.16) ...
#14 123.1 Setting up libboost-random1.83-dev:amd64 (1.83.0-2.1ubuntu3.2) ...
#14 123.2 Setting up libpmix2t64:amd64 (5.0.1-4.1build1) ...
#14 123.2 Setting up libhsa-runtime64-1 (5.7.1-2build1) ...
#14 123.3 Setting up g++-x86-64-linux-gnu (4:13.2.0-7ubuntu1) ...
#14 123.3 Setting up libboost-url-dev:amd64 (1.83.0.1ubuntu2) ...
#14 123.4 Setting up libboost-coroutine-dev:amd64 (1.83.0.1ubuntu2) ...
#14 123.5 Setting up libboost-log1.83-dev (1.83.0-2.1ubuntu3.2) ...
#14 123.5 Setting up libboost-json-dev:amd64 (1.83.0.1ubuntu2) ...
#14 123.6 Setting up libboost-log-dev (1.83.0.1ubuntu2) ...
#14 123.6 Setting up libboost-filesystem-dev:amd64 (1.83.0.1ubuntu2) ...
#14 123.7 Setting up libpmix-dev:amd64 (5.0.1-4.1build1) ...
#14 123.8 Setting up libboost-thread-dev:amd64 (1.83.0.1ubuntu2) ...
#14 123.8 Setting up libboost-fiber-dev:amd64 (1.83.0.1ubuntu2) ...
#14 123.9 Setting up g++-13 (13.3.0-6ubuntu2~24.04.1) ...
#14 123.9 Setting up libboost-graph-dev:amd64 (1.83.0.1ubuntu2) ...
#14 124.0 Setting up libpython3-dev:amd64 (3.12.3-0ubuntu2.1) ...
#14 124.1 Setting up libboost-wave1.83-dev:amd64 (1.83.0-2.1ubuntu3.2) ...
#14 124.1 Setting up libboost-random-dev:amd64 (1.83.0.1ubuntu2) ...
#14 124.2 Setting up libboost-wave-dev:amd64 (1.83.0.1ubuntu2) ...
#14 124.2 Setting up libboost-context-dev:amd64 (1.83.0.1ubuntu2) ...
#14 124.3 Setting up libamdhip64-5 (5.7.1-3) ...
#14 124.4 Setting up python3-dev (3.12.3-0ubuntu2.1) ...
#14 124.6 Setting up libboost-python1.83-dev (1.83.0-2.1ubuntu3.2) ...
#14 125.6 Setting up g++ (4:13.2.0-7ubuntu1) ...
#14 125.7 update-alternatives: using /usr/bin/g++ to provide /usr/bin/c++ (c++) in auto mode
#14 125.7 update-alternatives: warning: skip creation of /usr/share/man/man1/c++.1.gz because associated file /usr/share/man/man1/g++.1.gz (of link group c++) doesn't exist
#14 125.7 Setting up build-essential (12.10ubuntu1) ...
#14 125.8 Setting up libucx0:amd64 (1.16.0+ds-5ubuntu1) ...
#14 125.8 Setting up libboost-python-dev (1.83.0.1ubuntu2) ...
#14 125.9 Setting up libopenmpi3t64:amd64 (4.1.6-7ubuntu2) ...
#14 126.0 Setting up libboost-mpi1.83.0 (1.83.0-2.1ubuntu3.2) ...
#14 126.0 Setting up openmpi-bin (4.1.6-7ubuntu2) ...
#14 126.1 update-alternatives: using /usr/bin/mpirun.openmpi to provide /usr/bin/mpirun (mpirun) in auto mode
#14 126.1 update-alternatives: warning: skip creation of /usr/share/man/man1/mpirun.1.gz because associated file /usr/share/man/man1/mpirun.openmpi.1.gz (of link group mpirun) doesn't exist
#14 126.1 update-alternatives: warning: skip creation of /usr/share/man/man1/mpiexec.1.gz because associated file /usr/share/man/man1/mpiexec.openmpi.1.gz (of link group mpirun) doesn't exist
#14 126.1 update-alternatives: using /usr/bin/mpicc.openmpi to provide /usr/bin/mpicc (mpi) in auto mode
#14 126.1 update-alternatives: warning: skip creation of /usr/share/man/man1/mpicc.1.gz because associated file /usr/share/man/man1/mpicc.openmpi.1.gz (of link group mpi) doesn't exist
#14 126.1 update-alternatives: warning: skip creation of /usr/share/man/man1/mpic++.1.gz because associated file /usr/share/man/man1/mpic++.openmpi.1.gz (of link group mpi) doesn't exist
#14 126.1 update-alternatives: warning: skip creation of /usr/share/man/man1/mpicxx.1.gz because associated file /usr/share/man/man1/mpicxx.openmpi.1.gz (of link group mpi) doesn't exist
#14 126.1 update-alternatives: warning: skip creation of /usr/share/man/man1/mpiCC.1.gz because associated file /usr/share/man/man1/mpiCC.openmpi.1.gz (of link group mpi) doesn't exist
#14 126.1 update-alternatives: warning: skip creation of /usr/share/man/man1/mpif77.1.gz because associated file /usr/share/man/man1/mpif77.openmpi.1.gz (of link group mpi) doesn't exist
#14 126.1 update-alternatives: warning: skip creation of /usr/share/man/man1/mpif90.1.gz because associated file /usr/share/man/man1/mpif90.openmpi.1.gz (of link group mpi) doesn't exist
#14 126.1 update-alternatives: warning: skip creation of /usr/share/man/man1/mpifort.1.gz because associated file /usr/share/man/man1/mpifort.openmpi.1.gz (of link group mpi) doesn't exist
#14 126.2 Setting up libboost-graph-parallel1.83.0 (1.83.0-2.1ubuntu3.2) ...
#14 126.2 Setting up mpi-default-bin (1.15build1) ...
#14 126.3 Setting up libopenmpi-dev:amd64 (4.1.6-7ubuntu2) ...
#14 126.3 update-alternatives: using /usr/lib/x86_64-linux-gnu/openmpi/include to provide /usr/include/x86_64-linux-gnu/mpi (mpi-x86_64-linux-gnu) in auto mode
#14 126.3 Setting up libboost-graph-parallel1.83-dev (1.83.0-2.1ubuntu3.2) ...
#14 126.4 Setting up libboost-mpi-python1.83.0 (1.83.0-2.1ubuntu3.2) ...
#14 126.7 Setting up libboost-graph-parallel-dev (1.83.0.1ubuntu2) ...
#14 126.7 Setting up mpi-default-dev (1.15build1) ...
#14 126.8 Setting up libboost-mpi1.83-dev (1.83.0-2.1ubuntu3.2) ...
#14 126.9 Setting up libboost-mpi-dev (1.83.0.1ubuntu2) ...
#14 126.9 Setting up libboost-mpi-python1.83-dev (1.83.0-2.1ubuntu3.2) ...
#14 127.0 Setting up libboost-mpi-python-dev (1.83.0.1ubuntu2) ...
#14 127.0 Setting up libboost-all-dev (1.83.0.1ubuntu2) ...
#14 127.1 Processing triggers for libc-bin (2.39-0ubuntu8.8) ...
#14 DONE 127.6s

#19 [ac-worldserver build 2/8] COPY CMakeLists.txt /azerothcore/CMakeLists.txt
#19 DONE 0.5s

#20 [ac-authserver build 3/8] COPY conf /azerothcore/conf
#20 DONE 0.2s

#21 [ac-authserver build 4/8] COPY deps /azerothcore/deps
#21 DONE 0.5s

#22 [ac-worldserver build 5/8] COPY src /azerothcore/src
#22 DONE 0.6s

#23 [ac-worldserver build 6/8] COPY modules /azerothcore/modules
#23 DONE 0.8s

#24 [ac-db-import build 7/8] WORKDIR /azerothcore/build
#24 DONE 0.2s

#25 [ac-authserver build 8/8] RUN --mount=type=cache,target=/ccache,sharing=locked     --mount=type=bind,target=/azerothcore/.git,source=.git     git config --global --add safe.directory /azerothcore     && cmake /azerothcore        -G Ninja        -DCMAKE_INSTALL_PREFIX="/azerothcore/env/dist"         -DAPPS_BUILD="all"                                     -DTOOLS_BUILD="all"                          -DSCRIPTS="static"                                  -DMODULES="static"                                  -DWITH_WARNINGS="ON"                      -DCMAKE_BUILD_TYPE="RelWithDebInfo"                            -DCMAKE_CXX_COMPILER="clang++"                         -DCMAKE_C_COMPILER="clang"                             -DCMAKE_CXX_COMPILER_LAUNCHER="ccache"                 -DCMAKE_C_COMPILER_LAUNCHER="ccache"                   -DBoost_USE_STATIC_LIBS="ON"                        && cmake --build . --config "RelWithDebInfo" -j $(($(nproc) + 1))     && cmake --install . --config "RelWithDebInfo"
#25 0.474 -- CMake version: 3.28.3
#25 0.619 -- The CXX compiler identification is Clang 18.1.3
#25 0.712 -- The C compiler identification is Clang 18.1.3
#25 0.757 -- Detecting CXX compiler ABI info
#25 0.939 -- Detecting CXX compiler ABI info - done
#25 0.951 -- Check for working CXX compiler: /usr/bin/clang++ - skipped
#25 0.951 -- Detecting CXX compile features
#25 0.952 -- Detecting CXX compile features - done
#25 0.988 -- Detecting C compiler ABI info
#25 1.120 -- Detecting C compiler ABI info - done
#25 1.131 -- Check for working C compiler: /usr/bin/clang - skipped
#25 1.132 -- Detecting C compile features
#25 1.132 -- Detecting C compile features - done
#25 1.141 -- Running cmake hook: AFTER_LOAD_CONF
#25 1.141 -- No hooks registered for AFTER_LOAD_CONF
#25 1.142 -- Enabled С++20 standard
#25 1.142 -- Detected 64-bit platform
#25 1.142 -- Detected amd64 processor architecture
#25 1.142 -- UNIX: Using jemalloc
#25 1.142 -- UNIX: Using default configuration directory
#25 1.143 -- UNIX: Using default library directory
#25 1.143 -- UNIX: Configuring uninstall target
#25 1.143 -- UNIX: Created uninstall target
#25 1.143 -- UNIX: Detected compiler: /usr/bin/clang
#25 1.143 -- Clang: disable pch timestamp when ccache and pch enabled
#25 1.143 -- Clang: Minimum version required is 10.0.0, found 18.1.3 - ok!
#25 1.144 -- Performing Test CLANG_HAVE_PROPER_CHARCONV
#25 1.429 -- Performing Test CLANG_HAVE_PROPER_CHARCONV - Success
#25 1.429 -- Clang: All warnings enabled
#25 1.430 -- Running cmake hook: AFTER_LOAD_CMAKE_MODULES
#25 1.430 -- No hooks registered for AFTER_LOAD_CMAKE_MODULES
#25 1.431 -- Using mysql-config: /usr/bin/mysql_config
#25 1.461 -- Found MySQL:    
#25 1.471 -- Found MySQL version: 8.0.46
#25 1.471 -- Found git binary : /usr/bin/git
#25 2.158 
#25 2.158 * AzerothCore revision            : 413bea61a85e+ 2026-09-04 09:03:49 -0700 (Playerbot branch)
#25 2.158 * AzerothCore buildtype           : RelWithDebInfo
#25 2.158 
#25 2.158 * Install core to                 : /azerothcore/env/dist
#25 2.158 * Install libraries to            : /azerothcore/env/dist/lib
#25 2.158 * Install configs to              : /azerothcore/env/dist/etc
#25 2.158 
#25 2.159 * Build applications              : Yes (all)
#25 2.159 * Build tools                     : Yes (all)
#25 2.159 * Build with scripts              : Yes (static)
#25 2.159 * Build with modules              : Yes (static)
#25 2.159 * Build unit tests                : No  (default)
#25 2.159 * Build core w/PCH                : Yes (default)
#25 2.159 * Build scripts w/PCH             : Yes (default)
#25 2.159 * Show all warnings               : Yes
#25 2.159 * Use coreside debug              : No  (default)
#25 2.159 * Use unix gperftools             : No  (default)
#25 2.159 * Use GIT revision hash           : Yes (default)
#25 2.159 * Use stub for libsidecar         : Yes
#25 2.159 * Enable vmap DisableMgr checks   : Yes (default)
#25 2.159 * Show source tree                : No (For UNIX default)
#25 2.159 
#25 2.301 -- Found Boost: /usr/lib/x86_64-linux-gnu/cmake/Boost-1.83.0/BoostConfig.cmake (found suitable version "1.83.0", minimum required is "1.74") found components: filesystem program_options iostreams regex thread 
#25 2.306 -- Looking for MADV_FREE
#25 2.414 -- Looking for MADV_FREE - found
#25 2.425 -- Found OpenSSL: /usr/lib/x86_64-linux-gnu/libcrypto.so (found version "3.0.13") found components: Crypto SSL 
#25 2.427 -- Looking for C++ include filesystem
#25 3.709 -- Looking for C++ include filesystem - found
#25 3.709 -- Performing Test CXX_FILESYSTEM_NO_LINK_NEEDED
#25 5.001 -- Performing Test CXX_FILESYSTEM_NO_LINK_NEEDED - Success
#25 5.005 -- Found Threads: TRUE  
#25 5.017 -- Found ZLIB: /usr/lib/x86_64-linux-gnu/libz.so (found version "1.3")  
#25 5.025 -- Found Readline library: /usr/lib/x86_64-linux-gnu/libreadline.so
#25 5.025 -- Include dir is: /usr/include
#25 5.033 -- Found BZip2: /usr/lib/x86_64-linux-gnu/libbz2.so (found version "1.0.8") 
#25 5.034 -- Looking for BZ2_bzCompressInit
#25 5.146 -- Looking for BZ2_bzCompressInit - found
#25 5.185 -- Running cmake hook: BEFORE_SRC_LOAD
#25 5.185 -- No hooks registered for BEFORE_SRC_LOAD
#25 5.188 
#25 5.188 * Apps build list (all):
#25 5.188   |
#25 5.188   +- apps
#25 5.188   |   +- authserver
#25 5.188   |   +- worldserver
#25 5.188   |
#25 5.188 
#25 5.209 -- Running cmake hook: BEFORE_GAME_LIBRARY
#25 5.209 -- No hooks registered for BEFORE_GAME_LIBRARY
#25 5.312 -- Running cmake hook: AFTER_GAME_LIBRARY
#25 5.312 -- No hooks registered for AFTER_GAME_LIBRARY
#25 5.313 -- Running cmake hook: BEFORE_SCRIPTS_LIBRARY
#25 5.313 -- No hooks registered for BEFORE_SCRIPTS_LIBRARY
#25 5.314 * Script configuration (static):
#25 5.314   |
#25 5.314   +- worldserver
#25 5.314   |   +- Commands
#25 5.314   |   +- Custom
#25 5.314   |   +- EasternKingdoms
#25 5.314   |   +- Events
#25 5.314   |   +- Kalimdor
#25 5.315   |   +- Northrend
#25 5.315   |   +- OutdoorPvP
#25 5.315   |   +- Outland
#25 5.315   |   +- Pet
#25 5.315   |   +- Spells
#25 5.315   |   +- World
#25 5.315   |
#25 5.444 
#25 5.446 
#25 5.446 * Tools build list (all):
#25 5.446   |
#25 5.446   +- tools
#25 5.446   |   +- dbimport
#25 5.446   |   +- map_extractor
#25 5.446   |   +- mmaps_generator
#25 5.446   |   +- vmap4_assembler
#25 5.446   |   +- vmap4_extractor
#25 5.446   |
#25 5.446 
#25 5.458 * Modules configuration (static):
#25 5.458   |
#25 5.458   +- worldserver
#25 5.458   |   +- mod-playerbots
#25 5.458   |
#25 5.458 
#25 5.707 -- * Modules config list:
#25 5.707   |
#25 5.707 --   +- mod-playerbots
#25 5.707 --   |  * playerbots.conf
#25 5.708 
#25 5.708 -- Running cmake hook: AFTER_SRC_LOAD
#25 5.708 -- No hooks registered for AFTER_SRC_LOAD
#25 5.712 -- Configuring done (5.2s)
#25 6.222 -- Generating done (0.4s)
#25 6.300 -- Build files have been written to: /azerothcore/build
#25 6.506 [1/1834] Building C object deps/argon2/CMakeFiles/argon2.dir/argon2/thread.c.o
#25 6.655 [2/1834] Building C object deps/argon2/CMakeFiles/argon2.dir/argon2/argon2.c.o
#25 6.679 [3/1834] Building C object deps/argon2/CMakeFiles/argon2.dir/argon2/core.c.o
#25 6.690 [4/1834] Building C object deps/argon2/CMakeFiles/argon2.dir/argon2/encoding.c.o
#25 6.719 [5/1834] Building C object deps/argon2/CMakeFiles/argon2.dir/argon2/blake2/blake2b.c.o
#25 6.726 [6/1834] Building C object deps/SFMT/CMakeFiles/sfmt.dir/SFMT.c.o
#25 6.778 [7/1834] Linking CXX static library deps/SFMT/libsfmt.a
#25 6.802 [8/1834] Building C object deps/argon2/CMakeFiles/argon2.dir/argon2/opt.c.o
#25 6.859 [9/1834] Linking CXX static library deps/argon2/libargon2.a
#25 6.900 [10/1834] Building C object deps/jemalloc/CMakeFiles/jemalloc.dir/src/div.c.o
#25 7.105 [11/1834] Building C object deps/jemalloc/CMakeFiles/jemalloc.dir/src/bin.c.o
#25 7.114 [12/1834] Building C object deps/jemalloc/CMakeFiles/jemalloc.dir/src/bitmap.c.o
#25 7.204 [13/1834] Building C object deps/jemalloc/CMakeFiles/jemalloc.dir/src/hook.c.o
#25 7.237 [14/1834] Building C object deps/jemalloc/CMakeFiles/jemalloc.dir/src/base.c.o
#25 7.332 [15/1834] Building C object deps/jemalloc/CMakeFiles/jemalloc.dir/src/ckh.c.o
#25 7.418 [16/1834] Building C object deps/jemalloc/CMakeFiles/jemalloc.dir/src/hash.c.o
#25 7.431 [17/1834] Building C object deps/jemalloc/CMakeFiles/jemalloc.dir/src/extent_mmap.c.o
#25 7.441 [18/1834] Building C object deps/jemalloc/CMakeFiles/jemalloc.dir/src/extent_dss.c.o
#25 7.445 [19/1834] Building C object deps/jemalloc/CMakeFiles/jemalloc.dir/src/background_thread.c.o
#25 7.817 [20/1834] Building C object deps/jemalloc/CMakeFiles/jemalloc.dir/src/log.c.o
#25 7.942 [21/1834] Building C object deps/jemalloc/CMakeFiles/jemalloc.dir/src/arena.c.o
#25 8.022 [22/1834] Building C object deps/jemalloc/CMakeFiles/jemalloc.dir/src/mutex_pool.c.o
#25 8.028 [23/1834] Building CXX object deps/fmt/CMakeFiles/fmt.dir/src/os.cc.o
#25 8.052 [24/1834] Building C object deps/jemalloc/CMakeFiles/jemalloc.dir/src/large.c.o
#25 8.062 [25/1834] Building C object deps/jemalloc/CMakeFiles/jemalloc.dir/src/nstime.c.o
#25 8.134 [26/1834] Building C object deps/jemalloc/CMakeFiles/jemalloc.dir/src/malloc_io.c.o
#25 8.143 [27/1834] Building C object deps/jemalloc/CMakeFiles/jemalloc.dir/src/pages.c.o
#25 8.335 [28/1834] Building C object deps/jemalloc/CMakeFiles/jemalloc.dir/src/sc.c.o
#25 8.346 [29/1834] Building C object deps/jemalloc/CMakeFiles/jemalloc.dir/src/test_hooks.c.o
#25 8.392 [30/1834] Building C object deps/jemalloc/CMakeFiles/jemalloc.dir/src/sz.c.o
#25 8.455 [31/1834] Building C object deps/jemalloc/CMakeFiles/jemalloc.dir/src/prng.c.o
#25 8.458 [32/1834] Building C object deps/jemalloc/CMakeFiles/jemalloc.dir/src/mutex.c.o
#25 8.482 [33/1834] Building C object deps/jemalloc/CMakeFiles/jemalloc.dir/src/rtree.c.o
#25 8.558 [34/1834] Building C object deps/jemalloc/CMakeFiles/jemalloc.dir/src/safety_check.c.o
#25 8.587 [35/1834] Building C object deps/jemalloc/CMakeFiles/jemalloc.dir/src/prof.c.o
#25 8.773 [36/1834] Building C object deps/jemalloc/CMakeFiles/jemalloc.dir/src/ticker.c.o
#25 8.961 [37/1834] Building C object deps/jemalloc/CMakeFiles/jemalloc.dir/src/ctl.c.o
#25 8.973 [38/1834] Building C object deps/jemalloc/CMakeFiles/jemalloc.dir/src/extent.c.o
#25 9.053 [39/1834] Building C object deps/jemalloc/CMakeFiles/jemalloc.dir/src/tsd.c.o
#25 9.065 [40/1834] Building C object deps/jemalloc/CMakeFiles/jemalloc.dir/src/stats.c.o
#25 9.087 [41/1834] Building C object deps/jemalloc/CMakeFiles/jemalloc.dir/src/witness.c.o
#25 9.233 [42/1834] Building C object deps/jemalloc/CMakeFiles/jemalloc.dir/src/tcache.c.o
#25 9.367 [43/1834] Building CXX object deps/jemalloc/CMakeFiles/jemalloc.dir/src/jemalloc_cpp.cpp.o
#25 9.382 [44/1834] Building C object deps/jemalloc/CMakeFiles/jemalloc.dir/src/jemalloc.c.o
#25 9.475 [45/1834] Linking CXX static library deps/jemalloc/libjemalloc.a
#25 9.867 [46/1834] Building CXX object deps/g3dlite/CMakeFiles/g3dlib.dir/source/BinaryFormat.cpp.o
#25 10.69 [47/1834] Building CXX object deps/g3dlite/CMakeFiles/g3dlib.dir/source/AnyTableReader.cpp.o
#25 10.77 [48/1834] Building CXX object deps/g3dlite/CMakeFiles/g3dlib.dir/source/debugAssert.cpp.o
#25 11.06 [49/1834] Building CXX object deps/g3dlite/CMakeFiles/g3dlib.dir/source/Capsule.cpp.o
#25 11.11 [50/1834] Building CXX object deps/g3dlite/CMakeFiles/g3dlib.dir/source/Crypto.cpp.o
#25 11.13 [51/1834] Building CXX object deps/g3dlite/CMakeFiles/g3dlib.dir/source/AABox.cpp.o
#25 11.18 [52/1834] Building CXX object deps/g3dlite/CMakeFiles/g3dlib.dir/source/BinaryOutput.cpp.o
#25 11.31 [53/1834] Building CXX object deps/g3dlite/CMakeFiles/g3dlib.dir/source/Box.cpp.o
#25 11.36 [54/1834] Building CXX object deps/g3dlite/CMakeFiles/g3dlib.dir/source/Cylinder.cpp.o
#25 11.73 [55/1834] Building CXX object deps/g3dlite/CMakeFiles/g3dlib.dir/source/format.cpp.o
#25 12.05 [56/1834] Building CXX object deps/g3dlite/CMakeFiles/g3dlib.dir/source/g3dfnmatch.cpp.o
#25 12.18 [57/1834] Building CXX object deps/g3dlite/CMakeFiles/g3dlib.dir/source/CollisionDetection.cpp.o
#25 12.34 [58/1834] Building CXX object deps/g3dlite/CMakeFiles/g3dlib.dir/source/BinaryInput.cpp.o
#25 12.37 [59/1834] Building CXX object deps/g3dlite/CMakeFiles/g3dlib.dir/source/g3dmath.cpp.o
#25 12.40 [60/1834] Building CXX object deps/g3dlite/CMakeFiles/g3dlib.dir/source/CoordinateFrame.cpp.o
#25 12.68 [61/1834] Building CXX object deps/g3dlite/CMakeFiles/g3dlib.dir/source/fileutils.cpp.o
#25 12.97 [62/1834] Building CXX object deps/g3dlite/CMakeFiles/g3dlib.dir/source/Line.cpp.o
#25 13.29 [63/1834] Building CXX object deps/g3dlite/CMakeFiles/g3dlib.dir/source/GThread.cpp.o
#25 13.29 [64/1834] Building CXX object deps/g3dlite/CMakeFiles/g3dlib.dir/source/LineSegment.cpp.o
#25 13.50 [65/1834] Building CXX object deps/g3dlite/CMakeFiles/g3dlib.dir/source/prompt.cpp.o
#25 13.57 [66/1834] Building CXX object deps/fmt/CMakeFiles/fmt.dir/src/format.cc.o
#25 13.66 [67/1834] Linking CXX static library deps/fmt/libfmt.a
#25 13.72 [68/1834] Building CXX object deps/g3dlite/CMakeFiles/g3dlib.dir/source/FileSystem.cpp.o
#25 13.81 [69/1834] Building CXX object deps/g3dlite/CMakeFiles/g3dlib.dir/source/Log.cpp.o
#25 13.86 [70/1834] Building CXX object deps/g3dlite/CMakeFiles/g3dlib.dir/source/MemoryManager.cpp.o
#25 13.97 [71/1834] Building CXX object deps/g3dlite/CMakeFiles/g3dlib.dir/source/Matrix4.cpp.o
#25 13.97 [72/1834] Building CXX object deps/g3dlite/CMakeFiles/g3dlib.dir/source/Random.cpp.o
#25 14.17 [73/1834] Building CXX object deps/g3dlite/CMakeFiles/g3dlib.dir/source/Any.cpp.o
#25 14.36 [74/1834] Building CXX object deps/g3dlite/CMakeFiles/g3dlib.dir/source/RegistryUtil.cpp.o
#25 14.63 [75/1834] Building CXX object deps/g3dlite/CMakeFiles/g3dlib.dir/source/PhysicsFrame.cpp.o
#25 14.66 [76/1834] Building CXX object deps/g3dlite/CMakeFiles/g3dlib.dir/source/Plane.cpp.o
#25 14.74 [77/1834] Building CXX object deps/recastnavigation/Detour/CMakeFiles/Detour.dir/Source/DetourAssert.cpp.o
#25 14.76 [78/1834] Building CXX object deps/recastnavigation/Detour/CMakeFiles/Detour.dir/Source/DetourAlloc.cpp.o
#25 14.78 [79/1834] Building CXX object deps/g3dlite/CMakeFiles/g3dlib.dir/source/Matrix3.cpp.o
#25 14.85 [80/1834] Building CXX object deps/g3dlite/CMakeFiles/g3dlib.dir/source/Ray.cpp.o
#25 15.16 [81/1834] Building CXX object deps/g3dlite/CMakeFiles/g3dlib.dir/source/Quat.cpp.o
#25 15.43 [82/1834] Building CXX object deps/recastnavigation/Detour/CMakeFiles/Detour.dir/Source/DetourCommon.cpp.o
#25 15.47 [83/1834] Building CXX object deps/g3dlite/CMakeFiles/g3dlib.dir/source/Sphere.cpp.o
#25 15.60 [84/1834] Building CXX object deps/recastnavigation/Recast/CMakeFiles/Recast.dir/Source/RecastAlloc.cpp.o
#25 15.66 [85/1834] Building CXX object deps/recastnavigation/Recast/CMakeFiles/Recast.dir/Source/RecastAssert.cpp.o
#25 16.02 [86/1834] Building CXX object deps/g3dlite/CMakeFiles/g3dlib.dir/source/uint128.cpp.o
#25 16.26 [87/1834] Building CXX object deps/recastnavigation/Recast/CMakeFiles/Recast.dir/Source/Recast.cpp.o
#25 16.27 [88/1834] Building CXX object deps/recastnavigation/Detour/CMakeFiles/Detour.dir/Source/DetourNavMeshBuilder.cpp.o
#25 16.30 [89/1834] Building CXX object deps/recastnavigation/Detour/CMakeFiles/Detour.dir/Source/DetourNode.cpp.o
#25 16.36 [90/1834] Building CXX object deps/g3dlite/CMakeFiles/g3dlib.dir/source/TextOutput.cpp.o
#25 16.38 [91/1834] Building CXX object deps/recastnavigation/Detour/CMakeFiles/Detour.dir/Source/DetourNavMesh.cpp.o
#25 16.42 [92/1834] Building CXX object deps/g3dlite/CMakeFiles/g3dlib.dir/source/Vector2.cpp.o
#25 16.49 [93/1834] Building CXX object deps/g3dlite/CMakeFiles/g3dlib.dir/source/Triangle.cpp.o
#25 16.55 [94/1834] Building CXX object deps/g3dlite/CMakeFiles/g3dlib.dir/source/stringutils.cpp.o
#25 16.56 [95/1834] Building CXX object deps/recastnavigation/Recast/CMakeFiles/Recast.dir/Source/RecastArea.cpp.o
#25 16.77 [96/1834] Building CXX object deps/recastnavigation/Detour/CMakeFiles/Detour.dir/Source/DetourNavMeshQuery.cpp.o
#25 16.83 [97/1834] Linking CXX static library deps/recastnavigation/Detour/libDetour.a
#25 16.95 [98/1834] Building CXX object deps/recastnavigation/Recast/CMakeFiles/Recast.dir/Source/RecastFilter.cpp.o
#25 16.97 [99/1834] Building CXX object deps/g3dlite/CMakeFiles/g3dlib.dir/source/Vector3.cpp.o
#25 17.01 [100/1834] Building C object deps/libmpq/CMakeFiles/mpq.dir/libmpq/common.c.o
#25 17.08 [101/1834] Building CXX object deps/g3dlite/CMakeFiles/g3dlib.dir/source/UprightFrame.cpp.o
#25 17.10 [102/1834] Building CXX object deps/g3dlite/CMakeFiles/g3dlib.dir/source/System.cpp.o
#25 17.15 [103/1834] Building CXX object deps/recastnavigation/Recast/CMakeFiles/Recast.dir/Source/RecastRasterization.cpp.o
#25 17.18 [104/1834] Building C object deps/libmpq/CMakeFiles/mpq.dir/libmpq/extract.c.o
#25 17.25 [105/1834] Building C object deps/libmpq/CMakeFiles/mpq.dir/libmpq/wave.c.o
#25 17.27 [106/1834] Building C object deps/libmpq/CMakeFiles/mpq.dir/libmpq/explode.c.o
#25 17.28 [107/1834] Building C object deps/libmpq/CMakeFiles/mpq.dir/libmpq/huffman.c.o
#25 17.29 [108/1834] Building C object deps/libsidecar/CMakeFiles/libsidecar.dir/stub/events-group.c.o
#25 17.33 [109/1834] Building C object deps/libsidecar/CMakeFiles/libsidecar.dir/stub/events-guild.c.o
#25 17.34 [110/1834] Building C object deps/libsidecar/CMakeFiles/libsidecar.dir/stub/battleground-api.c.o
#25 17.34 [111/1834] Building C object deps/libsidecar/CMakeFiles/libsidecar.dir/stub/events-servers-registry.c.o
#25 17.37 [112/1834] Building CXX object deps/recastnavigation/Recast/CMakeFiles/Recast.dir/Source/RecastLayers.cpp.o
#25 17.42 [113/1834] Building C object deps/libsidecar/CMakeFiles/libsidecar.dir/stub/monitoring.c.o
#25 17.42 [114/1834] Building C object deps/libmpq/CMakeFiles/mpq.dir/libmpq/mpq.c.o
#25 17.44 [115/1834] Building C object deps/libsidecar/CMakeFiles/libsidecar.dir/stub/player-money-api.c.o
#25 17.45 [116/1834] Building C object deps/libsidecar/CMakeFiles/libsidecar.dir/stub/player-interactions-api.c.o
#25 17.46 [117/1834] Building C object deps/libsidecar/CMakeFiles/libsidecar.dir/stub/libsidecar.c.o
#25 17.47 [118/1834] Building C object deps/libsidecar/CMakeFiles/libsidecar.dir/stub/player-items-api.c.o
#25 17.51 [119/1834] Linking CXX static library deps/libmpq/libmpq.a
#25 17.55 [120/1834] Building CXX object deps/g3dlite/CMakeFiles/g3dlib.dir/source/Vector4.cpp.o
#25 17.58 [121/1834] Linking CXX static library deps/libsidecar/liblibsidecar.a
#25 17.61 [122/1834] Building CXX object src/server/shared/CMakeFiles/shared.dir/SharedDefines.cpp.o
#25 17.93 [123/1834] Building CXX object deps/g3dlite/CMakeFiles/g3dlib.dir/source/TextInput.cpp.o
#25 18.13 [124/1834] Linking CXX static library deps/g3dlite/libg3dlib.a
#25 18.14 [125/1834] Building CXX object deps/recastnavigation/Recast/CMakeFiles/Recast.dir/Source/RecastMesh.cpp.o
#25 18.17 [126/1834] Building CXX object deps/gsoap/CMakeFiles/gsoap.dir/soapServer.cpp.o
#25 18.24 [127/1834] cd /azerothcore && /usr/bin/cmake -DBUILDDIR="/azerothcore/build" -P /azerothcore/src/cmake/genrev.cmake /azerothcore/build
#25 18.40 [128/1834] Building CXX object deps/recastnavigation/Recast/CMakeFiles/Recast.dir/Source/RecastContour.cpp.o
#25 18.86 [129/1834] Building CXX object deps/gsoap/CMakeFiles/gsoap.dir/soapC.cpp.o
#25 19.05 [130/1834] Building CXX object src/server/shared/CMakeFiles/shared.dir/enuminfo_SharedDefines.cpp.o
#25 19.39 [131/1834] Building CXX object deps/recastnavigation/Recast/CMakeFiles/Recast.dir/Source/RecastRegion.cpp.o
#25 19.42 [132/1834] Building CXX object deps/recastnavigation/Recast/CMakeFiles/Recast.dir/Source/RecastMeshDetail.cpp.o
#25 19.52 [133/1834] Linking CXX static library deps/recastnavigation/Recast/libRecast.a
#25 20.36 [134/1834] Building CXX object src/tools/CMakeFiles/map_extractor.dir/map_extractor/adt.cpp.o
#25 20.92 [135/1834] Building CXX object src/server/shared/CMakeFiles/shared.dir/DataStores/DBCStore.cpp.o
#25 21.55 [136/1834] Building CXX object src/tools/CMakeFiles/map_extractor.dir/map_extractor/dbcfile.cpp.o
#25 22.54 [137/1834] Building CXX object src/tools/CMakeFiles/map_extractor.dir/map_extractor/loadlib.cpp.o
#25 22.76 [138/1834] Building CXX object src/server/shared/CMakeFiles/shared.dir/DataStores/DBCDatabaseLoader.cpp.o
#25 22.86 [139/1834] Building CXX object src/tools/CMakeFiles/map_extractor.dir/map_extractor/mpq_libmpq.cpp.o
#25 23.21 [140/1834] Building CXX object src/common/CMakeFiles/common.dir/cmake_pch.hxx.pch
#25 23.56 [141/1834] Building CXX object src/server/shared/CMakeFiles/shared.dir/Realms/Realm.cpp.o
#25 23.90 [142/1834] Building CXX object src/common/CMakeFiles/common.dir/Banner.cpp.o
#25 24.00 [143/1834] Building CXX object src/tools/CMakeFiles/map_extractor.dir/map_extractor/wdt.cpp.o
#25 24.06 [144/1834] Building CXX object src/server/shared/CMakeFiles/shared.dir/Secrets/SecretMgr.cpp.o
#25 24.27 [145/1834] Building CXX object src/common/CMakeFiles/common.dir/Common.cpp.o
#25 24.58 [146/1834] Building CXX object src/common/CMakeFiles/common.dir/GitRevision.cpp.o
#25 24.67 [147/1834] Building CXX object src/server/shared/CMakeFiles/shared.dir/Packets/ByteBuffer.cpp.o
#25 24.81 [148/1834] Building CXX object deps/gsoap/CMakeFiles/gsoap.dir/stdsoap2.cpp.o
#25 24.93 [149/1834] Linking CXX static library deps/gsoap/libgsoap.a
#25 25.45 [150/1834] Building CXX object src/common/CMakeFiles/common.dir/Collision/Management/VMapFactory.cpp.o
#25 25.49 [151/1834] Building CXX object src/common/CMakeFiles/common.dir/Collision/Management/MMapMgr.cpp.o
#25 25.51 [152/1834] Building CXX object src/common/CMakeFiles/common.dir/Collision/BoundingIntervalHierarchy.cpp.o
#25 25.55 [153/1834] Building CXX object src/server/database/CMakeFiles/database.dir/cmake_pch.hxx.pch
#25 25.56 [154/1834] Building CXX object src/tools/CMakeFiles/map_extractor.dir/map_extractor/System.cpp.o
#25 26.06 [155/1834] Building CXX object src/common/CMakeFiles/common.dir/Collision/Management/VMapMgr2.cpp.o
#25 26.07 [156/1834] Building CXX object src/server/apps/CMakeFiles/authserver.dir/cmake_pch.hxx.pch
#25 26.35 [157/1834] Building CXX object src/common/CMakeFiles/common.dir/Collision/DynamicTree.cpp.o
#25 26.66 [158/1834] Building CXX object src/common/CMakeFiles/common.dir/Collision/Management/WorldModelStore.cpp.o
#25 26.84 [159/1834] Building CXX object src/common/CMakeFiles/common.dir/Collision/Models/ModelInstance.cpp.o
#25 26.92 [160/1834] Building CXX object src/common/CMakeFiles/common.dir/Configuration/BuiltInConfig.cpp.o
#25 27.22 [161/1834] Building CXX object src/tools/CMakeFiles/mmaps_generator.dir/mmaps_generator/IntermediateValues.cpp.o
#25 27.45 [162/1834] Building CXX object src/common/CMakeFiles/common.dir/Cryptography/AES.cpp.o
#25 27.58 [163/1834] Building CXX object src/common/CMakeFiles/common.dir/Cryptography/ARC4.cpp.o
#25 27.65 [164/1834] Building CXX object src/common/CMakeFiles/common.dir/Cryptography/Argon2.cpp.o
#25 27.97 [165/1834] Building CXX object src/common/CMakeFiles/common.dir/Cryptography/CryptoRandom.cpp.o
#25 28.12 [166/1834] Building CXX object src/common/CMakeFiles/common.dir/Collision/Models/GameObjectModel.cpp.o
#25 28.13 [167/1834] Building CXX object src/common/CMakeFiles/common.dir/Cryptography/BigNumber.cpp.o
#25 28.26 [168/1834] Building CXX object src/common/CMakeFiles/common.dir/Cryptography/OpenSSLCrypto.cpp.o
#25 28.36 [169/1834] Building CXX object src/common/CMakeFiles/common.dir/Collision/Models/WorldModel.cpp.o
#25 28.42 [170/1834] Building CXX object src/common/CMakeFiles/common.dir/Cryptography/TOTP.cpp.o
#25 28.60 [171/1834] Building CXX object src/common/CMakeFiles/common.dir/Cryptography/Authentication/AuthCrypt.cpp.o
#25 28.97 [172/1834] Building CXX object src/common/CMakeFiles/common.dir/DataStores/DBCFileLoader.cpp.o
#25 29.13 [173/1834] Building CXX object src/common/CMakeFiles/common.dir/Encoding/Base32.cpp.o
#25 29.26 [174/1834] Building CXX object src/common/CMakeFiles/common.dir/Logging/Appender.cpp.o
#25 29.29 [175/1834] Building CXX object src/common/CMakeFiles/common.dir/Cryptography/Authentication/SRP6.cpp.o
#25 29.39 [176/1834] Building CXX object src/common/CMakeFiles/common.dir/Encoding/Base64.cpp.o
#25 29.40 [177/1834] Building CXX object src/server/shared/CMakeFiles/shared.dir/Realms/RealmList.cpp.o
#25 30.02 [178/1834] Building CXX object src/common/CMakeFiles/common.dir/Collision/Maps/TileAssembler.cpp.o
#25 30.03 [179/1834] Building CXX object src/common/CMakeFiles/common.dir/Logging/LogOperation.cpp.o
#25 30.04 [180/1834] Building CXX object src/common/CMakeFiles/common.dir/Logging/AppenderConsole.cpp.o
#25 30.09 [181/1834] Building CXX object src/server/apps/CMakeFiles/worldserver.dir/cmake_pch.hxx.pch
#25 30.18 [182/1834] Building CXX object src/common/CMakeFiles/common.dir/Collision/Maps/MapTree.cpp.o
#25 30.19 [183/1834] Building CXX object src/common/CMakeFiles/common.dir/Logging/enuminfo_AppenderConsole.cpp.o
#25 30.22 [184/1834] Building CXX object src/common/CMakeFiles/common.dir/Logging/LogMessage.cpp.o
#25 30.39 [185/1834] Building CXX object src/common/CMakeFiles/common.dir/Logging/AppenderFile.cpp.o
#25 30.49 [186/1834] Building CXX object src/common/CMakeFiles/common.dir/Logging/Logger.cpp.o
#25 30.65 [187/1834] Building CXX object src/common/CMakeFiles/common.dir/Logging/enuminfo_LogCommon.cpp.o
#25 30.70 [188/1834] Building CXX object src/common/CMakeFiles/common.dir/Navigation/DetourExtended.cpp.o
#25 30.78 [189/1834] Building CXX object src/tools/CMakeFiles/dbimport.dir/dbimport/Main.cpp.o
#25 30.84 [190/1834] Building CXX object src/common/CMakeFiles/common.dir/Threading/ProcessPriority.cpp.o
#25 31.28 [191/1834] Building CXX object src/common/CMakeFiles/common.dir/Threading/Threading.cpp.o
#25 31.31 [192/1834] Building CXX object src/common/CMakeFiles/common.dir/IPLocation/IPLocation.cpp.o
#25 31.41 [193/1834] Building CXX object src/common/CMakeFiles/common.dir/Utilities/EventProcessor.cpp.o
#25 31.53 [194/1834] Building CXX object src/common/CMakeFiles/common.dir/Utilities/EventMap.cpp.o
#25 31.69 [195/1834] Building CXX object src/common/CMakeFiles/common.dir/Utilities/SFMTRand.cpp.o
#25 31.72 [196/1834] Building CXX object src/common/CMakeFiles/common.dir/Utilities/StringFormat.cpp.o
#25 31.96 [197/1834] Building CXX object src/common/CMakeFiles/common.dir/Utilities/Random.cpp.o
#25 32.11 [198/1834] Building CXX object src/common/CMakeFiles/common.dir/Utilities/Systemd.cpp.o
#25 32.30 [199/1834] Building CXX object src/common/CMakeFiles/common.dir/Utilities/Tokenize.cpp.o
#25 32.66 [200/1834] Building CXX object src/server/apps/CMakeFiles/authserver.dir/authserver/Authentication/AuthCodes.cpp.o
#25 32.68 [201/1834] Building CXX object src/common/CMakeFiles/common.dir/Utilities/Timer.cpp.o
#25 32.88 [202/1834] Building CXX object src/common/CMakeFiles/common.dir/Configuration/Config.cpp.o
#25 33.01 [203/1834] Building CXX object src/common/CMakeFiles/common.dir/Debugging/Errors.cpp.o
#25 33.19 [204/1834] Building CXX object src/common/CMakeFiles/common.dir/Utilities/TaskScheduler.cpp.o
#25 33.39 [205/1834] Building CXX object src/common/CMakeFiles/common.dir/Logging/Log.cpp.o
#25 33.93 [206/1834] Building CXX object src/server/database/CMakeFiles/database.dir/Database/DatabaseEnv.cpp.o
#25 34.13 [207/1834] Building CXX object src/server/database/CMakeFiles/database.dir/Database/AdhocStatement.cpp.o
#25 34.18 [208/1834] Building CXX object src/common/CMakeFiles/common.dir/Utilities/Util.cpp.o
#25 34.37 [209/1834] Building CXX object src/server/database/CMakeFiles/database.dir/Database/DatabaseWorker.cpp.o
#25 35.12 [210/1834] Building CXX object src/server/apps/CMakeFiles/worldserver.dir/worldserver/ACSoap/ACSoap.cpp.o
#25 36.12 [211/1834] Building CXX object src/server/database/CMakeFiles/database.dir/Database/MySQLThreading.cpp.o
#25 36.22 [212/1834] Building CXX object src/server/database/CMakeFiles/database.dir/Database/MySQLPreparedStatement.cpp.o
#25 36.40 [213/1834] Building CXX object src/server/game/CMakeFiles/game.dir/cmake_pch.hxx.pch
#25 36.62 [214/1834] Building CXX object src/server/apps/CMakeFiles/worldserver.dir/worldserver/RemoteAccess/RASession.cpp.o
#25 36.70 [215/1834] Building CXX object src/server/database/CMakeFiles/database.dir/Database/DatabaseLoader.cpp.o
#25 37.03 [216/1834] Building CXX object src/server/database/CMakeFiles/database.dir/Database/MySQLConnection.cpp.o
#25 37.42 [217/1834] Building CXX object src/server/database/CMakeFiles/database.dir/Database/Field.cpp.o
#25 37.82 [218/1834] Building CXX object src/server/database/CMakeFiles/database.dir/Database/QueryHolder.cpp.o
#25 38.03 [219/1834] Building CXX object src/server/database/CMakeFiles/database.dir/Database/QueryResult.cpp.o
#25 38.08 [220/1834] Building CXX object src/server/database/CMakeFiles/database.dir/Database/QueryCallback.cpp.o
#25 38.14 [221/1834] Building CXX object src/server/scripts/CMakeFiles/scripts.dir/cmake_pch.hxx.pch
#25 38.36 [222/1834] Building CXX object src/server/database/CMakeFiles/database.dir/Database/Implementation/LoginDatabase.cpp.o
#25 38.48 [223/1834] Building CXX object src/server/database/CMakeFiles/database.dir/Database/Implementation/CharacterDatabase.cpp.o
#25 38.84 [224/1834] Building CXX object src/server/database/CMakeFiles/database.dir/Database/Transaction.cpp.o
#25 38.95 [225/1834] Building CXX object src/server/database/CMakeFiles/database.dir/Database/Implementation/WorldDatabase.cpp.o
#25 38.99 [226/1834] Building CXX object src/server/database/CMakeFiles/database.dir/Database/Implementation/PlayerbotsDatabase.cpp.o
#25 39.06 [227/1834] Building CXX object src/server/database/CMakeFiles/database.dir/Database/PreparedStatement.cpp.o
#25 39.09 [228/1834] Building CXX object src/server/database/CMakeFiles/database.dir/Logging/AppenderDB.cpp.o
#25 39.12 [229/1834] Building CXX object src/server/database/CMakeFiles/database.dir/Database/DatabaseWorkerPool.cpp.o
#25 39.68 [230/1834] Building CXX object src/common/CMakeFiles/common.dir/Metric/Metric.cpp.o
#25 39.82 [231/1834] Building CXX object src/tools/CMakeFiles/mmaps_generator.dir/mmaps_generator/Config.cpp.o
#25 40.04 [232/1834] Building CXX object src/server/apps/CMakeFiles/authserver.dir/authserver/Server/AuthSession.cpp.o
#25 40.90 [233/1834] Building CXX object src/server/apps/CMakeFiles/worldserver.dir/worldserver/CommandLine/CliRunnable.cpp.o
#25 41.18 [234/1834] Building CXX object src/server/game/CMakeFiles/game.dir/AI/enuminfo_CreatureAI.cpp.o
#25 41.30 [235/1834] Building CXX object src/server/game/CMakeFiles/game.dir/AI/CoreAI/GameObjectAI.cpp.o
#25 42.35 [236/1834] Building CXX object src/server/game/CMakeFiles/game.dir/AI/CoreAI/PassiveAI.cpp.o
#25 42.35 [237/1834] Building CXX object src/server/game/CMakeFiles/game.dir/AI/CoreAI/ReactorAI.cpp.o
#25 42.89 [238/1834] Building CXX object src/server/game/CMakeFiles/game.dir/AI/CoreAI/GuardAI.cpp.o
#25 43.41 [239/1834] Building CXX object src/server/game/CMakeFiles/game.dir/AI/CoreAI/CombatAI.cpp.o
#25 43.42 [240/1834] Building CXX object src/server/game/CMakeFiles/game.dir/AI/CreatureAISelector.cpp.o
#25 43.83 [241/1834] Building CXX object src/server/database/CMakeFiles/database.dir/Updater/UpdateFetcher.cpp.o
#25 44.84 [242/1834] Building CXX object src/server/game/CMakeFiles/game.dir/AI/CreatureAIRegistry.cpp.o
#25 45.08 [243/1834] Building CXX object src/server/game/CMakeFiles/game.dir/AI/CoreAI/PetAI.cpp.o
#25 45.20 [244/1834] Building CXX object src/server/database/CMakeFiles/database.dir/Updater/DBUpdater.cpp.o
#25 45.52 [245/1834] Building CXX object src/server/game/CMakeFiles/game.dir/AI/CreatureAI.cpp.o
#25 45.76 [246/1834] Building CXX object src/server/game/CMakeFiles/game.dir/AI/CoreAI/TotemAI.cpp.o
#25 45.77 [247/1834] Building CXX object src/server/game/CMakeFiles/game.dir/AI/ScriptedAI/ScriptedGossip.cpp.o
#25 46.02 [248/1834] Building CXX object src/server/game/CMakeFiles/game.dir/AI/CoreAI/UnitAI.cpp.o
#25 46.06 [249/1834] Building CXX object src/common/CMakeFiles/common.dir/Utilities/StartProcess.cpp.o
#25 46.25 [250/1834] Linking CXX static library src/common/libcommon.a
#25 46.38 [251/1834] Linking CXX static library src/server/database/libdatabase.a
#25 46.46 [252/1834] Linking CXX static library src/server/shared/libshared.a
#25 47.55 [253/1834] Building CXX object src/server/apps/CMakeFiles/authserver.dir/authserver/Main.cpp.o
#25 47.84 [254/1834] Building CXX object src/server/game/CMakeFiles/game.dir/Addons/AddonMgr.cpp.o
#25 47.91 [255/1834] Building CXX object src/server/game/CMakeFiles/game.dir/Accounts/RBAC.cpp.o
#25 47.96 [256/1834] Building CXX object src/server/game/CMakeFiles/game.dir/AI/ScriptedAI/ScriptedFollowerAI.cpp.o
#25 48.10 [257/1834] Linking CXX executable src/server/apps/authserver
#25 48.62 [258/1834] Building CXX object src/server/game/CMakeFiles/game.dir/AI/ScriptedAI/ScriptedCreature.cpp.o
#25 48.98 [259/1834] Building CXX object src/server/game/CMakeFiles/game.dir/AI/ScriptedAI/ScriptedEscortAI.cpp.o
#25 51.33 [260/1834] Building CXX object src/server/game/CMakeFiles/game.dir/Battlefield/BattlefieldHandler.cpp.o
#25 51.33 [261/1834] Building CXX object src/server/game/CMakeFiles/game.dir/AI/SmartScripts/SmartAI.cpp.o
#25 51.35 [262/1834] Building CXX object src/server/game/CMakeFiles/game.dir/ArenaSpectator/ArenaSpectator.cpp.o
#25 52.03 [263/1834] Building CXX object src/server/game/CMakeFiles/game.dir/Accounts/AccountMgr.cpp.o
#25 52.56 [264/1834] Building CXX object src/server/game/CMakeFiles/game.dir/Autobroadcast/AutobroadcastMgr.cpp.o
#25 52.93 [265/1834] Building CXX object src/server/game/CMakeFiles/game.dir/AuctionHouse/AuctionHouseMgr.cpp.o
#25 52.99 [266/1834] Building CXX object src/server/game/CMakeFiles/game.dir/AuctionHouse/AuctionHouseSearcher.cpp.o
#25 53.49 [267/1834] Building CXX object src/server/game/CMakeFiles/game.dir/Battlefield/BattlefieldMgr.cpp.o
#25 54.16 [268/1834] Building CXX object src/server/game/CMakeFiles/game.dir/Battlegrounds/Arena.cpp.o
#25 54.53 [269/1834] Building CXX object src/server/game/CMakeFiles/game.dir/Battlegrounds/enuminfo_ArenaTeam.cpp.o
#25 54.89 [270/1834] Building CXX object src/server/game/CMakeFiles/game.dir/Battlegrounds/BattlegroundUtils.cpp.o
#25 55.19 [271/1834] Building CXX object src/server/apps/CMakeFiles/worldserver.dir/worldserver/Main.cpp.o
#25 55.90 [272/1834] Building CXX object src/server/game/CMakeFiles/game.dir/Battlegrounds/BattlegroundSpamProtect.cpp.o
#25 55.98 [273/1834] Building CXX object src/server/game/CMakeFiles/game.dir/AI/SmartScripts/SmartScriptMgr.cpp.o
#25 56.41 [274/1834] Building CXX object src/server/game/CMakeFiles/game.dir/Battlegrounds/ArenaTeam.cpp.o
#25 56.54 [275/1834] Building CXX object src/server/game/CMakeFiles/game.dir/Battlefield/Zones/BattlefieldWG.cpp.o
#25 56.86 [276/1834] Building CXX object src/server/game/CMakeFiles/game.dir/Battlegrounds/ArenaTeamMgr.cpp.o
#25 56.98 [277/1834] Building CXX object src/server/game/CMakeFiles/game.dir/Battlefield/Battlefield.cpp.o
#25 58.60 [278/1834] Building CXX object src/server/game/CMakeFiles/game.dir/Battlegrounds/ArenaSeason/ArenaSeasonRewardsDistributor.cpp.o
#25 58.64 [279/1834] Building CXX object src/server/game/CMakeFiles/game.dir/Battlegrounds/Zones/BattlegroundBE.cpp.o
#25 58.67 [280/1834] Building CXX object src/server/game/CMakeFiles/game.dir/Battlegrounds/Zones/BattlegroundAB.cpp.o
#25 59.24 [281/1834] Building CXX object src/server/game/CMakeFiles/game.dir/Battlegrounds/ArenaSeason/ArenaSeasonMgr.cpp.o
#25 59.36 [282/1834] Building CXX object src/server/game/CMakeFiles/game.dir/Battlegrounds/Zones/BattlegroundDS.cpp.o
#25 59.57 [283/1834] Building CXX object src/server/game/CMakeFiles/game.dir/Battlegrounds/Zones/BattlegroundNA.cpp.o
#25 59.87 [284/1834] Building CXX object src/server/game/CMakeFiles/game.dir/Battlegrounds/Zones/BattlegroundRL.cpp.o
#25 59.94 [285/1834] Building CXX object src/server/game/CMakeFiles/game.dir/Battlegrounds/BattlegroundQueue.cpp.o
#25 60.03 [286/1834] Building CXX object src/server/game/CMakeFiles/game.dir/Achievements/AchievementMgr.cpp.o
#25 61.00 [287/1834] Building CXX object src/server/game/CMakeFiles/game.dir/Battlegrounds/Zones/BattlegroundEY.cpp.o
#25 61.15 [288/1834] Building CXX object src/server/game/CMakeFiles/game.dir/Battlegrounds/Zones/BattlegroundRV.cpp.o
#25 61.24 [289/1834] Building CXX object src/server/game/CMakeFiles/game.dir/Battlegrounds/Battleground.cpp.o
#25 61.50 [290/1834] Building CXX object src/server/game/CMakeFiles/game.dir/AI/SmartScripts/SmartScript.cpp.o
#25 62.42 [291/1834] Building CXX object src/server/game/CMakeFiles/game.dir/Cache/WhoListCacheMgr.cpp.o
#25 62.74 [292/1834] Building CXX object src/server/game/CMakeFiles/game.dir/Battlegrounds/Zones/BattlegroundWS.cpp.o
#25 62.87 [293/1834] Building CXX object src/server/game/CMakeFiles/game.dir/Battlegrounds/Zones/BattlegroundAV.cpp.o
#25 62.90 [294/1834] Building CXX object src/server/game/CMakeFiles/game.dir/Chat/Channels/enuminfo_Channel.cpp.o
#25 63.00 [295/1834] Building CXX object src/server/game/CMakeFiles/game.dir/Battlegrounds/Zones/BattlegroundIC.cpp.o
#25 63.12 [296/1834] Building CXX object src/server/game/CMakeFiles/game.dir/Cache/CharacterCache.cpp.o
#25 63.19 [297/1834] Building CXX object src/server/game/CMakeFiles/game.dir/Chat/HyperlinkTags.cpp.o
#25 63.22 [298/1834] Building CXX object src/server/game/CMakeFiles/game.dir/Chat/Hyperlinks.cpp.o
#25 64.16 [299/1834] Building CXX object src/server/game/CMakeFiles/game.dir/Battlegrounds/Zones/BattlegroundSA.cpp.o
#25 65.10 [300/1834] Building CXX object src/server/game/CMakeFiles/game.dir/Calendar/CalendarMgr.cpp.o
#25 65.53 [301/1834] Building CXX object src/server/game/CMakeFiles/game.dir/Chat/ChatCommands/ChatCommandHelpers.cpp.o
#25 65.80 [302/1834] Building CXX object src/server/game/CMakeFiles/game.dir/Battlegrounds/BattlegroundMgr.cpp.o
#25 66.00 [303/1834] Building CXX object src/server/game/CMakeFiles/game.dir/Chat/Channels/ChannelMgr.cpp.o
#25 66.10 [304/1834] Building CXX object src/server/game/CMakeFiles/game.dir/DungeonFinding/LFG.cpp.o
#25 66.46 [305/1834] Building CXX object src/server/game/CMakeFiles/game.dir/Chat/Channels/Channel.cpp.o
#25 66.56 [306/1834] Building CXX object src/server/game/CMakeFiles/game.dir/DataStores/M2Stores.cpp.o
#25 66.69 [307/1834] Building CXX object src/server/game/CMakeFiles/game.dir/Chat/ChatCommands/ChatCommandArgs.cpp.o
#25 67.06 [308/1834] Building CXX object src/server/game/CMakeFiles/game.dir/Chat/ChatCommands/ChatCommandTags.cpp.o
#25 67.23 [309/1834] Building CXX object src/server/game/CMakeFiles/game.dir/DungeonFinding/LFGGroupData.cpp.o
#25 68.13 [310/1834] Building CXX object src/server/game/CMakeFiles/game.dir/DungeonFinding/LFGPlayerData.cpp.o
#25 68.26 [311/1834] Building CXX object src/server/game/CMakeFiles/game.dir/Combat/CombatManager.cpp.o
#25 68.64 [312/1834] Building CXX object src/server/game/CMakeFiles/game.dir/Conditions/DisableMgr.cpp.o
#25 68.85 [313/1834] Building CXX object src/server/game/CMakeFiles/game.dir/Chat/ChatCommands/ChatCommand.cpp.o
#25 69.09 [314/1834] Building CXX object src/server/game/CMakeFiles/game.dir/Chat/Chat.cpp.o
#25 69.97 [315/1834] Building CXX object src/server/game/CMakeFiles/game.dir/Entities/Creature/enuminfo_CreatureData.cpp.o
#25 70.40 [316/1834] Building CXX object src/server/game/CMakeFiles/game.dir/Entities/Corpse/Corpse.cpp.o
#25 70.77 [317/1834] Building CXX object src/server/game/CMakeFiles/game.dir/Entities/Creature/CreatureGroups.cpp.o
#25 71.54 [318/1834] Building CXX object src/server/game/CMakeFiles/game.dir/DungeonFinding/LFGScripts.cpp.o
#25 71.73 [319/1834] Building CXX object src/server/game/CMakeFiles/game.dir/Entities/Item/enuminfo_Item.cpp.o
#25 71.82 [320/1834] Building CXX object src/server/game/CMakeFiles/game.dir/Combat/ThreatManager.cpp.o
#25 71.92 [321/1834] Building CXX object src/server/game/CMakeFiles/game.dir/Entities/Creature/Trainer.cpp.o
#25 72.69 [322/1834] Building CXX object src/server/game/CMakeFiles/game.dir/Entities/Item/ItemEnchantmentMgr.cpp.o
#25 73.17 [323/1834] Building CXX object src/server/game/CMakeFiles/game.dir/Entities/Creature/TemporarySummon.cpp.o
#25 73.36 [324/1834] Building CXX object src/server/game/CMakeFiles/game.dir/DungeonFinding/LFGQueue.cpp.o
#25 73.79 [325/1834] Building CXX object src/server/game/CMakeFiles/game.dir/Entities/Object/ObjectGuid.cpp.o
#25 74.20 [326/1834] Building CXX object src/server/game/CMakeFiles/game.dir/Entities/Object/Position.cpp.o
#25 74.23 [327/1834] Building CXX object src/server/game/CMakeFiles/game.dir/Entities/Item/Container/Bag.cpp.o
#25 74.44 [328/1834] Building CXX object src/server/game/CMakeFiles/game.dir/Entities/DynamicObject/DynamicObject.cpp.o
#25 74.55 [329/1834] Building CXX object src/server/game/CMakeFiles/game.dir/Entities/Creature/GossipDef.cpp.o
#25 74.55 [330/1834] Building CXX object src/server/game/CMakeFiles/game.dir/Conditions/ConditionMgr.cpp.o
#25 74.62 [331/1834] Building CXX object src/server/game/CMakeFiles/game.dir/Entities/Object/ObjectPosSelector.cpp.o
#25 74.70 [332/1834] Building CXX object src/server/game/CMakeFiles/game.dir/Entities/Object/Updates/UpdateFieldFlags.cpp.o
#25 75.25 [333/1834] Building CXX object src/server/game/CMakeFiles/game.dir/Entities/Object/Updates/UpdateData.cpp.o
#25 75.77 [334/1834] Building CXX object src/server/game/CMakeFiles/game.dir/Entities/Object/ObjectVisibilityContainer.cpp.o
#25 77.30 [335/1834] Building CXX object src/server/game/CMakeFiles/game.dir/Entities/Item/Item.cpp.o
#25 77.61 [336/1834] Building CXX object src/server/game/CMakeFiles/game.dir/Entities/Player/CinematicMgr.cpp.o
#25 78.96 [337/1834] Building CXX object src/server/game/CMakeFiles/game.dir/Entities/Player/PlayerGossip.cpp.o
#25 79.06 [338/1834] Building CXX object src/server/game/CMakeFiles/game.dir/Entities/Player/PlayerTaxi.cpp.o
#25 79.58 [339/1834] Building CXX object src/server/game/CMakeFiles/game.dir/Entities/Player/KillRewarder.cpp.o
#25 79.59 [340/1834] Building CXX object src/server/game/CMakeFiles/game.dir/Entities/Player/PlayerSettings.cpp.o
#25 80.56 [341/1834] Building CXX object src/server/game/CMakeFiles/game.dir/Entities/Player/RaceMgr.cpp.o
#25 80.94 [342/1834] Building CXX object src/server/game/CMakeFiles/game.dir/Entities/Player/PlayerMisc.cpp.o
#25 81.64 [343/1834] Building CXX object src/server/game/CMakeFiles/game.dir/Entities/Creature/Creature.cpp.o
#25 82.57 [344/1834] Building CXX object src/server/game/CMakeFiles/game.dir/DungeonFinding/LFGMgr.cpp.o
#25 82.99 [345/1834] Building CXX object src/server/game/CMakeFiles/game.dir/Entities/Player/SocialMgr.cpp.o
#25 83.03 [346/1834] Building CXX object src/server/game/CMakeFiles/game.dir/Entities/Player/TradeData.cpp.o
#25 83.39 [347/1834] Building CXX object src/server/game/CMakeFiles/game.dir/DataStores/DBCStores.cpp.o
#25 83.72 [348/1834] Building CXX object src/server/game/CMakeFiles/game.dir/Entities/Totem/Totem.cpp.o
#25 83.81 [349/1834] Building CXX object src/server/game/CMakeFiles/game.dir/Entities/Player/PlayerQuest.cpp.o
#25 83.88 [350/1834] Building CXX object src/server/game/CMakeFiles/game.dir/Entities/GameObject/GameObject.cpp.o
#25 84.03 [351/1834] Building CXX object src/server/game/CMakeFiles/game.dir/Entities/Pet/Pet.cpp.o
#25 84.04 [352/1834] Building CXX object src/server/game/CMakeFiles/game.dir/Entities/Unit/enuminfo_Unit.cpp.o
#25 84.33 [353/1834] Building CXX object src/server/game/CMakeFiles/game.dir/Entities/Object/Object.cpp.o
#25 84.65 [354/1834] Building CXX object src/server/game/CMakeFiles/game.dir/Entities/Unit/CharmInfo.cpp.o
#25 85.78 [355/1834] Building CXX object src/server/game/CMakeFiles/game.dir/Events/HolidayDateCalculator.cpp.o
#25 86.29 [356/1834] Building CXX object src/server/game/CMakeFiles/game.dir/Globals/WorldGlobals.cpp.o
#25 87.07 [357/1834] Building CXX object src/server/game/CMakeFiles/game.dir/Grids/MapGridManager.cpp.o
#25 87.08 [358/1834] Building CXX object src/server/game/CMakeFiles/game.dir/Entities/Unit/StatSystem.cpp.o
#25 87.13 [359/1834] Building CXX object src/server/game/CMakeFiles/game.dir/Grids/GridTerrainData.cpp.o
#25 87.14 [360/1834] Building CXX object src/server/game/CMakeFiles/game.dir/Entities/Player/PlayerUpdates.cpp.o
#25 87.49 [361/1834] Building CXX object src/server/game/CMakeFiles/game.dir/Entities/Transport/Transport.cpp.o
#25 88.86 [362/1834] Building CXX object src/server/game/CMakeFiles/game.dir/Globals/ObjectAccessor.cpp.o
#25 88.92 [363/1834] Building CXX object src/server/game/CMakeFiles/game.dir/Groups/GroupReference.cpp.o
#25 89.63 [364/1834] Building CXX object src/server/game/CMakeFiles/game.dir/Grids/GridTerrainLoader.cpp.o
#25 89.65 [365/1834] Building CXX object src/server/game/CMakeFiles/game.dir/Handlers/AddonHandler.cpp.o
#25 89.80 [366/1834] Building CXX object src/server/game/CMakeFiles/game.dir/Grids/GridObjectLoader.cpp.o
#25 90.10 [367/1834] Building CXX object src/server/game/CMakeFiles/game.dir/Groups/GroupMgr.cpp.o
#25 90.70 [368/1834] Building CXX object src/server/game/CMakeFiles/game.dir/Grids/Notifiers/GridNotifiers.cpp.o
#25 90.87 [369/1834] Building CXX object src/server/game/CMakeFiles/game.dir/Entities/Vehicle/Vehicle.cpp.o
#25 91.27 [370/1834] Building CXX object src/server/game/CMakeFiles/game.dir/Handlers/AuthHandler.cpp.o
#25 92.31 [371/1834] Building CXX object src/server/game/CMakeFiles/game.dir/Guilds/GuildMgr.cpp.o
#25 92.57 [372/1834] Building CXX object src/server/game/CMakeFiles/game.dir/Handlers/ArenaTeamHandler.cpp.o
#25 93.68 [373/1834] Building CXX object src/server/game/CMakeFiles/game.dir/Handlers/BankHandler.cpp.o
#25 94.43 [374/1834] Building CXX object src/server/game/CMakeFiles/game.dir/Entities/Player/PlayerStorage.cpp.o
#25 95.63 [375/1834] Building CXX object src/server/game/CMakeFiles/game.dir/Events/GameEventMgr.cpp.o
#25 95.72 [376/1834] Building CXX object src/server/game/CMakeFiles/game.dir/Handlers/ChannelHandler.cpp.o
#25 95.95 [377/1834] Building CXX object src/server/game/CMakeFiles/game.dir/Handlers/CombatHandler.cpp.o
#25 96.31 [378/1834] Building CXX object src/server/game/CMakeFiles/game.dir/Handlers/DuelHandler.cpp.o
#25 96.76 [379/1834] Building CXX object src/server/game/CMakeFiles/game.dir/Handlers/AuctionHouseHandler.cpp.o
#25 96.92 [380/1834] Building CXX object src/server/game/CMakeFiles/game.dir/Groups/Group.cpp.o
#25 96.93 [381/1834] Building CXX object src/server/game/CMakeFiles/game.dir/Handlers/BattleGroundHandler.cpp.o
#25 97.44 [382/1834] Building CXX object src/server/game/CMakeFiles/game.dir/Handlers/CalendarHandler.cpp.o
#25 98.99 [383/1834] Building CXX object src/server/game/CMakeFiles/game.dir/Handlers/ChatHandler.cpp.o
#25 99.99 [384/1834] Building CXX object src/server/game/CMakeFiles/game.dir/Handlers/GroupHandler.cpp.o
#25 100.2 [385/1834] Building CXX object src/server/game/CMakeFiles/game.dir/Guilds/Guild.cpp.o
#25 100.4 [386/1834] Building CXX object src/server/game/CMakeFiles/game.dir/Handlers/GuildHandler.cpp.o
#25 101.9 [387/1834] Building CXX object src/server/game/CMakeFiles/game.dir/Handlers/LootHandler.cpp.o
#25 103.0 [388/1834] Building CXX object src/server/game/CMakeFiles/game.dir/Handlers/ItemHandler.cpp.o
#25 103.4 [389/1834] Building CXX object src/server/game/CMakeFiles/game.dir/Handlers/PetHandler.cpp.o
#25 103.5 [390/1834] Building CXX object src/server/game/CMakeFiles/game.dir/Handlers/CharacterHandler.cpp.o
#25 103.9 [391/1834] Building CXX object src/server/game/CMakeFiles/game.dir/Handlers/LFGHandler.cpp.o
#25 104.2 [392/1834] Building CXX object src/server/game/CMakeFiles/game.dir/Handlers/ReferAFriendHandler.cpp.o
#25 104.2 [393/1834] Building CXX object src/server/game/CMakeFiles/game.dir/Handlers/NPCHandler.cpp.o
#25 104.2 [394/1834] Building CXX object src/server/game/CMakeFiles/game.dir/Handlers/MailHandler.cpp.o
#25 104.4 [395/1834] Building CXX object src/server/game/CMakeFiles/game.dir/Handlers/MovementHandler.cpp.o
#25 105.1 [396/1834] Building CXX object src/server/game/CMakeFiles/game.dir/Handlers/QueryHandler.cpp.o
#25 105.5 [397/1834] Building CXX object src/server/game/CMakeFiles/game.dir/Handlers/PetitionsHandler.cpp.o
#25 105.6 [398/1834] Building CXX object src/server/game/CMakeFiles/game.dir/Handlers/SkillHandler.cpp.o
#25 106.3 [399/1834] Building CXX object src/server/game/CMakeFiles/game.dir/Handlers/MiscHandler.cpp.o
#25 106.4 [400/1834] Building CXX object src/server/game/CMakeFiles/game.dir/Handlers/Socialhandler.cpp.o
#25 106.4 [401/1834] Building CXX object src/server/game/CMakeFiles/game.dir/Handlers/VoiceChatHandler.cpp.o
#25 107.3 [402/1834] Building CXX object src/server/game/CMakeFiles/game.dir/Handlers/QuestHandler.cpp.o
#25 108.5 [403/1834] Building CXX object src/server/game/CMakeFiles/game.dir/Handlers/VehicleHandler.cpp.o
#25 108.6 [404/1834] Building CXX object src/server/game/CMakeFiles/game.dir/Handlers/TicketHandler.cpp.o
#25 109.1 [405/1834] Building CXX object src/server/game/CMakeFiles/game.dir/Maps/AreaBoundary.cpp.o
#25 109.2 [406/1834] Building CXX object src/server/game/CMakeFiles/game.dir/Loot/LootItemStorage.cpp.o
#25 109.3 [407/1834] Building CXX object src/server/game/CMakeFiles/game.dir/Mails/MailMgr.cpp.o
#25 109.5 [408/1834] Building CXX object src/server/game/CMakeFiles/game.dir/Handlers/TaxiHandler.cpp.o
#25 109.9 [409/1834] Building CXX object src/server/game/CMakeFiles/game.dir/Entities/Player/Player.cpp.o
#25 110.1 [410/1834] Building CXX object src/server/game/CMakeFiles/game.dir/Handlers/SpellHandler.cpp.o
#25 110.4 [411/1834] Building CXX object src/server/game/CMakeFiles/game.dir/Entities/Unit/Unit.cpp.o
#25 111.0 [412/1834] Building CXX object src/server/game/CMakeFiles/game.dir/Handlers/TradeHandler.cpp.o
#25 111.3 [413/1834] Building CXX object src/server/game/CMakeFiles/game.dir/Maps/MapCollisionData.cpp.o
#25 111.5 [414/1834] Building CXX object src/server/game/CMakeFiles/game.dir/Mails/ServerMailMgr.cpp.o
#25 112.1 [415/1834] Building CXX object src/server/game/CMakeFiles/game.dir/Misc/DynamicVisibility.cpp.o
#25 112.4 [416/1834] Building CXX object src/server/game/CMakeFiles/game.dir/Maps/MapUpdater.cpp.o
#25 112.5 [417/1834] Building CXX object src/server/game/CMakeFiles/game.dir/Mails/Mail.cpp.o
#25 112.6 [418/1834] Building CXX object src/server/game/CMakeFiles/game.dir/Instances/InstanceScript.cpp.o
#25 113.0 [419/1834] Building CXX object src/server/game/CMakeFiles/game.dir/Instances/InstanceSaveMgr.cpp.o
#25 113.1 [420/1834] Building CXX object src/server/game/CMakeFiles/game.dir/Modules/ModuleMgr.cpp.o
#25 113.6 [421/1834] Building CXX object src/server/game/CMakeFiles/game.dir/Movement/AbstractFollower.cpp.o
#25 114.0 [422/1834] Building CXX object src/server/game/CMakeFiles/game.dir/Movement/MovementGenerator.cpp.o
#25 114.3 [423/1834] Building CXX object src/server/game/CMakeFiles/game.dir/Maps/MapInstanced.cpp.o
#25 114.8 [424/1834] Building CXX object src/server/game/CMakeFiles/game.dir/Maps/TransportMgr.cpp.o
#25 115.4 [425/1834] Building CXX object src/server/game/CMakeFiles/game.dir/Maps/MapMgr.cpp.o
#25 115.7 [426/1834] Building CXX object src/server/game/CMakeFiles/game.dir/Misc/BanMgr.cpp.o
#25 115.8 [427/1834] Building CXX object src/server/game/CMakeFiles/game.dir/Loot/LootMgr.cpp.o
#25 115.8 [428/1834] Building CXX object src/server/game/CMakeFiles/game.dir/Miscellaneous/Formulas.cpp.o
#25 116.0 [429/1834] Building CXX object src/server/game/CMakeFiles/game.dir/Movement/MovementGenerators/ConfusedMovementGenerator.cpp.o
#25 116.4 [430/1834] Building CXX object src/server/game/CMakeFiles/game.dir/Movement/MovementGenerators/IdleMovementGenerator.cpp.o
#25 116.4 [431/1834] Building CXX object src/server/game/CMakeFiles/game.dir/Movement/MovementGenerators/FormationMovementGenerator.cpp.o
#25 116.5 [432/1834] Building CXX object src/server/game/CMakeFiles/game.dir/Movement/MovementGenerators/HomeMovementGenerator.cpp.o
#25 116.5 [433/1834] Building CXX object src/server/game/CMakeFiles/game.dir/Movement/MovementGenerators/EscortMovementGenerator.cpp.o
#25 116.9 [434/1834] Building CXX object src/server/game/CMakeFiles/game.dir/Movement/MovementGenerators/FleeingMovementGenerator.cpp.o
#25 117.4 [435/1834] Building CXX object src/server/game/CMakeFiles/game.dir/Misc/GameGraveyard.cpp.o
#25 118.0 [436/1834] Building CXX object src/server/game/CMakeFiles/game.dir/Movement/Spline/MovementPacketBuilder.cpp.o
#25 118.4 [437/1834] Building CXX object src/server/game/CMakeFiles/game.dir/Movement/Spline/MovementUtil.cpp.o
#25 118.5 [438/1834] Building CXX object src/server/game/CMakeFiles/game.dir/Motd/MotdMgr.cpp.o
#25 118.6 [439/1834] Building CXX object src/server/game/CMakeFiles/game.dir/Movement/Spline/MoveSpline.cpp.o
#25 119.0 [440/1834] Building CXX object src/server/game/CMakeFiles/game.dir/Movement/Spline/Spline.cpp.o
#25 119.1 [441/1834] Building CXX object src/server/game/CMakeFiles/game.dir/Movement/Spline/MoveSplineInit.cpp.o
#25 119.1 [442/1834] Building CXX object src/server/game/CMakeFiles/game.dir/Movement/MovementGenerators/RandomMovementGenerator.cpp.o
#25 119.2 [443/1834] Building CXX object src/server/game/CMakeFiles/game.dir/Movement/MovementGenerators/PathGenerator.cpp.o
#25 119.6 [444/1834] Building CXX object src/server/game/CMakeFiles/game.dir/Movement/MovementGenerators/PointMovementGenerator.cpp.o
#25 119.9 [445/1834] Building CXX object src/server/game/CMakeFiles/game.dir/Movement/MotionMaster.cpp.o
#25 120.1 [446/1834] Building CXX object src/server/game/CMakeFiles/game.dir/Movement/Waypoints/WaypointMgr.cpp.o
#25 120.4 [447/1834] Building CXX object src/server/game/CMakeFiles/game.dir/Movement/MovementGenerators/TargetedMovementGenerator.cpp.o
#25 120.8 [448/1834] Building CXX object src/server/game/CMakeFiles/game.dir/Quests/enuminfo_QuestDef.cpp.o
#25 121.4 [449/1834] Building CXX object src/server/game/CMakeFiles/game.dir/Scripting/ScriptObject.cpp.o
#25 121.9 [450/1834] Building CXX object src/server/game/CMakeFiles/game.dir/Quests/QuestDef.cpp.o
#25 122.6 [451/1834] Building CXX object src/server/game/CMakeFiles/game.dir/Movement/MovementGenerators/WaypointMovementGenerator.cpp.o
#25 122.6 [452/1834] Building CXX object src/server/game/CMakeFiles/game.dir/Petitions/PetitionMgr.cpp.o
#25 123.3 [453/1834] Building CXX object src/server/game/CMakeFiles/game.dir/OutdoorPvP/OutdoorPvP.cpp.o
#25 123.6 [454/1834] Building CXX object src/server/game/CMakeFiles/game.dir/OutdoorPvP/OutdoorPvPMgr.cpp.o
#25 124.7 [455/1834] Building CXX object src/server/game/CMakeFiles/game.dir/Scripting/ScriptSystem.cpp.o
#25 125.3 [456/1834] Building CXX object src/server/game/CMakeFiles/game.dir/Reputation/ReputationMgr.cpp.o
#25 125.3 [457/1834] Building CXX object src/server/game/CMakeFiles/game.dir/Scripting/ScriptDefines/ALEScript.cpp.o
#25 125.8 [458/1834] Building CXX object src/server/game/CMakeFiles/game.dir/Maps/Map.cpp.o
#25 125.9 [459/1834] Building CXX object src/server/game/CMakeFiles/game.dir/Scripting/ScriptDefines/AchievementCriteriaScript.cpp.o
#25 126.2 [460/1834] Building CXX object src/server/game/CMakeFiles/game.dir/Scripting/ScriptDefines/AccountScript.cpp.o
#25 126.3 [461/1834] Building CXX object src/server/game/CMakeFiles/game.dir/Scripting/ScriptDefines/AchievementScript.cpp.o
#25 126.9 [462/1834] Building CXX object src/server/game/CMakeFiles/game.dir/Scripting/MapScripts.cpp.o
#25 127.0 [463/1834] Building CXX object src/server/game/CMakeFiles/game.dir/Scripting/ScriptDefines/AllCommandScript.cpp.o
#25 127.1 [464/1834] Building CXX object src/server/game/CMakeFiles/game.dir/Pools/PoolMgr.cpp.o
#25 127.6 [465/1834] Building CXX object src/server/game/CMakeFiles/game.dir/Scripting/ScriptDefines/AllBattlegroundScript.cpp.o
#25 127.9 [466/1834] Building CXX object src/server/game/CMakeFiles/game.dir/Scripting/ScriptDefines/AllCreatureScript.cpp.o
#25 129.3 [467/1834] Building CXX object src/server/game/CMakeFiles/game.dir/Scripting/ScriptDefines/AllGameObjectScript.cpp.o
#25 129.5 [468/1834] Building CXX object src/server/game/CMakeFiles/game.dir/Scripting/ScriptDefines/AllItemScript.cpp.o
#25 130.8 [469/1834] Building CXX object src/server/game/CMakeFiles/game.dir/Scripting/ScriptDefines/AllMapScript.cpp.o
#25 130.9 [470/1834] Building CXX object src/server/game/CMakeFiles/game.dir/Scripting/ScriptDefines/ArenaScript.cpp.o
#25 131.0 [471/1834] Building CXX object src/server/game/CMakeFiles/game.dir/Scripting/ScriptDefines/ArenaTeamScript.cpp.o
#25 131.8 [472/1834] Building CXX object src/server/game/CMakeFiles/game.dir/Scripting/ScriptDefines/AreaTriggerScript.cpp.o
#25 131.8 [473/1834] Building CXX object src/server/game/CMakeFiles/game.dir/Scripting/ScriptDefines/BattlegroundMapScript.cpp.o
#25 131.8 [474/1834] Building CXX object src/server/game/CMakeFiles/game.dir/Scripting/ScriptDefines/AuctionHouseScript.cpp.o
#25 132.3 [475/1834] Building CXX object src/server/game/CMakeFiles/game.dir/Scripting/ScriptDefines/ConditionScript.cpp.o
#25 132.4 [476/1834] Building CXX object src/server/game/CMakeFiles/game.dir/Scripting/ScriptDefines/AllSpellScript.cpp.o
#25 132.6 [477/1834] Building CXX object src/server/game/CMakeFiles/game.dir/Scripting/ScriptDefines/CommandScript.cpp.o
#25 132.6 [478/1834] Building CXX object src/server/game/CMakeFiles/game.dir/Scripting/ScriptDefines/BattlefieldScript.cpp.o
#25 133.4 [479/1834] Building CXX object src/server/game/CMakeFiles/game.dir/Scripting/ScriptDefines/CreatureScript.cpp.o
#25 133.6 [480/1834] Building CXX object src/server/game/CMakeFiles/game.dir/Scripting/ScriptDefines/BattlegroundScript.cpp.o
#25 134.2 [481/1834] Building CXX object src/server/game/CMakeFiles/game.dir/Scripting/ScriptDefines/DynamicObjectScript.cpp.o
#25 135.1 [482/1834] Building CXX object src/server/game/CMakeFiles/game.dir/Scripting/ScriptDefines/DatabaseScript.cpp.o
#25 136.0 [483/1834] Building CXX object src/server/game/CMakeFiles/game.dir/Scripting/ScriptDefines/GameEventScript.cpp.o
#25 136.1 [484/1834] Building CXX object src/server/game/CMakeFiles/game.dir/Scripting/ScriptDefines/FormulaScript.cpp.o
#25 136.7 [485/1834] Building CXX object src/server/game/CMakeFiles/game.dir/Scripting/ScriptDefines/GuildScript.cpp.o
#25 137.1 [486/1834] Building CXX object src/server/game/CMakeFiles/game.dir/Scripting/ScriptDefines/GroupScript.cpp.o
#25 137.1 [487/1834] Building CXX object src/server/game/CMakeFiles/game.dir/Scripting/ScriptDefines/InstanceMapScript.cpp.o
#25 137.2 [488/1834] Building CXX object src/server/game/CMakeFiles/game.dir/Scripting/ScriptDefines/LootScript.cpp.o
#25 137.5 [489/1834] Building CXX object src/server/game/CMakeFiles/game.dir/Scripting/ScriptDefines/GameObjectScript.cpp.o
#25 137.8 [490/1834] Building CXX object src/server/game/CMakeFiles/game.dir/Scripting/ScriptDefines/MiscScript.cpp.o
#25 137.8 [491/1834] Building CXX object src/server/game/CMakeFiles/game.dir/Scripting/ScriptDefines/MailScript.cpp.o
#25 138.1 [492/1834] Building CXX object src/server/game/CMakeFiles/game.dir/Scripting/ScriptDefines/GlobalScript.cpp.o
#25 138.1 [493/1834] Building CXX object src/server/game/CMakeFiles/game.dir/Scripting/ScriptDefines/ModuleScript.cpp.o
#25 138.4 [494/1834] Building CXX object src/server/game/CMakeFiles/game.dir/Scripting/ScriptDefines/MovementHandlerScript.cpp.o
#25 139.9 [495/1834] Building CXX object src/server/game/CMakeFiles/game.dir/Scripting/ScriptDefines/OutdoorPvPScript.cpp.o
#25 140.1 [496/1834] Building CXX object src/server/game/CMakeFiles/game.dir/Scripting/ScriptDefines/PetScript.cpp.o
#25 140.7 [497/1834] Building CXX object src/server/game/CMakeFiles/game.dir/Scripting/ScriptMgr.cpp.o
#25 140.7 [498/1834] Building CXX object src/server/game/CMakeFiles/game.dir/Scripting/ScriptDefines/PlayerbotsScript.cpp.o
#25 141.6 [499/1834] Building CXX object src/server/game/CMakeFiles/game.dir/Server/Packet.cpp.o
#25 142.0 [500/1834] Building CXX object src/server/game/CMakeFiles/game.dir/Globals/ObjectMgr.cpp.o
#25 142.3 [501/1834] Building CXX object src/server/game/CMakeFiles/game.dir/Scripting/ScriptDefines/ServerScript.cpp.o
#25 142.4 [502/1834] Building CXX object src/server/game/CMakeFiles/game.dir/Scripting/ScriptDefines/TransportScript.cpp.o
#25 142.5 [503/1834] Building CXX object src/server/game/CMakeFiles/game.dir/Scripting/ScriptDefines/TicketScript.cpp.o
#25 142.7 [504/1834] Building CXX object src/server/game/CMakeFiles/game.dir/Scripting/ScriptDefines/VehicleScript.cpp.o
#25 142.8 [505/1834] Building CXX object src/server/game/CMakeFiles/game.dir/Scripting/ScriptDefines/WeatherScript.cpp.o
#25 142.8 [506/1834] Building CXX object src/server/game/CMakeFiles/game.dir/Scripting/ScriptDefines/PlayerScript.cpp.o
#25 142.9 [507/1834] Building CXX object src/server/game/CMakeFiles/game.dir/Scripting/ScriptDefines/SpellScriptLoader.cpp.o
#25 143.0 [508/1834] Building CXX object src/server/game/CMakeFiles/game.dir/Scripting/ScriptDefines/WorldObjectScript.cpp.o
#25 143.0 [509/1834] Building CXX object src/server/game/CMakeFiles/game.dir/Scripting/ScriptDefines/WorldMapScript.cpp.o
#25 143.5 [510/1834] Building CXX object src/server/game/CMakeFiles/game.dir/Scripting/ScriptDefines/WorldScript.cpp.o
#25 143.9 [511/1834] Building CXX object src/server/game/CMakeFiles/game.dir/Server/Packets/ChatPackets.cpp.o
#25 143.9 [512/1834] Building CXX object src/server/game/CMakeFiles/game.dir/Server/Packets/CharacterPackets.cpp.o
#25 144.0 [513/1834] Building CXX object src/server/game/CMakeFiles/game.dir/Server/Packets/BankPackets.cpp.o
#25 144.4 [514/1834] Building CXX object src/server/game/CMakeFiles/game.dir/Server/Packets/CombatPackets.cpp.o
#25 144.5 [515/1834] Building CXX object src/server/game/CMakeFiles/game.dir/Server/Packets/ItemPackets.cpp.o
#25 144.8 [516/1834] Building CXX object src/server/game/CMakeFiles/game.dir/Scripting/ScriptDefines/UnitScript.cpp.o
#25 144.9 [517/1834] Building CXX object src/server/game/CMakeFiles/game.dir/Server/Packets/LFGPackets.cpp.o
#25 145.1 [518/1834] Building CXX object src/server/game/CMakeFiles/game.dir/Server/Packets/MiscPackets.cpp.o
#25 145.2 [519/1834] Building CXX object src/server/game/CMakeFiles/game.dir/Server/Packets/CalendarPackets.cpp.o
#25 145.9 [520/1834] Building CXX object src/server/game/CMakeFiles/game.dir/Server/Packets/CombatLogPackets.cpp.o
#25 145.9 [521/1834] Building CXX object src/server/game/CMakeFiles/game.dir/Server/Packets/QueryPackets.cpp.o
#25 145.9 [522/1834] Building CXX object src/server/game/CMakeFiles/game.dir/Server/Packets/InstancePackets.cpp.o
#25 146.0 [523/1834] Building CXX object src/server/game/CMakeFiles/game.dir/Server/Packets/PacketUtilities.cpp.o
#25 146.0 [524/1834] Building CXX object src/server/game/CMakeFiles/game.dir/Server/Packets/NPCPackets.cpp.o
#25 146.1 [525/1834] Building CXX object src/server/game/CMakeFiles/game.dir/Server/Packets/PetPackets.cpp.o
#25 146.3 [526/1834] Building CXX object src/server/game/CMakeFiles/game.dir/Server/Packets/TotemPackets.cpp.o
#25 146.4 [527/1834] Building CXX object src/server/game/CMakeFiles/game.dir/Server/Packets/QuestPackets.cpp.o
#25 146.4 [528/1834] Building CXX object src/server/game/CMakeFiles/game.dir/Server/WorldSessionMgr.cpp.o
#25 146.8 [529/1834] Building CXX object src/server/game/CMakeFiles/game.dir/Server/Packets/WorldStatePackets.cpp.o
#25 146.9 [530/1834] Building CXX object src/server/game/CMakeFiles/game.dir/Server/Packets/GuildPackets.cpp.o
#25 147.1 [531/1834] Building CXX object src/server/game/CMakeFiles/game.dir/Server/Protocol/PacketLog.cpp.o
#25 149.1 [532/1834] Building CXX object src/server/game/CMakeFiles/game.dir/TC9Sidecar/TC9GroupHooks.cpp.o
#25 149.5 [533/1834] Building CXX object src/server/game/CMakeFiles/game.dir/Server/WorldSocket.cpp.o
#25 150.2 [534/1834] Building CXX object src/server/game/CMakeFiles/game.dir/Skills/SkillDiscovery.cpp.o
#25 151.0 [535/1834] Building CXX object src/server/game/CMakeFiles/game.dir/TC9Sidecar/TC9GrpcHandler.cpp.o
#25 151.1 [536/1834] Building CXX object src/server/game/CMakeFiles/game.dir/Skills/SkillExtraItems.cpp.o
#25 152.1 [537/1834] Building CXX object src/server/game/CMakeFiles/game.dir/TC9Sidecar/TC9GuildHooks.cpp.o
#25 152.7 [538/1834] Building CXX object src/server/game/CMakeFiles/game.dir/Server/WorldSession.cpp.o
#25 152.8 [539/1834] Building CXX object src/server/game/CMakeFiles/game.dir/Server/WorldSocketMgr.cpp.o
#25 153.0 [540/1834] Building CXX object src/server/game/CMakeFiles/game.dir/Spells/SpellScript.cpp.o
#25 153.5 [541/1834] Building CXX object src/server/game/CMakeFiles/game.dir/Spells/SpellInfo.cpp.o
#25 153.7 [542/1834] Building CXX object src/server/game/CMakeFiles/game.dir/Texts/ChatTextBuilder.cpp.o
#25 153.7 [543/1834] Building CXX object src/server/game/CMakeFiles/game.dir/Time/GameTime.cpp.o
#25 154.7 [544/1834] Building CXX object src/server/game/CMakeFiles/game.dir/TC9Sidecar/TC9Sidecar.cpp.o
#25 154.9 [545/1834] Building CXX object src/server/game/CMakeFiles/game.dir/Time/UpdateTime.cpp.o
#25 155.5 [546/1834] Building CXX object src/server/game/CMakeFiles/game.dir/Tools/CharacterDatabaseCleaner.cpp.o
#25 156.5 [547/1834] Building CXX object src/server/game/CMakeFiles/game.dir/Warden/WardenCheckMgr.cpp.o
#25 157.0 [548/1834] Building CXX object src/server/game/CMakeFiles/game.dir/Spells/Auras/SpellAuraEffects.cpp.o
#25 157.2 [549/1834] Building CXX object src/server/game/CMakeFiles/game.dir/Warden/WardenPayloadMgr.cpp.o
#25 157.2 [550/1834] Building CXX object src/server/game/CMakeFiles/game.dir/Warden/enuminfo_WardenCheckMgr.cpp.o
#25 157.5 [551/1834] Building CXX object src/server/game/CMakeFiles/game.dir/Tickets/TicketMgr.cpp.o
#25 157.5 [552/1834] Building CXX object src/server/game/CMakeFiles/game.dir/Warden/WardenMac.cpp.o
#25 157.8 [553/1834] Building CXX object src/server/game/CMakeFiles/game.dir/Warden/Warden.cpp.o
#25 158.1 [554/1834] Building CXX object src/server/game/CMakeFiles/game.dir/Spells/Auras/SpellAuras.cpp.o
#25 158.7 [555/1834] Building CXX object src/server/scripts/CMakeFiles/scripts.dir/gen_scriptloader/static/ScriptLoader.cpp.o
#25 159.0 [556/1834] Building CXX object src/server/game/CMakeFiles/game.dir/Texts/CreatureTextMgr.cpp.o
#25 159.0 [557/1834] Building CXX object src/server/game/CMakeFiles/game.dir/Spells/SpellEffects.cpp.o
#25 159.6 [558/1834] Building CXX object src/server/game/CMakeFiles/game.dir/Weather/WeatherMgr.cpp.o
#25 159.9 [559/1834] Building CXX object src/server/game/CMakeFiles/game.dir/Warden/WardenWin.cpp.o
#25 160.1 [560/1834] Building CXX object src/server/scripts/CMakeFiles/scripts.dir/Commands/PlayerCommand.cpp.o
#25 160.8 [561/1834] Building CXX object src/server/game/CMakeFiles/game.dir/Spells/Spell.cpp.o
#25 161.3 [562/1834] Building CXX object src/server/scripts/CMakeFiles/scripts.dir/Commands/cs_achievement.cpp.o
#25 161.7 [563/1834] Building CXX object src/server/game/CMakeFiles/game.dir/Tools/PlayerDump.cpp.o
#25 162.1 [564/1834] Building CXX object src/server/scripts/CMakeFiles/scripts.dir/Commands/cs_bag.cpp.o
#25 162.4 [565/1834] Building CXX object src/server/game/CMakeFiles/game.dir/Weather/Weather.cpp.o
#25 163.0 [566/1834] Building CXX object src/server/scripts/CMakeFiles/scripts.dir/Commands/cs_autobroadcast.cpp.o
#25 163.6 [567/1834] Building CXX object src/server/scripts/CMakeFiles/scripts.dir/Commands/cs_ban.cpp.o
#25 163.7 [568/1834] Building CXX object src/server/scripts/CMakeFiles/scripts.dir/Commands/cs_cache.cpp.o
#25 163.9 [569/1834] Building CXX object src/server/scripts/CMakeFiles/scripts.dir/Commands/cs_bf.cpp.o
#25 164.5 [570/1834] Building CXX object src/server/scripts/CMakeFiles/scripts.dir/Commands/cs_chatfilter.cpp.o
#25 164.6 [571/1834] Building CXX object src/server/game/CMakeFiles/game.dir/Spells/SpellMgr.cpp.o
#25 164.9 [572/1834] Building CXX object src/server/scripts/CMakeFiles/scripts.dir/Commands/cs_cast.cpp.o
#25 165.0 [573/1834] Building CXX object src/server/scripts/CMakeFiles/scripts.dir/Commands/cs_account.cpp.o
#25 165.4 [574/1834] Building CXX object src/server/scripts/CMakeFiles/scripts.dir/Commands/cs_arena.cpp.o
#25 165.5 [575/1834] Building CXX object src/server/scripts/CMakeFiles/scripts.dir/Commands/cs_cheat.cpp.o
#25 167.0 [576/1834] Building CXX object src/server/scripts/CMakeFiles/scripts.dir/Commands/cs_disable.cpp.o
#25 167.2 [577/1834] Building CXX object src/server/game/CMakeFiles/game.dir/World/WorldState.cpp.o
#25 167.3 [578/1834] Building CXX object src/server/scripts/CMakeFiles/scripts.dir/Commands/cs_event.cpp.o
#25 167.6 [579/1834] Building CXX object src/server/scripts/CMakeFiles/scripts.dir/Commands/cs_gear.cpp.o
#25 167.6 [580/1834] Building CXX object src/server/game/CMakeFiles/game.dir/Server/Protocol/Opcodes.cpp.o
#25 167.9 [581/1834] Building CXX object src/server/scripts/CMakeFiles/scripts.dir/Commands/cs_gm.cpp.o
#25 168.1 [582/1834] Building CXX object src/server/scripts/CMakeFiles/scripts.dir/Commands/cs_deserter.cpp.o
#25 169.1 [583/1834] Building CXX object src/server/scripts/CMakeFiles/scripts.dir/Commands/cs_group.cpp.o
#25 169.5 [584/1834] Building CXX object src/server/scripts/CMakeFiles/scripts.dir/Commands/cs_honor.cpp.o
#25 169.7 [585/1834] Building CXX object src/server/scripts/CMakeFiles/scripts.dir/Commands/cs_character.cpp.o
#25 170.0 [586/1834] Building CXX object src/server/scripts/CMakeFiles/scripts.dir/Commands/cs_inventory.cpp.o
#25 170.6 [587/1834] Building CXX object src/server/game/CMakeFiles/game.dir/World/WorldConfig.cpp.o
#25 171.2 [588/1834] Building CXX object src/server/scripts/CMakeFiles/scripts.dir/Commands/cs_guild.cpp.o
#25 171.2 [589/1834] Building CXX object src/server/scripts/CMakeFiles/scripts.dir/Commands/cs_learn.cpp.o
#25 171.9 [590/1834] Building CXX object src/server/scripts/CMakeFiles/scripts.dir/Commands/cs_instance.cpp.o
#25 172.0 [591/1834] Building CXX object src/server/scripts/CMakeFiles/scripts.dir/Commands/cs_item.cpp.o
#25 173.4 [592/1834] Building CXX object src/server/scripts/CMakeFiles/scripts.dir/Commands/cs_lfg.cpp.o
#25 173.6 [593/1834] Building CXX object src/server/scripts/CMakeFiles/scripts.dir/Commands/cs_message.cpp.o
#25 173.7 [594/1834] Building CXX object src/server/scripts/CMakeFiles/scripts.dir/Commands/cs_gobject.cpp.o
#25 174.7 [595/1834] Building CXX object src/server/scripts/CMakeFiles/scripts.dir/Commands/cs_mmaps.cpp.o
#25 174.8 [596/1834] Building CXX object src/server/game/CMakeFiles/game.dir/World/World.cpp.o
#25 174.8 [597/1834] Building CXX object src/server/scripts/CMakeFiles/scripts.dir/Commands/cs_mail.cpp.o
#25 174.9 [598/1834] Building CXX object src/server/scripts/CMakeFiles/scripts.dir/Commands/cs_list.cpp.o
#25 174.9 [599/1834] Building CXX object src/server/scripts/CMakeFiles/scripts.dir/Commands/cs_player.cpp.o
#25 176.0 [600/1834] Building CXX object src/server/scripts/CMakeFiles/scripts.dir/Commands/cs_pet.cpp.o
#25 176.2 [601/1834] Building CXX object src/server/scripts/CMakeFiles/scripts.dir/Commands/cs_player_settings.cpp.o
#25 176.5 [602/1834] Building CXX object src/server/scripts/CMakeFiles/scripts.dir/Commands/cs_script_loader.cpp.o
#25 176.6 [603/1834] Building CXX object src/server/scripts/CMakeFiles/scripts.dir/Commands/cs_lookup.cpp.o
#25 177.6 [604/1834] Building CXX object src/server/scripts/CMakeFiles/scripts.dir/Commands/cs_pool.cpp.o
#25 178.7 [605/1834] Building CXX object src/server/scripts/CMakeFiles/scripts.dir/Commands/cs_modify.cpp.o
#25 179.0 [606/1834] Building CXX object src/server/scripts/CMakeFiles/scripts.dir/Commands/cs_quest.cpp.o
#25 179.2 [607/1834] Building CXX object src/server/scripts/CMakeFiles/scripts.dir/Commands/cs_rbac.cpp.o
#25 179.3 [608/1834] Building CXX object src/server/scripts/CMakeFiles/scripts.dir/Commands/cs_reset.cpp.o
#25 179.6 [609/1834] Building CXX object src/server/scripts/CMakeFiles/scripts.dir/Commands/cs_spellinfo.cpp.o
#25 179.7 [610/1834] Building CXX object src/server/scripts/CMakeFiles/scripts.dir/Commands/cs_spectator.cpp.o
#25 180.6 [611/1834] Building CXX object src/server/scripts/CMakeFiles/scripts.dir/Commands/cs_send.cpp.o
#25 180.6 [612/1834] Building CXX object src/server/scripts/CMakeFiles/scripts.dir/Commands/cs_go.cpp.o
#25 180.8 [613/1834] Building CXX object src/server/scripts/CMakeFiles/scripts.dir/Custom/custom_script_loader.cpp.o
#25 180.9 [614/1834] Building CXX object src/server/scripts/CMakeFiles/scripts.dir/EasternKingdoms/eastern_kingdoms_script_loader.cpp.o
#25 181.6 [615/1834] Building CXX object src/server/scripts/CMakeFiles/scripts.dir/Commands/cs_pooltools.cpp.o
#25 182.2 [616/1834] Building CXX object src/server/scripts/CMakeFiles/scripts.dir/Commands/cs_server.cpp.o
#25 182.3 [617/1834] Building CXX object src/server/scripts/CMakeFiles/scripts.dir/Commands/cs_npc.cpp.o
#25 182.5 [618/1834] Building CXX object src/server/scripts/CMakeFiles/scripts.dir/Commands/cs_titles.cpp.o
#25 182.7 [619/1834] Building CXX object src/server/scripts/CMakeFiles/scripts.dir/EasternKingdoms/zone_blasted_lands.cpp.o
#25 182.8 [620/1834] Building CXX object src/server/scripts/CMakeFiles/scripts.dir/Commands/cs_reload.cpp.o
#25 182.9 [621/1834] Building CXX object src/server/scripts/CMakeFiles/scripts.dir/Commands/cs_debug.cpp.o
#25 182.9 [622/1834] Building CXX object src/server/scripts/CMakeFiles/scripts.dir/Commands/cs_ticket.cpp.o
#25 183.0 [623/1834] Building CXX object src/server/scripts/CMakeFiles/scripts.dir/Commands/cs_worldstate.cpp.o
#25 183.2 [624/1834] Building CXX object src/server/scripts/CMakeFiles/scripts.dir/EasternKingdoms/zone_eastern_plaguelands.cpp.o
#25 183.4 [625/1834] Building CXX object src/server/scripts/CMakeFiles/scripts.dir/Commands/cs_tele.cpp.o
#25 183.5 [626/1834] Building CXX object src/server/scripts/CMakeFiles/scripts.dir/EasternKingdoms/zone_arathi_highlands.cpp.o
#25 184.0 [627/1834] Building CXX object src/server/scripts/CMakeFiles/scripts.dir/Commands/cs_wp.cpp.o
#25 184.2 [628/1834] Building CXX object src/server/scripts/CMakeFiles/scripts.dir/EasternKingdoms/zone_duskwood.cpp.o
#25 184.2 [629/1834] Building CXX object src/server/game/CMakeFiles/game.dir/Spells/SpellInfoCorrections.cpp.o
#25 184.2 [630/1834] Building CXX object src/server/scripts/CMakeFiles/scripts.dir/EasternKingdoms/zone_eversong_woods.cpp.o
#25 184.9 [631/1834] Building CXX object src/server/scripts/CMakeFiles/scripts.dir/EasternKingdoms/zone_elwynn_forest.cpp.o
#25 185.2 [632/1834] Building CXX object src/server/scripts/CMakeFiles/scripts.dir/EasternKingdoms/zone_ironforge.cpp.o
#25 185.4 [633/1834] Building CXX object src/server/scripts/CMakeFiles/scripts.dir/EasternKingdoms/zone_ghostlands.cpp.o
#25 185.6 [634/1834] Building CXX object src/server/scripts/CMakeFiles/scripts.dir/EasternKingdoms/zone_hinterlands.cpp.o
#25 185.6 [635/1834] Building CXX object src/server/scripts/CMakeFiles/scripts.dir/EasternKingdoms/zone_western_plaguelands.cpp.o
#25 185.6 [636/1834] Building CXX object src/server/scripts/CMakeFiles/scripts.dir/EasternKingdoms/zone_redridge_mountains.cpp.o
#25 186.0 [637/1834] Linking CXX static library src/server/game/libgame.a
#25 186.2 [638/1834] Building CXX object src/server/scripts/CMakeFiles/scripts.dir/EasternKingdoms/zone_stormwind_city.cpp.o
#25 186.3 [639/1834] Building CXX object src/server/scripts/CMakeFiles/scripts.dir/EasternKingdoms/zone_isle_of_queldanas.cpp.o
#25 186.7 [640/1834] Building CXX object src/server/scripts/CMakeFiles/scripts.dir/EasternKingdoms/zone_silverpine_forest.cpp.o
#25 187.4 [641/1834] Building CXX object src/server/scripts/CMakeFiles/scripts.dir/EasternKingdoms/AlteracValley/boss_balinda.cpp.o
#25 187.5 [642/1834] Building CXX object src/server/scripts/CMakeFiles/scripts.dir/EasternKingdoms/zone_westfall.cpp.o
#25 187.5 [643/1834] Building CXX object src/server/scripts/CMakeFiles/scripts.dir/EasternKingdoms/AlteracValley/alterac_valley.cpp.o
#25 187.6 [644/1834] Building CXX object src/server/scripts/CMakeFiles/scripts.dir/EasternKingdoms/zone_wetlands.cpp.o
#25 187.8 [645/1834] Building CXX object src/server/scripts/CMakeFiles/scripts.dir/EasternKingdoms/BlackrockMountain/BlackrockDepths/boss_anubshiah.cpp.o
#25 187.9 [646/1834] Building CXX object src/server/scripts/CMakeFiles/scripts.dir/EasternKingdoms/AlteracValley/boss_galvangar.cpp.o
#25 188.1 [647/1834] Building CXX object src/server/scripts/CMakeFiles/scripts.dir/EasternKingdoms/zone_undercity.cpp.o
#25 188.2 [648/1834] Building CXX object src/server/scripts/CMakeFiles/scripts.dir/Commands/cs_misc.cpp.o
#25 188.4 [649/1834] Building CXX object src/server/scripts/CMakeFiles/scripts.dir/EasternKingdoms/BlackrockMountain/BlackrockDepths/boss_ambassador_flamelash.cpp.o
#25 188.4 [650/1834] Building CXX object src/server/scripts/CMakeFiles/scripts.dir/EasternKingdoms/BlackrockMountain/BlackrockDepths/boss_general_angerforge.cpp.o
#25 188.4 [651/1834] Building CXX object src/server/scripts/CMakeFiles/scripts.dir/EasternKingdoms/BlackrockMountain/BlackrockDepths/boss_eviscerator.cpp.o
#25 188.5 [652/1834] Building CXX object src/server/scripts/CMakeFiles/scripts.dir/EasternKingdoms/BlackrockMountain/BlackrockDepths/boss_emperor_dagran_thaurissan.cpp.o
#25 188.9 [653/1834] Building CXX object src/server/scripts/CMakeFiles/scripts.dir/EasternKingdoms/AlteracValley/boss_drekthar.cpp.o
#25 189.1 [654/1834] Building CXX object src/server/scripts/CMakeFiles/scripts.dir/EasternKingdoms/BlackrockMountain/BlackrockDepths/blackrock_depths.cpp.o
#25 189.1 [655/1834] Building CXX object src/server/scripts/CMakeFiles/scripts.dir/EasternKingdoms/AlteracValley/boss_vanndar.cpp.o
#25 189.3 [656/1834] Building CXX object src/server/scripts/CMakeFiles/scripts.dir/EasternKingdoms/BlackrockMountain/BlackrockDepths/boss_hedrum.cpp.o
#25 189.4 [657/1834] Building CXX object src/server/scripts/CMakeFiles/scripts.dir/EasternKingdoms/BlackrockMountain/BlackrockDepths/boss_magmus.cpp.o
#25 189.6 [658/1834] Building CXX object src/server/scripts/CMakeFiles/scripts.dir/EasternKingdoms/BlackrockMountain/BlackrockDepths/boss_moira_bronzebeard.cpp.o
#25 189.7 [659/1834] Building CXX object src/server/scripts/CMakeFiles/scripts.dir/EasternKingdoms/zone_the_scarlet_enclave.cpp.o
#25 189.9 [660/1834] Building CXX object src/server/scripts/CMakeFiles/scripts.dir/EasternKingdoms/BlackrockMountain/BlackrockDepths/boss_grizzle.cpp.o
#25 190.0 [661/1834] Building CXX object src/server/scripts/CMakeFiles/scripts.dir/EasternKingdoms/BlackrockMountain/BlackrockDepths/boss_gorosh_the_dervish.cpp.o
#25 190.0 [662/1834] Building CXX object src/server/scripts/CMakeFiles/scripts.dir/EasternKingdoms/BlackrockMountain/BlackrockDepths/boss_okthor.cpp.o
#25 190.0 [663/1834] Building CXX object src/server/scripts/CMakeFiles/scripts.dir/EasternKingdoms/BlackrockMountain/BlackrockDepths/boss_tomb_of_seven.cpp.o
#25 190.0 [664/1834] Building CXX object src/server/scripts/CMakeFiles/scripts.dir/EasternKingdoms/BlackrockMountain/BlackrockDepths/boss_high_interrogator_gerstahn.cpp.o
#25 190.2 [665/1834] Building CXX object src/server/scripts/CMakeFiles/scripts.dir/EasternKingdoms/BlackrockMountain/BlackrockSpire/boss_drakkisath.cpp.o
#25 190.2 [666/1834] Building CXX object src/server/scripts/CMakeFiles/scripts.dir/EasternKingdoms/BlackrockMountain/BlackrockSpire/boss_halycon.cpp.o
#25 190.8 [667/1834] Building CXX object src/server/scripts/CMakeFiles/scripts.dir/EasternKingdoms/BlackrockMountain/BlackrockSpire/boss_lord_valthalak.cpp.o
#25 190.8 [668/1834] Building CXX object src/server/scripts/CMakeFiles/scripts.dir/EasternKingdoms/BlackrockMountain/BlackrockSpire/boss_highlord_omokk.cpp.o
#25 191.0 [669/1834] Building CXX object src/server/scripts/CMakeFiles/scripts.dir/EasternKingdoms/BlackrockMountain/BlackrockSpire/boss_overlord_wyrmthalak.cpp.o
#25 191.5 [670/1834] Building CXX object src/server/scripts/CMakeFiles/scripts.dir/EasternKingdoms/BlackrockMountain/BlackrockSpire/boss_quartermaster_zigris.cpp.o
#25 191.7 [671/1834] Building CXX object src/server/scripts/CMakeFiles/scripts.dir/EasternKingdoms/BlackrockMountain/BlackrockSpire/boss_pyroguard_emberseer.cpp.o
#25 191.7 [672/1834] Building CXX object src/server/scripts/CMakeFiles/scripts.dir/EasternKingdoms/BlackrockMountain/BlackrockDepths/instance_blackrock_depths.cpp.o
#25 191.8 [673/1834] Building CXX object src/server/scripts/CMakeFiles/scripts.dir/EasternKingdoms/BlackrockMountain/BlackrockSpire/boss_warmaster_voone.cpp.o
#25 192.0 [674/1834] Building CXX object src/server/scripts/CMakeFiles/scripts.dir/EasternKingdoms/BlackrockMountain/BlackrockSpire/boss_rend_blackhand.cpp.o
#25 192.0 [675/1834] Building CXX object src/server/scripts/CMakeFiles/scripts.dir/EasternKingdoms/BlackrockMountain/BlackrockSpire/boss_gyth.cpp.o
#25 192.1 [676/1834] Building CXX object src/server/scripts/CMakeFiles/scripts.dir/EasternKingdoms/BlackrockMountain/BlackrockSpire/boss_urok_doomhowl.cpp.o
#25 192.2 [677/1834] Building CXX object src/server/scripts/CMakeFiles/scripts.dir/EasternKingdoms/BlackrockMountain/BlackrockSpire/boss_mor_grayhoof.cpp.o
#25 192.4 [678/1834] Building CXX object src/server/scripts/CMakeFiles/scripts.dir/EasternKingdoms/BlackrockMountain/BlackrockSpire/boss_the_beast.cpp.o
#25 192.5 [679/1834] Building CXX object src/server/scripts/CMakeFiles/scripts.dir/EasternKingdoms/BlackrockMountain/BlackrockSpire/boss_solakar_flamewreath.cpp.o
#25 192.7 [680/1834] Building CXX object src/server/scripts/CMakeFiles/scripts.dir/EasternKingdoms/BlackrockMountain/BlackwingLair/boss_ebonroc.cpp.o
#25 192.7 [681/1834] Building CXX object src/server/scripts/CMakeFiles/scripts.dir/EasternKingdoms/BlackrockMountain/BlackwingLair/boss_firemaw.cpp.o
#25 192.9 [682/1834] Building CXX object src/server/scripts/CMakeFiles/scripts.dir/EasternKingdoms/BlackrockMountain/BlackwingLair/boss_broodlord_lashlayer.cpp.o
#25 192.9 [683/1834] Building CXX object src/server/scripts/CMakeFiles/scripts.dir/EasternKingdoms/BlackrockMountain/BlackwingLair/boss_flamegor.cpp.o
#25 193.6 [684/1834] Building CXX object src/server/scripts/CMakeFiles/scripts.dir/EasternKingdoms/BlackrockMountain/BlackwingLair/boss_chromaggus.cpp.o
#25 193.7 [685/1834] Building CXX object src/server/scripts/CMakeFiles/scripts.dir/EasternKingdoms/BlackrockMountain/BlackrockSpire/instance_blackrock_spire.cpp.o
#25 194.1 [686/1834] Building CXX object src/server/scripts/CMakeFiles/scripts.dir/EasternKingdoms/BlackrockMountain/MoltenCore/boss_golemagg.cpp.o
#25 194.2 [687/1834] Building CXX object src/server/scripts/CMakeFiles/scripts.dir/EasternKingdoms/BlackrockMountain/MoltenCore/boss_lucifron.cpp.o
#25 194.3 [688/1834] Building CXX object src/server/scripts/CMakeFiles/scripts.dir/EasternKingdoms/BlackrockMountain/MoltenCore/boss_gehennas.cpp.o
#25 194.9 [689/1834] Building CXX object src/server/scripts/CMakeFiles/scripts.dir/EasternKingdoms/BlackrockMountain/MoltenCore/boss_sulfuron_harbinger.cpp.o
#25 195.0 [690/1834] Building CXX object src/server/scripts/CMakeFiles/scripts.dir/EasternKingdoms/BlackrockMountain/BlackwingLair/boss_vaelastrasz.cpp.o
#25 195.0 [691/1834] Building CXX object src/server/scripts/CMakeFiles/scripts.dir/EasternKingdoms/BlackrockMountain/BlackwingLair/boss_razorgore.cpp.o
#25 195.0 [692/1834] Building CXX object src/server/scripts/CMakeFiles/scripts.dir/EasternKingdoms/BlackrockMountain/BlackwingLair/instance_blackwing_lair.cpp.o
#25 195.1 [693/1834] Building CXX object src/server/scripts/CMakeFiles/scripts.dir/EasternKingdoms/BlackrockMountain/MoltenCore/boss_baron_geddon.cpp.o
#25 195.2 [694/1834] Building CXX object src/server/scripts/CMakeFiles/scripts.dir/EasternKingdoms/BlackrockMountain/MoltenCore/boss_magmadar.cpp.o
#25 195.7 [695/1834] Building CXX object src/server/scripts/CMakeFiles/scripts.dir/EasternKingdoms/BlackrockMountain/MoltenCore/boss_garr.cpp.o
#25 195.9 [696/1834] Building CXX object src/server/scripts/CMakeFiles/scripts.dir/EasternKingdoms/BlackrockMountain/MoltenCore/boss_ragnaros.cpp.o
#25 196.3 [697/1834] Building CXX object src/server/scripts/CMakeFiles/scripts.dir/EasternKingdoms/Deadmines/boss_mr_smite.cpp.o
#25 196.4 [698/1834] Building CXX object src/server/scripts/CMakeFiles/scripts.dir/EasternKingdoms/BlackrockMountain/MoltenCore/boss_shazzrah.cpp.o
#25 196.4 [699/1834] Building CXX object src/server/scripts/CMakeFiles/scripts.dir/EasternKingdoms/Deadmines/instance_deadmines.cpp.o
#25 196.5 [700/1834] Building CXX object src/server/scripts/CMakeFiles/scripts.dir/EasternKingdoms/BlackrockMountain/MoltenCore/instance_molten_core.cpp.o
#25 196.8 [701/1834] Building CXX object src/server/scripts/CMakeFiles/scripts.dir/EasternKingdoms/BlackrockMountain/MoltenCore/boss_majordomo_executus.cpp.o
#25 197.1 [702/1834] Building CXX object src/server/scripts/CMakeFiles/scripts.dir/EasternKingdoms/BlackrockMountain/MoltenCore/molten_core.cpp.o
#25 197.4 [703/1834] Building CXX object src/server/scripts/CMakeFiles/scripts.dir/EasternKingdoms/Karazhan/boss_maiden_of_virtue.cpp.o
#25 197.5 [704/1834] Building CXX object src/server/scripts/CMakeFiles/scripts.dir/EasternKingdoms/Karazhan/boss_curator.cpp.o
#25 197.8 [705/1834] Building CXX object src/server/scripts/CMakeFiles/scripts.dir/EasternKingdoms/Gnomeregan/instance_gnomeregan.cpp.o
#25 198.3 [706/1834] Building CXX object src/server/scripts/CMakeFiles/scripts.dir/EasternKingdoms/BlackrockMountain/BlackwingLair/boss_nefarian.cpp.o
#25 198.7 [707/1834] Building CXX object src/server/scripts/CMakeFiles/scripts.dir/EasternKingdoms/Karazhan/boss_moroes.cpp.o
#25 198.7 [708/1834] Building CXX object src/server/scripts/CMakeFiles/scripts.dir/EasternKingdoms/Karazhan/boss_midnight.cpp.o
#25 198.8 [709/1834] Building CXX object src/server/scripts/CMakeFiles/scripts.dir/EasternKingdoms/Karazhan/boss_netherspite.cpp.o
#25 198.9 [710/1834] Building CXX object src/server/scripts/CMakeFiles/scripts.dir/EasternKingdoms/Karazhan/boss_chess_event.cpp.o
#25 199.5 [711/1834] Building CXX object src/server/scripts/CMakeFiles/scripts.dir/EasternKingdoms/Karazhan/boss_servant_quarters.cpp.o
#25 199.6 [712/1834] Building CXX object src/server/scripts/CMakeFiles/scripts.dir/EasternKingdoms/Karazhan/boss_terestian_illhoof.cpp.o
#25 199.7 [713/1834] Building CXX object src/server/scripts/CMakeFiles/scripts.dir/EasternKingdoms/Karazhan/boss_tenris_mirkblood.cpp.o
#25 200.0 [714/1834] Building CXX object src/server/scripts/CMakeFiles/scripts.dir/EasternKingdoms/Karazhan/boss_prince_malchezaar.cpp.o
#25 200.2 [715/1834] Building CXX object src/server/scripts/CMakeFiles/scripts.dir/EasternKingdoms/Karazhan/boss_nightbane.cpp.o
#25 201.0 [716/1834] Building CXX object src/server/scripts/CMakeFiles/scripts.dir/EasternKingdoms/Scholomance/boss_darkmaster_gandling.cpp.o
#25 201.1 [717/1834] Building CXX object src/server/scripts/CMakeFiles/scripts.dir/EasternKingdoms/MagistersTerrace/boss_felblood_kaelthas.cpp.o
#25 201.2 [718/1834] Building CXX object src/server/scripts/CMakeFiles/scripts.dir/EasternKingdoms/MagistersTerrace/boss_selin_fireheart.cpp.o
#25 201.2 [719/1834] Building CXX object src/server/scripts/CMakeFiles/scripts.dir/EasternKingdoms/Karazhan/boss_shade_of_aran.cpp.o
#25 201.3 [720/1834] Building CXX object src/server/scripts/CMakeFiles/scripts.dir/EasternKingdoms/Karazhan/instance_karazhan.cpp.o
#25 201.4 [721/1834] Building CXX object src/server/scripts/CMakeFiles/scripts.dir/EasternKingdoms/Karazhan/karazhan.cpp.o
#25 201.4 [722/1834] Building CXX object src/server/scripts/CMakeFiles/scripts.dir/EasternKingdoms/MagistersTerrace/boss_vexallus.cpp.o
#25 201.5 [723/1834] Building CXX object src/server/scripts/CMakeFiles/scripts.dir/EasternKingdoms/Karazhan/bosses_opera.cpp.o
#25 201.7 [724/1834] Building CXX object src/server/scripts/CMakeFiles/scripts.dir/EasternKingdoms/MagistersTerrace/instance_magisters_terrace.cpp.o
#25 201.7 [725/1834] Building CXX object src/server/scripts/CMakeFiles/scripts.dir/EasternKingdoms/Scholomance/boss_kirtonos_the_herald.cpp.o
#25 202.1 [726/1834] Building CXX object src/server/scripts/CMakeFiles/scripts.dir/EasternKingdoms/ScarletMonastery/instance_scarlet_monastery.cpp.o
#25 202.7 [727/1834] Building CXX object src/server/scripts/CMakeFiles/scripts.dir/EasternKingdoms/MagistersTerrace/boss_priestess_delrissa.cpp.o
#25 203.1 [728/1834] Building CXX object src/server/scripts/CMakeFiles/scripts.dir/EasternKingdoms/Scholomance/boss_kormok.cpp.o
#25 203.4 [729/1834] Building CXX object src/server/scripts/CMakeFiles/scripts.dir/EasternKingdoms/Scholomance/instance_scholomance.cpp.o
#25 203.5 [730/1834] Building CXX object src/server/scripts/CMakeFiles/scripts.dir/EasternKingdoms/ShadowfangKeep/instance_shadowfang_keep.cpp.o
#25 203.7 [731/1834] Building CXX object src/server/scripts/CMakeFiles/scripts.dir/EasternKingdoms/Stratholme/boss_baroness_anastari.cpp.o
#25 203.8 [732/1834] Building CXX object src/server/scripts/CMakeFiles/scripts.dir/EasternKingdoms/Stratholme/instance_stratholme.cpp.o
#25 204.3 [733/1834] Building CXX object src/server/scripts/CMakeFiles/scripts.dir/EasternKingdoms/Stratholme/boss_jarien_and_sothos.cpp.o
#25 204.4 [734/1834] Building CXX object src/server/scripts/CMakeFiles/scripts.dir/EasternKingdoms/SunwellPlateau/boss_brutallus.cpp.o
#25 204.8 [735/1834] Building CXX object src/server/scripts/CMakeFiles/scripts.dir/EasternKingdoms/TheStockade/instance_the_stockade.cpp.o
#25 205.0 [736/1834] Building CXX object src/server/scripts/CMakeFiles/scripts.dir/EasternKingdoms/SunkenTemple/instance_sunken_temple.cpp.o
#25 205.6 [737/1834] Building CXX object src/server/scripts/CMakeFiles/scripts.dir/EasternKingdoms/SunwellPlateau/boss_felmyst.cpp.o
#25 205.8 [738/1834] Building CXX object src/server/scripts/CMakeFiles/scripts.dir/EasternKingdoms/ShadowfangKeep/boss_apothecary_hummel.cpp.o
#25 206.1 [739/1834] Building CXX object src/server/scripts/CMakeFiles/scripts.dir/EasternKingdoms/SunwellPlateau/boss_muru.cpp.o
#25 206.2 [740/1834] Building CXX object src/server/scripts/CMakeFiles/scripts.dir/EasternKingdoms/SunwellPlateau/boss_eredar_twins.cpp.o
#25 206.6 [741/1834] Building CXX object src/server/scripts/CMakeFiles/scripts.dir/EasternKingdoms/Uldaman/instance_uldaman.cpp.o
#25 206.7 [742/1834] Building CXX object src/server/scripts/CMakeFiles/scripts.dir/EasternKingdoms/SunwellPlateau/boss_kalecgos.cpp.o
#25 206.9 [743/1834] Building CXX object src/server/scripts/CMakeFiles/scripts.dir/EasternKingdoms/SunwellPlateau/instance_sunwell_plateau.cpp.o
#25 207.0 [744/1834] Building CXX object src/server/scripts/CMakeFiles/scripts.dir/EasternKingdoms/ZulAman/boss_halazzi.cpp.o
#25 207.5 [745/1834] Building CXX object src/server/scripts/CMakeFiles/scripts.dir/EasternKingdoms/ZulAman/boss_akilzon.cpp.o
#25 207.5 [746/1834] Building CXX object src/server/scripts/CMakeFiles/scripts.dir/EasternKingdoms/ZulAman/boss_janalai.cpp.o
#25 207.6 [747/1834] Building CXX object src/server/scripts/CMakeFiles/scripts.dir/EasternKingdoms/ZulAman/boss_hexlord.cpp.o
#25 208.1 [748/1834] Building CXX object src/server/scripts/CMakeFiles/scripts.dir/EasternKingdoms/ZulGurub/boss_arlokk.cpp.o
#25 208.1 [749/1834] Building CXX object src/server/scripts/CMakeFiles/scripts.dir/EasternKingdoms/ZulGurub/boss_grilek.cpp.o
#25 208.1 [750/1834] Building CXX object src/server/scripts/CMakeFiles/scripts.dir/EasternKingdoms/ZulAman/instance_zulaman.cpp.o
#25 208.4 [751/1834] Building CXX object src/server/scripts/CMakeFiles/scripts.dir/EasternKingdoms/ZulAman/boss_nalorakk.cpp.o
#25 208.5 [752/1834] Building CXX object src/server/scripts/CMakeFiles/scripts.dir/EasternKingdoms/ZulAman/boss_zuljin.cpp.o
#25 208.6 [753/1834] Building CXX object src/server/scripts/CMakeFiles/scripts.dir/EasternKingdoms/SunwellPlateau/boss_kiljaeden.cpp.o
#25 208.6 [754/1834] Building CXX object src/server/scripts/CMakeFiles/scripts.dir/EasternKingdoms/ZulGurub/boss_gahzranka.cpp.o
#25 209.8 [755/1834] Building CXX object src/server/scripts/CMakeFiles/scripts.dir/EasternKingdoms/ZulGurub/boss_hazzarah.cpp.o
#25 209.8 [756/1834] Building CXX object src/server/scripts/CMakeFiles/scripts.dir/EasternKingdoms/ZulGurub/boss_hakkar.cpp.o
#25 209.9 [757/1834] Building CXX object src/server/scripts/CMakeFiles/scripts.dir/EasternKingdoms/ZulAman/zulaman.cpp.o
#25 209.9 [758/1834] Building CXX object src/server/scripts/CMakeFiles/scripts.dir/EasternKingdoms/ZulGurub/boss_wushoolay.cpp.o
#25 209.9 [759/1834] Building CXX object src/server/scripts/CMakeFiles/scripts.dir/Events/events_script_loader.cpp.o
#25 210.1 [760/1834] Building CXX object src/server/scripts/CMakeFiles/scripts.dir/EasternKingdoms/ZulGurub/boss_renataki.cpp.o
#25 210.4 [761/1834] Building CXX object src/server/scripts/CMakeFiles/scripts.dir/EasternKingdoms/ZulGurub/boss_jindo.cpp.o
#25 210.5 [762/1834] Building CXX object src/server/scripts/CMakeFiles/scripts.dir/Events/childrens_week.cpp.o
#25 210.7 [763/1834] Building CXX object src/server/scripts/CMakeFiles/scripts.dir/EasternKingdoms/ZulGurub/zulgurub.cpp.o
#25 210.9 [764/1834] Building CXX object src/server/scripts/CMakeFiles/scripts.dir/EasternKingdoms/ZulGurub/boss_venoxis.cpp.o
#25 211.3 [765/1834] Building CXX object src/server/scripts/CMakeFiles/scripts.dir/EasternKingdoms/ZulGurub/boss_thekal.cpp.o
#25 211.5 [766/1834] Building CXX object src/server/scripts/CMakeFiles/scripts.dir/EasternKingdoms/ZulGurub/instance_zulgurub.cpp.o
#25 211.6 [767/1834] Building CXX object src/server/scripts/CMakeFiles/scripts.dir/EasternKingdoms/ZulGurub/boss_mandokir.cpp.o
#25 211.7 [768/1834] Building CXX object src/server/scripts/CMakeFiles/scripts.dir/EasternKingdoms/ZulGurub/boss_jeklik.cpp.o
#25 211.8 [769/1834] Building CXX object src/server/scripts/CMakeFiles/scripts.dir/Kalimdor/kalimdor_script_loader.cpp.o
#25 212.3 [770/1834] Building CXX object src/server/scripts/CMakeFiles/scripts.dir/EasternKingdoms/ZulGurub/boss_marli.cpp.o
#25 212.6 [771/1834] Building CXX object src/server/scripts/CMakeFiles/scripts.dir/Events/winter_veil.cpp.o
#25 212.7 [772/1834] Building CXX object src/server/scripts/CMakeFiles/scripts.dir/Events/noblegarden.cpp.o
#25 213.3 [773/1834] Building CXX object src/server/scripts/CMakeFiles/scripts.dir/Events/pilgrims_bounty.cpp.o
#25 213.5 [774/1834] Building CXX object src/server/scripts/CMakeFiles/scripts.dir/Events/love_in_air.cpp.o
#25 213.6 [775/1834] Building CXX object src/server/scripts/CMakeFiles/scripts.dir/Kalimdor/zone_ashenvale.cpp.o
#25 213.9 [776/1834] Building CXX object src/server/scripts/CMakeFiles/scripts.dir/Kalimdor/zone_felwood.cpp.o
#25 214.0 [777/1834] Building CXX object src/server/scripts/CMakeFiles/scripts.dir/Kalimdor/boss_azuregos.cpp.o
#25 214.3 [778/1834] Building CXX object src/server/scripts/CMakeFiles/scripts.dir/Kalimdor/zone_bloodmyst_isle.cpp.o
#25 214.6 [779/1834] Building CXX object src/server/scripts/CMakeFiles/scripts.dir/Kalimdor/zone_dustwallow_marsh.cpp.o
#25 214.7 [780/1834] Building CXX object src/server/scripts/CMakeFiles/scripts.dir/Events/firework_show/firework_show.cpp.o
#25 214.9 [781/1834] Building CXX object src/server/scripts/CMakeFiles/scripts.dir/Kalimdor/zone_desolace.cpp.o
#25 215.0 [782/1834] Building CXX object src/server/scripts/CMakeFiles/scripts.dir/Kalimdor/zone_darkshore.cpp.o
#25 215.1 [783/1834] Building CXX object src/server/scripts/CMakeFiles/scripts.dir/Kalimdor/zone_feralas.cpp.o
#25 215.1 [784/1834] Building CXX object src/server/scripts/CMakeFiles/scripts.dir/Kalimdor/zone_azuremyst_isle.cpp.o
#25 215.2 [785/1834] Building CXX object src/server/scripts/CMakeFiles/scripts.dir/Events/hallows_end.cpp.o
#25 215.5 [786/1834] Building CXX object src/server/scripts/CMakeFiles/scripts.dir/Events/brewfest.cpp.o
#25 216.0 [787/1834] Building CXX object src/server/scripts/CMakeFiles/scripts.dir/Kalimdor/zone_durotar.cpp.o
#25 216.1 [788/1834] Building CXX object src/server/scripts/CMakeFiles/scripts.dir/Kalimdor/zone_teldrassil.cpp.o
#25 216.3 [789/1834] Building CXX object src/server/scripts/CMakeFiles/scripts.dir/Kalimdor/zone_silithus.cpp.o
#25 216.5 [790/1834] Building CXX object src/server/scripts/CMakeFiles/scripts.dir/Kalimdor/zone_orgrimmar.cpp.o
#25 216.8 [791/1834] Building CXX object src/server/scripts/CMakeFiles/scripts.dir/Kalimdor/zone_thunder_bluff.cpp.o
#25 216.8 [792/1834] Building CXX object src/server/scripts/CMakeFiles/scripts.dir/Kalimdor/zone_moonglade.cpp.o
#25 216.8 [793/1834] Building CXX object src/server/scripts/CMakeFiles/scripts.dir/Events/midsummer.cpp.o
#25 216.8 [794/1834] Building CXX object src/server/scripts/CMakeFiles/scripts.dir/Kalimdor/zone_stonetalon_mountains.cpp.o
#25 217.0 [795/1834] Building CXX object src/server/scripts/CMakeFiles/scripts.dir/Kalimdor/zone_tanaris.cpp.o
#25 217.3 [796/1834] Building CXX object src/server/scripts/CMakeFiles/scripts.dir/Kalimdor/BlackfathomDeeps/instance_blackfathom_deeps.cpp.o
#25 217.5 [797/1834] Building CXX object src/server/scripts/CMakeFiles/scripts.dir/Kalimdor/zone_the_barrens.cpp.o
#25 217.8 [798/1834] Building CXX object src/server/scripts/CMakeFiles/scripts.dir/Kalimdor/zone_ungoro_crater.cpp.o
#25 218.0 [799/1834] Building CXX object src/server/scripts/CMakeFiles/scripts.dir/Kalimdor/zone_thousand_needles.cpp.o
#25 218.7 [800/1834] Building CXX object src/server/scripts/CMakeFiles/scripts.dir/Kalimdor/CavernsOfTime/BattleForMountHyjal/boss_anetheron.cpp.o
#25 218.8 [801/1834] Building CXX object src/server/scripts/CMakeFiles/scripts.dir/Kalimdor/zone_winterspring.cpp.o
#25 218.8 [802/1834] Building CXX object src/server/scripts/CMakeFiles/scripts.dir/Kalimdor/CavernsOfTime/CullingOfStratholme/boss_meathook.cpp.o
#25 218.9 [803/1834] Building CXX object src/server/scripts/CMakeFiles/scripts.dir/Kalimdor/CavernsOfTime/CullingOfStratholme/boss_mal_ganis.cpp.o
#25 218.9 [804/1834] Building CXX object src/server/scripts/CMakeFiles/scripts.dir/Kalimdor/CavernsOfTime/CullingOfStratholme/boss_infinite.cpp.o
#25 219.1 [805/1834] Building CXX object src/server/scripts/CMakeFiles/scripts.dir/Kalimdor/CavernsOfTime/CullingOfStratholme/boss_epoch.cpp.o
#25 219.6 [806/1834] Building CXX object src/server/scripts/CMakeFiles/scripts.dir/Kalimdor/CavernsOfTime/BattleForMountHyjal/boss_azgalor.cpp.o
#25 219.7 [807/1834] Building CXX object src/server/scripts/CMakeFiles/scripts.dir/Kalimdor/CavernsOfTime/BattleForMountHyjal/boss_rage_winterchill.cpp.o
#25 219.9 [808/1834] Building CXX object src/server/scripts/CMakeFiles/scripts.dir/Kalimdor/CavernsOfTime/CullingOfStratholme/boss_salramm.cpp.o
#25 220.0 [809/1834] Building CXX object src/server/scripts/CMakeFiles/scripts.dir/Kalimdor/CavernsOfTime/BattleForMountHyjal/boss_archimonde.cpp.o
#25 220.3 [810/1834] Building CXX object src/server/scripts/CMakeFiles/scripts.dir/Kalimdor/CavernsOfTime/BattleForMountHyjal/boss_kazrogal.cpp.o
#25 220.4 [811/1834] Building CXX object src/server/scripts/CMakeFiles/scripts.dir/Kalimdor/CavernsOfTime/BattleForMountHyjal/instance_hyjal.cpp.o
#25 220.8 [812/1834] Building CXX object src/server/scripts/CMakeFiles/scripts.dir/Kalimdor/CavernsOfTime/BattleForMountHyjal/hyjal.cpp.o
#25 221.0 [813/1834] Building CXX object src/server/scripts/CMakeFiles/scripts.dir/Kalimdor/CavernsOfTime/EscapeFromDurnholdeKeep/boss_captain_skarloc.cpp.o
#25 221.3 [814/1834] Building CXX object src/server/scripts/CMakeFiles/scripts.dir/Kalimdor/CavernsOfTime/CullingOfStratholme/instance_culling_of_stratholme.cpp.o
#25 221.3 [815/1834] Building CXX object src/server/scripts/CMakeFiles/scripts.dir/Kalimdor/CavernsOfTime/CullingOfStratholme/culling_of_stratholme.cpp.o
#25 221.5 [816/1834] Building CXX object src/server/scripts/CMakeFiles/scripts.dir/Kalimdor/CavernsOfTime/EscapeFromDurnholdeKeep/boss_epoch_hunter.cpp.o
#25 221.5 [817/1834] Building CXX object src/server/scripts/CMakeFiles/scripts.dir/Kalimdor/CavernsOfTime/EscapeFromDurnholdeKeep/instance_old_hillsbrad.cpp.o
#25 221.6 [818/1834] Building CXX object src/server/scripts/CMakeFiles/scripts.dir/Kalimdor/CavernsOfTime/TheBlackMorass/boss_chrono_lord_deja.cpp.o
#25 221.7 [819/1834] Building CXX object src/server/scripts/CMakeFiles/scripts.dir/Kalimdor/CavernsOfTime/TheBlackMorass/boss_aeonus.cpp.o
#25 222.2 [820/1834] Building CXX object src/server/scripts/CMakeFiles/scripts.dir/Kalimdor/CavernsOfTime/TheBlackMorass/boss_temporus.cpp.o
#25 222.2 [821/1834] Building CXX object src/server/scripts/CMakeFiles/scripts.dir/Kalimdor/CavernsOfTime/EscapeFromDurnholdeKeep/boss_lieutenant_drake.cpp.o
#25 222.2 [822/1834] Building CXX object src/server/scripts/CMakeFiles/scripts.dir/Kalimdor/CavernsOfTime/EscapeFromDurnholdeKeep/old_hillsbrad.cpp.o
#25 222.5 [823/1834] Building CXX object src/server/scripts/CMakeFiles/scripts.dir/Kalimdor/Maraudon/instance_maraudon.cpp.o
#25 222.8 [824/1834] Building CXX object src/server/scripts/CMakeFiles/scripts.dir/Kalimdor/DireMaul/boss_isalien.cpp.o
#25 223.1 [825/1834] Building CXX object src/server/scripts/CMakeFiles/scripts.dir/Kalimdor/OnyxiasLair/boss_onyxia.cpp.o
#25 223.1 [826/1834] Building CXX object src/server/scripts/CMakeFiles/scripts.dir/Kalimdor/DireMaul/instance_dire_maul.cpp.o
#25 223.3 [827/1834] Building CXX object src/server/scripts/CMakeFiles/scripts.dir/Kalimdor/RagefireChasm/instance_ragefire_chasm.cpp.o
#25 223.5 [828/1834] Building CXX object src/server/scripts/CMakeFiles/scripts.dir/Kalimdor/CavernsOfTime/TheBlackMorass/instance_the_black_morass.cpp.o
#25 223.5 [829/1834] Building CXX object src/server/scripts/CMakeFiles/scripts.dir/Kalimdor/RazorfenDowns/instance_razorfen_downs.cpp.o
#25 223.6 [830/1834] Building CXX object src/server/scripts/CMakeFiles/scripts.dir/Kalimdor/OnyxiasLair/instance_onyxias_lair.cpp.o
#25 224.1 [831/1834] Building CXX object src/server/scripts/CMakeFiles/scripts.dir/Kalimdor/CavernsOfTime/TheBlackMorass/the_black_morass.cpp.o
#25 224.1 [832/1834] Building CXX object src/server/scripts/CMakeFiles/scripts.dir/Kalimdor/RazorfenKraul/instance_razorfen_kraul.cpp.o
#25 224.2 [833/1834] Building CXX object src/server/scripts/CMakeFiles/scripts.dir/Kalimdor/RazorfenDowns/razorfen_downs.cpp.o
#25 225.0 [834/1834] Building CXX object src/server/scripts/CMakeFiles/scripts.dir/Kalimdor/RuinsOfAhnQiraj/boss_ayamiss.cpp.o
#25 225.0 [835/1834] Building CXX object src/server/scripts/CMakeFiles/scripts.dir/Kalimdor/RuinsOfAhnQiraj/boss_moam.cpp.o
#25 225.2 [836/1834] Building CXX object src/server/scripts/CMakeFiles/scripts.dir/Kalimdor/RuinsOfAhnQiraj/boss_buru.cpp.o
#25 225.4 [837/1834] Building CXX object src/server/scripts/CMakeFiles/scripts.dir/Kalimdor/RuinsOfAhnQiraj/boss_kurinnaxx.cpp.o
#25 225.8 [838/1834] Building CXX object src/server/scripts/CMakeFiles/scripts.dir/Kalimdor/RuinsOfAhnQiraj/instance_ruins_of_ahnqiraj.cpp.o
#25 225.8 [839/1834] Building CXX object src/server/scripts/CMakeFiles/scripts.dir/Kalimdor/RuinsOfAhnQiraj/boss_ossirian.cpp.o
#25 226.3 [840/1834] Building CXX object src/server/scripts/CMakeFiles/scripts.dir/Kalimdor/TempleOfAhnQiraj/boss_sartura.cpp.o
#25 226.4 [841/1834] Building CXX object src/server/scripts/CMakeFiles/scripts.dir/Kalimdor/TempleOfAhnQiraj/boss_fankriss.cpp.o
#25 226.9 [842/1834] Building CXX object src/server/scripts/CMakeFiles/scripts.dir/Kalimdor/RuinsOfAhnQiraj/ruins_of_ahnqiraj.cpp.o
#25 227.0 [843/1834] Building CXX object src/server/scripts/CMakeFiles/scripts.dir/Kalimdor/TempleOfAhnQiraj/boss_huhuran.cpp.o
#25 227.2 [844/1834] Building CXX object src/server/scripts/CMakeFiles/scripts.dir/Kalimdor/TempleOfAhnQiraj/boss_skeram.cpp.o
#25 227.3 [845/1834] Building CXX object src/server/scripts/CMakeFiles/scripts.dir/Kalimdor/TempleOfAhnQiraj/boss_bug_trio.cpp.o
#25 227.3 [846/1834] Building CXX object src/server/scripts/CMakeFiles/scripts.dir/Kalimdor/RuinsOfAhnQiraj/boss_rajaxx.cpp.o
#25 227.5 [847/1834] Building CXX object src/server/scripts/CMakeFiles/scripts.dir/Kalimdor/TempleOfAhnQiraj/boss_ouro.cpp.o
#25 228.1 [848/1834] Building CXX object src/server/scripts/CMakeFiles/scripts.dir/Kalimdor/TempleOfAhnQiraj/instance_temple_of_ahnqiraj.cpp.o
#25 228.2 [849/1834] Building CXX object src/server/scripts/CMakeFiles/scripts.dir/Kalimdor/WailingCaverns/instance_wailing_caverns.cpp.o
#25 228.3 [850/1834] Building CXX object src/server/scripts/CMakeFiles/scripts.dir/Kalimdor/TempleOfAhnQiraj/boss_cthun.cpp.o
#25 228.3 [851/1834] Building CXX object src/server/scripts/CMakeFiles/scripts.dir/Kalimdor/TempleOfAhnQiraj/boss_viscidus.cpp.o
#25 228.3 [852/1834] Building CXX object src/server/scripts/CMakeFiles/scripts.dir/Northrend/northrend_script_loader.cpp.o
#25 228.3 [853/1834] Building CXX object src/server/scripts/CMakeFiles/scripts.dir/Kalimdor/TempleOfAhnQiraj/boss_twinemperors.cpp.o
#25 228.5 [854/1834] Building CXX object src/server/scripts/CMakeFiles/scripts.dir/Kalimdor/TempleOfAhnQiraj/mob_anubisath_sentinel.cpp.o
#25 229.7 [855/1834] Building CXX object src/server/scripts/CMakeFiles/scripts.dir/Kalimdor/ZulFarrak/zulfarrak.cpp.o
#25 229.8 [856/1834] Building CXX object src/server/scripts/CMakeFiles/scripts.dir/Kalimdor/ZulFarrak/instance_zulfarrak.cpp.o
#25 230.1 [857/1834] Building CXX object src/server/scripts/CMakeFiles/scripts.dir/Northrend/zone_crystalsong_forest.cpp.o
#25 230.2 [858/1834] Building CXX object src/server/scripts/CMakeFiles/scripts.dir/Northrend/isle_of_conquest.cpp.o
#25 230.9 [859/1834] Building CXX object src/server/scripts/CMakeFiles/scripts.dir/Kalimdor/TempleOfAhnQiraj/temple_of_ahnqiraj.cpp.o
#25 230.9 [860/1834] Building CXX object src/server/scripts/CMakeFiles/scripts.dir/Northrend/zone_dalaran.cpp.o
#25 232.2 [861/1834] Building CXX object src/server/scripts/CMakeFiles/scripts.dir/Northrend/AzjolNerub/AzjolNerub/boss_anubarak.cpp.o
#25 232.5 [862/1834] Building CXX object src/server/scripts/CMakeFiles/scripts.dir/Northrend/zone_sholazar_basin.cpp.o
#25 232.6 [863/1834] Building CXX object src/server/scripts/CMakeFiles/scripts.dir/Northrend/zone_grizzly_hills.cpp.o
#25 232.7 [864/1834] Building CXX object src/server/scripts/CMakeFiles/scripts.dir/Northrend/zone_borean_tundra.cpp.o
#25 233.0 [865/1834] Building CXX object src/server/scripts/CMakeFiles/scripts.dir/Northrend/AzjolNerub/AzjolNerub/boss_krikthir_the_gatewatcher.cpp.o
#25 233.2 [866/1834] Building CXX object src/server/scripts/CMakeFiles/scripts.dir/Northrend/zone_dragonblight.cpp.o
#25 233.2 [867/1834] Building CXX object src/server/scripts/CMakeFiles/scripts.dir/Northrend/zone_zuldrak.cpp.o
#25 233.8 [868/1834] Building CXX object src/server/scripts/CMakeFiles/scripts.dir/Northrend/AzjolNerub/AzjolNerub/boss_hadronox.cpp.o
#25 233.8 [869/1834] Building CXX object src/server/scripts/CMakeFiles/scripts.dir/Northrend/zone_howling_fjord.cpp.o
#25 233.9 [870/1834] Building CXX object src/server/scripts/CMakeFiles/scripts.dir/Northrend/AzjolNerub/AzjolNerub/instance_azjol_nerub.cpp.o
#25 233.9 [871/1834] Building CXX object src/server/scripts/CMakeFiles/scripts.dir/Northrend/AzjolNerub/ahnkahet/boss_elder_nadox.cpp.o
#25 234.0 [872/1834] Building CXX object src/server/scripts/CMakeFiles/scripts.dir/Northrend/AzjolNerub/ahnkahet/boss_herald_volazj.cpp.o
#25 234.0 [873/1834] Building CXX object src/server/scripts/CMakeFiles/scripts.dir/Northrend/AzjolNerub/ahnkahet/boss_amanitar.cpp.o
#25 234.4 [874/1834] Building CXX object src/server/scripts/CMakeFiles/scripts.dir/Northrend/zone_icecrown.cpp.o
#25 234.5 [875/1834] Building CXX object src/server/scripts/CMakeFiles/scripts.dir/Northrend/zone_storm_peaks.cpp.o
#25 234.6 [876/1834] Building CXX object src/server/scripts/CMakeFiles/scripts.dir/Northrend/zone_wintergrasp.cpp.o
#25 235.3 [877/1834] Building CXX object src/server/scripts/CMakeFiles/scripts.dir/Northrend/AzjolNerub/ahnkahet/boss_jedoga_shadowseeker.cpp.o
#25 235.6 [878/1834] Building CXX object src/server/scripts/CMakeFiles/scripts.dir/Northrend/ChamberOfAspects/ObsidianSanctum/instance_obsidian_sanctum.cpp.o
#25 235.9 [879/1834] Building CXX object src/server/scripts/CMakeFiles/scripts.dir/Northrend/AzjolNerub/ahnkahet/boss_prince_taldaram.cpp.o
#25 236.1 [880/1834] Building CXX object src/server/scripts/CMakeFiles/scripts.dir/Northrend/ChamberOfAspects/RubySanctum/boss_baltharus_the_warborn.cpp.o
#25 236.3 [881/1834] Building CXX object src/server/scripts/CMakeFiles/scripts.dir/Northrend/ChamberOfAspects/RubySanctum/boss_general_zarithrian.cpp.o
#25 236.4 [882/1834] Building CXX object src/server/scripts/CMakeFiles/scripts.dir/Northrend/ChamberOfAspects/RubySanctum/boss_saviana_ragefire.cpp.o
#25 236.4 [883/1834] Building CXX object src/server/scripts/CMakeFiles/scripts.dir/Northrend/AzjolNerub/ahnkahet/instance_ahnkahet.cpp.o
#25 236.8 [884/1834] Building CXX object src/server/scripts/CMakeFiles/scripts.dir/Northrend/ChamberOfAspects/ObsidianSanctum/boss_sartharion.cpp.o
#25 236.8 [885/1834] Building CXX object src/server/scripts/CMakeFiles/scripts.dir/Northrend/CrusadersColiseum/TrialOfTheChampion/trial_of_the_champion.cpp.o
#25 237.0 [886/1834] Building CXX object src/server/scripts/CMakeFiles/scripts.dir/Northrend/ChamberOfAspects/RubySanctum/instance_ruby_sanctum.cpp.o
#25 237.6 [887/1834] Building CXX object src/server/scripts/CMakeFiles/scripts.dir/Northrend/CrusadersColiseum/TrialOfTheChampion/boss_black_knight.cpp.o
#25 238.0 [888/1834] Building CXX object src/server/scripts/CMakeFiles/scripts.dir/Northrend/CrusadersColiseum/TrialOfTheCrusader/trial_of_the_crusader.cpp.o
#25 238.0 [889/1834] Building CXX object src/server/scripts/CMakeFiles/scripts.dir/Northrend/CrusadersColiseum/TrialOfTheChampion/boss_grand_champions.cpp.o
#25 238.2 [890/1834] Building CXX object src/server/scripts/CMakeFiles/scripts.dir/Northrend/CrusadersColiseum/TrialOfTheChampion/instance_trial_of_the_champion.cpp.o
#25 238.3 [891/1834] Building CXX object src/server/scripts/CMakeFiles/scripts.dir/Northrend/CrusadersColiseum/TrialOfTheChampion/boss_argent_challenge.cpp.o
#25 238.4 [892/1834] Building CXX object src/server/scripts/CMakeFiles/scripts.dir/Northrend/CrusadersColiseum/TrialOfTheCrusader/boss_anubarak_trial.cpp.o
#25 238.7 [893/1834] Building CXX object src/server/scripts/CMakeFiles/scripts.dir/Northrend/ChamberOfAspects/RubySanctum/boss_halion.cpp.o
#25 239.2 [894/1834] Building CXX object src/server/scripts/CMakeFiles/scripts.dir/Northrend/CrusadersColiseum/TrialOfTheCrusader/boss_northrend_beasts.cpp.o
#25 239.5 [895/1834] Building CXX object src/server/scripts/CMakeFiles/scripts.dir/Northrend/CrusadersColiseum/TrialOfTheCrusader/boss_lord_jaraxxus.cpp.o
#25 239.6 [896/1834] Building CXX object src/server/scripts/CMakeFiles/scripts.dir/Northrend/CrusadersColiseum/TrialOfTheCrusader/boss_faction_champions.cpp.o
#25 240.1 [897/1834] Building CXX object src/server/scripts/CMakeFiles/scripts.dir/Northrend/CrusadersColiseum/TrialOfTheCrusader/boss_twin_valkyr.cpp.o
#25 240.2 [898/1834] Building CXX object src/server/scripts/CMakeFiles/scripts.dir/Northrend/DraktharonKeep/boss_tharon_ja.cpp.o
#25 240.2 [899/1834] Building CXX object src/server/scripts/CMakeFiles/scripts.dir/Northrend/DraktharonKeep/boss_trollgore.cpp.o
#25 240.5 [900/1834] Building CXX object src/server/scripts/CMakeFiles/scripts.dir/Northrend/CrusadersColiseum/TrialOfTheCrusader/instance_trial_of_the_crusader.cpp.o
#25 240.7 [901/1834] Building CXX object src/server/scripts/CMakeFiles/scripts.dir/Northrend/FrozenHalls/HallsOfReflection/boss_falric.cpp.o
#25 240.9 [902/1834] Building CXX object src/server/scripts/CMakeFiles/scripts.dir/Northrend/FrozenHalls/ForgeOfSouls/boss_devourer_of_souls.cpp.o
#25 240.9 [903/1834] Building CXX object src/server/scripts/CMakeFiles/scripts.dir/Northrend/DraktharonKeep/boss_dred.cpp.o
#25 240.9 [904/1834] Building CXX object src/server/scripts/CMakeFiles/scripts.dir/Northrend/DraktharonKeep/boss_novos.cpp.o
#25 241.1 [905/1834] Building CXX object src/server/scripts/CMakeFiles/scripts.dir/Northrend/FrozenHalls/ForgeOfSouls/instance_forge_of_souls.cpp.o
#25 241.2 [906/1834] Building CXX object src/server/scripts/CMakeFiles/scripts.dir/Northrend/FrozenHalls/ForgeOfSouls/forge_of_souls.cpp.o
#25 241.2 [907/1834] Building CXX object src/server/scripts/CMakeFiles/scripts.dir/Northrend/DraktharonKeep/instance_drak_tharon_keep.cpp.o
#25 241.4 [908/1834] Building CXX object src/server/scripts/CMakeFiles/scripts.dir/Northrend/FrozenHalls/ForgeOfSouls/boss_bronjahm.cpp.o
#25 241.5 [909/1834] Building CXX object src/server/scripts/CMakeFiles/scripts.dir/Northrend/FrozenHalls/HallsOfReflection/boss_marwyn.cpp.o
#25 242.3 [910/1834] Building CXX object src/server/scripts/CMakeFiles/scripts.dir/Northrend/FrozenHalls/PitOfSaron/boss_scourgelord_tyrannus.cpp.o
#25 242.6 [911/1834] Building CXX object src/server/scripts/CMakeFiles/scripts.dir/Northrend/FrozenHalls/PitOfSaron/instance_pit_of_saron.cpp.o
#25 242.9 [912/1834] Building CXX object src/server/scripts/CMakeFiles/scripts.dir/Northrend/FrozenHalls/PitOfSaron/boss_forgemaster_garfrost.cpp.o
#25 243.0 [913/1834] Building CXX object src/server/scripts/CMakeFiles/scripts.dir/Northrend/Gundrak/boss_eck.cpp.o
#25 243.2 [914/1834] Building CXX object src/server/scripts/CMakeFiles/scripts.dir/Northrend/FrozenHalls/PitOfSaron/boss_krickandick.cpp.o
#25 243.4 [915/1834] Building CXX object src/server/scripts/CMakeFiles/scripts.dir/Northrend/FrozenHalls/HallsOfReflection/instance_halls_of_reflection.cpp.o
#25 243.4 [916/1834] Building CXX object src/server/scripts/CMakeFiles/scripts.dir/Northrend/FrozenHalls/HallsOfReflection/halls_of_reflection.cpp.o
#25 243.7 [917/1834] Building CXX object src/server/scripts/CMakeFiles/scripts.dir/Northrend/Gundrak/boss_moorabi.cpp.o
#25 243.7 [918/1834] Building CXX object src/server/scripts/CMakeFiles/scripts.dir/Northrend/Gundrak/boss_drakkari_colossus.cpp.o
#25 243.9 [919/1834] Building CXX object src/server/scripts/CMakeFiles/scripts.dir/Northrend/Gundrak/boss_gal_darah.cpp.o
#25 244.1 [920/1834] Building CXX object src/server/scripts/CMakeFiles/scripts.dir/Northrend/Gundrak/boss_slad_ran.cpp.o
#25 244.4 [921/1834] Building CXX object src/server/scripts/CMakeFiles/scripts.dir/Northrend/Gundrak/instance_gundrak.cpp.o
#25 246.0 [922/1834] Building CXX object src/server/scripts/CMakeFiles/scripts.dir/Northrend/IcecrownCitadel/boss_deathbringer_saurfang.cpp.o
#25 246.2 [923/1834] Building CXX object src/server/scripts/CMakeFiles/scripts.dir/Northrend/FrozenHalls/PitOfSaron/pit_of_saron.cpp.o
#25 246.2 [924/1834] Building CXX object src/server/scripts/CMakeFiles/scripts.dir/Northrend/IcecrownCitadel/boss_festergut.cpp.o
#25 246.3 [925/1834] Building CXX object src/server/scripts/CMakeFiles/scripts.dir/Northrend/IcecrownCitadel/boss_blood_queen_lana_thel.cpp.o
#25 246.4 [926/1834] Building CXX object src/server/scripts/CMakeFiles/scripts.dir/Northrend/IcecrownCitadel/boss_blood_prince_council.cpp.o
#25 246.5 [927/1834] Building CXX object src/server/scripts/CMakeFiles/scripts.dir/Northrend/IcecrownCitadel/icecrown_citadel_teleport.cpp.o
#25 248.0 [928/1834] Building CXX object src/server/scripts/CMakeFiles/scripts.dir/Northrend/IcecrownCitadel/boss_lady_deathwhisper.cpp.o
#25 248.2 [929/1834] Building CXX object src/server/scripts/CMakeFiles/scripts.dir/Northrend/IcecrownCitadel/boss_rotface.cpp.o
#25 248.3 [930/1834] Building CXX object src/server/scripts/CMakeFiles/scripts.dir/Northrend/IcecrownCitadel/boss_lord_marrowgar.cpp.o
#25 248.6 [931/1834] Building CXX object src/server/scripts/CMakeFiles/scripts.dir/Northrend/IcecrownCitadel/boss_professor_putricide.cpp.o
#25 248.8 [932/1834] Building CXX object src/server/scripts/CMakeFiles/scripts.dir/Northrend/Naxxramas/boss_anubrekhan.cpp.o
#25 249.1 [933/1834] Building CXX object src/server/scripts/CMakeFiles/scripts.dir/Northrend/IcecrownCitadel/boss_sindragosa.cpp.o
#25 249.2 [934/1834] Building CXX object src/server/scripts/CMakeFiles/scripts.dir/Northrend/IcecrownCitadel/boss_valithria_dreamwalker.cpp.o
#25 249.3 [935/1834] Building CXX object src/server/scripts/CMakeFiles/scripts.dir/Northrend/Naxxramas/boss_faerlina.cpp.o
#25 249.4 [936/1834] Building CXX object src/server/scripts/CMakeFiles/scripts.dir/Northrend/Naxxramas/boss_gluth.cpp.o
#25 249.6 [937/1834] Building CXX object src/server/scripts/CMakeFiles/scripts.dir/Northrend/IcecrownCitadel/boss_icecrown_gunship_battle.cpp.o
#25 249.9 [938/1834] Building CXX object src/server/scripts/CMakeFiles/scripts.dir/Northrend/Naxxramas/boss_four_horsemen.cpp.o
#25 250.2 [939/1834] Building CXX object src/server/scripts/CMakeFiles/scripts.dir/Northrend/IcecrownCitadel/instance_icecrown_citadel.cpp.o
#25 250.3 [940/1834] Building CXX object src/server/scripts/CMakeFiles/scripts.dir/Northrend/Naxxramas/boss_loatheb.cpp.o
#25 250.4 [941/1834] Building CXX object src/server/scripts/CMakeFiles/scripts.dir/Northrend/Naxxramas/boss_gothik.cpp.o
#25 250.6 [942/1834] Building CXX object src/server/scripts/CMakeFiles/scripts.dir/Northrend/Naxxramas/boss_noth.cpp.o
#25 250.6 [943/1834] Building CXX object src/server/scripts/CMakeFiles/scripts.dir/Northrend/Naxxramas/boss_grobbulus.cpp.o
#25 250.7 [944/1834] Building CXX object src/server/scripts/CMakeFiles/scripts.dir/Northrend/Naxxramas/boss_heigan.cpp.o
#25 252.0 [945/1834] Building CXX object src/server/scripts/CMakeFiles/scripts.dir/Northrend/Naxxramas/boss_patchwerk.cpp.o
#25 252.0 [946/1834] Building CXX object src/server/scripts/CMakeFiles/scripts.dir/Northrend/Naxxramas/boss_maexxna.cpp.o
#25 252.1 [947/1834] Building CXX object src/server/scripts/CMakeFiles/scripts.dir/Northrend/Nexus/Nexus/boss_anomalus.cpp.o
#25 252.2 [948/1834] Building CXX object src/server/scripts/CMakeFiles/scripts.dir/Northrend/Naxxramas/boss_kelthuzad.cpp.o
#25 252.3 [949/1834] Building CXX object src/server/scripts/CMakeFiles/scripts.dir/Northrend/Naxxramas/boss_razuvious.cpp.o
#25 252.5 [950/1834] Building CXX object src/server/scripts/CMakeFiles/scripts.dir/Northrend/Nexus/Nexus/boss_ormorok.cpp.o
#25 252.6 [951/1834] Building CXX object src/server/scripts/CMakeFiles/scripts.dir/Northrend/Nexus/Nexus/boss_commander_stoutbeard_kolurg.cpp.o
#25 252.7 [952/1834] Building CXX object src/server/scripts/CMakeFiles/scripts.dir/Northrend/Naxxramas/boss_sapphiron.cpp.o
#25 252.7 [953/1834] Building CXX object src/server/scripts/CMakeFiles/scripts.dir/Northrend/Nexus/Nexus/boss_keristrasza.cpp.o
#25 253.1 [954/1834] Building CXX object src/server/scripts/CMakeFiles/scripts.dir/Northrend/Naxxramas/instance_naxxramas.cpp.o
#25 253.1 [955/1834] Building CXX object src/server/scripts/CMakeFiles/scripts.dir/Northrend/Naxxramas/boss_thaddius.cpp.o
#25 253.1 [956/1834] Building CXX object src/server/scripts/CMakeFiles/scripts.dir/Northrend/IcecrownCitadel/boss_the_lich_king.cpp.o
#25 253.5 [957/1834] Building CXX object src/server/scripts/CMakeFiles/scripts.dir/Northrend/Nexus/EyeOfEternity/instance_eye_of_eternity.cpp.o
#25 254.0 [958/1834] Building CXX object src/server/scripts/CMakeFiles/scripts.dir/Northrend/Nexus/Oculus/boss_drakos.cpp.o
#25 254.0 [959/1834] Building CXX object src/server/scripts/CMakeFiles/scripts.dir/Northrend/Nexus/Oculus/boss_urom.cpp.o
#25 254.1 [960/1834] Building CXX object src/server/scripts/CMakeFiles/scripts.dir/Northrend/Nexus/Oculus/boss_eregos.cpp.o
#25 254.3 [961/1834] Building CXX object src/server/scripts/CMakeFiles/scripts.dir/Northrend/Nexus/Oculus/boss_varos.cpp.o
#25 254.4 [962/1834] Building CXX object src/server/scripts/CMakeFiles/scripts.dir/Northrend/Nexus/Nexus/boss_magus_telestra.cpp.o
#25 255.3 [963/1834] Building CXX object src/server/scripts/CMakeFiles/scripts.dir/Northrend/IcecrownCitadel/icecrown_citadel.cpp.o
#25 255.5 [964/1834] Building CXX object src/server/scripts/CMakeFiles/scripts.dir/Northrend/Ulduar/HallsOfLightning/boss_volkhan.cpp.o
#25 255.6 [965/1834] Building CXX object src/server/scripts/CMakeFiles/scripts.dir/Northrend/Nexus/Nexus/instance_nexus.cpp.o
#25 255.8 [966/1834] Building CXX object src/server/scripts/CMakeFiles/scripts.dir/Northrend/Ulduar/HallsOfLightning/boss_loken.cpp.o
#25 255.8 [967/1834] Building CXX object src/server/scripts/CMakeFiles/scripts.dir/Northrend/Nexus/Oculus/instance_oculus.cpp.o
#25 256.0 [968/1834] Building CXX object src/server/scripts/CMakeFiles/scripts.dir/Northrend/Ulduar/HallsOfLightning/boss_bjarngrim.cpp.o
#25 256.0 [969/1834] Building CXX object src/server/scripts/CMakeFiles/scripts.dir/Northrend/Nexus/EyeOfEternity/boss_malygos.cpp.o
#25 256.0 [970/1834] Building CXX object src/server/scripts/CMakeFiles/scripts.dir/Northrend/Ulduar/HallsOfLightning/instance_halls_of_lightning.cpp.o
#25 256.0 [971/1834] Building CXX object src/server/scripts/CMakeFiles/scripts.dir/Northrend/Ulduar/HallsOfStone/boss_krystallus.cpp.o
#25 256.2 [972/1834] Building CXX object src/server/scripts/CMakeFiles/scripts.dir/Northrend/Ulduar/HallsOfStone/boss_maiden_of_grief.cpp.o
#25 256.3 [973/1834] Building CXX object src/server/scripts/CMakeFiles/scripts.dir/Northrend/Ulduar/HallsOfLightning/boss_ionar.cpp.o
#25 256.4 [974/1834] Building CXX object src/server/scripts/CMakeFiles/scripts.dir/Northrend/Nexus/Oculus/oculus.cpp.o
#25 256.8 [975/1834] Building CXX object src/server/scripts/CMakeFiles/scripts.dir/Northrend/Ulduar/HallsOfStone/instance_halls_of_stone.cpp.o
#25 257.5 [976/1834] Building CXX object src/server/scripts/CMakeFiles/scripts.dir/Northrend/Ulduar/HallsOfStone/boss_sjonnir.cpp.o
#25 258.8 [977/1834] Building CXX object src/server/scripts/CMakeFiles/scripts.dir/Northrend/Ulduar/Ulduar/boss_assembly_of_iron.cpp.o
#25 259.2 [978/1834] Building CXX object src/server/scripts/CMakeFiles/scripts.dir/Northrend/Ulduar/Ulduar/boss_auriaya.cpp.o
#25 259.5 [979/1834] Building CXX object src/server/scripts/CMakeFiles/scripts.dir/Northrend/Ulduar/HallsOfStone/brann_bronzebeard.cpp.o
#25 259.6 [980/1834] Building CXX object src/server/scripts/CMakeFiles/scripts.dir/Northrend/Ulduar/Ulduar/boss_general_vezax.cpp.o
#25 259.9 [981/1834] Building CXX object src/server/scripts/CMakeFiles/scripts.dir/Northrend/Ulduar/Ulduar/boss_freya.cpp.o
#25 260.1 [982/1834] Building CXX object src/server/scripts/CMakeFiles/scripts.dir/Northrend/Ulduar/Ulduar/boss_ignis.cpp.o
#25 260.1 [983/1834] Building CXX object src/server/scripts/CMakeFiles/scripts.dir/Northrend/Ulduar/Ulduar/boss_algalon_the_observer.cpp.o
#25 260.8 [984/1834] Building CXX object src/server/scripts/CMakeFiles/scripts.dir/Northrend/Ulduar/Ulduar/boss_hodir.cpp.o
#25 260.9 [985/1834] Building CXX object src/server/scripts/CMakeFiles/scripts.dir/Northrend/Ulduar/Ulduar/boss_kologarn.cpp.o
#25 261.5 [986/1834] Building CXX object src/server/scripts/CMakeFiles/scripts.dir/Northrend/UtgardeKeep/UtgardeKeep/boss_skarvald_dalronn.cpp.o
#25 261.6 [987/1834] Building CXX object src/server/scripts/CMakeFiles/scripts.dir/Northrend/Ulduar/Ulduar/boss_flame_leviathan.cpp.o
#25 261.7 [988/1834] Building CXX object src/server/scripts/CMakeFiles/scripts.dir/Northrend/Ulduar/Ulduar/boss_razorscale.cpp.o
#25 261.8 [989/1834] Building CXX object src/server/scripts/CMakeFiles/scripts.dir/Northrend/UtgardeKeep/UtgardeKeep/boss_ingvar_the_plunderer.cpp.o
#25 262.0 [990/1834] Building CXX object src/server/scripts/CMakeFiles/scripts.dir/Northrend/Ulduar/Ulduar/boss_mimiron.cpp.o
#25 262.2 [991/1834] Building CXX object src/server/scripts/CMakeFiles/scripts.dir/Northrend/Ulduar/Ulduar/boss_thorim.cpp.o
#25 262.4 [992/1834] Building CXX object src/server/scripts/CMakeFiles/scripts.dir/Northrend/UtgardeKeep/UtgardePinnacle/boss_palehoof.cpp.o
#25 262.5 [993/1834] Building CXX object src/server/scripts/CMakeFiles/scripts.dir/Northrend/UtgardeKeep/UtgardeKeep/instance_utgarde_keep.cpp.o
#25 262.6 [994/1834] Building CXX object src/server/scripts/CMakeFiles/scripts.dir/Northrend/UtgardeKeep/UtgardeKeep/boss_keleseth.cpp.o
#25 262.7 [995/1834] Building CXX object src/server/scripts/CMakeFiles/scripts.dir/Northrend/Ulduar/Ulduar/boss_xt002.cpp.o
#25 263.0 [996/1834] Building CXX object src/server/scripts/CMakeFiles/scripts.dir/Northrend/Ulduar/Ulduar/instance_ulduar.cpp.o
#25 263.0 [997/1834] Building CXX object src/server/scripts/CMakeFiles/scripts.dir/Northrend/Ulduar/Ulduar/ulduar.cpp.o
#25 263.4 [998/1834] Building CXX object src/server/scripts/CMakeFiles/scripts.dir/Northrend/UtgardeKeep/UtgardeKeep/utgarde_keep.cpp.o
#25 263.6 [999/1834] Building CXX object src/server/scripts/CMakeFiles/scripts.dir/Northrend/UtgardeKeep/UtgardePinnacle/boss_ymiron.cpp.o
#25 263.9 [1000/1834] Building CXX object src/server/scripts/CMakeFiles/scripts.dir/Northrend/Ulduar/Ulduar/boss_yoggsaron.cpp.o
#25 263.9 [1001/1834] Building CXX object src/server/scripts/CMakeFiles/scripts.dir/Northrend/UtgardeKeep/UtgardePinnacle/utgarde_pinnacle.cpp.o
#25 264.2 [1002/1834] Building CXX object src/server/scripts/CMakeFiles/scripts.dir/Northrend/UtgardeKeep/UtgardePinnacle/instance_utgarde_pinnacle.cpp.o
#25 264.3 [1003/1834] Building CXX object src/server/scripts/CMakeFiles/scripts.dir/Northrend/VaultOfArchavon/boss_toravon.cpp.o
#25 264.4 [1004/1834] Building CXX object src/server/scripts/CMakeFiles/scripts.dir/Northrend/VioletHold/boss_cyanigosa.cpp.o
#25 264.7 [1005/1834] Building CXX object src/server/scripts/CMakeFiles/scripts.dir/Northrend/VaultOfArchavon/boss_archavon.cpp.o
#25 264.8 [1006/1834] Building CXX object src/server/scripts/CMakeFiles/scripts.dir/Northrend/VioletHold/boss_erekem.cpp.o
#25 265.0 [1007/1834] Building CXX object src/server/scripts/CMakeFiles/scripts.dir/Northrend/UtgardeKeep/UtgardePinnacle/boss_skadi.cpp.o
#25 265.0 [1008/1834] Building CXX object src/server/scripts/CMakeFiles/scripts.dir/Northrend/UtgardeKeep/UtgardePinnacle/boss_svala.cpp.o
#25 265.3 [1009/1834] Building CXX object src/server/scripts/CMakeFiles/scripts.dir/Northrend/VioletHold/boss_ichoron.cpp.o
#25 265.5 [1010/1834] Building CXX object src/server/scripts/CMakeFiles/scripts.dir/Northrend/VioletHold/boss_lavanthor.cpp.o
#25 265.7 [1011/1834] Building CXX object src/server/scripts/CMakeFiles/scripts.dir/Northrend/VaultOfArchavon/instance_vault_of_archavon.cpp.o
#25 265.7 [1012/1834] Building CXX object src/server/scripts/CMakeFiles/scripts.dir/Northrend/VaultOfArchavon/boss_emalon.cpp.o
#25 265.8 [1013/1834] Building CXX object src/server/scripts/CMakeFiles/scripts.dir/Northrend/VioletHold/boss_xevozz.cpp.o
#25 265.9 [1014/1834] Building CXX object src/server/scripts/CMakeFiles/scripts.dir/Northrend/VaultOfArchavon/boss_koralon.cpp.o
#25 266.2 [1015/1834] Building CXX object src/server/scripts/CMakeFiles/scripts.dir/Northrend/VioletHold/boss_moragg.cpp.o
#25 266.3 [1016/1834] Building CXX object src/server/scripts/CMakeFiles/scripts.dir/Northrend/VioletHold/boss_zuramat.cpp.o
#25 266.8 [1017/1834] Building CXX object src/server/scripts/CMakeFiles/scripts.dir/OutdoorPvP/outdoorpvp_script_loader.cpp.o
#25 267.1 [1018/1834] Building CXX object src/server/scripts/CMakeFiles/scripts.dir/OutdoorPvP/OutdoorPvPGH.cpp.o
#25 267.3 [1019/1834] Building CXX object src/server/scripts/CMakeFiles/scripts.dir/Northrend/VioletHold/instance_violet_hold.cpp.o
#25 267.3 [1020/1834] Building CXX object src/server/scripts/CMakeFiles/scripts.dir/Outland/outland_script_loader.cpp.o
#25 267.9 [1021/1834] Building CXX object src/server/scripts/CMakeFiles/scripts.dir/OutdoorPvP/OutdoorPvPEP.cpp.o
#25 268.1 [1022/1834] Building CXX object src/server/scripts/CMakeFiles/scripts.dir/OutdoorPvP/OutdoorPvPHP.cpp.o
#25 268.2 [1023/1834] Building CXX object src/server/scripts/CMakeFiles/scripts.dir/OutdoorPvP/OutdoorPvPZM.cpp.o
#25 268.3 [1024/1834] Building CXX object src/server/scripts/CMakeFiles/scripts.dir/OutdoorPvP/OutdoorPvPTF.cpp.o
#25 268.7 [1025/1834] Building CXX object src/server/scripts/CMakeFiles/scripts.dir/OutdoorPvP/OutdoorPvPSI.cpp.o
#25 268.7 [1026/1834] Building CXX object src/server/scripts/CMakeFiles/scripts.dir/Outland/boss_doomwalker.cpp.o
#25 268.8 [1027/1834] Building CXX object src/server/scripts/CMakeFiles/scripts.dir/Northrend/VioletHold/violet_hold.cpp.o
#25 269.2 [1028/1834] Building CXX object src/server/scripts/CMakeFiles/scripts.dir/Outland/zone_nagrand.cpp.o
#25 269.5 [1029/1834] Building CXX object src/server/scripts/CMakeFiles/scripts.dir/Outland/boss_doomlord_kazzak.cpp.o
#25 269.8 [1030/1834] Building CXX object src/server/scripts/CMakeFiles/scripts.dir/Outland/zone_hellfire_peninsula.cpp.o
#25 270.2 [1031/1834] Building CXX object src/server/scripts/CMakeFiles/scripts.dir/OutdoorPvP/OutdoorPvPNA.cpp.o
#25 270.3 [1032/1834] Building CXX object src/server/scripts/CMakeFiles/scripts.dir/Outland/zone_blades_edge_mountains.cpp.o
#25 270.5 [1033/1834] Building CXX object src/server/scripts/CMakeFiles/scripts.dir/Outland/Auchindoun/AuchenaiCrypts/instance_auchenai_crypts.cpp.o
#25 270.7 [1034/1834] Building CXX object src/server/scripts/CMakeFiles/scripts.dir/Outland/zone_shattrath_city.cpp.o
#25 271.0 [1035/1834] Building CXX object src/server/scripts/CMakeFiles/scripts.dir/Outland/Auchindoun/ManaTombs/instance_mana_tombs.cpp.o
#25 271.2 [1036/1834] Building CXX object src/server/scripts/CMakeFiles/scripts.dir/Outland/Auchindoun/ManaTombs/boss_tavarok.cpp.o
#25 271.2 [1037/1834] Building CXX object src/server/scripts/CMakeFiles/scripts.dir/Outland/Auchindoun/AuchenaiCrypts/boss_exarch_maladaar.cpp.o
#25 271.3 [1038/1834] Building CXX object src/server/scripts/CMakeFiles/scripts.dir/Outland/Auchindoun/ManaTombs/boss_pandemonius.cpp.o
#25 271.4 [1039/1834] Building CXX object src/server/scripts/CMakeFiles/scripts.dir/Outland/Auchindoun/ManaTombs/boss_nexusprince_shaffar.cpp.o
#25 271.4 [1040/1834] Building CXX object src/server/scripts/CMakeFiles/scripts.dir/Outland/zone_netherstorm.cpp.o
#25 271.8 [1041/1834] Building CXX object src/server/scripts/CMakeFiles/scripts.dir/Outland/zone_terokkar_forest.cpp.o
#25 272.0 [1042/1834] Building CXX object src/server/scripts/CMakeFiles/scripts.dir/Outland/Auchindoun/SethekkHalls/boss_darkweaver_syth.cpp.o
#25 272.1 [1043/1834] Building CXX object src/server/scripts/CMakeFiles/scripts.dir/Outland/Auchindoun/AuchenaiCrypts/boss_shirrak_the_dead_watcher.cpp.o
#25 272.4 [1044/1834] Building CXX object src/server/scripts/CMakeFiles/scripts.dir/Outland/Auchindoun/SethekkHalls/instance_sethekk_halls.cpp.o
#25 272.5 [1045/1834] Building CXX object src/server/scripts/CMakeFiles/scripts.dir/Outland/Auchindoun/SethekkHalls/boss_anzu.cpp.o
#25 272.5 [1046/1834] Building CXX object src/server/scripts/CMakeFiles/scripts.dir/Outland/zone_shadowmoon_valley.cpp.o
#25 272.9 [1047/1834] Building CXX object src/server/scripts/CMakeFiles/scripts.dir/Outland/Auchindoun/ShadowLabyrinth/boss_ambassador_hellmaw.cpp.o
#25 273.3 [1048/1834] Building CXX object src/server/scripts/CMakeFiles/scripts.dir/Outland/Auchindoun/ShadowLabyrinth/boss_blackheart_the_inciter.cpp.o
#25 273.3 [1049/1834] Building CXX object src/server/scripts/CMakeFiles/scripts.dir/Outland/Auchindoun/SethekkHalls/boss_talon_king_ikiss.cpp.o
#25 273.7 [1050/1834] Building CXX object src/server/scripts/CMakeFiles/scripts.dir/Outland/Auchindoun/ShadowLabyrinth/boss_grandmaster_vorpil.cpp.o
#25 274.3 [1051/1834] Building CXX object src/server/scripts/CMakeFiles/scripts.dir/Outland/Auchindoun/ShadowLabyrinth/boss_murmur.cpp.o
#25 274.4 [1052/1834] Building CXX object src/server/scripts/CMakeFiles/scripts.dir/Outland/Auchindoun/ShadowLabyrinth/instance_shadow_labyrinth.cpp.o
#25 274.9 [1053/1834] Building CXX object src/server/scripts/CMakeFiles/scripts.dir/Outland/BlackTemple/boss_supremus.cpp.o
#25 274.9 [1054/1834] Building CXX object src/server/scripts/CMakeFiles/scripts.dir/Outland/BlackTemple/boss_bloodboil.cpp.o
#25 275.3 [1055/1834] Building CXX object src/server/scripts/CMakeFiles/scripts.dir/Outland/BlackTemple/boss_warlord_najentus.cpp.o
#25 275.7 [1056/1834] Building CXX object src/server/scripts/CMakeFiles/scripts.dir/Outland/BlackTemple/boss_mother_shahraz.cpp.o
#25 276.4 [1057/1834] Building CXX object src/server/scripts/CMakeFiles/scripts.dir/Outland/BlackTemple/boss_shade_of_akama.cpp.o
#25 276.6 [1058/1834] Building CXX object src/server/scripts/CMakeFiles/scripts.dir/Outland/BlackTemple/boss_teron_gorefiend.cpp.o
#25 276.8 [1059/1834] Building CXX object src/server/scripts/CMakeFiles/scripts.dir/Outland/BlackTemple/boss_illidari_council.cpp.o
#25 277.1 [1060/1834] Building CXX object src/server/scripts/CMakeFiles/scripts.dir/Outland/CoilfangReservoir/SerpentShrine/boss_hydross_the_unstable.cpp.o
#25 277.3 [1061/1834] Building CXX object src/server/scripts/CMakeFiles/scripts.dir/Outland/BlackTemple/instance_black_temple.cpp.o
#25 277.5 [1062/1834] Building CXX object src/server/scripts/CMakeFiles/scripts.dir/Outland/BlackTemple/boss_reliquary_of_souls.cpp.o
#25 277.6 [1063/1834] Building CXX object src/server/scripts/CMakeFiles/scripts.dir/Outland/CoilfangReservoir/SerpentShrine/boss_morogrim_tidewalker.cpp.o
#25 277.9 [1064/1834] Building CXX object src/server/scripts/CMakeFiles/scripts.dir/Outland/CoilfangReservoir/SerpentShrine/boss_lady_vashj.cpp.o
#25 278.1 [1065/1834] Building CXX object src/server/scripts/CMakeFiles/scripts.dir/Outland/CoilfangReservoir/SerpentShrine/boss_fathomlord_karathress.cpp.o
#25 278.3 [1066/1834] Building CXX object src/server/scripts/CMakeFiles/scripts.dir/Outland/CoilfangReservoir/SlavePens/the_slave_pens.cpp.o
#25 278.3 [1067/1834] Building CXX object src/server/scripts/CMakeFiles/scripts.dir/Outland/CoilfangReservoir/SlavePens/boss_mennu_the_betrayer.cpp.o
#25 278.5 [1068/1834] Building CXX object src/server/scripts/CMakeFiles/scripts.dir/Outland/CoilfangReservoir/SerpentShrine/boss_leotheras_the_blind.cpp.o
#25 278.6 [1069/1834] Building CXX object src/server/scripts/CMakeFiles/scripts.dir/Outland/CoilfangReservoir/SlavePens/boss_quagmirran.cpp.o
#25 278.8 [1070/1834] Building CXX object src/server/scripts/CMakeFiles/scripts.dir/Outland/CoilfangReservoir/SerpentShrine/boss_lurker_below.cpp.o
#25 279.2 [1071/1834] Building CXX object src/server/scripts/CMakeFiles/scripts.dir/Outland/CoilfangReservoir/SlavePens/boss_rokmar_the_crackler.cpp.o
#25 279.4 [1072/1834] Building CXX object src/server/scripts/CMakeFiles/scripts.dir/Outland/BlackTemple/boss_illidan.cpp.o
#25 279.4 [1073/1834] Building CXX object src/server/scripts/CMakeFiles/scripts.dir/Outland/CoilfangReservoir/SerpentShrine/instance_serpent_shrine.cpp.o
#25 279.4 [1074/1834] Building CXX object src/server/scripts/CMakeFiles/scripts.dir/Outland/CoilfangReservoir/SlavePens/instance_the_slave_pens.cpp.o
#25 279.6 [1075/1834] Building CXX object src/server/scripts/CMakeFiles/scripts.dir/Outland/CoilfangReservoir/SteamVault/boss_hydromancer_thespia.cpp.o
#25 279.7 [1076/1834] Building CXX object src/server/scripts/CMakeFiles/scripts.dir/Outland/CoilfangReservoir/SteamVault/boss_mekgineer_steamrigger.cpp.o
#25 279.9 [1077/1834] Building CXX object src/server/scripts/CMakeFiles/scripts.dir/Outland/CoilfangReservoir/SteamVault/instance_steam_vault.cpp.o
#25 280.4 [1078/1834] Building CXX object src/server/scripts/CMakeFiles/scripts.dir/Outland/CoilfangReservoir/underbog/boss_ghazan.cpp.o
#25 280.5 [1079/1834] Building CXX object src/server/scripts/CMakeFiles/scripts.dir/Outland/CoilfangReservoir/SlavePens/boss_ahune.cpp.o
#25 281.0 [1080/1834] Building CXX object src/server/scripts/CMakeFiles/scripts.dir/Outland/CoilfangReservoir/underbog/instance_the_underbog.cpp.o
#25 281.1 [1081/1834] Building CXX object src/server/scripts/CMakeFiles/scripts.dir/Outland/CoilfangReservoir/SteamVault/boss_warlord_kalithresh.cpp.o
#25 281.3 [1082/1834] Building CXX object src/server/scripts/CMakeFiles/scripts.dir/Outland/CoilfangReservoir/underbog/boss_swamplord_muselek.cpp.o
#25 281.7 [1083/1834] Building CXX object src/server/scripts/CMakeFiles/scripts.dir/Outland/CoilfangReservoir/underbog/boss_the_black_stalker.cpp.o
#25 281.8 [1084/1834] Building CXX object src/server/scripts/CMakeFiles/scripts.dir/Outland/GruulsLair/instance_gruuls_lair.cpp.o
#25 282.0 [1085/1834] Building CXX object src/server/scripts/CMakeFiles/scripts.dir/Outland/CoilfangReservoir/underbog/underbog.cpp.o
#25 282.0 [1086/1834] Building CXX object src/server/scripts/CMakeFiles/scripts.dir/Outland/HellfireCitadel/BloodFurnace/boss_the_maker.cpp.o
#25 282.4 [1087/1834] Building CXX object src/server/scripts/CMakeFiles/scripts.dir/Outland/CoilfangReservoir/underbog/boss_hungarfen.cpp.o
#25 282.5 [1088/1834] Building CXX object src/server/scripts/CMakeFiles/scripts.dir/Outland/HellfireCitadel/HellfireRamparts/boss_omor_the_unscarred.cpp.o
#25 282.5 [1089/1834] Building CXX object src/server/scripts/CMakeFiles/scripts.dir/Outland/HellfireCitadel/BloodFurnace/boss_broggok.cpp.o
#25 282.7 [1090/1834] Building CXX object src/server/scripts/CMakeFiles/scripts.dir/Outland/HellfireCitadel/BloodFurnace/instance_blood_furnace.cpp.o
#25 282.8 [1091/1834] Building CXX object src/server/scripts/CMakeFiles/scripts.dir/Outland/GruulsLair/boss_gruul.cpp.o
#25 282.9 [1092/1834] Building CXX object src/server/scripts/CMakeFiles/scripts.dir/Outland/HellfireCitadel/BloodFurnace/boss_kelidan_the_breaker.cpp.o
#25 283.4 [1093/1834] Building CXX object src/server/scripts/CMakeFiles/scripts.dir/Outland/GruulsLair/boss_high_king_maulgar.cpp.o
#25 283.4 [1094/1834] Building CXX object src/server/scripts/CMakeFiles/scripts.dir/Outland/HellfireCitadel/HellfireRamparts/instance_hellfire_ramparts.cpp.o
#25 283.9 [1095/1834] Building CXX object src/server/scripts/CMakeFiles/scripts.dir/Outland/HellfireCitadel/HellfireRamparts/boss_watchkeeper_gargolmar.cpp.o
#25 284.1 [1096/1834] Building CXX object src/server/scripts/CMakeFiles/scripts.dir/Outland/HellfireCitadel/HellfireRamparts/boss_vazruden_the_herald.cpp.o
#25 284.9 [1097/1834] Building CXX object src/server/scripts/CMakeFiles/scripts.dir/Outland/HellfireCitadel/MagtheridonsLair/instance_magtheridons_lair.cpp.o
#25 285.2 [1098/1834] Building CXX object src/server/scripts/CMakeFiles/scripts.dir/Outland/HellfireCitadel/ShatteredHalls/boss_nethekurse.cpp.o
#25 285.3 [1099/1834] Building CXX object src/server/scripts/CMakeFiles/scripts.dir/Outland/TempestKeep/Eye/instance_the_eye.cpp.o
#25 285.6 [1100/1834] Building CXX object src/server/scripts/CMakeFiles/scripts.dir/Outland/HellfireCitadel/ShatteredHalls/instance_shattered_halls.cpp.o
#25 285.7 [1101/1834] Building CXX object src/server/scripts/CMakeFiles/scripts.dir/Outland/HellfireCitadel/ShatteredHalls/boss_warchief_kargath_bladefist.cpp.o
#25 285.7 [1102/1834] Building CXX object src/server/scripts/CMakeFiles/scripts.dir/Outland/HellfireCitadel/ShatteredHalls/boss_porung.cpp.o
#25 285.9 [1103/1834] Building CXX object src/server/scripts/CMakeFiles/scripts.dir/Outland/TempestKeep/Mechanar/boss_gatewatcher_ironhand.cpp.o
#25 286.0 [1104/1834] Building CXX object src/server/scripts/CMakeFiles/scripts.dir/Outland/TempestKeep/Mechanar/boss_gatewatcher_gyrokill.cpp.o
#25 286.0 [1105/1834] Building CXX object src/server/scripts/CMakeFiles/scripts.dir/Outland/HellfireCitadel/MagtheridonsLair/boss_magtheridon.cpp.o
#25 286.3 [1106/1834] Building CXX object src/server/scripts/CMakeFiles/scripts.dir/Outland/TempestKeep/Eye/boss_void_reaver.cpp.o
#25 286.4 [1107/1834] Building CXX object src/server/scripts/CMakeFiles/scripts.dir/Outland/HellfireCitadel/ShatteredHalls/boss_warbringer_omrogg.cpp.o
#25 286.5 [1108/1834] Building CXX object src/server/scripts/CMakeFiles/scripts.dir/Outland/TempestKeep/Eye/boss_astromancer.cpp.o
#25 287.4 [1109/1834] Building CXX object src/server/scripts/CMakeFiles/scripts.dir/Outland/TempestKeep/Eye/boss_alar.cpp.o
#25 287.5 [1110/1834] Building CXX object src/server/scripts/CMakeFiles/scripts.dir/Outland/TempestKeep/Mechanar/instance_mechanar.cpp.o
#25 287.6 [1111/1834] Building CXX object src/server/scripts/CMakeFiles/scripts.dir/Outland/TempestKeep/Mechanar/boss_mechano_lord_capacitus.cpp.o
#25 287.7 [1112/1834] Building CXX object src/server/scripts/CMakeFiles/scripts.dir/Outland/TempestKeep/Mechanar/boss_nethermancer_sepethrea.cpp.o
#25 288.0 [1113/1834] Building CXX object src/server/scripts/CMakeFiles/scripts.dir/Outland/TempestKeep/arcatraz/boss_dalliah_the_doomsayer.cpp.o
#25 288.1 [1114/1834] Building CXX object src/server/scripts/CMakeFiles/scripts.dir/Outland/TempestKeep/Mechanar/boss_pathaleon_the_calculator.cpp.o
#25 288.3 [1115/1834] Building CXX object src/server/scripts/CMakeFiles/scripts.dir/Outland/TempestKeep/arcatraz/instance_arcatraz.cpp.o
#25 288.3 [1116/1834] Building CXX object src/server/scripts/CMakeFiles/scripts.dir/Outland/TempestKeep/arcatraz/arcatraz.cpp.o
#25 288.3 [1117/1834] Building CXX object src/server/scripts/CMakeFiles/scripts.dir/Outland/TempestKeep/arcatraz/boss_zereketh_the_unbound.cpp.o
#25 288.6 [1118/1834] Building CXX object src/server/scripts/CMakeFiles/scripts.dir/Outland/TempestKeep/arcatraz/boss_harbinger_skyriss.cpp.o
#25 289.0 [1119/1834] Building CXX object src/server/scripts/CMakeFiles/scripts.dir/Outland/TempestKeep/botanica/boss_high_botanist_freywinn.cpp.o
#25 289.0 [1120/1834] Building CXX object src/server/scripts/CMakeFiles/scripts.dir/Outland/TempestKeep/botanica/boss_laj.cpp.o
#25 289.3 [1121/1834] Building CXX object src/server/scripts/CMakeFiles/scripts.dir/Outland/TempestKeep/botanica/boss_thorngrin_the_tender.cpp.o
#25 289.4 [1122/1834] Building CXX object src/server/scripts/CMakeFiles/scripts.dir/Pet/pets_script_loader.cpp.o
#25 289.7 [1123/1834] Building CXX object src/server/scripts/CMakeFiles/scripts.dir/Outland/TempestKeep/botanica/boss_commander_sarannis.cpp.o
#25 289.8 [1124/1834] Building CXX object src/server/scripts/CMakeFiles/scripts.dir/Pet/pet_priest.cpp.o
#25 290.0 [1125/1834] Building CXX object src/server/scripts/CMakeFiles/scripts.dir/Outland/TempestKeep/arcatraz/boss_wrath_scryer_soccothrates.cpp.o
#25 290.2 [1126/1834] Building CXX object src/server/scripts/CMakeFiles/scripts.dir/Outland/TempestKeep/botanica/boss_warp_splinter.cpp.o
#25 290.2 [1127/1834] Building CXX object src/server/scripts/CMakeFiles/scripts.dir/Pet/pet_shaman.cpp.o
#25 290.7 [1128/1834] Building CXX object src/server/scripts/CMakeFiles/scripts.dir/Outland/TempestKeep/Eye/boss_kaelthas.cpp.o
#25 290.9 [1129/1834] Building CXX object src/server/scripts/CMakeFiles/scripts.dir/Pet/pet_mage.cpp.o
#25 290.9 [1130/1834] Building CXX object src/server/scripts/CMakeFiles/scripts.dir/Pet/pet_dk.cpp.o
#25 291.1 [1131/1834] Building CXX object src/server/scripts/CMakeFiles/scripts.dir/Pet/pet_hunter.cpp.o
#25 291.5 [1132/1834] Building CXX object src/server/scripts/CMakeFiles/scripts.dir/Outland/TempestKeep/botanica/instance_the_botanica.cpp.o
#25 291.5 [1133/1834] Building CXX object src/server/scripts/CMakeFiles/scripts.dir/Pet/pet_generic.cpp.o
#25 292.3 [1134/1834] Building CXX object src/server/scripts/CMakeFiles/scripts.dir/Spells/spells_script_loader.cpp.o
#25 294.3 [1135/1834] Building CXX object src/server/scripts/CMakeFiles/scripts.dir/World/areatrigger_scripts.cpp.o
#25 294.4 [1136/1834] Building CXX object src/server/scripts/CMakeFiles/scripts.dir/World/action_ip_logger.cpp.o
#25 294.9 [1137/1834] Building CXX object src/server/scripts/CMakeFiles/scripts.dir/World/achievement_scripts.cpp.o
#25 295.1 [1138/1834] Building CXX object src/server/scripts/CMakeFiles/scripts.dir/Spells/spell_druid.cpp.o
#25 295.1 [1139/1834] Building CXX object src/server/scripts/CMakeFiles/scripts.dir/Spells/spell_mage.cpp.o
#25 295.1 [1140/1834] Building CXX object src/server/scripts/CMakeFiles/scripts.dir/Spells/spell_rogue.cpp.o
#25 295.6 [1141/1834] Building CXX object src/server/scripts/CMakeFiles/scripts.dir/Spells/spell_priest.cpp.o
#25 295.7 [1142/1834] Building CXX object src/server/scripts/CMakeFiles/scripts.dir/Spells/spell_hunter.cpp.o
#25 295.8 [1143/1834] Building CXX object src/server/scripts/CMakeFiles/scripts.dir/Spells/spell_dk.cpp.o
#25 296.5 [1144/1834] Building CXX object src/server/scripts/CMakeFiles/scripts.dir/Spells/spell_shaman.cpp.o
#25 296.6 [1145/1834] Building CXX object src/server/scripts/CMakeFiles/scripts.dir/Spells/spell_paladin.cpp.o
#25 296.7 [1146/1834] Building CXX object src/server/scripts/CMakeFiles/scripts.dir/World/guards.cpp.o
#25 296.8 [1147/1834] Building CXX object src/server/scripts/CMakeFiles/scripts.dir/Spells/spell_warrior.cpp.o
#25 296.9 [1148/1834] Building CXX object src/server/scripts/CMakeFiles/scripts.dir/Spells/spell_warlock.cpp.o
#25 297.0 [1149/1834] Building CXX object src/server/scripts/CMakeFiles/scripts.dir/World/npc_innkeeper.cpp.o
#25 297.0 [1150/1834] Building CXX object src/server/scripts/CMakeFiles/scripts.dir/World/mob_generic_creature.cpp.o
#25 297.4 [1151/1834] Building CXX object src/server/scripts/CMakeFiles/scripts.dir/Spells/spell_quest.cpp.o
#25 297.7 [1152/1834] Building CXX object src/server/scripts/CMakeFiles/scripts.dir/World/item_scripts.cpp.o
#25 297.8 [1153/1834] Building CXX object src/server/scripts/CMakeFiles/scripts.dir/World/npc_professions.cpp.o
#25 298.0 [1154/1834] Linking CXX executable src/tools/map_extractor
#25 298.0 [1155/1834] Building CXX object src/server/scripts/CMakeFiles/scripts.dir/World/npc_taxi.cpp.o
#25 298.1 [1156/1834] Building CXX object src/server/scripts/CMakeFiles/scripts.dir/World/boss_emerald_dragons.cpp.o
#25 298.1 [1157/1834] Building CXX object src/server/scripts/CMakeFiles/scripts.dir/World/chat_log.cpp.o
#25 298.3 [1158/1834] Building CXX object src/server/scripts/CMakeFiles/scripts.dir/World/go_scripts.cpp.o
#25 298.6 [1159/1834] Building CXX object src/server/scripts/CMakeFiles/scripts.dir/World/player_scripts.cpp.o
#25 298.6 [1160/1834] Building CXX object src/server/scripts/CMakeFiles/scripts.dir/World/suns_reach_reclamation.cpp.o
#25 298.7 [1161/1834] Building CXX object src/server/scripts/CMakeFiles/scripts.dir/World/world_script_loader.cpp.o
#25 299.2 [1162/1834] Building CXX object src/server/scripts/CMakeFiles/scripts.dir/World/server_mail.cpp.o
#25 299.5 [1163/1834] Building CXX object src/tools/CMakeFiles/vmap4_extractor.dir/vmap4_extractor/dbcfile.cpp.o
#25 299.9 [1164/1834] Building CXX object src/server/scripts/CMakeFiles/scripts.dir/World/transport_zeppelins.cpp.o
#25 300.2 [1165/1834] Building CXX object src/tools/CMakeFiles/vmap4_extractor.dir/vmap4_extractor/mpq_libmpq.cpp.o
#25 300.7 [1166/1834] Building CXX object src/tools/CMakeFiles/vmap4_extractor.dir/vmap4_extractor/gameobject_extract.cpp.o
#25 300.8 [1167/1834] Building CXX object src/tools/CMakeFiles/vmap4_assembler.dir/vmap4_assembler/VMapAssembler.cpp.o
#25 301.0 [1168/1834] Building CXX object src/server/scripts/CMakeFiles/scripts.dir/World/npc_stave_of_ancients.cpp.o
#25 301.1 [1169/1834] Building CXX object src/tools/CMakeFiles/vmap4_extractor.dir/vmap4_extractor/adtfile.cpp.o
#25 301.2 [1170/1834] Linking CXX executable src/tools/vmap4_assembler
#25 301.4 [1171/1834] Building CXX object modules/CMakeFiles/modules.dir/gen_scriptloader/static/ModulesLoader.cpp.o
#25 301.4 [1172/1834] Building CXX object src/tools/CMakeFiles/vmap4_extractor.dir/vmap4_extractor/model.cpp.o
#25 301.6 [1173/1834] Building CXX object src/server/scripts/CMakeFiles/scripts.dir/Spells/spell_item.cpp.o
#25 302.0 [1174/1834] Building CXX object src/tools/CMakeFiles/vmap4_extractor.dir/vmap4_extractor/wdtfile.cpp.o
#25 302.0 [1175/1834] Building CXX object src/server/scripts/CMakeFiles/scripts.dir/World/scourge_invasion.cpp.o
#25 302.6 [1176/1834] Building CXX object src/server/scripts/CMakeFiles/scripts.dir/Spells/spell_generic.cpp.o
#25 302.8 [1177/1834] Building CXX object src/tools/CMakeFiles/vmap4_extractor.dir/vmap4_extractor/vmapexport.cpp.o
#25 303.0 [1178/1834] Building CXX object src/tools/CMakeFiles/vmap4_extractor.dir/vmap4_extractor/wmo.cpp.o
#25 303.4 [1179/1834] Linking CXX executable src/tools/vmap4_extractor
#25 303.5 [1180/1834] Building CXX object src/server/scripts/CMakeFiles/scripts.dir/World/npcs_special.cpp.o
#25 307.1 [1181/1834] Building CXX object src/tools/CMakeFiles/mmaps_generator.dir/mmaps_generator/PathGenerator.cpp.o
#25 307.1 [1182/1834] Building CXX object src/tools/CMakeFiles/mmaps_generator.dir/mmaps_generator/TerrainBuilder.cpp.o
#25 307.3 [1183/1834] Building CXX object src/tools/CMakeFiles/mmaps_generator.dir/mmaps_generator/MapBuilder.cpp.o
#25 307.8 [1184/1834] Linking CXX executable src/tools/mmaps_generator
#25 308.6 [1185/1834] Linking CXX static library src/server/scripts/libscripts.a
[driver] still running; 5s since the last output
#25 316.7 [1186/1834] Building CXX object modules/CMakeFiles/modules.dir/mod-playerbots/src/Ai/Base/Actions/AcceptBattlegroundInvitationAction.cpp.o
#25 318.3 [1187/1834] Building CXX object modules/CMakeFiles/modules.dir/mod-playerbots/src/Ai/Base/Actions/AcceptDuelAction.cpp.o
#25 319.9 [1188/1834] Building CXX object modules/CMakeFiles/modules.dir/mod-playerbots/src/Ai/Base/Actions/ArenaTeamActions.cpp.o
#25 320.0 [1189/1834] Building CXX object modules/CMakeFiles/modules.dir/mod-playerbots/src/Ai/Base/Actions/AcceptInvitationAction.cpp.o
#25 320.2 [1190/1834] Building CXX object modules/CMakeFiles/modules.dir/mod-playerbots/src/Ai/Base/Actions/AddLootAction.cpp.o
#25 320.3 [1191/1834] Building CXX object modules/CMakeFiles/modules.dir/mod-playerbots/src/Ai/Base/Actions/AcceptResurrectAction.cpp.o
#25 320.4 [1192/1834] Building CXX object modules/CMakeFiles/modules.dir/mod-playerbots/src/Ai/Base/Actions/AcceptQuestAction.cpp.o
#25 321.0 [1193/1834] Building CXX object modules/CMakeFiles/modules.dir/mod-playerbots/src/Ai/Base/Actions/AreaTriggerAction.cpp.o
#25 321.0 [1194/1834] Building CXX object modules/CMakeFiles/modules.dir/mod-playerbots/src/Ai/Base/Actions/AttackAction.cpp.o
#25 321.4 [1195/1834] Building CXX object modules/CMakeFiles/modules.dir/mod-playerbots/src/Ai/Base/Actions/AutoMaintenanceOnLevelupAction.cpp.o
#25 321.5 [1196/1834] Building CXX object modules/CMakeFiles/modules.dir/mod-playerbots/src/Ai/Base/Actions/BankAction.cpp.o
#25 325.0 [1197/1834] Building CXX object modules/CMakeFiles/modules.dir/mod-playerbots/src/Ai/Base/Actions/BossAuraActions.cpp.o
#25 326.0 [1198/1834] Building CXX object modules/CMakeFiles/modules.dir/mod-playerbots/src/Ai/Base/Actions/BuffAction.cpp.o
#25 329.3 [1199/1834] Building CXX object modules/CMakeFiles/modules.dir/mod-playerbots/src/Ai/Base/Actions/BattleGroundJoinAction.cpp.o
#25 330.5 [1200/1834] Building CXX object modules/CMakeFiles/modules.dir/mod-playerbots/src/PlayerbotAIConfig.cpp.o
#25 333.1 [1201/1834] Building CXX object modules/CMakeFiles/modules.dir/mod-playerbots/src/Ai/Base/Actions/CancelChannelAction.cpp.o
#25 334.1 [1202/1834] Building CXX object modules/CMakeFiles/modules.dir/mod-playerbots/src/Ai/Base/Actions/BattleGroundTactics.cpp.o
#25 336.2 [1203/1834] Building CXX object modules/CMakeFiles/modules.dir/mod-playerbots/src/Ai/Base/Actions/BuyAction.cpp.o
#25 338.4 [1204/1834] Building CXX object modules/CMakeFiles/modules.dir/mod-playerbots/src/Ai/Base/Actions/CheckMailAction.cpp.o
#25 338.6 [1205/1834] Building CXX object modules/CMakeFiles/modules.dir/mod-playerbots/src/Ai/Base/Actions/ChatShortcutActions.cpp.o
#25 338.8 [1206/1834] Building CXX object modules/CMakeFiles/modules.dir/mod-playerbots/src/Ai/Base/Actions/ChangeChatAction.cpp.o
#25 339.2 [1207/1834] Building CXX object modules/CMakeFiles/modules.dir/mod-playerbots/src/Ai/Base/Actions/CastCustomSpellAction.cpp.o
#25 339.4 [1208/1834] Building CXX object modules/CMakeFiles/modules.dir/mod-playerbots/src/Ai/Base/Actions/ChangeStrategyAction.cpp.o
#25 339.4 [1209/1834] Building CXX object modules/CMakeFiles/modules.dir/mod-playerbots/src/Ai/Base/Actions/CheatAction.cpp.o
#25 339.5 [1210/1834] Building CXX object modules/CMakeFiles/modules.dir/mod-playerbots/src/Ai/Base/Actions/CheckValuesAction.cpp.o
#25 340.4 [1211/1834] Building CXX object modules/CMakeFiles/modules.dir/mod-playerbots/src/Ai/Base/Actions/ChangeTalentsAction.cpp.o
#25 344.6 [1212/1834] Building CXX object modules/CMakeFiles/modules.dir/mod-playerbots/src/Ai/Base/Actions/CheckMountStateAction.cpp.o
#25 345.3 [1213/1834] Building CXX object modules/CMakeFiles/modules.dir/mod-playerbots/src/Ai/Base/Actions/ChooseTargetActions.cpp.o
#25 345.4 [1214/1834] Building CXX object modules/CMakeFiles/modules.dir/mod-playerbots/src/Ai/Base/Actions/ChooseRpgTargetAction.cpp.o
#25 348.9 [1215/1834] Building CXX object modules/CMakeFiles/modules.dir/mod-playerbots/src/Ai/Base/Actions/CombatActions.cpp.o
#25 350.3 [1216/1834] Building CXX object modules/CMakeFiles/modules.dir/mod-playerbots/src/Ai/Base/Actions/ChooseTravelTargetAction.cpp.o
#25 350.7 [1217/1834] Building CXX object modules/CMakeFiles/modules.dir/mod-playerbots/src/Ai/Base/Actions/CustomStrategyEditAction.cpp.o
#25 352.4 [1218/1834] Building CXX object modules/CMakeFiles/modules.dir/mod-playerbots/src/Ai/Base/Actions/DelayAction.cpp.o
#25 354.1 [1219/1834] Building CXX object modules/CMakeFiles/modules.dir/mod-playerbots/src/Ai/Base/Actions/DebugAction.cpp.o
#25 356.8 [1220/1834] Building CXX object modules/CMakeFiles/modules.dir/mod-playerbots/src/Ai/Base/Actions/DestroyItemAction.cpp.o
#25 357.7 [1221/1834] Building CXX object modules/CMakeFiles/modules.dir/mod-playerbots/src/Ai/Base/Actions/FlagAction.cpp.o
#25 357.8 [1222/1834] Building CXX object modules/CMakeFiles/modules.dir/mod-playerbots/src/Ai/Base/Actions/DropQuestAction.cpp.o
#25 359.0 [1223/1834] Building CXX object modules/CMakeFiles/modules.dir/mod-playerbots/src/Ai/Base/Actions/FollowActions.cpp.o
#25 359.1 [1224/1834] Building CXX object modules/CMakeFiles/modules.dir/mod-playerbots/src/Ai/Base/Actions/EquipGlyphsAction.cpp.o
#25 359.4 [1225/1834] Building CXX object modules/CMakeFiles/modules.dir/mod-playerbots/src/Ai/Base/Actions/EquipAction.cpp.o
#25 359.6 [1226/1834] Building CXX object modules/CMakeFiles/modules.dir/mod-playerbots/src/Ai/Base/Actions/EmoteAction.cpp.o
#25 360.2 [1227/1834] Building CXX object modules/CMakeFiles/modules.dir/mod-playerbots/src/Ai/Base/Actions/FishingAction.cpp.o
#25 363.9 [1228/1834] Building CXX object modules/CMakeFiles/modules.dir/mod-playerbots/src/Ai/Base/Actions/GiveItemAction.cpp.o
#25 366.0 [1229/1834] Building CXX object modules/CMakeFiles/modules.dir/mod-playerbots/src/Ai/Base/Actions/GenericSpellActions.cpp.o
#25 366.4 [1230/1834] Building CXX object modules/CMakeFiles/modules.dir/mod-playerbots/src/Ai/Base/Actions/GoAction.cpp.o
#25 367.3 [1231/1834] Building CXX object modules/CMakeFiles/modules.dir/mod-playerbots/src/Ai/Base/Actions/GuildBankAction.cpp.o
#25 368.3 [1232/1834] Building CXX object modules/CMakeFiles/modules.dir/mod-playerbots/src/Ai/Base/Actions/GossipHelloAction.cpp.o
#25 368.7 [1233/1834] Building CXX object modules/CMakeFiles/modules.dir/mod-playerbots/src/Ai/Base/Actions/GreetAction.cpp.o
#25 370.3 [1234/1834] Building CXX object modules/CMakeFiles/modules.dir/mod-playerbots/src/Ai/Base/Actions/GuildAcceptAction.cpp.o
#25 375.7 [1235/1834] Building CXX object modules/CMakeFiles/modules.dir/mod-playerbots/src/Ai/Base/Actions/HireAction.cpp.o
#25 376.2 [1236/1834] Building CXX object modules/CMakeFiles/modules.dir/mod-playerbots/src/Ai/Base/Actions/ImbueAction.cpp.o
#25 376.5 [1237/1834] Building CXX object modules/CMakeFiles/modules.dir/mod-playerbots/src/Ai/Base/Actions/GuildCreateActions.cpp.o
#25 378.1 [1238/1834] Building CXX object modules/CMakeFiles/modules.dir/mod-playerbots/src/Ai/Base/Actions/GuildManagementActions.cpp.o
#25 378.1 [1239/1834] Building CXX object modules/CMakeFiles/modules.dir/mod-playerbots/src/Ai/Base/Actions/HelpAction.cpp.o
#25 378.9 [1240/1834] Building CXX object modules/CMakeFiles/modules.dir/mod-playerbots/src/Ai/Base/Actions/InventoryChangeFailureAction.cpp.o
#25 379.1 [1241/1834] Building CXX object modules/CMakeFiles/modules.dir/mod-playerbots/src/Ai/Base/Actions/InventoryAction.cpp.o
#25 381.4 [1242/1834] Building CXX object modules/CMakeFiles/modules.dir/mod-playerbots/src/Ai/Base/Actions/LeaveGroupAction.cpp.o
#25 382.6 [1243/1834] Building CXX object modules/CMakeFiles/modules.dir/mod-playerbots/src/Ai/Base/Actions/InviteToGroupAction.cpp.o
#25 384.0 [1244/1834] Building CXX object modules/CMakeFiles/modules.dir/mod-playerbots/src/Ai/Base/Actions/LfgActions.cpp.o
#25 384.9 [1245/1834] Building CXX object modules/CMakeFiles/modules.dir/mod-playerbots/src/Ai/Base/Actions/LogLevelAction.cpp.o
#25 385.0 [1246/1834] Building CXX object modules/CMakeFiles/modules.dir/mod-playerbots/src/Ai/Base/Actions/ListQuestsActions.cpp.o
#25 385.6 [1247/1834] Building CXX object modules/CMakeFiles/modules.dir/mod-playerbots/src/Ai/Base/Actions/ListSpellsAction.cpp.o
#25 388.5 [1248/1834] Building CXX object modules/CMakeFiles/modules.dir/mod-playerbots/src/Ai/Base/Actions/LootAction.cpp.o
#25 388.5 [1249/1834] Building CXX object modules/CMakeFiles/modules.dir/mod-playerbots/src/Ai/Base/Actions/LootRollAction.cpp.o
#25 388.8 [1250/1834] Building CXX object modules/CMakeFiles/modules.dir/mod-playerbots/src/Ai/Base/Actions/LootStrategyAction.cpp.o
#25 394.7 [1251/1834] Building CXX object modules/CMakeFiles/modules.dir/mod-playerbots/src/Ai/Base/Actions/OpenItemAction.cpp.o
#25 395.6 [1252/1834] Building CXX object modules/CMakeFiles/modules.dir/mod-playerbots/src/Ai/Base/Actions/MailAction.cpp.o
#25 396.0 [1253/1834] Building CXX object modules/CMakeFiles/modules.dir/mod-playerbots/src/Ai/Base/Actions/MoveToRpgTargetAction.cpp.o
#25 396.2 [1254/1834] Building CXX object modules/CMakeFiles/modules.dir/mod-playerbots/src/Ai/Base/Actions/MoveToTravelTargetAction.cpp.o
#25 396.6 [1255/1834] Building CXX object modules/CMakeFiles/modules.dir/mod-playerbots/src/Ai/Base/Actions/NonCombatActions.cpp.o
#25 400.5 [1256/1834] Building CXX object modules/CMakeFiles/modules.dir/mod-playerbots/src/Ai/Base/Actions/OutfitAction.cpp.o
#25 400.6 [1257/1834] Building CXX object modules/CMakeFiles/modules.dir/mod-playerbots/src/Ai/Base/Actions/MovementActions.cpp.o
#25 401.0 [1258/1834] Building CXX object modules/CMakeFiles/modules.dir/mod-playerbots/src/Ai/Base/Actions/PassLeadershipToMasterAction.cpp.o
#25 401.0 [1259/1834] Building CXX object modules/CMakeFiles/modules.dir/mod-playerbots/src/Ai/Base/Actions/PetitionSignAction.cpp.o
#25 403.8 [1260/1834] Building CXX object modules/CMakeFiles/modules.dir/mod-playerbots/src/Ai/Base/Actions/PositionAction.cpp.o
#25 404.8 [1261/1834] Building CXX object modules/CMakeFiles/modules.dir/mod-playerbots/src/Ai/Base/Actions/QuestConfirmAcceptAction.cpp.o
#25 404.8 [1262/1834] Building CXX object modules/CMakeFiles/modules.dir/mod-playerbots/src/Ai/Base/Actions/QueryQuestAction.cpp.o
#25 406.0 [1263/1834] Building CXX object modules/CMakeFiles/modules.dir/mod-playerbots/src/Ai/Base/Actions/PetsAction.cpp.o
#25 406.1 [1264/1834] Building CXX object modules/CMakeFiles/modules.dir/mod-playerbots/src/Ai/Base/Actions/QueryItemUsageAction.cpp.o
#25 406.4 [1265/1834] Building CXX object modules/CMakeFiles/modules.dir/mod-playerbots/src/Ai/Base/Actions/PullActions.cpp.o
#25 409.1 [1266/1834] Building CXX object modules/CMakeFiles/modules.dir/mod-playerbots/src/Ai/Base/Actions/QuestAction.cpp.o
#25 412.8 [1267/1834] Building CXX object modules/CMakeFiles/modules.dir/mod-playerbots/src/Ai/Base/Actions/RememberTaxiAction.cpp.o
#25 413.6 [1268/1834] Building CXX object modules/CMakeFiles/modules.dir/mod-playerbots/src/Ai/Base/Actions/RangeAction.cpp.o
#25 414.8 [1269/1834] Building CXX object modules/CMakeFiles/modules.dir/mod-playerbots/src/Ai/Base/Actions/ReachTargetActions.cpp.o
#25 414.9 [1270/1834] Building CXX object modules/CMakeFiles/modules.dir/mod-playerbots/src/Ai/Base/Actions/RandomBotUpdateAction.cpp.o
#25 418.2 [1271/1834] Building CXX object modules/CMakeFiles/modules.dir/mod-playerbots/src/Ai/Base/Actions/RemoveAuraAction.cpp.o
#25 418.6 [1272/1834] Building CXX object modules/CMakeFiles/modules.dir/mod-playerbots/src/Ai/Base/Actions/ReleaseSpiritAction.cpp.o
#25 418.9 [1273/1834] Building CXX object modules/CMakeFiles/modules.dir/mod-playerbots/src/Ai/Base/Actions/ResetInstancesAction.cpp.o
#25 419.1 [1274/1834] Building CXX object modules/CMakeFiles/modules.dir/mod-playerbots/src/Ai/Base/Actions/ReadyCheckAction.cpp.o
#25 420.0 [1275/1834] Building CXX object modules/CMakeFiles/modules.dir/mod-playerbots/src/Ai/Base/Actions/RepairAllAction.cpp.o
#25 421.2 [1276/1834] Building CXX object modules/CMakeFiles/modules.dir/mod-playerbots/src/Ai/Base/Actions/ResetAiAction.cpp.o
#25 424.8 [1277/1834] Building CXX object modules/CMakeFiles/modules.dir/mod-playerbots/src/Ai/Base/Actions/RtscAction.cpp.o
#25 424.8 [1278/1834] Building CXX object modules/CMakeFiles/modules.dir/mod-playerbots/src/Ai/Base/Actions/RtiAction.cpp.o
#25 424.9 [1279/1834] Building CXX object modules/CMakeFiles/modules.dir/mod-playerbots/src/Ai/Base/Actions/RewardAction.cpp.o
#25 425.3 [1280/1834] Building CXX object modules/CMakeFiles/modules.dir/mod-playerbots/src/Ai/Base/Actions/ReviveFromCorpseAction.cpp.o
#25 426.1 [1281/1834] Building CXX object modules/CMakeFiles/modules.dir/mod-playerbots/src/Ai/Base/Actions/SaveManaAction.cpp.o
#25 428.2 [1282/1834] Building CXX object modules/CMakeFiles/modules.dir/mod-playerbots/src/Ai/Base/Actions/RevealGatheringItemAction.cpp.o
#25 433.8 [1283/1834] Building CXX object modules/CMakeFiles/modules.dir/mod-playerbots/src/Ai/Base/Actions/SellAction.cpp.o
#25 434.3 [1284/1834] Building CXX object modules/CMakeFiles/modules.dir/mod-playerbots/src/Ai/Base/Actions/SecurityCheckAction.cpp.o
#25 435.6 [1285/1834] Building CXX object modules/CMakeFiles/modules.dir/mod-playerbots/src/Ai/Base/Actions/SeeSpellAction.cpp.o
#25 436.8 [1286/1834] Building CXX object modules/CMakeFiles/modules.dir/mod-playerbots/src/Ai/Base/Actions/SetCraftAction.cpp.o
#25 438.3 [1287/1834] Building CXX object modules/CMakeFiles/modules.dir/mod-playerbots/src/Ai/Base/Actions/SetHomeAction.cpp.o
#25 438.4 [1288/1834] Building CXX object modules/CMakeFiles/modules.dir/mod-playerbots/src/Ai/Base/Actions/SetFocusHealTargetsAction.cpp.o
#25 438.5 [1289/1834] Building CXX object modules/CMakeFiles/modules.dir/mod-playerbots/src/Ai/Base/Actions/ShareQuestAction.cpp.o
#25 439.2 [1290/1834] Building CXX object modules/CMakeFiles/modules.dir/mod-playerbots/src/Ai/Base/Actions/SendMailAction.cpp.o
#25 439.4 [1291/1834] Building CXX object modules/CMakeFiles/modules.dir/mod-playerbots/src/Ai/Base/Actions/StatsAction.cpp.o
#25 440.0 [1292/1834] Building CXX object modules/CMakeFiles/modules.dir/mod-playerbots/src/Ai/Base/Actions/SkipSpellsListAction.cpp.o
#25 444.2 [1293/1834] Building CXX object modules/CMakeFiles/modules.dir/mod-playerbots/src/Ai/Base/Actions/StayActions.cpp.o
#25 446.5 [1294/1834] Building CXX object modules/CMakeFiles/modules.dir/mod-playerbots/src/Ai/Base/Actions/TameAction.cpp.o
#25 446.6 [1295/1834] Building CXX object modules/CMakeFiles/modules.dir/mod-playerbots/src/Ai/Base/Actions/SayAction.cpp.o
#25 447.0 [1296/1834] Building CXX object modules/CMakeFiles/modules.dir/mod-playerbots/src/Ai/Base/Actions/SuggestWhatToDoAction.cpp.o
#25 448.8 [1297/1834] Building CXX object modules/CMakeFiles/modules.dir/mod-playerbots/src/Ai/Base/Actions/TalkToQuestGiverAction.cpp.o
#25 448.9 [1298/1834] Building CXX object modules/CMakeFiles/modules.dir/mod-playerbots/src/Ai/Base/Actions/TaxiAction.cpp.o
#25 451.8 [1299/1834] Building CXX object modules/CMakeFiles/modules.dir/mod-playerbots/src/Ai/Base/Actions/TeleportAction.cpp.o
#25 453.1 [1300/1834] Building CXX object modules/CMakeFiles/modules.dir/mod-playerbots/src/Ai/Base/Actions/TellEmblemsAction.cpp.o
#25 454.0 [1301/1834] Building CXX object modules/CMakeFiles/modules.dir/mod-playerbots/src/Ai/Base/Actions/TellCastFailedAction.cpp.o
#25 454.2 [1302/1834] Building CXX object modules/CMakeFiles/modules.dir/mod-playerbots/src/Ai/Base/Actions/TellGlyphsAction.cpp.o
#25 454.9 [1303/1834] Building CXX object modules/CMakeFiles/modules.dir/mod-playerbots/src/Ai/Base/Actions/TellTargetAction.cpp.o
#25 455.7 [1304/1834] Building CXX object modules/CMakeFiles/modules.dir/mod-playerbots/src/Ai/Base/Actions/TellItemCountAction.cpp.o
#25 456.3 [1305/1834] Building CXX object modules/CMakeFiles/modules.dir/mod-playerbots/src/Ai/Base/Actions/TellReputationAction.cpp.o
#25 458.2 [1306/1834] Building CXX object modules/CMakeFiles/modules.dir/mod-playerbots/src/Ai/Base/Actions/TellMasterAction.cpp.o
#25 458.3 [1307/1834] Building CXX object modules/CMakeFiles/modules.dir/mod-playerbots/src/Ai/Base/Actions/TellLosAction.cpp.o
#25 458.7 [1308/1834] Building CXX object modules/CMakeFiles/modules.dir/mod-playerbots/src/Ai/Base/Actions/TellPvpStatsAction.cpp.o
#25 462.8 [1309/1834] Building CXX object modules/CMakeFiles/modules.dir/mod-playerbots/src/Ai/Base/Actions/TradeAction.cpp.o
#25 462.8 [1310/1834] Building CXX object modules/CMakeFiles/modules.dir/mod-playerbots/src/Ai/Base/Actions/TradeStatusExtendedAction.cpp.o
#25 468.4 [1311/1834] Building CXX object modules/CMakeFiles/modules.dir/mod-playerbots/src/Ai/Base/Actions/TravelAction.cpp.o
#25 468.7 [1312/1834] Building CXX object modules/CMakeFiles/modules.dir/mod-playerbots/src/Ai/Base/Actions/TradeValues.cpp.o
#25 468.7 [1313/1834] Building CXX object modules/CMakeFiles/modules.dir/mod-playerbots/src/Ai/Base/Actions/UnlockItemAction.cpp.o
#25 469.2 [1314/1834] Building CXX object modules/CMakeFiles/modules.dir/mod-playerbots/src/Ai/Base/Actions/UnlockTradedItemAction.cpp.o
#25 469.7 [1315/1834] Building CXX object modules/CMakeFiles/modules.dir/mod-playerbots/src/Ai/Base/Actions/TradeStatusAction.cpp.o
#25 470.2 [1316/1834] Building CXX object modules/CMakeFiles/modules.dir/mod-playerbots/src/Ai/Base/Actions/UnequipAction.cpp.o
#25 471.0 [1317/1834] Building CXX object modules/CMakeFiles/modules.dir/mod-playerbots/src/Ai/Base/Actions/TrainerAction.cpp.o
#25 474.1 [1318/1834] Building CXX object modules/CMakeFiles/modules.dir/mod-playerbots/src/Ai/Base/Actions/WipeAction.cpp.o
#25 474.6 [1319/1834] Building CXX object modules/CMakeFiles/modules.dir/mod-playerbots/src/Ai/Base/Actions/UseMeetingStoneAction.cpp.o
#25 475.0 [1320/1834] Building CXX object modules/CMakeFiles/modules.dir/mod-playerbots/src/Ai/Base/Actions/VehicleActions.cpp.o
#25 475.4 [1321/1834] Building CXX object modules/CMakeFiles/modules.dir/mod-playerbots/src/Ai/Base/Actions/UseItemAction.cpp.o
#25 475.8 [1322/1834] Building CXX object modules/CMakeFiles/modules.dir/mod-playerbots/src/Ai/Base/Actions/WaitForAttackAction.cpp.o
#25 477.6 [1323/1834] Building CXX object modules/CMakeFiles/modules.dir/mod-playerbots/src/Ai/Base/Actions/WhoAction.cpp.o
#25 478.3 [1324/1834] Building CXX object modules/CMakeFiles/modules.dir/mod-playerbots/src/Ai/Base/Strategy/CombatStrategy.cpp.o
#25 479.0 [1325/1834] Building CXX object modules/CMakeFiles/modules.dir/mod-playerbots/src/Ai/Base/Actions/WorldBuffAction.cpp.o
#25 481.2 [1326/1834] Building CXX object modules/CMakeFiles/modules.dir/mod-playerbots/src/Ai/Base/Actions/XpGainAction.cpp.o
#25 481.6 [1327/1834] Building CXX object modules/CMakeFiles/modules.dir/mod-playerbots/src/Ai/Base/Strategy/ChatCommandHandlerStrategy.cpp.o
#25 482.1 [1328/1834] Building CXX object modules/CMakeFiles/modules.dir/mod-playerbots/src/Ai/Base/Actions/WtsAction.cpp.o
#25 483.5 [1329/1834] Building CXX object modules/CMakeFiles/modules.dir/mod-playerbots/src/Ai/Base/Strategy/DuelStrategy.cpp.o
#25 486.2 [1330/1834] Building CXX object modules/CMakeFiles/modules.dir/mod-playerbots/src/Ai/Base/Strategy/AggressiveStrategy.cpp.o
#25 486.5 [1331/1834] Building CXX object modules/CMakeFiles/modules.dir/mod-playerbots/src/Ai/Base/Strategy/FollowMasterStrategy.cpp.o
#25 487.2 [1332/1834] Building CXX object modules/CMakeFiles/modules.dir/mod-playerbots/src/Ai/Base/Strategy/AttackEnemyPlayersStrategy.cpp.o
#25 487.8 [1333/1834] Building CXX object modules/CMakeFiles/modules.dir/mod-playerbots/src/Ai/Base/Strategy/CastTimeStrategy.cpp.o
#25 488.1 [1334/1834] Building CXX object modules/CMakeFiles/modules.dir/mod-playerbots/src/Ai/Base/Strategy/BattlegroundStrategy.cpp.o
#25 489.9 [1335/1834] Building CXX object modules/CMakeFiles/modules.dir/mod-playerbots/src/Ai/Base/Strategy/ConserveManaStrategy.cpp.o
#25 490.1 [1336/1834] Building CXX object modules/CMakeFiles/modules.dir/mod-playerbots/src/Ai/Base/Strategy/GuardStrategy.cpp.o
#25 491.9 [1337/1834] Building CXX object modules/CMakeFiles/modules.dir/mod-playerbots/src/Ai/Base/Strategy/DeadStrategy.cpp.o
#25 492.3 [1338/1834] Building CXX object modules/CMakeFiles/modules.dir/mod-playerbots/src/Ai/Base/Strategy/DpsAssistStrategy.cpp.o
#25 492.4 [1339/1834] Building CXX object modules/CMakeFiles/modules.dir/mod-playerbots/src/Ai/Base/Strategy/DebugStrategy.cpp.o
#25 493.5 [1340/1834] Building CXX object modules/CMakeFiles/modules.dir/mod-playerbots/src/Ai/Base/Strategy/EmoteStrategy.cpp.o
#25 496.1 [1341/1834] Building CXX object modules/CMakeFiles/modules.dir/mod-playerbots/src/Ai/Base/Strategy/FleeStrategy.cpp.o
#25 499.0 [1342/1834] Building CXX object modules/CMakeFiles/modules.dir/mod-playerbots/src/Ai/Base/Strategy/GroupStrategy.cpp.o
#25 499.4 [1343/1834] Building CXX object modules/CMakeFiles/modules.dir/mod-playerbots/src/Ai/Base/Strategy/GrindingStrategy.cpp.o
#25 500.6 [1344/1834] Building CXX object modules/CMakeFiles/modules.dir/mod-playerbots/src/Ai/Base/Strategy/NonCombatStrategy.cpp.o
#25 501.2 [1345/1834] Building CXX object modules/CMakeFiles/modules.dir/mod-playerbots/src/Ai/Base/Strategy/KiteStrategy.cpp.o
#25 501.6 [1346/1834] Building CXX object modules/CMakeFiles/modules.dir/mod-playerbots/src/Ai/Base/Strategy/GuildStrategy.cpp.o
#25 503.8 [1347/1834] Building CXX object modules/CMakeFiles/modules.dir/mod-playerbots/src/Ai/Base/Strategy/LootNonCombatStrategy.cpp.o
#25 503.9 [1348/1834] Building CXX object modules/CMakeFiles/modules.dir/mod-playerbots/src/Ai/Base/Strategy/RTSCStrategy.cpp.o
#25 505.0 [1349/1834] Building CXX object modules/CMakeFiles/modules.dir/mod-playerbots/src/Ai/Base/Strategy/MaintenanceStrategy.cpp.o
#25 505.2 [1350/1834] Building CXX object modules/CMakeFiles/modules.dir/mod-playerbots/src/Ai/Base/Strategy/LfgStrategy.cpp.o
#25 505.4 [1351/1834] Building CXX object modules/CMakeFiles/modules.dir/mod-playerbots/src/Ai/Base/Strategy/MarkRtiStrategy.cpp.o
#25 507.8 [1352/1834] Building CXX object modules/CMakeFiles/modules.dir/mod-playerbots/src/Ai/Base/Strategy/MoveFromGroupStrategy.cpp.o
#25 508.0 [1353/1834] Building CXX object modules/CMakeFiles/modules.dir/mod-playerbots/src/Ai/Base/Strategy/MeleeCombatStrategy.cpp.o
#25 510.0 [1354/1834] Building CXX object modules/CMakeFiles/modules.dir/mod-playerbots/src/Ai/Base/Strategy/PassiveStrategy.cpp.o
#25 511.6 [1355/1834] Building CXX object modules/CMakeFiles/modules.dir/mod-playerbots/src/Ai/Base/Strategy/PullStrategy.cpp.o
#25 512.0 [1356/1834] Building CXX object modules/CMakeFiles/modules.dir/mod-playerbots/src/Ai/Base/Strategy/QuestStrategies.cpp.o
#25 512.1 [1357/1834] Building CXX object modules/CMakeFiles/modules.dir/mod-playerbots/src/Ai/Base/Strategy/PassThroughStrategy.cpp.o
#25 516.7 [1358/1834] Building CXX object modules/CMakeFiles/modules.dir/mod-playerbots/src/Ai/Base/Strategy/RangedCombatStrategy.cpp.o
#25 517.7 [1359/1834] Building CXX object modules/CMakeFiles/modules.dir/mod-playerbots/src/Ai/Base/Strategy/UsePotionsStrategy.cpp.o
#25 518.4 [1360/1834] Building CXX object modules/CMakeFiles/modules.dir/mod-playerbots/src/Ai/Base/Strategy/ReturnStrategy.cpp.o
#25 518.4 [1361/1834] Building CXX object modules/CMakeFiles/modules.dir/mod-playerbots/src/Ai/Base/Strategy/RacialsStrategy.cpp.o
#25 518.8 [1362/1834] Building CXX object modules/CMakeFiles/modules.dir/mod-playerbots/src/Ai/Base/Strategy/RunawayStrategy.cpp.o
#25 521.0 [1363/1834] Building CXX object modules/CMakeFiles/modules.dir/mod-playerbots/src/Ai/Base/Strategy/StayStrategy.cpp.o
#25 521.8 [1364/1834] Building CXX object modules/CMakeFiles/modules.dir/mod-playerbots/src/Ai/Base/Strategy/SayStrategy.cpp.o
#25 521.8 [1365/1834] Building CXX object modules/CMakeFiles/modules.dir/mod-playerbots/src/Ai/Base/Strategy/WorldPacketHandlerStrategy.cpp.o
#25 522.5 [1366/1834] Building CXX object modules/CMakeFiles/modules.dir/mod-playerbots/src/Ai/Base/Strategy/TankAssistStrategy.cpp.o
#25 522.7 [1367/1834] Building CXX object modules/CMakeFiles/modules.dir/mod-playerbots/src/Ai/Base/Strategy/TellTargetStrategy.cpp.o
#25 523.3 [1368/1834] Building CXX object modules/CMakeFiles/modules.dir/mod-playerbots/src/Ai/Base/Strategy/TravelStrategy.cpp.o
#25 523.7 [1369/1834] Building CXX object modules/CMakeFiles/modules.dir/mod-playerbots/src/Ai/Base/Strategy/ThreatStrategy.cpp.o
#25 525.2 [1370/1834] Building CXX object modules/CMakeFiles/modules.dir/mod-playerbots/src/Ai/Base/Strategy/UseFoodStrategy.cpp.o
#25 528.8 [1371/1834] Building CXX object modules/CMakeFiles/modules.dir/mod-playerbots/src/Ai/Base/Strategy/WaitForAttackStrategy.cpp.o
#25 530.2 [1372/1834] Building CXX object modules/CMakeFiles/modules.dir/mod-playerbots/src/Ai/Base/Trigger/ChatCommandTrigger.cpp.o
#25 530.3 [1373/1834] Building CXX object modules/CMakeFiles/modules.dir/mod-playerbots/src/Ai/Base/Trigger/BossAuraTriggers.cpp.o
#25 534.8 [1374/1834] Building CXX object modules/CMakeFiles/modules.dir/mod-playerbots/src/Ai/Base/Trigger/CureTriggers.cpp.o
#25 535.2 [1375/1834] Building CXX object modules/CMakeFiles/modules.dir/mod-playerbots/src/Ai/Base/Trigger/FishingTriggers.cpp.o
#25 537.3 [1376/1834] Building CXX object modules/CMakeFiles/modules.dir/mod-playerbots/src/Ai/Base/Trigger/GuildTriggers.cpp.o
#25 537.3 [1377/1834] Building CXX object modules/CMakeFiles/modules.dir/mod-playerbots/src/Ai/Base/Trigger/HealthTriggers.cpp.o
#25 539.3 [1378/1834] Building CXX object modules/CMakeFiles/modules.dir/mod-playerbots/src/Ai/Base/Trigger/LfgTriggers.cpp.o
#25 539.7 [1379/1834] Building CXX object modules/CMakeFiles/modules.dir/mod-playerbots/src/Ai/Base/Trigger/LootTriggers.cpp.o
#25 540.2 [1380/1834] Building CXX object modules/CMakeFiles/modules.dir/mod-playerbots/src/Ai/Base/Trigger/RangeTriggers.cpp.o
#25 540.6 [1381/1834] Building CXX object modules/CMakeFiles/modules.dir/mod-playerbots/src/Ai/Base/Trigger/GenericTriggers.cpp.o
#25 540.7 [1382/1834] Building CXX object modules/CMakeFiles/modules.dir/mod-playerbots/src/Ai/Base/Trigger/PullTriggers.cpp.o
#25 541.6 [1383/1834] Building CXX object modules/CMakeFiles/modules.dir/mod-playerbots/src/Ai/Base/Trigger/RpgTriggers.cpp.o
#25 542.2 [1384/1834] Building CXX object modules/CMakeFiles/modules.dir/mod-playerbots/src/Ai/Base/Trigger/RtiTriggers.cpp.o
#25 542.4 [1385/1834] Building CXX object modules/CMakeFiles/modules.dir/mod-playerbots/src/Ai/Base/Trigger/PvpTriggers.cpp.o
#25 543.9 [1386/1834] Building CXX object modules/CMakeFiles/modules.dir/mod-playerbots/src/Ai/Base/Trigger/StuckTriggers.cpp.o
#25 547.2 [1387/1834] Building CXX object modules/CMakeFiles/modules.dir/mod-playerbots/src/Ai/Base/Trigger/WithinAreaTrigger.cpp.o
#25 547.2 [1388/1834] Building CXX object modules/CMakeFiles/modules.dir/mod-playerbots/src/Ai/Base/Trigger/TravelTriggers.cpp.o
#25 548.4 [1389/1834] Building CXX object modules/CMakeFiles/modules.dir/mod-playerbots/src/Ai/Base/Trigger/WorldPacketTrigger.cpp.o
#25 552.3 [1390/1834] Building CXX object modules/CMakeFiles/modules.dir/mod-playerbots/src/Ai/Base/Util/GenericBuffUtils.cpp.o
#25 553.0 [1391/1834] Building CXX object modules/CMakeFiles/modules.dir/mod-playerbots/src/Ai/Base/Value/ActiveSpellValue.cpp.o
#25 555.5 [1392/1834] Building CXX object modules/CMakeFiles/modules.dir/mod-playerbots/src/Ai/Base/Value/AggressiveTargetValue.cpp.o
#25 555.6 [1393/1834] Building CXX object modules/CMakeFiles/modules.dir/mod-playerbots/src/Ai/Base/Value/AlwaysLootListValue.cpp.o
#25 556.1 [1394/1834] Building CXX object modules/CMakeFiles/modules.dir/mod-playerbots/src/Ai/Base/Value/Arrow.cpp.o
#25 557.6 [1395/1834] Building CXX object modules/CMakeFiles/modules.dir/mod-playerbots/src/Ai/Base/Value/AoeHealValues.cpp.o
#25 558.1 [1396/1834] Building CXX object modules/CMakeFiles/modules.dir/mod-playerbots/src/Ai/Base/Value/AoeValues.cpp.o
#25 558.3 [1397/1834] Building CXX object modules/CMakeFiles/modules.dir/mod-playerbots/src/Ai/Base/Value/AttackerCountValues.cpp.o
#25 559.1 [1398/1834] Building CXX object modules/CMakeFiles/modules.dir/mod-playerbots/src/Ai/Base/Value/AttackerWithoutAuraTargetValue.cpp.o
#25 559.8 [1399/1834] Building CXX object modules/CMakeFiles/modules.dir/mod-playerbots/src/Ai/Base/Value/CcTargetValue.cpp.o
#25 560.3 [1400/1834] Building CXX object modules/CMakeFiles/modules.dir/mod-playerbots/src/Ai/Base/Value/AvailableLootValue.cpp.o
#25 560.8 [1401/1834] Building CXX object modules/CMakeFiles/modules.dir/mod-playerbots/src/Ai/Base/Value/BudgetValues.cpp.o
#25 561.2 [1402/1834] Building CXX object modules/CMakeFiles/modules.dir/mod-playerbots/src/Ai/Base/Value/AttackersValue.cpp.o
#25 562.3 [1403/1834] Building CXX object modules/CMakeFiles/modules.dir/mod-playerbots/src/Ai/Base/Value/CurrentCcTargetValue.cpp.o
#25 565.5 [1404/1834] Building CXX object modules/CMakeFiles/modules.dir/mod-playerbots/src/Ai/Base/Value/CollisionValue.cpp.o
#25 566.9 [1405/1834] Building CXX object modules/CMakeFiles/modules.dir/mod-playerbots/src/Ai/Base/Value/CurrentTargetValue.cpp.o
#25 572.0 [1406/1834] Building CXX object modules/CMakeFiles/modules.dir/mod-playerbots/src/Ai/Base/Value/DistanceValue.cpp.o
#25 572.3 [1407/1834] Building CXX object modules/CMakeFiles/modules.dir/mod-playerbots/src/Ai/Base/Value/DpsTargetValue.cpp.o
#25 572.7 [1408/1834] Building CXX object modules/CMakeFiles/modules.dir/mod-playerbots/src/Ai/Base/Value/EnemyHealerTargetValue.cpp.o
#25 573.7 [1409/1834] Building CXX object modules/CMakeFiles/modules.dir/mod-playerbots/src/Ai/Base/Value/DuelTargetValue.cpp.o
#25 575.3 [1410/1834] Building CXX object modules/CMakeFiles/modules.dir/mod-playerbots/src/Ai/Base/Value/EnemyPlayerValue.cpp.o
#25 576.1 [1411/1834] Building CXX object modules/CMakeFiles/modules.dir/mod-playerbots/src/Ai/Base/Value/FishValues.cpp.o
#25 576.4 [1412/1834] Building CXX object modules/CMakeFiles/modules.dir/mod-playerbots/src/Ai/Base/Value/EstimatedLifetimeValue.cpp.o
#25 576.5 [1413/1834] Building CXX object modules/CMakeFiles/modules.dir/mod-playerbots/src/Ai/Base/Value/Formations.cpp.o
#25 576.9 [1414/1834] Building CXX object modules/CMakeFiles/modules.dir/mod-playerbots/src/Ai/Base/Value/GrindTargetValue.cpp.o
#25 577.6 [1415/1834] Building CXX object modules/CMakeFiles/modules.dir/mod-playerbots/src/Ai/Base/Value/GroupLeaderValue.cpp.o
#25 578.7 [1416/1834] Building CXX object modules/CMakeFiles/modules.dir/mod-playerbots/src/Ai/Base/Value/HasAvailableLootValue.cpp.o
#25 578.8 [1417/1834] Building CXX object modules/CMakeFiles/modules.dir/mod-playerbots/src/Ai/Base/Value/GuildValues.cpp.o
#25 579.0 [1418/1834] Building CXX object modules/CMakeFiles/modules.dir/mod-playerbots/src/Ai/Base/Value/GroupValues.cpp.o
#25 580.2 [1419/1834] Building CXX object modules/CMakeFiles/modules.dir/mod-playerbots/src/Ai/Base/Value/HasTotemValue.cpp.o
#25 583.4 [1420/1834] Building CXX object modules/CMakeFiles/modules.dir/mod-playerbots/src/Ai/Base/Value/InvalidTargetValue.cpp.o
#25 584.7 [1421/1834] Building CXX object modules/CMakeFiles/modules.dir/mod-playerbots/src/Ai/Base/Value/IsBehindValue.cpp.o
#25 586.6 [1422/1834] Building CXX object modules/CMakeFiles/modules.dir/mod-playerbots/src/Ai/Base/Value/LastMovementValue.cpp.o
#25 589.1 [1423/1834] Building CXX object modules/CMakeFiles/modules.dir/mod-playerbots/src/Ai/Base/Value/ItemCountValue.cpp.o
#25 590.1 [1424/1834] Building CXX object modules/CMakeFiles/modules.dir/mod-playerbots/src/Ai/Base/Value/IsMovingValue.cpp.o
#25 590.3 [1425/1834] Building CXX object modules/CMakeFiles/modules.dir/mod-playerbots/src/Ai/Base/Value/IsFacingValue.cpp.o
#25 591.4 [1426/1834] Building CXX object modules/CMakeFiles/modules.dir/mod-playerbots/src/Ai/Base/Value/ItemForSpellValue.cpp.o
#25 594.8 [1427/1834] Building CXX object modules/CMakeFiles/modules.dir/mod-playerbots/src/Ai/Base/Value/NearestCorpsesValue.cpp.o
#25 594.8 [1428/1834] Building CXX object modules/CMakeFiles/modules.dir/mod-playerbots/src/Ai/Base/Value/ItemUsageValue.cpp.o
#25 595.0 [1429/1834] Building CXX object modules/CMakeFiles/modules.dir/mod-playerbots/src/Ai/Base/Value/LineTargetValue.cpp.o
#25 595.0 [1430/1834] Building CXX object modules/CMakeFiles/modules.dir/mod-playerbots/src/Ai/Base/Value/LootStrategyValue.cpp.o
#25 595.2 [1431/1834] Building CXX object modules/CMakeFiles/modules.dir/mod-playerbots/src/Ai/Base/Value/LeastHpTargetValue.cpp.o
#25 596.6 [1432/1834] Building CXX object modules/CMakeFiles/modules.dir/mod-playerbots/src/Ai/Base/Value/LastSpellCastValue.cpp.o
#25 596.7 [1433/1834] Building CXX object modules/CMakeFiles/modules.dir/mod-playerbots/src/Ai/Base/Value/MaintenanceValues.cpp.o
#25 597.2 [1434/1834] Building CXX object modules/CMakeFiles/modules.dir/mod-playerbots/src/Ai/Base/Value/NearestAdsValue.cpp.o
#25 601.4 [1435/1834] Building CXX object modules/CMakeFiles/modules.dir/mod-playerbots/src/Ai/Base/Value/NearestFriendlyPlayersValue.cpp.o
#25 601.5 [1436/1834] Building CXX object modules/CMakeFiles/modules.dir/mod-playerbots/src/Ai/Base/Value/LootValues.cpp.o
#25 602.7 [1437/1834] Building CXX object modules/CMakeFiles/modules.dir/mod-playerbots/src/Ai/Base/Value/NearestGameObjects.cpp.o
#25 606.5 [1438/1834] Building CXX object modules/CMakeFiles/modules.dir/mod-playerbots/src/Ai/Base/Value/NearestNonBotPlayersValue.cpp.o
#25 607.4 [1439/1834] Building CXX object modules/CMakeFiles/modules.dir/mod-playerbots/src/Ai/Base/Value/NearestUnitsValue.cpp.o
#25 608.5 [1440/1834] Building CXX object modules/CMakeFiles/modules.dir/mod-playerbots/src/Ai/Base/Value/NearestNpcsValue.cpp.o
#25 609.0 [1441/1834] Building CXX object modules/CMakeFiles/modules.dir/mod-playerbots/src/Ai/Base/Value/OutfitListValue.cpp.o
#25 610.6 [1442/1834] Building CXX object modules/CMakeFiles/modules.dir/mod-playerbots/src/Ai/Base/Value/NewPlayerNearbyValue.cpp.o
#25 610.7 [1443/1834] Building CXX object modules/CMakeFiles/modules.dir/mod-playerbots/src/Ai/Base/Value/PartyMemberToDispel.cpp.o
#25 611.6 [1444/1834] Building CXX object modules/CMakeFiles/modules.dir/mod-playerbots/src/Ai/Base/Value/PartyMemberValue.cpp.o
#25 612.7 [1445/1834] Building CXX object modules/CMakeFiles/modules.dir/mod-playerbots/src/Ai/Base/Value/PartyMemberSnaredTargetValue.cpp.o
#25 613.1 [1446/1834] Building CXX object modules/CMakeFiles/modules.dir/mod-playerbots/src/Ai/Base/Value/PartyMemberToResurrect.cpp.o
#25 613.3 [1447/1834] Building CXX object modules/CMakeFiles/modules.dir/mod-playerbots/src/Ai/Base/Value/PartyMemberToHeal.cpp.o
#25 613.8 [1448/1834] Building CXX object modules/CMakeFiles/modules.dir/mod-playerbots/src/Ai/Base/Value/PartyMemberWithoutAuraValue.cpp.o
#25 614.0 [1449/1834] Building CXX object modules/CMakeFiles/modules.dir/mod-playerbots/src/Ai/Base/Value/PartyMemberWithoutItemValue.cpp.o
#25 615.0 [1450/1834] Building CXX object modules/CMakeFiles/modules.dir/mod-playerbots/src/Ai/Base/Value/PetTargetValue.cpp.o
[driver] still running; 5s since the last output
#25 620.8 [1451/1834] Building CXX object modules/CMakeFiles/modules.dir/mod-playerbots/src/Ai/Base/Value/PositionValue.cpp.o
#25 621.8 [1452/1834] Building CXX object modules/CMakeFiles/modules.dir/mod-playerbots/src/Ai/Base/Value/PossibleRpgTargetsValue.cpp.o
#25 622.2 [1453/1834] Building CXX object modules/CMakeFiles/modules.dir/mod-playerbots/src/Ai/Base/Value/PossibleTargetsValue.cpp.o
#25 625.3 [1454/1834] Building CXX object modules/CMakeFiles/modules.dir/mod-playerbots/src/Ai/Base/Value/RTSCValues.cpp.o
#25 626.8 [1455/1834] Building CXX object modules/CMakeFiles/modules.dir/mod-playerbots/src/Ai/Base/Value/RangeValues.cpp.o
#25 627.4 [1456/1834] Building CXX object modules/CMakeFiles/modules.dir/mod-playerbots/src/Ai/Base/Value/PvpValues.cpp.o
#25 628.3 [1457/1834] Building CXX object modules/CMakeFiles/modules.dir/mod-playerbots/src/Ai/Base/Value/SnareTargetValue.cpp.o
#25 628.5 [1458/1834] Building CXX object modules/CMakeFiles/modules.dir/mod-playerbots/src/Ai/Base/Value/SelfTargetValue.cpp.o
#25 630.2 [1459/1834] Building CXX object modules/CMakeFiles/modules.dir/mod-playerbots/src/Ai/Base/Value/StatsValues.cpp.o
#25 630.5 [1460/1834] Building CXX object modules/CMakeFiles/modules.dir/mod-playerbots/src/Ai/Base/Value/RtiValue.cpp.o
#25 630.8 [1461/1834] Building CXX object modules/CMakeFiles/modules.dir/mod-playerbots/src/Ai/Base/Value/SkipSpellsListValue.cpp.o
#25 631.4 [1462/1834] Building CXX object modules/CMakeFiles/modules.dir/mod-playerbots/src/Ai/Base/Value/QuestValues.cpp.o
#25 631.5 [1463/1834] Building CXX object modules/CMakeFiles/modules.dir/mod-playerbots/src/Ai/Base/Value/SpellCastUsefulValue.cpp.o
#25 632.4 [1464/1834] Building CXX object modules/CMakeFiles/modules.dir/mod-playerbots/src/Ai/Base/Value/SpellIdValue.cpp.o
#25 633.0 [1465/1834] Building CXX object modules/CMakeFiles/modules.dir/mod-playerbots/src/Ai/Base/Value/RtiTargetValue.cpp.o
#25 633.3 [1466/1834] Building CXX object modules/CMakeFiles/modules.dir/mod-playerbots/src/Ai/Base/Value/Stances.cpp.o
#25 638.3 [1467/1834] Building CXX object modules/CMakeFiles/modules.dir/mod-playerbots/src/Ai/Class/Dk/Strategy/GenericDKNonCombatStrategy.cpp.o
#25 639.6 [1468/1834] Building CXX object modules/CMakeFiles/modules.dir/mod-playerbots/src/Ai/Base/Value/TankTargetValue.cpp.o
#25 640.4 [1469/1834] Building CXX object modules/CMakeFiles/modules.dir/mod-playerbots/src/Ai/Base/Value/ThreatValues.cpp.o
#25 641.1 [1470/1834] Building CXX object modules/CMakeFiles/modules.dir/mod-playerbots/src/Ai/Base/Value/TargetValue.cpp.o
#25 644.0 [1471/1834] Building CXX object modules/CMakeFiles/modules.dir/mod-playerbots/src/Ai/Class/Dk/DKActions.cpp.o
#25 645.4 [1472/1834] Building CXX object modules/CMakeFiles/modules.dir/mod-playerbots/src/Ai/Class/Dk/DKTriggers.cpp.o
#25 645.8 [1473/1834] Building CXX object modules/CMakeFiles/modules.dir/mod-playerbots/src/Ai/Class/Dk/Strategy/DeathKnightPullStrategy.cpp.o
#25 647.1 [1474/1834] Building CXX object modules/CMakeFiles/modules.dir/mod-playerbots/src/Ai/Class/Dk/Strategy/BloodDKStrategy.cpp.o
#25 648.9 [1475/1834] Building CXX object modules/CMakeFiles/modules.dir/mod-playerbots/src/Ai/Class/Dk/DKAiObjectContext.cpp.o
#25 649.9 [1476/1834] Building CXX object modules/CMakeFiles/modules.dir/mod-playerbots/src/Ai/Class/Dk/Strategy/GenericDKStrategy.cpp.o
#25 650.0 [1477/1834] Building CXX object modules/CMakeFiles/modules.dir/mod-playerbots/src/Ai/Class/Dk/Strategy/FrostDKStrategy.cpp.o
#25 650.3 [1478/1834] Building CXX object modules/CMakeFiles/modules.dir/mod-playerbots/src/Ai/Class/Druid/DruidTriggers.cpp.o
#25 650.4 [1479/1834] Building CXX object modules/CMakeFiles/modules.dir/mod-playerbots/src/Ai/Class/Druid/Strategy/BalanceDruidStrategy.cpp.o
#25 651.4 [1480/1834] Building CXX object modules/CMakeFiles/modules.dir/mod-playerbots/src/Ai/Class/Dk/Strategy/UnholyDKStrategy.cpp.o
#25 651.6 [1481/1834] Building CXX object modules/CMakeFiles/modules.dir/mod-playerbots/src/Ai/Class/Druid/Action/DruidBearActions.cpp.o
#25 652.8 [1482/1834] Building CXX object modules/CMakeFiles/modules.dir/mod-playerbots/src/Ai/Class/Druid/Action/DruidActions.cpp.o
#25 653.6 [1483/1834] Building CXX object modules/CMakeFiles/modules.dir/mod-playerbots/src/Ai/Class/Druid/Action/DruidCatActions.cpp.o
#25 654.3 [1484/1834] Building CXX object modules/CMakeFiles/modules.dir/mod-playerbots/src/Ai/Class/Druid/Strategy/CatDruidStrategy.cpp.o
#25 657.6 [1485/1834] Building CXX object modules/CMakeFiles/modules.dir/mod-playerbots/src/Ai/Class/Druid/DruidAiObjectContext.cpp.o
#25 657.8 [1486/1834] Building CXX object modules/CMakeFiles/modules.dir/mod-playerbots/src/Ai/Class/Druid/Action/DruidShapeshiftActions.cpp.o
#25 659.8 [1487/1834] Building CXX object modules/CMakeFiles/modules.dir/mod-playerbots/src/Ai/Class/Druid/Strategy/BearDruidStrategy.cpp.o
#25 662.8 [1488/1834] Building CXX object modules/CMakeFiles/modules.dir/mod-playerbots/src/Ai/Class/Hunter/Strategy/GenericHunterStrategy.cpp.o
#25 663.1 [1489/1834] Building CXX object modules/CMakeFiles/modules.dir/mod-playerbots/src/Ai/Class/Druid/Strategy/DruidPullStrategy.cpp.o
#25 665.7 [1490/1834] Building CXX object modules/CMakeFiles/modules.dir/mod-playerbots/src/Ai/Class/Druid/Strategy/FeralDruidStrategy.cpp.o
#25 668.1 [1491/1834] Building CXX object modules/CMakeFiles/modules.dir/mod-playerbots/src/Ai/Class/Hunter/HunterActions.cpp.o
#25 668.4 [1492/1834] Building CXX object modules/CMakeFiles/modules.dir/mod-playerbots/src/Ai/Class/Druid/Strategy/GenericDruidNonCombatStrategy.cpp.o
#25 668.7 [1493/1834] Building CXX object modules/CMakeFiles/modules.dir/mod-playerbots/src/Ai/Class/Druid/Strategy/RestoDruidStrategy.cpp.o
#25 668.9 [1494/1834] Building CXX object modules/CMakeFiles/modules.dir/mod-playerbots/src/Ai/Class/Druid/Strategy/GenericDruidStrategy.cpp.o
#25 669.0 [1495/1834] Building CXX object modules/CMakeFiles/modules.dir/mod-playerbots/src/Ai/Class/Hunter/HunterTriggers.cpp.o
#25 669.3 [1496/1834] Building CXX object modules/CMakeFiles/modules.dir/mod-playerbots/src/Ai/Class/Hunter/Strategy/GenericHunterNonCombatStrategy.cpp.o
#25 669.6 [1497/1834] Building CXX object modules/CMakeFiles/modules.dir/mod-playerbots/src/Ai/Class/Hunter/Strategy/BeastMasteryHunterStrategy.cpp.o
#25 671.9 [1498/1834] Building CXX object modules/CMakeFiles/modules.dir/mod-playerbots/src/Ai/Class/Hunter/Strategy/HunterBuffStrategies.cpp.o
#25 672.4 [1499/1834] Building CXX object modules/CMakeFiles/modules.dir/mod-playerbots/src/Ai/Class/Hunter/HunterAiObjectContext.cpp.o
#25 672.7 [1500/1834] Building CXX object modules/CMakeFiles/modules.dir/mod-playerbots/src/Ai/Class/Hunter/Strategy/MarksmanshipHunterStrategy.cpp.o
#25 676.8 [1501/1834] Building CXX object modules/CMakeFiles/modules.dir/mod-playerbots/src/Ai/Class/Hunter/Strategy/SurvivalHunterStrategy.cpp.o
#25 677.8 [1502/1834] Building CXX object modules/CMakeFiles/modules.dir/mod-playerbots/src/Ai/Class/Mage/MageActions.cpp.o
#25 680.7 [1503/1834] Building CXX object modules/CMakeFiles/modules.dir/mod-playerbots/src/Ai/Class/Mage/MageTriggers.cpp.o
#25 682.0 [1504/1834] Building CXX object modules/CMakeFiles/modules.dir/mod-playerbots/src/Ai/Class/Mage/MageAiObjectContext.cpp.o
#25 682.2 [1505/1834] Building CXX object modules/CMakeFiles/modules.dir/mod-playerbots/src/Ai/Class/Mage/Strategy/ArcaneMageStrategy.cpp.o
#25 684.4 [1506/1834] Building CXX object modules/CMakeFiles/modules.dir/mod-playerbots/src/Ai/Class/Mage/Strategy/FireMageStrategy.cpp.o
#25 686.7 [1507/1834] Building CXX object modules/CMakeFiles/modules.dir/mod-playerbots/src/Ai/Class/Paladin/Strategy/GenericPaladinStrategy.cpp.o
#25 686.8 [1508/1834] Building CXX object modules/CMakeFiles/modules.dir/mod-playerbots/src/Ai/Class/Mage/Strategy/FrostFireMageStrategy.cpp.o
#25 687.2 [1509/1834] Building CXX object modules/CMakeFiles/modules.dir/mod-playerbots/src/Ai/Class/Mage/Strategy/GenericMageNonCombatStrategy.cpp.o
#25 687.2 [1510/1834] Building CXX object modules/CMakeFiles/modules.dir/mod-playerbots/src/Ai/Class/Mage/Strategy/FrostMageStrategy.cpp.o
#25 688.1 [1511/1834] Building CXX object modules/CMakeFiles/modules.dir/mod-playerbots/src/Ai/Class/Paladin/PaladinTriggers.cpp.o
#25 688.5 [1512/1834] Building CXX object modules/CMakeFiles/modules.dir/mod-playerbots/src/Ai/Class/Mage/Strategy/GenericMageStrategy.cpp.o
#25 689.6 [1513/1834] Building CXX object modules/CMakeFiles/modules.dir/mod-playerbots/src/Ai/Class/Paladin/Actions/PaladinActions.cpp.o
#25 691.7 [1514/1834] Building CXX object modules/CMakeFiles/modules.dir/mod-playerbots/src/Ai/Class/Paladin/Strategy/DpsPaladinStrategy.cpp.o
#25 693.2 [1515/1834] Building CXX object modules/CMakeFiles/modules.dir/mod-playerbots/src/Ai/Class/Paladin/Strategy/GenericPaladinNonCombatStrategy.cpp.o
#25 693.3 [1516/1834] Building CXX object modules/CMakeFiles/modules.dir/mod-playerbots/src/Ai/Class/Paladin/Actions/PaladinGreaterBlessingAction.cpp.o
#25 693.4 [1517/1834] Building CXX object modules/CMakeFiles/modules.dir/mod-playerbots/src/Ai/Class/Paladin/PaladinAiObjectContext.cpp.o
#25 697.5 [1518/1834] Building CXX object modules/CMakeFiles/modules.dir/mod-playerbots/src/Ai/Class/Paladin/Strategy/HealPaladinStrategy.cpp.o
#25 699.8 [1519/1834] Building CXX object modules/CMakeFiles/modules.dir/mod-playerbots/src/Ai/Class/Paladin/Strategy/PaladinPullStrategy.cpp.o
#25 699.8 [1520/1834] Building CXX object modules/CMakeFiles/modules.dir/mod-playerbots/src/Ai/Class/Paladin/Strategy/OffhealRetPaladinStrategy.cpp.o
#25 700.5 [1521/1834] Building CXX object modules/CMakeFiles/modules.dir/mod-playerbots/src/Ai/Class/Paladin/Strategy/PaladinBuffStrategies.cpp.o
#25 703.4 [1522/1834] Building CXX object modules/CMakeFiles/modules.dir/mod-playerbots/src/Ai/Class/Paladin/Strategy/TankPaladinStrategy.cpp.o
#25 705.2 [1523/1834] Building CXX object modules/CMakeFiles/modules.dir/mod-playerbots/src/Ai/Class/Priest/PriestTriggers.cpp.o
#25 705.3 [1524/1834] Building CXX object modules/CMakeFiles/modules.dir/mod-playerbots/src/Ai/Class/Priest/PriestActions.cpp.o
#25 707.5 [1525/1834] Building CXX object modules/CMakeFiles/modules.dir/mod-playerbots/src/Ai/Class/Priest/Strategy/HealPriestStrategy.cpp.o
#25 708.6 [1526/1834] Building CXX object modules/CMakeFiles/modules.dir/mod-playerbots/src/Ai/Class/Priest/Strategy/GenericPriestStrategy.cpp.o
#25 709.0 [1527/1834] Building CXX object modules/CMakeFiles/modules.dir/mod-playerbots/src/Ai/Class/Priest/Strategy/PriestNonCombatStrategy.cpp.o
#25 709.8 [1528/1834] Building CXX object modules/CMakeFiles/modules.dir/mod-playerbots/src/Ai/Class/Priest/Strategy/HolyPriestStrategy.cpp.o
#25 710.0 [1529/1834] Building CXX object modules/CMakeFiles/modules.dir/mod-playerbots/src/Ai/Class/Priest/Strategy/ShadowPriestStrategy.cpp.o
#25 711.1 [1530/1834] Building CXX object modules/CMakeFiles/modules.dir/mod-playerbots/src/Ai/Class/Rogue/RogueTriggers.cpp.o
#25 712.5 [1531/1834] Building CXX object modules/CMakeFiles/modules.dir/mod-playerbots/src/Ai/Class/Priest/PriestAiObjectContext.cpp.o
#25 712.7 [1532/1834] Building CXX object modules/CMakeFiles/modules.dir/mod-playerbots/src/Ai/Class/Rogue/Action/RogueActions.cpp.o
#25 714.5 [1533/1834] Building CXX object modules/CMakeFiles/modules.dir/mod-playerbots/src/Ai/Class/Rogue/Action/RogueComboActions.cpp.o
#25 715.0 [1534/1834] Building CXX object modules/CMakeFiles/modules.dir/mod-playerbots/src/Ai/Class/Rogue/RogueAiObjectContext.cpp.o
#25 717.5 [1535/1834] Building CXX object modules/CMakeFiles/modules.dir/mod-playerbots/src/Ai/Class/Rogue/Action/RogueOpeningActions.cpp.o
#25 719.6 [1536/1834] Building CXX object modules/CMakeFiles/modules.dir/mod-playerbots/src/Ai/Class/Rogue/Strategy/DpsRogueStrategy.cpp.o
#25 720.1 [1537/1834] Building CXX object modules/CMakeFiles/modules.dir/mod-playerbots/src/Ai/Class/Rogue/Strategy/AssassinationRogueStrategy.cpp.o
#25 723.2 [1538/1834] Building CXX object modules/CMakeFiles/modules.dir/mod-playerbots/src/Ai/Class/Rogue/Strategy/GenericRogueNonCombatStrategy.cpp.o
#25 724.9 [1539/1834] Building CXX object modules/CMakeFiles/modules.dir/mod-playerbots/src/Ai/Class/Shaman/ShamanActions.cpp.o
#25 727.0 [1540/1834] Building CXX object modules/CMakeFiles/modules.dir/mod-playerbots/src/Ai/Class/Shaman/ShamanTriggers.cpp.o
#25 727.4 [1541/1834] Building CXX object modules/CMakeFiles/modules.dir/mod-playerbots/src/Ai/Class/Shaman/Strategy/EnhancementShamanStrategy.cpp.o
#25 728.3 [1542/1834] Building CXX object modules/CMakeFiles/modules.dir/mod-playerbots/src/Ai/Class/Shaman/Strategy/ElementalShamanStrategy.cpp.o
#25 728.4 [1543/1834] Building CXX object modules/CMakeFiles/modules.dir/mod-playerbots/src/Ai/Class/Shaman/Strategy/RestoShamanStrategy.cpp.o
#25 730.6 [1544/1834] Building CXX object modules/CMakeFiles/modules.dir/mod-playerbots/src/Ai/Class/Shaman/Strategy/ShamanNonCombatStrategy.cpp.o
#25 730.7 [1545/1834] Building CXX object modules/CMakeFiles/modules.dir/mod-playerbots/src/Ai/Class/Shaman/Strategy/GenericShamanStrategy.cpp.o
#25 731.9 [1546/1834] Building CXX object modules/CMakeFiles/modules.dir/mod-playerbots/src/Ai/Class/Warlock/WarlockActions.cpp.o
#25 733.0 [1547/1834] Building CXX object modules/CMakeFiles/modules.dir/mod-playerbots/src/Ai/Class/Shaman/ShamanAiObjectContext.cpp.o
#25 733.8 [1548/1834] Building CXX object modules/CMakeFiles/modules.dir/mod-playerbots/src/Ai/Class/Warlock/WarlockTriggers.cpp.o
#25 733.8 [1549/1834] Building CXX object modules/CMakeFiles/modules.dir/mod-playerbots/src/Ai/Class/Shaman/Strategy/TotemsShamanStrategy.cpp.o
#25 734.5 [1550/1834] Building CXX object modules/CMakeFiles/modules.dir/mod-playerbots/src/Ai/Class/Warlock/Strategy/TankWarlockStrategy.cpp.o
#25 735.2 [1551/1834] Building CXX object modules/CMakeFiles/modules.dir/mod-playerbots/src/Ai/Class/Warlock/Strategy/GenericWarlockStrategy.cpp.o
#25 736.4 [1552/1834] Building CXX object modules/CMakeFiles/modules.dir/mod-playerbots/src/Ai/Class/Warlock/Strategy/AfflictionWarlockStrategy.cpp.o
#25 738.1 [1553/1834] Building CXX object modules/CMakeFiles/modules.dir/mod-playerbots/src/Ai/Class/Warlock/WarlockAiObjectContext.cpp.o
#25 739.4 [1554/1834] Building CXX object modules/CMakeFiles/modules.dir/mod-playerbots/src/Ai/Class/Warlock/Strategy/DemonologyWarlockStrategy.cpp.o
#25 739.8 [1555/1834] Building CXX object modules/CMakeFiles/modules.dir/mod-playerbots/src/Ai/Class/Warlock/Strategy/DestructionWarlockStrategy.cpp.o
#25 740.0 [1556/1834] Building CXX object modules/CMakeFiles/modules.dir/mod-playerbots/src/Ai/Class/Warrior/Strategy/FuryWarriorStrategy.cpp.o
#25 741.9 [1557/1834] Building CXX object modules/CMakeFiles/modules.dir/mod-playerbots/src/Ai/Class/Warrior/Strategy/ArmsWarriorStrategy.cpp.o
#25 743.2 [1558/1834] Building CXX object modules/CMakeFiles/modules.dir/mod-playerbots/src/Ai/Class/Warlock/Strategy/GenericWarlockNonCombatStrategy.cpp.o
#25 744.4 [1559/1834] Building CXX object modules/CMakeFiles/modules.dir/mod-playerbots/src/Ai/Class/Warrior/WarriorActions.cpp.o
#25 746.0 [1560/1834] Building CXX object modules/CMakeFiles/modules.dir/mod-playerbots/src/Ai/Class/Warrior/WarriorTriggers.cpp.o
#25 749.3 [1561/1834] Building CXX object modules/CMakeFiles/modules.dir/mod-playerbots/src/Ai/Dungeon/AK/AKStrategy.cpp.o
#25 749.7 [1562/1834] Building CXX object modules/CMakeFiles/modules.dir/mod-playerbots/src/Ai/Class/Warrior/Strategy/WarriorPullStrategy.cpp.o
#25 750.0 [1563/1834] Building CXX object modules/CMakeFiles/modules.dir/mod-playerbots/src/Ai/Dungeon/AC/ACStrategy.cpp.o
#25 750.4 [1564/1834] Building CXX object modules/CMakeFiles/modules.dir/mod-playerbots/src/Ai/Class/Warrior/Strategy/GenericWarriorNonCombatStrategy.cpp.o
#25 750.9 [1565/1834] Building CXX object modules/CMakeFiles/modules.dir/mod-playerbots/src/Ai/Class/Warrior/Strategy/GenericWarriorStrategy.cpp.o
#25 752.2 [1566/1834] Building CXX object modules/CMakeFiles/modules.dir/mod-playerbots/src/Ai/Class/Warrior/WarriorAiObjectContext.cpp.o
#25 752.7 [1567/1834] Building CXX object modules/CMakeFiles/modules.dir/mod-playerbots/src/Ai/Class/Warrior/Strategy/TankWarriorStrategy.cpp.o
#25 753.4 [1568/1834] Building CXX object modules/CMakeFiles/modules.dir/mod-playerbots/src/Ai/Dungeon/AC/ACActions.cpp.o
#25 753.8 [1569/1834] Building CXX object modules/CMakeFiles/modules.dir/mod-playerbots/src/Ai/Dungeon/AC/ACMultipliers.cpp.o
#25 755.3 [1570/1834] Building CXX object modules/CMakeFiles/modules.dir/mod-playerbots/src/Ai/Dungeon/AN/ANStrategy.cpp.o
#25 756.5 [1571/1834] Building CXX object modules/CMakeFiles/modules.dir/mod-playerbots/src/Ai/Dungeon/AK/AKActions.cpp.o
#25 756.5 [1572/1834] Building CXX object modules/CMakeFiles/modules.dir/mod-playerbots/src/Ai/Dungeon/AC/ACTriggers.cpp.o
#25 757.9 [1573/1834] Building CXX object modules/CMakeFiles/modules.dir/mod-playerbots/src/Ai/Dungeon/AK/AKMultipliers.cpp.o
#25 758.9 [1574/1834] Building CXX object modules/CMakeFiles/modules.dir/mod-playerbots/src/Ai/Dungeon/CoS/CoSStrategy.cpp.o
#25 759.8 [1575/1834] Building CXX object modules/CMakeFiles/modules.dir/mod-playerbots/src/Ai/Dungeon/AK/AKTriggers.cpp.o
#25 761.3 [1576/1834] Building CXX object modules/CMakeFiles/modules.dir/mod-playerbots/src/Ai/Dungeon/AN/ANActions.cpp.o
#25 762.2 [1577/1834] Building CXX object modules/CMakeFiles/modules.dir/mod-playerbots/src/Ai/Dungeon/AN/ANMultipliers.cpp.o
#25 762.3 [1578/1834] Building CXX object modules/CMakeFiles/modules.dir/mod-playerbots/src/Ai/Dungeon/DTK/DTKStrategy.cpp.o
#25 764.9 [1579/1834] Building CXX object modules/CMakeFiles/modules.dir/mod-playerbots/src/Ai/Dungeon/FoS/FoSStrategy.cpp.o
#25 766.9 [1580/1834] Building CXX object modules/CMakeFiles/modules.dir/mod-playerbots/src/Ai/Dungeon/CoS/CoSMultipliers.cpp.o
#25 767.3 [1581/1834] Building CXX object modules/CMakeFiles/modules.dir/mod-playerbots/src/Ai/Dungeon/AN/ANTriggers.cpp.o
#25 768.4 [1582/1834] Building CXX object modules/CMakeFiles/modules.dir/mod-playerbots/src/Ai/Dungeon/CoS/CoSActions.cpp.o
#25 768.5 [1583/1834] Building CXX object modules/CMakeFiles/modules.dir/mod-playerbots/src/Ai/Dungeon/CoS/CoSTriggers.cpp.o
#25 769.9 [1584/1834] Building CXX object modules/CMakeFiles/modules.dir/mod-playerbots/src/Ai/Dungeon/DTK/DTKActions.cpp.o
#25 770.6 [1585/1834] Building CXX object modules/CMakeFiles/modules.dir/mod-playerbots/src/Ai/Dungeon/GD/GDStrategy.cpp.o
#25 770.7 [1586/1834] Building CXX object modules/CMakeFiles/modules.dir/mod-playerbots/src/Ai/Dungeon/DTK/DTKMultipliers.cpp.o
#25 773.6 [1587/1834] Building CXX object modules/CMakeFiles/modules.dir/mod-playerbots/src/Ai/Dungeon/DTK/DTKTriggers.cpp.o
#25 774.3 [1588/1834] Building CXX object modules/CMakeFiles/modules.dir/mod-playerbots/src/Ai/Dungeon/FoS/FoSMultipliers.cpp.o
#25 775.0 [1589/1834] Building CXX object modules/CMakeFiles/modules.dir/mod-playerbots/src/Ai/Dungeon/HoL/HoLStrategy.cpp.o
#25 775.6 [1590/1834] Building CXX object modules/CMakeFiles/modules.dir/mod-playerbots/src/Ai/Dungeon/FoS/FoSTriggers.cpp.o
#25 776.7 [1591/1834] Building CXX object modules/CMakeFiles/modules.dir/mod-playerbots/src/Ai/Dungeon/FoS/FoSActions.cpp.o
#25 777.2 [1592/1834] Building CXX object modules/CMakeFiles/modules.dir/mod-playerbots/src/Ai/Dungeon/GD/GDActions.cpp.o
#25 777.5 [1593/1834] Building CXX object modules/CMakeFiles/modules.dir/mod-playerbots/src/Ai/Dungeon/GD/GDMultipliers.cpp.o
#25 779.4 [1594/1834] Building CXX object modules/CMakeFiles/modules.dir/mod-playerbots/src/Ai/Dungeon/HoS/HoSStrategy.cpp.o
#25 780.2 [1595/1834] Building CXX object modules/CMakeFiles/modules.dir/mod-playerbots/src/Ai/Dungeon/HoL/HoLActions.cpp.o
#25 780.5 [1596/1834] Building CXX object modules/CMakeFiles/modules.dir/mod-playerbots/src/Ai/Dungeon/GD/GDTriggers.cpp.o
#25 782.4 [1597/1834] Building CXX object modules/CMakeFiles/modules.dir/mod-playerbots/src/Ai/Dungeon/HoL/HoLMultipliers.cpp.o
#25 785.8 [1598/1834] Building CXX object modules/CMakeFiles/modules.dir/mod-playerbots/src/Ai/Dungeon/HoS/HoSMultipliers.cpp.o
#25 786.6 [1599/1834] Building CXX object modules/CMakeFiles/modules.dir/mod-playerbots/src/Ai/Dungeon/HoS/HoSActions.cpp.o
#25 787.1 [1600/1834] Building CXX object modules/CMakeFiles/modules.dir/mod-playerbots/src/Ai/Dungeon/HoL/HoLTriggers.cpp.o
#25 787.2 [1601/1834] Building CXX object modules/CMakeFiles/modules.dir/mod-playerbots/src/Ai/Dungeon/Nex/NexStrategy.cpp.o
#25 788.5 [1602/1834] Building CXX object modules/CMakeFiles/modules.dir/mod-playerbots/src/Ai/Dungeon/HoS/HoSTriggers.cpp.o
#25 789.0 [1603/1834] Building CXX object modules/CMakeFiles/modules.dir/mod-playerbots/src/Ai/Dungeon/Mech/MechStrategy.cpp.o
#25 790.6 [1604/1834] Building CXX object modules/CMakeFiles/modules.dir/mod-playerbots/src/Ai/Dungeon/OC/OCStrategy.cpp.o
#25 790.7 [1605/1834] Building CXX object modules/CMakeFiles/modules.dir/mod-playerbots/src/Ai/Dungeon/Mech/MechActions.cpp.o
#25 790.7 [1606/1834] Building CXX object modules/CMakeFiles/modules.dir/mod-playerbots/src/Ai/Dungeon/Mech/MechMultipliers.cpp.o
#25 794.0 [1607/1834] Building CXX object modules/CMakeFiles/modules.dir/mod-playerbots/src/Ai/Dungeon/Mech/MechTriggers.cpp.o
#25 794.5 [1608/1834] Building CXX object modules/CMakeFiles/modules.dir/mod-playerbots/src/Ai/Dungeon/Mech/MechShared.cpp.o
#25 794.6 [1609/1834] Building CXX object modules/CMakeFiles/modules.dir/mod-playerbots/src/Ai/Dungeon/Nex/NexActions.cpp.o
#25 794.9 [1610/1834] Building CXX object modules/CMakeFiles/modules.dir/mod-playerbots/src/Ai/Dungeon/Nex/NexMultipliers.cpp.o
#25 797.0 [1611/1834] Building CXX object modules/CMakeFiles/modules.dir/mod-playerbots/src/Ai/Dungeon/Nex/NexTriggers.cpp.o
#25 797.3 [1612/1834] Building CXX object modules/CMakeFiles/modules.dir/mod-playerbots/src/Ai/Dungeon/PoS/PoSStrategy.cpp.o
#25 799.4 [1613/1834] Building CXX object modules/CMakeFiles/modules.dir/mod-playerbots/src/Ai/Dungeon/OC/OCMultipliers.cpp.o
#25 800.3 [1614/1834] Building CXX object modules/CMakeFiles/modules.dir/mod-playerbots/src/Ai/Dungeon/Seth/SethStrategy.cpp.o
#25 800.4 [1615/1834] Building CXX object modules/CMakeFiles/modules.dir/mod-playerbots/src/Ai/Dungeon/OC/OCActions.cpp.o
#25 805.3 [1616/1834] Building CXX object modules/CMakeFiles/modules.dir/mod-playerbots/src/Ai/Dungeon/PoS/PoSActions.cpp.o
#25 805.3 [1617/1834] Building CXX object modules/CMakeFiles/modules.dir/mod-playerbots/src/Ai/Dungeon/OC/OCTriggers.cpp.o
#25 805.7 [1618/1834] Building CXX object modules/CMakeFiles/modules.dir/mod-playerbots/src/Ai/Dungeon/PoS/PoSTriggers.cpp.o
#25 805.9 [1619/1834] Building CXX object modules/CMakeFiles/modules.dir/mod-playerbots/src/Ai/Dungeon/TOC/TOCStrategy.cpp.o
#25 806.5 [1620/1834] Building CXX object modules/CMakeFiles/modules.dir/mod-playerbots/src/Ai/Dungeon/PoS/PoSMultipliers.cpp.o
#25 807.8 [1621/1834] Building CXX object modules/CMakeFiles/modules.dir/mod-playerbots/src/Ai/Dungeon/Seth/SethActions.cpp.o
#25 809.9 [1622/1834] Building CXX object modules/CMakeFiles/modules.dir/mod-playerbots/src/Ai/Dungeon/Seth/SethMultipliers.cpp.o
#25 810.4 [1623/1834] Building CXX object modules/CMakeFiles/modules.dir/mod-playerbots/src/Ai/Dungeon/Seth/SethTriggers.cpp.o
#25 812.7 [1624/1834] Building CXX object modules/CMakeFiles/modules.dir/mod-playerbots/src/Ai/Dungeon/TOC/TOCActions.cpp.o
#25 812.8 [1625/1834] Building CXX object modules/CMakeFiles/modules.dir/mod-playerbots/src/Ai/Dungeon/TOC/TOCMultipliers.cpp.o
#25 813.7 [1626/1834] Building CXX object modules/CMakeFiles/modules.dir/mod-playerbots/src/Ai/Dungeon/TOC/TOCTriggers.cpp.o
#25 814.5 [1627/1834] Building CXX object modules/CMakeFiles/modules.dir/mod-playerbots/src/Ai/Dungeon/UK/UKStrategy.cpp.o
#25 815.3 [1628/1834] Building CXX object modules/CMakeFiles/modules.dir/mod-playerbots/src/Ai/Dungeon/UB/UBMultipliers.cpp.o
#25 816.1 [1629/1834] Building CXX object modules/CMakeFiles/modules.dir/mod-playerbots/src/Ai/Dungeon/UB/UBActions.cpp.o
#25 818.4 [1630/1834] Building CXX object modules/CMakeFiles/modules.dir/mod-playerbots/src/Ai/Dungeon/UB/UBStrategy.cpp.o
#25 818.6 [1631/1834] Building CXX object modules/CMakeFiles/modules.dir/mod-playerbots/src/Ai/Dungeon/UB/UBShared.cpp.o
#25 819.1 [1632/1834] Building CXX object modules/CMakeFiles/modules.dir/mod-playerbots/src/Ai/Dungeon/UP/UPStrategy.cpp.o
#25 819.8 [1633/1834] Building CXX object modules/CMakeFiles/modules.dir/mod-playerbots/src/Ai/Dungeon/UB/UBTriggers.cpp.o
#25 821.8 [1634/1834] Building CXX object modules/CMakeFiles/modules.dir/mod-playerbots/src/Ai/Dungeon/VH/VHStrategy.cpp.o
#25 822.7 [1635/1834] Building CXX object modules/CMakeFiles/modules.dir/mod-playerbots/src/Ai/Dungeon/UK/UKActions.cpp.o
#25 822.8 [1636/1834] Building CXX object modules/CMakeFiles/modules.dir/mod-playerbots/src/Ai/Dungeon/UK/UKTriggers.cpp.o
#25 823.6 [1637/1834] Building CXX object modules/CMakeFiles/modules.dir/mod-playerbots/src/Ai/Dungeon/UK/UKMultipliers.cpp.o
#25 824.2 [1638/1834] Building CXX object modules/CMakeFiles/modules.dir/mod-playerbots/src/Ai/Raid/Aq20/Aq20Strategy.cpp.o
#25 824.7 [1639/1834] Building CXX object modules/CMakeFiles/modules.dir/mod-playerbots/src/Ai/Dungeon/UP/UPActions.cpp.o
#25 825.3 [1640/1834] Building CXX object modules/CMakeFiles/modules.dir/mod-playerbots/src/Ai/Dungeon/UP/UPMultipliers.cpp.o
#25 826.4 [1641/1834] Building CXX object modules/CMakeFiles/modules.dir/mod-playerbots/src/Ai/Raid/Aq20/Aq20Utils.cpp.o
#25 829.2 [1642/1834] Building CXX object modules/CMakeFiles/modules.dir/mod-playerbots/src/Ai/Dungeon/UP/UPTriggers.cpp.o
#25 830.8 [1643/1834] Building CXX object modules/CMakeFiles/modules.dir/mod-playerbots/src/Ai/Dungeon/VH/VHActions.cpp.o
#25 831.0 [1644/1834] Building CXX object modules/CMakeFiles/modules.dir/mod-playerbots/src/Ai/Dungeon/VH/VHMultipliers.cpp.o
#25 832.2 [1645/1834] Building CXX object modules/CMakeFiles/modules.dir/mod-playerbots/src/Ai/Raid/Aq20/Aq20Actions.cpp.o
#25 832.2 [1646/1834] Building CXX object modules/CMakeFiles/modules.dir/mod-playerbots/src/Ai/Dungeon/VH/VHTriggers.cpp.o
#25 834.5 [1647/1834] Building CXX object modules/CMakeFiles/modules.dir/mod-playerbots/src/Ai/Raid/BWL/BWLStrategy.cpp.o
#25 835.5 [1648/1834] Building CXX object modules/CMakeFiles/modules.dir/mod-playerbots/src/Ai/Raid/BT/BTStrategy.cpp.o
#25 835.6 [1649/1834] Building CXX object modules/CMakeFiles/modules.dir/mod-playerbots/src/Ai/Raid/Aq20/Aq20Triggers.cpp.o
#25 837.8 [1650/1834] Building CXX object modules/CMakeFiles/modules.dir/mod-playerbots/src/Ai/Raid/BT/BTHelpers.cpp.o
#25 839.6 [1651/1834] Building CXX object modules/CMakeFiles/modules.dir/mod-playerbots/src/Ai/Raid/BWL/BWLHelpers.cpp.o
#25 839.9 [1652/1834] Building CXX object modules/CMakeFiles/modules.dir/mod-playerbots/src/Ai/Raid/EoE/EoEStrategy.cpp.o
#25 840.8 [1653/1834] Building CXX object modules/CMakeFiles/modules.dir/mod-playerbots/src/Ai/Raid/BT/BTMultipliers.cpp.o
#25 842.0 [1654/1834] Building CXX object modules/CMakeFiles/modules.dir/mod-playerbots/src/Ai/Raid/BWL/BWLActions.cpp.o
#25 842.5 [1655/1834] Building CXX object modules/CMakeFiles/modules.dir/mod-playerbots/src/Ai/Raid/BWL/BWLMultipliers.cpp.o
#25 842.5 [1656/1834] Building CXX object modules/CMakeFiles/modules.dir/mod-playerbots/src/Ai/Raid/BT/BTTriggers.cpp.o
#25 843.7 [1657/1834] Building CXX object modules/CMakeFiles/modules.dir/mod-playerbots/src/Ai/Raid/BT/BTActions.cpp.o
#25 844.5 [1658/1834] Building CXX object modules/CMakeFiles/modules.dir/mod-playerbots/src/Ai/Raid/BWL/BWLTriggers.cpp.o
#25 844.8 [1659/1834] Building CXX object modules/CMakeFiles/modules.dir/mod-playerbots/src/Ai/Raid/Gruul/GruulStrategy.cpp.o
#25 848.4 [1660/1834] Building CXX object modules/CMakeFiles/modules.dir/mod-playerbots/src/Ai/Raid/EoE/EoEMultipliers.cpp.o
#25 848.9 [1661/1834] Building CXX object modules/CMakeFiles/modules.dir/mod-playerbots/src/Ai/Raid/EoE/EoEActions.cpp.o
#25 850.0 [1662/1834] Building CXX object modules/CMakeFiles/modules.dir/mod-playerbots/src/Ai/Raid/Hyjal/HyjalStrategy.cpp.o
#25 850.5 [1663/1834] Building CXX object modules/CMakeFiles/modules.dir/mod-playerbots/src/Ai/Raid/EoE/EoETriggers.cpp.o
#25 850.8 [1664/1834] Building CXX object modules/CMakeFiles/modules.dir/mod-playerbots/src/Ai/Raid/Gruul/GruulActions.cpp.o
#25 852.3 [1665/1834] Building CXX object modules/CMakeFiles/modules.dir/mod-playerbots/src/Ai/Raid/Gruul/GruulHelpers.cpp.o
#25 853.8 [1666/1834] Building CXX object modules/CMakeFiles/modules.dir/mod-playerbots/src/Ai/Raid/Gruul/GruulMultipliers.cpp.o
#25 857.1 [1667/1834] Building CXX object modules/CMakeFiles/modules.dir/mod-playerbots/src/Ai/Raid/Gruul/GruulTriggers.cpp.o
#25 858.1 [1668/1834] Building CXX object modules/CMakeFiles/modules.dir/mod-playerbots/src/Ai/Raid/Hyjal/HyjalMultipliers.cpp.o
#25 860.2 [1669/1834] Building CXX object modules/CMakeFiles/modules.dir/mod-playerbots/src/Ai/Raid/ICC/ICCStrategy.cpp.o
#25 861.4 [1670/1834] Building CXX object modules/CMakeFiles/modules.dir/mod-playerbots/src/Ai/Raid/Hyjal/HyjalTriggers.cpp.o
#25 861.9 [1671/1834] Building CXX object modules/CMakeFiles/modules.dir/mod-playerbots/src/Ai/Raid/Hyjal/HyjalActions.cpp.o
#25 862.3 [1672/1834] Building CXX object modules/CMakeFiles/modules.dir/mod-playerbots/src/Ai/Raid/Hyjal/Util/HyjalHelpers.cpp.o
#25 862.8 [1673/1834] Building CXX object modules/CMakeFiles/modules.dir/mod-playerbots/src/Ai/Raid/Hyjal/Util/HyjalScripts.cpp.o
#25 864.8 [1674/1834] Building CXX object modules/CMakeFiles/modules.dir/mod-playerbots/src/Ai/Raid/ICC/ICCShared.cpp.o
#25 865.1 [1675/1834] Building CXX object modules/CMakeFiles/modules.dir/mod-playerbots/src/Ai/Raid/ICC/ICCMultipliers.cpp.o
#25 865.9 [1676/1834] Building CXX object modules/CMakeFiles/modules.dir/mod-playerbots/src/Ai/Raid/ICC/ICCScripts.cpp.o
#25 869.4 [1677/1834] Building CXX object modules/CMakeFiles/modules.dir/mod-playerbots/src/Ai/Raid/ICC/ICCTriggers.cpp.o
#25 870.9 [1678/1834] Building CXX object modules/CMakeFiles/modules.dir/mod-playerbots/src/Ai/Raid/ICC/Action/ICCActions_Dogs.cpp.o
#25 871.1 [1679/1834] Building CXX object modules/CMakeFiles/modules.dir/mod-playerbots/src/Ai/Raid/ICC/Action/ICCActions_BQL.cpp.o
#25 871.1 [1680/1834] Building CXX object modules/CMakeFiles/modules.dir/mod-playerbots/src/Ai/Raid/ICC/Action/ICCActions_DBS.cpp.o
#25 871.1 [1681/1834] Building CXX object modules/CMakeFiles/modules.dir/mod-playerbots/src/Ai/Raid/ICC/Action/ICCActions_BPC.cpp.o
#25 873.5 [1682/1834] Building CXX object modules/CMakeFiles/modules.dir/mod-playerbots/src/Ai/Raid/ICC/Action/ICCActions_FG.cpp.o
#25 877.4 [1683/1834] Building CXX object modules/CMakeFiles/modules.dir/mod-playerbots/src/Ai/Raid/ICC/Action/ICCActions_GSB.cpp.o
#25 878.5 [1684/1834] Building CXX object modules/CMakeFiles/modules.dir/mod-playerbots/src/Ai/Raid/ICC/Action/ICCActions_LDW.cpp.o
#25 882.0 [1685/1834] Building CXX object modules/CMakeFiles/modules.dir/mod-playerbots/src/Ai/Raid/ICC/Action/ICCActions_LM.cpp.o
#25 883.9 [1686/1834] Building CXX object modules/CMakeFiles/modules.dir/mod-playerbots/src/Ai/Raid/ICC/Action/ICCActions_RF.cpp.o
#25 884.0 [1687/1834] Building CXX object modules/CMakeFiles/modules.dir/mod-playerbots/src/Ai/Raid/ICC/Action/ICCActions_PP.cpp.o
#25 885.3 [1688/1834] Building CXX object modules/CMakeFiles/modules.dir/mod-playerbots/src/Ai/Raid/ICC/Action/ICCActions_SS.cpp.o
#25 885.3 [1689/1834] Building CXX object modules/CMakeFiles/modules.dir/mod-playerbots/src/Ai/Raid/ICC/Action/ICCActions_SG.cpp.o
#25 886.4 [1690/1834] Building CXX object modules/CMakeFiles/modules.dir/mod-playerbots/src/Ai/Raid/ICC/Action/ICCActions_LK.cpp.o
#25 887.3 [1691/1834] Building CXX object modules/CMakeFiles/modules.dir/mod-playerbots/src/Ai/Raid/ICC/Action/ICCActions_VT.cpp.o
#25 888.1 [1692/1834] Building CXX object modules/CMakeFiles/modules.dir/mod-playerbots/src/Ai/Raid/Kara/KaraActions.cpp.o
#25 888.1 [1693/1834] Building CXX object modules/CMakeFiles/modules.dir/mod-playerbots/src/Ai/Raid/Kara/KaraHelpers.cpp.o
#25 889.1 [1694/1834] Building CXX object modules/CMakeFiles/modules.dir/mod-playerbots/src/Ai/Raid/MC/MCActions.cpp.o
#25 890.2 [1695/1834] Building CXX object modules/CMakeFiles/modules.dir/mod-playerbots/src/Ai/Raid/Kara/KaraTriggers.cpp.o
#25 890.8 [1696/1834] Building CXX object modules/CMakeFiles/modules.dir/mod-playerbots/src/Ai/Raid/MC/MCMultipliers.cpp.o
#25 890.9 [1697/1834] Building CXX object modules/CMakeFiles/modules.dir/mod-playerbots/src/Ai/Raid/Kara/KaraMultipliers.cpp.o
#25 890.9 [1698/1834] Building CXX object modules/CMakeFiles/modules.dir/mod-playerbots/src/Ai/Raid/Naxx/Action/NaxxActions_Faerlina.cpp.o
#25 893.0 [1699/1834] Building CXX object modules/CMakeFiles/modules.dir/mod-playerbots/src/Ai/Raid/Kara/KaraStrategy.cpp.o
#25 893.1 [1700/1834] Building CXX object modules/CMakeFiles/modules.dir/mod-playerbots/src/Ai/Raid/Naxx/Action/NaxxActions_Gothik.cpp.o
#25 893.6 [1701/1834] Building CXX object modules/CMakeFiles/modules.dir/mod-playerbots/src/Ai/Raid/Mag/MagStrategy.cpp.o
#25 896.2 [1702/1834] Building CXX object modules/CMakeFiles/modules.dir/mod-playerbots/src/Ai/Raid/MC/MCTriggers.cpp.o
#25 896.6 [1703/1834] Building CXX object modules/CMakeFiles/modules.dir/mod-playerbots/src/Ai/Raid/MC/MCStrategy.cpp.o
#25 902.0 [1704/1834] Building CXX object modules/CMakeFiles/modules.dir/mod-playerbots/src/Ai/Raid/Mag/MagMultipliers.cpp.o
#25 902.1 [1705/1834] Building CXX object modules/CMakeFiles/modules.dir/mod-playerbots/src/Ai/Raid/Mag/MagActions.cpp.o
#25 902.2 [1706/1834] Building CXX object modules/CMakeFiles/modules.dir/mod-playerbots/src/Ai/Raid/Naxx/Action/NaxxActions_Maexxna.cpp.o
#25 902.2 [1707/1834] Building CXX object modules/CMakeFiles/modules.dir/mod-playerbots/src/Ai/Raid/Naxx/Action/NaxxActions_Noth.cpp.o
#25 903.1 [1708/1834] Building CXX object modules/CMakeFiles/modules.dir/mod-playerbots/src/Ai/Raid/Mag/Util/MagHelpers.cpp.o
#25 903.5 [1709/1834] Building CXX object modules/CMakeFiles/modules.dir/mod-playerbots/src/Ai/Raid/Mag/MagTriggers.cpp.o
#25 906.1 [1710/1834] Building CXX object modules/CMakeFiles/modules.dir/mod-playerbots/src/Ai/Raid/Naxx/NaxxBossHelper.cpp.o
#25 906.6 [1711/1834] Building CXX object modules/CMakeFiles/modules.dir/mod-playerbots/src/Ai/Raid/Mag/Util/MagScripts.cpp.o
#25 908.1 [1712/1834] Building CXX object modules/CMakeFiles/modules.dir/mod-playerbots/src/Ai/Raid/Naxx/NaxxTriggers.cpp.o
#25 908.2 [1713/1834] Building CXX object modules/CMakeFiles/modules.dir/mod-playerbots/src/Ai/Raid/Naxx/NaxxStrategy.cpp.o
#25 908.3 [1714/1834] Building CXX object modules/CMakeFiles/modules.dir/mod-playerbots/src/Ai/Raid/Naxx/Action/NaxxActions_Anubrekhan.cpp.o
#25 908.6 [1715/1834] Building CXX object modules/CMakeFiles/modules.dir/mod-playerbots/src/Ai/Raid/Naxx/Action/NaxxActions_FourHorsemen.cpp.o
#25 908.9 [1716/1834] Building CXX object modules/CMakeFiles/modules.dir/mod-playerbots/src/Ai/Raid/Naxx/NaxxMultipliers.cpp.o
#25 909.8 [1717/1834] Building CXX object modules/CMakeFiles/modules.dir/mod-playerbots/src/Ai/Raid/Naxx/Action/NaxxActions_Gluth.cpp.o
#25 911.6 [1718/1834] Building CXX object modules/CMakeFiles/modules.dir/mod-playerbots/src/Ai/Raid/Naxx/Action/NaxxActions_Grobbulus.cpp.o
#25 912.2 [1719/1834] Building CXX object modules/CMakeFiles/modules.dir/mod-playerbots/src/Ai/Raid/Naxx/Action/NaxxActions_Heigan.cpp.o
#25 915.7 [1720/1834] Building CXX object modules/CMakeFiles/modules.dir/mod-playerbots/src/Ai/Raid/Naxx/Action/NaxxActions_Loatheb.cpp.o
#25 916.0 [1721/1834] Building CXX object modules/CMakeFiles/modules.dir/mod-playerbots/src/Ai/Raid/Naxx/Action/NaxxActions_Kelthuzad.cpp.o
#25 916.3 [1722/1834] Building CXX object modules/CMakeFiles/modules.dir/mod-playerbots/src/Ai/Raid/OS/OSStrategy.cpp.o
#25 917.0 [1723/1834] Building CXX object modules/CMakeFiles/modules.dir/mod-playerbots/src/Ai/Raid/Ony/OnyStrategy.cpp.o
#25 920.7 [1724/1834] Building CXX object modules/CMakeFiles/modules.dir/mod-playerbots/src/Ai/Raid/Naxx/Action/NaxxActions_Patchwerk.cpp.o
#25 921.5 [1725/1834] Building CXX object modules/CMakeFiles/modules.dir/mod-playerbots/src/Ai/Raid/Naxx/Action/NaxxActions_Razuvious.cpp.o
#25 922.8 [1726/1834] Building CXX object modules/CMakeFiles/modules.dir/mod-playerbots/src/Ai/Raid/Naxx/Action/NaxxActions_Sapphiron.cpp.o
#25 923.7 [1727/1834] Building CXX object modules/CMakeFiles/modules.dir/mod-playerbots/src/Ai/Raid/Naxx/Action/NaxxActions_Shared.cpp.o
#25 924.8 [1728/1834] Building CXX object modules/CMakeFiles/modules.dir/mod-playerbots/src/Ai/Raid/Naxx/Action/NaxxActions_Thaddius.cpp.o
#25 925.0 [1729/1834] Building CXX object modules/CMakeFiles/modules.dir/mod-playerbots/src/Ai/Raid/OS/OSActions.cpp.o
#25 926.0 [1730/1834] Building CXX object modules/CMakeFiles/modules.dir/mod-playerbots/src/Ai/Raid/RS/RSStrategy.cpp.o
#25 926.5 [1731/1834] Building CXX object modules/CMakeFiles/modules.dir/mod-playerbots/src/Ai/Raid/OS/OSTriggers.cpp.o
#25 926.9 [1732/1834] Building CXX object modules/CMakeFiles/modules.dir/mod-playerbots/src/Ai/Raid/Ony/OnyActions.cpp.o
#25 927.3 [1733/1834] Building CXX object modules/CMakeFiles/modules.dir/mod-playerbots/src/Ai/Raid/OS/OSMultipliers.cpp.o
#25 929.6 [1734/1834] Building CXX object modules/CMakeFiles/modules.dir/mod-playerbots/src/Ai/Raid/Ony/OnyTriggers.cpp.o
#25 933.7 [1735/1834] Building CXX object modules/CMakeFiles/modules.dir/mod-playerbots/src/Ai/Raid/RS/RSMultipliers.cpp.o
#25 934.2 [1736/1834] Building CXX object modules/CMakeFiles/modules.dir/mod-playerbots/src/Ai/Raid/RS/RSScripts.cpp.o
#25 936.3 [1737/1834] Building CXX object modules/CMakeFiles/modules.dir/mod-playerbots/src/Ai/Raid/RS/Action/RSActions_ADD.cpp.o
#25 936.7 [1738/1834] Building CXX object modules/CMakeFiles/modules.dir/mod-playerbots/src/Ai/Raid/RS/RSTriggers.cpp.o
#25 937.4 [1739/1834] Building CXX object modules/CMakeFiles/modules.dir/mod-playerbots/src/Ai/Raid/RS/Action/RSActions_BAL.cpp.o
#25 937.7 [1740/1834] Building CXX object modules/CMakeFiles/modules.dir/mod-playerbots/src/Ai/Raid/SSC/SSCStrategy.cpp.o
#25 940.6 [1741/1834] Building CXX object modules/CMakeFiles/modules.dir/mod-playerbots/src/Ai/Raid/RS/Action/RSActions_SAV.cpp.o
#25 942.2 [1742/1834] Building CXX object modules/CMakeFiles/modules.dir/mod-playerbots/src/Ai/Raid/TK/TKStrategy.cpp.o
#25 942.8 [1743/1834] Building CXX object modules/CMakeFiles/modules.dir/mod-playerbots/src/Ai/Raid/RS/Action/RSActions_HAL.cpp.o
#25 943.0 [1744/1834] Building CXX object modules/CMakeFiles/modules.dir/mod-playerbots/src/Ai/Raid/RS/Action/RSActions_ZAR.cpp.o
#25 944.4 [1745/1834] Building CXX object modules/CMakeFiles/modules.dir/mod-playerbots/src/Ai/Raid/SSC/SSCHelpers.cpp.o
#25 945.2 [1746/1834] Building CXX object modules/CMakeFiles/modules.dir/mod-playerbots/src/Ai/Raid/SSC/SSCTriggers.cpp.o
#25 947.1 [1747/1834] Building CXX object modules/CMakeFiles/modules.dir/mod-playerbots/src/Ai/Raid/SSC/SSCMultipliers.cpp.o
#25 947.8 [1748/1834] Building CXX object modules/CMakeFiles/modules.dir/mod-playerbots/src/Ai/Raid/TK/TKMultipliers.cpp.o
#25 949.1 [1749/1834] Building CXX object modules/CMakeFiles/modules.dir/mod-playerbots/src/Ai/Raid/SSC/SSCActions.cpp.o
#25 949.5 [1750/1834] Building CXX object modules/CMakeFiles/modules.dir/mod-playerbots/src/Ai/Raid/TK/TKActions.cpp.o
#25 949.7 [1751/1834] Building CXX object modules/CMakeFiles/modules.dir/mod-playerbots/src/Ai/Raid/Uld/UldStrategy.cpp.o
#25 950.9 [1752/1834] Building CXX object modules/CMakeFiles/modules.dir/mod-playerbots/src/Ai/Raid/VoA/VoAStrategy.cpp.o
#25 952.9 [1753/1834] Building CXX object modules/CMakeFiles/modules.dir/mod-playerbots/src/Ai/Raid/TK/Util/TKScripts.cpp.o
#25 954.4 [1754/1834] Building CXX object modules/CMakeFiles/modules.dir/mod-playerbots/src/Ai/Raid/TK/TKTriggers.cpp.o
#25 955.0 [1755/1834] Building CXX object modules/CMakeFiles/modules.dir/mod-playerbots/src/Ai/Raid/TK/Util/TKHelpers.cpp.o
#25 958.4 [1756/1834] Building CXX object modules/CMakeFiles/modules.dir/mod-playerbots/src/Ai/Raid/ZA/ZAStrategy.cpp.o
#25 958.6 [1757/1834] Building CXX object modules/CMakeFiles/modules.dir/mod-playerbots/src/Ai/Raid/Uld/UldTriggers.cpp.o
#25 959.5 [1758/1834] Building CXX object modules/CMakeFiles/modules.dir/mod-playerbots/src/Ai/Raid/Uld/UldActions.cpp.o
#25 959.5 [1759/1834] Building CXX object modules/CMakeFiles/modules.dir/mod-playerbots/src/Ai/Raid/Uld/Util/UldBossHelper.cpp.o
#25 959.6 [1760/1834] Building CXX object modules/CMakeFiles/modules.dir/mod-playerbots/src/Ai/Raid/VoA/VoAActions.cpp.o
#25 960.8 [1761/1834] Building CXX object modules/CMakeFiles/modules.dir/mod-playerbots/src/Ai/Raid/VoA/VoATriggers.cpp.o
#25 962.2 [1762/1834] Building CXX object modules/CMakeFiles/modules.dir/mod-playerbots/src/Ai/Raid/ZA/ZAActions.cpp.o
#25 962.6 [1763/1834] Building CXX object modules/CMakeFiles/modules.dir/mod-playerbots/src/Ai/World/Rpg/NewRpgInfo.cpp.o
#25 965.0 [1764/1834] Building CXX object modules/CMakeFiles/modules.dir/mod-playerbots/src/Ai/Raid/ZA/ZAHelpers.cpp.o
#25 965.7 [1765/1834] Building CXX object modules/CMakeFiles/modules.dir/mod-playerbots/src/Ai/Raid/ZA/ZAMultipliers.cpp.o
#25 966.4 [1766/1834] Building CXX object modules/CMakeFiles/modules.dir/mod-playerbots/src/Ai/Raid/ZA/ZATriggers.cpp.o
#25 967.2 [1767/1834] Building CXX object modules/CMakeFiles/modules.dir/mod-playerbots/src/Ai/World/Rpg/Action/NewRpgAction.cpp.o
#25 969.9 [1768/1834] Building CXX object modules/CMakeFiles/modules.dir/mod-playerbots/src/Ai/World/Rpg/Action/NewRpgOutdoorPvP.cpp.o
#25 970.8 [1769/1834] Building CXX object modules/CMakeFiles/modules.dir/mod-playerbots/src/Ai/World/Rpg/Strategy/NewRpgStrategy.cpp.o
#25 972.4 [1770/1834] Building CXX object modules/CMakeFiles/modules.dir/mod-playerbots/src/Ai/World/Rpg/Action/NewRpgBaseAction.cpp.o
#25 974.2 [1771/1834] Building CXX object modules/CMakeFiles/modules.dir/mod-playerbots/src/Ai/World/Rpg/Trigger/NewRpgTrigger.cpp.o
#25 974.6 [1772/1834] Building CXX object modules/CMakeFiles/modules.dir/mod-playerbots/src/Ai/World/Rpg/Action/RpgAction.cpp.o
#25 975.8 [1773/1834] Building CXX object modules/CMakeFiles/modules.dir/mod-playerbots/src/Ai/World/Rpg/Action/RpgSubActions.cpp.o
#25 976.4 [1774/1834] Building CXX object modules/CMakeFiles/modules.dir/mod-playerbots/src/Bot/ForceRebuff.cpp.o
#25 976.8 [1775/1834] Building CXX object modules/CMakeFiles/modules.dir/mod-playerbots/src/Ai/World/Rpg/Strategy/RpgStrategy.cpp.o
[driver] still running; 5s since the last output
#25 981.9 [1776/1834] Building CXX object modules/CMakeFiles/modules.dir/mod-playerbots/src/Bot/Engine/AiObjectContext.cpp.o
#25 984.1 [1777/1834] Building CXX object modules/CMakeFiles/modules.dir/mod-playerbots/src/Bot/Cmd/ChatFilter.cpp.o
#25 985.6 [1778/1834] Building CXX object modules/CMakeFiles/modules.dir/mod-playerbots/src/Bot/RandomBotLevelMgr.cpp.o
#25 987.3 [1779/1834] Building CXX object modules/CMakeFiles/modules.dir/mod-playerbots/src/Bot/Cmd/ChatHelper.cpp.o
#25 987.6 [1780/1834] Building CXX object modules/CMakeFiles/modules.dir/mod-playerbots/src/Bot/Engine/AiObject.cpp.o
#25 988.6 [1781/1834] Building CXX object modules/CMakeFiles/modules.dir/mod-playerbots/src/Bot/Debug/PerfMonitor.cpp.o
#25 988.9 [1782/1834] Building CXX object modules/CMakeFiles/modules.dir/mod-playerbots/src/Bot/PlayerbotMgr.cpp.o
#25 989.3 [1783/1834] Building CXX object modules/CMakeFiles/modules.dir/mod-playerbots/src/Bot/Engine/BuildSharedStrategyContexts.cpp.o
#25 989.4 [1784/1834] Building CXX object modules/CMakeFiles/modules.dir/mod-playerbots/src/Bot/Cmd/PlayerbotCommandServer.cpp.o
#25 993.4 [1785/1834] Building CXX object modules/CMakeFiles/modules.dir/mod-playerbots/src/Bot/PlayerbotAI.cpp.o
#25 993.8 [1786/1834] Building CXX object modules/CMakeFiles/modules.dir/mod-playerbots/src/Bot/Engine/PassiveMultiplier.cpp.o
#25 996.7 [1787/1834] Building CXX object modules/CMakeFiles/modules.dir/mod-playerbots/src/Bot/RandomPlayerbotMgr.cpp.o
#25 997.2 [1788/1834] Building CXX object modules/CMakeFiles/modules.dir/mod-playerbots/src/Bot/Engine/ExternalEventHelper.cpp.o
#25 997.8 [1789/1834] Building CXX object modules/CMakeFiles/modules.dir/mod-playerbots/src/Bot/Engine/Engine.cpp.o
#25 1000.9 [1790/1834] Building CXX object modules/CMakeFiles/modules.dir/mod-playerbots/src/Bot/Engine/NamedObjectContext.cpp.o
#25 1003.5 [1791/1834] Building CXX object modules/CMakeFiles/modules.dir/mod-playerbots/src/Bot/Engine/Trigger/Trigger.cpp.o
#25 1003.8 [1792/1834] Building CXX object modules/CMakeFiles/modules.dir/mod-playerbots/src/Db/PlayerbotDungeonRepository.cpp.o
#25 1004.5 [1793/1834] Building CXX object modules/CMakeFiles/modules.dir/mod-playerbots/src/Bot/Engine/PlayerbotAIBase.cpp.o
#25 1004.7 [1794/1834] Building CXX object modules/CMakeFiles/modules.dir/mod-playerbots/src/Bot/Engine/BuildSharedValueContexts.cpp.o
#25 1006.5 [1795/1834] Building CXX object modules/CMakeFiles/modules.dir/mod-playerbots/src/Bot/Engine/Action/Action.cpp.o
#25 1006.9 [1796/1834] Building CXX object modules/CMakeFiles/modules.dir/mod-playerbots/src/Bot/Engine/Strategy/Strategy.cpp.o
#25 1007.0 [1797/1834] Building CXX object modules/CMakeFiles/modules.dir/mod-playerbots/src/Bot/Engine/WorldPacket/Event.cpp.o
#25 1007.6 [1798/1834] Building CXX object modules/CMakeFiles/modules.dir/mod-playerbots/src/Db/PlayerbotSpellRepository.cpp.o
#25 1009.7 [1799/1834] Building CXX object modules/CMakeFiles/modules.dir/mod-playerbots/src/Bot/Engine/Value/Value.cpp.o
#25 1012.0 [1800/1834] Building CXX object modules/CMakeFiles/modules.dir/mod-playerbots/src/Mgr/Item/BisListMgr.cpp.o
#25 1013.6 [1801/1834] Building CXX object modules/CMakeFiles/modules.dir/mod-playerbots/src/Bot/Factory/AiFactory.cpp.o
#25 1013.7 [1802/1834] Building CXX object modules/CMakeFiles/modules.dir/mod-playerbots/src/Bot/Engine/Strategy/CustomStrategy.cpp.o
#25 1014.0 [1803/1834] Building CXX object modules/CMakeFiles/modules.dir/mod-playerbots/src/Db/PlayerbotRepository.cpp.o
#25 1016.2 [1804/1834] Building CXX object modules/CMakeFiles/modules.dir/mod-playerbots/src/Bot/Engine/BuildSharedTriggerContexts.cpp.o
#25 1021.1 [1805/1834] Building CXX object modules/CMakeFiles/modules.dir/mod-playerbots/src/Bot/Engine/BuildSharedActionContexts.cpp.o
#25 1022.3 [1806/1834] Building CXX object modules/CMakeFiles/modules.dir/mod-playerbots/src/Mgr/Item/ItemVisitors.cpp.o
#25 1022.4 [1807/1834] Building CXX object modules/CMakeFiles/modules.dir/mod-playerbots/src/Mgr/Text/PlayerbotTextMgr.cpp.o
#25 1023.3 [1808/1834] Building CXX object modules/CMakeFiles/modules.dir/mod-playerbots/src/Bot/Factory/RandomPlayerbotFactory.cpp.o
#25 1023.4 [1809/1834] Building CXX object modules/CMakeFiles/modules.dir/mod-playerbots/src/Mgr/Item/StatsCollector.cpp.o
#25 1023.4 [1810/1834] Building CXX object modules/CMakeFiles/modules.dir/mod-playerbots/src/Script/playerbots_loader.cpp.o
#25 1025.0 [1811/1834] Building CXX object modules/CMakeFiles/modules.dir/mod-playerbots/src/Mgr/Guild/PlayerbotGuildMgr.cpp.o
#25 1025.1 [1812/1834] Building CXX object modules/CMakeFiles/modules.dir/mod-playerbots/src/Mgr/Item/StatsWeightCalculator.cpp.o
#25 1025.6 [1813/1834] Building CXX object modules/CMakeFiles/modules.dir/mod-playerbots/src/Bot/Factory/PlayerbotFactory.cpp.o
#25 1026.1 [1814/1834] Building CXX object modules/CMakeFiles/modules.dir/mod-playerbots/src/Mgr/Guild/GuildTaskMgr.cpp.o
#25 1026.3 [1815/1834] Building CXX object modules/CMakeFiles/modules.dir/mod-playerbots/src/Mgr/Item/LootObjectStack.cpp.o
#25 1027.6 [1816/1834] Building CXX object modules/CMakeFiles/modules.dir/mod-playerbots/src/Util/Helpers.cpp.o
#25 1028.3 [1817/1834] Building CXX object modules/CMakeFiles/modules.dir/mod-playerbots/src/Mgr/Talent/Talentspec.cpp.o
#25 1029.2 [1818/1834] Building CXX object modules/CMakeFiles/modules.dir/mod-playerbots/src/Mgr/Move/FleeManager.cpp.o
#25 1029.3 [1819/1834] Building CXX object modules/CMakeFiles/modules.dir/mod-playerbots/src/Script/WorldThr/PlayerbotWorldThreadProcessor.cpp.o
#25 1030.4 [1820/1834] Building CXX object modules/CMakeFiles/modules.dir/mod-playerbots/src/Mgr/Security/PlayerbotSecurity.cpp.o
#25 1032.2 [1821/1834] Building CXX object modules/CMakeFiles/modules.dir/mod-playerbots/src/Script/WorldThr/Queue.cpp.o
#25 1033.0 [1822/1834] Building CXX object modules/CMakeFiles/modules.dir/mod-playerbots/src/Mgr/Item/RandomItemMgr.cpp.o
#25 1038.4 [1823/1834] Building CXX object modules/CMakeFiles/modules.dir/mod-playerbots/src/Util/ServerFacade.cpp.o
#25 1039.0 [1824/1834] Building CXX object modules/CMakeFiles/modules.dir/mod-playerbots/src/Script/PlayerbotCommandScript.cpp.o
#25 1042.3 [1825/1834] Building CXX object modules/CMakeFiles/modules.dir/mod-playerbots/src/Script/PlayerbotsSecureLogin.cpp.o
#25 1042.5 [1826/1834] Building CXX object modules/CMakeFiles/modules.dir/mod-playerbots/src/Util/PlaceholderHelper.cpp.o
#25 1042.6 [1827/1834] Building CXX object modules/CMakeFiles/modules.dir/mod-playerbots/src/Util/EncounterHelpers.cpp.o
#25 1044.0 [1828/1834] Building CXX object modules/CMakeFiles/modules.dir/mod-playerbots/src/Script/Playerbots.cpp.o
#25 1045.7 [1829/1834] Building CXX object modules/CMakeFiles/modules.dir/mod-playerbots/src/Util/BroadcastHelper.cpp.o
#25 1049.1 [1830/1834] Building CXX object modules/CMakeFiles/modules.dir/mod-playerbots/src/Mgr/Travel/TravelMgr.cpp.o
#25 1053.0 [1831/1834] Building CXX object modules/CMakeFiles/modules.dir/mod-playerbots/src/Mgr/Travel/TravelNode.cpp.o
#25 1056.4 [1832/1834] Linking CXX static library modules/libmodules.a
#25 1057.1 [1833/1834] Linking CXX executable src/tools/dbimport
#25 1068.1 [1834/1834] Linking CXX executable src/server/apps/worldserver
#25 1068.6 -- Installing: /azerothcore/env/dist/etc/authserver.conf.dist
#25 1068.6 -- Installing: /azerothcore/env/dist/bin/authserver
#25 1068.6 -- Set non-toolchain portion of runtime path of "/azerothcore/env/dist/bin/authserver" to "/azerothcore/env/dist/lib"
#25 1068.6 -- Installing: /azerothcore/env/dist/etc/worldserver.conf.dist
#25 1068.6 -- Installing: /azerothcore/env/dist/bin/worldserver
#25 1069.1 -- Set non-toolchain portion of runtime path of "/azerothcore/env/dist/bin/worldserver" to "/azerothcore/env/dist/lib"
#25 1069.1 -- Installing: /azerothcore/env/dist/etc/dbimport.conf.dist
#25 1069.1 -- Installing: /azerothcore/env/dist/bin/dbimport
#25 1069.2 -- Set non-toolchain portion of runtime path of "/azerothcore/env/dist/bin/dbimport" to "/azerothcore/env/dist/lib"
#25 1069.2 -- Installing: /azerothcore/env/dist/bin/map_extractor
#25 1069.2 -- Set non-toolchain portion of runtime path of "/azerothcore/env/dist/bin/map_extractor" to "/azerothcore/env/dist/lib"
#25 1069.2 -- Installing: /azerothcore/env/dist/bin/mmaps_generator
#25 1069.2 -- Set non-toolchain portion of runtime path of "/azerothcore/env/dist/bin/mmaps_generator" to "/azerothcore/env/dist/lib"
#25 1069.2 -- Installing: /azerothcore/env/dist/bin/mmaps-config.yaml
#25 1069.2 -- Installing: /azerothcore/env/dist/bin/vmap4_assembler
#25 1069.2 -- Set non-toolchain portion of runtime path of "/azerothcore/env/dist/bin/vmap4_assembler" to "/azerothcore/env/dist/lib"
#25 1069.2 -- Installing: /azerothcore/env/dist/bin/vmap4_extractor
#25 1069.2 -- Set non-toolchain portion of runtime path of "/azerothcore/env/dist/bin/vmap4_extractor" to "/azerothcore/env/dist/lib"
#25 1069.2 -- Installing: /azerothcore/env/dist/etc/modules/playerbots.conf.dist
#25 DONE 1071.8s

#26 [ac-db-import runtime 2/4] COPY --from=build /azerothcore/env/dist/etc/ /azerothcore/env/ref/etc
#26 DONE 0.3s

#27 [ac-authserver runtime 3/4] RUN userdel --remove ubuntu   && addgroup --gid "1000" "acore"   && adduser --disabled-password --gecos '' --uid "1000" --gid "1000" "acore"   && passwd -d "acore"   && chown -R "acore:acore" /azerothcore
#27 0.594 userdel: ubuntu mail spool (/var/mail/ubuntu) not found
#27 0.765 info: Adding group `acore' (GID 1000) ...
#27 0.881 info: Adding user `acore' ...
#27 0.884 info: Adding new user `acore' (1000) with group `acore (1000)' ...
#27 1.061 info: Creating home directory `/home/acore' ...
#27 1.065 info: Copying files from `/etc/skel' ...
#27 1.107 info: Adding new user `acore' to supplemental / extra groups `users' ...
#27 1.110 info: Adding user `acore' to group `users' ...
#27 1.221 passwd: password changed.
#27 DONE 1.3s

#28 [ac-authserver runtime 4/4] COPY --chown=1000:1000      --chmod=755      apps/docker/entrypoint.sh /azerothcore/entrypoint.sh
#28 DONE 0.2s

#29 [ac-db-import build 5/8] COPY src /azerothcore/src
#29 CACHED

#30 [ac-db-import build 3/8] COPY conf /azerothcore/conf
#30 CACHED

#31 [ac-db-import build 7/8] WORKDIR /azerothcore/build
#31 CACHED

#32 [ac-db-import runtime 3/4] RUN userdel --remove ubuntu   && addgroup --gid "1000" "acore"   && adduser --disabled-password --gecos '' --uid "1000" --gid "1000" "acore"   && passwd -d "acore"   && chown -R "acore:acore" /azerothcore
#32 CACHED

#33 [ac-db-import build 2/8] COPY CMakeLists.txt /azerothcore/CMakeLists.txt
#33 CACHED

#34 [ac-db-import build 6/8] COPY modules /azerothcore/modules
#34 CACHED

#35 [ac-db-import build 8/8] RUN --mount=type=cache,target=/ccache,sharing=locked     --mount=type=bind,target=/azerothcore/.git,source=.git     git config --global --add safe.directory /azerothcore     && cmake /azerothcore        -G Ninja        -DCMAKE_INSTALL_PREFIX="/azerothcore/env/dist"         -DAPPS_BUILD="all"                                     -DTOOLS_BUILD="all"                          -DSCRIPTS="static"                                  -DMODULES="static"                                  -DWITH_WARNINGS="ON"                      -DCMAKE_BUILD_TYPE="RelWithDebInfo"                            -DCMAKE_CXX_COMPILER="clang++"                         -DCMAKE_C_COMPILER="clang"                             -DCMAKE_CXX_COMPILER_LAUNCHER="ccache"                 -DCMAKE_C_COMPILER_LAUNCHER="ccache"                   -DBoost_USE_STATIC_LIBS="ON"                        && cmake --build . --config "RelWithDebInfo" -j $(($(nproc) + 1))     && cmake --install . --config "RelWithDebInfo"
#35 CACHED

#36 [ac-db-import runtime 2/4] COPY --from=build /azerothcore/env/dist/etc/ /azerothcore/env/ref/etc
#36 CACHED

#37 [ac-db-import runtime 4/4] COPY --chown=1000:1000      --chmod=755      apps/docker/entrypoint.sh /azerothcore/entrypoint.sh
#37 CACHED

#38 [ac-db-import build 4/8] COPY deps /azerothcore/deps
#38 CACHED

#39 [ac-authserver authserver 1/1] COPY --chown=acore:acore      --from=build      /azerothcore/env/dist/bin/authserver /azerothcore/env/dist/bin/authserver
#39 DONE 0.4s

#40 [ac-db-import db-import 1/3] COPY --chown=acore:acore     data data
#40 ...

#41 [ac-worldserver worldserver 1/1] COPY --chown=acore:acore      --from=build      /azerothcore/env/dist/bin/worldserver /azerothcore/env/dist/bin/worldserver
#41 DONE 1.7s

#42 [ac-authserver] exporting to image
#42 exporting layers
#42 ...

#43 [ac-worldserver] exporting to image
#43 ...

#40 [ac-db-import db-import 1/3] COPY --chown=acore:acore     data data
#40 DONE 20.2s

#44 [ac-db-import db-import 2/3] COPY --chown=acore:acore     modules modules
#44 DONE 7.1s

#42 [ac-authserver] exporting to image
#42 ...

#45 [ac-db-import db-import 3/3] COPY --chown=acore:acore     --from=build      /azerothcore/env/dist/bin/dbimport /azerothcore/env/dist/bin/dbimport
#45 DONE 4.3s

#43 [ac-worldserver] exporting to image
#43 ...

#46 [ac-db-import] exporting to image
#46 exporting layers
#46 ...

#42 [ac-authserver] exporting to image
#42 exporting layers 35.9s done
#42 exporting manifest sha256:5cc17c7cdbbe565e07a1949c400f3c3fd5a69489563c9caf595d784b7ad3c147 0.7s done
#42 exporting config sha256:c4209aaf31406bbd727a917320633c0af40104a94ef5f32af2bb90331af553fb
#42 exporting config sha256:c4209aaf31406bbd727a917320633c0af40104a94ef5f32af2bb90331af553fb 1.3s done
#42 exporting attestation manifest sha256:22f56d0b5b402aa677e7d3c25a997287c6f932868219893328f4262ced4a4d75
#42 exporting attestation manifest sha256:22f56d0b5b402aa677e7d3c25a997287c6f932868219893328f4262ced4a4d75 1.5s done
#42 exporting manifest list sha256:fb7b9b890ee0a589721466db1a1b4ea3d5df8285de6444050dacb5aa88d3ba63
#42 exporting manifest list sha256:fb7b9b890ee0a589721466db1a1b4ea3d5df8285de6444050dacb5aa88d3ba63 0.6s done
#42 naming to yulon.local/ac-wotlk-authserver:native-243c46e3
#42 naming to yulon.local/ac-wotlk-authserver:native-243c46e3 0.1s done
#42 unpacking to yulon.local/ac-wotlk-authserver:native-243c46e3
#42 unpacking to yulon.local/ac-wotlk-authserver:native-243c46e3 4.4s done
#42 DONE 45.3s

#43 [ac-worldserver] exporting to image
#43 exporting layers 34.0s done
#43 exporting manifest sha256:192f6a9245d11c14b9fb1f2302125f05e06e026cfd61d74a7620aa40f5cee47d 0.9s done
#43 exporting config sha256:756c08016666939744b7632f0fd20ee2f88ee4dd0168e8090b1b3b4acbc9268c 1.2s done
#43 exporting attestation manifest sha256:45eb89238d5d3a6266642697b90eae59e148d584e1a07d34762dc9196e7faea8 1.4s done
#43 exporting manifest list sha256:d067617bc2fec7ef93e0a698da1006c2ec87f1b7928188a47cf535d5c8ab062e 0.6s done
#43 naming to yulon.local/ac-wotlk-worldserver:native-243c46e3 0.1s done
#43 unpacking to yulon.local/ac-wotlk-worldserver:native-243c46e3
#43 ...

#47 [ac-authserver] resolving provenance for metadata file
#47 DONE 0.0s

#46 [ac-db-import] exporting to image
#46 ...

#43 [ac-worldserver] exporting to image
#43 unpacking to yulon.local/ac-wotlk-worldserver:native-243c46e3 8.2s done
#43 DONE 47.3s

#46 [ac-db-import] exporting to image
#46 ...

#48 [ac-worldserver] resolving provenance for metadata file
#48 DONE 0.0s

#46 [ac-db-import] exporting to image
#46 exporting layers 45.7s done
#46 exporting manifest sha256:37dddda3c75830b4c0f5c88311df160ef9e7578800d9e9519416b14b49bd7077 0.1s done
#46 exporting config sha256:89bbe8d55dd733b9fe1e353e8797c179350ad8737b1de3998963f78539e338eb 0.1s done
#46 exporting attestation manifest sha256:c62fa20d29d93f85f83269230e5520ae400b53428bce8fb133521e6bccebc1ad
#46 exporting attestation manifest sha256:c62fa20d29d93f85f83269230e5520ae400b53428bce8fb133521e6bccebc1ad 0.6s done
#46 exporting manifest list sha256:d300a0f227a1b3e617dd1774b2ecf34f0adc70d5799948b659c5491adb33fb8b
#46 exporting manifest list sha256:d300a0f227a1b3e617dd1774b2ecf34f0adc70d5799948b659c5491adb33fb8b 0.1s done
#46 naming to yulon.local/ac-wotlk-db-import:native-243c46e3 0.0s done
#46 unpacking to yulon.local/ac-wotlk-db-import:native-243c46e3
#46 unpacking to yulon.local/ac-wotlk-db-import:native-243c46e3 10.3s done
#46 DONE 57.7s

#49 [ac-db-import] resolving provenance for metadata file
#49 DONE 0.0s
 yulon.local/ac-wotlk-authserver:native-243c46e3  Built
 yulon.local/ac-wotlk-client-data:native-243c46e3  Built
 yulon.local/ac-wotlk-db-import:native-243c46e3  Built
 yulon.local/ac-wotlk-worldserver:native-243c46e3  Built
The build finished.
Step 5 of 9 (55%): client-data
--- client-data
The part of the download that finished is kept: the fetch resumes from where it stopped.
Fetching server data (ac-client-data-init). The download resumes if it is interrupted.
Attaching to ac-client-data-init
ac-client-data-init  | yulon: downloading client data v20.0 (resumable)
[driver] still running; 115s since the last output
ac-client-data-init  | yulon: extracting client data v20.0
ac-client-data-init  | yulon: client data v20.0 installed

[Kac-client-data-init exited with code 0
 Network yulon-wow-wotlk-243c46e3_default  Creating
 Network yulon-wow-wotlk-243c46e3_default  Created
 Volume yulon-wow-wotlk-243c46e3_client-data  Creating
 Volume yulon-wow-wotlk-243c46e3_client-data  Created
 Container ac-client-data-init  Creating
 Container ac-client-data-init  Created
ac-client-data-init  |   % Total    % Received % Xferd  Average Speed   Time    Time     Time  Current
ac-client-data-init  |                                  Dload  Upload   Total   Spent    Left  Speed
ac-client-data-init  | 
  0     0    0     0    0     0      0      0 --:--:-- --:--:-- --:--:--     0
  0     0    0     0    0     0      0      0 --:--:-- --:--:-- --:--:--     0
  0     0    0     0    0     0      0      0 --:--:-- --:--:-- --:--:--     0
ac-client-data-init  | 
  0 1140M    0 5439k    0     0  4929k      0  0:03:56  0:00:01  0:03:55 4929k
  2 1140M    2 23.1M    0     0  11.0M      0  0:01:43  0:00:02  0:01:41 17.8M
  3 1140M    3 40.0M    0     0  12.2M      0  0:01:33  0:00:03  0:01:30 16.0M
  4 1140M    4 52.0M    0     0  12.6M      0  0:01:30  0:00:04  0:01:26 15.5M
  5 1140M    5 67.1M    0     0  13.1M      0  0:01:26  0:00:05  0:01:21 15.4M
  7 1140M    7 81.6M    0     0  13.3M      0  0:01:25  0:00:06  0:01:19 15.2M
  8 1140M    8 92.8M    0     0  13.0M      0  0:01:27  0:00:07  0:01:20 13.9M
  8 1140M    8  102M    0     0  12.6M      0  0:01:30  0:00:08  0:01:22 12.8M
  9 1140M    9  110M    0     0  12.1M      0  0:01:33  0:00:09  0:01:24 11.7M
 10 1140M   10  117M    0     0  11.5M      0  0:01:38  0:00:10  0:01:28  9.9M
 10 1140M   10  124M    0     0  11.2M      0  0:01:41  0:00:11  0:01:30 8826k
 11 1140M   11  133M    0     0  11.0M      0  0:01:43  0:00:12  0:01:31 8315k
 12 1140M   12  143M    0     0  10.9M      0  0:01:44  0:00:13  0:01:31 8458k
 13 1140M   13  155M    0     0  11.0M      0  0:01:43  0:00:14  0:01:29 9171k
 14 1140M   14  167M    0     0  11.0M      0  0:01:42  0:00:15  0:01:27 10.0M
 15 1140M   15  176M    0     0  10.9M      0  0:01:43  0:00:16  0:01:27 10.4M
 16 1140M   16  187M    0     0  10.9M      0  0:01:44  0:00:17  0:01:27 10.8M
 17 1140M   17  197M    0     0  10.9M      0  0:01:44  0:00:18  0:01:26 10.7M
 18 1140M   18  206M    0     0  10.8M      0  0:01:45  0:00:19  0:01:26 10.1M
 18 1140M   18  215M    0     0  10.4M      0  0:01:49  0:00:20  0:01:29 8939k
 19 1140M   19  218M    0     0  10.3M      0  0:01:50  0:00:21  0:01:29 8572k
 19 1140M   19  227M    0     0  10.2M      0  0:01:50  0:00:22  0:01:28 8118k
 20 1140M   20  236M    0     0  10.2M      0  0:01:51  0:00:23  0:01:28 8116k
 21 1140M   21  244M    0     0  10.1M      0  0:01:52  0:00:24  0:01:28 7802k
 21 1140M   21  250M    0     0   9.9M      0  0:01:54  0:00:25  0:01:29 8042k
 22 1140M   22  258M    0     0   9.9M      0  0:01:55  0:00:26  0:01:29 8118k
 23 1140M   23  264M    0     0  9998k      0  0:01:56  0:00:27  0:01:29 7667k
 23 1140M   23  272M    0     0  9918k      0  0:01:57  0:00:28  0:01:29 7216k
 24 1140M   24  281M    0     0  9899k      0  0:01:58  0:00:29  0:01:29 7524k
 25 1140M   25  291M    0     0  9910k      0  0:01:57  0:00:30  0:01:27 8327k
 26 1140M   26  302M    0     0  9943k      0  0:01:57  0:00:31  0:01:26 8918k
 27 1140M   27  313M    0     0   9.7M      0  0:01:56  0:00:32  0:01:24  9.7M
 28 1140M   28  322M    0     0  9962k      0  0:01:57  0:00:33  0:01:24  9.9M
 28 1140M   28  326M    0     0  9799k      0  0:01:59  0:00:34  0:01:25 9219k
 29 1140M   29  332M    0     0  9570k      0  0:02:02  0:00:35  0:01:27 7689k
 29 1140M   29  335M    0     0  9517k      0  0:02:02  0:00:36  0:01:26 6873k
 30 1140M   30  342M    0     0  9463k      0  0:02:03  0:00:37  0:01:26 5998k
 30 1140M   30  351M    0     0  9453k      0  0:02:03  0:00:38  0:01:25 6080k
 31 1140M   31  361M    0     0  9460k      0  0:02:03  0:00:39  0:01:24 7148k
 32 1140M   32  372M    0     0  9499k      0  0:02:02  0:00:40  0:01:22 8945k
 33 1140M   33  384M    0     0  9578k      0  0:02:01  0:00:41  0:01:20  9.7M
 34 1140M   34  394M    0     0  9587k      0  0:02:01  0:00:42  0:01:19 10.2M
 35 1140M   35  406M    0     0  9666k      0  0:02:00  0:00:43  0:01:17 11.0M
 36 1140M   36  422M    0     0  9798k      0  0:01:59  0:00:44  0:01:15 12.1M
 38 1140M   38  435M    0     0  9894k      0  0:01:58  0:00:45  0:01:13 12.7M
 39 1140M   39  449M    0     0  9989k      0  0:01:56  0:00:46  0:01:10 13.0M
 40 1140M   40  464M    0     0   9.8M      0  0:01:55  0:00:47  0:01:08 14.0M
 41 1140M   41  477M    0     0   9.9M      0  0:01:54  0:00:48  0:01:06 14.1M
 43 1140M   43  490M    0     0   9.9M      0  0:01:54  0:00:49  0:01:05 13.7M
 44 1140M   44  503M    0     0  10.0M      0  0:01:53  0:00:50  0:01:03 13.5M
 45 1140M   45  516M    0     0  10.1M      0  0:01:52  0:00:51  0:01:01 13.3M
 46 1140M   46  530M    0     0  10.1M      0  0:01:52  0:00:52  0:01:00 13.2M
 47 1140M   47  546M    0     0  10.2M      0  0:01:50  0:00:53  0:00:57 13.7M
 49 1140M   49  563M    0     0  10.4M      0  0:01:49  0:00:54  0:00:55 14.5M
 50 1140M   50  575M    0     0  10.4M      0  0:01:49  0:00:55  0:00:54 14.2M
 51 1140M   51  586M    0     0  10.4M      0  0:01:49  0:00:56  0:00:53 14.0M
 52 1140M   52  596M    0     0  10.4M      0  0:01:49  0:00:57  0:00:52 13.2M
 53 1140M   53  610M    0     0  10.5M      0  0:01:48  0:00:58  0:00:50 12.7M
 54 1140M   54  624M    0     0  10.5M      0  0:01:47  0:00:59  0:00:48 12.2M
 55 1140M   55  638M    0     0  10.6M      0  0:01:47  0:01:00  0:00:47 12.7M
 57 1140M   57  651M    0     0  10.6M      0  0:01:46  0:01:01  0:00:45 12.9M
 58 1140M   58  663M    0     0  10.6M      0  0:01:46  0:01:02  0:00:44 13.3M
 59 1140M   59  677M    0     0  10.7M      0  0:01:46  0:01:03  0:00:43 13.3M
 60 1140M   60  686M    0     0  10.7M      0  0:01:46  0:01:04  0:00:42 12.3M
 60 1140M   60  693M    0     0  10.6M      0  0:01:47  0:01:05  0:00:42 10.8M
 61 1140M   61  701M    0     0  10.6M      0  0:01:47  0:01:06  0:00:41  9.9M
 62 1140M   62  710M    0     0  10.5M      0  0:01:47  0:01:07  0:00:40 9651k
 62 1140M   62  718M    0     0  10.5M      0  0:01:48  0:01:08  0:00:40 8483k
 63 1140M   63  726M    0     0  10.5M      0  0:01:48  0:01:09  0:00:39 8288k
 64 1140M   64  734M    0     0  10.4M      0  0:01:48  0:01:10  0:00:38 8421k
 64 1140M   64  741M    0     0  10.4M      0  0:01:49  0:01:11  0:00:38 8204k
 65 1140M   65  748M    0     0  10.3M      0  0:01:49  0:01:12  0:00:37 7820k
 66 1140M   66  755M    0     0  10.3M      0  0:01:50  0:01:13  0:00:37 7621k
 66 1140M   66  762M    0     0  10.2M      0  0:01:50  0:01:14  0:00:36 7369k
 67 1140M   67  768M    0     0  10.2M      0  0:01:51  0:01:15  0:00:36 7053k
 67 1140M   67  775M    0     0  10.1M      0  0:01:51  0:01:16  0:00:35 7004k
 68 1140M   68  781M    0     0  10.1M      0  0:01:52  0:01:17  0:00:35 6809k
 69 1140M   69  788M    0     0  10.1M      0  0:01:52  0:01:18  0:00:34 6790k
 69 1140M   69  796M    0     0  10.0M      0  0:01:53  0:01:19  0:00:34 7011k
 70 1140M   70  803M    0     0  10.0M      0  0:01:53  0:01:20  0:00:33 7065k
 70 1140M   70  808M    0     0   9.9M      0  0:01:54  0:01:21  0:00:33 6806k
 71 1140M   71  815M    0     0   9.9M      0  0:01:54  0:01:22  0:00:32 6924k
 72 1140M   72  821M    0     0   9.8M      0  0:01:55  0:01:23  0:00:32 6767k
 72 1140M   72  829M    0     0   9.8M      0  0:01:55  0:01:24  0:00:31 6566k
 73 1140M   73  836M    0     0   9.8M      0  0:01:55  0:01:25  0:00:30 6933k
 74 1140M   74  846M    0     0   9.8M      0  0:01:55  0:01:26  0:00:29 7766k
 75 1140M   75  857M    0     0   9.8M      0  0:01:55  0:01:27  0:00:28 8608k
 76 1140M   76  869M    0     0   9.8M      0  0:01:55  0:01:28  0:00:27 9742k
 77 1140M   77  882M    0     0   9.9M      0  0:01:55  0:01:29  0:00:26 10.7M
 78 1140M   78  892M    0     0   9.9M      0  0:01:55  0:01:30  0:00:25 11.1M
 78 1140M   78  897M    0     0   9.8M      0  0:01:55  0:01:31  0:00:24 10.1M
 79 1140M   79  902M    0     0   9.8M      0  0:01:56  0:01:32  0:00:24 9203k
 79 1140M   79  908M    0     0  9991k      0  0:01:56  0:01:33  0:00:23 7984k
 80 1140M   80  914M    0     0  9946k      0  0:01:57  0:01:34  0:00:23 6425k
 80 1140M   80  921M    0     0  9917k      0  0:01:57  0:01:35  0:00:22 5849k
 81 1140M   81  928M    0     0  9897k      0  0:01:58  0:01:36  0:00:22 6398k
 82 1140M   82  938M    0     0  9895k      0  0:01:58  0:01:37  0:00:21 7295k
 83 1140M   83  949M    0     0  9909k      0  0:01:57  0:01:38  0:00:19 8377k
 84 1140M   84  961M    0     0  9933k      0  0:01:57  0:01:39  0:00:18 9689k
 85 1140M   85  971M    0     0  9938k      0  0:01:57  0:01:40  0:00:17 10.0M
 85 1140M   85  979M    0     0  9920k      0  0:01:57  0:01:41  0:00:16 10.1M
 86 1140M   86  988M    0     0  9918k      0  0:01:57  0:01:42  0:00:15 10.1M
 87 1140M   87  998M    0     0  9917k      0  0:01:57  0:01:43  0:00:14  9.8M
 88 1140M   88 1007M    0     0  9906k      0  0:01:57  0:01:44  0:00:13 9366k
 88 1140M   88 1014M    0     0  9879k      0  0:01:58  0:01:45  0:00:13 8707k
 89 1140M   89 1021M    0     0  9862k      0  0:01:58  0:01:46  0:00:12 8681k
 90 1140M   90 1028M    0     0  9836k      0  0:01:58  0:01:47  0:00:11 8182k
 90 1140M   90 1035M    0     0  9808k      0  0:01:59  0:01:48  0:00:11 7573k
 91 1140M   91 1039M    0     0  9753k      0  0:01:59  0:01:49  0:00:10 6566k
 91 1140M   91 1043M    0     0  9704k      0  0:02:00  0:01:50  0:00:10 6012k
 91 1140M   91 1048M    0     0  9665k      0  0:02:00  0:01:51  0:00:09 5488k
 92 1140M   92 1053M    0     0  9626k      0  0:02:01  0:01:52  0:00:09 5109k
 92 1140M   92 1059M    0     0  9593k      0  0:02:01  0:01:53  0:00:08 4926k
 93 1140M   93 1066M    0     0  9574k      0  0:02:02  0:01:54  0:00:08 5655k
 94 1140M   94 1073M    0     0  9553k      0  0:02:02  0:01:55  0:00:07 6238k
 94 1140M   94 1079M    0     0  9516k      0  0:02:02  0:01:56  0:00:06 6206k
 95 1140M   95 1085M    0     0  9488k      0  0:02:03  0:01:57  0:00:06 6428k
 95 1140M   95 1090M    0     0  9454k      0  0:02:03  0:01:58  0:00:05 6314k
 96 1140M   96 1096M    0     0  9430k      0  0:02:03  0:01:59  0:00:04 6166k
 96 1140M   96 1104M    0     0  9420k      0  0:02:04  0:02:00  0:00:04 6355k
 97 1140M   97 1112M    0     0  9409k      0  0:02:04  0:02:01  0:00:03 6926k
 98 1140M   98 1123M    0     0  9421k      0  0:02:03  0:02:02  0:00:01 7835k
 99 1140M   99 1135M    0     0  9445k      0  0:02:03  0:02:03 --:--:-- 9241k
100 1140M  100 1140M    0     0  9458k      0  0:02:03  0:02:03 --:--:--  9.9M
Server data is in place.
Step 6 of 9 (66%): start-db
--- start-db
Starting the database, which the import writes into.
2026-09-04 20:02:22 INFO [yulon.docker] start_database(): starting ac-database alone
The database is up.
Step 7 of 9 (77%): import
--- import
Databases left half-written are detected and cleared before the import is run again, so nothing here has to be undone by hand.
The databases read as absent: none of acore_auth, acore_characters, acore_world exists on this server yet
Importing the databases (ac-db-import). This takes several minutes.
Attaching to ac-db-import
ac-db-import  | '/azerothcore/env/ref/etc/authserver.conf.dist' -> '/azerothcore/env/dist/etc/authserver.conf.dist'
ac-db-import  | '/azerothcore/env/ref/etc/dbimport.conf.dist' -> '/azerothcore/env/dist/etc/dbimport.conf.dist'
ac-db-import  | '/azerothcore/env/ref/etc/modules' -> '/azerothcore/env/dist/etc/modules'
ac-db-import  | '/azerothcore/env/ref/etc/modules/playerbots.conf.dist' -> '/azerothcore/env/dist/etc/modules/playerbots.conf.dist'
ac-db-import  | '/azerothcore/env/ref/etc/worldserver.conf.dist' -> '/azerothcore/env/dist/etc/worldserver.conf.dist'
ac-db-import  | '/azerothcore/env/dist/etc/dbimport.conf.dist' -> '/azerothcore/env/dist/etc/dbimport.conf'
ac-db-import  | Starting dbimport...
ac-db-import  | [36mAzerothCore rev. 413bea61a85e+ 2026-09-04 09:03:49 -0700 (Playerbot branch) (Unix, RelWithDebInfo, Static) (dbimport)
ac-db-import  | [0m[36m<Ctrl-C> to stop.
ac-db-import  | 
ac-db-import  | [0m[36m   █████╗ ███████╗███████╗██████╗  ██████╗ ████████╗██╗  ██╗
ac-db-import  | [0m[36m  ██╔══██╗╚══███╔╝██╔════╝██╔══██╗██╔═══██╗╚══██╔══╝██║  ██║
ac-db-import  | [0m[36m  ███████║  ███╔╝ █████╗  ██████╔╝██║   ██║   ██║   ███████║
ac-db-import  | [0m[36m  ██╔══██║ ███╔╝  ██╔══╝  ██╔══██╗██║   ██║   ██║   ██╔══██║
ac-db-import  | [0m[36m  ██║  ██║███████╗███████╗██║  ██║╚██████╔╝   ██║   ██║  ██║
ac-db-import  | [0m[36m  ╚═╝  ╚═╝╚══════╝╚══════╝╚═╝  ╚═╝ ╚═════╝    ╚═╝   ╚═╝  ╚═╝
ac-db-import  | [0m[36m                                 ██████╗ ██████╗ ██████╗ ███████╗
ac-db-import  | [0m[36m                                ██╔════╝██╔═══██╗██╔══██╗██╔════╝
ac-db-import  | [0m[36m                                ██║     ██║   ██║██████╔╝█████╗
ac-db-import  | [0m[36m                                ██║     ██║   ██║██╔══██╗██╔══╝
ac-db-import  | [0m[36m                                ╚██████╗╚██████╔╝██║  ██║███████╗
ac-db-import  | [0m[36m                                 ╚═════╝ ╚═════╝ ╚═╝  ╚═╝╚══════╝
ac-db-import  | 
ac-db-import  | [0m[36m     AzerothCore 3.3.5a  -  www.azerothcore.org
ac-db-import  | 
ac-db-import  | [0m[36m> Using configuration file:       /azerothcore/env/dist/etc/dbimport.conf
ac-db-import  | [0m[36m> Using SSL version:              OpenSSL 3.0.13 30 Jan 2024 (library: OpenSSL 3.0.13 30 Jan 2024)
ac-db-import  | [0m[36m> Using Boost version:            1.83.0
ac-db-import  | [0m[36m 
ac-db-import  | [0m[36mConfiguration field WorldDatabaseInfo was overridden with environment variable.
ac-db-import  | [0m[36mConfiguration field CharacterDatabaseInfo was overridden with environment variable.
ac-db-import  | [0m[36mConfiguration field LoginDatabaseInfo was overridden with environment variable.
ac-db-import  | [0m[36mConfiguration field LogsDir was overridden with environment variable.
ac-db-import  | [0m[36mLoading modules: all
ac-db-import  | [0m[36mOpening DatabasePool 'acore_auth'. Asynchronous connections: 1, synchronous connections: 1.
ac-db-import  | [0m[33mDatabase "acore_auth" does not exist
ac-db-import  | [0mDo you want to create it? [yes (default) / no]:
ac-db-import  | [36mCreating database "acore_auth"...
ac-db-import  | [0m[36mDone.
ac-db-import  | [0m[36m 
ac-db-import  | [0m[36mOpening DatabasePool 'acore_auth'. Asynchronous connections: 1, synchronous connections: 1.
ac-db-import  | [0m[36mMySQL client library: 8.0.46
ac-db-import  | [0m[36mMySQL server ver: 8.4.11 
ac-db-import  | [0m[36mConnected to MySQL database at ac-database
ac-db-import  | [0m[36mMySQL client library: 8.0.46
ac-db-import  | [0m[36mMySQL server ver: 8.4.11 
ac-db-import  | [0m[36mConnected to MySQL database at ac-database
ac-db-import  | [0m[36mDatabasePool 'acore_auth' opened successfully. 2 total connections running.
ac-db-import  | [0m[36m 
ac-db-import  | [0m[36mOpening DatabasePool 'acore_characters'. Asynchronous connections: 1, synchronous connections: 1.
ac-db-import  | [0m[33mDatabase "acore_characters" does not exist
ac-db-import  | [0mDo you want to create it? [yes (default) / no]:
ac-db-import  | [36mCreating database "acore_characters"...
ac-db-import  | [0m[36mDone.
ac-db-import  | [0m[36m 
ac-db-import  | [0m[36mOpening DatabasePool 'acore_characters'. Asynchronous connections: 1, synchronous connections: 1.
ac-db-import  | [0m[36mMySQL client library: 8.0.46
ac-db-import  | [0m[36mMySQL server ver: 8.4.11 
ac-db-import  | [0m[36mConnected to MySQL database at ac-database
ac-db-import  | [0m[36mMySQL client library: 8.0.46
ac-db-import  | [0m[36mMySQL server ver: 8.4.11 
ac-db-import  | [0m[36mConnected to MySQL database at ac-database
ac-db-import  | [0m[36mDatabasePool 'acore_characters' opened successfully. 2 total connections running.
ac-db-import  | [0m[36m 
ac-db-import  | [0m[36mOpening DatabasePool 'acore_world'. Asynchronous connections: 1, synchronous connections: 1.
ac-db-import  | [0m[33mDatabase "acore_world" does not exist
ac-db-import  | [0mDo you want to create it? [yes (default) / no]:
ac-db-import  | [36mCreating database "acore_world"...
ac-db-import  | [0m[36mDone.
ac-db-import  | [0m[36m 
ac-db-import  | [0m[36mOpening DatabasePool 'acore_world'. Asynchronous connections: 1, synchronous connections: 1.
ac-db-import  | [0m[36mMySQL client library: 8.0.46
ac-db-import  | [0m[36mMySQL server ver: 8.4.11 
ac-db-import  | [0m[36mConnected to MySQL database at ac-database
ac-db-import  | [0m[36mMySQL client library: 8.0.46
ac-db-import  | [0m[36mMySQL server ver: 8.4.11 
ac-db-import  | [0m[36mConnected to MySQL database at ac-database
ac-db-import  | [0m[36mDatabasePool 'acore_world' opened successfully. 2 total connections running.
ac-db-import  | [0m[36m 
ac-db-import  | [0m[36mDatabase Auth is empty, auto populating it...
ac-db-import  | [0m[36m>> Applying 'account.sql'...
ac-db-import  | [0m[36m>> Applying 'account_access.sql'...
ac-db-import  | [0m[36m>> Applying 'account_banned.sql'...
ac-db-import  | [0m[36m>> Applying 'account_muted.sql'...
ac-db-import  | [0m[36m>> Applying 'autobroadcast.sql'...
ac-db-import  | [0m[36m>> Applying 'autobroadcast_locale.sql'...
ac-db-import  | [0m[36m>> Applying 'build_info.sql'...
ac-db-import  | [0m[36m>> Applying 'ip_banned.sql'...
ac-db-import  | [0m[36m>> Applying 'logs.sql'...
ac-db-import  | [0m[36m>> Applying 'logs_ip_actions.sql'...
ac-db-import  | [0m[36m>> Applying 'motd.sql'...
ac-db-import  | [0m[36m>> Applying 'motd_localized.sql'...
ac-db-import  | [0m[36m>> Applying 'rbac_account_permissions.sql'...
ac-db-import  | [0m[36m>> Applying 'rbac_default_permissions.sql'...
ac-db-import  | [0m[36m>> Applying 'rbac_linked_permissions.sql'...
ac-db-import  | [0m[36m>> Applying 'rbac_permissions.sql'...
ac-db-import  | [0m[36m>> Applying 'realmcharacters.sql'...
ac-db-import  | [0m[36m>> Applying 'realmlist.sql'...
ac-db-import  | [0m[36m>> Applying 'secret_digest.sql'...
ac-db-import  | [0m[36m>> Applying 'updates.sql'...
ac-db-import  | [0m[36m>> Applying 'updates_include.sql'...
ac-db-import  | [0m[36m>> Applying 'uptime.sql'...
ac-db-import  | [0m[36m>> Done!
ac-db-import  | [0m[36m 
ac-db-import  | [0m[36mDatabase Character is empty, auto populating it...
ac-db-import  | [0m[36m>> Applying 'account_data.sql'...
ac-db-import  | [0m[36m>> Applying 'account_instance_times.sql'...
ac-db-import  | [0m[36m>> Applying 'account_tutorial.sql'...
ac-db-import  | [0m[36m>> Applying 'active_arena_season.sql'...
ac-db-import  | [0m[36m>> Applying 'addons.sql'...
ac-db-import  | [0m[36m>> Applying 'arena_team.sql'...
ac-db-import  | [0m[36m>> Applying 'arena_team_member.sql'...
ac-db-import  | [0m[36m>> Applying 'auctionhouse.sql'...
ac-db-import  | [0m[36m>> Applying 'banned_addons.sql'...
ac-db-import  | [0m[36m>> Applying 'battleground_deserters.sql'...
ac-db-import  | [0m[36m>> Applying 'bugreport.sql'...
ac-db-import  | [0m[36m>> Applying 'calendar_events.sql'...
ac-db-import  | [0m[36m>> Applying 'calendar_invites.sql'...
ac-db-import  | [0m[36m>> Applying 'channels.sql'...
ac-db-import  | [0m[36m>> Applying 'channels_bans.sql'...
ac-db-import  | [0m[36m>> Applying 'channels_rights.sql'...
ac-db-import  | [0m[36m>> Applying 'character_account_data.sql'...
ac-db-import  | [0m[36m>> Applying 'character_achievement.sql'...
ac-db-import  | [0m[36m>> Applying 'character_achievement_offline_updates.sql'...
ac-db-import  | [0m[36m>> Applying 'character_achievement_progress.sql'...
ac-db-import  | [0m[36m>> Applying 'character_action.sql'...
ac-db-import  | [0m[36m>> Applying 'character_arena_stats.sql'...
ac-db-import  | [0m[36m>> Applying 'character_aura.sql'...
ac-db-import  | [0m[36m>> Applying 'character_banned.sql'...
ac-db-import  | [0m[36m>> Applying 'character_battleground_random.sql'...
ac-db-import  | [0m[36m>> Applying 'character_brew_of_the_month.sql'...
ac-db-import  | [0m[36m>> Applying 'character_declinedname.sql'...
ac-db-import  | [0m[36m>> Applying 'character_entry_point.sql'...
ac-db-import  | [0m[36m>> Applying 'character_equipmentsets.sql'...
ac-db-import  | [0m[36m>> Applying 'character_gifts.sql'...
ac-db-import  | [0m[36m>> Applying 'character_glyphs.sql'...
ac-db-import  | [0m[36m>> Applying 'character_homebind.sql'...
ac-db-import  | [0m[36m>> Applying 'character_instance.sql'...
ac-db-import  | [0m[36m>> Applying 'character_inventory.sql'...
ac-db-import  | [0m[36m>> Applying 'character_pet.sql'...
ac-db-import  | [0m[36m>> Applying 'character_pet_declinedname.sql'...
ac-db-import  | [0m[36m>> Applying 'character_queststatus.sql'...
ac-db-import  | [0m[36m>> Applying 'character_queststatus_daily.sql'...
ac-db-import  | [0m[36m>> Applying 'character_queststatus_monthly.sql'...
ac-db-import  | [0m[36m>> Applying 'character_queststatus_rewarded.sql'...
ac-db-import  | [0m[36m>> Applying 'character_queststatus_seasonal.sql'...
ac-db-import  | [0m[36m>> Applying 'character_queststatus_weekly.sql'...
ac-db-import  | [0m[36m>> Applying 'character_reputation.sql'...
ac-db-import  | [0m[36m>> Applying 'character_settings.sql'...
ac-db-import  | [0m[36m>> Applying 'character_skills.sql'...
ac-db-import  | [0m[36m>> Applying 'character_social.sql'...
ac-db-import  | [0m[36m>> Applying 'character_spell.sql'...
ac-db-import  | [0m[36m>> Applying 'character_spell_cooldown.sql'...
ac-db-import  | [0m[36m>> Applying 'character_stats.sql'...
ac-db-import  | [0m[36m>> Applying 'character_talent.sql'...
ac-db-import  | [0m[36m>> Applying 'characters.sql'...
ac-db-import  | [0m[36m>> Applying 'chat_filter.sql'...
ac-db-import  | [0m[36m>> Applying 'corpse.sql'...
ac-db-import  | [0m[36m>> Applying 'creature_respawn.sql'...
ac-db-import  | [0m[36m>> Applying 'game_event_condition_save.sql'...
ac-db-import  | [0m[36m>> Applying 'game_event_save.sql'...
ac-db-import  | [0m[36m>> Applying 'gameobject_respawn.sql'...
ac-db-import  | [0m[36m>> Applying 'gm_subsurvey.sql'...
ac-db-import  | [0m[36m>> Applying 'gm_survey.sql'...
ac-db-import  | [0m[36m>> Applying 'gm_ticket.sql'...
ac-db-import  | [0m[36m>> Applying 'group_member.sql'...
ac-db-import  | [0m[36m>> Applying 'groups.sql'...
ac-db-import  | [0m[36m>> Applying 'guild.sql'...
ac-db-import  | [0m[36m>> Applying 'guild_bank_eventlog.sql'...
ac-db-import  | [0m[36m>> Applying 'guild_bank_item.sql'...
ac-db-import  | [0m[36m>> Applying 'guild_bank_right.sql'...
ac-db-import  | [0m[36m>> Applying 'guild_bank_tab.sql'...
ac-db-import  | [0m[36m>> Applying 'guild_eventlog.sql'...
ac-db-import  | [0m[36m>> Applying 'guild_member.sql'...
ac-db-import  | [0m[36m>> Applying 'guild_member_withdraw.sql'...
ac-db-import  | [0m[36m>> Applying 'guild_rank.sql'...
ac-db-import  | [0m[36m>> Applying 'instance.sql'...
ac-db-import  | [0m[36m>> Applying 'instance_reset.sql'...
ac-db-import  | [0m[36m>> Applying 'instance_saved_go_state_data.sql'...
ac-db-import  | [0m[36m>> Applying 'item_instance.sql'...
ac-db-import  | [0m[36m>> Applying 'item_loot_storage.sql'...
ac-db-import  | [0m[36m>> Applying 'item_refund_instance.sql'...
ac-db-import  | [0m[36m>> Applying 'item_soulbound_trade_data.sql'...
ac-db-import  | [0m[36m>> Applying 'lag_reports.sql'...
ac-db-import  | [0m[36m>> Applying 'lfg_data.sql'...
ac-db-import  | [0m[36m>> Applying 'log_arena_fights.sql'...
ac-db-import  | [0m[36m>> Applying 'log_arena_memberstats.sql'...
ac-db-import  | [0m[36m>> Applying 'log_encounter.sql'...
ac-db-import  | [0m[36m>> Applying 'log_money.sql'...
ac-db-import  | [0m[36m>> Applying 'mail.sql'...
ac-db-import  | [0m[36m>> Applying 'mail_items.sql'...
ac-db-import  | [0m[36m>> Applying 'mail_server_character.sql'...
ac-db-import  | [0m[36m>> Applying 'mail_server_template.sql'...
ac-db-import  | [0m[36m>> Applying 'mail_server_template_conditions.sql'...
ac-db-import  | [0m[36m>> Applying 'mail_server_template_items.sql'...
ac-db-import  | [0m[36m>> Applying 'pet_aura.sql'...
ac-db-import  | [0m[36m>> Applying 'pet_spell.sql'...
ac-db-import  | [0m[36m>> Applying 'pet_spell_cooldown.sql'...
ac-db-import  | [0m[36m>> Applying 'petition.sql'...
ac-db-import  | [0m[36m>> Applying 'petition_sign.sql'...
ac-db-import  | [0m[36m>> Applying 'pool_quest_save.sql'...
ac-db-import  | [0m[36m>> Applying 'profanity_name.sql'...
ac-db-import  | [0m[36m>> Applying 'pvpstats_battlegrounds.sql'...
ac-db-import  | [0m[36m>> Applying 'pvpstats_players.sql'...
ac-db-import  | [0m[36m>> Applying 'quest_tracker.sql'...
ac-db-import  | [0m[36m>> Applying 'recovery_item.sql'...
ac-db-import  | [0m[36m>> Applying 'reserved_name.sql'...
ac-db-import  | [0m[36m>> Applying 'spam_reports.sql'...
ac-db-import  | [0m[36m>> Applying 'updates.sql'...
ac-db-import  | [0m[36m>> Applying 'updates_include.sql'...
ac-db-import  | [0m[36m>> Applying 'warden_action.sql'...
ac-db-import  | [0m[36m>> Applying 'world_state.sql'...
ac-db-import  | [0m[36m>> Applying 'worldstates.sql'...
ac-db-import  | [0m[36m>> Done!
ac-db-import  | [0m[36m 
ac-db-import  | [0m[36mDatabase World is empty, auto populating it...
ac-db-import  | [0m[36m>> Applying 'achievement_category_dbc.sql'...
ac-db-import  | [0m[36m>> Applying 'achievement_criteria_data.sql'...
ac-db-import  | [0m[36m>> Applying 'achievement_criteria_dbc.sql'...
ac-db-import  | [0m[36m>> Applying 'achievement_dbc.sql'...
ac-db-import  | [0m[36m>> Applying 'achievement_reward.sql'...
ac-db-import  | [0m[36m>> Applying 'achievement_reward_locale.sql'...
ac-db-import  | [0m[36m>> Applying 'acore_string.sql'...
ac-db-import  | [0m[36m>> Applying 'antidos_opcode_policies.sql'...
ac-db-import  | [0m[36m>> Applying 'areagroup_dbc.sql'...
ac-db-import  | [0m[36m>> Applying 'areapoi_dbc.sql'...
ac-db-import  | [0m[36m>> Applying 'areatable_dbc.sql'...
ac-db-import  | [0m[36m>> Applying 'areatrigger.sql'...
ac-db-import  | [0m[36m>> Applying 'areatrigger_involvedrelation.sql'...
ac-db-import  | [0m[36m>> Applying 'areatrigger_scripts.sql'...
ac-db-import  | [0m[36m>> Applying 'areatrigger_tavern.sql'...
ac-db-import  | [0m[36m>> Applying 'areatrigger_teleport.sql'...
ac-db-import  | [0m[36m>> Applying 'arena_season_reward.sql'...
ac-db-import  | [0m[36m>> Applying 'arena_season_reward_group.sql'...
ac-db-import  | [0m[36m>> Applying 'auctionhouse_dbc.sql'...
ac-db-import  | [0m[36m>> Applying 'bankbagslotprices_dbc.sql'...
ac-db-import  | [0m[36m>> Applying 'barbershopstyle_dbc.sql'...
ac-db-import  | [0m[36m>> Applying 'battleground_template.sql'...
ac-db-import  | [0m[36m>> Applying 'battlemaster_entry.sql'...
ac-db-import  | [0m[36m>> Applying 'battlemasterlist_dbc.sql'...
ac-db-import  | [0m[36m>> Applying 'broadcast_text.sql'...
ac-db-import  | [0m[36m>> Applying 'broadcast_text_locale.sql'...
ac-db-import  | [0m[36m>> Applying 'charstartoutfit_dbc.sql'...
ac-db-import  | [0m[36m>> Applying 'chartitles_dbc.sql'...
ac-db-import  | [0m[36m>> Applying 'chatchannels_dbc.sql'...
ac-db-import  | [0m[36m>> Applying 'chrclasses_dbc.sql'...
ac-db-import  | [0m[36m>> Applying 'chrraces_dbc.sql'...
ac-db-import  | [0m[36m>> Applying 'cinematiccamera_dbc.sql'...
ac-db-import  | [0m[36m>> Applying 'cinematicsequences_dbc.sql'...
ac-db-import  | [0m[36m>> Applying 'command.sql'...
ac-db-import  | [0m[36m>> Applying 'conditions.sql'...
ac-db-import  | [0m[36m>> Applying 'creature.sql'...
ac-db-import  | [0m[36m>> Applying 'creature_addon.sql'...
ac-db-import  | [0m[36m>> Applying 'creature_classlevelstats.sql'...
ac-db-import  | [0m[36m>> Applying 'creature_default_trainer.sql'...
ac-db-import  | [0m[36m>> Applying 'creature_equip_template.sql'...
ac-db-import  | [0m[36m>> Applying 'creature_formations.sql'...
ac-db-import  | [0m[36m>> Applying 'creature_immunities.sql'...
ac-db-import  | [0m[36m>> Applying 'creature_loot_template.sql'...
ac-db-import  | [0m[36m>> Applying 'creature_model_info.sql'...
ac-db-import  | [0m[36m>> Applying 'creature_movement_override.sql'...
ac-db-import  | [0m[36m>> Applying 'creature_onkill_reputation.sql'...
ac-db-import  | [0m[36m>> Applying 'creature_questender.sql'...
ac-db-import  | [0m[36m>> Applying 'creature_questitem.sql'...
ac-db-import  | [0m[36m>> Applying 'creature_queststarter.sql'...
ac-db-import  | [0m[36m>> Applying 'creature_sparring.sql'...
ac-db-import  | [0m[36m>> Applying 'creature_summon_groups.sql'...
ac-db-import  | [0m[36m>> Applying 'creature_template.sql'...
ac-db-import  | [0m[36m>> Applying 'creature_template_addon.sql'...
ac-db-import  | [0m[36m>> Applying 'creature_template_locale.sql'...
ac-db-import  | [0m[36m>> Applying 'creature_template_model.sql'...
ac-db-import  | [0m[36m>> Applying 'creature_template_movement.sql'...
ac-db-import  | [0m[36m>> Applying 'creature_template_resistance.sql'...
ac-db-import  | [0m[36m>> Applying 'creature_template_spell.sql'...
ac-db-import  | [0m[36m>> Applying 'creature_text.sql'...
ac-db-import  | [0m[36m>> Applying 'creature_text_locale.sql'...
ac-db-import  | [0m[36m>> Applying 'creaturedisplayinfo_dbc.sql'...
ac-db-import  | [0m[36m>> Applying 'creaturedisplayinfoextra_dbc.sql'...
ac-db-import  | [0m[36m>> Applying 'creaturefamily_dbc.sql'...
ac-db-import  | [0m[36m>> Applying 'creaturemodeldata_dbc.sql'...
ac-db-import  | [0m[36m>> Applying 'creaturespelldata_dbc.sql'...
ac-db-import  | [0m[36m>> Applying 'creaturetype_dbc.sql'...
ac-db-import  | [0m[36m>> Applying 'currencytypes_dbc.sql'...
ac-db-import  | [0m[36m>> Applying 'destructiblemodeldata_dbc.sql'...
ac-db-import  | [0m[36m>> Applying 'disables.sql'...
ac-db-import  | [0m[36m>> Applying 'disenchant_loot_template.sql'...
ac-db-import  | [0m[36m>> Applying 'dungeon_access_requirements.sql'...
ac-db-import  | [0m[36m>> Applying 'dungeon_access_template.sql'...
ac-db-import  | [0m[36m>> Applying 'dungeonencounter_dbc.sql'...
ac-db-import  | [0m[36m>> Applying 'durabilitycosts_dbc.sql'...
ac-db-import  | [0m[36m>> Applying 'durabilityquality_dbc.sql'...
ac-db-import  | [0m[36m>> Applying 'emotes_dbc.sql'...
ac-db-import  | [0m[36m>> Applying 'emotestext_dbc.sql'...
ac-db-import  | [0m[36m>> Applying 'event_scripts.sql'...
ac-db-import  | [0m[36m>> Applying 'exploration_basexp.sql'...
ac-db-import  | [0m[36m>> Applying 'faction_dbc.sql'...
ac-db-import  | [0m[36m>> Applying 'factiontemplate_dbc.sql'...
ac-db-import  | [0m[36m>> Applying 'fishing_loot_template.sql'...
ac-db-import  | [0m[36m>> Applying 'game_event.sql'...
ac-db-import  | [0m[36m>> Applying 'game_event_arena_seasons.sql'...
ac-db-import  | [0m[36m>> Applying 'game_event_battleground_holiday.sql'...
ac-db-import  | [0m[36m>> Applying 'game_event_condition.sql'...
ac-db-import  | [0m[36m>> Applying 'game_event_creature.sql'...
ac-db-import  | [0m[36m>> Applying 'game_event_creature_quest.sql'...
ac-db-import  | [0m[36m>> Applying 'game_event_gameobject.sql'...
ac-db-import  | [0m[36m>> Applying 'game_event_gameobject_quest.sql'...
ac-db-import  | [0m[36m>> Applying 'game_event_model_equip.sql'...
ac-db-import  | [0m[36m>> Applying 'game_event_npc_vendor.sql'...
ac-db-import  | [0m[36m>> Applying 'game_event_npcflag.sql'...
ac-db-import  | [0m[36m>> Applying 'game_event_pool.sql'...
ac-db-import  | [0m[36m>> Applying 'game_event_prerequisite.sql'...
ac-db-import  | [0m[36m>> Applying 'game_event_quest_condition.sql'...
ac-db-import  | [0m[36m>> Applying 'game_event_seasonal_questrelation.sql'...
ac-db-import  | [0m[36m>> Applying 'game_graveyard.sql'...
ac-db-import  | [0m[36m>> Applying 'game_tele.sql'...
ac-db-import  | [0m[36m>> Applying 'game_weather.sql'...
ac-db-import  | [0m[36m>> Applying 'gameobject.sql'...
ac-db-import  | [0m[36m>> Applying 'gameobject_addon.sql'...
ac-db-import  | [0m[36m>> Applying 'gameobject_loot_template.sql'...
ac-db-import  | [0m[36m>> Applying 'gameobject_questender.sql'...
ac-db-import  | [0m[36m>> Applying 'gameobject_questitem.sql'...
ac-db-import  | [0m[36m>> Applying 'gameobject_queststarter.sql'...
ac-db-import  | [0m[36m>> Applying 'gameobject_summon_groups.sql'...
ac-db-import  | [0m[36m>> Applying 'gameobject_template.sql'...
[driver] still running; 30s since the last output
ac-db-import  | [0m[36m>> Applying 'gameobject_template_addon.sql'...
ac-db-import  | [0m[36m>> Applying 'gameobject_template_locale.sql'...
ac-db-import  | [0m[36m>> Applying 'gameobjectartkit_dbc.sql'...
ac-db-import  | [0m[36m>> Applying 'gameobjectdisplayinfo_dbc.sql'...
ac-db-import  | [0m[36m>> Applying 'gemproperties_dbc.sql'...
ac-db-import  | [0m[36m>> Applying 'glyphproperties_dbc.sql'...
ac-db-import  | [0m[36m>> Applying 'glyphslot_dbc.sql'...
ac-db-import  | [0m[36m>> Applying 'gossip_menu.sql'...
ac-db-import  | [0m[36m>> Applying 'gossip_menu_option.sql'...
ac-db-import  | [0m[36m>> Applying 'gossip_menu_option_locale.sql'...
ac-db-import  | [0m[36m>> Applying 'graveyard_zone.sql'...
ac-db-import  | [0m[36m>> Applying 'gtbarbershopcostbase_dbc.sql'...
ac-db-import  | [0m[36m>> Applying 'gtchancetomeleecrit_dbc.sql'...
ac-db-import  | [0m[36m>> Applying 'gtchancetomeleecritbase_dbc.sql'...
ac-db-import  | [0m[36m>> Applying 'gtchancetospellcrit_dbc.sql'...
ac-db-import  | [0m[36m>> Applying 'gtchancetospellcritbase_dbc.sql'...
ac-db-import  | [0m[36m>> Applying 'gtcombatratings_dbc.sql'...
ac-db-import  | [0m[36m>> Applying 'gtnpcmanacostscaler_dbc.sql'...
ac-db-import  | [0m[36m>> Applying 'gtoctclasscombatratingscalar_dbc.sql'...
ac-db-import  | [0m[36m>> Applying 'gtoctregenhp_dbc.sql'...
ac-db-import  | [0m[36m>> Applying 'gtregenhpperspt_dbc.sql'...
ac-db-import  | [0m[36m>> Applying 'gtregenmpperspt_dbc.sql'...
ac-db-import  | [0m[36m>> Applying 'holiday_dates.sql'...
ac-db-import  | [0m[36m>> Applying 'holidays_dbc.sql'...
ac-db-import  | [0m[36m>> Applying 'instance_encounters.sql'...
ac-db-import  | [0m[36m>> Applying 'instance_template.sql'...
ac-db-import  | [0m[36m>> Applying 'item_dbc.sql'...
ac-db-import  | [0m[36m>> Applying 'item_enchantment_template.sql'...
ac-db-import  | [0m[36m>> Applying 'item_loot_template.sql'...
ac-db-import  | [0m[36m>> Applying 'item_set_names.sql'...
ac-db-import  | [0m[36m>> Applying 'item_set_names_locale.sql'...
ac-db-import  | [0m[36m>> Applying 'item_template.sql'...
ac-db-import  | [0m[36m>> Applying 'item_template_locale.sql'...
ac-db-import  | [0m[36m>> Applying 'itembagfamily_dbc.sql'...
ac-db-import  | [0m[36m>> Applying 'itemdisplayinfo_dbc.sql'...
ac-db-import  | [0m[36m>> Applying 'itemextendedcost_dbc.sql'...
ac-db-import  | [0m[36m>> Applying 'itemlimitcategory_dbc.sql'...
ac-db-import  | [0m[36m>> Applying 'itemrandomproperties_dbc.sql'...
ac-db-import  | [0m[36m>> Applying 'itemrandomsuffix_dbc.sql'...
ac-db-import  | [0m[36m>> Applying 'itemset_dbc.sql'...
ac-db-import  | [0m[36m>> Applying 'lfg_dungeon_rewards.sql'...
ac-db-import  | [0m[36m>> Applying 'lfg_dungeon_template.sql'...
ac-db-import  | [0m[36m>> Applying 'lfgdungeons_dbc.sql'...
ac-db-import  | [0m[36m>> Applying 'light_dbc.sql'...
ac-db-import  | [0m[36m>> Applying 'linked_respawn.sql'...
ac-db-import  | [0m[36m>> Applying 'liquidtype_dbc.sql'...
ac-db-import  | [0m[36m>> Applying 'lock_dbc.sql'...
ac-db-import  | [0m[36m>> Applying 'mail_level_reward.sql'...
ac-db-import  | [0m[36m>> Applying 'mail_loot_template.sql'...
ac-db-import  | [0m[36m>> Applying 'mailtemplate_dbc.sql'...
ac-db-import  | [0m[36m>> Applying 'map_dbc.sql'...
ac-db-import  | [0m[36m>> Applying 'mapdifficulty_dbc.sql'...
ac-db-import  | [0m[36m>> Applying 'milling_loot_template.sql'...
ac-db-import  | [0m[36m>> Applying 'module_string.sql'...
ac-db-import  | [0m[36m>> Applying 'module_string_locale.sql'...
ac-db-import  | [0m[36m>> Applying 'movie_dbc.sql'...
ac-db-import  | [0m[36m>> Applying 'namesprofanity_dbc.sql'...
ac-db-import  | [0m[36m>> Applying 'namesreserved_dbc.sql'...
ac-db-import  | [0m[36m>> Applying 'npc_spellclick_spells.sql'...
ac-db-import  | [0m[36m>> Applying 'npc_text.sql'...
ac-db-import  | [0m[36m>> Applying 'npc_text_locale.sql'...
ac-db-import  | [0m[36m>> Applying 'npc_trainer.sql'...
ac-db-import  | [0m[36m>> Applying 'npc_vendor.sql'...
ac-db-import  | [0m[36m>> Applying 'outdoorpvp_template.sql'...
ac-db-import  | [0m[36m>> Applying 'overridespelldata_dbc.sql'...
ac-db-import  | [0m[36m>> Applying 'page_text.sql'...
ac-db-import  | [0m[36m>> Applying 'page_text_locale.sql'...
ac-db-import  | [0m[36m>> Applying 'pet_levelstats.sql'...
ac-db-import  | [0m[36m>> Applying 'pet_name_generation.sql'...
ac-db-import  | [0m[36m>> Applying 'pet_name_generation_locale.sql'...
ac-db-import  | [0m[36m>> Applying 'pickpocketing_loot_template.sql'...
ac-db-import  | [0m[36m>> Applying 'player_class_stats.sql'...
ac-db-import  | [0m[36m>> Applying 'player_factionchange_achievement.sql'...
ac-db-import  | [0m[36m>> Applying 'player_factionchange_items.sql'...
ac-db-import  | [0m[36m>> Applying 'player_factionchange_quests.sql'...
ac-db-import  | [0m[36m>> Applying 'player_factionchange_reputations.sql'...
ac-db-import  | [0m[36m>> Applying 'player_factionchange_spells.sql'...
ac-db-import  | [0m[36m>> Applying 'player_factionchange_titles.sql'...
ac-db-import  | [0m[36m>> Applying 'player_loot_template.sql'...
ac-db-import  | [0m[36m>> Applying 'player_race_stats.sql'...
ac-db-import  | [0m[36m>> Applying 'player_shapeshift_model.sql'...
ac-db-import  | [0m[36m>> Applying 'player_totem_model.sql'...
ac-db-import  | [0m[36m>> Applying 'player_xp_for_level.sql'...
ac-db-import  | [0m[36m>> Applying 'playercreateinfo.sql'...
ac-db-import  | [0m[36m>> Applying 'playercreateinfo_action.sql'...
ac-db-import  | [0m[36m>> Applying 'playercreateinfo_cast_spell.sql'...
ac-db-import  | [0m[36m>> Applying 'playercreateinfo_item.sql'...
ac-db-import  | [0m[36m>> Applying 'playercreateinfo_skills.sql'...
ac-db-import  | [0m[36m>> Applying 'playercreateinfo_spell_custom.sql'...
ac-db-import  | [0m[36m>> Applying 'points_of_interest.sql'...
ac-db-import  | [0m[36m>> Applying 'points_of_interest_locale.sql'...
ac-db-import  | [0m[36m>> Applying 'pool_creature.sql'...
ac-db-import  | [0m[36m>> Applying 'pool_gameobject.sql'...
ac-db-import  | [0m[36m>> Applying 'pool_pool.sql'...
ac-db-import  | [0m[36m>> Applying 'pool_quest.sql'...
ac-db-import  | [0m[36m>> Applying 'pool_template.sql'...
ac-db-import  | [0m[36m>> Applying 'powerdisplay_dbc.sql'...
ac-db-import  | [0m[36m>> Applying 'prospecting_loot_template.sql'...
ac-db-import  | [0m[36m>> Applying 'pvpdifficulty_dbc.sql'...
ac-db-import  | [0m[36m>> Applying 'quest_details.sql'...
ac-db-import  | [0m[36m>> Applying 'quest_greeting.sql'...
ac-db-import  | [0m[36m>> Applying 'quest_greeting_locale.sql'...
ac-db-import  | [0m[36m>> Applying 'quest_mail_sender.sql'...
ac-db-import  | [0m[36m>> Applying 'quest_money_reward.sql'...
ac-db-import  | [0m[36m>> Applying 'quest_offer_reward.sql'...
ac-db-import  | [0m[36m>> Applying 'quest_offer_reward_locale.sql'...
ac-db-import  | [0m[36m>> Applying 'quest_poi.sql'...
ac-db-import  | [0m[36m>> Applying 'quest_poi_points.sql'...
ac-db-import  | [0m[36m>> Applying 'quest_request_items.sql'...
ac-db-import  | [0m[36m>> Applying 'quest_request_items_locale.sql'...
ac-db-import  | [0m[36m>> Applying 'quest_template.sql'...
ac-db-import  | [0m[36m>> Applying 'quest_template_addon.sql'...
ac-db-import  | [0m[36m>> Applying 'quest_template_locale.sql'...
ac-db-import  | [0m[36m>> Applying 'questfactionreward_dbc.sql'...
ac-db-import  | [0m[36m>> Applying 'questsort_dbc.sql'...
ac-db-import  | [0m[36m>> Applying 'questxp_dbc.sql'...
ac-db-import  | [0m[36m>> Applying 'randproppoints_dbc.sql'...
ac-db-import  | [0m[36m>> Applying 'reference_loot_template.sql'...
ac-db-import  | [0m[36m>> Applying 'reputation_reward_rate.sql'...
ac-db-import  | [0m[36m>> Applying 'reputation_spillover_template.sql'...
ac-db-import  | [0m[36m>> Applying 'scalingstatdistribution_dbc.sql'...
ac-db-import  | [0m[36m>> Applying 'scalingstatvalues_dbc.sql'...
ac-db-import  | [0m[36m>> Applying 'script_waypoint.sql'...
ac-db-import  | [0m[36m>> Applying 'skill_discovery_template.sql'...
ac-db-import  | [0m[36m>> Applying 'skill_extra_item_template.sql'...
ac-db-import  | [0m[36m>> Applying 'skill_fishing_base_level.sql'...
ac-db-import  | [0m[36m>> Applying 'skill_perfect_item_template.sql'...
ac-db-import  | [0m[36m>> Applying 'skillline_dbc.sql'...
ac-db-import  | [0m[36m>> Applying 'skilllineability_dbc.sql'...
ac-db-import  | [0m[36m>> Applying 'skillraceclassinfo_dbc.sql'...
ac-db-import  | [0m[36m>> Applying 'skilltiers_dbc.sql'...
ac-db-import  | [0m[36m>> Applying 'skinning_loot_template.sql'...
ac-db-import  | [0m[36m>> Applying 'smart_scripts.sql'...
ac-db-import  | [0m[36m>> Applying 'soundentries_dbc.sql'...
ac-db-import  | [0m[36m>> Applying 'spawn_group.sql'...
ac-db-import  | [0m[36m>> Applying 'spawn_group_template.sql'...
ac-db-import  | [0m[36m>> Applying 'spell_area.sql'...
ac-db-import  | [0m[36m>> Applying 'spell_bonus_data.sql'...
ac-db-import  | [0m[36m>> Applying 'spell_cone.sql'...
ac-db-import  | [0m[36m>> Applying 'spell_cooldown_overrides.sql'...
ac-db-import  | [0m[36m>> Applying 'spell_custom_attr.sql'...
ac-db-import  | [0m[36m>> Applying 'spell_dbc.sql'...
ac-db-import  | [0m[36m>> Applying 'spell_enchant_proc_data.sql'...
ac-db-import  | [0m[36m>> Applying 'spell_group.sql'...
ac-db-import  | [0m[36m>> Applying 'spell_group_stack_rules.sql'...
ac-db-import  | [0m[36m>> Applying 'spell_jump_distance.sql'...
ac-db-import  | [0m[36m>> Applying 'spell_linked_spell.sql'...
ac-db-import  | [0m[36m>> Applying 'spell_loot_template.sql'...
ac-db-import  | [0m[36m>> Applying 'spell_mixology.sql'...
ac-db-import  | [0m[36m>> Applying 'spell_pet_auras.sql'...
ac-db-import  | [0m[36m>> Applying 'spell_proc.sql'...
ac-db-import  | [0m[36m>> Applying 'spell_proc_event.sql'...
ac-db-import  | [0m[36m>> Applying 'spell_ranks.sql'...
ac-db-import  | [0m[36m>> Applying 'spell_required.sql'...
ac-db-import  | [0m[36m>> Applying 'spell_script_names.sql'...
ac-db-import  | [0m[36m>> Applying 'spell_scripts.sql'...
ac-db-import  | [0m[36m>> Applying 'spell_target_position.sql'...
ac-db-import  | [0m[36m>> Applying 'spell_threat.sql'...
ac-db-import  | [0m[36m>> Applying 'spellcasttimes_dbc.sql'...
ac-db-import  | [0m[36m>> Applying 'spellcategory_dbc.sql'...
ac-db-import  | [0m[36m>> Applying 'spelldifficulty_dbc.sql'...
ac-db-import  | [0m[36m>> Applying 'spellduration_dbc.sql'...
ac-db-import  | [0m[36m>> Applying 'spellfocusobject_dbc.sql'...
ac-db-import  | [0m[36m>> Applying 'spellitemenchantment_dbc.sql'...
ac-db-import  | [0m[36m>> Applying 'spellitemenchantmentcondition_dbc.sql'...
ac-db-import  | [0m[36m>> Applying 'spellradius_dbc.sql'...
ac-db-import  | [0m[36m>> Applying 'spellrange_dbc.sql'...
ac-db-import  | [0m[36m>> Applying 'spellrunecost_dbc.sql'...
ac-db-import  | [0m[36m>> Applying 'spellshapeshiftform_dbc.sql'...
ac-db-import  | [0m[36m>> Applying 'spellvisual_dbc.sql'...
ac-db-import  | [0m[36m>> Applying 'stableslotprices_dbc.sql'...
ac-db-import  | [0m[36m>> Applying 'summonproperties_dbc.sql'...
ac-db-import  | [0m[36m>> Applying 'talent_dbc.sql'...
ac-db-import  | [0m[36m>> Applying 'talenttab_dbc.sql'...
ac-db-import  | [0m[36m>> Applying 'taxinodes_dbc.sql'...
ac-db-import  | [0m[36m>> Applying 'taxipath_dbc.sql'...
ac-db-import  | [0m[36m>> Applying 'taxipathnode_dbc.sql'...
ac-db-import  | [0m[36m>> Applying 'teamcontributionpoints_dbc.sql'...
ac-db-import  | [0m[36m>> Applying 'totemcategory_dbc.sql'...
ac-db-import  | [0m[36m>> Applying 'trainer.sql'...
ac-db-import  | [0m[36m>> Applying 'trainer_locale.sql'...
ac-db-import  | [0m[36m>> Applying 'trainer_spell.sql'...
ac-db-import  | [0m[36m>> Applying 'transportanimation_dbc.sql'...
ac-db-import  | [0m[36m>> Applying 'transportrotation_dbc.sql'...
ac-db-import  | [0m[36m>> Applying 'transports.sql'...
ac-db-import  | [0m[36m>> Applying 'updates.sql'...
ac-db-import  | [0m[36m>> Applying 'updates_include.sql'...
ac-db-import  | [0m[36m>> Applying 'vehicle_accessory.sql'...
ac-db-import  | [0m[36m>> Applying 'vehicle_dbc.sql'...
ac-db-import  | [0m[36m>> Applying 'vehicle_seat_addon.sql'...
ac-db-import  | [0m[36m>> Applying 'vehicle_template_accessory.sql'...
ac-db-import  | [0m[36m>> Applying 'vehicleseat_dbc.sql'...
ac-db-import  | [0m[36m>> Applying 'version.sql'...
ac-db-import  | [0m[36m>> Applying 'warden_checks.sql'...
ac-db-import  | [0m[36m>> Applying 'waypoint_data.sql'...
ac-db-import  | [0m[36m>> Applying 'waypoint_data_addon.sql'...
ac-db-import  | [0m[36m>> Applying 'waypoint_scripts.sql'...
ac-db-import  | [0m[36m>> Applying 'waypoints.sql'...
ac-db-import  | [0m[36m>> Applying 'wmoareatable_dbc.sql'...
ac-db-import  | [0m[36m>> Applying 'worldmaparea_dbc.sql'...
ac-db-import  | [0m[36m>> Applying 'worldmapoverlay_dbc.sql'...
ac-db-import  | [0m[36m>> Done!
ac-db-import  | [0m[36m 
ac-db-import  | [0m[36mUpdating Auth database...
ac-db-import  | [0m[36m>> Applying update "2026_07_15_00.sql" '7F0B0E4'...
ac-db-import  | [0m[36m>> Applying update "2026_07_18_00.sql" 'FDDC753'...
ac-db-import  | [0m[36m>> Applying update "2026_07_18_01.sql" 'FE82BF5'...
ac-db-import  | [0m[36m>> Applying update "2026_07_19_00.sql" 'DE3C449'...
ac-db-import  | [0m[36m>> Applying update "2026_07_22_00.sql" '382BCD3'...
ac-db-import  | [0m[36m>> Applying update "2026_08_16_00.sql" 'CC5ACE6'...
ac-db-import  | [0m[36m>> Applied 6 queries. Containing 15 new and 1 archived updates.
ac-db-import  | [0m[36m 
ac-db-import  | [0m[36mUpdating Character database...
ac-db-import  | [0m[36m>> Applying update "2026_06_24_00.sql" 'C59C550'...
ac-db-import  | [0m[36m>> Applying update "2026_07_18_00.sql" '1A6FB12'...
ac-db-import  | [0m[36m>> Applying update "2026_07_21_00.sql" 'A8C6CE6'...
ac-db-import  | [0m[36m>> Applying update "2026_07_22_00.sql" 'E06DB4D'...
ac-db-import  | [0m[36m>> Applying update "2026_08_15_00.sql" '9384496'...
ac-db-import  | [0m[36m>> Applying update "2025_09_25_01_playerbots_guild_tabard_fix.sql" '3C2DBA2'...
ac-db-import  | [0m[36m>> Applying update "playerbots_arena_team_names.sql" 'B138B11'...
ac-db-import  | [0m[36m>> Applying update "playerbots_guild_names.sql" 'FFBA9D7'...
ac-db-import  | [0m[36m>> Applying update "playerbots_names.sql" '3AB14F4'...
ac-db-import  | [0m[36m>> Applied 9 queries. Containing 17 new and 3 archived updates.
ac-db-import  | [0m[36m 
ac-db-import  | [0m[36mUpdating World database...
ac-db-import  | [0m[36m>> Applying update "2026_06_01_02.sql" '2EBA47B'...
ac-db-import  | [0m[36m>> Applying update "2026_06_02_00.sql" 'B3178D9'...
ac-db-import  | [0m[36m>> Applying update "2026_06_02_01.sql" '0AAC618'...
ac-db-import  | [0m[36m>> Applying update "2026_06_02_02.sql" '3F2AB97'...
ac-db-import  | [0m[36m>> Applying update "2026_06_02_03.sql" 'FCF92BC'...
ac-db-import  | [0m[36m>> Applying update "2026_06_05_00.sql" '4E4482C'...
ac-db-import  | [0m[36m>> Applying update "2026_06_08_00.sql" '8C7630D'...
ac-db-import  | [0m[36m>> Applying update "2026_06_08_01.sql" 'F483EE6'...
ac-db-import  | [0m[36m>> Applying update "2026_06_10_00.sql" '8D5E44D'...
ac-db-import  | [0m[36m>> Applying update "2026_06_10_01.sql" '9F9F667'...
ac-db-import  | [0m[36m>> Applying update "2026_06_10_02.sql" '7EFBDFC'...
ac-db-import  | [0m[36m>> Applying update "2026_06_10_03.sql" '091244B'...
ac-db-import  | [0m[36m>> Applying update "2026_06_11_00.sql" '48E0E72'...
ac-db-import  | [0m[36m>> Applying update "2026_06_11_01.sql" '0342AE8'...
ac-db-import  | [0m[36m>> Applying update "2026_06_11_02.sql" '0EF7D83'...
ac-db-import  | [0m[36m>> Applying update "2026_06_12_00.sql" '9091357'...
ac-db-import  | [0m[36m>> Applying update "2026_06_12_01.sql" '7C4206F'...
ac-db-import  | [0m[36m>> Applying update "2026_06_12_02.sql" 'C2F5A06'...
ac-db-import  | [0m[36m>> Applying update "2026_06_13_00.sql" '4538A6B'...
ac-db-import  | [0m[36m>> Applying update "2026_06_13_01.sql" 'BA33F30'...
ac-db-import  | [0m[36m>> Applying update "2026_06_13_02.sql" '5D96974'...
ac-db-import  | [0m[36m>> Applying update "2026_06_13_03.sql" '070F1CD'...
ac-db-import  | [0m[36m>> Applying update "2026_06_13_04.sql" '89E3F8C'...
ac-db-import  | [0m[36m>> Applying update "2026_06_13_05.sql" '1812A37'...
ac-db-import  | [0m[36m>> Applying update "2026_06_14_00.sql" '0EACE9D'...
ac-db-import  | [0m[36m>> Applying update "2026_06_14_01.sql" '9016152'...
ac-db-import  | [0m[36m>> Applying update "2026_06_14_02.sql" 'ECC376E'...
ac-db-import  | [0m[36m>> Applying update "2026_06_15_00.sql" '2254BA2'...
ac-db-import  | [0m[36m>> Applying update "2026_06_15_01.sql" '1B17050'...
ac-db-import  | [0m[36m>> Applying update "2026_06_16_00.sql" 'DF7EC32'...
ac-db-import  | [0m[36m>> Applying update "2026_06_16_01.sql" '38B3A91'...
ac-db-import  | [0m[36m>> Applying update "2026_06_16_02.sql" '6326DC6'...
ac-db-import  | [0m[36m>> Applying update "2026_06_16_03.sql" 'A573476'...
ac-db-import  | [0m[36m>> Applying update "2026_06_16_04.sql" 'F84854D'...
ac-db-import  | [0m[36m>> Applying update "2026_06_16_05.sql" '332537A'...
ac-db-import  | [0m[36m>> Applying update "2026_06_16_06.sql" 'FE7A7DC'...
ac-db-import  | [0m[36m>> Applying update "2026_06_16_07.sql" '08AAF96'...
ac-db-import  | [0m[36m>> Applying update "2026_06_17_00.sql" 'C6517AF'...
ac-db-import  | [0m[36m>> Applying update "2026_06_18_00.sql" '73208A7'...
ac-db-import  | [0m[36m>> Applying update "2026_06_18_01.sql" 'B5D262E'...
ac-db-import  | [0m[36m>> Applying update "2026_06_18_02.sql" '234655B'...
ac-db-import  | [0m[36m>> Applying update "2026_06_18_03.sql" 'DDA4BF7'...
ac-db-import  | [0m[36m>> Applying update "2026_06_20_00.sql" 'E1145E1'...
ac-db-import  | [0m[36m>> Applying update "2026_06_21_00.sql" '52ED60E'...
ac-db-import  | [0m[36m>> Applying update "2026_06_22_00.sql" 'B910EDA'...
ac-db-import  | [0m[36m>> Applying update "2026_06_25_00.sql" '9F39C32'...
ac-db-import  | [0m[36m>> Applying update "2026_06_26_00.sql" '2765300'...
ac-db-import  | [0m[36m>> Applying update "2026_06_28_00.sql" '593CE30'...
ac-db-import  | [0m[36m>> Applying update "2026_06_28_01.sql" '130EBD1'...
ac-db-import  | [0m[36m>> Applying update "2026_06_30_00.sql" '525D0D7'...
ac-db-import  | [0m[36m>> Applying update "2026_06_30_01.sql" 'B1BBEA5'...
ac-db-import  | [0m[36m>> Applying update "2026_06_30_02.sql" '5D1B6F2'...
ac-db-import  | [0m[36m>> Applying update "2026_06_30_03.sql" '159C8C1'...
ac-db-import  | [0m[36m>> Applying update "2026_06_30_04.sql" 'D02186B'...
ac-db-import  | [0m[36m>> Applying update "2026_06_30_05.sql" '2DC1D66'...
ac-db-import  | [0m[36m>> Applying update "2026_06_30_06.sql" 'A3E32F6'...
ac-db-import  | [0m[36m>> Applying update "2026_07_02_00.sql" 'F22D686'...
ac-db-import  | [0m[36m>> Applying update "2026_07_02_01.sql" 'CB90A2C'...
ac-db-import  | [0m[36m>> Applying update "2026_07_02_02.sql" 'BC00DC1'...
ac-db-import  | [0m[36m>> Applying update "2026_07_02_03.sql" '7C95DA4'...
ac-db-import  | [0m[36m>> Applying update "2026_07_02_04.sql" '9238AC1'...
ac-db-import  | [0m[36m>> Applying update "2026_07_03_00.sql" '1541FCF'...
ac-db-import  | [0m[36m>> Applying update "2026_07_03_01.sql" '69DFF6F'...
ac-db-import  | [0m[36m>> Applying update "2026_07_03_02.sql" '9FD9DA1'...
ac-db-import  | [0m[36m>> Applying update "2026_07_03_03.sql" '23F2657'...
ac-db-import  | [0m[36m>> Applying update "2026_07_04_00.sql" '7963D92'...
ac-db-import  | [0m[36m>> Applying update "2026_07_04_01.sql" '0F831AD'...
ac-db-import  | [0m[36m>> Applying update "2026_07_04_02.sql" '7480510'...
ac-db-import  | [0m[36m>> Applying update "2026_07_04_03.sql" '2FE8937'...
ac-db-import  | [0m[36m>> Applying update "2026_07_04_04.sql" '64F73E7'...
ac-db-import  | [0m[36m>> Applying update "2026_07_04_05.sql" 'D80D0A6'...
ac-db-import  | [0m[36m>> Applying update "2026_07_04_06.sql" 'D9EFB5B'...
ac-db-import  | [0m[36m>> Applying update "2026_07_05_00.sql" '6617C72'...
ac-db-import  | [0m[36m>> Applying update "2026_07_05_01.sql" '2727E00'...
ac-db-import  | [0m[36m>> Applying update "2026_07_05_02.sql" '2249C67'...
ac-db-import  | [0m[36m>> Applying update "2026_07_06_00.sql" '8177A68'...
ac-db-import  | [0m[36m>> Applying update "2026_07_11_00.sql" 'B749121'...
ac-db-import  | [0m[36m>> Applying update "2026_07_12_00.sql" '78B3A04'...
ac-db-import  | [0m[36m>> Applying update "2026_07_12_01.sql" 'BE1639B'...
ac-db-import  | [0m[36m>> Applying update "2026_07_12_02.sql" '9CD7E81'...
ac-db-import  | [0m[36m>> Applying update "2026_07_13_00.sql" '3F2B0E1'...
ac-db-import  | [0m[36m>> Applying update "2026_07_14_00.sql" '46AD7A7'...
ac-db-import  | [0m[36m>> Applying update "2026_07_14_01.sql" '212CA5E'...
ac-db-import  | [0m[36m>> Applying update "2026_07_14_02.sql" '311C401'...
ac-db-import  | [0m[36m>> Applying update "2026_07_14_03.sql" '78F41E0'...
ac-db-import  | [0m[36m>> Applying update "2026_07_15_00.sql" '6BCF495'...
ac-db-import  | [0m[36m>> Applying update "2026_07_15_01.sql" '4372C94'...
ac-db-import  | [0m[36m>> Applying update "2026_07_15_02.sql" 'EA0FA19'...
ac-db-import  | [0m[36m>> Applying update "2026_07_15_03.sql" '665D81E'...
ac-db-import  | [0m[36m>> Applying update "2026_07_15_04.sql" '24DDC5C'...
ac-db-import  | [0m[36m>> Applying update "2026_07_16_00.sql" '840540F'...
ac-db-import  | [0m[36m>> Applying update "2026_07_16_01.sql" '3227632'...
ac-db-import  | [0m[36m>> Applying update "2026_07_18_00.sql" '68272E3'...
ac-db-import  | [0m[36m>> Applying update "2026_07_18_01.sql" '7BE0277'...
ac-db-import  | [0m[36m>> Applying update "2026_07_18_02.sql" '0FF0ADF'...
ac-db-import  | [0m[36m>> Applying update "2026_07_18_03.sql" 'F559D42'...
ac-db-import  | [0m[36m>> Applying update "2026_07_18_04.sql" '2BFFC0E'...
ac-db-import  | [0m[36m>> Applying update "2026_07_19_00.sql" '0B579D8'...
ac-db-import  | [0m[36m>> Applying update "2026_07_19_01.sql" '280CD31'...
ac-db-import  | [0m[36m>> Applying update "2026_07_19_02.sql" 'AEDDFC4'...
ac-db-import  | [0m[36m>> Applying update "2026_07_19_03.sql" 'B98379B'...
ac-db-import  | [0m[36m>> Applying update "2026_07_19_04.sql" 'A814390'...
ac-db-import  | [0m[36m>> Applying update "2026_07_19_05.sql" 'B0DD727'...
ac-db-import  | [0m[36m>> Applying update "2026_07_19_06.sql" '419AB8F'...
ac-db-import  | [0m[36m>> Applying update "2026_07_19_07.sql" 'D4A5DBF'...
ac-db-import  | [0m[36m>> Applying update "2026_07_20_00.sql" '5FAB25D'...
ac-db-import  | [0m[36m>> Applying update "2026_07_20_01.sql" '89BA1BD'...
ac-db-import  | [0m[36m>> Applying update "2026_07_21_00.sql" '02D09A5'...
ac-db-import  | [0m[36m>> Applying update "2026_07_21_01.sql" 'E5E4B7E'...
ac-db-import  | [0m[36m>> Applying update "2026_07_21_02.sql" 'F440E73'...
ac-db-import  | [0m[36m>> Applying update "2026_07_22_00.sql" 'C319DA6'...
ac-db-import  | [0m[36m>> Applying update "2026_07_22_01.sql" 'A8D357A'...
ac-db-import  | [0m[36m>> Applying update "2026_07_22_02.sql" '946F826'...
ac-db-import  | [0m[36m>> Applying update "2026_07_22_03.sql" '5716451'...
ac-db-import  | [0m[36m>> Applying update "2026_07_22_04.sql" 'C0D0F59'...
ac-db-import  | [0m[36m>> Applying update "2026_07_22_05.sql" '5AD7AE8'...
ac-db-import  | [0m[36m>> Applying update "2026_07_22_06.sql" '03C4B1B'...
ac-db-import  | [0m[36m>> Applying update "2026_07_22_07.sql" '1F0E2D5'...
ac-db-import  | [0m[36m>> Applying update "2026_07_22_08.sql" 'B8EFC78'...
ac-db-import  | [0m[36m>> Applying update "2026_07_22_09.sql" 'E26ED93'...
ac-db-import  | [0m[36m>> Applying update "2026_07_22_10.sql" 'DA87261'...
ac-db-import  | [0m[36m>> Applying update "2026_07_22_11.sql" '6E29AE9'...
ac-db-import  | [0m[36m>> Applying update "2026_07_22_12.sql" '7BA5DCD'...
ac-db-import  | [0m[36m>> Applying update "2026_07_22_13.sql" 'C579AED'...
ac-db-import  | [0m[36m>> Applying update "2026_07_22_14.sql" '456256C'...
ac-db-import  | [0m[36m>> Applying update "2026_07_23_00.sql" '92573D2'...
ac-db-import  | [0m[36m>> Applying update "2026_07_23_01.sql" '37CD42B'...
ac-db-import  | [0m[36m>> Applying update "2026_07_23_02.sql" 'AB131ED'...
ac-db-import  | [0m[36m>> Applying update "2026_07_23_03.sql" '98FC7C5'...
ac-db-import  | [0m[36m>> Applying update "2026_07_24_00.sql" '8CF241D'...
ac-db-import  | [0m[36m>> Applying update "2026_07_24_01.sql" 'B02F112'...
ac-db-import  | [0m[36m>> Applying update "2026_07_24_02.sql" '7DD9EFD'...
ac-db-import  | [0m[36m>> Applying update "2026_07_24_03.sql" '9DD8C0D'...
ac-db-import  | [0m[36m>> Applying update "2026_07_24_04.sql" '18CE051'...
ac-db-import  | [0m[36m>> Applying update "2026_07_24_05.sql" '568FCCF'...
ac-db-import  | [0m[36m>> Applying update "2026_07_25_00.sql" '7984BA4'...
ac-db-import  | [0m[36m>> Applying update "2026_07_25_01.sql" 'D6E2362'...
ac-db-import  | [0m[36m>> Applying update "2026_07_25_02.sql" 'D4F6C80'...
ac-db-import  | [0m[36m>> Applying update "2026_07_25_03.sql" '1548AA2'...
ac-db-import  | [0m[36m>> Applying update "2026_07_25_04.sql" 'CFF8D0B'...
ac-db-import  | [0m[36m>> Applying update "2026_07_25_05.sql" '1B30009'...
ac-db-import  | [0m[36m>> Applying update "2026_07_25_06.sql" 'AD48D20'...
ac-db-import  | [0m[36m>> Applying update "2026_07_25_07.sql" '80C5AC3'...
ac-db-import  | [0m[36m>> Applying update "2026_07_26_00.sql" '14E49B0'...
ac-db-import  | [0m[36m>> Applying update "2026_07_26_01.sql" '679EDBB'...
ac-db-import  | [0m[36m>> Applying update "2026_07_26_02.sql" '99B3514'...
ac-db-import  | [0m[36m>> Applying update "2026_07_28_00.sql" 'ED2102B'...
ac-db-import  | [0m[36m>> Applying update "2026_07_28_01.sql" '79F4190'...
ac-db-import  | [0m[36m>> Applying update "2026_07_28_02.sql" '0569363'...
ac-db-import  | [0m[36m>> Applying update "2026_07_28_03.sql" '10F69EE'...
ac-db-import  | [0m[36m>> Applying update "2026_07_28_04.sql" '09410BA'...
ac-db-import  | [0m[36m>> Applying update "2026_07_28_05.sql" 'DEC3495'...
ac-db-import  | [0m[36m>> Applying update "2026_07_29_00.sql" 'B0CD498'...
ac-db-import  | [0m[36m>> Applying update "2026_07_30_00.sql" 'E4D719C'...
ac-db-import  | [0m[36m>> Applying update "2026_07_31_00.sql" '3704A0F'...
ac-db-import  | [0m[36m>> Applying update "2026_07_31_01.sql" '53EDDE5'...
ac-db-import  | [0m[36m>> Applying update "2026_07_31_02.sql" '6242718'...
ac-db-import  | [0m[36m>> Applying update "2026_08_01_00.sql" '9244CC0'...
ac-db-import  | [0m[36m>> Applying update "2026_08_01_01.sql" '15936A4'...
ac-db-import  | [0m[36m>> Applying update "2026_08_01_02.sql" '19266EC'...
ac-db-import  | [0m[36m>> Applying update "2026_08_01_03.sql" 'EC215BE'...
ac-db-import  | [0m[36m>> Applying update "2026_08_02_00.sql" 'D171FA9'...
ac-db-import  | [0m[36m>> Applying update "2026_08_02_01.sql" 'B4D38B8'...
ac-db-import  | [0m[36m>> Applying update "2026_08_02_02.sql" 'DCB8815'...
ac-db-import  | [0m[36m>> Applying update "2026_08_02_03.sql" '60AFBD8'...
ac-db-import  | [0m[36m>> Applying update "2026_08_02_04.sql" 'B353B73'...
ac-db-import  | [0m[36m>> Applying update "2026_08_02_05.sql" '1F321E2'...
ac-db-import  | [0m[36m>> Applying update "2026_08_02_06.sql" '7099D66'...
ac-db-import  | [0m[36m>> Applying update "2026_08_03_00.sql" 'A4EF56E'...
ac-db-import  | [0m[36m>> Applying update "2026_08_03_01.sql" 'BD5CC6F'...
ac-db-import  | [0m[36m>> Applying update "2026_08_03_02.sql" '07FA71A'...
ac-db-import  | [0m[36m>> Applying update "2026_08_03_03.sql" '4699F3E'...
ac-db-import  | [0m[36m>> Applying update "2026_08_03_04.sql" '838F63A'...
ac-db-import  | [0m[36m>> Applying update "2026_08_03_05.sql" '2F35014'...
ac-db-import  | [0m[36m>> Applying update "2026_08_03_06.sql" '388CA1D'...
ac-db-import  | [0m[36m>> Applying update "2026_08_03_07.sql" '84738BC'...
ac-db-import  | [0m[36m>> Applying update "2026_08_04_00.sql" '96F89C6'...
ac-db-import  | [0m[36m>> Applying update "2026_08_04_01.sql" 'CDA04A0'...
ac-db-import  | [0m[36m>> Applying update "2026_08_04_02.sql" 'F907C64'...
ac-db-import  | [0m[36m>> Applying update "2026_08_04_03.sql" '57B5433'...
ac-db-import  | [0m[36m>> Applying update "2026_08_04_04.sql" '3044F05'...
ac-db-import  | [0m[36m>> Applying update "2026_08_05_00.sql" 'FC55FE9'...
ac-db-import  | [0m[36m>> Applying update "2026_08_05_01.sql" 'CFF6E47'...
ac-db-import  | [0m[36m>> Applying update "2026_08_06_00.sql" '4BEC389'...
ac-db-import  | [0m[36m>> Applying update "2026_08_06_01.sql" '81392D4'...
ac-db-import  | [0m[36m>> Applying update "2026_08_07_00.sql" '401CF9B'...
ac-db-import  | [0m[36m>> Applying update "2026_08_07_01.sql" '57B1017'...
ac-db-import  | [0m[36m>> Applying update "2026_08_07_02.sql" '3E6CF5C'...
ac-db-import  | [0m[36m>> Applying update "2026_08_07_03.sql" '981D14F'...
ac-db-import  | [0m[36m>> Applying update "2026_08_07_04.sql" '799C6A0'...
ac-db-import  | [0m[36m>> Applying update "2026_08_08_00.sql" '07704F8'...
ac-db-import  | [0m[36m>> Applying update "2026_08_08_01.sql" '2AAE528'...
ac-db-import  | [0m[36m>> Applying update "2026_08_08_02.sql" '865E68A'...
ac-db-import  | [0m[36m>> Applying update "2026_08_08_03.sql" 'F88CF97'...
ac-db-import  | [0m[36m>> Applying update "2026_08_08_04.sql" '5DE0D5E'...
ac-db-import  | [0m[36m>> Applying update "2026_08_08_05.sql" '8FB64F2'...
ac-db-import  | [0m[36m>> Applying update "2026_08_08_06.sql" '4D6FB6E'...
ac-db-import  | [0m[36m>> Applying update "2026_08_08_07.sql" '7FF914A'...
ac-db-import  | [0m[36m>> Applying update "2026_08_08_08.sql" '4EA6BEA'...
ac-db-import  | [0m[36m>> Applying update "2026_08_08_09.sql" 'D833ECE'...
ac-db-import  | [0m[36m>> Applying update "2026_08_08_10.sql" 'AA8A1C7'...
ac-db-import  | [0m[36m>> Applying update "2026_08_08_11.sql" 'CBB118B'...
ac-db-import  | [0m[36m>> Applying update "2026_08_08_12.sql" '27EB495'...
ac-db-import  | [0m[36m>> Applying update "2026_08_08_13.sql" '9FCEDB7'...
ac-db-import  | [0m[36m>> Applying update "2026_08_08_14.sql" 'EB5CD95'...
ac-db-import  | [0m[36m>> Applying update "2026_08_09_00.sql" '9A5444E'...
ac-db-import  | [0m[36m>> Applying update "2026_08_09_01.sql" '0330867'...
ac-db-import  | [0m[36m>> Applying update "2026_08_09_02.sql" '65EF2BD'...
ac-db-import  | [0m[36m>> Applying update "2026_08_09_03.sql" 'D90CB3E'...
ac-db-import  | [0m[36m>> Applying update "2026_08_09_04.sql" '8B2A55B'...
ac-db-import  | [0m[36m>> Applying update "2026_08_09_05.sql" 'C074B32'...
ac-db-import  | [0m[36m>> Applying update "2026_08_09_06.sql" '0C73BE5'...
ac-db-import  | [0m[36m>> Applying update "2026_08_09_07.sql" '27A4500'...
ac-db-import  | [0m[36m>> Applying update "2026_08_09_08.sql" 'C7EDBD7'...
ac-db-import  | [0m[36m>> Applying update "2026_08_10_00.sql" 'CB7C064'...
ac-db-import  | [0m[36m>> Applying update "2026_08_10_01.sql" '42EC95E'...
ac-db-import  | [0m[36m>> Applying update "2026_08_10_02.sql" 'E7E10D9'...
ac-db-import  | [0m[36m>> Applying update "2026_08_11_00.sql" '6545349'...
ac-db-import  | [0m[36m>> Applying update "2026_08_11_01.sql" '731DA25'...
ac-db-import  | [0m[36m>> Applying update "2026_08_11_02.sql" '5BB9F4C'...
ac-db-import  | [0m[36m>> Applying update "2026_08_11_03.sql" 'CC5DBFD'...
ac-db-import  | [0m[36m>> Applying update "2026_08_11_04.sql" '0400E5B'...
ac-db-import  | [0m[36m>> Applying update "2026_08_11_05.sql" '1809BB3'...
ac-db-import  | [0m[36m>> Applying update "2026_08_11_06.sql" 'FF1672A'...
ac-db-import  | [0m[36m>> Applying update "2026_08_11_07.sql" 'FAEA6A1'...
ac-db-import  | [0m[36m>> Applying update "2026_08_11_08.sql" 'D24863B'...
ac-db-import  | [0m[36m>> Applying update "2026_08_11_09.sql" 'BBA44D1'...
ac-db-import  | [0m[36m>> Applying update "2026_08_11_10.sql" '37FDF82'...
ac-db-import  | [0m[36m>> Applying update "2026_08_12_00.sql" '7537513'...
ac-db-import  | [0m[36m>> Applying update "2026_08_12_01.sql" '7C2A0F4'...
ac-db-import  | [0m[36m>> Applying update "2026_08_13_00.sql" '3B36894'...
ac-db-import  | [0m[36m>> Applying update "2026_08_13_01.sql" 'DCD3C15'...
ac-db-import  | [0m[36m>> Applying update "2026_08_13_02.sql" 'A1508F6'...
ac-db-import  | [0m[36m>> Applying update "2026_08_15_00.sql" '1C87166'...
ac-db-import  | [0m[36m>> Applying update "2026_08_15_01.sql" 'A825427'...
ac-db-import  | [0m[36m>> Applying update "2026_08_15_02.sql" '86AA6E1'...
ac-db-import  | [0m[36m>> Applying update "2026_08_15_03.sql" '9B3B375'...
ac-db-import  | [0m[36m>> Applying update "2026_08_15_04.sql" '394ACD5'...
ac-db-import  | [0m[36m>> Applying update "2026_08_15_05.sql" '47BA28C'...
ac-db-import  | [0m[36m>> Applying update "2026_08_15_06.sql" 'C6F6D2D'...
ac-db-import  | [0m[36m>> Applying update "2026_08_15_07.sql" 'F0511DA'...
ac-db-import  | [0m[36m>> Applying update "2026_08_15_08.sql" 'FDB8310'...
ac-db-import  | [0m[36m>> Applying update "2026_08_15_09.sql" '6C7E175'...
ac-db-import  | [0m[36m>> Applying update "2026_08_15_10.sql" '56A068D'...
ac-db-import  | [0m[36m>> Applying update "2026_08_15_11.sql" '5DE63A9'...
ac-db-import  | [0m[36m>> Applying update "2026_08_15_12.sql" '869E0B6'...
ac-db-import  | [0m[36m>> Applying update "2026_08_15_13.sql" '207B4DB'...
ac-db-import  | [0m[36m>> Applying update "2026_08_16_00.sql" 'DA87D8C'...
ac-db-import  | [0m[36m>> Applying update "2026_08_16_01.sql" '74E25F2'...
ac-db-import  | [0m[36m>> Applying update "2026_08_17_00.sql" '2469ECA'...
ac-db-import  | [0m[36m>> Applying update "2026_08_17_01.sql" '09B0526'...
ac-db-import  | [0m[36m>> Applying update "2026_08_18_00.sql" '8C31E47'...
ac-db-import  | [0m[36m>> Applying update "2026_08_19_00.sql" 'EDBEC8A'...
ac-db-import  | [0m[36m>> Applying update "2026_08_19_01.sql" 'C665A36'...
ac-db-import  | [0m[36m>> Applying update "2026_08_19_02.sql" '9D3CD12'...
ac-db-import  | [0m[36m>> Applying update "2026_08_19_03.sql" '7E3316B'...
ac-db-import  | [0m[36m>> Applying update "2026_08_19_04.sql" '85CC5F4'...
ac-db-import  | [0m[36m>> Applying update "2026_08_20_00.sql" '84708EA'...
ac-db-import  | [0m[36m>> Applying update "2026_08_20_01.sql" 'D8047B1'...
ac-db-import  | [0m[36m>> Applying update "2026_08_20_02.sql" '9B9111A'...
ac-db-import  | [0m[36m>> Applying update "2026_08_20_03.sql" '2EFAC7D'...
ac-db-import  | [0m[36m>> Applying update "2026_08_20_04.sql" 'C7163D9'...
ac-db-import  | [0m[36m>> Applying update "2026_08_20_05.sql" '7BAE3FA'...
ac-db-import  | [0m[36m>> Applying update "2026_08_20_06.sql" '6AA2E54'...
ac-db-import  | [0m[36m>> Applying update "2026_08_20_07.sql" '88A704A'...
ac-db-import  | [0m[36m>> Applying update "2026_08_20_08.sql" '432AFA9'...
ac-db-import  | [0m[36m>> Applying update "2026_08_20_09.sql" '5C13E94'...
ac-db-import  | [0m[36m>> Applying update "2026_08_20_10.sql" 'E3F070E'...
ac-db-import  | [0m[36m>> Applying update "2026_08_21_00.sql" '1615864'...
ac-db-import  | [0m[36m>> Applying update "2026_08_21_01.sql" 'CBBB924'...
ac-db-import  | [0m[36m>> Applying update "2026_08_22_00.sql" '417BC76'...
ac-db-import  | [0m[36m>> Applying update "2026_08_22_01.sql" '77E9907'...
ac-db-import  | [0m[36m>> Applying update "2026_08_22_02.sql" '579AC04'...
ac-db-import  | [0m[36m>> Applying update "2026_08_22_03.sql" '01D9DCA'...
ac-db-import  | [0m[36m>> Applying update "2026_08_25_00.sql" '8166F1F'...
ac-db-import  | [0m[36m>> Applying update "2026_08_25_01.sql" 'C805645'...
ac-db-import  | [0m[36m>> Applying update "2026_08_25_02.sql" 'E654EBE'...
ac-db-import  | [0m[36m>> Applying update "2026_08_26_00.sql" 'B28A318'...
ac-db-import  | [0m[36m>> Applying update "2026_08_27_00.sql" '167EB88'...
ac-db-import  | [0m[36m>> Applying update "2026_08_27_01.sql" '4076B4A'...
ac-db-import  | [0m[36m>> Applying update "2026_08_27_02.sql" '602FA64'...
ac-db-import  | [0m[36m>> Applying update "2026_08_27_03.sql" 'C87430A'...
ac-db-import  | [0m[36m>> Applying update "2026_08_27_04.sql" '11A5579'...
ac-db-import  | [0m[36m>> Applying update "2026_08_27_05.sql" '1330AAF'...
ac-db-import  | [0m[36m>> Applying update "2026_08_27_06.sql" '0E50EE4'...
ac-db-import  | [0m[36m>> Applying update "2026_08_27_07.sql" 'C0B3698'...
ac-db-import  | [0m[36m>> Applying update "2026_08_27_08.sql" '00D1E52'...
ac-db-import  | [0m[36m>> Applying update "2026_08_27_09.sql" '33F6724'...
ac-db-import  | [0m[36m>> Applying update "2026_08_27_10.sql" '9141F99'...
ac-db-import  | [0m[36m>> Applying update "2026_08_27_11.sql" '40CE294'...
ac-db-import  | [0m[36m>> Applying update "2026_08_28_00.sql" '3A9E2A4'...
ac-db-import  | [0m[36m>> Applying update "2026_08_28_01.sql" 'FF54148'...
ac-db-import  | [0m[36m>> Applying update "2025_08_27_03.sql" 'ACD69D5'...
ac-db-import  | [0m[36m>> Applying update "charsections_dbc.sql" '1419FC7'...
ac-db-import  | [0m[36m>> Applying update "emotetextsound_dbc.sql" 'DA8D68F'...
ac-db-import  | [0m[36m>> Applying update "playerbots_rpg_races.sql" '886990A'...
ac-db-import  | [0m[36m>> Applied 296 queries. Containing 1287 new and 1384 archived updates.
ac-db-import  | [0m[36m 
ac-db-import  | [0m[36mStarted database connection pool.
ac-db-import  | [0m[36mHalting process...
ac-db-import  | [0m[36mClosing down DatabasePool 'acore_characters'. Waiting for 0 queries to finish...
ac-db-import  | [0m[36mAsynchronous connections on DatabasePool 'acore_characters' terminated. Proceeding with synchronous connections.
ac-db-import  | [0m[36mAll connections on DatabasePool 'acore_characters' closed.
ac-db-import  | [0m[36mClosing down DatabasePool 'acore_world'. Waiting for 0 queries to finish...
ac-db-import  | [0m[36mAsynchronous connections on DatabasePool 'acore_world' terminated. Proceeding with synchronous connections.
ac-db-import  | [0m[36mAll connections on DatabasePool 'acore_world' closed.
ac-db-import  | [0m[36mClosing down DatabasePool 'acore_auth'. Waiting for 0 queries to finish...
ac-db-import  | [0m[36mAsynchronous connections on DatabasePool 'acore_auth' terminated. Proceeding with synchronous connections.
ac-db-import  | [0m[36mAll connections on DatabasePool 'acore_auth' closed.
ac-db-import  | [0m

[Kac-db-import exited with code 0
 Container ac-db-import  Creating
 Container ac-db-import  Created
ac-db-import  | cp: warning: behavior of -n is non-portable and may change in future; use --update=none instead
ac-db-import  | cp: warning: behavior of -n is non-portable and may change in future; use --update=none instead
ac-db-import  | [31;1mCould not connect to MySQL database at ac-database: Unknown database 'acore_auth'
ac-db-import  | [0m[31;1mCould not connect to MySQL database at ac-database: Unknown database 'acore_characters'
ac-db-import  | [0m[31;1mCould not connect to MySQL database at ac-database: Unknown database 'acore_world'
ac-db-import  | [0m
2026-09-04 20:08:34 INFO [yulon.docker] ac-db-import finished; the databases now read as imported
The databases now read as imported.
Step 8 of 9 (88%): up
--- up
Starting the server.
2026-09-04 20:08:34 INFO [yulon.docker] start_staged(): `compose up -d --no-deps ac-database ac-authserver ac-worldserver` in /home/pk/wowserver
Step 9 of 9 (100%): ready
--- ready
Waiting for the database.
Waiting for the world server to finish loading (this can take many minutes).
[driver] still running; 145s since the last output
The server is up.
The realm now advertises 172.30.55.119, so players on other machines can reach this server: 172.30.55.119 is the address they set in their client's realmlist. The server was already running when this was set, so if a client is still sent to the old address, stop and start it again on the Server tab.
2026-09-04 20:13:05 INFO [yulon.catalog.native] install of wow-wotlk finished
WoW WotLK is installed and running in /home/pk/wowserver
[driver] exit status 0; answered group x0, sudo x0
[driver] state-after: 5 read-only probes, install dir /home/pk/wowserver
[driver] state-after: docker --version: exit 0
[driver] state-after: docker --version: | Docker version 29.1.3, build 29.1.3-0ubuntu3~24.04.2
[driver] state-after: systemctl is-active docker: exit 0
[driver] state-after: systemctl is-active docker: | active
[driver] state-after: id -Gn: exit 0
[driver] state-after: id -Gn: | docker adm cdrom sudo dip plugdev users lpadmin pk
[driver] state-after: ls -ld /home/pk/wowserver: exit 0
[driver] state-after: ls -ld /home/pk/wowserver: | drwxrwxr-x 20 pk docker 4096 Sep  4 20:08 /home/pk/wowserver
[driver] state-after: df -h /home/pk: exit 0
[driver] state-after: df -h /home/pk: | Filesystem      Size  Used Avail Use% Mounted on
[driver] state-after: df -h /home/pk: | /dev/sda2        97G   40G   53G  44% /
