Installing WoW WotLK into /home/pk/wow-server
You can stop this at any time. What an install writes outside the folder below is named here rather than denied: the images this build produces and the volumes holding the database and the server data, which live in Docker's own storage — that is why the checks below look at the space on Docker's disk too; Docker itself, when no daemon answers yet (on Linux: system packages, a service, and the group you are asked about first); and this app's own settings and log, in its config folder. Starting the install again continues from where it stopped: source this app has finished cloning is never fetched, reset or moved, and the build is not run a second time once Docker confirms its images are there. Everything cheap runs again on every attempt — the compose files this app writes are put back the way the catalog says, the server-data download resumes and re-checks itself, and the database and server are started and waited for.
Checking Docker.
[pass] Docker: the daemon answered
[pass] memory: Docker's VM has 19.5 GB
[warn] CPU vs memory: 15 CPUs means 16 parallel compilers at about 2 GB each, and 19.5 GB affords about 9 Either raise the memory, or set Docker Desktop to 8 CPUs — the job count comes from the CPU count and cannot be set any other way.
[warn] free space on Docker's disk: 59 GB free; 75 GB is the comfortable figure (the server folder and Docker's disk share one drive, so both needs add up)
[warn] free space on the server folder: 59 GB free; 75 GB is the comfortable figure (the server folder and Docker's disk share one drive, so both needs add up)
[pass] the server folder: /home/pk/wow-server looks usable
[pass] sharing the folder with Docker: a container can read /home/pk/wow-server
[pass] SELinux: not enforcing
[pass] the server's ports: nothing else is using them
Using /home/pk/wow-server (resuming)
Already finished: clone-core, clone-modules, generate-compose, build, client-data, import
2026-09-02 13:36:34 INFO [yulon.platform] holding this machine awake for the build: systemd-inhibit --what=idle:sleep --who=Yu'lon --why=installing a server sleep infinity
--- clone-core
2026-09-02 13:36:34 INFO [yulon.git] containerized git: `run --rm --network none --cap-drop ALL --security-opt no-new-privileges --read-only -v /home/pk/wow-server:/git:ro -w /git --user 1000:1000 alpine/git@sha256:c0280cf9572316299b08544065d3bf35db65043d5e3963982ec50647d2746e26 --no-optional-locks --attr-source=4b825dc642cb6eb9a060e54bf8d69288fbee4904 -c core.attributesFile=/dev/null -c core.fsmonitor=false -c core.hooksPath=/dev/null -c core.autocrlf=false -c core.eol=lf -c http.version=HTTP/1.1 remote get-url origin` into /home/pk/wow-server
mod-playerbots/azerothcore-wotlk is already cloned in /home/pk/wow-server; leaving it exactly as it is.
--- clone-modules
2026-09-02 13:36:35 INFO [yulon.git] containerized git: `run --rm --network none --cap-drop ALL --security-opt no-new-privileges --read-only -v /home/pk/wow-server/modules/mod-playerbots:/git:ro -w /git --user 1000:1000 alpine/git@sha256:c0280cf9572316299b08544065d3bf35db65043d5e3963982ec50647d2746e26 --no-optional-locks --attr-source=4b825dc642cb6eb9a060e54bf8d69288fbee4904 -c core.attributesFile=/dev/null -c core.fsmonitor=false -c core.hooksPath=/dev/null -c core.autocrlf=false -c core.eol=lf -c http.version=HTTP/1.1 remote get-url origin` into /home/pk/wow-server/modules/mod-playerbots
mod-playerbots/mod-playerbots is already in modules/mod-playerbots; leaving it exactly as it is.
Modules are in place.
--- generate-compose
The compose files are already exactly what this install needs.
--- build
Stopping now leaves Docker finishing the build step it is already on, in the background. That is deliberate: the work it has done is kept, and starting this install again picks up from there instead of compiling it all a second time.
Building the server. This takes hours on a first install; the output below is live.
2026-09-02 13:36:36 INFO [yulon.docker] build_staged(): `docker compose -f docker-compose.yml -f docker-compose.override.yml -f docker-compose.build.yml build --progress plain` in /home/pk/wow-server
--progress is a global compose flag, better use `docker compose --progress xx build ...
#1 [internal] load local bake definitions
#1 reading from stdin 2.17kB done
#1 DONE 0.0s

#2 [ac-worldserver internal] load build definition from Dockerfile
#2 DONE 0.0s

#2 [ac-db-import internal] load build definition from Dockerfile
#2 transferring dockerfile: 9.07kB done
#2 DONE 0.0s

#3 [ac-worldserver internal] load metadata for docker.io/library/ubuntu:24.04
#3 DONE 1.1s

#4 [ac-client-data-init internal] load .dockerignore
#4 transferring context: 261B done
#4 DONE 0.0s

#5 [ac-db-import internal] load build context
#5 DONE 0.0s

#6 [ac-authserver internal] load build context
#6 DONE 0.0s

#7 [ac-client-data-init skeleton 1/4] FROM docker.io/library/ubuntu:24.04@sha256:33ceb71981b602c1a7443a53469e4dba065f7503eab3078a2d7a57a2ab987517
#7 resolve docker.io/library/ubuntu:24.04@sha256:33ceb71981b602c1a7443a53469e4dba065f7503eab3078a2d7a57a2ab987517 0.1s done
#7 resolve docker.io/library/ubuntu:24.04@sha256:33ceb71981b602c1a7443a53469e4dba065f7503eab3078a2d7a57a2ab987517 0.1s done
#7 DONE 0.1s

#8 [ac-db-import skeleton 3/4] RUN apt-get update                                                           && apt-get install -y --no-install-recommends tzdata ca-certificates     && ln -snf "/usr/share/zoneinfo/Etc/UTC" /etc/localtime                      && echo "Etc/UTC" > /etc/timezone                                              && dpkg-reconfigure --frontend noninteractive tzdata                     && rm -rf /var/lib/apt/lists/*
#8 CACHED

#9 [ac-db-import skeleton 4/4] WORKDIR /azerothcore
#9 CACHED

#10 [ac-db-import skeleton 2/4] RUN mkdir -pv         /azerothcore/bin                           /azerothcore/data                          /azerothcore/deps                          /azerothcore/env/dist/bin                  /azerothcore/env/dist/data/Cameras         /azerothcore/env/dist/data/dbc             /azerothcore/env/dist/data/maps            /azerothcore/env/dist/data/mmaps           /azerothcore/env/dist/data/vmaps           /azerothcore/env/dist/logs                 /azerothcore/env/dist/temp                 /azerothcore/env/dist/etc                  /azerothcore/modules                       /azerothcore/src                           /azerothcore/build
#10 CACHED

#11 [ac-db-import runtime 1/4] RUN apt-get update     && apt-get install -y --no-install-recommends       libmysqlclient21 libreadline8 libicu74 libncurses5-dev       gettext-base default-mysql-client       adduser     && rm -rf /var/lib/apt/lists/*
#11 CACHED

#6 [ac-worldserver internal] load build context
#6 ...

#12 [ac-client-data-init internal] load build context
#12 transferring context: 595.41kB 0.2s done
#12 DONE 0.3s

#9 [ac-client-data-init skeleton 4/4] WORKDIR /azerothcore
#9 CACHED

#13 [ac-client-data-init client-data 1/3] RUN apt-get update &&     apt-get install -y curl unzip adduser &&     rm -rf /var/lib/apt/lists/*
#13 CACHED

#14 [ac-client-data-init client-data 2/3] RUN userdel --remove ubuntu   && addgroup --gid "1000" "acore"   && adduser --disabled-password --gecos '' --uid "1000" --gid "1000" "acore"   && passwd -d "acore"   && chown -R "acore:acore" /azerothcore
#14 CACHED

#10 [ac-client-data-init skeleton 2/4] RUN mkdir -pv         /azerothcore/bin                           /azerothcore/data                          /azerothcore/deps                          /azerothcore/env/dist/bin                  /azerothcore/env/dist/data/Cameras         /azerothcore/env/dist/data/dbc             /azerothcore/env/dist/data/maps            /azerothcore/env/dist/data/mmaps           /azerothcore/env/dist/data/vmaps           /azerothcore/env/dist/logs                 /azerothcore/env/dist/temp                 /azerothcore/env/dist/etc                  /azerothcore/modules                       /azerothcore/src                           /azerothcore/build
#10 CACHED

#8 [ac-client-data-init skeleton 3/4] RUN apt-get update                                                           && apt-get install -y --no-install-recommends tzdata ca-certificates     && ln -snf "/usr/share/zoneinfo/Etc/UTC" /etc/localtime                      && echo "Etc/UTC" > /etc/timezone                                              && dpkg-reconfigure --frontend noninteractive tzdata                     && rm -rf /var/lib/apt/lists/*
#8 CACHED

#15 [ac-client-data-init client-data 3/3] COPY --chown=acore:acore apps apps
#15 CACHED

#16 [ac-client-data-init] exporting to image
#16 exporting layers done
#16 exporting manifest sha256:99f75da4e56b3c4b65019494b9cfd51e2351ed8a5cc22eb25ec6f204be52d47c 0.0s done
#16 exporting config sha256:a0845e91da8d8872cf2118d8b04da5cedb39b0b270389134c1af0b55ec8533a1 0.0s done
#16 exporting attestation manifest sha256:607df646d22bf93c2ab9d1142e3350ca8c9b777c66c053826e85023b1b86f75a
#16 exporting attestation manifest sha256:607df646d22bf93c2ab9d1142e3350ca8c9b777c66c053826e85023b1b86f75a 0.2s done
#16 exporting manifest list sha256:d6d7e267f9c9583e5cb0e66cc38f6b49eba045bdc3ccf4943c72c14798fee71f
#16 exporting manifest list sha256:d6d7e267f9c9583e5cb0e66cc38f6b49eba045bdc3ccf4943c72c14798fee71f 0.1s done
#16 naming to yulon.local/ac-wotlk-client-data:native-079c84e8 0.0s done
#16 unpacking to yulon.local/ac-wotlk-client-data:native-079c84e8
#16 unpacking to yulon.local/ac-wotlk-client-data:native-079c84e8 0.0s done
#16 DONE 0.5s

#6 [ac-worldserver internal] load build context
#6 transferring context: 315.53kB 1.2s done
#6 DONE 1.3s

#17 [ac-client-data-init] resolving provenance for metadata file
#17 DONE 0.0s

#18 [ac-worldserver build 1/8] RUN apt-get update                                                         && apt-get install -y --no-install-recommends                                 build-essential ccache libtool cmake-data ninja-build cmake clang            git lsb-base curl unzip default-mysql-client openssl                          default-libmysqlclient-dev libboost-all-dev libssl-dev libmysql++-dev         libreadline-dev zlib1g-dev libbz2-dev libncurses5-dev liblzma-dev      && rm -rf /var/lib/apt/lists/*
#18 CACHED

#19 [ac-worldserver build 2/8] COPY CMakeLists.txt /azerothcore/CMakeLists.txt
#19 CACHED

#20 [ac-worldserver build 3/8] COPY conf /azerothcore/conf
#20 CACHED

#21 [ac-worldserver build 4/8] COPY deps /azerothcore/deps
#21 CACHED

#22 [ac-worldserver build 5/8] COPY src /azerothcore/src
#22 CACHED

#23 [ac-worldserver build 6/8] COPY modules /azerothcore/modules
#23 CACHED

#24 [ac-worldserver build 7/8] WORKDIR /azerothcore/build
#24 CACHED

#23 [ac-authserver build 6/8] COPY modules /azerothcore/modules
#23 CACHED

#18 [ac-authserver build 1/8] RUN apt-get update                                                         && apt-get install -y --no-install-recommends                                 build-essential ccache libtool cmake-data ninja-build cmake clang            git lsb-base curl unzip default-mysql-client openssl                          default-libmysqlclient-dev libboost-all-dev libssl-dev libmysql++-dev         libreadline-dev zlib1g-dev libbz2-dev libncurses5-dev liblzma-dev      && rm -rf /var/lib/apt/lists/*
#18 CACHED

#19 [ac-authserver build 2/8] COPY CMakeLists.txt /azerothcore/CMakeLists.txt
#19 CACHED

#20 [ac-authserver build 3/8] COPY conf /azerothcore/conf
#20 CACHED

#21 [ac-authserver build 4/8] COPY deps /azerothcore/deps
#21 CACHED

#22 [ac-authserver build 5/8] COPY src /azerothcore/src
#22 CACHED

#25 [ac-authserver build 8/8] RUN --mount=type=cache,target=/ccache,sharing=locked     --mount=type=bind,target=/azerothcore/.git,source=.git     git config --global --add safe.directory /azerothcore     && cmake /azerothcore        -G Ninja        -DCMAKE_INSTALL_PREFIX="/azerothcore/env/dist"         -DAPPS_BUILD="all"                                     -DTOOLS_BUILD="all"                          -DSCRIPTS="static"                                  -DMODULES="static"                                  -DWITH_WARNINGS="ON"                      -DCMAKE_BUILD_TYPE="RelWithDebInfo"                            -DCMAKE_CXX_COMPILER="clang++"                         -DCMAKE_C_COMPILER="clang"                             -DCMAKE_CXX_COMPILER_LAUNCHER="ccache"                 -DCMAKE_C_COMPILER_LAUNCHER="ccache"                   -DBoost_USE_STATIC_LIBS="ON"                        && cmake --build . --config "RelWithDebInfo" -j $(($(nproc) + 1))     && cmake --install . --config "RelWithDebInfo"
#25 0.444 -- CMake version: 3.28.3
#25 0.712 -- The CXX compiler identification is Clang 18.1.3
#25 0.831 -- The C compiler identification is Clang 18.1.3
#25 0.900 -- Detecting CXX compiler ABI info
#25 1.098 -- Detecting CXX compiler ABI info - done
#25 1.109 -- Check for working CXX compiler: /usr/bin/clang++ - skipped
#25 1.122 -- Detecting CXX compile features
#25 1.123 -- Detecting CXX compile features - done
#25 1.173 -- Detecting C compiler ABI info
#25 1.314 -- Detecting C compiler ABI info - done
#25 1.324 -- Check for working C compiler: /usr/bin/clang - skipped
#25 1.325 -- Detecting C compile features
#25 1.326 -- Detecting C compile features - done
#25 1.345 -- Running cmake hook: AFTER_LOAD_CONF
#25 1.345 -- No hooks registered for AFTER_LOAD_CONF
#25 1.345 -- Enabled С++20 standard
#25 1.346 -- Detected 64-bit platform
#25 1.346 -- Detected amd64 processor architecture
#25 1.346 -- UNIX: Using jemalloc
#25 1.346 -- UNIX: Using default configuration directory
#25 1.346 -- UNIX: Using default library directory
#25 1.347 -- UNIX: Configuring uninstall target
#25 1.347 -- UNIX: Created uninstall target
#25 1.347 -- UNIX: Detected compiler: /usr/bin/clang
#25 1.347 -- Clang: disable pch timestamp when ccache and pch enabled
#25 1.347 -- Clang: Minimum version required is 10.0.0, found 18.1.3 - ok!
#25 1.349 -- Performing Test CLANG_HAVE_PROPER_CHARCONV
#25 1.638 -- Performing Test CLANG_HAVE_PROPER_CHARCONV - Success
#25 1.638 -- Clang: All warnings enabled
#25 1.640 -- Running cmake hook: AFTER_LOAD_CMAKE_MODULES
#25 1.640 -- No hooks registered for AFTER_LOAD_CMAKE_MODULES
#25 1.641 -- Using mysql-config: /usr/bin/mysql_config
#25 1.681 -- Found MySQL:    
#25 1.691 -- Found MySQL version: 8.0.46
#25 1.692 -- Found git binary : /usr/bin/git
#25 2.552 
#25 2.552 * AzerothCore revision            : 47960183bb03+ 2026-08-28 21:04:11 +0200 (Playerbot branch)
#25 2.552 * AzerothCore buildtype           : RelWithDebInfo
#25 2.552 
#25 2.552 * Install core to                 : /azerothcore/env/dist
#25 2.552 * Install libraries to            : /azerothcore/env/dist/lib
#25 2.552 * Install configs to              : /azerothcore/env/dist/etc
#25 2.552 
#25 2.552 * Build applications              : Yes (all)
#25 2.552 * Build tools                     : Yes (all)
#25 2.552 * Build with scripts              : Yes (static)
#25 2.552 * Build with modules              : Yes (static)
#25 2.552 * Build unit tests                : No  (default)
#25 2.552 * Build core w/PCH                : Yes (default)
#25 2.552 * Build scripts w/PCH             : Yes (default)
#25 2.552 * Show all warnings               : Yes
#25 2.552 * Use coreside debug              : No  (default)
#25 2.552 * Use unix gperftools             : No  (default)
#25 2.552 * Use GIT revision hash           : Yes (default)
#25 2.552 * Use stub for libsidecar         : Yes
#25 2.552 * Enable vmap DisableMgr checks   : Yes (default)
#25 2.552 * Show source tree                : No (For UNIX default)
#25 2.552 
#25 2.765 -- Found Boost: /usr/lib/x86_64-linux-gnu/cmake/Boost-1.83.0/BoostConfig.cmake (found suitable version "1.83.0", minimum required is "1.74") found components: filesystem program_options iostreams regex thread 
#25 2.771 -- Looking for MADV_FREE
#25 2.887 -- Looking for MADV_FREE - found
#25 2.908 -- Found OpenSSL: /usr/lib/x86_64-linux-gnu/libcrypto.so (found version "3.0.13") found components: Crypto SSL 
#25 2.911 -- Looking for C++ include filesystem
#25 4.240 -- Looking for C++ include filesystem - found
#25 4.241 -- Performing Test CXX_FILESYSTEM_NO_LINK_NEEDED
#25 5.544 -- Performing Test CXX_FILESYSTEM_NO_LINK_NEEDED - Success
#25 5.548 -- Found Threads: TRUE  
#25 5.572 -- Found ZLIB: /usr/lib/x86_64-linux-gnu/libz.so (found version "1.3")  
#25 5.581 -- Found Readline library: /usr/lib/x86_64-linux-gnu/libreadline.so
#25 5.581 -- Include dir is: /usr/include
#25 5.590 -- Found BZip2: /usr/lib/x86_64-linux-gnu/libbz2.so (found version "1.0.8") 
#25 5.591 -- Looking for BZ2_bzCompressInit
#25 5.704 -- Looking for BZ2_bzCompressInit - found
#25 5.743 -- Running cmake hook: BEFORE_SRC_LOAD
#25 5.743 -- No hooks registered for BEFORE_SRC_LOAD
#25 5.746 
#25 5.746 * Apps build list (all):
#25 5.746   |
#25 5.746   +- apps
#25 5.746   |   +- authserver
#25 5.746   |   +- worldserver
#25 5.746   |
#25 5.746 
#25 5.766 -- Running cmake hook: BEFORE_GAME_LIBRARY
#25 5.766 -- No hooks registered for BEFORE_GAME_LIBRARY
#25 5.870 -- Running cmake hook: AFTER_GAME_LIBRARY
#25 5.870 -- No hooks registered for AFTER_GAME_LIBRARY
#25 5.871 -- Running cmake hook: BEFORE_SCRIPTS_LIBRARY
#25 5.871 -- No hooks registered for BEFORE_SCRIPTS_LIBRARY
#25 5.872 * Script configuration (static):
#25 5.872   |
#25 5.872   +- worldserver
#25 5.872   |   +- Commands
#25 5.872   |   +- Custom
#25 5.872   |   +- EasternKingdoms
#25 5.872   |   +- Events
#25 5.872   |   +- Kalimdor
#25 5.872   |   +- Northrend
#25 5.872   |   +- OutdoorPvP
#25 5.872   |   +- Outland
#25 5.872   |   +- Pet
#25 5.872   |   +- Spells
#25 5.872   |   +- World
#25 5.872   |
#25 5.988 
#25 5.989 
#25 5.989 * Tools build list (all):
#25 5.989   |
#25 5.989   +- tools
#25 5.989   |   +- dbimport
#25 5.989   |   +- map_extractor
#25 5.989   |   +- mmaps_generator
#25 5.989   |   +- vmap4_assembler
#25 5.989   |   +- vmap4_extractor
#25 5.989   |
#25 5.989 
#25 6.000 * Modules configuration (static):
#25 6.000   |
#25 6.000   +- worldserver
#25 6.000   |   +- mod-playerbots
#25 6.000   |
#25 6.000 
#25 6.245 -- * Modules config list:
#25 6.245   |
#25 6.245 --   +- mod-playerbots
#25 6.245 --   |  * playerbots.conf
#25 6.245 
#25 6.246 -- Running cmake hook: AFTER_SRC_LOAD
#25 6.246 -- No hooks registered for AFTER_SRC_LOAD
#25 6.249 -- Configuring done (5.8s)
#25 6.740 -- Generating done (0.4s)
#25 6.817 -- Build files have been written to: /azerothcore/build
#25 6.965 [1/1829] Building C object deps/argon2/CMakeFiles/argon2.dir/argon2/thread.c.o
#25 6.966 [2/1829] Building C object deps/argon2/CMakeFiles/argon2.dir/argon2/argon2.c.o
#25 6.966 [3/1829] Building C object deps/argon2/CMakeFiles/argon2.dir/argon2/opt.c.o
#25 6.967 [4/1829] Building C object deps/argon2/CMakeFiles/argon2.dir/argon2/core.c.o
#25 6.968 [5/1829] Building C object deps/argon2/CMakeFiles/argon2.dir/argon2/encoding.c.o
#25 6.970 [6/1829] Building C object deps/SFMT/CMakeFiles/sfmt.dir/SFMT.c.o
#25 6.970 [7/1829] Building C object deps/argon2/CMakeFiles/argon2.dir/argon2/blake2/blake2b.c.o
#25 6.972 [8/1829] Building CXX object deps/fmt/CMakeFiles/fmt.dir/src/os.cc.o
#25 6.975 [9/1829] Building C object deps/jemalloc/CMakeFiles/jemalloc.dir/src/background_thread.c.o
#25 6.976 [10/1829] Building C object deps/jemalloc/CMakeFiles/jemalloc.dir/src/base.c.o
#25 6.976 [11/1829] Building CXX object deps/fmt/CMakeFiles/fmt.dir/src/format.cc.o
#25 6.977 [12/1829] Building C object deps/jemalloc/CMakeFiles/jemalloc.dir/src/arena.c.o
#25 6.978 [13/1829] Building C object deps/jemalloc/CMakeFiles/jemalloc.dir/src/bin.c.o
#25 6.979 [14/1829] Building C object deps/jemalloc/CMakeFiles/jemalloc.dir/src/bitmap.c.o
#25 6.980 [15/1829] Building C object deps/jemalloc/CMakeFiles/jemalloc.dir/src/ckh.c.o
#25 6.982 [16/1829] Building C object deps/jemalloc/CMakeFiles/jemalloc.dir/src/ctl.c.o
#25 6.983 [17/1829] Building C object deps/jemalloc/CMakeFiles/jemalloc.dir/src/div.c.o
#25 6.984 [18/1829] Building C object deps/jemalloc/CMakeFiles/jemalloc.dir/src/extent.c.o
#25 6.985 [19/1829] Building C object deps/jemalloc/CMakeFiles/jemalloc.dir/src/extent_dss.c.o
#25 6.985 [20/1829] Building C object deps/jemalloc/CMakeFiles/jemalloc.dir/src/extent_mmap.c.o
#25 6.987 [21/1829] Building C object deps/jemalloc/CMakeFiles/jemalloc.dir/src/hash.c.o
#25 6.989 [22/1829] Building C object deps/jemalloc/CMakeFiles/jemalloc.dir/src/hook.c.o
#25 6.992 [23/1829] Building C object deps/jemalloc/CMakeFiles/jemalloc.dir/src/jemalloc.c.o
#25 6.993 [24/1829] Building CXX object deps/jemalloc/CMakeFiles/jemalloc.dir/src/jemalloc_cpp.cpp.o
#25 6.995 [25/1829] Building C object deps/jemalloc/CMakeFiles/jemalloc.dir/src/log.c.o
#25 6.996 [26/1829] Building C object deps/jemalloc/CMakeFiles/jemalloc.dir/src/malloc_io.c.o
#25 6.997 [27/1829] Building C object deps/jemalloc/CMakeFiles/jemalloc.dir/src/mutex.c.o
#25 6.998 [28/1829] Building C object deps/jemalloc/CMakeFiles/jemalloc.dir/src/large.c.o
#25 7.001 [29/1829] Building C object deps/jemalloc/CMakeFiles/jemalloc.dir/src/pages.c.o
#25 7.003 [30/1829] Building C object deps/jemalloc/CMakeFiles/jemalloc.dir/src/prng.c.o
#25 7.004 [31/1829] Building C object deps/jemalloc/CMakeFiles/jemalloc.dir/src/mutex_pool.c.o
#25 7.005 [32/1829] Building C object deps/jemalloc/CMakeFiles/jemalloc.dir/src/nstime.c.o
#25 7.006 [33/1829] Building C object deps/jemalloc/CMakeFiles/jemalloc.dir/src/prof.c.o
#25 7.007 [34/1829] Building C object deps/jemalloc/CMakeFiles/jemalloc.dir/src/rtree.c.o
#25 7.009 [35/1829] Building C object deps/jemalloc/CMakeFiles/jemalloc.dir/src/safety_check.c.o
#25 7.010 [36/1829] Building C object deps/jemalloc/CMakeFiles/jemalloc.dir/src/stats.c.o
#25 7.010 [37/1829] Building C object deps/jemalloc/CMakeFiles/jemalloc.dir/src/sc.c.o
#25 7.011 [38/1829] Building C object deps/jemalloc/CMakeFiles/jemalloc.dir/src/sz.c.o
#25 7.012 [39/1829] Building C object deps/jemalloc/CMakeFiles/jemalloc.dir/src/test_hooks.c.o
#25 7.015 [40/1829] Building C object deps/jemalloc/CMakeFiles/jemalloc.dir/src/tcache.c.o
#25 7.016 [41/1829] Building C object deps/jemalloc/CMakeFiles/jemalloc.dir/src/ticker.c.o
#25 7.016 [42/1829] Building C object deps/jemalloc/CMakeFiles/jemalloc.dir/src/tsd.c.o
#25 7.019 [43/1829] Building C object deps/jemalloc/CMakeFiles/jemalloc.dir/src/witness.c.o
#25 7.025 [44/1829] Building CXX object deps/g3dlite/CMakeFiles/g3dlib.dir/source/AABox.cpp.o
#25 7.028 [45/1829] Building CXX object deps/g3dlite/CMakeFiles/g3dlib.dir/source/Capsule.cpp.o
#25 7.028 [46/1829] Building CXX object deps/g3dlite/CMakeFiles/g3dlib.dir/source/BinaryInput.cpp.o
#25 7.029 [47/1829] Building CXX object deps/g3dlite/CMakeFiles/g3dlib.dir/source/CollisionDetection.cpp.o
#25 7.031 [48/1829] Building CXX object deps/g3dlite/CMakeFiles/g3dlib.dir/source/Any.cpp.o
#25 7.031 [49/1829] Building CXX object deps/g3dlite/CMakeFiles/g3dlib.dir/source/AnyTableReader.cpp.o
#25 7.033 [50/1829] Building CXX object deps/g3dlite/CMakeFiles/g3dlib.dir/source/BinaryFormat.cpp.o
#25 7.034 [51/1829] Building CXX object deps/g3dlite/CMakeFiles/g3dlib.dir/source/Box.cpp.o
#25 7.035 [52/1829] Building CXX object deps/g3dlite/CMakeFiles/g3dlib.dir/source/Crypto.cpp.o
#25 7.039 [53/1829] Building CXX object deps/g3dlite/CMakeFiles/g3dlib.dir/source/BinaryOutput.cpp.o
#25 7.040 [54/1829] Building CXX object deps/g3dlite/CMakeFiles/g3dlib.dir/source/CoordinateFrame.cpp.o
#25 7.041 [55/1829] Building CXX object deps/g3dlite/CMakeFiles/g3dlib.dir/source/Cylinder.cpp.o
#25 7.042 [56/1829] Building CXX object deps/g3dlite/CMakeFiles/g3dlib.dir/source/debugAssert.cpp.o
#25 7.046 [57/1829] Building CXX object deps/g3dlite/CMakeFiles/g3dlib.dir/source/fileutils.cpp.o
#25 7.047 [58/1829] Building CXX object deps/g3dlite/CMakeFiles/g3dlib.dir/source/g3dfnmatch.cpp.o
#25 7.048 [59/1829] Building CXX object deps/g3dlite/CMakeFiles/g3dlib.dir/source/g3dmath.cpp.o
#25 7.050 [60/1829] Building CXX object deps/g3dlite/CMakeFiles/g3dlib.dir/source/FileSystem.cpp.o
#25 7.050 [61/1829] Building CXX object deps/g3dlite/CMakeFiles/g3dlib.dir/source/format.cpp.o
#25 7.051 [62/1829] Building CXX object deps/g3dlite/CMakeFiles/g3dlib.dir/source/GThread.cpp.o
#25 7.054 [63/1829] Building CXX object deps/g3dlite/CMakeFiles/g3dlib.dir/source/Line.cpp.o
#25 7.054 [64/1829] Linking CXX static library deps/fmt/libfmt.a
#25 7.056 [65/1829] Building CXX object deps/g3dlite/CMakeFiles/g3dlib.dir/source/LineSegment.cpp.o
#25 7.057 [66/1829] Building CXX object deps/g3dlite/CMakeFiles/g3dlib.dir/source/Matrix3.cpp.o
#25 7.058 [67/1829] Building CXX object deps/g3dlite/CMakeFiles/g3dlib.dir/source/Matrix4.cpp.o
#25 7.060 [68/1829] Building CXX object deps/g3dlite/CMakeFiles/g3dlib.dir/source/Log.cpp.o
#25 7.061 [69/1829] Building CXX object deps/g3dlite/CMakeFiles/g3dlib.dir/source/Plane.cpp.o
#25 7.062 [70/1829] Linking CXX static library deps/SFMT/libsfmt.a
#25 7.063 [71/1829] Building CXX object deps/g3dlite/CMakeFiles/g3dlib.dir/source/PhysicsFrame.cpp.o
#25 7.064 [72/1829] Linking CXX static library deps/argon2/libargon2.a
#25 7.067 [73/1829] Building CXX object deps/g3dlite/CMakeFiles/g3dlib.dir/source/MemoryManager.cpp.o
#25 7.072 [74/1829] Building CXX object deps/g3dlite/CMakeFiles/g3dlib.dir/source/prompt.cpp.o
#25 7.073 [75/1829] Building CXX object deps/g3dlite/CMakeFiles/g3dlib.dir/source/Random.cpp.o
#25 7.074 [76/1829] Building CXX object deps/g3dlite/CMakeFiles/g3dlib.dir/source/Ray.cpp.o
#25 7.075 [77/1829] Building CXX object deps/g3dlite/CMakeFiles/g3dlib.dir/source/RegistryUtil.cpp.o
#25 7.078 [78/1829] Building CXX object deps/g3dlite/CMakeFiles/g3dlib.dir/source/Quat.cpp.o
#25 7.080 [79/1829] Building CXX object deps/g3dlite/CMakeFiles/g3dlib.dir/source/Sphere.cpp.o
#25 7.080 [80/1829] Building CXX object deps/g3dlite/CMakeFiles/g3dlib.dir/source/Triangle.cpp.o
#25 7.081 [81/1829] Building CXX object deps/g3dlite/CMakeFiles/g3dlib.dir/source/stringutils.cpp.o
#25 7.083 [82/1829] Building CXX object deps/g3dlite/CMakeFiles/g3dlib.dir/source/System.cpp.o
#25 7.084 [83/1829] Building CXX object deps/g3dlite/CMakeFiles/g3dlib.dir/source/TextOutput.cpp.o
#25 7.086 [84/1829] Building CXX object deps/g3dlite/CMakeFiles/g3dlib.dir/source/uint128.cpp.o
#25 7.087 [85/1829] Building CXX object deps/g3dlite/CMakeFiles/g3dlib.dir/source/TextInput.cpp.o
#25 7.088 [86/1829] Building CXX object deps/g3dlite/CMakeFiles/g3dlib.dir/source/UprightFrame.cpp.o
#25 7.090 [87/1829] Building CXX object deps/g3dlite/CMakeFiles/g3dlib.dir/source/Vector2.cpp.o
#25 7.092 [88/1829] Building CXX object deps/recastnavigation/Detour/CMakeFiles/Detour.dir/Source/DetourAlloc.cpp.o
#25 7.095 [89/1829] Building CXX object deps/recastnavigation/Detour/CMakeFiles/Detour.dir/Source/DetourAssert.cpp.o
#25 7.096 [90/1829] Building CXX object deps/recastnavigation/Detour/CMakeFiles/Detour.dir/Source/DetourCommon.cpp.o
#25 7.097 [91/1829] Building CXX object deps/g3dlite/CMakeFiles/g3dlib.dir/source/Vector3.cpp.o
#25 7.097 [92/1829] Building CXX object deps/g3dlite/CMakeFiles/g3dlib.dir/source/Vector4.cpp.o
#25 7.101 [93/1829] Building CXX object deps/recastnavigation/Detour/CMakeFiles/Detour.dir/Source/DetourNavMesh.cpp.o
#25 7.106 [94/1829] Building CXX object deps/recastnavigation/Detour/CMakeFiles/Detour.dir/Source/DetourNavMeshBuilder.cpp.o
#25 7.107 [95/1829] Building CXX object deps/recastnavigation/Detour/CMakeFiles/Detour.dir/Source/DetourNavMeshQuery.cpp.o
#25 7.107 [96/1829] Building CXX object deps/recastnavigation/Detour/CMakeFiles/Detour.dir/Source/DetourNode.cpp.o
#25 7.108 [97/1829] Building CXX object deps/recastnavigation/Recast/CMakeFiles/Recast.dir/Source/Recast.cpp.o
#25 7.108 [98/1829] Building CXX object deps/recastnavigation/Recast/CMakeFiles/Recast.dir/Source/RecastAlloc.cpp.o
#25 7.109 [99/1829] Building CXX object deps/recastnavigation/Recast/CMakeFiles/Recast.dir/Source/RecastAssert.cpp.o
#25 7.109 [100/1829] Building CXX object deps/recastnavigation/Recast/CMakeFiles/Recast.dir/Source/RecastArea.cpp.o
#25 7.111 [101/1829] Building CXX object deps/recastnavigation/Recast/CMakeFiles/Recast.dir/Source/RecastFilter.cpp.o
#25 7.115 [102/1829] Building CXX object deps/recastnavigation/Recast/CMakeFiles/Recast.dir/Source/RecastLayers.cpp.o
#25 7.115 [103/1829] Building CXX object deps/recastnavigation/Recast/CMakeFiles/Recast.dir/Source/RecastMesh.cpp.o
#25 7.115 [104/1829] Building CXX object deps/recastnavigation/Recast/CMakeFiles/Recast.dir/Source/RecastRasterization.cpp.o
#25 7.116 [105/1829] Building CXX object deps/recastnavigation/Recast/CMakeFiles/Recast.dir/Source/RecastContour.cpp.o
#25 7.118 [106/1829] Building CXX object deps/recastnavigation/Recast/CMakeFiles/Recast.dir/Source/RecastMeshDetail.cpp.o
#25 7.120 [107/1829] Building C object deps/libmpq/CMakeFiles/mpq.dir/libmpq/common.c.o
#25 7.120 [108/1829] Building C object deps/libmpq/CMakeFiles/mpq.dir/libmpq/explode.c.o
#25 7.120 [109/1829] Building CXX object deps/gsoap/CMakeFiles/gsoap.dir/soapServer.cpp.o
#25 7.122 [110/1829] Building C object deps/libmpq/CMakeFiles/mpq.dir/libmpq/huffman.c.o
#25 7.123 [111/1829] Building CXX object deps/recastnavigation/Recast/CMakeFiles/Recast.dir/Source/RecastRegion.cpp.o
#25 7.125 [112/1829] Building CXX object deps/gsoap/CMakeFiles/gsoap.dir/soapC.cpp.o
#25 7.125 [113/1829] Linking CXX static library deps/jemalloc/libjemalloc.a
#25 7.126 [114/1829] Building C object deps/libmpq/CMakeFiles/mpq.dir/libmpq/extract.c.o
#25 7.127 [115/1829] Building C object deps/libmpq/CMakeFiles/mpq.dir/libmpq/wave.c.o
#25 7.130 [116/1829] Building C object deps/libsidecar/CMakeFiles/libsidecar.dir/stub/battleground-api.c.o
#25 7.140 [117/1829] Building C object deps/libsidecar/CMakeFiles/libsidecar.dir/stub/libsidecar.c.o
#25 7.141 [118/1829] Building C object deps/libsidecar/CMakeFiles/libsidecar.dir/stub/player-money-api.c.o
#25 7.142 [119/1829] Building CXX object deps/gsoap/CMakeFiles/gsoap.dir/stdsoap2.cpp.o
#25 7.142 [120/1829] Building C object deps/libmpq/CMakeFiles/mpq.dir/libmpq/mpq.c.o
#25 7.143 [121/1829] Building C object deps/libsidecar/CMakeFiles/libsidecar.dir/stub/events-group.c.o
#25 7.143 [122/1829] Building C object deps/libsidecar/CMakeFiles/libsidecar.dir/stub/events-guild.c.o
#25 7.144 [123/1829] Building C object deps/libsidecar/CMakeFiles/libsidecar.dir/stub/monitoring.c.o
#25 7.145 [124/1829] Building C object deps/libsidecar/CMakeFiles/libsidecar.dir/stub/player-interactions-api.c.o
#25 7.146 [125/1829] Building C object deps/libsidecar/CMakeFiles/libsidecar.dir/stub/events-servers-registry.c.o
#25 7.153 [126/1829] Building C object deps/libsidecar/CMakeFiles/libsidecar.dir/stub/player-items-api.c.o
#25 7.156 [127/1829] Building CXX object src/server/shared/CMakeFiles/shared.dir/SharedDefines.cpp.o
#25 7.157 [128/1829] Building CXX object src/server/shared/CMakeFiles/shared.dir/enuminfo_SharedDefines.cpp.o
#25 7.157 [129/1829] Building CXX object src/server/shared/CMakeFiles/shared.dir/DataStores/DBCStore.cpp.o
#25 7.169 [130/1829] Linking CXX static library deps/recastnavigation/Detour/libDetour.a
#25 7.186 [131/1829] Building CXX object src/server/shared/CMakeFiles/shared.dir/DataStores/DBCDatabaseLoader.cpp.o
#25 7.201 [132/1829] Building CXX object modules/CMakeFiles/modules.dir/gen_scriptloader/static/ModulesLoader.cpp.o
#25 7.205 [133/1829] Building CXX object modules/CMakeFiles/modules.dir/mod-playerbots/src/PlayerbotAIConfig.cpp.o
#25 7.207 [134/1829] Building CXX object src/server/shared/CMakeFiles/shared.dir/Packets/ByteBuffer.cpp.o
#25 7.209 [135/1829] Building CXX object src/server/shared/CMakeFiles/shared.dir/Realms/Realm.cpp.o
#25 7.211 [136/1829] Linking CXX static library deps/recastnavigation/Recast/libRecast.a
#25 7.213 [137/1829] Building CXX object modules/CMakeFiles/modules.dir/mod-playerbots/src/Ai/Base/Actions/AcceptBattlegroundInvitationAction.cpp.o
#25 7.215 [138/1829] Building CXX object src/server/shared/CMakeFiles/shared.dir/Secrets/SecretMgr.cpp.o
#25 7.218 [139/1829] Linking CXX static library deps/libmpq/libmpq.a
#25 7.225 [140/1829] Building CXX object modules/CMakeFiles/modules.dir/mod-playerbots/src/Ai/Base/Actions/AcceptDuelAction.cpp.o
#25 7.228 [141/1829] Building CXX object src/server/shared/CMakeFiles/shared.dir/Realms/RealmList.cpp.o
#25 7.232 [142/1829] Building CXX object modules/CMakeFiles/modules.dir/mod-playerbots/src/Ai/Base/Actions/AcceptQuestAction.cpp.o
#25 7.235 [143/1829] Building CXX object modules/CMakeFiles/modules.dir/mod-playerbots/src/Ai/Base/Actions/AcceptInvitationAction.cpp.o
#25 7.237 [144/1829] Building CXX object modules/CMakeFiles/modules.dir/mod-playerbots/src/Ai/Base/Actions/AcceptResurrectAction.cpp.o
#25 7.238 [145/1829] Building CXX object modules/CMakeFiles/modules.dir/mod-playerbots/src/Ai/Base/Actions/AddLootAction.cpp.o
#25 7.239 [146/1829] Linking CXX static library deps/libsidecar/liblibsidecar.a
#25 7.241 [147/1829] Building CXX object modules/CMakeFiles/modules.dir/mod-playerbots/src/Ai/Base/Actions/ArenaTeamActions.cpp.o
#25 7.242 [148/1829] Linking CXX static library deps/gsoap/libgsoap.a
#25 7.253 [149/1829] Building CXX object modules/CMakeFiles/modules.dir/mod-playerbots/src/Ai/Base/Actions/AutoMaintenanceOnLevelupAction.cpp.o
#25 7.256 [150/1829] Linking CXX static library deps/g3dlite/libg3dlib.a
#25 7.263 [151/1829] Building CXX object modules/CMakeFiles/modules.dir/mod-playerbots/src/Ai/Base/Actions/BossAuraActions.cpp.o
#25 7.266 [152/1829] Building CXX object modules/CMakeFiles/modules.dir/mod-playerbots/src/Ai/Base/Actions/BattleGroundJoinAction.cpp.o
#25 7.268 [153/1829] Building CXX object modules/CMakeFiles/modules.dir/mod-playerbots/src/Ai/Base/Actions/BattleGroundTactics.cpp.o
#25 7.270 [154/1829] Building CXX object modules/CMakeFiles/modules.dir/mod-playerbots/src/Ai/Base/Actions/BuffAction.cpp.o
#25 7.272 [155/1829] Building CXX object modules/CMakeFiles/modules.dir/mod-playerbots/src/Ai/Base/Actions/AreaTriggerAction.cpp.o
#25 7.274 [156/1829] Building CXX object modules/CMakeFiles/modules.dir/mod-playerbots/src/Ai/Base/Actions/CancelChannelAction.cpp.o
#25 7.278 [157/1829] Building CXX object modules/CMakeFiles/modules.dir/mod-playerbots/src/Ai/Base/Actions/CastCustomSpellAction.cpp.o
#25 7.280 [158/1829] Building CXX object modules/CMakeFiles/modules.dir/mod-playerbots/src/Ai/Base/Actions/AttackAction.cpp.o
#25 7.285 [159/1829] Building CXX object modules/CMakeFiles/modules.dir/mod-playerbots/src/Ai/Base/Actions/ChangeChatAction.cpp.o
#25 7.288 [160/1829] Building CXX object modules/CMakeFiles/modules.dir/mod-playerbots/src/Ai/Base/Actions/ChangeStrategyAction.cpp.o
#25 7.294 [161/1829] Building CXX object modules/CMakeFiles/modules.dir/mod-playerbots/src/Ai/Base/Actions/ChatShortcutActions.cpp.o
#25 7.296 [162/1829] Building CXX object modules/CMakeFiles/modules.dir/mod-playerbots/src/Ai/Base/Actions/BankAction.cpp.o
#25 7.297 [163/1829] Building CXX object modules/CMakeFiles/modules.dir/mod-playerbots/src/Ai/Base/Actions/CheckMailAction.cpp.o
#25 7.308 [164/1829] Building CXX object modules/CMakeFiles/modules.dir/mod-playerbots/src/Ai/Base/Actions/CheckMountStateAction.cpp.o
#25 7.310 [165/1829] Building CXX object modules/CMakeFiles/modules.dir/mod-playerbots/src/Ai/Base/Actions/CheckValuesAction.cpp.o
#25 7.316 [166/1829] Building CXX object modules/CMakeFiles/modules.dir/mod-playerbots/src/Ai/Base/Actions/BuyAction.cpp.o
#25 7.319 [167/1829] Building CXX object src/server/database/CMakeFiles/database.dir/cmake_pch.hxx.pch
#25 7.322 [168/1829] Building CXX object modules/CMakeFiles/modules.dir/mod-playerbots/src/Ai/Base/Actions/ChooseTargetActions.cpp.o
#25 7.328 [169/1829] Building CXX object modules/CMakeFiles/modules.dir/mod-playerbots/src/Ai/Base/Actions/ChooseTravelTargetAction.cpp.o
#25 7.331 [170/1829] Building CXX object modules/CMakeFiles/modules.dir/mod-playerbots/src/Ai/Base/Actions/CustomStrategyEditAction.cpp.o
#25 7.334 [171/1829] Building CXX object modules/CMakeFiles/modules.dir/mod-playerbots/src/Ai/Base/Actions/ChangeTalentsAction.cpp.o
#25 7.336 [172/1829] Building CXX object modules/CMakeFiles/modules.dir/mod-playerbots/src/Ai/Base/Actions/CombatActions.cpp.o
#25 7.337 [173/1829] Building CXX object modules/CMakeFiles/modules.dir/mod-playerbots/src/Ai/Base/Actions/DelayAction.cpp.o
#25 7.338 [174/1829] Building CXX object modules/CMakeFiles/modules.dir/mod-playerbots/src/Ai/Base/Actions/CheatAction.cpp.o
#25 7.349 [175/1829] Building CXX object modules/CMakeFiles/modules.dir/mod-playerbots/src/Ai/Base/Actions/DropQuestAction.cpp.o
#25 7.352 [176/1829] Building CXX object modules/CMakeFiles/modules.dir/mod-playerbots/src/Ai/Base/Actions/ChooseRpgTargetAction.cpp.o
#25 7.353 [177/1829] Building CXX object modules/CMakeFiles/modules.dir/mod-playerbots/src/Ai/Base/Actions/DebugAction.cpp.o
#25 7.355 [178/1829] Building CXX object modules/CMakeFiles/modules.dir/mod-playerbots/src/Ai/Base/Actions/DestroyItemAction.cpp.o
#25 7.356 [179/1829] Building CXX object modules/CMakeFiles/modules.dir/mod-playerbots/src/Ai/Base/Actions/EmoteAction.cpp.o
#25 7.442 [180/1829] Building CXX object src/common/CMakeFiles/common.dir/cmake_pch.hxx.pch
#25 7.457 [181/1829] Building CXX object src/server/database/CMakeFiles/database.dir/Database/DatabaseEnv.cpp.o
#25 7.460 [182/1829] Building CXX object src/server/database/CMakeFiles/database.dir/Database/AdhocStatement.cpp.o
#25 7.837 [183/1829] cd /azerothcore && /usr/bin/cmake -DBUILDDIR="/azerothcore/build" -P /azerothcore/src/cmake/genrev.cmake /azerothcore/build
#25 7.950 [184/1829] Building CXX object src/server/scripts/CMakeFiles/scripts.dir/cmake_pch.hxx.pch
#25 7.951 [185/1829] Building CXX object src/server/database/CMakeFiles/database.dir/Database/DatabaseWorker.cpp.o
#25 7.952 [186/1829] Building CXX object src/server/database/CMakeFiles/database.dir/Database/Field.cpp.o
#25 7.953 [187/1829] Building CXX object src/server/database/CMakeFiles/database.dir/Database/MySQLConnection.cpp.o
#25 7.954 [188/1829] Building CXX object src/server/database/CMakeFiles/database.dir/Database/MySQLPreparedStatement.cpp.o
#25 7.955 [189/1829] Building CXX object src/server/database/CMakeFiles/database.dir/Database/MySQLThreading.cpp.o
#25 7.957 [190/1829] Building CXX object src/server/database/CMakeFiles/database.dir/Database/PreparedStatement.cpp.o
#25 7.958 [191/1829] Building CXX object src/server/database/CMakeFiles/database.dir/Database/QueryResult.cpp.o
#25 7.960 [192/1829] Building CXX object src/server/database/CMakeFiles/database.dir/Database/DatabaseLoader.cpp.o
#25 7.961 [193/1829] Building CXX object src/server/database/CMakeFiles/database.dir/Database/DatabaseWorkerPool.cpp.o
#25 7.962 [194/1829] Building CXX object src/server/database/CMakeFiles/database.dir/Database/QueryCallback.cpp.o
#25 7.965 [195/1829] Building CXX object src/server/database/CMakeFiles/database.dir/Database/QueryHolder.cpp.o
#25 7.965 [196/1829] Building CXX object src/common/CMakeFiles/common.dir/Banner.cpp.o
#25 7.972 [197/1829] Building CXX object src/common/CMakeFiles/common.dir/Common.cpp.o
#25 7.975 [198/1829] Building CXX object src/common/CMakeFiles/common.dir/GitRevision.cpp.o
#25 8.004 [199/1829] Building CXX object src/common/CMakeFiles/common.dir/Collision/BoundingIntervalHierarchy.cpp.o
#25 8.017 [200/1829] Building CXX object src/common/CMakeFiles/common.dir/Collision/Models/ModelInstance.cpp.o
#25 8.019 [201/1829] Building CXX object src/common/CMakeFiles/common.dir/Collision/Management/MMapMgr.cpp.o
#25 8.020 [202/1829] Building CXX object src/common/CMakeFiles/common.dir/Collision/Management/WorldModelStore.cpp.o
#25 8.021 [203/1829] Building CXX object src/common/CMakeFiles/common.dir/Collision/Models/WorldModel.cpp.o
#25 8.023 [204/1829] Building CXX object src/common/CMakeFiles/common.dir/Collision/DynamicTree.cpp.o
#25 8.024 [205/1829] Building CXX object src/common/CMakeFiles/common.dir/Collision/Management/VMapFactory.cpp.o
#25 8.025 [206/1829] Building CXX object src/common/CMakeFiles/common.dir/Collision/Management/VMapMgr2.cpp.o
#25 8.027 [207/1829] Building CXX object src/common/CMakeFiles/common.dir/Collision/Maps/MapTree.cpp.o
#25 8.028 [208/1829] Building CXX object src/common/CMakeFiles/common.dir/Cryptography/ARC4.cpp.o
#25 8.029 [209/1829] Building CXX object src/common/CMakeFiles/common.dir/Collision/Maps/TileAssembler.cpp.o
#25 8.033 [210/1829] Building CXX object src/common/CMakeFiles/common.dir/Collision/Models/GameObjectModel.cpp.o
#25 8.035 [211/1829] Building CXX object src/common/CMakeFiles/common.dir/Configuration/BuiltInConfig.cpp.o
#25 8.040 [212/1829] Building CXX object src/common/CMakeFiles/common.dir/Configuration/Config.cpp.o
#25 8.044 [213/1829] Building CXX object src/common/CMakeFiles/common.dir/Cryptography/AES.cpp.o
#25 8.053 [214/1829] Building CXX object src/common/CMakeFiles/common.dir/Cryptography/Argon2.cpp.o
#25 8.068 [215/1829] Building CXX object src/common/CMakeFiles/common.dir/Cryptography/CryptoRandom.cpp.o
#25 8.069 [216/1829] Building CXX object src/common/CMakeFiles/common.dir/Cryptography/OpenSSLCrypto.cpp.o
#25 8.074 [217/1829] Building CXX object src/common/CMakeFiles/common.dir/Cryptography/TOTP.cpp.o
#25 8.075 [218/1829] Building CXX object src/common/CMakeFiles/common.dir/Cryptography/Authentication/SRP6.cpp.o
#25 8.077 [219/1829] Building CXX object src/common/CMakeFiles/common.dir/Cryptography/Authentication/AuthCrypt.cpp.o
#25 8.079 [220/1829] Building CXX object src/common/CMakeFiles/common.dir/Encoding/Base32.cpp.o
#25 8.080 [221/1829] Building CXX object src/common/CMakeFiles/common.dir/Encoding/Base64.cpp.o
#25 8.083 [222/1829] Building CXX object src/common/CMakeFiles/common.dir/DataStores/DBCFileLoader.cpp.o
#25 8.084 [223/1829] Building CXX object src/common/CMakeFiles/common.dir/IPLocation/IPLocation.cpp.o
#25 8.087 [224/1829] Building CXX object src/common/CMakeFiles/common.dir/Cryptography/BigNumber.cpp.o
#25 8.089 [225/1829] Building CXX object src/common/CMakeFiles/common.dir/Logging/Appender.cpp.o
#25 8.092 [226/1829] Building CXX object src/common/CMakeFiles/common.dir/Logging/AppenderConsole.cpp.o
#25 8.109 [227/1829] Building CXX object src/common/CMakeFiles/common.dir/Logging/LogMessage.cpp.o
#25 8.114 [228/1829] Building CXX object src/common/CMakeFiles/common.dir/Logging/LogOperation.cpp.o
#25 8.116 [229/1829] Building CXX object src/common/CMakeFiles/common.dir/Logging/Log.cpp.o
#25 8.118 [230/1829] Building CXX object src/common/CMakeFiles/common.dir/Logging/AppenderFile.cpp.o
#25 8.122 [231/1829] Building CXX object src/common/CMakeFiles/common.dir/Logging/Logger.cpp.o
#25 8.135 [232/1829] Building CXX object src/common/CMakeFiles/common.dir/Logging/enuminfo_AppenderConsole.cpp.o
#25 8.143 [233/1829] Building CXX object src/common/CMakeFiles/common.dir/Navigation/DetourExtended.cpp.o
#25 8.145 [234/1829] Building CXX object src/common/CMakeFiles/common.dir/Threading/ProcessPriority.cpp.o
#25 8.151 [235/1829] Building CXX object src/common/CMakeFiles/common.dir/Utilities/Random.cpp.o
#25 8.158 [236/1829] Building CXX object src/common/CMakeFiles/common.dir/Utilities/SFMTRand.cpp.o
#25 8.161 [237/1829] Building CXX object src/common/CMakeFiles/common.dir/Logging/enuminfo_LogCommon.cpp.o
#25 8.162 [238/1829] Building CXX object src/common/CMakeFiles/common.dir/Utilities/StringFormat.cpp.o
#25 8.167 [239/1829] Building CXX object src/common/CMakeFiles/common.dir/Utilities/Systemd.cpp.o
#25 8.176 [240/1829] Building CXX object src/common/CMakeFiles/common.dir/Threading/Threading.cpp.o
#25 8.178 [241/1829] Building CXX object src/common/CMakeFiles/common.dir/Utilities/TaskScheduler.cpp.o
#25 8.187 [242/1829] Building CXX object src/common/CMakeFiles/common.dir/Metric/Metric.cpp.o
#25 8.189 [243/1829] Building CXX object src/common/CMakeFiles/common.dir/Utilities/EventMap.cpp.o
#25 8.190 [244/1829] Building CXX object src/common/CMakeFiles/common.dir/Utilities/EventProcessor.cpp.o
#25 8.195 [245/1829] Building CXX object src/common/CMakeFiles/common.dir/Utilities/StartProcess.cpp.o
#25 8.198 [246/1829] Building CXX object src/common/CMakeFiles/common.dir/Utilities/Util.cpp.o
#25 8.234 [247/1829] Building CXX object src/common/CMakeFiles/common.dir/Utilities/Tokenize.cpp.o
#25 8.235 [248/1829] Building CXX object src/common/CMakeFiles/common.dir/Utilities/Timer.cpp.o
#25 8.250 [249/1829] Building CXX object src/common/CMakeFiles/common.dir/Debugging/Errors.cpp.o
#25 8.251 [250/1829] Building CXX object src/server/database/CMakeFiles/database.dir/Database/Implementation/PlayerbotsDatabase.cpp.o
#25 8.253 [251/1829] Building CXX object src/server/database/CMakeFiles/database.dir/Database/Transaction.cpp.o
#25 8.255 [252/1829] Building CXX object src/server/database/CMakeFiles/database.dir/Database/Implementation/CharacterDatabase.cpp.o
#25 8.277 [253/1829] Building CXX object src/server/database/CMakeFiles/database.dir/Database/Implementation/WorldDatabase.cpp.o
#25 8.279 [254/1829] Building CXX object src/server/database/CMakeFiles/database.dir/Database/Implementation/LoginDatabase.cpp.o
#25 8.281 [255/1829] Building CXX object src/server/database/CMakeFiles/database.dir/Logging/AppenderDB.cpp.o
#25 8.302 [256/1829] Building CXX object src/server/database/CMakeFiles/database.dir/Updater/DBUpdater.cpp.o
#25 8.309 [257/1829] Building CXX object src/server/database/CMakeFiles/database.dir/Updater/UpdateFetcher.cpp.o
#25 8.366 [258/1829] Building CXX object src/server/apps/CMakeFiles/authserver.dir/cmake_pch.hxx.pch
#25 8.383 [259/1829] Building CXX object src/server/scripts/CMakeFiles/scripts.dir/gen_scriptloader/static/ScriptLoader.cpp.o
#25 8.437 [260/1829] Building CXX object src/server/scripts/CMakeFiles/scripts.dir/Commands/PlayerCommand.cpp.o
#25 8.446 [261/1829] Building CXX object src/server/scripts/CMakeFiles/scripts.dir/Commands/cs_autobroadcast.cpp.o
#25 8.453 [262/1829] Building CXX object src/server/scripts/CMakeFiles/scripts.dir/Commands/cs_arena.cpp.o
#25 8.455 [263/1829] Building CXX object src/server/scripts/CMakeFiles/scripts.dir/Commands/cs_bag.cpp.o
#25 8.466 [264/1829] Building CXX object src/server/apps/CMakeFiles/worldserver.dir/cmake_pch.hxx.pch
#25 8.484 [265/1829] Building CXX object src/server/apps/CMakeFiles/authserver.dir/authserver/Authentication/AuthCodes.cpp.o
#25 8.491 [266/1829] Building CXX object src/server/scripts/CMakeFiles/scripts.dir/Commands/cs_account.cpp.o
#25 8.494 [267/1829] Building CXX object src/server/scripts/CMakeFiles/scripts.dir/Commands/cs_achievement.cpp.o
#25 8.518 [268/1829] Building CXX object src/server/scripts/CMakeFiles/scripts.dir/Commands/cs_ban.cpp.o
#25 8.523 [269/1829] Building CXX object src/server/apps/CMakeFiles/authserver.dir/authserver/Main.cpp.o
#25 8.525 [270/1829] Building CXX object src/server/apps/CMakeFiles/authserver.dir/authserver/Server/AuthSession.cpp.o
#25 8.529 [271/1829] Building CXX object src/server/scripts/CMakeFiles/scripts.dir/Commands/cs_bf.cpp.o
#25 8.531 [272/1829] Building CXX object src/server/scripts/CMakeFiles/scripts.dir/Commands/cs_cache.cpp.o
#25 8.540 [273/1829] Building CXX object src/server/scripts/CMakeFiles/scripts.dir/Commands/cs_cast.cpp.o
#25 8.547 [274/1829] Linking CXX static library src/common/libcommon.a
#25 8.594 [275/1829] Building CXX object src/server/scripts/CMakeFiles/scripts.dir/Commands/cs_character.cpp.o
#25 8.596 [276/1829] Building CXX object src/server/apps/CMakeFiles/worldserver.dir/worldserver/RemoteAccess/RASession.cpp.o
#25 8.601 [277/1829] Building CXX object src/server/apps/CMakeFiles/worldserver.dir/worldserver/ACSoap/ACSoap.cpp.o
#25 8.607 [278/1829] Building CXX object src/server/apps/CMakeFiles/worldserver.dir/worldserver/Main.cpp.o
#25 8.613 [279/1829] Building CXX object src/server/apps/CMakeFiles/worldserver.dir/worldserver/CommandLine/CliRunnable.cpp.o
#25 8.641 [280/1829] Building CXX object src/server/scripts/CMakeFiles/scripts.dir/Commands/cs_chatfilter.cpp.o
#25 8.663 [281/1829] Building CXX object src/server/scripts/CMakeFiles/scripts.dir/Commands/cs_cheat.cpp.o
#25 ...

#5 [ac-db-import internal] load build context
#5 transferring context: 1.30GB 10.0s
#5 ...

#25 [ac-authserver build 8/8] RUN --mount=type=cache,target=/ccache,sharing=locked     --mount=type=bind,target=/azerothcore/.git,source=.git     git config --global --add safe.directory /azerothcore     && cmake /azerothcore        -G Ninja        -DCMAKE_INSTALL_PREFIX="/azerothcore/env/dist"         -DAPPS_BUILD="all"                                     -DTOOLS_BUILD="all"                          -DSCRIPTS="static"                                  -DMODULES="static"                                  -DWITH_WARNINGS="ON"                      -DCMAKE_BUILD_TYPE="RelWithDebInfo"                            -DCMAKE_CXX_COMPILER="clang++"                         -DCMAKE_C_COMPILER="clang"                             -DCMAKE_CXX_COMPILER_LAUNCHER="ccache"                 -DCMAKE_C_COMPILER_LAUNCHER="ccache"                   -DBoost_USE_STATIC_LIBS="ON"                        && cmake --build . --config "RelWithDebInfo" -j $(($(nproc) + 1))     && cmake --install . --config "RelWithDebInfo"
#25 8.681 [282/1829] Building CXX object src/server/scripts/CMakeFiles/scripts.dir/Commands/cs_debug.cpp.o
#25 8.697 [283/1829] Building CXX object src/server/scripts/CMakeFiles/scripts.dir/Commands/cs_event.cpp.o
#25 8.716 [284/1829] Building CXX object src/server/game/CMakeFiles/game.dir/cmake_pch.hxx.pch
#25 8.725 [285/1829] Building CXX object src/server/scripts/CMakeFiles/scripts.dir/Commands/cs_disable.cpp.o
#25 8.726 [286/1829] Building CXX object src/server/scripts/CMakeFiles/scripts.dir/Commands/cs_deserter.cpp.o
#25 8.731 [287/1829] Building CXX object src/server/scripts/CMakeFiles/scripts.dir/Commands/cs_gm.cpp.o
#25 8.790 [288/1829] Building CXX object src/server/scripts/CMakeFiles/scripts.dir/Commands/cs_gear.cpp.o
#25 8.796 [289/1829] Building CXX object src/server/scripts/CMakeFiles/scripts.dir/Commands/cs_go.cpp.o
#25 8.798 [290/1829] Building CXX object src/server/scripts/CMakeFiles/scripts.dir/Commands/cs_gobject.cpp.o
#25 8.801 [291/1829] Linking CXX static library src/server/database/libdatabase.a
#25 8.817 [292/1829] Building CXX object src/server/scripts/CMakeFiles/scripts.dir/Commands/cs_instance.cpp.o
#25 8.822 [293/1829] Building CXX object src/server/scripts/CMakeFiles/scripts.dir/Commands/cs_inventory.cpp.o
#25 8.828 [294/1829] Building CXX object src/server/scripts/CMakeFiles/scripts.dir/Commands/cs_guild.cpp.o
#25 8.831 [295/1829] Building CXX object src/server/scripts/CMakeFiles/scripts.dir/Commands/cs_honor.cpp.o
#25 8.866 [296/1829] Building CXX object src/server/scripts/CMakeFiles/scripts.dir/Commands/cs_learn.cpp.o
#25 8.868 [297/1829] Building CXX object src/server/scripts/CMakeFiles/scripts.dir/Commands/cs_group.cpp.o
#25 8.870 [298/1829] Building CXX object src/server/game/CMakeFiles/game.dir/AI/CreatureAISelector.cpp.o
#25 8.873 [299/1829] Building CXX object src/server/scripts/CMakeFiles/scripts.dir/Commands/cs_lfg.cpp.o
#25 8.898 [300/1829] Building CXX object src/server/game/CMakeFiles/game.dir/AI/enuminfo_CreatureAI.cpp.o
#25 8.902 [301/1829] Linking CXX static library src/server/shared/libshared.a
#25 8.916 [302/1829] Building CXX object src/server/game/CMakeFiles/game.dir/AI/CreatureAIRegistry.cpp.o
#25 8.930 [303/1829] Building CXX object src/server/scripts/CMakeFiles/scripts.dir/Commands/cs_item.cpp.o
#25 8.944 [304/1829] Building CXX object src/server/game/CMakeFiles/game.dir/AI/CreatureAI.cpp.o
#25 8.974 [305/1829] Building CXX object src/server/game/CMakeFiles/game.dir/AI/CoreAI/GuardAI.cpp.o
#25 8.982 [306/1829] Building CXX object src/server/game/CMakeFiles/game.dir/AI/CoreAI/CombatAI.cpp.o
#25 8.989 [307/1829] Building CXX object src/server/game/CMakeFiles/game.dir/AI/CoreAI/GameObjectAI.cpp.o
#25 8.992 [308/1829] Building CXX object src/server/game/CMakeFiles/game.dir/AI/CoreAI/PassiveAI.cpp.o
#25 9.004 [309/1829] Building CXX object src/server/game/CMakeFiles/game.dir/AI/CoreAI/PetAI.cpp.o
#25 9.025 [310/1829] Building CXX object src/server/game/CMakeFiles/game.dir/AI/CoreAI/TotemAI.cpp.o
#25 9.043 [311/1829] Building CXX object src/server/game/CMakeFiles/game.dir/AI/CoreAI/UnitAI.cpp.o
#25 9.054 [312/1829] Building CXX object src/server/game/CMakeFiles/game.dir/AI/CoreAI/ReactorAI.cpp.o
#25 9.061 [313/1829] Building CXX object src/server/game/CMakeFiles/game.dir/AI/ScriptedAI/ScriptedCreature.cpp.o
#25 9.085 [314/1829] Building CXX object src/server/game/CMakeFiles/game.dir/AI/ScriptedAI/ScriptedFollowerAI.cpp.o
#25 9.094 [315/1829] Building CXX object src/server/game/CMakeFiles/game.dir/AI/SmartScripts/SmartScript.cpp.o
#25 9.119 [316/1829] Building CXX object src/server/game/CMakeFiles/game.dir/AI/ScriptedAI/ScriptedGossip.cpp.o
#25 9.134 [317/1829] Building CXX object src/server/game/CMakeFiles/game.dir/AI/SmartScripts/SmartScriptMgr.cpp.o
#25 9.139 [318/1829] Building CXX object src/server/game/CMakeFiles/game.dir/AI/ScriptedAI/ScriptedEscortAI.cpp.o
#25 9.146 [319/1829] Building CXX object src/server/game/CMakeFiles/game.dir/Accounts/RBAC.cpp.o
#25 9.149 [320/1829] Building CXX object src/server/game/CMakeFiles/game.dir/AI/SmartScripts/SmartAI.cpp.o
#25 9.170 [321/1829] Building CXX object src/server/game/CMakeFiles/game.dir/Achievements/AchievementMgr.cpp.o
#25 9.180 [322/1829] Building CXX object src/server/game/CMakeFiles/game.dir/AuctionHouse/AuctionHouseMgr.cpp.o
#25 9.195 [323/1829] Building CXX object src/server/game/CMakeFiles/game.dir/ArenaSpectator/ArenaSpectator.cpp.o
#25 9.204 [324/1829] Building CXX object src/server/game/CMakeFiles/game.dir/Addons/AddonMgr.cpp.o
#25 9.210 [325/1829] Building CXX object src/server/game/CMakeFiles/game.dir/Accounts/AccountMgr.cpp.o
#25 9.217 [326/1829] Building CXX object src/server/game/CMakeFiles/game.dir/Battlefield/Battlefield.cpp.o
#25 9.249 [327/1829] Building CXX object src/server/game/CMakeFiles/game.dir/Autobroadcast/AutobroadcastMgr.cpp.o
#25 9.266 [328/1829] Building CXX object src/server/game/CMakeFiles/game.dir/Battlefield/BattlefieldHandler.cpp.o
#25 9.273 [329/1829] Building CXX object src/server/game/CMakeFiles/game.dir/Battlefield/BattlefieldMgr.cpp.o
#25 9.288 [330/1829] Building CXX object src/server/game/CMakeFiles/game.dir/AuctionHouse/AuctionHouseSearcher.cpp.o
#25 9.310 [331/1829] Building CXX object src/server/game/CMakeFiles/game.dir/Battlegrounds/ArenaTeamMgr.cpp.o
#25 9.312 [332/1829] Building CXX object src/server/game/CMakeFiles/game.dir/Battlegrounds/Arena.cpp.o
#25 9.315 [333/1829] Building CXX object src/server/game/CMakeFiles/game.dir/Battlegrounds/ArenaTeam.cpp.o
#25 9.326 [334/1829] Building CXX object src/server/game/CMakeFiles/game.dir/Battlefield/Zones/BattlefieldWG.cpp.o
#25 9.358 [335/1829] Building CXX object src/server/game/CMakeFiles/game.dir/Battlegrounds/BattlegroundQueue.cpp.o
#25 9.363 [336/1829] Building CXX object src/server/game/CMakeFiles/game.dir/Battlegrounds/BattlegroundMgr.cpp.o
#25 9.367 [337/1829] Building CXX object src/server/game/CMakeFiles/game.dir/Battlegrounds/Battleground.cpp.o
#25 9.418 [338/1829] Building CXX object src/server/game/CMakeFiles/game.dir/Battlegrounds/ArenaSeason/ArenaSeasonMgr.cpp.o
#25 9.421 [339/1829] Building CXX object src/server/game/CMakeFiles/game.dir/Battlegrounds/BattlegroundSpamProtect.cpp.o
#25 9.426 [340/1829] Building CXX object src/server/game/CMakeFiles/game.dir/Battlegrounds/BattlegroundUtils.cpp.o
#25 9.432 [341/1829] Building CXX object src/server/game/CMakeFiles/game.dir/Battlegrounds/enuminfo_ArenaTeam.cpp.o
#25 9.462 [342/1829] Building CXX object src/server/game/CMakeFiles/game.dir/Battlegrounds/Zones/BattlegroundDS.cpp.o
#25 9.465 [343/1829] Building CXX object src/server/game/CMakeFiles/game.dir/Battlegrounds/Zones/BattlegroundBE.cpp.o
#25 9.476 [344/1829] Building CXX object src/server/game/CMakeFiles/game.dir/Battlegrounds/Zones/BattlegroundAV.cpp.o
#25 9.505 [345/1829] Building CXX object src/server/game/CMakeFiles/game.dir/Battlegrounds/Zones/BattlegroundEY.cpp.o
#25 9.512 [346/1829] Building CXX object src/server/game/CMakeFiles/game.dir/Battlegrounds/Zones/BattlegroundIC.cpp.o
#25 9.516 [347/1829] Building CXX object src/server/game/CMakeFiles/game.dir/Battlegrounds/ArenaSeason/ArenaSeasonRewardsDistributor.cpp.o
#25 9.519 [348/1829] Building CXX object src/server/game/CMakeFiles/game.dir/Battlegrounds/Zones/BattlegroundNA.cpp.o
#25 9.524 [349/1829] Building CXX object src/server/game/CMakeFiles/game.dir/Battlegrounds/Zones/BattlegroundAB.cpp.o
#25 9.530 [350/1829] Building CXX object src/server/game/CMakeFiles/game.dir/Battlegrounds/Zones/BattlegroundSA.cpp.o
#25 9.533 [351/1829] Building CXX object src/server/game/CMakeFiles/game.dir/Battlegrounds/Zones/BattlegroundRV.cpp.o
#25 9.578 [352/1829] Building CXX object src/server/game/CMakeFiles/game.dir/Battlegrounds/Zones/BattlegroundRL.cpp.o
#25 9.581 [353/1829] Building CXX object src/server/game/CMakeFiles/game.dir/Battlegrounds/Zones/BattlegroundWS.cpp.o
#25 9.587 [354/1829] Building CXX object src/server/game/CMakeFiles/game.dir/Cache/WhoListCacheMgr.cpp.o
#25 9.609 [355/1829] Building CXX object src/server/game/CMakeFiles/game.dir/Calendar/CalendarMgr.cpp.o
#25 9.638 [356/1829] Building CXX object src/server/game/CMakeFiles/game.dir/Chat/HyperlinkTags.cpp.o
#25 9.648 [357/1829] Building CXX object src/server/game/CMakeFiles/game.dir/Chat/Hyperlinks.cpp.o
#25 9.654 [358/1829] Building CXX object src/server/game/CMakeFiles/game.dir/Cache/CharacterCache.cpp.o
#25 9.674 [359/1829] Linking CXX executable src/server/apps/authserver
#25 9.689 [360/1829] Building CXX object src/server/game/CMakeFiles/game.dir/Chat/Chat.cpp.o
#25 9.696 [361/1829] Building CXX object src/server/game/CMakeFiles/game.dir/Chat/Channels/enuminfo_Channel.cpp.o
#25 9.699 [362/1829] Building CXX object src/server/game/CMakeFiles/game.dir/Chat/Channels/Channel.cpp.o
#25 9.705 [363/1829] Building CXX object src/server/game/CMakeFiles/game.dir/Chat/ChatCommands/ChatCommandHelpers.cpp.o
#25 9.722 [364/1829] Building CXX object src/server/game/CMakeFiles/game.dir/Chat/ChatCommands/ChatCommand.cpp.o
#25 9.728 [365/1829] Building CXX object src/server/game/CMakeFiles/game.dir/Chat/Channels/ChannelMgr.cpp.o
#25 9.731 [366/1829] Building CXX object src/server/game/CMakeFiles/game.dir/Chat/ChatCommands/ChatCommandArgs.cpp.o
#25 9.738 [367/1829] Building CXX object src/server/game/CMakeFiles/game.dir/Combat/CombatManager.cpp.o
#25 9.747 [368/1829] Building CXX object src/server/game/CMakeFiles/game.dir/Combat/ThreatManager.cpp.o
#25 9.770 [369/1829] Building CXX object src/server/game/CMakeFiles/game.dir/Conditions/ConditionMgr.cpp.o
#25 9.791 [370/1829] Building CXX object src/server/game/CMakeFiles/game.dir/Chat/ChatCommands/ChatCommandTags.cpp.o
#25 9.822 [371/1829] Building CXX object src/server/game/CMakeFiles/game.dir/DataStores/M2Stores.cpp.o
#25 9.826 [372/1829] Building CXX object src/server/game/CMakeFiles/game.dir/DungeonFinding/LFG.cpp.o
#25 9.832 [373/1829] Building CXX object src/server/game/CMakeFiles/game.dir/DataStores/DBCStores.cpp.o
#25 9.846 [374/1829] Building CXX object src/server/game/CMakeFiles/game.dir/Conditions/DisableMgr.cpp.o
#25 9.855 [375/1829] Building CXX object src/server/game/CMakeFiles/game.dir/DungeonFinding/LFGPlayerData.cpp.o
#25 9.870 [376/1829] Building CXX object src/server/game/CMakeFiles/game.dir/DungeonFinding/LFGGroupData.cpp.o
#25 9.875 [377/1829] Building CXX object src/server/game/CMakeFiles/game.dir/DungeonFinding/LFGMgr.cpp.o
#25 9.889 [378/1829] Building CXX object src/server/game/CMakeFiles/game.dir/DungeonFinding/LFGScripts.cpp.o
#25 9.907 [379/1829] Building CXX object src/server/game/CMakeFiles/game.dir/Entities/Corpse/Corpse.cpp.o
#25 9.915 [380/1829] Building CXX object src/server/game/CMakeFiles/game.dir/DungeonFinding/LFGQueue.cpp.o
#25 9.923 [381/1829] Building CXX object src/server/game/CMakeFiles/game.dir/Entities/Creature/TemporarySummon.cpp.o
#25 9.934 [382/1829] Building CXX object src/server/game/CMakeFiles/game.dir/Entities/Creature/GossipDef.cpp.o
#25 9.942 [383/1829] Building CXX object src/server/game/CMakeFiles/game.dir/Entities/Creature/enuminfo_CreatureData.cpp.o
#25 9.946 [384/1829] Building CXX object src/server/game/CMakeFiles/game.dir/Entities/Creature/Creature.cpp.o
#25 9.952 [385/1829] Building CXX object src/server/game/CMakeFiles/game.dir/Entities/Creature/CreatureGroups.cpp.o
#25 9.975 [386/1829] Building CXX object src/server/game/CMakeFiles/game.dir/Entities/Creature/Trainer.cpp.o
#25 10.01 [387/1829] Building CXX object src/server/game/CMakeFiles/game.dir/Entities/DynamicObject/DynamicObject.cpp.o
#25 10.02 [388/1829] Building CXX object src/server/game/CMakeFiles/game.dir/Entities/Item/ItemEnchantmentMgr.cpp.o
#25 10.04 [389/1829] Building CXX object src/server/game/CMakeFiles/game.dir/Entities/Item/Item.cpp.o
#25 10.05 [390/1829] Building CXX object src/server/game/CMakeFiles/game.dir/Entities/Object/ObjectGuid.cpp.o
#25 10.06 [391/1829] Building CXX object src/server/game/CMakeFiles/game.dir/Entities/Item/Container/Bag.cpp.o
#25 10.07 [392/1829] Building CXX object src/server/game/CMakeFiles/game.dir/Entities/Object/Object.cpp.o
#25 10.07 [393/1829] Building CXX object src/server/game/CMakeFiles/game.dir/Entities/Item/enuminfo_Item.cpp.o
#25 10.08 [394/1829] Building CXX object src/server/game/CMakeFiles/game.dir/Entities/Object/ObjectPosSelector.cpp.o
#25 10.09 [395/1829] Building CXX object src/server/game/CMakeFiles/game.dir/Entities/Object/Position.cpp.o
#25 10.10 [396/1829] Building CXX object src/server/game/CMakeFiles/game.dir/Entities/GameObject/GameObject.cpp.o
#25 10.11 [397/1829] Building CXX object src/server/game/CMakeFiles/game.dir/Entities/Object/ObjectVisibilityContainer.cpp.o
#25 10.11 [398/1829] Building CXX object src/server/game/CMakeFiles/game.dir/Entities/Player/CinematicMgr.cpp.o
#25 10.12 [399/1829] Building CXX object src/server/game/CMakeFiles/game.dir/Entities/Object/Updates/UpdateData.cpp.o
#25 10.17 [400/1829] Building CXX object src/server/game/CMakeFiles/game.dir/Entities/Pet/Pet.cpp.o
#25 10.17 [401/1829] Building CXX object src/server/game/CMakeFiles/game.dir/Entities/Object/Updates/UpdateFieldFlags.cpp.o
#25 10.19 [402/1829] Building CXX object src/server/game/CMakeFiles/game.dir/Entities/Player/PlayerGossip.cpp.o
#25 10.68 [403/1829] Building CXX object src/server/game/CMakeFiles/game.dir/Entities/Player/PlayerMisc.cpp.o
#25 10.68 [404/1829] Building CXX object src/server/game/CMakeFiles/game.dir/Entities/Player/KillRewarder.cpp.o
#25 10.68 [405/1829] Building CXX object src/server/game/CMakeFiles/game.dir/Entities/Player/Player.cpp.o
#25 10.68 [406/1829] Building CXX object src/server/game/CMakeFiles/game.dir/Entities/Player/PlayerSettings.cpp.o
#25 10.68 [407/1829] Building CXX object src/server/game/CMakeFiles/game.dir/Entities/Player/PlayerUpdates.cpp.o
#25 10.69 [408/1829] Building CXX object src/server/game/CMakeFiles/game.dir/Entities/Player/RaceMgr.cpp.o
#25 10.69 [409/1829] Building CXX object src/server/game/CMakeFiles/game.dir/Entities/Player/PlayerQuest.cpp.o
#25 10.70 [410/1829] Building CXX object src/server/game/CMakeFiles/game.dir/Entities/Player/PlayerStorage.cpp.o
#25 10.70 [411/1829] Building CXX object src/server/game/CMakeFiles/game.dir/Entities/Player/PlayerTaxi.cpp.o
#25 10.70 [412/1829] Building CXX object src/server/game/CMakeFiles/game.dir/Entities/Player/SocialMgr.cpp.o
#25 10.71 [413/1829] Building CXX object src/server/game/CMakeFiles/game.dir/Entities/Player/TradeData.cpp.o
#25 10.71 [414/1829] Building CXX object src/server/game/CMakeFiles/game.dir/Entities/Totem/Totem.cpp.o
#25 10.71 [415/1829] Building CXX object src/server/game/CMakeFiles/game.dir/Entities/Transport/Transport.cpp.o
#25 10.72 [416/1829] Building CXX object src/server/game/CMakeFiles/game.dir/Entities/Unit/CharmInfo.cpp.o
#25 10.75 [417/1829] Building CXX object src/server/game/CMakeFiles/game.dir/Entities/Unit/StatSystem.cpp.o
#25 10.76 [418/1829] Building CXX object src/server/game/CMakeFiles/game.dir/Grids/MapGridManager.cpp.o
#25 10.77 [419/1829] Building CXX object src/server/game/CMakeFiles/game.dir/Grids/Notifiers/GridNotifiers.cpp.o
#25 10.78 [420/1829] Building CXX object src/server/game/CMakeFiles/game.dir/Groups/Group.cpp.o
#25 10.78 [421/1829] Building CXX object src/server/game/CMakeFiles/game.dir/Groups/GroupMgr.cpp.o
#25 10.79 [422/1829] Building CXX object src/server/game/CMakeFiles/game.dir/Groups/GroupReference.cpp.o
#25 10.81 [423/1829] Building CXX object src/server/game/CMakeFiles/game.dir/Guilds/GuildMgr.cpp.o
#25 10.81 [424/1829] Building CXX object src/server/game/CMakeFiles/game.dir/Entities/Unit/Unit.cpp.o
#25 10.82 [425/1829] Building CXX object src/server/game/CMakeFiles/game.dir/Guilds/Guild.cpp.o
#25 10.82 [426/1829] Building CXX object src/server/game/CMakeFiles/game.dir/Handlers/AddonHandler.cpp.o
#25 10.82 [427/1829] Building CXX object src/server/game/CMakeFiles/game.dir/Handlers/ArenaTeamHandler.cpp.o
#25 10.83 [428/1829] Building CXX object src/server/game/CMakeFiles/game.dir/Entities/Unit/enuminfo_Unit.cpp.o
#25 10.85 [429/1829] Building CXX object src/server/game/CMakeFiles/game.dir/Handlers/AuctionHouseHandler.cpp.o
#25 10.85 [430/1829] Building CXX object src/server/game/CMakeFiles/game.dir/Events/GameEventMgr.cpp.o
#25 10.85 [431/1829] Building CXX object src/server/game/CMakeFiles/game.dir/Events/HolidayDateCalculator.cpp.o
#25 10.86 [432/1829] Building CXX object src/server/game/CMakeFiles/game.dir/Handlers/BankHandler.cpp.o
#25 10.86 [433/1829] Building CXX object src/server/game/CMakeFiles/game.dir/Entities/Vehicle/Vehicle.cpp.o
#25 10.86 [434/1829] Building CXX object src/server/game/CMakeFiles/game.dir/Globals/ObjectAccessor.cpp.o
#25 10.86 [435/1829] Building CXX object src/server/game/CMakeFiles/game.dir/Handlers/AuthHandler.cpp.o
#25 10.86 [436/1829] Building CXX object src/server/game/CMakeFiles/game.dir/Grids/GridObjectLoader.cpp.o
#25 10.87 [437/1829] Building CXX object src/server/game/CMakeFiles/game.dir/Handlers/BattleGroundHandler.cpp.o
#25 10.87 [438/1829] Building CXX object src/server/game/CMakeFiles/game.dir/Grids/GridTerrainData.cpp.o
#25 10.87 [439/1829] Building CXX object src/server/game/CMakeFiles/game.dir/Handlers/CalendarHandler.cpp.o
#25 10.87 [440/1829] Building CXX object src/server/game/CMakeFiles/game.dir/Handlers/ChannelHandler.cpp.o
#25 10.88 [441/1829] Building CXX object src/server/game/CMakeFiles/game.dir/Handlers/CharacterHandler.cpp.o
#25 10.89 [442/1829] Building CXX object src/server/game/CMakeFiles/game.dir/Handlers/DuelHandler.cpp.o
#25 10.89 [443/1829] Building CXX object src/server/game/CMakeFiles/game.dir/Handlers/CombatHandler.cpp.o
#25 10.89 [444/1829] Building CXX object src/server/game/CMakeFiles/game.dir/Handlers/ChatHandler.cpp.o
#25 10.90 [445/1829] Building CXX object src/server/game/CMakeFiles/game.dir/Grids/GridTerrainLoader.cpp.o
#25 10.90 [446/1829] Building CXX object src/server/game/CMakeFiles/game.dir/Handlers/GroupHandler.cpp.o
#25 10.90 [447/1829] Building CXX object src/server/game/CMakeFiles/game.dir/Handlers/GuildHandler.cpp.o
#25 10.91 [448/1829] Building CXX object src/server/game/CMakeFiles/game.dir/Handlers/ItemHandler.cpp.o
#25 10.91 [449/1829] Building CXX object src/server/game/CMakeFiles/game.dir/Handlers/MailHandler.cpp.o
#25 10.92 [450/1829] Building CXX object src/server/game/CMakeFiles/game.dir/Globals/WorldGlobals.cpp.o
#25 10.92 [451/1829] Building CXX object src/server/game/CMakeFiles/game.dir/Handlers/MovementHandler.cpp.o
#25 10.93 [452/1829] Building CXX object src/server/game/CMakeFiles/game.dir/Handlers/LFGHandler.cpp.o
#25 10.93 [453/1829] Building CXX object src/server/game/CMakeFiles/game.dir/Handlers/MiscHandler.cpp.o
#25 10.94 [454/1829] Building CXX object src/server/game/CMakeFiles/game.dir/Handlers/NPCHandler.cpp.o
#25 10.94 [455/1829] Building CXX object src/server/game/CMakeFiles/game.dir/Handlers/LootHandler.cpp.o
#25 10.94 [456/1829] Building CXX object src/server/game/CMakeFiles/game.dir/Handlers/PetHandler.cpp.o
#25 10.94 [457/1829] Building CXX object src/server/game/CMakeFiles/game.dir/Handlers/PetitionsHandler.cpp.o
#25 10.94 [458/1829] Building CXX object src/server/game/CMakeFiles/game.dir/Handlers/QueryHandler.cpp.o
#25 10.95 [459/1829] Building CXX object src/server/game/CMakeFiles/game.dir/Handlers/QuestHandler.cpp.o
#25 10.95 [460/1829] Building CXX object src/server/game/CMakeFiles/game.dir/Handlers/ReferAFriendHandler.cpp.o
#25 10.95 [461/1829] Building CXX object src/server/game/CMakeFiles/game.dir/Handlers/SkillHandler.cpp.o
#25 10.96 [462/1829] Building CXX object src/server/game/CMakeFiles/game.dir/Handlers/SpellHandler.cpp.o
#25 10.96 [463/1829] Building CXX object src/server/game/CMakeFiles/game.dir/Handlers/TaxiHandler.cpp.o
#25 10.96 [464/1829] Building CXX object src/server/game/CMakeFiles/game.dir/Handlers/Socialhandler.cpp.o
#25 10.97 [465/1829] Building CXX object src/server/game/CMakeFiles/game.dir/Handlers/TicketHandler.cpp.o
#25 10.97 [466/1829] Building CXX object src/server/game/CMakeFiles/game.dir/Handlers/TradeHandler.cpp.o
#25 10.97 [467/1829] Building CXX object src/server/game/CMakeFiles/game.dir/Globals/ObjectMgr.cpp.o
#25 10.97 [468/1829] Building CXX object src/server/game/CMakeFiles/game.dir/Handlers/VehicleHandler.cpp.o
#25 10.98 [469/1829] Building CXX object src/server/game/CMakeFiles/game.dir/Handlers/VoiceChatHandler.cpp.o
#25 10.98 [470/1829] Building CXX object src/server/game/CMakeFiles/game.dir/Instances/InstanceSaveMgr.cpp.o
#25 10.98 [471/1829] Building CXX object src/server/game/CMakeFiles/game.dir/Loot/LootItemStorage.cpp.o
#25 10.99 [472/1829] Building CXX object src/server/game/CMakeFiles/game.dir/Instances/InstanceScript.cpp.o
#25 10.99 [473/1829] Building CXX object src/server/game/CMakeFiles/game.dir/Maps/AreaBoundary.cpp.o
#25 10.99 [474/1829] Building CXX object src/server/game/CMakeFiles/game.dir/Mails/Mail.cpp.o
#25 10.99 [475/1829] Building CXX object src/server/game/CMakeFiles/game.dir/Loot/LootMgr.cpp.o
#25 11.00 [476/1829] Building CXX object src/server/game/CMakeFiles/game.dir/Mails/MailMgr.cpp.o
#25 11.00 [477/1829] Building CXX object src/server/game/CMakeFiles/game.dir/Mails/ServerMailMgr.cpp.o
#25 11.00 [478/1829] Building CXX object src/server/game/CMakeFiles/game.dir/Maps/MapCollisionData.cpp.o
#25 11.01 [479/1829] Building CXX object src/server/game/CMakeFiles/game.dir/Maps/MapMgr.cpp.o
#25 11.01 [480/1829] Building CXX object src/server/game/CMakeFiles/game.dir/Maps/Map.cpp.o
#25 11.01 [481/1829] Building CXX object src/server/game/CMakeFiles/game.dir/Maps/MapUpdater.cpp.o
#25 11.02 [482/1829] Building CXX object src/server/game/CMakeFiles/game.dir/Maps/TransportMgr.cpp.o
#25 11.02 [483/1829] Building CXX object src/server/game/CMakeFiles/game.dir/Misc/BanMgr.cpp.o
#25 11.02 [484/1829] Building CXX object src/server/game/CMakeFiles/game.dir/Misc/GameGraveyard.cpp.o
#25 11.02 [485/1829] Building CXX object src/server/game/CMakeFiles/game.dir/Maps/MapInstanced.cpp.o
#25 11.02 [486/1829] Building CXX object src/server/game/CMakeFiles/game.dir/Misc/DynamicVisibility.cpp.o
#25 11.03 [487/1829] Building CXX object src/server/game/CMakeFiles/game.dir/Miscellaneous/Formulas.cpp.o
#25 11.03 [488/1829] Building CXX object src/server/game/CMakeFiles/game.dir/Movement/AbstractFollower.cpp.o
#25 11.04 [489/1829] Building CXX object src/server/game/CMakeFiles/game.dir/Modules/ModuleMgr.cpp.o
#25 11.04 [490/1829] Building CXX object src/server/game/CMakeFiles/game.dir/Movement/MovementGenerator.cpp.o
#25 11.04 [491/1829] Building CXX object src/server/game/CMakeFiles/game.dir/Movement/MovementGenerators/ConfusedMovementGenerator.cpp.o
#25 11.04 [492/1829] Building CXX object src/server/game/CMakeFiles/game.dir/Motd/MotdMgr.cpp.o
#25 11.05 [493/1829] Building CXX object src/server/game/CMakeFiles/game.dir/Movement/MotionMaster.cpp.o
#25 11.05 [494/1829] Building CXX object src/server/game/CMakeFiles/game.dir/Movement/MovementGenerators/EscortMovementGenerator.cpp.o
#25 11.05 [495/1829] Building CXX object src/server/game/CMakeFiles/game.dir/Movement/MovementGenerators/FleeingMovementGenerator.cpp.o
#25 11.05 [496/1829] Building CXX object src/server/game/CMakeFiles/game.dir/Movement/MovementGenerators/FormationMovementGenerator.cpp.o
#25 11.06 [497/1829] Building CXX object src/server/game/CMakeFiles/game.dir/Movement/MovementGenerators/HomeMovementGenerator.cpp.o
#25 11.06 [498/1829] Building CXX object src/server/game/CMakeFiles/game.dir/Movement/MovementGenerators/IdleMovementGenerator.cpp.o
#25 11.06 [499/1829] Building CXX object src/server/game/CMakeFiles/game.dir/Movement/MovementGenerators/PointMovementGenerator.cpp.o
#25 11.06 [500/1829] Building CXX object src/server/game/CMakeFiles/game.dir/Movement/MovementGenerators/RandomMovementGenerator.cpp.o
#25 11.07 [501/1829] Building CXX object src/server/game/CMakeFiles/game.dir/Movement/MovementGenerators/TargetedMovementGenerator.cpp.o
#25 11.07 [502/1829] Building CXX object src/server/game/CMakeFiles/game.dir/Movement/Spline/MoveSpline.cpp.o
#25 11.07 [503/1829] Building CXX object src/server/game/CMakeFiles/game.dir/Movement/MovementGenerators/PathGenerator.cpp.o
#25 11.07 [504/1829] Building CXX object src/server/game/CMakeFiles/game.dir/Movement/Spline/MoveSplineInit.cpp.o
#25 11.08 [505/1829] Building CXX object src/server/game/CMakeFiles/game.dir/Movement/Spline/MovementPacketBuilder.cpp.o
#25 11.08 [506/1829] Building CXX object src/server/game/CMakeFiles/game.dir/Movement/Spline/MovementUtil.cpp.o
#25 11.08 [507/1829] Building CXX object src/server/game/CMakeFiles/game.dir/Movement/Spline/Spline.cpp.o
#25 11.09 [508/1829] Building CXX object src/server/game/CMakeFiles/game.dir/Movement/MovementGenerators/WaypointMovementGenerator.cpp.o
#25 11.09 [509/1829] Building CXX object src/server/game/CMakeFiles/game.dir/Movement/Waypoints/WaypointMgr.cpp.o
#25 11.09 [510/1829] Building CXX object src/server/game/CMakeFiles/game.dir/OutdoorPvP/OutdoorPvP.cpp.o
#25 11.09 [511/1829] Building CXX object src/server/game/CMakeFiles/game.dir/Petitions/PetitionMgr.cpp.o
#25 11.10 [512/1829] Building CXX object src/server/game/CMakeFiles/game.dir/OutdoorPvP/OutdoorPvPMgr.cpp.o
#25 11.10 [513/1829] Building CXX object src/server/game/CMakeFiles/game.dir/Pools/PoolMgr.cpp.o
#25 11.10 [514/1829] Building CXX object src/server/game/CMakeFiles/game.dir/Quests/QuestDef.cpp.o
#25 11.11 [515/1829] Building CXX object src/server/game/CMakeFiles/game.dir/Quests/enuminfo_QuestDef.cpp.o
#25 11.11 [516/1829] Building CXX object src/server/game/CMakeFiles/game.dir/Reputation/ReputationMgr.cpp.o
#25 11.11 [517/1829] Building CXX object src/server/game/CMakeFiles/game.dir/Scripting/MapScripts.cpp.o
#25 11.12 [518/1829] Building CXX object src/server/game/CMakeFiles/game.dir/Scripting/ScriptObject.cpp.o
#25 11.12 [519/1829] Building CXX object src/server/game/CMakeFiles/game.dir/Scripting/ScriptSystem.cpp.o
#25 11.12 [520/1829] Building CXX object src/server/game/CMakeFiles/game.dir/Scripting/ScriptDefines/ALEScript.cpp.o
#25 11.13 [521/1829] Building CXX object src/server/game/CMakeFiles/game.dir/Scripting/ScriptDefines/AccountScript.cpp.o
#25 11.13 [522/1829] Building CXX object src/server/game/CMakeFiles/game.dir/Scripting/ScriptDefines/AchievementScript.cpp.o
#25 11.14 [523/1829] Building CXX object src/server/game/CMakeFiles/game.dir/Scripting/ScriptDefines/AllBattlegroundScript.cpp.o
#25 11.14 [524/1829] Building CXX object src/server/game/CMakeFiles/game.dir/Scripting/ScriptMgr.cpp.o
#25 11.14 [525/1829] Building CXX object src/server/game/CMakeFiles/game.dir/Scripting/ScriptDefines/AchievementCriteriaScript.cpp.o
#25 11.14 [526/1829] Building CXX object src/server/game/CMakeFiles/game.dir/Scripting/ScriptDefines/AllCommandScript.cpp.o
#25 11.15 [527/1829] Building CXX object src/server/game/CMakeFiles/game.dir/Scripting/ScriptDefines/AllCreatureScript.cpp.o
#25 11.15 [528/1829] Building CXX object src/server/game/CMakeFiles/game.dir/Scripting/ScriptDefines/AllMapScript.cpp.o
#25 11.15 [529/1829] Building CXX object src/server/game/CMakeFiles/game.dir/Scripting/ScriptDefines/AllGameObjectScript.cpp.o
#25 11.15 [530/1829] Building CXX object src/server/game/CMakeFiles/game.dir/Scripting/ScriptDefines/AllItemScript.cpp.o
#25 11.15 [531/1829] Building CXX object src/server/game/CMakeFiles/game.dir/Scripting/ScriptDefines/AllSpellScript.cpp.o
#25 11.16 [532/1829] Building CXX object src/server/game/CMakeFiles/game.dir/Scripting/ScriptDefines/AreaTriggerScript.cpp.o
#25 11.16 [533/1829] Building CXX object src/server/game/CMakeFiles/game.dir/Scripting/ScriptDefines/ArenaScript.cpp.o
#25 11.16 [534/1829] Building CXX object src/server/game/CMakeFiles/game.dir/Scripting/ScriptDefines/ArenaTeamScript.cpp.o
#25 11.16 [535/1829] Building CXX object src/server/game/CMakeFiles/game.dir/Scripting/ScriptDefines/AuctionHouseScript.cpp.o
#25 11.16 [536/1829] Building CXX object src/server/game/CMakeFiles/game.dir/Scripting/ScriptDefines/BattlefieldScript.cpp.o
#25 11.17 [537/1829] Building CXX object src/server/game/CMakeFiles/game.dir/Scripting/ScriptDefines/ConditionScript.cpp.o
#25 11.18 [538/1829] Building CXX object src/server/game/CMakeFiles/game.dir/Scripting/ScriptDefines/BattlegroundMapScript.cpp.o
#25 11.18 [539/1829] Building CXX object src/server/game/CMakeFiles/game.dir/Scripting/ScriptDefines/BattlegroundScript.cpp.o
#25 11.18 [540/1829] Building CXX object src/server/game/CMakeFiles/game.dir/Scripting/ScriptDefines/CommandScript.cpp.o
#25 11.18 [541/1829] Building CXX object src/server/game/CMakeFiles/game.dir/Scripting/ScriptDefines/CreatureScript.cpp.o
#25 11.19 [542/1829] Building CXX object src/server/game/CMakeFiles/game.dir/Scripting/ScriptDefines/DatabaseScript.cpp.o
#25 11.19 [543/1829] Building CXX object src/server/game/CMakeFiles/game.dir/Scripting/ScriptDefines/GameEventScript.cpp.o
#25 11.19 [544/1829] Building CXX object src/server/game/CMakeFiles/game.dir/Scripting/ScriptDefines/DynamicObjectScript.cpp.o
#25 11.19 [545/1829] Building CXX object src/server/game/CMakeFiles/game.dir/Scripting/ScriptDefines/GameObjectScript.cpp.o
#25 11.20 [546/1829] Building CXX object src/server/game/CMakeFiles/game.dir/Scripting/ScriptDefines/GroupScript.cpp.o
#25 11.20 [547/1829] Building CXX object src/server/game/CMakeFiles/game.dir/Scripting/ScriptDefines/FormulaScript.cpp.o
#25 11.20 [548/1829] Building CXX object src/server/game/CMakeFiles/game.dir/Scripting/ScriptDefines/GlobalScript.cpp.o
#25 11.21 [549/1829] Building CXX object src/server/game/CMakeFiles/game.dir/Scripting/ScriptDefines/GuildScript.cpp.o
#25 11.21 [550/1829] Building CXX object src/server/game/CMakeFiles/game.dir/Scripting/ScriptDefines/InstanceMapScript.cpp.o
#25 11.21 [551/1829] Building CXX object src/server/game/CMakeFiles/game.dir/Scripting/ScriptDefines/LootScript.cpp.o
#25 11.21 [552/1829] Building CXX object src/server/game/CMakeFiles/game.dir/Scripting/ScriptDefines/MailScript.cpp.o
#25 11.22 [553/1829] Building CXX object src/server/game/CMakeFiles/game.dir/Scripting/ScriptDefines/MovementHandlerScript.cpp.o
#25 11.22 [554/1829] Building CXX object src/server/game/CMakeFiles/game.dir/Scripting/ScriptDefines/MiscScript.cpp.o
#25 11.22 [555/1829] Building CXX object src/server/game/CMakeFiles/game.dir/Scripting/ScriptDefines/ModuleScript.cpp.o
#25 11.22 [556/1829] Building CXX object src/server/game/CMakeFiles/game.dir/Scripting/ScriptDefines/OutdoorPvPScript.cpp.o
#25 11.23 [557/1829] Building CXX object src/server/game/CMakeFiles/game.dir/Scripting/ScriptDefines/PetScript.cpp.o
#25 11.23 [558/1829] Building CXX object src/server/game/CMakeFiles/game.dir/Scripting/ScriptDefines/PlayerbotsScript.cpp.o
#25 11.23 [559/1829] Building CXX object src/server/game/CMakeFiles/game.dir/Scripting/ScriptDefines/SpellScriptLoader.cpp.o
#25 11.23 [560/1829] Building CXX object src/server/game/CMakeFiles/game.dir/Scripting/ScriptDefines/PlayerScript.cpp.o
#25 11.24 [561/1829] Building CXX object src/server/game/CMakeFiles/game.dir/Scripting/ScriptDefines/ServerScript.cpp.o
#25 11.24 [562/1829] Building CXX object src/server/game/CMakeFiles/game.dir/Scripting/ScriptDefines/UnitScript.cpp.o
#25 11.25 [563/1829] Building CXX object src/server/game/CMakeFiles/game.dir/Scripting/ScriptDefines/WeatherScript.cpp.o
#25 11.25 [564/1829] Building CXX object src/server/game/CMakeFiles/game.dir/Scripting/ScriptDefines/TicketScript.cpp.o
#25 11.25 [565/1829] Building CXX object src/server/game/CMakeFiles/game.dir/Scripting/ScriptDefines/VehicleScript.cpp.o
#25 11.25 [566/1829] Building CXX object src/server/game/CMakeFiles/game.dir/Scripting/ScriptDefines/WorldMapScript.cpp.o
#25 11.26 [567/1829] Building CXX object src/server/game/CMakeFiles/game.dir/Scripting/ScriptDefines/WorldObjectScript.cpp.o
#25 11.26 [568/1829] Building CXX object src/server/game/CMakeFiles/game.dir/Scripting/ScriptDefines/WorldScript.cpp.o
#25 11.26 [569/1829] Building CXX object src/server/game/CMakeFiles/game.dir/Server/WorldSessionMgr.cpp.o
#25 11.27 [570/1829] Building CXX object src/server/game/CMakeFiles/game.dir/Scripting/ScriptDefines/TransportScript.cpp.o
#25 11.27 [571/1829] Building CXX object src/server/game/CMakeFiles/game.dir/Server/Packet.cpp.o
#25 11.27 [572/1829] Building CXX object src/server/game/CMakeFiles/game.dir/Server/Packets/BankPackets.cpp.o
#25 11.27 [573/1829] Building CXX object src/server/game/CMakeFiles/game.dir/Server/WorldSession.cpp.o
#25 11.27 [574/1829] Building CXX object src/server/game/CMakeFiles/game.dir/Server/WorldSocketMgr.cpp.o
#25 11.28 [575/1829] Building CXX object src/server/game/CMakeFiles/game.dir/Server/Packets/CalendarPackets.cpp.o
#25 11.30 [576/1829] Building CXX object src/server/game/CMakeFiles/game.dir/Server/WorldSocket.cpp.o
#25 11.50 [577/1829] Building CXX object src/server/game/CMakeFiles/game.dir/Server/Packets/MiscPackets.cpp.o
#25 11.50 [578/1829] Building CXX object src/server/game/CMakeFiles/game.dir/Server/Packets/CharacterPackets.cpp.o
#25 11.50 [579/1829] Building CXX object src/server/game/CMakeFiles/game.dir/Server/Packets/ChatPackets.cpp.o
#25 11.51 [580/1829] Building CXX object src/server/game/CMakeFiles/game.dir/Server/Packets/NPCPackets.cpp.o
#25 11.51 [581/1829] Building CXX object src/server/game/CMakeFiles/game.dir/Server/Packets/CombatLogPackets.cpp.o
#25 11.51 [582/1829] Building CXX object src/server/game/CMakeFiles/game.dir/Server/Packets/CombatPackets.cpp.o
#25 11.51 [583/1829] Building CXX object src/server/game/CMakeFiles/game.dir/Server/Packets/GuildPackets.cpp.o
#25 11.52 [584/1829] Building CXX object src/server/game/CMakeFiles/game.dir/Server/Packets/InstancePackets.cpp.o
#25 11.52 [585/1829] Building CXX object src/server/game/CMakeFiles/game.dir/Server/Packets/ItemPackets.cpp.o
#25 11.52 [586/1829] Building CXX object src/server/game/CMakeFiles/game.dir/Server/Packets/LFGPackets.cpp.o
#25 11.52 [587/1829] Building CXX object src/server/game/CMakeFiles/game.dir/Server/Packets/PacketUtilities.cpp.o
#25 11.52 [588/1829] Building CXX object src/server/game/CMakeFiles/game.dir/Server/Packets/PetPackets.cpp.o
#25 11.53 [589/1829] Building CXX object src/server/game/CMakeFiles/game.dir/Server/Packets/QueryPackets.cpp.o
#25 11.53 [590/1829] Building CXX object src/server/game/CMakeFiles/game.dir/Server/Packets/QuestPackets.cpp.o
#25 11.53 [591/1829] Building CXX object src/server/game/CMakeFiles/game.dir/Server/Packets/TotemPackets.cpp.o
#25 11.53 [592/1829] Building CXX object src/server/game/CMakeFiles/game.dir/Server/Packets/WorldStatePackets.cpp.o
#25 11.55 [593/1829] Building CXX object src/server/game/CMakeFiles/game.dir/Server/Protocol/Opcodes.cpp.o
#25 11.55 [594/1829] Building CXX object src/server/game/CMakeFiles/game.dir/Server/Protocol/PacketLog.cpp.o
#25 11.56 [595/1829] Building CXX object src/server/game/CMakeFiles/game.dir/Skills/SkillDiscovery.cpp.o
#25 11.57 [596/1829] Building CXX object src/server/game/CMakeFiles/game.dir/Skills/SkillExtraItems.cpp.o
#25 11.57 [597/1829] Building CXX object src/server/game/CMakeFiles/game.dir/Spells/SpellScript.cpp.o
#25 11.59 [598/1829] Building CXX object src/server/game/CMakeFiles/game.dir/Spells/SpellInfo.cpp.o
#25 11.60 [599/1829] Building CXX object src/server/game/CMakeFiles/game.dir/Spells/Spell.cpp.o
#25 11.60 [600/1829] Building CXX object src/server/game/CMakeFiles/game.dir/Spells/SpellEffects.cpp.o
#25 11.60 [601/1829] Building CXX object src/server/game/CMakeFiles/game.dir/Spells/SpellInfoCorrections.cpp.o
#25 11.60 [602/1829] Building CXX object src/server/game/CMakeFiles/game.dir/Spells/SpellMgr.cpp.o
#25 11.60 [603/1829] Building CXX object src/server/game/CMakeFiles/game.dir/Spells/Auras/SpellAuraEffects.cpp.o
#25 11.61 [604/1829] Building CXX object src/server/game/CMakeFiles/game.dir/Spells/Auras/SpellAuras.cpp.o
#25 11.61 [605/1829] Building CXX object src/server/game/CMakeFiles/game.dir/TC9Sidecar/TC9GroupHooks.cpp.o
#25 11.61 [606/1829] Building CXX object src/server/game/CMakeFiles/game.dir/TC9Sidecar/TC9GrpcHandler.cpp.o
#25 11.61 [607/1829] Building CXX object src/server/game/CMakeFiles/game.dir/TC9Sidecar/TC9GuildHooks.cpp.o
#25 11.61 [608/1829] Building CXX object src/server/game/CMakeFiles/game.dir/TC9Sidecar/TC9Sidecar.cpp.o
#25 11.62 [609/1829] Building CXX object src/server/game/CMakeFiles/game.dir/Texts/CreatureTextMgr.cpp.o
#25 11.62 [610/1829] Building CXX object src/server/game/CMakeFiles/game.dir/Tickets/TicketMgr.cpp.o
#25 11.62 [611/1829] Building CXX object src/server/game/CMakeFiles/game.dir/Texts/ChatTextBuilder.cpp.o
#25 11.65 [612/1829] Building CXX object src/server/game/CMakeFiles/game.dir/Time/UpdateTime.cpp.o
#25 11.65 [613/1829] Building CXX object src/server/game/CMakeFiles/game.dir/Time/GameTime.cpp.o
#25 11.65 [614/1829] Building CXX object src/server/game/CMakeFiles/game.dir/Tools/CharacterDatabaseCleaner.cpp.o
#25 11.65 [615/1829] Building CXX object src/server/game/CMakeFiles/game.dir/Warden/WardenCheckMgr.cpp.o
#25 11.72 [616/1829] Building CXX object src/server/game/CMakeFiles/game.dir/Warden/Warden.cpp.o
#25 11.72 [617/1829] Building CXX object src/server/game/CMakeFiles/game.dir/Warden/WardenMac.cpp.o
#25 11.73 [618/1829] Building CXX object src/server/game/CMakeFiles/game.dir/Warden/WardenPayloadMgr.cpp.o
#25 11.73 [619/1829] Building CXX object src/server/game/CMakeFiles/game.dir/Tools/PlayerDump.cpp.o
#25 11.73 [620/1829] Building CXX object src/server/game/CMakeFiles/game.dir/Warden/WardenWin.cpp.o
#25 11.73 [621/1829] Building CXX object src/server/game/CMakeFiles/game.dir/Warden/enuminfo_WardenCheckMgr.cpp.o
#25 11.73 [622/1829] Building CXX object src/server/game/CMakeFiles/game.dir/Weather/Weather.cpp.o
#25 11.73 [623/1829] Building CXX object src/server/game/CMakeFiles/game.dir/Weather/WeatherMgr.cpp.o
#25 11.74 [624/1829] Building CXX object src/server/game/CMakeFiles/game.dir/World/World.cpp.o
#25 11.74 [625/1829] Building CXX object src/server/game/CMakeFiles/game.dir/World/WorldConfig.cpp.o
#25 11.74 [626/1829] Building CXX object src/server/game/CMakeFiles/game.dir/World/WorldState.cpp.o
#25 11.80 [627/1829] Building CXX object src/server/scripts/CMakeFiles/scripts.dir/Commands/cs_list.cpp.o
#25 11.83 [628/1829] Building CXX object src/server/scripts/CMakeFiles/scripts.dir/Commands/cs_reload.cpp.o
#25 11.84 [629/1829] Building CXX object src/server/scripts/CMakeFiles/scripts.dir/Commands/cs_message.cpp.o
#25 11.85 [630/1829] Building CXX object src/server/scripts/CMakeFiles/scripts.dir/Commands/cs_mail.cpp.o
#25 11.85 [631/1829] Building CXX object src/server/scripts/CMakeFiles/scripts.dir/Commands/cs_lookup.cpp.o
#25 11.87 [632/1829] Building CXX object src/server/scripts/CMakeFiles/scripts.dir/Commands/cs_reset.cpp.o
#25 11.88 [633/1829] Building CXX object src/server/scripts/CMakeFiles/scripts.dir/Commands/cs_misc.cpp.o
#25 11.89 [634/1829] Building CXX object src/server/scripts/CMakeFiles/scripts.dir/Commands/cs_mmaps.cpp.o
#25 11.89 [635/1829] Building CXX object src/server/scripts/CMakeFiles/scripts.dir/Commands/cs_send.cpp.o
#25 11.89 [636/1829] Building CXX object src/server/scripts/CMakeFiles/scripts.dir/Commands/cs_server.cpp.o
#25 11.90 [637/1829] Building CXX object src/server/scripts/CMakeFiles/scripts.dir/Commands/cs_modify.cpp.o
#25 11.90 [638/1829] Building CXX object src/server/scripts/CMakeFiles/scripts.dir/Commands/cs_script_loader.cpp.o
#25 11.90 [639/1829] Building CXX object src/server/scripts/CMakeFiles/scripts.dir/Commands/cs_rbac.cpp.o
#25 11.91 [640/1829] Building CXX object src/server/scripts/CMakeFiles/scripts.dir/Commands/cs_player.cpp.o
#25 11.91 [641/1829] Building CXX object src/server/scripts/CMakeFiles/scripts.dir/Commands/cs_player_settings.cpp.o
#25 11.91 [642/1829] Building CXX object src/server/scripts/CMakeFiles/scripts.dir/Commands/cs_spectator.cpp.o
#25 11.91 [643/1829] Building CXX object src/server/scripts/CMakeFiles/scripts.dir/Commands/cs_pet.cpp.o
#25 11.93 [644/1829] Building CXX object src/server/scripts/CMakeFiles/scripts.dir/Commands/cs_tele.cpp.o
#25 11.93 [645/1829] Building CXX object src/server/scripts/CMakeFiles/scripts.dir/Commands/cs_spellinfo.cpp.o
#25 11.94 [646/1829] Building CXX object src/server/scripts/CMakeFiles/scripts.dir/Commands/cs_ticket.cpp.o
#25 11.94 [647/1829] Building CXX object src/server/scripts/CMakeFiles/scripts.dir/Commands/cs_titles.cpp.o
#25 11.95 [648/1829] Building CXX object src/server/scripts/CMakeFiles/scripts.dir/Commands/cs_worldstate.cpp.o
#25 11.95 [649/1829] Building CXX object src/server/scripts/CMakeFiles/scripts.dir/Commands/cs_npc.cpp.o
#25 11.95 [650/1829] Building CXX object src/server/scripts/CMakeFiles/scripts.dir/Commands/cs_wp.cpp.o
#25 11.95 [651/1829] Building CXX object src/server/scripts/CMakeFiles/scripts.dir/EasternKingdoms/eastern_kingdoms_script_loader.cpp.o
#25 11.96 [652/1829] Building CXX object src/server/scripts/CMakeFiles/scripts.dir/Commands/cs_pool.cpp.o
#25 11.96 [653/1829] Building CXX object src/server/scripts/CMakeFiles/scripts.dir/EasternKingdoms/zone_arathi_highlands.cpp.o
#25 11.96 [654/1829] Building CXX object src/server/scripts/CMakeFiles/scripts.dir/EasternKingdoms/zone_blasted_lands.cpp.o
#25 11.96 [655/1829] Building CXX object src/server/scripts/CMakeFiles/scripts.dir/Custom/custom_script_loader.cpp.o
#25 11.97 [656/1829] Building CXX object src/server/scripts/CMakeFiles/scripts.dir/EasternKingdoms/zone_duskwood.cpp.o
#25 11.97 [657/1829] Building CXX object src/server/scripts/CMakeFiles/scripts.dir/Commands/cs_quest.cpp.o
#25 11.97 [658/1829] Building CXX object src/server/scripts/CMakeFiles/scripts.dir/EasternKingdoms/zone_eastern_plaguelands.cpp.o
#25 11.98 [659/1829] Building CXX object src/server/scripts/CMakeFiles/scripts.dir/EasternKingdoms/zone_elwynn_forest.cpp.o
#25 11.98 [660/1829] Building CXX object src/server/scripts/CMakeFiles/scripts.dir/EasternKingdoms/zone_eversong_woods.cpp.o
#25 11.98 [661/1829] Building CXX object src/server/scripts/CMakeFiles/scripts.dir/EasternKingdoms/zone_hinterlands.cpp.o
#25 11.98 [662/1829] Building CXX object src/server/scripts/CMakeFiles/scripts.dir/EasternKingdoms/zone_ironforge.cpp.o
#25 11.99 [663/1829] Building CXX object src/server/scripts/CMakeFiles/scripts.dir/EasternKingdoms/zone_isle_of_queldanas.cpp.o
#25 11.99 [664/1829] Building CXX object src/server/scripts/CMakeFiles/scripts.dir/EasternKingdoms/zone_redridge_mountains.cpp.o
#25 11.99 [665/1829] Building CXX object src/server/scripts/CMakeFiles/scripts.dir/Commands/cs_pooltools.cpp.o
#25 11.99 [666/1829] Building CXX object src/server/scripts/CMakeFiles/scripts.dir/EasternKingdoms/zone_ghostlands.cpp.o
#25 11.99 [667/1829] Building CXX object src/server/scripts/CMakeFiles/scripts.dir/EasternKingdoms/zone_silverpine_forest.cpp.o
#25 11.99 [668/1829] Building CXX object src/server/scripts/CMakeFiles/scripts.dir/EasternKingdoms/zone_stormwind_city.cpp.o
#25 12.00 [669/1829] Building CXX object src/server/scripts/CMakeFiles/scripts.dir/EasternKingdoms/zone_the_scarlet_enclave.cpp.o
#25 12.00 [670/1829] Building CXX object src/server/scripts/CMakeFiles/scripts.dir/EasternKingdoms/zone_western_plaguelands.cpp.o
#25 12.01 [671/1829] Building CXX object src/server/scripts/CMakeFiles/scripts.dir/EasternKingdoms/zone_westfall.cpp.o
#25 12.01 [672/1829] Building CXX object src/server/scripts/CMakeFiles/scripts.dir/EasternKingdoms/zone_undercity.cpp.o
#25 12.01 [673/1829] Building CXX object src/server/scripts/CMakeFiles/scripts.dir/EasternKingdoms/zone_wetlands.cpp.o
#25 12.01 [674/1829] Building CXX object src/server/scripts/CMakeFiles/scripts.dir/EasternKingdoms/AlteracValley/boss_balinda.cpp.o
#25 12.02 [675/1829] Building CXX object src/server/scripts/CMakeFiles/scripts.dir/EasternKingdoms/AlteracValley/boss_galvangar.cpp.o
#25 12.02 [676/1829] Building CXX object src/server/scripts/CMakeFiles/scripts.dir/EasternKingdoms/AlteracValley/alterac_valley.cpp.o
#25 12.02 [677/1829] Building CXX object src/server/scripts/CMakeFiles/scripts.dir/EasternKingdoms/AlteracValley/boss_drekthar.cpp.o
#25 12.02 [678/1829] Building CXX object src/server/scripts/CMakeFiles/scripts.dir/EasternKingdoms/AlteracValley/boss_vanndar.cpp.o
#25 12.02 [679/1829] Building CXX object src/server/scripts/CMakeFiles/scripts.dir/EasternKingdoms/BlackrockMountain/BlackrockDepths/boss_ambassador_flamelash.cpp.o
#25 12.03 [680/1829] Building CXX object src/server/scripts/CMakeFiles/scripts.dir/EasternKingdoms/BlackrockMountain/BlackrockDepths/boss_anubshiah.cpp.o
#25 12.03 [681/1829] Building CXX object src/server/scripts/CMakeFiles/scripts.dir/EasternKingdoms/BlackrockMountain/BlackrockDepths/blackrock_depths.cpp.o
#25 12.03 [682/1829] Building CXX object src/server/scripts/CMakeFiles/scripts.dir/EasternKingdoms/BlackrockMountain/BlackrockDepths/boss_emperor_dagran_thaurissan.cpp.o
#25 12.03 [683/1829] Building CXX object src/server/scripts/CMakeFiles/scripts.dir/EasternKingdoms/BlackrockMountain/BlackrockDepths/boss_eviscerator.cpp.o
#25 12.04 [684/1829] Building CXX object src/server/scripts/CMakeFiles/scripts.dir/EasternKingdoms/BlackrockMountain/BlackrockDepths/boss_general_angerforge.cpp.o
#25 12.04 [685/1829] Building CXX object src/server/scripts/CMakeFiles/scripts.dir/EasternKingdoms/BlackrockMountain/BlackrockDepths/boss_grizzle.cpp.o
#25 12.04 [686/1829] Building CXX object src/server/scripts/CMakeFiles/scripts.dir/EasternKingdoms/BlackrockMountain/BlackrockDepths/boss_hedrum.cpp.o
#25 12.04 [687/1829] Building CXX object src/server/scripts/CMakeFiles/scripts.dir/EasternKingdoms/BlackrockMountain/BlackrockDepths/boss_high_interrogator_gerstahn.cpp.o
#25 12.04 [688/1829] Building CXX object src/server/scripts/CMakeFiles/scripts.dir/EasternKingdoms/BlackrockMountain/BlackrockDepths/boss_gorosh_the_dervish.cpp.o
#25 12.04 [689/1829] Building CXX object src/server/scripts/CMakeFiles/scripts.dir/EasternKingdoms/BlackrockMountain/BlackrockDepths/boss_magmus.cpp.o
#25 12.05 [690/1829] Building CXX object src/server/scripts/CMakeFiles/scripts.dir/EasternKingdoms/BlackrockMountain/BlackrockDepths/boss_moira_bronzebeard.cpp.o
#25 12.05 [691/1829] Building CXX object src/server/scripts/CMakeFiles/scripts.dir/EasternKingdoms/BlackrockMountain/BlackrockDepths/boss_tomb_of_seven.cpp.o
#25 12.05 [692/1829] Building CXX object src/server/scripts/CMakeFiles/scripts.dir/EasternKingdoms/BlackrockMountain/BlackrockDepths/boss_okthor.cpp.o
#25 12.05 [693/1829] Building CXX object src/server/scripts/CMakeFiles/scripts.dir/EasternKingdoms/BlackrockMountain/BlackrockDepths/instance_blackrock_depths.cpp.o
#25 12.06 [694/1829] Building CXX object src/server/scripts/CMakeFiles/scripts.dir/EasternKingdoms/BlackrockMountain/BlackrockSpire/boss_halycon.cpp.o
#25 12.06 [695/1829] Building CXX object src/server/scripts/CMakeFiles/scripts.dir/EasternKingdoms/BlackrockMountain/BlackrockSpire/boss_lord_valthalak.cpp.o
#25 12.06 [696/1829] Building CXX object src/server/scripts/CMakeFiles/scripts.dir/EasternKingdoms/BlackrockMountain/BlackrockSpire/boss_drakkisath.cpp.o
#25 12.06 [697/1829] Building CXX object src/server/scripts/CMakeFiles/scripts.dir/EasternKingdoms/BlackrockMountain/BlackrockSpire/boss_highlord_omokk.cpp.o
#25 12.07 [698/1829] Building CXX object src/server/scripts/CMakeFiles/scripts.dir/EasternKingdoms/BlackrockMountain/BlackrockSpire/boss_gyth.cpp.o
#25 12.07 [699/1829] Building CXX object src/server/scripts/CMakeFiles/scripts.dir/EasternKingdoms/BlackrockMountain/BlackrockSpire/boss_mor_grayhoof.cpp.o
#25 12.07 [700/1829] Building CXX object src/server/scripts/CMakeFiles/scripts.dir/EasternKingdoms/BlackrockMountain/BlackrockSpire/boss_overlord_wyrmthalak.cpp.o
#25 12.07 [701/1829] Building CXX object src/server/scripts/CMakeFiles/scripts.dir/EasternKingdoms/BlackrockMountain/BlackrockSpire/boss_pyroguard_emberseer.cpp.o
#25 12.07 [702/1829] Building CXX object src/server/scripts/CMakeFiles/scripts.dir/EasternKingdoms/BlackrockMountain/BlackrockSpire/boss_quartermaster_zigris.cpp.o
#25 12.08 [703/1829] Building CXX object src/server/scripts/CMakeFiles/scripts.dir/EasternKingdoms/BlackrockMountain/BlackrockSpire/boss_rend_blackhand.cpp.o
#25 12.08 [704/1829] Building CXX object src/server/scripts/CMakeFiles/scripts.dir/EasternKingdoms/BlackrockMountain/BlackrockSpire/boss_solakar_flamewreath.cpp.o
#25 12.08 [705/1829] Building CXX object src/server/scripts/CMakeFiles/scripts.dir/EasternKingdoms/BlackrockMountain/BlackrockSpire/boss_the_beast.cpp.o
#25 12.73 [706/1829] Building CXX object src/server/scripts/CMakeFiles/scripts.dir/EasternKingdoms/BlackrockMountain/BlackrockSpire/boss_urok_doomhowl.cpp.o
#25 12.73 [707/1829] Building CXX object src/server/scripts/CMakeFiles/scripts.dir/EasternKingdoms/BlackrockMountain/BlackwingLair/boss_chromaggus.cpp.o
#25 12.73 [708/1829] Building CXX object src/server/scripts/CMakeFiles/scripts.dir/EasternKingdoms/BlackrockMountain/BlackrockSpire/boss_warmaster_voone.cpp.o
#25 12.73 [709/1829] Building CXX object src/server/scripts/CMakeFiles/scripts.dir/EasternKingdoms/BlackrockMountain/BlackrockSpire/instance_blackrock_spire.cpp.o
#25 12.73 [710/1829] Building CXX object src/server/scripts/CMakeFiles/scripts.dir/EasternKingdoms/BlackrockMountain/BlackwingLair/boss_broodlord_lashlayer.cpp.o
#25 12.74 [711/1829] Building CXX object src/server/scripts/CMakeFiles/scripts.dir/EasternKingdoms/BlackrockMountain/BlackwingLair/boss_ebonroc.cpp.o
#25 12.74 [712/1829] Building CXX object src/server/scripts/CMakeFiles/scripts.dir/EasternKingdoms/BlackrockMountain/BlackwingLair/boss_firemaw.cpp.o
#25 12.74 [713/1829] Building CXX object src/server/scripts/CMakeFiles/scripts.dir/EasternKingdoms/BlackrockMountain/BlackwingLair/boss_flamegor.cpp.o
#25 12.74 [714/1829] Building CXX object src/server/scripts/CMakeFiles/scripts.dir/EasternKingdoms/BlackrockMountain/BlackwingLair/boss_nefarian.cpp.o
#25 12.74 [715/1829] Building CXX object src/server/scripts/CMakeFiles/scripts.dir/EasternKingdoms/BlackrockMountain/BlackwingLair/boss_razorgore.cpp.o
#25 12.75 [716/1829] Building CXX object src/server/scripts/CMakeFiles/scripts.dir/EasternKingdoms/BlackrockMountain/BlackwingLair/boss_vaelastrasz.cpp.o
#25 12.75 [717/1829] Building CXX object src/server/scripts/CMakeFiles/scripts.dir/EasternKingdoms/BlackrockMountain/BlackwingLair/instance_blackwing_lair.cpp.o
#25 12.75 [718/1829] Building CXX object src/server/scripts/CMakeFiles/scripts.dir/EasternKingdoms/BlackrockMountain/MoltenCore/boss_baron_geddon.cpp.o
#25 12.76 [719/1829] Building CXX object src/server/scripts/CMakeFiles/scripts.dir/EasternKingdoms/BlackrockMountain/MoltenCore/boss_garr.cpp.o
#25 12.76 [720/1829] Building CXX object src/server/scripts/CMakeFiles/scripts.dir/EasternKingdoms/BlackrockMountain/MoltenCore/boss_gehennas.cpp.o
#25 12.80 [721/1829] Building CXX object src/server/scripts/CMakeFiles/scripts.dir/EasternKingdoms/BlackrockMountain/MoltenCore/boss_lucifron.cpp.o
#25 12.81 [722/1829] Building CXX object src/server/scripts/CMakeFiles/scripts.dir/EasternKingdoms/BlackrockMountain/MoltenCore/boss_golemagg.cpp.o
#25 12.82 [723/1829] Building CXX object src/server/scripts/CMakeFiles/scripts.dir/EasternKingdoms/BlackrockMountain/MoltenCore/boss_majordomo_executus.cpp.o
#25 12.82 [724/1829] Building CXX object src/server/scripts/CMakeFiles/scripts.dir/EasternKingdoms/BlackrockMountain/MoltenCore/boss_shazzrah.cpp.o
#25 12.82 [725/1829] Building CXX object src/server/scripts/CMakeFiles/scripts.dir/EasternKingdoms/BlackrockMountain/MoltenCore/boss_magmadar.cpp.o
#25 12.82 [726/1829] Building CXX object src/server/scripts/CMakeFiles/scripts.dir/EasternKingdoms/BlackrockMountain/MoltenCore/boss_ragnaros.cpp.o
#25 12.93 [727/1829] Building CXX object src/server/scripts/CMakeFiles/scripts.dir/EasternKingdoms/BlackrockMountain/MoltenCore/boss_sulfuron_harbinger.cpp.o
#25 12.93 [728/1829] Building CXX object src/server/scripts/CMakeFiles/scripts.dir/EasternKingdoms/Deadmines/boss_mr_smite.cpp.o
#25 12.93 [729/1829] Building CXX object src/server/scripts/CMakeFiles/scripts.dir/EasternKingdoms/Deadmines/instance_deadmines.cpp.o
#25 12.93 [730/1829] Building CXX object src/server/scripts/CMakeFiles/scripts.dir/EasternKingdoms/Karazhan/boss_maiden_of_virtue.cpp.o
#25 12.96 [731/1829] Building CXX object src/server/scripts/CMakeFiles/scripts.dir/EasternKingdoms/BlackrockMountain/MoltenCore/instance_molten_core.cpp.o
#25 12.96 [732/1829] Building CXX object src/server/scripts/CMakeFiles/scripts.dir/EasternKingdoms/BlackrockMountain/MoltenCore/molten_core.cpp.o
#25 12.96 [733/1829] Building CXX object src/server/scripts/CMakeFiles/scripts.dir/EasternKingdoms/Gnomeregan/instance_gnomeregan.cpp.o
#25 12.96 [734/1829] Building CXX object src/server/scripts/CMakeFiles/scripts.dir/EasternKingdoms/Karazhan/boss_curator.cpp.o
#25 12.96 [735/1829] Building CXX object src/server/scripts/CMakeFiles/scripts.dir/EasternKingdoms/Karazhan/boss_chess_event.cpp.o
#25 12.97 [736/1829] Building CXX object src/server/scripts/CMakeFiles/scripts.dir/EasternKingdoms/Karazhan/boss_netherspite.cpp.o
#25 12.97 [737/1829] Building CXX object src/server/scripts/CMakeFiles/scripts.dir/EasternKingdoms/Karazhan/boss_prince_malchezaar.cpp.o
#25 12.97 [738/1829] Building CXX object src/server/scripts/CMakeFiles/scripts.dir/EasternKingdoms/Karazhan/boss_midnight.cpp.o
#25 12.97 [739/1829] Building CXX object src/server/scripts/CMakeFiles/scripts.dir/EasternKingdoms/Karazhan/boss_moroes.cpp.o
#25 12.97 [740/1829] Building CXX object src/server/scripts/CMakeFiles/scripts.dir/EasternKingdoms/Karazhan/boss_nightbane.cpp.o
#25 12.98 [741/1829] Building CXX object src/server/scripts/CMakeFiles/scripts.dir/EasternKingdoms/Karazhan/boss_tenris_mirkblood.cpp.o
#25 12.99 [742/1829] Building CXX object src/server/scripts/CMakeFiles/scripts.dir/EasternKingdoms/Karazhan/boss_servant_quarters.cpp.o
#25 13.02 [743/1829] Building CXX object src/server/scripts/CMakeFiles/scripts.dir/EasternKingdoms/Karazhan/boss_shade_of_aran.cpp.o
#25 13.02 [744/1829] Building CXX object src/server/scripts/CMakeFiles/scripts.dir/EasternKingdoms/Karazhan/boss_terestian_illhoof.cpp.o
#25 13.02 [745/1829] Building CXX object src/server/scripts/CMakeFiles/scripts.dir/EasternKingdoms/Karazhan/bosses_opera.cpp.o
#25 13.03 [746/1829] Building CXX object src/server/scripts/CMakeFiles/scripts.dir/EasternKingdoms/MagistersTerrace/boss_felblood_kaelthas.cpp.o
#25 13.04 [747/1829] Building CXX object src/server/scripts/CMakeFiles/scripts.dir/EasternKingdoms/Karazhan/instance_karazhan.cpp.o
#25 13.04 [748/1829] Building CXX object src/server/scripts/CMakeFiles/scripts.dir/EasternKingdoms/MagistersTerrace/boss_selin_fireheart.cpp.o
#25 13.04 [749/1829] Building CXX object src/server/scripts/CMakeFiles/scripts.dir/EasternKingdoms/MagistersTerrace/instance_magisters_terrace.cpp.o
#25 13.06 [750/1829] Building CXX object src/server/scripts/CMakeFiles/scripts.dir/EasternKingdoms/Karazhan/karazhan.cpp.o
#25 13.06 [751/1829] Building CXX object src/server/scripts/CMakeFiles/scripts.dir/EasternKingdoms/ScarletMonastery/instance_scarlet_monastery.cpp.o
#25 13.06 [752/1829] Building CXX object src/server/scripts/CMakeFiles/scripts.dir/EasternKingdoms/MagistersTerrace/boss_priestess_delrissa.cpp.o
#25 13.06 [753/1829] Building CXX object src/server/scripts/CMakeFiles/scripts.dir/EasternKingdoms/MagistersTerrace/boss_vexallus.cpp.o
#25 13.06 [754/1829] Building CXX object src/server/scripts/CMakeFiles/scripts.dir/EasternKingdoms/Scholomance/boss_darkmaster_gandling.cpp.o
#25 13.07 [755/1829] Building CXX object src/server/scripts/CMakeFiles/scripts.dir/EasternKingdoms/ShadowfangKeep/boss_apothecary_hummel.cpp.o
#25 13.07 [756/1829] Building CXX object src/server/scripts/CMakeFiles/scripts.dir/EasternKingdoms/Scholomance/boss_kirtonos_the_herald.cpp.o
#25 13.07 [757/1829] Building CXX object src/server/scripts/CMakeFiles/scripts.dir/EasternKingdoms/Scholomance/boss_kormok.cpp.o
#25 13.07 [758/1829] Building CXX object src/server/scripts/CMakeFiles/scripts.dir/EasternKingdoms/Scholomance/instance_scholomance.cpp.o
#25 13.08 [759/1829] Building CXX object src/server/scripts/CMakeFiles/scripts.dir/EasternKingdoms/ShadowfangKeep/instance_shadowfang_keep.cpp.o
#25 13.08 [760/1829] Building CXX object src/server/scripts/CMakeFiles/scripts.dir/EasternKingdoms/Stratholme/boss_baroness_anastari.cpp.o
#25 13.14 [761/1829] Building CXX object src/server/scripts/CMakeFiles/scripts.dir/EasternKingdoms/Stratholme/instance_stratholme.cpp.o
#25 13.14 [762/1829] Building CXX object src/server/scripts/CMakeFiles/scripts.dir/EasternKingdoms/SunwellPlateau/boss_brutallus.cpp.o
#25 13.15 [763/1829] Building CXX object src/server/scripts/CMakeFiles/scripts.dir/EasternKingdoms/Stratholme/boss_jarien_and_sothos.cpp.o
#25 13.15 [764/1829] Building CXX object src/server/scripts/CMakeFiles/scripts.dir/EasternKingdoms/SunkenTemple/instance_sunken_temple.cpp.o
#25 13.15 [765/1829] Building CXX object src/server/scripts/CMakeFiles/scripts.dir/EasternKingdoms/SunwellPlateau/boss_eredar_twins.cpp.o
#25 13.15 [766/1829] Building CXX object src/server/scripts/CMakeFiles/scripts.dir/EasternKingdoms/SunwellPlateau/boss_felmyst.cpp.o
#25 13.15 [767/1829] Building CXX object src/server/scripts/CMakeFiles/scripts.dir/EasternKingdoms/SunwellPlateau/boss_kalecgos.cpp.o
#25 13.17 [768/1829] Building CXX object src/server/scripts/CMakeFiles/scripts.dir/EasternKingdoms/SunwellPlateau/boss_kiljaeden.cpp.o
#25 13.28 [769/1829] Building CXX object src/server/scripts/CMakeFiles/scripts.dir/EasternKingdoms/TheStockade/instance_the_stockade.cpp.o
#25 13.29 [770/1829] Building CXX object src/server/scripts/CMakeFiles/scripts.dir/EasternKingdoms/ZulAman/boss_akilzon.cpp.o
#25 13.29 [771/1829] Building CXX object src/server/scripts/CMakeFiles/scripts.dir/EasternKingdoms/ZulAman/boss_hexlord.cpp.o
#25 13.29 [772/1829] Building CXX object src/server/scripts/CMakeFiles/scripts.dir/EasternKingdoms/SunwellPlateau/boss_muru.cpp.o
#25 13.29 [773/1829] Building CXX object src/server/scripts/CMakeFiles/scripts.dir/EasternKingdoms/SunwellPlateau/instance_sunwell_plateau.cpp.o
#25 13.29 [774/1829] Building CXX object src/server/scripts/CMakeFiles/scripts.dir/EasternKingdoms/Uldaman/instance_uldaman.cpp.o
#25 13.29 [775/1829] Building CXX object src/server/scripts/CMakeFiles/scripts.dir/EasternKingdoms/ZulAman/boss_halazzi.cpp.o
#25 14.02 [776/1829] Building CXX object src/server/scripts/CMakeFiles/scripts.dir/EasternKingdoms/ZulGurub/boss_grilek.cpp.o
#25 14.05 [777/1829] Building CXX object src/server/scripts/CMakeFiles/scripts.dir/EasternKingdoms/ZulGurub/boss_gahzranka.cpp.o
#25 14.05 [778/1829] Building CXX object src/server/scripts/CMakeFiles/scripts.dir/EasternKingdoms/ZulAman/boss_janalai.cpp.o
#25 14.05 [779/1829] Building CXX object src/server/scripts/CMakeFiles/scripts.dir/EasternKingdoms/ZulAman/boss_nalorakk.cpp.o
#25 14.05 [780/1829] Building CXX object src/server/scripts/CMakeFiles/scripts.dir/EasternKingdoms/ZulAman/instance_zulaman.cpp.o
#25 14.06 [781/1829] Building CXX object src/server/scripts/CMakeFiles/scripts.dir/EasternKingdoms/ZulAman/boss_zuljin.cpp.o
#25 14.06 [782/1829] Building CXX object src/server/scripts/CMakeFiles/scripts.dir/EasternKingdoms/ZulAman/zulaman.cpp.o
#25 14.06 [783/1829] Building CXX object src/server/scripts/CMakeFiles/scripts.dir/EasternKingdoms/ZulGurub/boss_arlokk.cpp.o
#25 14.09 [784/1829] Building CXX object src/server/scripts/CMakeFiles/scripts.dir/EasternKingdoms/ZulGurub/boss_renataki.cpp.o
#25 14.09 [785/1829] Building CXX object src/server/scripts/CMakeFiles/scripts.dir/EasternKingdoms/ZulGurub/boss_hakkar.cpp.o
#25 14.09 [786/1829] Building CXX object src/server/scripts/CMakeFiles/scripts.dir/EasternKingdoms/ZulGurub/boss_hazzarah.cpp.o
#25 14.10 [787/1829] Building CXX object src/server/scripts/CMakeFiles/scripts.dir/EasternKingdoms/ZulGurub/boss_jindo.cpp.o
#25 14.10 [788/1829] Building CXX object src/server/scripts/CMakeFiles/scripts.dir/EasternKingdoms/ZulGurub/boss_mandokir.cpp.o
#25 14.10 [789/1829] Building CXX object src/server/scripts/CMakeFiles/scripts.dir/EasternKingdoms/ZulGurub/boss_marli.cpp.o
#25 14.10 [790/1829] Building CXX object src/server/scripts/CMakeFiles/scripts.dir/EasternKingdoms/ZulGurub/boss_jeklik.cpp.o
#25 14.11 [791/1829] Building CXX object src/server/scripts/CMakeFiles/scripts.dir/EasternKingdoms/ZulGurub/boss_wushoolay.cpp.o
#25 14.12 [792/1829] Building CXX object src/server/scripts/CMakeFiles/scripts.dir/EasternKingdoms/ZulGurub/boss_thekal.cpp.o
#25 14.12 [793/1829] Building CXX object src/server/scripts/CMakeFiles/scripts.dir/EasternKingdoms/ZulGurub/boss_venoxis.cpp.o
#25 14.12 [794/1829] Building CXX object src/server/scripts/CMakeFiles/scripts.dir/EasternKingdoms/ZulGurub/instance_zulgurub.cpp.o
#25 14.13 [795/1829] Building CXX object src/server/scripts/CMakeFiles/scripts.dir/EasternKingdoms/ZulGurub/zulgurub.cpp.o
#25 14.13 [796/1829] Building CXX object src/server/scripts/CMakeFiles/scripts.dir/Events/events_script_loader.cpp.o
#25 14.17 [797/1829] Building CXX object src/server/scripts/CMakeFiles/scripts.dir/Events/childrens_week.cpp.o
#25 14.17 [798/1829] Building CXX object src/server/scripts/CMakeFiles/scripts.dir/Events/brewfest.cpp.o
#25 14.19 [799/1829] Building CXX object src/server/scripts/CMakeFiles/scripts.dir/Kalimdor/kalimdor_script_loader.cpp.o
#25 14.19 [800/1829] Building CXX object src/server/scripts/CMakeFiles/scripts.dir/Events/love_in_air.cpp.o
#25 14.19 [801/1829] Building CXX object src/server/scripts/CMakeFiles/scripts.dir/Events/noblegarden.cpp.o
#25 14.19 [802/1829] Building CXX object src/server/scripts/CMakeFiles/scripts.dir/Events/winter_veil.cpp.o
#25 14.19 [803/1829] Building CXX object src/server/scripts/CMakeFiles/scripts.dir/Events/firework_show/firework_show.cpp.o
#25 14.22 [804/1829] Building CXX object src/server/scripts/CMakeFiles/scripts.dir/Events/hallows_end.cpp.o
#25 14.22 [805/1829] Building CXX object src/server/scripts/CMakeFiles/scripts.dir/Events/pilgrims_bounty.cpp.o
#25 14.22 [806/1829] Building CXX object src/server/scripts/CMakeFiles/scripts.dir/Kalimdor/boss_azuregos.cpp.o
#25 14.22 [807/1829] Building CXX object src/server/scripts/CMakeFiles/scripts.dir/Events/midsummer.cpp.o
#25 14.22 [808/1829] Building CXX object src/server/scripts/CMakeFiles/scripts.dir/Kalimdor/zone_ashenvale.cpp.o
#25 14.28 [809/1829] Building CXX object src/server/scripts/CMakeFiles/scripts.dir/Kalimdor/zone_felwood.cpp.o
#25 14.28 [810/1829] Building CXX object src/server/scripts/CMakeFiles/scripts.dir/Kalimdor/zone_azuremyst_isle.cpp.o
#25 14.28 [811/1829] Building CXX object src/server/scripts/CMakeFiles/scripts.dir/Kalimdor/zone_bloodmyst_isle.cpp.o
#25 14.29 [812/1829] Building CXX object src/server/scripts/CMakeFiles/scripts.dir/Kalimdor/zone_darkshore.cpp.o
#25 14.29 [813/1829] Building CXX object src/server/scripts/CMakeFiles/scripts.dir/Kalimdor/zone_desolace.cpp.o
#25 14.29 [814/1829] Building CXX object src/server/scripts/CMakeFiles/scripts.dir/Kalimdor/zone_durotar.cpp.o
#25 14.29 [815/1829] Building CXX object src/server/scripts/CMakeFiles/scripts.dir/Kalimdor/zone_dustwallow_marsh.cpp.o
#25 14.29 [816/1829] Building CXX object src/server/scripts/CMakeFiles/scripts.dir/Kalimdor/zone_feralas.cpp.o
#25 14.30 [817/1829] Building CXX object src/server/scripts/CMakeFiles/scripts.dir/Kalimdor/zone_orgrimmar.cpp.o
#25 14.30 [818/1829] Building CXX object src/server/scripts/CMakeFiles/scripts.dir/Kalimdor/zone_moonglade.cpp.o
#25 14.31 [819/1829] Building CXX object src/server/scripts/CMakeFiles/scripts.dir/Kalimdor/zone_silithus.cpp.o
#25 14.31 [820/1829] Building CXX object src/server/scripts/CMakeFiles/scripts.dir/Kalimdor/zone_stonetalon_mountains.cpp.o
#25 14.31 [821/1829] Building CXX object src/server/scripts/CMakeFiles/scripts.dir/Kalimdor/zone_teldrassil.cpp.o
#25 14.34 [822/1829] Building CXX object src/server/scripts/CMakeFiles/scripts.dir/Kalimdor/zone_the_barrens.cpp.o
#25 14.34 [823/1829] Building CXX object src/server/scripts/CMakeFiles/scripts.dir/Kalimdor/zone_tanaris.cpp.o
#25 14.40 [824/1829] Building CXX object src/server/scripts/CMakeFiles/scripts.dir/Kalimdor/zone_thunder_bluff.cpp.o
#25 14.40 [825/1829] Building CXX object src/server/scripts/CMakeFiles/scripts.dir/Kalimdor/zone_ungoro_crater.cpp.o
#25 14.40 [826/1829] Building CXX object src/server/scripts/CMakeFiles/scripts.dir/Kalimdor/BlackfathomDeeps/instance_blackfathom_deeps.cpp.o
#25 14.41 [827/1829] Building CXX object src/server/scripts/CMakeFiles/scripts.dir/Kalimdor/CavernsOfTime/BattleForMountHyjal/boss_anetheron.cpp.o
#25 14.41 [828/1829] Building CXX object src/server/scripts/CMakeFiles/scripts.dir/Kalimdor/CavernsOfTime/BattleForMountHyjal/boss_azgalor.cpp.o
#25 14.41 [829/1829] Building CXX object src/server/scripts/CMakeFiles/scripts.dir/Kalimdor/zone_thousand_needles.cpp.o
#25 14.41 [830/1829] Building CXX object src/server/scripts/CMakeFiles/scripts.dir/Kalimdor/zone_winterspring.cpp.o
#25 14.41 [831/1829] Building CXX object src/server/scripts/CMakeFiles/scripts.dir/Kalimdor/CavernsOfTime/CullingOfStratholme/boss_infinite.cpp.o
#25 14.42 [832/1829] Building CXX object src/server/scripts/CMakeFiles/scripts.dir/Kalimdor/CavernsOfTime/CullingOfStratholme/boss_mal_ganis.cpp.o
#25 14.42 [833/1829] Building CXX object src/server/scripts/CMakeFiles/scripts.dir/Kalimdor/CavernsOfTime/BattleForMountHyjal/boss_archimonde.cpp.o
#25 14.42 [834/1829] Building CXX object src/server/scripts/CMakeFiles/scripts.dir/Kalimdor/CavernsOfTime/BattleForMountHyjal/boss_kazrogal.cpp.o
#25 14.42 [835/1829] Building CXX object src/server/scripts/CMakeFiles/scripts.dir/Kalimdor/CavernsOfTime/BattleForMountHyjal/boss_rage_winterchill.cpp.o
#25 14.43 [836/1829] Building CXX object src/server/scripts/CMakeFiles/scripts.dir/Kalimdor/CavernsOfTime/CullingOfStratholme/boss_epoch.cpp.o
#25 14.43 [837/1829] Building CXX object src/server/scripts/CMakeFiles/scripts.dir/Kalimdor/CavernsOfTime/BattleForMountHyjal/hyjal.cpp.o
#25 14.43 [838/1829] Building CXX object src/server/scripts/CMakeFiles/scripts.dir/Kalimdor/CavernsOfTime/BattleForMountHyjal/instance_hyjal.cpp.o
#25 14.49 [839/1829] Building CXX object src/server/scripts/CMakeFiles/scripts.dir/Kalimdor/CavernsOfTime/CullingOfStratholme/boss_meathook.cpp.o
#25 14.49 [840/1829] Building CXX object src/server/scripts/CMakeFiles/scripts.dir/Kalimdor/CavernsOfTime/CullingOfStratholme/culling_of_stratholme.cpp.o
#25 14.49 [841/1829] Building CXX object src/server/scripts/CMakeFiles/scripts.dir/Kalimdor/CavernsOfTime/EscapeFromDurnholdeKeep/boss_epoch_hunter.cpp.o
#25 14.50 [842/1829] Building CXX object src/server/scripts/CMakeFiles/scripts.dir/Kalimdor/CavernsOfTime/CullingOfStratholme/boss_salramm.cpp.o
#25 14.50 [843/1829] Building CXX object src/server/scripts/CMakeFiles/scripts.dir/Kalimdor/CavernsOfTime/CullingOfStratholme/instance_culling_of_stratholme.cpp.o
#25 14.50 [844/1829] Building CXX object src/server/scripts/CMakeFiles/scripts.dir/Kalimdor/CavernsOfTime/EscapeFromDurnholdeKeep/boss_captain_skarloc.cpp.o
#25 14.50 [845/1829] Building CXX object src/server/scripts/CMakeFiles/scripts.dir/Kalimdor/CavernsOfTime/EscapeFromDurnholdeKeep/boss_lieutenant_drake.cpp.o
#25 14.50 [846/1829] Building CXX object src/server/scripts/CMakeFiles/scripts.dir/Kalimdor/CavernsOfTime/EscapeFromDurnholdeKeep/instance_old_hillsbrad.cpp.o
#25 14.51 [847/1829] Building CXX object src/server/scripts/CMakeFiles/scripts.dir/Kalimdor/CavernsOfTime/EscapeFromDurnholdeKeep/old_hillsbrad.cpp.o
#25 14.51 [848/1829] Building CXX object src/server/scripts/CMakeFiles/scripts.dir/Kalimdor/CavernsOfTime/TheBlackMorass/boss_temporus.cpp.o
#25 14.53 [849/1829] Building CXX object src/server/scripts/CMakeFiles/scripts.dir/Kalimdor/CavernsOfTime/TheBlackMorass/boss_chrono_lord_deja.cpp.o
#25 14.53 [850/1829] Building CXX object src/server/scripts/CMakeFiles/scripts.dir/Kalimdor/CavernsOfTime/TheBlackMorass/boss_aeonus.cpp.o
#25 14.54 [851/1829] Building CXX object src/server/scripts/CMakeFiles/scripts.dir/Kalimdor/CavernsOfTime/TheBlackMorass/instance_the_black_morass.cpp.o
#25 14.54 [852/1829] Building CXX object src/server/scripts/CMakeFiles/scripts.dir/Kalimdor/CavernsOfTime/TheBlackMorass/the_black_morass.cpp.o
#25 14.55 [853/1829] Building CXX object src/server/scripts/CMakeFiles/scripts.dir/Kalimdor/DireMaul/boss_isalien.cpp.o
#25 14.55 [854/1829] Building CXX object src/server/scripts/CMakeFiles/scripts.dir/Kalimdor/RazorfenDowns/instance_razorfen_downs.cpp.o
#25 14.55 [855/1829] Building CXX object src/server/scripts/CMakeFiles/scripts.dir/Kalimdor/DireMaul/instance_dire_maul.cpp.o
#25 14.55 [856/1829] Building CXX object src/server/scripts/CMakeFiles/scripts.dir/Kalimdor/Maraudon/instance_maraudon.cpp.o
#25 14.55 [857/1829] Building CXX object src/server/scripts/CMakeFiles/scripts.dir/Kalimdor/RazorfenDowns/razorfen_downs.cpp.o
#25 14.83 [858/1829] Building CXX object src/server/scripts/CMakeFiles/scripts.dir/Kalimdor/OnyxiasLair/boss_onyxia.cpp.o
#25 14.83 [859/1829] Building CXX object src/server/scripts/CMakeFiles/scripts.dir/Kalimdor/RagefireChasm/instance_ragefire_chasm.cpp.o
#25 14.83 [860/1829] Building CXX object src/server/scripts/CMakeFiles/scripts.dir/Kalimdor/RazorfenKraul/instance_razorfen_kraul.cpp.o
#25 14.84 [861/1829] Building CXX object src/server/scripts/CMakeFiles/scripts.dir/Kalimdor/RuinsOfAhnQiraj/boss_buru.cpp.o
#25 14.84 [862/1829] Building CXX object src/server/scripts/CMakeFiles/scripts.dir/Kalimdor/OnyxiasLair/instance_onyxias_lair.cpp.o
#25 14.84 [863/1829] Building CXX object src/server/scripts/CMakeFiles/scripts.dir/Kalimdor/RuinsOfAhnQiraj/boss_moam.cpp.o
#25 14.84 [864/1829] Building CXX object src/server/scripts/CMakeFiles/scripts.dir/Kalimdor/TempleOfAhnQiraj/boss_bug_trio.cpp.o
#25 14.85 [865/1829] Building CXX object src/server/scripts/CMakeFiles/scripts.dir/Kalimdor/TempleOfAhnQiraj/boss_fankriss.cpp.o
#25 14.86 [866/1829] Building CXX object src/server/scripts/CMakeFiles/scripts.dir/Kalimdor/RuinsOfAhnQiraj/boss_kurinnaxx.cpp.o
#25 14.86 [867/1829] Building CXX object src/server/scripts/CMakeFiles/scripts.dir/Kalimdor/RuinsOfAhnQiraj/instance_ruins_of_ahnqiraj.cpp.o
#25 14.86 [868/1829] Building CXX object src/server/scripts/CMakeFiles/scripts.dir/Kalimdor/TempleOfAhnQiraj/boss_cthun.cpp.o
#25 14.86 [869/1829] Building CXX object src/server/scripts/CMakeFiles/scripts.dir/Kalimdor/RuinsOfAhnQiraj/ruins_of_ahnqiraj.cpp.o
#25 14.86 [870/1829] Building CXX object src/server/scripts/CMakeFiles/scripts.dir/Kalimdor/RuinsOfAhnQiraj/boss_ossirian.cpp.o
#25 14.86 [871/1829] Building CXX object src/server/scripts/CMakeFiles/scripts.dir/Kalimdor/RuinsOfAhnQiraj/boss_rajaxx.cpp.o
#25 14.87 [872/1829] Building CXX object src/server/scripts/CMakeFiles/scripts.dir/Kalimdor/RuinsOfAhnQiraj/boss_ayamiss.cpp.o
#25 14.88 [873/1829] Building CXX object src/server/scripts/CMakeFiles/scripts.dir/Kalimdor/TempleOfAhnQiraj/boss_huhuran.cpp.o
#25 14.89 [874/1829] Building CXX object src/server/scripts/CMakeFiles/scripts.dir/Kalimdor/TempleOfAhnQiraj/boss_skeram.cpp.o
#25 14.89 [875/1829] Building CXX object src/server/scripts/CMakeFiles/scripts.dir/Kalimdor/TempleOfAhnQiraj/boss_sartura.cpp.o
#25 14.89 [876/1829] Building CXX object src/server/scripts/CMakeFiles/scripts.dir/Kalimdor/TempleOfAhnQiraj/instance_temple_of_ahnqiraj.cpp.o
#25 14.90 [877/1829] Building CXX object src/server/scripts/CMakeFiles/scripts.dir/Kalimdor/TempleOfAhnQiraj/boss_viscidus.cpp.o
#25 14.90 [878/1829] Building CXX object src/server/scripts/CMakeFiles/scripts.dir/Kalimdor/TempleOfAhnQiraj/boss_ouro.cpp.o
#25 14.90 [879/1829] Building CXX object src/server/scripts/CMakeFiles/scripts.dir/Kalimdor/TempleOfAhnQiraj/boss_twinemperors.cpp.o
#25 14.91 [880/1829] Building CXX object src/server/scripts/CMakeFiles/scripts.dir/Kalimdor/TempleOfAhnQiraj/mob_anubisath_sentinel.cpp.o
#25 14.91 [881/1829] Building CXX object src/server/scripts/CMakeFiles/scripts.dir/Kalimdor/WailingCaverns/instance_wailing_caverns.cpp.o
#25 14.91 [882/1829] Building CXX object src/server/scripts/CMakeFiles/scripts.dir/Kalimdor/ZulFarrak/instance_zulfarrak.cpp.o
#25 14.91 [883/1829] Building CXX object src/server/scripts/CMakeFiles/scripts.dir/Kalimdor/ZulFarrak/zulfarrak.cpp.o
#25 14.91 [884/1829] Building CXX object src/server/scripts/CMakeFiles/scripts.dir/Northrend/isle_of_conquest.cpp.o
#25 14.92 [885/1829] Building CXX object src/server/scripts/CMakeFiles/scripts.dir/Northrend/northrend_script_loader.cpp.o
#25 14.92 [886/1829] Building CXX object src/server/scripts/CMakeFiles/scripts.dir/Kalimdor/TempleOfAhnQiraj/temple_of_ahnqiraj.cpp.o
#25 14.96 [887/1829] Building CXX object src/server/scripts/CMakeFiles/scripts.dir/Northrend/zone_crystalsong_forest.cpp.o
#25 14.96 [888/1829] Building CXX object src/server/scripts/CMakeFiles/scripts.dir/Northrend/zone_dalaran.cpp.o
#25 14.96 [889/1829] Building CXX object src/server/scripts/CMakeFiles/scripts.dir/Northrend/zone_borean_tundra.cpp.o
#25 14.97 [890/1829] Building CXX object src/server/scripts/CMakeFiles/scripts.dir/Northrend/zone_dragonblight.cpp.o
#25 14.98 [891/1829] Building CXX object src/server/scripts/CMakeFiles/scripts.dir/Northrend/zone_wintergrasp.cpp.o
#25 14.99 [892/1829] Building CXX object src/server/scripts/CMakeFiles/scripts.dir/Northrend/AzjolNerub/AzjolNerub/boss_anubarak.cpp.o
#25 14.99 [893/1829] Building CXX object src/server/scripts/CMakeFiles/scripts.dir/Northrend/zone_grizzly_hills.cpp.o
#25 14.99 [894/1829] Building CXX object src/server/scripts/CMakeFiles/scripts.dir/Northrend/zone_howling_fjord.cpp.o
#25 14.99 [895/1829] Building CXX object src/server/scripts/CMakeFiles/scripts.dir/Northrend/zone_icecrown.cpp.o
#25 14.99 [896/1829] Building CXX object src/server/scripts/CMakeFiles/scripts.dir/Northrend/zone_sholazar_basin.cpp.o
#25 14.99 [897/1829] Building CXX object src/server/scripts/CMakeFiles/scripts.dir/Northrend/zone_storm_peaks.cpp.o
#25 15.00 [898/1829] Building CXX object src/server/scripts/CMakeFiles/scripts.dir/Northrend/zone_zuldrak.cpp.o
#25 15.02 [899/1829] Building CXX object src/server/scripts/CMakeFiles/scripts.dir/Northrend/AzjolNerub/AzjolNerub/instance_azjol_nerub.cpp.o
#25 15.02 [900/1829] Building CXX object src/server/scripts/CMakeFiles/scripts.dir/Northrend/AzjolNerub/AzjolNerub/boss_hadronox.cpp.o
#25 15.03 [901/1829] Building CXX object src/server/scripts/CMakeFiles/scripts.dir/Northrend/AzjolNerub/AzjolNerub/boss_krikthir_the_gatewatcher.cpp.o
#25 15.06 [902/1829] Building CXX object src/server/scripts/CMakeFiles/scripts.dir/Northrend/AzjolNerub/ahnkahet/boss_elder_nadox.cpp.o
#25 15.06 [903/1829] Building CXX object src/server/scripts/CMakeFiles/scripts.dir/Northrend/AzjolNerub/ahnkahet/boss_herald_volazj.cpp.o
#25 15.07 [904/1829] Building CXX object src/server/scripts/CMakeFiles/scripts.dir/Northrend/AzjolNerub/ahnkahet/boss_jedoga_shadowseeker.cpp.o
#25 15.07 [905/1829] Building CXX object src/server/scripts/CMakeFiles/scripts.dir/Northrend/AzjolNerub/ahnkahet/boss_amanitar.cpp.o
#25 15.17 [906/1829] Building CXX object src/server/scripts/CMakeFiles/scripts.dir/Northrend/AzjolNerub/ahnkahet/boss_prince_taldaram.cpp.o
#25 15.17 [907/1829] Building CXX object src/server/scripts/CMakeFiles/scripts.dir/Northrend/ChamberOfAspects/ObsidianSanctum/instance_obsidian_sanctum.cpp.o
#25 15.17 [908/1829] Building CXX object src/server/scripts/CMakeFiles/scripts.dir/Northrend/ChamberOfAspects/RubySanctum/boss_baltharus_the_warborn.cpp.o
#25 15.17 [909/1829] Building CXX object src/server/scripts/CMakeFiles/scripts.dir/Northrend/AzjolNerub/ahnkahet/instance_ahnkahet.cpp.o
#25 15.17 [910/1829] Building CXX object src/server/scripts/CMakeFiles/scripts.dir/Northrend/ChamberOfAspects/ObsidianSanctum/boss_sartharion.cpp.o
#25 15.17 [911/1829] Building CXX object src/server/scripts/CMakeFiles/scripts.dir/Northrend/ChamberOfAspects/RubySanctum/boss_general_zarithrian.cpp.o
#25 15.18 [912/1829] Building CXX object src/server/scripts/CMakeFiles/scripts.dir/Northrend/ChamberOfAspects/RubySanctum/boss_halion.cpp.o
#25 15.18 [913/1829] Building CXX object src/server/scripts/CMakeFiles/scripts.dir/Northrend/ChamberOfAspects/RubySanctum/boss_saviana_ragefire.cpp.o
#25 15.27 [914/1829] Building CXX object src/server/scripts/CMakeFiles/scripts.dir/Northrend/CrusadersColiseum/TrialOfTheCrusader/boss_northrend_beasts.cpp.o
#25 15.28 [915/1829] Building CXX object src/server/scripts/CMakeFiles/scripts.dir/Northrend/ChamberOfAspects/RubySanctum/instance_ruby_sanctum.cpp.o
#25 15.28 [916/1829] Building CXX object src/server/scripts/CMakeFiles/scripts.dir/Northrend/CrusadersColiseum/TrialOfTheChampion/boss_argent_challenge.cpp.o
#25 15.28 [917/1829] Building CXX object src/server/scripts/CMakeFiles/scripts.dir/Northrend/CrusadersColiseum/TrialOfTheChampion/boss_black_knight.cpp.o
#25 15.28 [918/1829] Building CXX object src/server/scripts/CMakeFiles/scripts.dir/Northrend/CrusadersColiseum/TrialOfTheChampion/boss_grand_champions.cpp.o
#25 15.28 [919/1829] Building CXX object src/server/scripts/CMakeFiles/scripts.dir/Northrend/CrusadersColiseum/TrialOfTheChampion/instance_trial_of_the_champion.cpp.o
#25 15.28 [920/1829] Building CXX object src/server/scripts/CMakeFiles/scripts.dir/Northrend/CrusadersColiseum/TrialOfTheChampion/trial_of_the_champion.cpp.o
#25 15.28 [921/1829] Building CXX object src/server/scripts/CMakeFiles/scripts.dir/Northrend/CrusadersColiseum/TrialOfTheCrusader/boss_anubarak_trial.cpp.o
#25 15.29 [922/1829] Building CXX object src/server/scripts/CMakeFiles/scripts.dir/Northrend/CrusadersColiseum/TrialOfTheCrusader/boss_faction_champions.cpp.o
#25 15.29 [923/1829] Building CXX object src/server/scripts/CMakeFiles/scripts.dir/Northrend/CrusadersColiseum/TrialOfTheCrusader/boss_lord_jaraxxus.cpp.o
#25 15.29 [924/1829] Building CXX object src/server/scripts/CMakeFiles/scripts.dir/Northrend/CrusadersColiseum/TrialOfTheCrusader/boss_twin_valkyr.cpp.o
#25 15.29 [925/1829] Building CXX object src/server/scripts/CMakeFiles/scripts.dir/Northrend/CrusadersColiseum/TrialOfTheCrusader/instance_trial_of_the_crusader.cpp.o
#25 15.29 [926/1829] Building CXX object src/server/scripts/CMakeFiles/scripts.dir/Northrend/CrusadersColiseum/TrialOfTheCrusader/trial_of_the_crusader.cpp.o
#25 15.29 [927/1829] Building CXX object src/server/scripts/CMakeFiles/scripts.dir/Northrend/DraktharonKeep/boss_dred.cpp.o
#25 15.29 [928/1829] Building CXX object src/server/scripts/CMakeFiles/scripts.dir/Northrend/DraktharonKeep/boss_novos.cpp.o
#25 15.40 [929/1829] Linking CXX static library src/server/game/libgame.a
#25 16.97 [930/1829] Building CXX object src/server/scripts/CMakeFiles/scripts.dir/Northrend/FrozenHalls/ForgeOfSouls/boss_devourer_of_souls.cpp.o
#25 16.98 [931/1829] Building CXX object src/server/scripts/CMakeFiles/scripts.dir/Northrend/FrozenHalls/HallsOfReflection/boss_falric.cpp.o
#25 17.08 [932/1829] Building CXX object src/server/scripts/CMakeFiles/scripts.dir/Northrend/FrozenHalls/ForgeOfSouls/instance_forge_of_souls.cpp.o
#25 17.08 [933/1829] Building CXX object src/server/scripts/CMakeFiles/scripts.dir/Northrend/DraktharonKeep/boss_tharon_ja.cpp.o
#25 17.08 [934/1829] Building CXX object src/server/scripts/CMakeFiles/scripts.dir/Northrend/FrozenHalls/ForgeOfSouls/boss_bronjahm.cpp.o
#25 17.09 [935/1829] Building CXX object src/server/scripts/CMakeFiles/scripts.dir/Northrend/FrozenHalls/ForgeOfSouls/forge_of_souls.cpp.o
#25 17.09 [936/1829] Building CXX object src/server/scripts/CMakeFiles/scripts.dir/Northrend/FrozenHalls/HallsOfReflection/boss_marwyn.cpp.o
#25 17.09 [937/1829] Building CXX object src/server/scripts/CMakeFiles/scripts.dir/Northrend/FrozenHalls/PitOfSaron/boss_forgemaster_garfrost.cpp.o
#25 17.09 [938/1829] Building CXX object src/server/scripts/CMakeFiles/scripts.dir/Northrend/DraktharonKeep/boss_trollgore.cpp.o
#25 17.09 [939/1829] Building CXX object src/server/scripts/CMakeFiles/scripts.dir/Northrend/DraktharonKeep/instance_drak_tharon_keep.cpp.o
#25 17.09 [940/1829] Building CXX object src/server/scripts/CMakeFiles/scripts.dir/Northrend/FrozenHalls/HallsOfReflection/halls_of_reflection.cpp.o
#25 17.09 [941/1829] Building CXX object src/server/scripts/CMakeFiles/scripts.dir/Northrend/FrozenHalls/HallsOfReflection/instance_halls_of_reflection.cpp.o
#25 17.09 [942/1829] Building CXX object src/server/scripts/CMakeFiles/scripts.dir/Northrend/FrozenHalls/PitOfSaron/boss_krickandick.cpp.o
#25 17.10 [943/1829] Building CXX object src/server/scripts/CMakeFiles/scripts.dir/Northrend/FrozenHalls/PitOfSaron/boss_scourgelord_tyrannus.cpp.o
#25 17.10 [944/1829] Building CXX object src/server/scripts/CMakeFiles/scripts.dir/Northrend/FrozenHalls/PitOfSaron/instance_pit_of_saron.cpp.o
#25 17.10 [945/1829] Building CXX object src/server/scripts/CMakeFiles/scripts.dir/Northrend/FrozenHalls/PitOfSaron/pit_of_saron.cpp.o
#25 17.10 [946/1829] Building CXX object src/server/scripts/CMakeFiles/scripts.dir/Northrend/Gundrak/boss_drakkari_colossus.cpp.o
#25 17.10 [947/1829] Building CXX object src/server/scripts/CMakeFiles/scripts.dir/Northrend/Gundrak/boss_eck.cpp.o
#25 17.27 [948/1829] Building CXX object src/server/scripts/CMakeFiles/scripts.dir/Northrend/Gundrak/boss_gal_darah.cpp.o
#25 17.27 [949/1829] Building CXX object src/server/scripts/CMakeFiles/scripts.dir/Northrend/Gundrak/boss_slad_ran.cpp.o
#25 17.27 [950/1829] Building CXX object src/server/scripts/CMakeFiles/scripts.dir/Northrend/Gundrak/boss_moorabi.cpp.o
#25 17.27 [951/1829] Building CXX object src/server/scripts/CMakeFiles/scripts.dir/Northrend/Gundrak/instance_gundrak.cpp.o
#25 17.30 [952/1829] Building CXX object src/server/scripts/CMakeFiles/scripts.dir/Northrend/IcecrownCitadel/boss_blood_prince_council.cpp.o
#25 17.30 [953/1829] Building CXX object src/server/scripts/CMakeFiles/scripts.dir/Northrend/IcecrownCitadel/boss_blood_queen_lana_thel.cpp.o
#25 17.31 [954/1829] Building CXX object src/server/scripts/CMakeFiles/scripts.dir/Northrend/IcecrownCitadel/boss_deathbringer_saurfang.cpp.o
#25 17.31 [955/1829] Building CXX object src/server/scripts/CMakeFiles/scripts.dir/Northrend/IcecrownCitadel/boss_festergut.cpp.o
#25 17.31 [956/1829] Building CXX object src/server/scripts/CMakeFiles/scripts.dir/Northrend/IcecrownCitadel/boss_icecrown_gunship_battle.cpp.o
#25 17.31 [957/1829] Building CXX object src/server/scripts/CMakeFiles/scripts.dir/Northrend/IcecrownCitadel/boss_professor_putricide.cpp.o
#25 17.31 [958/1829] Building CXX object src/server/scripts/CMakeFiles/scripts.dir/Northrend/IcecrownCitadel/boss_rotface.cpp.o
#25 17.34 [959/1829] Building CXX object src/server/scripts/CMakeFiles/scripts.dir/Northrend/IcecrownCitadel/boss_lord_marrowgar.cpp.o
#25 17.36 [960/1829] Building CXX object src/server/scripts/CMakeFiles/scripts.dir/Northrend/IcecrownCitadel/boss_lady_deathwhisper.cpp.o
#25 17.36 [961/1829] Building CXX object src/server/scripts/CMakeFiles/scripts.dir/Northrend/IcecrownCitadel/boss_sindragosa.cpp.o
#25 17.37 [962/1829] Building CXX object src/server/scripts/CMakeFiles/scripts.dir/Northrend/IcecrownCitadel/boss_the_lich_king.cpp.o
#25 17.37 [963/1829] Building CXX object src/server/scripts/CMakeFiles/scripts.dir/Northrend/IcecrownCitadel/boss_valithria_dreamwalker.cpp.o
#25 17.38 [964/1829] Building CXX object src/server/scripts/CMakeFiles/scripts.dir/Northrend/Naxxramas/boss_anubrekhan.cpp.o
#25 17.38 [965/1829] Building CXX object src/server/scripts/CMakeFiles/scripts.dir/Northrend/IcecrownCitadel/icecrown_citadel_teleport.cpp.o
#25 17.38 [966/1829] Building CXX object src/server/scripts/CMakeFiles/scripts.dir/Northrend/IcecrownCitadel/instance_icecrown_citadel.cpp.o
#25 17.39 [967/1829] Building CXX object src/server/scripts/CMakeFiles/scripts.dir/Northrend/IcecrownCitadel/icecrown_citadel.cpp.o
#25 17.45 [968/1829] Building CXX object src/server/scripts/CMakeFiles/scripts.dir/Northrend/Naxxramas/boss_faerlina.cpp.o
#25 17.45 [969/1829] Building CXX object src/server/scripts/CMakeFiles/scripts.dir/Northrend/Naxxramas/boss_four_horsemen.cpp.o
#25 17.45 [970/1829] Building CXX object src/server/scripts/CMakeFiles/scripts.dir/Northrend/Naxxramas/boss_gluth.cpp.o
#25 17.46 [971/1829] Building CXX object src/server/scripts/CMakeFiles/scripts.dir/Northrend/Naxxramas/boss_grobbulus.cpp.o
#25 17.46 [972/1829] Building CXX object src/server/scripts/CMakeFiles/scripts.dir/Northrend/Naxxramas/boss_gothik.cpp.o
#25 17.46 [973/1829] Building CXX object src/server/scripts/CMakeFiles/scripts.dir/Northrend/Naxxramas/boss_heigan.cpp.o
#25 17.46 [974/1829] Building CXX object src/server/scripts/CMakeFiles/scripts.dir/Northrend/Naxxramas/boss_kelthuzad.cpp.o
#25 17.46 [975/1829] Building CXX object src/server/scripts/CMakeFiles/scripts.dir/Northrend/Naxxramas/boss_razuvious.cpp.o
#25 17.46 [976/1829] Building CXX object src/server/scripts/CMakeFiles/scripts.dir/Northrend/Naxxramas/boss_loatheb.cpp.o
#25 17.51 [977/1829] Building CXX object src/server/scripts/CMakeFiles/scripts.dir/Northrend/Naxxramas/boss_maexxna.cpp.o
#25 17.54 [978/1829] Building CXX object src/server/scripts/CMakeFiles/scripts.dir/Northrend/Naxxramas/boss_noth.cpp.o
#25 17.55 [979/1829] Building CXX object src/server/scripts/CMakeFiles/scripts.dir/Northrend/Naxxramas/boss_patchwerk.cpp.o
#25 17.58 [980/1829] Building CXX object src/server/scripts/CMakeFiles/scripts.dir/Northrend/Naxxramas/boss_sapphiron.cpp.o
#25 17.58 [981/1829] Building CXX object src/server/scripts/CMakeFiles/scripts.dir/Northrend/Naxxramas/instance_naxxramas.cpp.o
#25 17.58 [982/1829] Building CXX object src/server/scripts/CMakeFiles/scripts.dir/Northrend/Naxxramas/boss_thaddius.cpp.o
#25 17.58 [983/1829] Building CXX object src/server/scripts/CMakeFiles/scripts.dir/Northrend/Nexus/Nexus/boss_commander_stoutbeard_kolurg.cpp.o
#25 17.59 [984/1829] Building CXX object src/server/scripts/CMakeFiles/scripts.dir/Northrend/Nexus/Nexus/boss_anomalus.cpp.o
#25 17.59 [985/1829] Building CXX object src/server/scripts/CMakeFiles/scripts.dir/Northrend/Nexus/EyeOfEternity/boss_malygos.cpp.o
#25 17.62 [986/1829] Building CXX object src/server/scripts/CMakeFiles/scripts.dir/Northrend/Nexus/EyeOfEternity/instance_eye_of_eternity.cpp.o
#25 17.65 [987/1829] Building CXX object src/server/scripts/CMakeFiles/scripts.dir/Northrend/Nexus/Nexus/boss_ormorok.cpp.o
#25 17.65 [988/1829] Building CXX object src/server/scripts/CMakeFiles/scripts.dir/Northrend/Nexus/Nexus/boss_keristrasza.cpp.o
#25 17.65 [989/1829] Building CXX object src/server/scripts/CMakeFiles/scripts.dir/Northrend/Nexus/Nexus/instance_nexus.cpp.o
#25 17.65 [990/1829] Building CXX object src/server/scripts/CMakeFiles/scripts.dir/Northrend/Nexus/Oculus/boss_drakos.cpp.o
#25 17.65 [991/1829] Building CXX object src/server/scripts/CMakeFiles/scripts.dir/Northrend/Nexus/Oculus/boss_urom.cpp.o
#25 17.66 [992/1829] Building CXX object src/server/scripts/CMakeFiles/scripts.dir/Northrend/Nexus/Oculus/boss_varos.cpp.o
#25 17.66 [993/1829] Building CXX object src/server/scripts/CMakeFiles/scripts.dir/Northrend/Nexus/Nexus/boss_magus_telestra.cpp.o
#25 17.66 [994/1829] Building CXX object src/server/scripts/CMakeFiles/scripts.dir/Northrend/Nexus/Oculus/boss_eregos.cpp.o
#25 17.66 [995/1829] Building CXX object src/server/scripts/CMakeFiles/scripts.dir/Northrend/Nexus/Oculus/oculus.cpp.o
#25 17.71 [996/1829] Building CXX object src/server/scripts/CMakeFiles/scripts.dir/Northrend/Ulduar/HallsOfLightning/boss_bjarngrim.cpp.o
#25 17.71 [997/1829] Building CXX object src/server/scripts/CMakeFiles/scripts.dir/Northrend/Ulduar/HallsOfLightning/boss_ionar.cpp.o
#25 17.73 [998/1829] Building CXX object src/server/scripts/CMakeFiles/scripts.dir/Northrend/Nexus/Oculus/instance_oculus.cpp.o
#25 17.76 [999/1829] Building CXX object src/server/scripts/CMakeFiles/scripts.dir/Northrend/Ulduar/HallsOfStone/boss_krystallus.cpp.o
#25 17.76 [1000/1829] Building CXX object src/server/scripts/CMakeFiles/scripts.dir/Northrend/Ulduar/HallsOfLightning/boss_loken.cpp.o
#25 17.76 [1001/1829] Building CXX object src/server/scripts/CMakeFiles/scripts.dir/Northrend/Ulduar/HallsOfLightning/boss_volkhan.cpp.o
#25 17.77 [1002/1829] Building CXX object src/server/scripts/CMakeFiles/scripts.dir/Northrend/Ulduar/HallsOfStone/boss_sjonnir.cpp.o
#25 17.78 [1003/1829] Building CXX object src/server/scripts/CMakeFiles/scripts.dir/Northrend/Ulduar/HallsOfStone/brann_bronzebeard.cpp.o
#25 17.79 [1004/1829] Building CXX object src/server/scripts/CMakeFiles/scripts.dir/Northrend/Ulduar/HallsOfStone/boss_maiden_of_grief.cpp.o
#25 17.82 [1005/1829] Building CXX object src/server/scripts/CMakeFiles/scripts.dir/Northrend/Ulduar/HallsOfStone/instance_halls_of_stone.cpp.o
#25 17.82 [1006/1829] Building CXX object src/server/scripts/CMakeFiles/scripts.dir/Northrend/Ulduar/HallsOfLightning/instance_halls_of_lightning.cpp.o
#25 17.82 [1007/1829] Building CXX object src/server/scripts/CMakeFiles/scripts.dir/Northrend/Ulduar/Ulduar/boss_algalon_the_observer.cpp.o
#25 17.83 [1008/1829] Building CXX object src/server/scripts/CMakeFiles/scripts.dir/Northrend/Ulduar/Ulduar/boss_ignis.cpp.o
#25 17.84 [1009/1829] Building CXX object src/server/scripts/CMakeFiles/scripts.dir/Northrend/Ulduar/Ulduar/boss_flame_leviathan.cpp.o
#25 17.85 [1010/1829] Building CXX object src/server/scripts/CMakeFiles/scripts.dir/Northrend/Ulduar/Ulduar/boss_assembly_of_iron.cpp.o
#25 17.85 [1011/1829] Building CXX object src/server/scripts/CMakeFiles/scripts.dir/Northrend/Ulduar/Ulduar/boss_auriaya.cpp.o
#25 17.88 [1012/1829] Building CXX object src/server/scripts/CMakeFiles/scripts.dir/Northrend/Ulduar/Ulduar/boss_freya.cpp.o
#25 17.89 [1013/1829] Building CXX object src/server/scripts/CMakeFiles/scripts.dir/Northrend/Ulduar/Ulduar/boss_general_vezax.cpp.o
#25 17.94 [1014/1829] Building CXX object src/server/scripts/CMakeFiles/scripts.dir/Northrend/Ulduar/Ulduar/boss_hodir.cpp.o
#25 17.96 [1015/1829] Building CXX object src/server/scripts/CMakeFiles/scripts.dir/Northrend/Ulduar/Ulduar/boss_kologarn.cpp.o
#25 17.96 [1016/1829] Building CXX object src/server/scripts/CMakeFiles/scripts.dir/Northrend/Ulduar/Ulduar/boss_thorim.cpp.o
#25 17.96 [1017/1829] Building CXX object src/server/scripts/CMakeFiles/scripts.dir/Northrend/Ulduar/Ulduar/boss_xt002.cpp.o
#25 17.97 [1018/1829] Building CXX object src/server/scripts/CMakeFiles/scripts.dir/Northrend/Ulduar/Ulduar/boss_mimiron.cpp.o
#25 17.97 [1019/1829] Building CXX object src/server/scripts/CMakeFiles/scripts.dir/Northrend/UtgardeKeep/UtgardeKeep/boss_skarvald_dalronn.cpp.o
#25 17.97 [1020/1829] Building CXX object src/server/scripts/CMakeFiles/scripts.dir/Northrend/Ulduar/Ulduar/boss_razorscale.cpp.o
#25 17.97 [1021/1829] Building CXX object src/server/scripts/CMakeFiles/scripts.dir/Northrend/UtgardeKeep/UtgardeKeep/boss_keleseth.cpp.o
#25 17.97 [1022/1829] Building CXX object src/server/scripts/CMakeFiles/scripts.dir/Northrend/Ulduar/Ulduar/boss_yoggsaron.cpp.o
#25 18.06 [1023/1829] Building CXX object src/server/scripts/CMakeFiles/scripts.dir/Northrend/UtgardeKeep/UtgardeKeep/boss_ingvar_the_plunderer.cpp.o
#25 18.06 [1024/1829] Building CXX object src/server/scripts/CMakeFiles/scripts.dir/Northrend/UtgardeKeep/UtgardePinnacle/boss_palehoof.cpp.o
#25 18.06 [1025/1829] Building CXX object src/server/scripts/CMakeFiles/scripts.dir/Northrend/Ulduar/Ulduar/instance_ulduar.cpp.o
#25 18.06 [1026/1829] Building CXX object src/server/scripts/CMakeFiles/scripts.dir/Northrend/Ulduar/Ulduar/ulduar.cpp.o
#25 18.07 [1027/1829] Building CXX object src/server/scripts/CMakeFiles/scripts.dir/Northrend/UtgardeKeep/UtgardeKeep/utgarde_keep.cpp.o
#25 18.07 [1028/1829] Building CXX object src/server/scripts/CMakeFiles/scripts.dir/Northrend/UtgardeKeep/UtgardePinnacle/boss_skadi.cpp.o
#25 18.07 [1029/1829] Building CXX object src/server/scripts/CMakeFiles/scripts.dir/Northrend/UtgardeKeep/UtgardeKeep/instance_utgarde_keep.cpp.o
#25 18.08 [1030/1829] Building CXX object src/server/scripts/CMakeFiles/scripts.dir/Northrend/UtgardeKeep/UtgardePinnacle/utgarde_pinnacle.cpp.o
#25 18.08 [1031/1829] Building CXX object src/server/scripts/CMakeFiles/scripts.dir/Northrend/UtgardeKeep/UtgardePinnacle/boss_ymiron.cpp.o
#25 18.08 [1032/1829] Building CXX object src/server/scripts/CMakeFiles/scripts.dir/Northrend/UtgardeKeep/UtgardePinnacle/instance_utgarde_pinnacle.cpp.o
#25 18.09 [1033/1829] Building CXX object src/server/scripts/CMakeFiles/scripts.dir/Northrend/VaultOfArchavon/boss_archavon.cpp.o
#25 18.09 [1034/1829] Building CXX object src/server/scripts/CMakeFiles/scripts.dir/Northrend/UtgardeKeep/UtgardePinnacle/boss_svala.cpp.o
#25 18.09 [1035/1829] Building CXX object src/server/scripts/CMakeFiles/scripts.dir/Northrend/VaultOfArchavon/boss_emalon.cpp.o
#25 18.09 [1036/1829] Building CXX object src/server/scripts/CMakeFiles/scripts.dir/Northrend/VaultOfArchavon/boss_koralon.cpp.o
#25 18.09 [1037/1829] Building CXX object src/server/scripts/CMakeFiles/scripts.dir/Northrend/VaultOfArchavon/boss_toravon.cpp.o
#25 18.09 [1038/1829] Building CXX object src/server/scripts/CMakeFiles/scripts.dir/Northrend/VaultOfArchavon/instance_vault_of_archavon.cpp.o
#25 18.11 [1039/1829] Building CXX object src/server/scripts/CMakeFiles/scripts.dir/Northrend/VioletHold/boss_cyanigosa.cpp.o
#25 18.11 [1040/1829] Building CXX object src/server/scripts/CMakeFiles/scripts.dir/Northrend/VioletHold/boss_erekem.cpp.o
#25 18.12 [1041/1829] Building CXX object src/server/scripts/CMakeFiles/scripts.dir/Northrend/VioletHold/boss_ichoron.cpp.o
#25 18.12 [1042/1829] Building CXX object src/server/scripts/CMakeFiles/scripts.dir/Northrend/VioletHold/boss_lavanthor.cpp.o
#25 18.12 [1043/1829] Building CXX object src/server/scripts/CMakeFiles/scripts.dir/Northrend/VioletHold/boss_xevozz.cpp.o
#25 18.12 [1044/1829] Building CXX object src/server/scripts/CMakeFiles/scripts.dir/Northrend/VioletHold/boss_zuramat.cpp.o
#25 18.12 [1045/1829] Building CXX object src/server/scripts/CMakeFiles/scripts.dir/Northrend/VioletHold/boss_moragg.cpp.o
#25 18.12 [1046/1829] Building CXX object src/server/scripts/CMakeFiles/scripts.dir/Northrend/VioletHold/instance_violet_hold.cpp.o
#25 18.13 [1047/1829] Building CXX object src/server/scripts/CMakeFiles/scripts.dir/Northrend/VioletHold/violet_hold.cpp.o
#25 18.15 [1048/1829] Building CXX object src/server/scripts/CMakeFiles/scripts.dir/OutdoorPvP/OutdoorPvPHP.cpp.o
#25 18.15 [1049/1829] Building CXX object src/server/scripts/CMakeFiles/scripts.dir/OutdoorPvP/OutdoorPvPGH.cpp.o
#25 18.15 [1050/1829] Building CXX object src/server/scripts/CMakeFiles/scripts.dir/OutdoorPvP/OutdoorPvPSI.cpp.o
#25 18.15 [1051/1829] Building CXX object src/server/scripts/CMakeFiles/scripts.dir/OutdoorPvP/OutdoorPvPZM.cpp.o
#25 18.15 [1052/1829] Building CXX object src/server/scripts/CMakeFiles/scripts.dir/OutdoorPvP/OutdoorPvPNA.cpp.o
#25 18.15 [1053/1829] Building CXX object src/server/scripts/CMakeFiles/scripts.dir/OutdoorPvP/OutdoorPvPEP.cpp.o
#25 18.16 [1054/1829] Building CXX object src/server/scripts/CMakeFiles/scripts.dir/OutdoorPvP/OutdoorPvPTF.cpp.o
#25 18.16 [1055/1829] Building CXX object src/server/scripts/CMakeFiles/scripts.dir/OutdoorPvP/outdoorpvp_script_loader.cpp.o
#25 18.16 [1056/1829] Building CXX object src/server/scripts/CMakeFiles/scripts.dir/Outland/outland_script_loader.cpp.o
#25 18.17 [1057/1829] Building CXX object src/server/scripts/CMakeFiles/scripts.dir/Outland/boss_doomlord_kazzak.cpp.o
#25 18.17 [1058/1829] Building CXX object src/server/scripts/CMakeFiles/scripts.dir/Outland/boss_doomwalker.cpp.o
#25 18.17 [1059/1829] Building CXX object src/server/scripts/CMakeFiles/scripts.dir/Outland/zone_blades_edge_mountains.cpp.o
#25 18.17 [1060/1829] Building CXX object src/server/scripts/CMakeFiles/scripts.dir/Outland/zone_nagrand.cpp.o
#25 18.17 [1061/1829] Building CXX object src/server/scripts/CMakeFiles/scripts.dir/Outland/zone_hellfire_peninsula.cpp.o
#25 18.18 [1062/1829] Building CXX object src/server/scripts/CMakeFiles/scripts.dir/Outland/zone_netherstorm.cpp.o
#25 18.19 [1063/1829] Building CXX object src/server/scripts/CMakeFiles/scripts.dir/Outland/zone_shadowmoon_valley.cpp.o
#25 18.20 [1064/1829] Building CXX object src/server/scripts/CMakeFiles/scripts.dir/Outland/zone_shattrath_city.cpp.o
#25 18.20 [1065/1829] Building CXX object src/server/scripts/CMakeFiles/scripts.dir/Outland/Auchindoun/AuchenaiCrypts/boss_exarch_maladaar.cpp.o
#25 18.20 [1066/1829] Building CXX object src/server/scripts/CMakeFiles/scripts.dir/Outland/zone_terokkar_forest.cpp.o
#25 18.20 [1067/1829] Building CXX object src/server/scripts/CMakeFiles/scripts.dir/Outland/Auchindoun/AuchenaiCrypts/instance_auchenai_crypts.cpp.o
#25 18.20 [1068/1829] Building CXX object src/server/scripts/CMakeFiles/scripts.dir/Outland/Auchindoun/AuchenaiCrypts/boss_shirrak_the_dead_watcher.cpp.o
#25 18.21 [1069/1829] Building CXX object src/server/scripts/CMakeFiles/scripts.dir/Outland/Auchindoun/ManaTombs/boss_pandemonius.cpp.o
#25 18.21 [1070/1829] Building CXX object src/server/scripts/CMakeFiles/scripts.dir/Outland/Auchindoun/ManaTombs/boss_nexusprince_shaffar.cpp.o
#25 18.21 [1071/1829] Building CXX object src/server/scripts/CMakeFiles/scripts.dir/Outland/Auchindoun/ManaTombs/boss_tavarok.cpp.o
#25 18.22 [1072/1829] Building CXX object src/server/scripts/CMakeFiles/scripts.dir/Outland/Auchindoun/SethekkHalls/boss_darkweaver_syth.cpp.o
#25 18.22 [1073/1829] Building CXX object src/server/scripts/CMakeFiles/scripts.dir/Outland/Auchindoun/ManaTombs/instance_mana_tombs.cpp.o
#25 18.22 [1074/1829] Building CXX object src/server/scripts/CMakeFiles/scripts.dir/Outland/Auchindoun/SethekkHalls/boss_anzu.cpp.o
#25 18.22 [1075/1829] Building CXX object src/server/scripts/CMakeFiles/scripts.dir/Outland/Auchindoun/SethekkHalls/boss_talon_king_ikiss.cpp.o
#25 18.23 [1076/1829] Building CXX object src/server/scripts/CMakeFiles/scripts.dir/Outland/Auchindoun/ShadowLabyrinth/boss_ambassador_hellmaw.cpp.o
#25 18.24 [1077/1829] Building CXX object src/server/scripts/CMakeFiles/scripts.dir/Outland/Auchindoun/SethekkHalls/instance_sethekk_halls.cpp.o
#25 18.24 [1078/1829] Building CXX object src/server/scripts/CMakeFiles/scripts.dir/Outland/Auchindoun/ShadowLabyrinth/boss_blackheart_the_inciter.cpp.o
#25 18.24 [1079/1829] Building CXX object src/server/scripts/CMakeFiles/scripts.dir/Outland/Auchindoun/ShadowLabyrinth/boss_grandmaster_vorpil.cpp.o
#25 18.25 [1080/1829] Building CXX object src/server/scripts/CMakeFiles/scripts.dir/Outland/Auchindoun/ShadowLabyrinth/boss_murmur.cpp.o
#25 18.26 [1081/1829] Building CXX object src/server/scripts/CMakeFiles/scripts.dir/Outland/BlackTemple/boss_bloodboil.cpp.o
#25 18.26 [1082/1829] Building CXX object src/server/scripts/CMakeFiles/scripts.dir/Outland/Auchindoun/ShadowLabyrinth/instance_shadow_labyrinth.cpp.o
#25 18.27 [1083/1829] Building CXX object src/server/scripts/CMakeFiles/scripts.dir/Outland/BlackTemple/boss_illidari_council.cpp.o
#25 18.27 [1084/1829] Building CXX object src/server/scripts/CMakeFiles/scripts.dir/Outland/BlackTemple/boss_illidan.cpp.o
#25 18.27 [1085/1829] Building CXX object src/server/scripts/CMakeFiles/scripts.dir/Outland/BlackTemple/boss_mother_shahraz.cpp.o
#25 18.27 [1086/1829] Building CXX object src/server/scripts/CMakeFiles/scripts.dir/Outland/BlackTemple/boss_reliquary_of_souls.cpp.o
#25 18.27 [1087/1829] Building CXX object src/server/scripts/CMakeFiles/scripts.dir/Outland/BlackTemple/boss_shade_of_akama.cpp.o
#25 18.28 [1088/1829] Building CXX object src/server/scripts/CMakeFiles/scripts.dir/Outland/BlackTemple/boss_supremus.cpp.o
#25 18.28 [1089/1829] Building CXX object src/server/scripts/CMakeFiles/scripts.dir/Outland/BlackTemple/boss_teron_gorefiend.cpp.o
#25 18.28 [1090/1829] Building CXX object src/server/scripts/CMakeFiles/scripts.dir/Outland/BlackTemple/boss_warlord_najentus.cpp.o
#25 18.28 [1091/1829] Building CXX object src/server/scripts/CMakeFiles/scripts.dir/Outland/BlackTemple/instance_black_temple.cpp.o
#25 18.29 [1092/1829] Building CXX object src/server/scripts/CMakeFiles/scripts.dir/Outland/CoilfangReservoir/SerpentShrine/boss_fathomlord_karathress.cpp.o
#25 18.30 [1093/1829] Building CXX object src/server/scripts/CMakeFiles/scripts.dir/Outland/CoilfangReservoir/SerpentShrine/boss_hydross_the_unstable.cpp.o
#25 18.30 [1094/1829] Building CXX object src/server/scripts/CMakeFiles/scripts.dir/Outland/CoilfangReservoir/SerpentShrine/boss_lady_vashj.cpp.o
#25 18.30 [1095/1829] Building CXX object src/server/scripts/CMakeFiles/scripts.dir/Outland/CoilfangReservoir/SerpentShrine/boss_leotheras_the_blind.cpp.o
#25 18.30 [1096/1829] Building CXX object src/server/scripts/CMakeFiles/scripts.dir/Outland/CoilfangReservoir/SerpentShrine/boss_lurker_below.cpp.o
#25 18.31 [1097/1829] Building CXX object src/server/scripts/CMakeFiles/scripts.dir/Outland/CoilfangReservoir/SerpentShrine/boss_morogrim_tidewalker.cpp.o
#25 18.31 [1098/1829] Building CXX object src/server/scripts/CMakeFiles/scripts.dir/Outland/CoilfangReservoir/SerpentShrine/instance_serpent_shrine.cpp.o
#25 18.31 [1099/1829] Building CXX object src/server/scripts/CMakeFiles/scripts.dir/Outland/CoilfangReservoir/SlavePens/the_slave_pens.cpp.o
#25 18.32 [1100/1829] Building CXX object src/server/scripts/CMakeFiles/scripts.dir/Outland/CoilfangReservoir/SlavePens/instance_the_slave_pens.cpp.o
#25 18.32 [1101/1829] Building CXX object src/server/scripts/CMakeFiles/scripts.dir/Outland/CoilfangReservoir/SlavePens/boss_ahune.cpp.o
#25 18.32 [1102/1829] Building CXX object src/server/scripts/CMakeFiles/scripts.dir/Outland/CoilfangReservoir/SlavePens/boss_mennu_the_betrayer.cpp.o
#25 18.32 [1103/1829] Building CXX object src/server/scripts/CMakeFiles/scripts.dir/Outland/CoilfangReservoir/SlavePens/boss_quagmirran.cpp.o
#25 18.32 [1104/1829] Building CXX object src/server/scripts/CMakeFiles/scripts.dir/Outland/CoilfangReservoir/SlavePens/boss_rokmar_the_crackler.cpp.o
#25 18.32 [1105/1829] Building CXX object src/server/scripts/CMakeFiles/scripts.dir/Outland/CoilfangReservoir/SteamVault/boss_hydromancer_thespia.cpp.o
#25 18.33 [1106/1829] Building CXX object src/server/scripts/CMakeFiles/scripts.dir/Outland/CoilfangReservoir/SteamVault/boss_mekgineer_steamrigger.cpp.o
#25 18.33 [1107/1829] Building CXX object src/server/scripts/CMakeFiles/scripts.dir/Outland/CoilfangReservoir/SteamVault/boss_warlord_kalithresh.cpp.o
#25 18.33 [1108/1829] Building CXX object src/server/scripts/CMakeFiles/scripts.dir/Outland/CoilfangReservoir/underbog/boss_hungarfen.cpp.o
#25 18.33 [1109/1829] Building CXX object src/server/scripts/CMakeFiles/scripts.dir/Outland/CoilfangReservoir/underbog/underbog.cpp.o
#25 18.34 [1110/1829] Building CXX object src/server/scripts/CMakeFiles/scripts.dir/Outland/GruulsLair/boss_gruul.cpp.o
#25 18.34 [1111/1829] Building CXX object src/server/scripts/CMakeFiles/scripts.dir/Outland/GruulsLair/boss_high_king_maulgar.cpp.o
#25 18.34 [1112/1829] Building CXX object src/server/scripts/CMakeFiles/scripts.dir/Outland/GruulsLair/instance_gruuls_lair.cpp.o
#25 18.34 [1113/1829] Building CXX object src/server/scripts/CMakeFiles/scripts.dir/Outland/HellfireCitadel/BloodFurnace/boss_broggok.cpp.o
#25 18.34 [1114/1829] Building CXX object src/server/scripts/CMakeFiles/scripts.dir/Outland/HellfireCitadel/BloodFurnace/boss_kelidan_the_breaker.cpp.o
#25 18.35 [1115/1829] Building CXX object src/server/scripts/CMakeFiles/scripts.dir/Outland/HellfireCitadel/BloodFurnace/boss_the_maker.cpp.o
#25 18.35 [1116/1829] Building CXX object src/server/scripts/CMakeFiles/scripts.dir/Outland/HellfireCitadel/BloodFurnace/instance_blood_furnace.cpp.o
#25 18.35 [1117/1829] Building CXX object src/server/scripts/CMakeFiles/scripts.dir/Outland/HellfireCitadel/HellfireRamparts/boss_omor_the_unscarred.cpp.o
#25 18.35 [1118/1829] Building CXX object src/server/scripts/CMakeFiles/scripts.dir/Outland/CoilfangReservoir/underbog/boss_ghazan.cpp.o
#25 18.35 [1119/1829] Building CXX object src/server/scripts/CMakeFiles/scripts.dir/Outland/HellfireCitadel/HellfireRamparts/boss_vazruden_the_herald.cpp.o
#25 18.35 [1120/1829] Building CXX object src/server/scripts/CMakeFiles/scripts.dir/Outland/CoilfangReservoir/SteamVault/instance_steam_vault.cpp.o
#25 18.36 [1121/1829] Building CXX object src/server/scripts/CMakeFiles/scripts.dir/Outland/HellfireCitadel/HellfireRamparts/instance_hellfire_ramparts.cpp.o
#25 18.36 [1122/1829] Building CXX object src/server/scripts/CMakeFiles/scripts.dir/Outland/CoilfangReservoir/underbog/boss_the_black_stalker.cpp.o
#25 18.36 [1123/1829] Building CXX object src/server/scripts/CMakeFiles/scripts.dir/Outland/CoilfangReservoir/underbog/instance_the_underbog.cpp.o
#25 18.36 [1124/1829] Building CXX object src/server/scripts/CMakeFiles/scripts.dir/Outland/HellfireCitadel/HellfireRamparts/boss_watchkeeper_gargolmar.cpp.o
#25 18.36 [1125/1829] Building CXX object src/server/scripts/CMakeFiles/scripts.dir/Outland/HellfireCitadel/MagtheridonsLair/instance_magtheridons_lair.cpp.o
#25 18.37 [1126/1829] Building CXX object src/server/scripts/CMakeFiles/scripts.dir/Outland/HellfireCitadel/MagtheridonsLair/boss_magtheridon.cpp.o
#25 18.37 [1127/1829] Building CXX object src/server/scripts/CMakeFiles/scripts.dir/Outland/HellfireCitadel/ShatteredHalls/boss_nethekurse.cpp.o
#25 18.37 [1128/1829] Building CXX object src/server/scripts/CMakeFiles/scripts.dir/Outland/CoilfangReservoir/underbog/boss_swamplord_muselek.cpp.o
#25 18.37 [1129/1829] Building CXX object src/server/scripts/CMakeFiles/scripts.dir/Outland/HellfireCitadel/ShatteredHalls/boss_porung.cpp.o
#25 18.37 [1130/1829] Building CXX object src/server/scripts/CMakeFiles/scripts.dir/Outland/HellfireCitadel/ShatteredHalls/boss_warbringer_omrogg.cpp.o
#25 18.37 [1131/1829] Building CXX object src/server/scripts/CMakeFiles/scripts.dir/Outland/HellfireCitadel/ShatteredHalls/boss_warchief_kargath_bladefist.cpp.o
#25 18.38 [1132/1829] Building CXX object src/server/scripts/CMakeFiles/scripts.dir/Outland/HellfireCitadel/ShatteredHalls/instance_shattered_halls.cpp.o
#25 18.38 [1133/1829] Building CXX object src/server/scripts/CMakeFiles/scripts.dir/Outland/TempestKeep/Eye/boss_alar.cpp.o
#25 18.38 [1134/1829] Building CXX object src/server/scripts/CMakeFiles/scripts.dir/Outland/TempestKeep/Eye/boss_astromancer.cpp.o
#25 18.38 [1135/1829] Building CXX object src/server/scripts/CMakeFiles/scripts.dir/Outland/TempestKeep/Eye/boss_kaelthas.cpp.o
#25 18.38 [1136/1829] Building CXX object src/server/scripts/CMakeFiles/scripts.dir/Outland/TempestKeep/Eye/boss_void_reaver.cpp.o
#25 18.39 [1137/1829] Building CXX object src/server/scripts/CMakeFiles/scripts.dir/Outland/TempestKeep/Eye/instance_the_eye.cpp.o
#25 18.39 [1138/1829] Building CXX object src/server/scripts/CMakeFiles/scripts.dir/Outland/TempestKeep/Mechanar/boss_gatewatcher_gyrokill.cpp.o
#25 18.39 [1139/1829] Building CXX object src/server/scripts/CMakeFiles/scripts.dir/Outland/TempestKeep/Mechanar/boss_gatewatcher_ironhand.cpp.o
#25 18.39 [1140/1829] Building CXX object src/server/scripts/CMakeFiles/scripts.dir/Outland/TempestKeep/Mechanar/boss_mechano_lord_capacitus.cpp.o
#25 18.39 [1141/1829] Building CXX object src/server/scripts/CMakeFiles/scripts.dir/Outland/TempestKeep/Mechanar/boss_nethermancer_sepethrea.cpp.o
#25 18.40 [1142/1829] Building CXX object src/server/scripts/CMakeFiles/scripts.dir/Outland/TempestKeep/Mechanar/boss_pathaleon_the_calculator.cpp.o
#25 18.40 [1143/1829] Building CXX object src/server/scripts/CMakeFiles/scripts.dir/Outland/TempestKeep/Mechanar/instance_mechanar.cpp.o
#25 18.40 [1144/1829] Building CXX object src/server/scripts/CMakeFiles/scripts.dir/Outland/TempestKeep/arcatraz/arcatraz.cpp.o
#25 18.40 [1145/1829] Building CXX object src/server/scripts/CMakeFiles/scripts.dir/Outland/TempestKeep/arcatraz/boss_dalliah_the_doomsayer.cpp.o
#25 18.40 [1146/1829] Building CXX object src/server/scripts/CMakeFiles/scripts.dir/Outland/TempestKeep/arcatraz/boss_harbinger_skyriss.cpp.o
#25 18.40 [1147/1829] Building CXX object src/server/scripts/CMakeFiles/scripts.dir/Outland/TempestKeep/arcatraz/boss_wrath_scryer_soccothrates.cpp.o
#25 18.41 [1148/1829] Building CXX object src/server/scripts/CMakeFiles/scripts.dir/Outland/TempestKeep/arcatraz/boss_zereketh_the_unbound.cpp.o
#25 18.41 [1149/1829] Building CXX object src/server/scripts/CMakeFiles/scripts.dir/Outland/TempestKeep/arcatraz/instance_arcatraz.cpp.o
#25 18.41 [1150/1829] Building CXX object src/server/scripts/CMakeFiles/scripts.dir/Outland/TempestKeep/botanica/boss_commander_sarannis.cpp.o
#25 18.41 [1151/1829] Building CXX object src/server/scripts/CMakeFiles/scripts.dir/Outland/TempestKeep/botanica/boss_high_botanist_freywinn.cpp.o
#25 18.41 [1152/1829] Building CXX object src/server/scripts/CMakeFiles/scripts.dir/Outland/TempestKeep/botanica/boss_laj.cpp.o
#25 18.42 [1153/1829] Building CXX object src/server/scripts/CMakeFiles/scripts.dir/Outland/TempestKeep/botanica/boss_thorngrin_the_tender.cpp.o
#25 18.42 [1154/1829] Building CXX object src/server/scripts/CMakeFiles/scripts.dir/Outland/TempestKeep/botanica/boss_warp_splinter.cpp.o
#25 18.42 [1155/1829] Building CXX object src/server/scripts/CMakeFiles/scripts.dir/Outland/TempestKeep/botanica/instance_the_botanica.cpp.o
#25 18.42 [1156/1829] Building CXX object src/server/scripts/CMakeFiles/scripts.dir/Pet/pet_dk.cpp.o
#25 18.42 [1157/1829] Building CXX object src/server/scripts/CMakeFiles/scripts.dir/Pet/pet_generic.cpp.o
#25 18.42 [1158/1829] Building CXX object src/server/scripts/CMakeFiles/scripts.dir/Pet/pet_hunter.cpp.o
#25 18.43 [1159/1829] Building CXX object src/server/scripts/CMakeFiles/scripts.dir/Pet/pet_mage.cpp.o
#25 18.43 [1160/1829] Building CXX object src/server/scripts/CMakeFiles/scripts.dir/Pet/pet_priest.cpp.o
#25 18.43 [1161/1829] Building CXX object src/server/scripts/CMakeFiles/scripts.dir/Pet/pet_shaman.cpp.o
#25 18.43 [1162/1829] Building CXX object src/server/scripts/CMakeFiles/scripts.dir/Pet/pets_script_loader.cpp.o
#25 18.44 [1163/1829] Building CXX object src/server/scripts/CMakeFiles/scripts.dir/Spells/spell_dk.cpp.o
#25 18.44 [1164/1829] Building CXX object src/server/scripts/CMakeFiles/scripts.dir/Spells/spell_druid.cpp.o
#25 18.44 [1165/1829] Building CXX object src/server/scripts/CMakeFiles/scripts.dir/Spells/spell_generic.cpp.o
#25 18.44 [1166/1829] Building CXX object src/server/scripts/CMakeFiles/scripts.dir/Spells/spell_hunter.cpp.o
#25 18.44 [1167/1829] Building CXX object src/server/scripts/CMakeFiles/scripts.dir/Spells/spell_mage.cpp.o
#25 18.45 [1168/1829] Building CXX object src/server/scripts/CMakeFiles/scripts.dir/Spells/spell_paladin.cpp.o
#25 18.45 [1169/1829] Building CXX object src/server/scripts/CMakeFiles/scripts.dir/Spells/spell_item.cpp.o
#25 18.45 [1170/1829] Building CXX object src/server/scripts/CMakeFiles/scripts.dir/Spells/spell_priest.cpp.o
#25 18.45 [1171/1829] Building CXX object src/server/scripts/CMakeFiles/scripts.dir/Spells/spell_quest.cpp.o
#25 18.45 [1172/1829] Building CXX object src/server/scripts/CMakeFiles/scripts.dir/Spells/spell_rogue.cpp.o
#25 18.45 [1173/1829] Building CXX object src/server/scripts/CMakeFiles/scripts.dir/Spells/spell_shaman.cpp.o
#25 18.46 [1174/1829] Building CXX object src/server/scripts/CMakeFiles/scripts.dir/Spells/spell_warlock.cpp.o
#25 18.46 [1175/1829] Building CXX object src/server/scripts/CMakeFiles/scripts.dir/Spells/spells_script_loader.cpp.o
#25 18.46 [1176/1829] Building CXX object src/server/scripts/CMakeFiles/scripts.dir/World/achievement_scripts.cpp.o
#25 18.46 [1177/1829] Building CXX object src/server/scripts/CMakeFiles/scripts.dir/Spells/spell_warrior.cpp.o
#25 18.46 [1178/1829] Building CXX object src/server/scripts/CMakeFiles/scripts.dir/World/action_ip_logger.cpp.o
#25 18.47 [1179/1829] Building CXX object src/server/scripts/CMakeFiles/scripts.dir/World/areatrigger_scripts.cpp.o
#25 18.47 [1180/1829] Building CXX object src/server/scripts/CMakeFiles/scripts.dir/World/boss_emerald_dragons.cpp.o
#25 18.47 [1181/1829] Building CXX object src/server/scripts/CMakeFiles/scripts.dir/World/chat_log.cpp.o
#25 18.47 [1182/1829] Building CXX object src/server/scripts/CMakeFiles/scripts.dir/World/go_scripts.cpp.o
#25 18.47 [1183/1829] Building CXX object src/server/scripts/CMakeFiles/scripts.dir/World/item_scripts.cpp.o
#25 18.47 [1184/1829] Building CXX object src/server/scripts/CMakeFiles/scripts.dir/World/guards.cpp.o
#25 18.48 [1185/1829] Building CXX object src/server/scripts/CMakeFiles/scripts.dir/World/mob_generic_creature.cpp.o
#25 18.48 [1186/1829] Building CXX object src/server/scripts/CMakeFiles/scripts.dir/World/npc_innkeeper.cpp.o
#25 18.48 [1187/1829] Building CXX object src/server/scripts/CMakeFiles/scripts.dir/World/npc_professions.cpp.o
#25 18.48 [1188/1829] Building CXX object src/server/scripts/CMakeFiles/scripts.dir/World/npc_stave_of_ancients.cpp.o
#25 18.48 [1189/1829] Building CXX object src/server/scripts/CMakeFiles/scripts.dir/World/npc_taxi.cpp.o
#25 18.48 [1190/1829] Building CXX object src/server/scripts/CMakeFiles/scripts.dir/World/player_scripts.cpp.o
#25 18.48 [1191/1829] Building CXX object src/server/scripts/CMakeFiles/scripts.dir/World/npcs_special.cpp.o
#25 18.49 [1192/1829] Building CXX object src/server/scripts/CMakeFiles/scripts.dir/World/scourge_invasion.cpp.o
#25 18.49 [1193/1829] Building CXX object src/server/scripts/CMakeFiles/scripts.dir/World/suns_reach_reclamation.cpp.o
#25 18.49 [1194/1829] Building CXX object src/server/scripts/CMakeFiles/scripts.dir/World/transport_zeppelins.cpp.o
#25 18.49 [1195/1829] Building CXX object src/server/scripts/CMakeFiles/scripts.dir/World/server_mail.cpp.o
#25 18.49 [1196/1829] Building CXX object src/server/scripts/CMakeFiles/scripts.dir/World/world_script_loader.cpp.o
#25 18.49 [1197/1829] Building CXX object src/tools/CMakeFiles/mmaps_generator.dir/mmaps_generator/IntermediateValues.cpp.o
#25 18.50 [1198/1829] Building CXX object src/tools/CMakeFiles/vmap4_assembler.dir/vmap4_assembler/VMapAssembler.cpp.o
#25 18.50 [1199/1829] Building CXX object src/tools/CMakeFiles/vmap4_extractor.dir/vmap4_extractor/dbcfile.cpp.o
#25 18.50 [1200/1829] Building CXX object src/tools/CMakeFiles/vmap4_extractor.dir/vmap4_extractor/adtfile.cpp.o
#25 18.50 [1201/1829] Building CXX object src/tools/CMakeFiles/vmap4_extractor.dir/vmap4_extractor/gameobject_extract.cpp.o
#25 18.51 [1202/1829] Building CXX object src/tools/CMakeFiles/mmaps_generator.dir/mmaps_generator/MapBuilder.cpp.o
#25 18.51 [1203/1829] Building CXX object src/tools/CMakeFiles/mmaps_generator.dir/mmaps_generator/PathGenerator.cpp.o
#25 18.51 [1204/1829] Building CXX object src/tools/CMakeFiles/mmaps_generator.dir/mmaps_generator/TerrainBuilder.cpp.o
#25 18.51 [1205/1829] Building CXX object src/tools/CMakeFiles/vmap4_extractor.dir/vmap4_extractor/model.cpp.o
#25 18.51 [1206/1829] Building CXX object src/tools/CMakeFiles/vmap4_extractor.dir/vmap4_extractor/mpq_libmpq.cpp.o
#25 18.52 [1207/1829] Building CXX object src/tools/CMakeFiles/vmap4_extractor.dir/vmap4_extractor/vmapexport.cpp.o
#25 18.52 [1208/1829] Building CXX object src/tools/CMakeFiles/map_extractor.dir/map_extractor/adt.cpp.o
#25 18.52 [1209/1829] Building CXX object src/tools/CMakeFiles/vmap4_extractor.dir/vmap4_extractor/wdtfile.cpp.o
#25 18.52 [1210/1829] Building CXX object src/tools/CMakeFiles/map_extractor.dir/map_extractor/System.cpp.o
#25 18.52 [1211/1829] Building CXX object src/tools/CMakeFiles/vmap4_extractor.dir/vmap4_extractor/wmo.cpp.o
#25 18.52 [1212/1829] Building CXX object src/tools/CMakeFiles/map_extractor.dir/map_extractor/mpq_libmpq.cpp.o
#25 18.53 [1213/1829] Building CXX object src/tools/CMakeFiles/map_extractor.dir/map_extractor/dbcfile.cpp.o
#25 18.53 [1214/1829] Building CXX object src/tools/CMakeFiles/map_extractor.dir/map_extractor/wdt.cpp.o
#25 18.53 [1215/1829] Building CXX object src/tools/CMakeFiles/map_extractor.dir/map_extractor/loadlib.cpp.o
#25 18.54 [1216/1829] Building CXX object modules/CMakeFiles/modules.dir/mod-playerbots/src/Ai/Base/Actions/EquipGlyphsAction.cpp.o
#25 18.54 [1217/1829] Building CXX object modules/CMakeFiles/modules.dir/mod-playerbots/src/Ai/Base/Actions/EquipAction.cpp.o
#25 18.54 [1218/1829] Building CXX object modules/CMakeFiles/modules.dir/mod-playerbots/src/Ai/Base/Actions/FishingAction.cpp.o
#25 18.54 [1219/1829] Building CXX object modules/CMakeFiles/modules.dir/mod-playerbots/src/Ai/Base/Actions/FlagAction.cpp.o
#25 18.55 [1220/1829] Building CXX object modules/CMakeFiles/modules.dir/mod-playerbots/src/Ai/Base/Actions/FollowActions.cpp.o
#25 18.55 [1221/1829] Building CXX object modules/CMakeFiles/modules.dir/mod-playerbots/src/Ai/Base/Actions/GenericActions.cpp.o
#25 18.55 [1222/1829] Building CXX object modules/CMakeFiles/modules.dir/mod-playerbots/src/Ai/Base/Actions/GenericSpellActions.cpp.o
#25 18.55 [1223/1829] Building CXX object src/tools/CMakeFiles/dbimport.dir/dbimport/Main.cpp.o
#25 18.55 [1224/1829] Building CXX object modules/CMakeFiles/modules.dir/mod-playerbots/src/Ai/Base/Actions/GiveItemAction.cpp.o
#25 18.56 [1225/1829] Building CXX object modules/CMakeFiles/modules.dir/mod-playerbots/src/Ai/Base/Actions/GoAction.cpp.o
#25 18.56 [1226/1829] Building CXX object modules/CMakeFiles/modules.dir/mod-playerbots/src/Ai/Base/Actions/GossipHelloAction.cpp.o
#25 18.56 [1227/1829] Building CXX object src/tools/CMakeFiles/mmaps_generator.dir/mmaps_generator/Config.cpp.o
#25 18.57 [1228/1829] Building CXX object modules/CMakeFiles/modules.dir/mod-playerbots/src/Ai/Base/Actions/GuildAcceptAction.cpp.o
#25 18.57 [1229/1829] Building CXX object modules/CMakeFiles/modules.dir/mod-playerbots/src/Ai/Base/Actions/GreetAction.cpp.o
#25 18.57 [1230/1829] Building CXX object modules/CMakeFiles/modules.dir/mod-playerbots/src/Ai/Base/Actions/GuildBankAction.cpp.o
#25 18.58 [1231/1829] Building CXX object modules/CMakeFiles/modules.dir/mod-playerbots/src/Ai/Base/Actions/GuildCreateActions.cpp.o
#25 18.58 [1232/1829] Building CXX object modules/CMakeFiles/modules.dir/mod-playerbots/src/Ai/Base/Actions/GuildManagementActions.cpp.o
#25 18.58 [1233/1829] Building CXX object modules/CMakeFiles/modules.dir/mod-playerbots/src/Ai/Base/Actions/HireAction.cpp.o
#25 18.58 [1234/1829] Building CXX object modules/CMakeFiles/modules.dir/mod-playerbots/src/Ai/Base/Actions/ImbueAction.cpp.o
#25 18.58 [1235/1829] Building CXX object modules/CMakeFiles/modules.dir/mod-playerbots/src/Ai/Base/Actions/HelpAction.cpp.o
#25 18.59 [1236/1829] Building CXX object modules/CMakeFiles/modules.dir/mod-playerbots/src/Ai/Base/Actions/InventoryAction.cpp.o
#25 18.59 [1237/1829] Building CXX object modules/CMakeFiles/modules.dir/mod-playerbots/src/Ai/Base/Actions/InventoryChangeFailureAction.cpp.o
#25 18.59 [1238/1829] Building CXX object modules/CMakeFiles/modules.dir/mod-playerbots/src/Ai/Base/Actions/InviteToGroupAction.cpp.o
#25 18.60 [1239/1829] Building CXX object modules/CMakeFiles/modules.dir/mod-playerbots/src/Ai/Base/Actions/ListSpellsAction.cpp.o
#25 18.61 [1240/1829] Building CXX object modules/CMakeFiles/modules.dir/mod-playerbots/src/Ai/Base/Actions/LeaveGroupAction.cpp.o
#25 18.61 [1241/1829] Building CXX object modules/CMakeFiles/modules.dir/mod-playerbots/src/Ai/Base/Actions/LfgActions.cpp.o
#25 18.61 [1242/1829] Building CXX object modules/CMakeFiles/modules.dir/mod-playerbots/src/Ai/Base/Actions/ListQuestsActions.cpp.o
#25 18.61 [1243/1829] Building CXX object modules/CMakeFiles/modules.dir/mod-playerbots/src/Ai/Base/Actions/LogLevelAction.cpp.o
#25 18.61 [1244/1829] Building CXX object modules/CMakeFiles/modules.dir/mod-playerbots/src/Ai/Base/Actions/LootAction.cpp.o
#25 18.62 [1245/1829] Building CXX object modules/CMakeFiles/modules.dir/mod-playerbots/src/Ai/Base/Actions/LootStrategyAction.cpp.o
#25 18.62 [1246/1829] Building CXX object modules/CMakeFiles/modules.dir/mod-playerbots/src/Ai/Base/Actions/MailAction.cpp.o
#25 18.62 [1247/1829] Building CXX object modules/CMakeFiles/modules.dir/mod-playerbots/src/Ai/Base/Actions/MoveToRpgTargetAction.cpp.o
#25 18.63 [1248/1829] Building CXX object modules/CMakeFiles/modules.dir/mod-playerbots/src/Ai/Base/Actions/LootRollAction.cpp.o
#25 18.63 [1249/1829] Building CXX object modules/CMakeFiles/modules.dir/mod-playerbots/src/Ai/Base/Actions/MoveToTravelTargetAction.cpp.o
#25 18.63 [1250/1829] Building CXX object modules/CMakeFiles/modules.dir/mod-playerbots/src/Ai/Base/Actions/NonCombatActions.cpp.o
#25 18.64 [1251/1829] Building CXX object modules/CMakeFiles/modules.dir/mod-playerbots/src/Ai/Base/Actions/MovementActions.cpp.o
#25 18.64 [1252/1829] Building CXX object modules/CMakeFiles/modules.dir/mod-playerbots/src/Ai/Base/Actions/OpenItemAction.cpp.o
#25 18.64 [1253/1829] Building CXX object modules/CMakeFiles/modules.dir/mod-playerbots/src/Ai/Base/Actions/OutfitAction.cpp.o
#25 18.64 [1254/1829] Building CXX object modules/CMakeFiles/modules.dir/mod-playerbots/src/Ai/Base/Actions/PetsAction.cpp.o
#25 18.65 [1255/1829] Building CXX object modules/CMakeFiles/modules.dir/mod-playerbots/src/Ai/Base/Actions/PassLeadershipToMasterAction.cpp.o
#25 18.66 [1256/1829] Building CXX object modules/CMakeFiles/modules.dir/mod-playerbots/src/Ai/Base/Actions/PetitionSignAction.cpp.o
#25 18.66 [1257/1829] Building CXX object modules/CMakeFiles/modules.dir/mod-playerbots/src/Ai/Base/Actions/PositionAction.cpp.o
#25 18.66 [1258/1829] Building CXX object modules/CMakeFiles/modules.dir/mod-playerbots/src/Ai/Base/Actions/PullActions.cpp.o
#25 18.66 [1259/1829] Building CXX object modules/CMakeFiles/modules.dir/mod-playerbots/src/Ai/Base/Actions/QueryItemUsageAction.cpp.o
#25 18.67 [1260/1829] Building CXX object modules/CMakeFiles/modules.dir/mod-playerbots/src/Ai/Base/Actions/QueryQuestAction.cpp.o
#25 18.68 [1261/1829] Building CXX object modules/CMakeFiles/modules.dir/mod-playerbots/src/Ai/Base/Actions/RandomBotUpdateAction.cpp.o
#25 18.68 [1262/1829] Building CXX object modules/CMakeFiles/modules.dir/mod-playerbots/src/Ai/Base/Actions/RangeAction.cpp.o
#25 18.68 [1263/1829] Building CXX object modules/CMakeFiles/modules.dir/mod-playerbots/src/Ai/Base/Actions/RememberTaxiAction.cpp.o
#25 18.69 [1264/1829] Building CXX object modules/CMakeFiles/modules.dir/mod-playerbots/src/Ai/Base/Actions/QuestAction.cpp.o
#25 18.69 [1265/1829] Building CXX object modules/CMakeFiles/modules.dir/mod-playerbots/src/Ai/Base/Actions/QuestConfirmAcceptAction.cpp.o
#25 18.69 [1266/1829] Building CXX object modules/CMakeFiles/modules.dir/mod-playerbots/src/Ai/Base/Actions/ReachTargetActions.cpp.o
#25 18.70 [1267/1829] Building CXX object modules/CMakeFiles/modules.dir/mod-playerbots/src/Ai/Base/Actions/ReadyCheckAction.cpp.o
#25 18.70 [1268/1829] Building CXX object modules/CMakeFiles/modules.dir/mod-playerbots/src/Ai/Base/Actions/ReleaseSpiritAction.cpp.o
#25 18.70 [1269/1829] Building CXX object modules/CMakeFiles/modules.dir/mod-playerbots/src/Ai/Base/Actions/RemoveAuraAction.cpp.o
#25 18.70 [1270/1829] Building CXX object modules/CMakeFiles/modules.dir/mod-playerbots/src/Ai/Base/Actions/RepairAllAction.cpp.o
#25 18.71 [1271/1829] Building CXX object modules/CMakeFiles/modules.dir/mod-playerbots/src/Ai/Base/Actions/ResetAiAction.cpp.o
#25 18.71 [1272/1829] Building CXX object modules/CMakeFiles/modules.dir/mod-playerbots/src/Ai/Base/Actions/ResetInstancesAction.cpp.o
#25 18.72 [1273/1829] Building CXX object modules/CMakeFiles/modules.dir/mod-playerbots/src/Ai/Base/Actions/RtiAction.cpp.o
#25 18.72 [1274/1829] Building CXX object modules/CMakeFiles/modules.dir/mod-playerbots/src/Ai/Base/Actions/RevealGatheringItemAction.cpp.o
#25 18.72 [1275/1829] Building CXX object modules/CMakeFiles/modules.dir/mod-playerbots/src/Ai/Base/Actions/ReviveFromCorpseAction.cpp.o
#25 18.72 [1276/1829] Building CXX object modules/CMakeFiles/modules.dir/mod-playerbots/src/Ai/Base/Actions/RewardAction.cpp.o
#25 18.72 [1277/1829] Building CXX object modules/CMakeFiles/modules.dir/mod-playerbots/src/Ai/Base/Actions/RtscAction.cpp.o
#25 18.73 [1278/1829] Building CXX object modules/CMakeFiles/modules.dir/mod-playerbots/src/Ai/Base/Actions/SaveManaAction.cpp.o
#25 18.74 [1279/1829] Building CXX object modules/CMakeFiles/modules.dir/mod-playerbots/src/Ai/Base/Actions/SecurityCheckAction.cpp.o
#25 18.74 [1280/1829] Building CXX object modules/CMakeFiles/modules.dir/mod-playerbots/src/Ai/Base/Actions/SeeSpellAction.cpp.o
#25 18.74 [1281/1829] Building CXX object modules/CMakeFiles/modules.dir/mod-playerbots/src/Ai/Base/Actions/SayAction.cpp.o
#25 18.74 [1282/1829] Building CXX object modules/CMakeFiles/modules.dir/mod-playerbots/src/Ai/Base/Actions/SetCraftAction.cpp.o
#25 18.75 [1283/1829] Building CXX object modules/CMakeFiles/modules.dir/mod-playerbots/src/Ai/Base/Actions/SellAction.cpp.o
#25 18.75 [1284/1829] Building CXX object modules/CMakeFiles/modules.dir/mod-playerbots/src/Ai/Base/Actions/SendMailAction.cpp.o
#25 18.75 [1285/1829] Building CXX object modules/CMakeFiles/modules.dir/mod-playerbots/src/Ai/Base/Actions/SetHomeAction.cpp.o
#25 18.75 [1286/1829] Building CXX object modules/CMakeFiles/modules.dir/mod-playerbots/src/Ai/Base/Actions/SetFocusHealTargetsAction.cpp.o
#25 18.76 [1287/1829] Building CXX object modules/CMakeFiles/modules.dir/mod-playerbots/src/Ai/Base/Actions/ShareQuestAction.cpp.o
#25 18.76 [1288/1829] Building CXX object modules/CMakeFiles/modules.dir/mod-playerbots/src/Ai/Base/Actions/SkipSpellsListAction.cpp.o
#25 18.76 [1289/1829] Building CXX object modules/CMakeFiles/modules.dir/mod-playerbots/src/Ai/Base/Actions/StatsAction.cpp.o
#25 18.77 [1290/1829] Building CXX object modules/CMakeFiles/modules.dir/mod-playerbots/src/Ai/Base/Actions/StayActions.cpp.o
#25 18.77 [1291/1829] Building CXX object modules/CMakeFiles/modules.dir/mod-playerbots/src/Ai/Base/Actions/TameAction.cpp.o
#25 18.78 [1292/1829] Building CXX object modules/CMakeFiles/modules.dir/mod-playerbots/src/Ai/Base/Actions/TalkToQuestGiverAction.cpp.o
#25 18.78 [1293/1829] Building CXX object modules/CMakeFiles/modules.dir/mod-playerbots/src/Ai/Base/Actions/TeleportAction.cpp.o
#25 18.78 [1294/1829] Building CXX object modules/CMakeFiles/modules.dir/mod-playerbots/src/Ai/Base/Actions/TaxiAction.cpp.o
#25 18.78 [1295/1829] Building CXX object modules/CMakeFiles/modules.dir/mod-playerbots/src/Ai/Base/Actions/TellEmblemsAction.cpp.o
#25 18.79 [1296/1829] Building CXX object modules/CMakeFiles/modules.dir/mod-playerbots/src/Ai/Base/Actions/SuggestWhatToDoAction.cpp.o
#25 18.79 [1297/1829] Building CXX object modules/CMakeFiles/modules.dir/mod-playerbots/src/Ai/Base/Actions/TellCastFailedAction.cpp.o
#25 18.79 [1298/1829] Building CXX object modules/CMakeFiles/modules.dir/mod-playerbots/src/Ai/Base/Actions/TellGlyphsAction.cpp.o
#25 18.79 [1299/1829] Building CXX object modules/CMakeFiles/modules.dir/mod-playerbots/src/Ai/Base/Actions/TellItemCountAction.cpp.o
#25 18.80 [1300/1829] Linking CXX executable src/tools/map_extractor
#25 18.80 [1301/1829] Building CXX object modules/CMakeFiles/modules.dir/mod-playerbots/src/Ai/Base/Actions/TellLosAction.cpp.o
#25 18.80 [1302/1829] Building CXX object modules/CMakeFiles/modules.dir/mod-playerbots/src/Ai/Base/Actions/TellReputationAction.cpp.o
#25 18.80 [1303/1829] Building CXX object modules/CMakeFiles/modules.dir/mod-playerbots/src/Ai/Base/Actions/TellPvpStatsAction.cpp.o
#25 18.81 [1304/1829] Building CXX object modules/CMakeFiles/modules.dir/mod-playerbots/src/Ai/Base/Actions/TellMasterAction.cpp.o
#25 18.81 [1305/1829] Building CXX object modules/CMakeFiles/modules.dir/mod-playerbots/src/Ai/Base/Actions/TradeAction.cpp.o
#25 18.81 [1306/1829] Building CXX object modules/CMakeFiles/modules.dir/mod-playerbots/src/Ai/Base/Actions/TradeStatusExtendedAction.cpp.o
#25 18.82 [1307/1829] Building CXX object modules/CMakeFiles/modules.dir/mod-playerbots/src/Ai/Base/Actions/TellTargetAction.cpp.o
#25 18.82 [1308/1829] Building CXX object modules/CMakeFiles/modules.dir/mod-playerbots/src/Ai/Base/Actions/TradeValues.cpp.o
#25 18.82 [1309/1829] Building CXX object modules/CMakeFiles/modules.dir/mod-playerbots/src/Ai/Base/Actions/TradeStatusAction.cpp.o
#25 18.83 [1310/1829] Building CXX object modules/CMakeFiles/modules.dir/mod-playerbots/src/Ai/Base/Actions/TrainerAction.cpp.o
#25 18.83 [1311/1829] Building CXX object modules/CMakeFiles/modules.dir/mod-playerbots/src/Ai/Base/Actions/UnlockItemAction.cpp.o
#25 18.83 [1312/1829] Building CXX object modules/CMakeFiles/modules.dir/mod-playerbots/src/Ai/Base/Actions/UnequipAction.cpp.o
#25 18.83 [1313/1829] Building CXX object modules/CMakeFiles/modules.dir/mod-playerbots/src/Ai/Base/Actions/UnlockTradedItemAction.cpp.o
#25 18.84 [1314/1829] Building CXX object modules/CMakeFiles/modules.dir/mod-playerbots/src/Ai/Base/Actions/TravelAction.cpp.o
#25 18.84 [1315/1829] Building CXX object modules/CMakeFiles/modules.dir/mod-playerbots/src/Ai/Base/Actions/UseMeetingStoneAction.cpp.o
#25 18.85 [1316/1829] Building CXX object modules/CMakeFiles/modules.dir/mod-playerbots/src/Ai/Base/Actions/VehicleActions.cpp.o
#25 18.85 [1317/1829] Linking CXX executable src/tools/vmap4_extractor
#25 18.85 [1318/1829] Building CXX object modules/CMakeFiles/modules.dir/mod-playerbots/src/Ai/Base/Actions/UseItemAction.cpp.o
#25 18.85 [1319/1829] Building CXX object modules/CMakeFiles/modules.dir/mod-playerbots/src/Ai/Base/Actions/WorldBuffAction.cpp.o
#25 18.86 [1320/1829] Building CXX object modules/CMakeFiles/modules.dir/mod-playerbots/src/Ai/Base/Actions/WtsAction.cpp.o
#25 18.86 [1321/1829] Linking CXX executable src/tools/vmap4_assembler
#25 18.86 [1322/1829] Building CXX object modules/CMakeFiles/modules.dir/mod-playerbots/src/Ai/Base/Actions/WaitForAttackAction.cpp.o
#25 18.86 [1323/1829] Building CXX object modules/CMakeFiles/modules.dir/mod-playerbots/src/Ai/Base/Actions/WipeAction.cpp.o
#25 18.86 [1324/1829] Building CXX object modules/CMakeFiles/modules.dir/mod-playerbots/src/Ai/Base/Actions/WhoAction.cpp.o
#25 18.87 [1325/1829] Building CXX object modules/CMakeFiles/modules.dir/mod-playerbots/src/Ai/Base/Strategy/AggressiveStrategy.cpp.o
#25 18.87 [1326/1829] Building CXX object modules/CMakeFiles/modules.dir/mod-playerbots/src/Ai/Base/Actions/XpGainAction.cpp.o
#25 18.87 [1327/1829] Building CXX object modules/CMakeFiles/modules.dir/mod-playerbots/src/Ai/Base/Strategy/BattlegroundStrategy.cpp.o
#25 18.88 [1328/1829] Building CXX object modules/CMakeFiles/modules.dir/mod-playerbots/src/Ai/Base/Strategy/CastTimeStrategy.cpp.o
#25 18.88 [1329/1829] Building CXX object modules/CMakeFiles/modules.dir/mod-playerbots/src/Ai/Base/Strategy/CombatStrategy.cpp.o
#25 18.88 [1330/1829] Building CXX object modules/CMakeFiles/modules.dir/mod-playerbots/src/Ai/Base/Strategy/AttackEnemyPlayersStrategy.cpp.o
#25 18.88 [1331/1829] Building CXX object modules/CMakeFiles/modules.dir/mod-playerbots/src/Ai/Base/Strategy/ChatCommandHandlerStrategy.cpp.o
#25 18.89 [1332/1829] Building CXX object modules/CMakeFiles/modules.dir/mod-playerbots/src/Ai/Base/Strategy/ConserveManaStrategy.cpp.o
#25 18.89 [1333/1829] Building CXX object modules/CMakeFiles/modules.dir/mod-playerbots/src/Ai/Base/Strategy/DeadStrategy.cpp.o
#25 18.89 [1334/1829] Building CXX object modules/CMakeFiles/modules.dir/mod-playerbots/src/Ai/Base/Strategy/DebugStrategy.cpp.o
#25 18.89 [1335/1829] Building CXX object modules/CMakeFiles/modules.dir/mod-playerbots/src/Ai/Base/Strategy/DuelStrategy.cpp.o
#25 18.89 [1336/1829] Building CXX object modules/CMakeFiles/modules.dir/mod-playerbots/src/Ai/Base/Strategy/DpsAssistStrategy.cpp.o
#25 18.90 [1337/1829] Building CXX object modules/CMakeFiles/modules.dir/mod-playerbots/src/Ai/Base/Strategy/EmoteStrategy.cpp.o
#25 18.90 [1338/1829] Building CXX object modules/CMakeFiles/modules.dir/mod-playerbots/src/Ai/Base/Strategy/FleeStrategy.cpp.o
#25 18.90 [1339/1829] Building CXX object modules/CMakeFiles/modules.dir/mod-playerbots/src/Ai/Base/Strategy/FollowMasterStrategy.cpp.o
#25 18.90 [1340/1829] Building CXX object modules/CMakeFiles/modules.dir/mod-playerbots/src/Ai/Base/Strategy/GuardStrategy.cpp.o
#25 18.90 [1341/1829] Building CXX object modules/CMakeFiles/modules.dir/mod-playerbots/src/Ai/Base/Strategy/GrindingStrategy.cpp.o
#25 18.91 [1342/1829] Building CXX object modules/CMakeFiles/modules.dir/mod-playerbots/src/Ai/Base/Strategy/GroupStrategy.cpp.o
#25 18.91 [1343/1829] Building CXX object modules/CMakeFiles/modules.dir/mod-playerbots/src/Ai/Base/Strategy/GuildStrategy.cpp.o
#25 18.91 [1344/1829] Building CXX object modules/CMakeFiles/modules.dir/mod-playerbots/src/Ai/Base/Strategy/KiteStrategy.cpp.o
#25 18.92 [1345/1829] Building CXX object modules/CMakeFiles/modules.dir/mod-playerbots/src/Ai/Base/Strategy/LfgStrategy.cpp.o
#25 18.92 [1346/1829] Building CXX object modules/CMakeFiles/modules.dir/mod-playerbots/src/Ai/Base/Strategy/LootNonCombatStrategy.cpp.o
#25 18.92 [1347/1829] Building CXX object modules/CMakeFiles/modules.dir/mod-playerbots/src/Ai/Base/Strategy/MaintenanceStrategy.cpp.o
#25 18.92 [1348/1829] Building CXX object modules/CMakeFiles/modules.dir/mod-playerbots/src/Ai/Base/Strategy/MarkRtiStrategy.cpp.o
#25 18.93 [1349/1829] Building CXX object modules/CMakeFiles/modules.dir/mod-playerbots/src/Ai/Base/Strategy/MeleeCombatStrategy.cpp.o
#25 18.93 [1350/1829] Building CXX object modules/CMakeFiles/modules.dir/mod-playerbots/src/Ai/Base/Strategy/NonCombatStrategy.cpp.o
#25 18.93 [1351/1829] Building CXX object modules/CMakeFiles/modules.dir/mod-playerbots/src/Ai/Base/Strategy/PassThroughStrategy.cpp.o
#25 18.93 [1352/1829] Building CXX object modules/CMakeFiles/modules.dir/mod-playerbots/src/Ai/Base/Strategy/PassiveStrategy.cpp.o
#25 18.94 [1353/1829] Building CXX object modules/CMakeFiles/modules.dir/mod-playerbots/src/Ai/Base/Strategy/QuestStrategies.cpp.o
#25 18.94 [1354/1829] Building CXX object modules/CMakeFiles/modules.dir/mod-playerbots/src/Ai/Base/Strategy/RTSCStrategy.cpp.o
#25 18.95 [1355/1829] Building CXX object modules/CMakeFiles/modules.dir/mod-playerbots/src/Ai/Base/Strategy/PullStrategy.cpp.o
#25 18.95 [1356/1829] Building CXX object modules/CMakeFiles/modules.dir/mod-playerbots/src/Ai/Base/Strategy/RacialsStrategy.cpp.o
#25 18.95 [1357/1829] Building CXX object modules/CMakeFiles/modules.dir/mod-playerbots/src/Ai/Base/Strategy/RangedCombatStrategy.cpp.o
#25 18.95 [1358/1829] Building CXX object modules/CMakeFiles/modules.dir/mod-playerbots/src/Ai/Base/Strategy/ReturnStrategy.cpp.o
#25 18.96 [1359/1829] Building CXX object modules/CMakeFiles/modules.dir/mod-playerbots/src/Ai/Base/Strategy/MoveFromGroupStrategy.cpp.o
#25 18.97 [1360/1829] Building CXX object modules/CMakeFiles/modules.dir/mod-playerbots/src/Ai/Base/Strategy/RunawayStrategy.cpp.o
#25 18.97 [1361/1829] Building CXX object modules/CMakeFiles/modules.dir/mod-playerbots/src/Ai/Base/Strategy/SayStrategy.cpp.o
#25 18.97 [1362/1829] Building CXX object modules/CMakeFiles/modules.dir/mod-playerbots/src/Ai/Base/Strategy/StayStrategy.cpp.o
#25 ...

#5 [ac-db-import internal] load build context
#5 transferring context: 2.24GB 20.3s
#5 ...

#25 [ac-authserver build 8/8] RUN --mount=type=cache,target=/ccache,sharing=locked     --mount=type=bind,target=/azerothcore/.git,source=.git     git config --global --add safe.directory /azerothcore     && cmake /azerothcore        -G Ninja        -DCMAKE_INSTALL_PREFIX="/azerothcore/env/dist"         -DAPPS_BUILD="all"                                     -DTOOLS_BUILD="all"                          -DSCRIPTS="static"                                  -DMODULES="static"                                  -DWITH_WARNINGS="ON"                      -DCMAKE_BUILD_TYPE="RelWithDebInfo"                            -DCMAKE_CXX_COMPILER="clang++"                         -DCMAKE_C_COMPILER="clang"                             -DCMAKE_CXX_COMPILER_LAUNCHER="ccache"                 -DCMAKE_C_COMPILER_LAUNCHER="ccache"                   -DBoost_USE_STATIC_LIBS="ON"                        && cmake --build . --config "RelWithDebInfo" -j $(($(nproc) + 1))     && cmake --install . --config "RelWithDebInfo"
#25 18.97 [1363/1829] Building CXX object modules/CMakeFiles/modules.dir/mod-playerbots/src/Ai/Base/Strategy/TankAssistStrategy.cpp.o
#25 18.98 [1364/1829] Building CXX object modules/CMakeFiles/modules.dir/mod-playerbots/src/Ai/Base/Strategy/TellTargetStrategy.cpp.o
#25 18.98 [1365/1829] Building CXX object modules/CMakeFiles/modules.dir/mod-playerbots/src/Ai/Base/Strategy/ThreatStrategy.cpp.o
#25 18.98 [1366/1829] Building CXX object modules/CMakeFiles/modules.dir/mod-playerbots/src/Ai/Base/Strategy/TravelStrategy.cpp.o
#25 18.98 [1367/1829] Building CXX object modules/CMakeFiles/modules.dir/mod-playerbots/src/Ai/Base/Strategy/UseFoodStrategy.cpp.o
#25 18.98 [1368/1829] Building CXX object modules/CMakeFiles/modules.dir/mod-playerbots/src/Ai/Base/Strategy/UsePotionsStrategy.cpp.o
#25 18.99 [1369/1829] Building CXX object modules/CMakeFiles/modules.dir/mod-playerbots/src/Ai/Base/Strategy/WorldPacketHandlerStrategy.cpp.o
#25 18.99 [1370/1829] Building CXX object modules/CMakeFiles/modules.dir/mod-playerbots/src/Ai/Base/Trigger/BossAuraTriggers.cpp.o
#25 19.00 [1371/1829] Building CXX object modules/CMakeFiles/modules.dir/mod-playerbots/src/Ai/Base/Trigger/ChatCommandTrigger.cpp.o
#25 19.00 [1372/1829] Building CXX object modules/CMakeFiles/modules.dir/mod-playerbots/src/Ai/Base/Strategy/WaitForAttackStrategy.cpp.o
#25 19.00 [1373/1829] Building CXX object modules/CMakeFiles/modules.dir/mod-playerbots/src/Ai/Base/Trigger/CureTriggers.cpp.o
#25 19.00 [1374/1829] Building CXX object modules/CMakeFiles/modules.dir/mod-playerbots/src/Ai/Base/Trigger/GenericTriggers.cpp.o
#25 19.01 [1375/1829] Building CXX object modules/CMakeFiles/modules.dir/mod-playerbots/src/Ai/Base/Trigger/HealthTriggers.cpp.o
#25 19.01 [1376/1829] Building CXX object modules/CMakeFiles/modules.dir/mod-playerbots/src/Ai/Base/Trigger/LootTriggers.cpp.o
#25 19.01 [1377/1829] Building CXX object modules/CMakeFiles/modules.dir/mod-playerbots/src/Ai/Base/Trigger/PullTriggers.cpp.o
#25 19.02 [1378/1829] Building CXX object modules/CMakeFiles/modules.dir/mod-playerbots/src/Ai/Base/Trigger/PvpTriggers.cpp.o
#25 19.02 [1379/1829] Building CXX object modules/CMakeFiles/modules.dir/mod-playerbots/src/Ai/Base/Trigger/RangeTriggers.cpp.o
#25 19.02 [1380/1829] Building CXX object modules/CMakeFiles/modules.dir/mod-playerbots/src/Ai/Base/Trigger/FishingTriggers.cpp.o
#25 19.02 [1381/1829] Building CXX object modules/CMakeFiles/modules.dir/mod-playerbots/src/Ai/Base/Trigger/GuildTriggers.cpp.o
#25 19.03 [1382/1829] Building CXX object modules/CMakeFiles/modules.dir/mod-playerbots/src/Ai/Base/Trigger/LfgTriggers.cpp.o
#25 19.03 [1383/1829] Building CXX object modules/CMakeFiles/modules.dir/mod-playerbots/src/Ai/Base/Trigger/RpgTriggers.cpp.o
#25 19.03 [1384/1829] Building CXX object modules/CMakeFiles/modules.dir/mod-playerbots/src/Ai/Base/Trigger/RtiTriggers.cpp.o
#25 19.03 [1385/1829] Building CXX object modules/CMakeFiles/modules.dir/mod-playerbots/src/Ai/Base/Trigger/StuckTriggers.cpp.o
#25 19.04 [1386/1829] Building CXX object modules/CMakeFiles/modules.dir/mod-playerbots/src/Ai/Base/Trigger/TravelTriggers.cpp.o
#25 19.04 [1387/1829] Building CXX object modules/CMakeFiles/modules.dir/mod-playerbots/src/Ai/Base/Trigger/WithinAreaTrigger.cpp.o
#25 19.04 [1388/1829] Building CXX object modules/CMakeFiles/modules.dir/mod-playerbots/src/Ai/Base/Trigger/WorldPacketTrigger.cpp.o
#25 19.04 [1389/1829] Building CXX object modules/CMakeFiles/modules.dir/mod-playerbots/src/Ai/Base/Util/GenericBuffUtils.cpp.o
#25 19.05 [1390/1829] Building CXX object modules/CMakeFiles/modules.dir/mod-playerbots/src/Ai/Base/Value/ActiveSpellValue.cpp.o
#25 19.05 [1391/1829] Building CXX object modules/CMakeFiles/modules.dir/mod-playerbots/src/Ai/Base/Value/AggressiveTargetValue.cpp.o
#25 19.05 [1392/1829] Building CXX object modules/CMakeFiles/modules.dir/mod-playerbots/src/Ai/Base/Value/AlwaysLootListValue.cpp.o
#25 19.05 [1393/1829] Building CXX object modules/CMakeFiles/modules.dir/mod-playerbots/src/Ai/Base/Value/AoeHealValues.cpp.o
#25 19.06 [1394/1829] Building CXX object modules/CMakeFiles/modules.dir/mod-playerbots/src/Ai/Base/Value/AoeValues.cpp.o
#25 19.06 [1395/1829] Building CXX object modules/CMakeFiles/modules.dir/mod-playerbots/src/Ai/Base/Value/Arrow.cpp.o
#25 19.06 [1396/1829] Building CXX object modules/CMakeFiles/modules.dir/mod-playerbots/src/Ai/Base/Value/AttackerCountValues.cpp.o
#25 19.06 [1397/1829] Building CXX object modules/CMakeFiles/modules.dir/mod-playerbots/src/Ai/Base/Value/AttackerWithoutAuraTargetValue.cpp.o
#25 19.07 [1398/1829] Building CXX object modules/CMakeFiles/modules.dir/mod-playerbots/src/Ai/Base/Value/AvailableLootValue.cpp.o
#25 19.07 [1399/1829] Building CXX object modules/CMakeFiles/modules.dir/mod-playerbots/src/Ai/Base/Value/AttackersValue.cpp.o
#25 19.07 [1400/1829] Building CXX object modules/CMakeFiles/modules.dir/mod-playerbots/src/Ai/Base/Value/BudgetValues.cpp.o
#25 19.08 [1401/1829] Building CXX object modules/CMakeFiles/modules.dir/mod-playerbots/src/Ai/Base/Value/CcTargetValue.cpp.o
#25 19.08 [1402/1829] Building CXX object modules/CMakeFiles/modules.dir/mod-playerbots/src/Ai/Base/Value/CollisionValue.cpp.o
#25 19.08 [1403/1829] Building CXX object modules/CMakeFiles/modules.dir/mod-playerbots/src/Ai/Base/Value/CurrentCcTargetValue.cpp.o
#25 19.09 [1404/1829] Building CXX object modules/CMakeFiles/modules.dir/mod-playerbots/src/Ai/Base/Value/CurrentTargetValue.cpp.o
#25 19.09 [1405/1829] Building CXX object modules/CMakeFiles/modules.dir/mod-playerbots/src/Ai/Base/Value/DistanceValue.cpp.o
#25 19.09 [1406/1829] Building CXX object modules/CMakeFiles/modules.dir/mod-playerbots/src/Ai/Base/Value/DpsTargetValue.cpp.o
#25 19.09 [1407/1829] Building CXX object modules/CMakeFiles/modules.dir/mod-playerbots/src/Ai/Base/Value/EnemyHealerTargetValue.cpp.o
#25 19.10 [1408/1829] Building CXX object modules/CMakeFiles/modules.dir/mod-playerbots/src/Ai/Base/Value/DuelTargetValue.cpp.o
#25 19.10 [1409/1829] Building CXX object modules/CMakeFiles/modules.dir/mod-playerbots/src/Ai/Base/Value/EnemyPlayerValue.cpp.o
#25 19.10 [1410/1829] Building CXX object modules/CMakeFiles/modules.dir/mod-playerbots/src/Ai/Base/Value/EstimatedLifetimeValue.cpp.o
#25 19.10 [1411/1829] Building CXX object modules/CMakeFiles/modules.dir/mod-playerbots/src/Ai/Base/Value/FishValues.cpp.o
#25 19.11 [1412/1829] Linking CXX executable src/tools/mmaps_generator
#25 19.11 [1413/1829] Building CXX object modules/CMakeFiles/modules.dir/mod-playerbots/src/Ai/Base/Value/Formations.cpp.o
#25 19.11 [1414/1829] Building CXX object modules/CMakeFiles/modules.dir/mod-playerbots/src/Ai/Base/Value/GrindTargetValue.cpp.o
#25 19.11 [1415/1829] Building CXX object modules/CMakeFiles/modules.dir/mod-playerbots/src/Ai/Base/Value/GuildValues.cpp.o
#25 19.12 [1416/1829] Building CXX object modules/CMakeFiles/modules.dir/mod-playerbots/src/Ai/Base/Value/HasAvailableLootValue.cpp.o
#25 19.12 [1417/1829] Building CXX object modules/CMakeFiles/modules.dir/mod-playerbots/src/Ai/Base/Value/HasTotemValue.cpp.o
#25 19.12 [1418/1829] Building CXX object modules/CMakeFiles/modules.dir/mod-playerbots/src/Ai/Base/Value/GroupLeaderValue.cpp.o
#25 19.12 [1419/1829] Building CXX object modules/CMakeFiles/modules.dir/mod-playerbots/src/Ai/Base/Value/GroupValues.cpp.o
#25 19.13 [1420/1829] Building CXX object modules/CMakeFiles/modules.dir/mod-playerbots/src/Ai/Base/Value/InvalidTargetValue.cpp.o
#25 19.13 [1421/1829] Building CXX object modules/CMakeFiles/modules.dir/mod-playerbots/src/Ai/Base/Value/IsBehindValue.cpp.o
#25 19.13 [1422/1829] Building CXX object modules/CMakeFiles/modules.dir/mod-playerbots/src/Ai/Base/Value/IsFacingValue.cpp.o
#25 19.13 [1423/1829] Building CXX object modules/CMakeFiles/modules.dir/mod-playerbots/src/Ai/Base/Value/IsMovingValue.cpp.o
#25 19.13 [1424/1829] Building CXX object modules/CMakeFiles/modules.dir/mod-playerbots/src/Ai/Base/Value/ItemCountValue.cpp.o
#25 19.14 [1425/1829] Building CXX object modules/CMakeFiles/modules.dir/mod-playerbots/src/Ai/Base/Value/ItemForSpellValue.cpp.o
#25 19.14 [1426/1829] Building CXX object modules/CMakeFiles/modules.dir/mod-playerbots/src/Ai/Base/Value/LastMovementValue.cpp.o
#25 19.14 [1427/1829] Building CXX object modules/CMakeFiles/modules.dir/mod-playerbots/src/Ai/Base/Value/ItemUsageValue.cpp.o
#25 19.14 [1428/1829] Building CXX object modules/CMakeFiles/modules.dir/mod-playerbots/src/Ai/Base/Value/LineTargetValue.cpp.o
#25 19.15 [1429/1829] Building CXX object modules/CMakeFiles/modules.dir/mod-playerbots/src/Ai/Base/Value/LootStrategyValue.cpp.o
#25 19.15 [1430/1829] Building CXX object modules/CMakeFiles/modules.dir/mod-playerbots/src/Ai/Base/Value/MaintenanceValues.cpp.o
#25 19.15 [1431/1829] Building CXX object modules/CMakeFiles/modules.dir/mod-playerbots/src/Ai/Base/Value/LastSpellCastValue.cpp.o
#25 19.16 [1432/1829] Building CXX object modules/CMakeFiles/modules.dir/mod-playerbots/src/Ai/Base/Value/LeastHpTargetValue.cpp.o
#25 19.16 [1433/1829] Building CXX object modules/CMakeFiles/modules.dir/mod-playerbots/src/Ai/Base/Value/LootValues.cpp.o
#25 19.16 [1434/1829] Building CXX object modules/CMakeFiles/modules.dir/mod-playerbots/src/Ai/Base/Value/NearestAdsValue.cpp.o
#25 19.16 [1435/1829] Building CXX object modules/CMakeFiles/modules.dir/mod-playerbots/src/Ai/Base/Value/NearestCorpsesValue.cpp.o
#25 19.17 [1436/1829] Building CXX object modules/CMakeFiles/modules.dir/mod-playerbots/src/Ai/Base/Value/NearestFriendlyPlayersValue.cpp.o
#25 19.17 [1437/1829] Building CXX object modules/CMakeFiles/modules.dir/mod-playerbots/src/Ai/Base/Value/NearestGameObjects.cpp.o
#25 19.17 [1438/1829] Building CXX object modules/CMakeFiles/modules.dir/mod-playerbots/src/Ai/Base/Value/NearestNonBotPlayersValue.cpp.o
#25 19.17 [1439/1829] Building CXX object modules/CMakeFiles/modules.dir/mod-playerbots/src/Ai/Base/Value/NewPlayerNearbyValue.cpp.o
#25 19.18 [1440/1829] Building CXX object modules/CMakeFiles/modules.dir/mod-playerbots/src/Ai/Base/Value/NearestNpcsValue.cpp.o
#25 19.18 [1441/1829] Building CXX object modules/CMakeFiles/modules.dir/mod-playerbots/src/Ai/Base/Value/NearestUnitsValue.cpp.o
#25 19.19 [1442/1829] Building CXX object modules/CMakeFiles/modules.dir/mod-playerbots/src/Ai/Base/Value/OutfitListValue.cpp.o
#25 19.19 [1443/1829] Building CXX object modules/CMakeFiles/modules.dir/mod-playerbots/src/Ai/Base/Value/PartyMemberSnaredTargetValue.cpp.o
#25 19.19 [1444/1829] Building CXX object modules/CMakeFiles/modules.dir/mod-playerbots/src/Ai/Base/Value/PartyMemberToDispel.cpp.o
#25 19.19 [1445/1829] Building CXX object modules/CMakeFiles/modules.dir/mod-playerbots/src/Ai/Base/Value/PartyMemberToHeal.cpp.o
#25 19.20 [1446/1829] Building CXX object modules/CMakeFiles/modules.dir/mod-playerbots/src/Ai/Base/Value/PartyMemberToResurrect.cpp.o
#25 19.20 [1447/1829] Building CXX object modules/CMakeFiles/modules.dir/mod-playerbots/src/Ai/Base/Value/PartyMemberValue.cpp.o
#25 19.20 [1448/1829] Building CXX object modules/CMakeFiles/modules.dir/mod-playerbots/src/Ai/Base/Value/PartyMemberWithoutAuraValue.cpp.o
#25 19.21 [1449/1829] Building CXX object modules/CMakeFiles/modules.dir/mod-playerbots/src/Ai/Base/Value/PetTargetValue.cpp.o
#25 19.21 [1450/1829] Building CXX object modules/CMakeFiles/modules.dir/mod-playerbots/src/Ai/Base/Value/PartyMemberWithoutItemValue.cpp.o
#25 19.21 [1451/1829] Building CXX object modules/CMakeFiles/modules.dir/mod-playerbots/src/Ai/Base/Value/PositionValue.cpp.o
#25 19.21 [1452/1829] Building CXX object modules/CMakeFiles/modules.dir/mod-playerbots/src/Ai/Base/Value/PossibleRpgTargetsValue.cpp.o
#25 19.22 [1453/1829] Building CXX object modules/CMakeFiles/modules.dir/mod-playerbots/src/Ai/Base/Value/RTSCValues.cpp.o
#25 19.22 [1454/1829] Building CXX object modules/CMakeFiles/modules.dir/mod-playerbots/src/Ai/Base/Value/PossibleTargetsValue.cpp.o
#25 19.22 [1455/1829] Building CXX object modules/CMakeFiles/modules.dir/mod-playerbots/src/Ai/Base/Value/PvpValues.cpp.o
#25 19.22 [1456/1829] Building CXX object modules/CMakeFiles/modules.dir/mod-playerbots/src/Ai/Base/Value/QuestValues.cpp.o
#25 19.23 [1457/1829] Building CXX object modules/CMakeFiles/modules.dir/mod-playerbots/src/Ai/Base/Value/RangeValues.cpp.o
#25 19.23 [1458/1829] Building CXX object modules/CMakeFiles/modules.dir/mod-playerbots/src/Ai/Base/Value/RtiTargetValue.cpp.o
#25 19.23 [1459/1829] Building CXX object modules/CMakeFiles/modules.dir/mod-playerbots/src/Ai/Base/Value/RtiValue.cpp.o
#25 19.23 [1460/1829] Building CXX object modules/CMakeFiles/modules.dir/mod-playerbots/src/Ai/Base/Value/SelfTargetValue.cpp.o
#25 19.23 [1461/1829] Building CXX object modules/CMakeFiles/modules.dir/mod-playerbots/src/Ai/Base/Value/SkipSpellsListValue.cpp.o
#25 19.24 [1462/1829] Building CXX object modules/CMakeFiles/modules.dir/mod-playerbots/src/Ai/Base/Value/SnareTargetValue.cpp.o
#25 19.24 [1463/1829] Building CXX object modules/CMakeFiles/modules.dir/mod-playerbots/src/Ai/Base/Value/SpellCastUsefulValue.cpp.o
#25 19.24 [1464/1829] Building CXX object modules/CMakeFiles/modules.dir/mod-playerbots/src/Ai/Base/Value/SpellIdValue.cpp.o
#25 19.24 [1465/1829] Building CXX object modules/CMakeFiles/modules.dir/mod-playerbots/src/Ai/Base/Value/Stances.cpp.o
#25 19.25 [1466/1829] Building CXX object modules/CMakeFiles/modules.dir/mod-playerbots/src/Ai/Base/Value/StatsValues.cpp.o
#25 19.25 [1467/1829] Building CXX object modules/CMakeFiles/modules.dir/mod-playerbots/src/Ai/Base/Value/TankTargetValue.cpp.o
#25 19.25 [1468/1829] Building CXX object modules/CMakeFiles/modules.dir/mod-playerbots/src/Ai/Base/Value/TargetValue.cpp.o
#25 19.25 [1469/1829] Building CXX object modules/CMakeFiles/modules.dir/mod-playerbots/src/Ai/Base/Value/ThreatValues.cpp.o
#25 19.26 [1470/1829] Building CXX object modules/CMakeFiles/modules.dir/mod-playerbots/src/Ai/Class/Dk/DKActions.cpp.o
#25 19.26 [1471/1829] Building CXX object modules/CMakeFiles/modules.dir/mod-playerbots/src/Ai/Class/Dk/DKTriggers.cpp.o
#25 19.26 [1472/1829] Building CXX object modules/CMakeFiles/modules.dir/mod-playerbots/src/Ai/Class/Dk/Strategy/BloodDKStrategy.cpp.o
#25 19.26 [1473/1829] Building CXX object modules/CMakeFiles/modules.dir/mod-playerbots/src/Ai/Class/Dk/Strategy/DeathKnightPullStrategy.cpp.o
#25 19.26 [1474/1829] Building CXX object modules/CMakeFiles/modules.dir/mod-playerbots/src/Ai/Class/Dk/Strategy/GenericDKNonCombatStrategy.cpp.o
#25 19.27 [1475/1829] Building CXX object modules/CMakeFiles/modules.dir/mod-playerbots/src/Ai/Class/Dk/Strategy/FrostDKStrategy.cpp.o
#25 19.27 [1476/1829] Building CXX object modules/CMakeFiles/modules.dir/mod-playerbots/src/Ai/Class/Dk/Strategy/GenericDKStrategy.cpp.o
#25 19.27 [1477/1829] Building CXX object modules/CMakeFiles/modules.dir/mod-playerbots/src/Ai/Class/Dk/DKAiObjectContext.cpp.o
#25 19.28 [1478/1829] Building CXX object modules/CMakeFiles/modules.dir/mod-playerbots/src/Ai/Class/Druid/DruidTriggers.cpp.o
#25 19.28 [1479/1829] Building CXX object modules/CMakeFiles/modules.dir/mod-playerbots/src/Ai/Class/Dk/Strategy/UnholyDKStrategy.cpp.o
#25 19.28 [1480/1829] Building CXX object modules/CMakeFiles/modules.dir/mod-playerbots/src/Ai/Class/Druid/Action/DruidBearActions.cpp.o
#25 19.28 [1481/1829] Building CXX object modules/CMakeFiles/modules.dir/mod-playerbots/src/Ai/Class/Druid/Action/DruidShapeshiftActions.cpp.o
#25 19.29 [1482/1829] Building CXX object modules/CMakeFiles/modules.dir/mod-playerbots/src/Ai/Class/Druid/Strategy/BalanceDruidStrategy.cpp.o
#25 19.29 [1483/1829] Building CXX object modules/CMakeFiles/modules.dir/mod-playerbots/src/Ai/Class/Druid/Strategy/CatDruidStrategy.cpp.o
#25 19.29 [1484/1829] Building CXX object modules/CMakeFiles/modules.dir/mod-playerbots/src/Ai/Class/Druid/DruidAiObjectContext.cpp.o
#25 19.29 [1485/1829] Building CXX object modules/CMakeFiles/modules.dir/mod-playerbots/src/Ai/Class/Druid/Action/DruidActions.cpp.o
#25 19.30 [1486/1829] Building CXX object modules/CMakeFiles/modules.dir/mod-playerbots/src/Ai/Class/Druid/Action/DruidCatActions.cpp.o
#25 19.30 [1487/1829] Building CXX object modules/CMakeFiles/modules.dir/mod-playerbots/src/Ai/Class/Druid/Strategy/BearDruidStrategy.cpp.o
#25 19.30 [1488/1829] Building CXX object modules/CMakeFiles/modules.dir/mod-playerbots/src/Ai/Class/Druid/Strategy/DruidPullStrategy.cpp.o
#25 19.30 [1489/1829] Building CXX object modules/CMakeFiles/modules.dir/mod-playerbots/src/Ai/Class/Druid/Strategy/FeralDruidStrategy.cpp.o
#25 19.31 [1490/1829] Building CXX object modules/CMakeFiles/modules.dir/mod-playerbots/src/Ai/Class/Druid/Strategy/GenericDruidNonCombatStrategy.cpp.o
#25 19.31 [1491/1829] Building CXX object modules/CMakeFiles/modules.dir/mod-playerbots/src/Ai/Class/Druid/Strategy/GenericDruidStrategy.cpp.o
#25 19.31 [1492/1829] Building CXX object modules/CMakeFiles/modules.dir/mod-playerbots/src/Ai/Class/Druid/Strategy/RestoDruidStrategy.cpp.o
#25 19.31 [1493/1829] Building CXX object modules/CMakeFiles/modules.dir/mod-playerbots/src/Ai/Class/Hunter/HunterActions.cpp.o
#25 19.31 [1494/1829] Building CXX object modules/CMakeFiles/modules.dir/mod-playerbots/src/Ai/Class/Hunter/Strategy/GenericHunterStrategy.cpp.o
#25 19.32 [1495/1829] Building CXX object modules/CMakeFiles/modules.dir/mod-playerbots/src/Ai/Class/Hunter/HunterAiObjectContext.cpp.o
#25 19.32 [1496/1829] Building CXX object modules/CMakeFiles/modules.dir/mod-playerbots/src/Ai/Class/Hunter/HunterTriggers.cpp.o
#25 19.32 [1497/1829] Building CXX object modules/CMakeFiles/modules.dir/mod-playerbots/src/Ai/Class/Hunter/Strategy/BeastMasteryHunterStrategy.cpp.o
#25 19.32 [1498/1829] Building CXX object modules/CMakeFiles/modules.dir/mod-playerbots/src/Ai/Class/Hunter/Strategy/GenericHunterNonCombatStrategy.cpp.o
#25 19.33 [1499/1829] Building CXX object modules/CMakeFiles/modules.dir/mod-playerbots/src/Ai/Class/Hunter/Strategy/HunterBuffStrategies.cpp.o
#25 19.33 [1500/1829] Building CXX object modules/CMakeFiles/modules.dir/mod-playerbots/src/Ai/Class/Hunter/Strategy/MarksmanshipHunterStrategy.cpp.o
#25 19.33 [1501/1829] Building CXX object modules/CMakeFiles/modules.dir/mod-playerbots/src/Ai/Class/Hunter/Strategy/SurvivalHunterStrategy.cpp.o
#25 19.33 [1502/1829] Building CXX object modules/CMakeFiles/modules.dir/mod-playerbots/src/Ai/Class/Mage/MageActions.cpp.o
#25 19.34 [1503/1829] Building CXX object modules/CMakeFiles/modules.dir/mod-playerbots/src/Ai/Class/Mage/MageAiObjectContext.cpp.o
#25 19.34 [1504/1829] Building CXX object modules/CMakeFiles/modules.dir/mod-playerbots/src/Ai/Class/Mage/MageTriggers.cpp.o
#25 19.35 [1505/1829] Building CXX object modules/CMakeFiles/modules.dir/mod-playerbots/src/Ai/Class/Mage/Strategy/ArcaneMageStrategy.cpp.o
#25 19.35 [1506/1829] Building CXX object modules/CMakeFiles/modules.dir/mod-playerbots/src/Ai/Class/Mage/Strategy/FireMageStrategy.cpp.o
#25 19.35 [1507/1829] Building CXX object modules/CMakeFiles/modules.dir/mod-playerbots/src/Ai/Class/Mage/Strategy/FrostFireMageStrategy.cpp.o
#25 19.35 [1508/1829] Building CXX object modules/CMakeFiles/modules.dir/mod-playerbots/src/Ai/Class/Mage/Strategy/FrostMageStrategy.cpp.o
#25 19.35 [1509/1829] Building CXX object modules/CMakeFiles/modules.dir/mod-playerbots/src/Ai/Class/Mage/Strategy/GenericMageNonCombatStrategy.cpp.o
#25 19.36 [1510/1829] Building CXX object modules/CMakeFiles/modules.dir/mod-playerbots/src/Ai/Class/Mage/Strategy/GenericMageStrategy.cpp.o
#25 19.36 [1511/1829] Building CXX object modules/CMakeFiles/modules.dir/mod-playerbots/src/Ai/Class/Paladin/PaladinTriggers.cpp.o
#25 19.36 [1512/1829] Building CXX object modules/CMakeFiles/modules.dir/mod-playerbots/src/Ai/Class/Paladin/PaladinAiObjectContext.cpp.o
#25 19.36 [1513/1829] Building CXX object modules/CMakeFiles/modules.dir/mod-playerbots/src/Ai/Class/Paladin/Actions/PaladinActions.cpp.o
#25 19.36 [1514/1829] Building CXX object modules/CMakeFiles/modules.dir/mod-playerbots/src/Ai/Class/Paladin/Actions/PaladinGreaterBlessingAction.cpp.o
#25 19.37 [1515/1829] Building CXX object modules/CMakeFiles/modules.dir/mod-playerbots/src/Ai/Class/Paladin/Strategy/DpsPaladinStrategy.cpp.o
#25 19.37 [1516/1829] Building CXX object modules/CMakeFiles/modules.dir/mod-playerbots/src/Ai/Class/Paladin/Strategy/GenericPaladinStrategy.cpp.o
#25 19.37 [1517/1829] Building CXX object modules/CMakeFiles/modules.dir/mod-playerbots/src/Ai/Class/Paladin/Strategy/GenericPaladinNonCombatStrategy.cpp.o
#25 19.38 [1518/1829] Building CXX object modules/CMakeFiles/modules.dir/mod-playerbots/src/Ai/Class/Paladin/Strategy/HealPaladinStrategy.cpp.o
#25 19.38 [1519/1829] Building CXX object modules/CMakeFiles/modules.dir/mod-playerbots/src/Ai/Class/Paladin/Strategy/PaladinBuffStrategies.cpp.o
#25 19.38 [1520/1829] Building CXX object modules/CMakeFiles/modules.dir/mod-playerbots/src/Ai/Class/Paladin/Strategy/OffhealRetPaladinStrategy.cpp.o
#25 19.38 [1521/1829] Building CXX object modules/CMakeFiles/modules.dir/mod-playerbots/src/Ai/Class/Paladin/Strategy/PaladinPullStrategy.cpp.o
#25 19.39 [1522/1829] Building CXX object modules/CMakeFiles/modules.dir/mod-playerbots/src/Ai/Class/Paladin/Strategy/TankPaladinStrategy.cpp.o
#25 19.39 [1523/1829] Building CXX object modules/CMakeFiles/modules.dir/mod-playerbots/src/Ai/Class/Priest/PriestActions.cpp.o
#25 19.39 [1524/1829] Building CXX object modules/CMakeFiles/modules.dir/mod-playerbots/src/Ai/Class/Priest/PriestAiObjectContext.cpp.o
#25 19.39 [1525/1829] Building CXX object modules/CMakeFiles/modules.dir/mod-playerbots/src/Ai/Class/Priest/PriestTriggers.cpp.o
#25 19.40 [1526/1829] Building CXX object modules/CMakeFiles/modules.dir/mod-playerbots/src/Ai/Class/Priest/Strategy/GenericPriestStrategy.cpp.o
#25 19.41 [1527/1829] Building CXX object modules/CMakeFiles/modules.dir/mod-playerbots/src/Ai/Class/Priest/Strategy/HolyPriestStrategy.cpp.o
#25 19.41 [1528/1829] Building CXX object modules/CMakeFiles/modules.dir/mod-playerbots/src/Ai/Class/Priest/Strategy/HealPriestStrategy.cpp.o
#25 19.41 [1529/1829] Building CXX object modules/CMakeFiles/modules.dir/mod-playerbots/src/Ai/Class/Priest/Strategy/PriestNonCombatStrategy.cpp.o
#25 19.42 [1530/1829] Building CXX object modules/CMakeFiles/modules.dir/mod-playerbots/src/Ai/Class/Priest/Strategy/ShadowPriestStrategy.cpp.o
#25 19.42 [1531/1829] Building CXX object modules/CMakeFiles/modules.dir/mod-playerbots/src/Ai/Class/Rogue/RogueAiObjectContext.cpp.o
#25 19.42 [1532/1829] Building CXX object modules/CMakeFiles/modules.dir/mod-playerbots/src/Ai/Class/Rogue/RogueTriggers.cpp.o
#25 19.42 [1533/1829] Building CXX object modules/CMakeFiles/modules.dir/mod-playerbots/src/Ai/Class/Rogue/Action/RogueActions.cpp.o
#25 19.43 [1534/1829] Building CXX object modules/CMakeFiles/modules.dir/mod-playerbots/src/Ai/Class/Rogue/Action/RogueComboActions.cpp.o
#25 19.43 [1535/1829] Building CXX object modules/CMakeFiles/modules.dir/mod-playerbots/src/Ai/Class/Rogue/Action/RogueOpeningActions.cpp.o
#25 19.43 [1536/1829] Building CXX object modules/CMakeFiles/modules.dir/mod-playerbots/src/Ai/Class/Rogue/Strategy/AssassinationRogueStrategy.cpp.o
#25 19.43 [1537/1829] Building CXX object modules/CMakeFiles/modules.dir/mod-playerbots/src/Ai/Class/Rogue/Strategy/DpsRogueStrategy.cpp.o
#25 19.43 [1538/1829] Building CXX object modules/CMakeFiles/modules.dir/mod-playerbots/src/Ai/Class/Rogue/Strategy/GenericRogueNonCombatStrategy.cpp.o
#25 19.44 [1539/1829] Building CXX object modules/CMakeFiles/modules.dir/mod-playerbots/src/Ai/Class/Shaman/ShamanActions.cpp.o
#25 19.44 [1540/1829] Building CXX object modules/CMakeFiles/modules.dir/mod-playerbots/src/Ai/Class/Shaman/ShamanTriggers.cpp.o
#25 19.44 [1541/1829] Building CXX object modules/CMakeFiles/modules.dir/mod-playerbots/src/Ai/Class/Shaman/Strategy/ElementalShamanStrategy.cpp.o
#25 19.45 [1542/1829] Building CXX object modules/CMakeFiles/modules.dir/mod-playerbots/src/Ai/Class/Shaman/Strategy/EnhancementShamanStrategy.cpp.o
#25 19.45 [1543/1829] Building CXX object modules/CMakeFiles/modules.dir/mod-playerbots/src/Ai/Class/Shaman/ShamanAiObjectContext.cpp.o
#25 19.45 [1544/1829] Building CXX object modules/CMakeFiles/modules.dir/mod-playerbots/src/Ai/Class/Shaman/Strategy/GenericShamanStrategy.cpp.o
#25 19.46 [1545/1829] Building CXX object modules/CMakeFiles/modules.dir/mod-playerbots/src/Ai/Class/Shaman/Strategy/ShamanNonCombatStrategy.cpp.o
#25 19.46 [1546/1829] Building CXX object modules/CMakeFiles/modules.dir/mod-playerbots/src/Ai/Class/Shaman/Strategy/TotemsShamanStrategy.cpp.o
#25 19.46 [1547/1829] Building CXX object modules/CMakeFiles/modules.dir/mod-playerbots/src/Ai/Class/Shaman/Strategy/RestoShamanStrategy.cpp.o
#25 19.46 [1548/1829] Building CXX object modules/CMakeFiles/modules.dir/mod-playerbots/src/Ai/Class/Warlock/WarlockActions.cpp.o
#25 19.46 [1549/1829] Building CXX object modules/CMakeFiles/modules.dir/mod-playerbots/src/Ai/Class/Warlock/WarlockAiObjectContext.cpp.o
#25 19.47 [1550/1829] Building CXX object modules/CMakeFiles/modules.dir/mod-playerbots/src/Ai/Class/Warlock/WarlockTriggers.cpp.o
#25 19.47 [1551/1829] Building CXX object modules/CMakeFiles/modules.dir/mod-playerbots/src/Ai/Class/Warlock/Strategy/AfflictionWarlockStrategy.cpp.o
#25 19.47 [1552/1829] Building CXX object modules/CMakeFiles/modules.dir/mod-playerbots/src/Ai/Class/Warlock/Strategy/DemonologyWarlockStrategy.cpp.o
#25 19.47 [1553/1829] Building CXX object modules/CMakeFiles/modules.dir/mod-playerbots/src/Ai/Class/Warlock/Strategy/DestructionWarlockStrategy.cpp.o
#25 19.47 [1554/1829] Building CXX object modules/CMakeFiles/modules.dir/mod-playerbots/src/Ai/Class/Warlock/Strategy/GenericWarlockNonCombatStrategy.cpp.o
#25 19.48 [1555/1829] Building CXX object modules/CMakeFiles/modules.dir/mod-playerbots/src/Ai/Class/Warlock/Strategy/GenericWarlockStrategy.cpp.o
#25 19.48 [1556/1829] Building CXX object modules/CMakeFiles/modules.dir/mod-playerbots/src/Ai/Class/Warlock/Strategy/TankWarlockStrategy.cpp.o
#25 19.48 [1557/1829] Building CXX object modules/CMakeFiles/modules.dir/mod-playerbots/src/Ai/Class/Warrior/WarriorActions.cpp.o
#25 19.48 [1558/1829] Building CXX object modules/CMakeFiles/modules.dir/mod-playerbots/src/Ai/Class/Warrior/WarriorAiObjectContext.cpp.o
#25 19.48 [1559/1829] Building CXX object modules/CMakeFiles/modules.dir/mod-playerbots/src/Ai/Class/Warrior/WarriorTriggers.cpp.o
#25 19.49 [1560/1829] Building CXX object modules/CMakeFiles/modules.dir/mod-playerbots/src/Ai/Class/Warrior/Strategy/ArmsWarriorStrategy.cpp.o
#25 19.49 [1561/1829] Building CXX object modules/CMakeFiles/modules.dir/mod-playerbots/src/Ai/Class/Warrior/Strategy/FuryWarriorStrategy.cpp.o
#25 19.49 [1562/1829] Building CXX object modules/CMakeFiles/modules.dir/mod-playerbots/src/Ai/Class/Warrior/Strategy/GenericWarriorNonCombatStrategy.cpp.o
#25 19.49 [1563/1829] Building CXX object modules/CMakeFiles/modules.dir/mod-playerbots/src/Ai/Class/Warrior/Strategy/GenericWarriorStrategy.cpp.o
#25 19.99 [1564/1829] Building CXX object modules/CMakeFiles/modules.dir/mod-playerbots/src/Ai/Class/Warrior/Strategy/WarriorPullStrategy.cpp.o
#25 20.01 [1565/1829] Building CXX object modules/CMakeFiles/modules.dir/mod-playerbots/src/Ai/Dungeon/AC/ACStrategy.cpp.o
#25 20.01 [1566/1829] Building CXX object modules/CMakeFiles/modules.dir/mod-playerbots/src/Ai/Class/Warrior/Strategy/TankWarriorStrategy.cpp.o
#25 20.01 [1567/1829] Building CXX object modules/CMakeFiles/modules.dir/mod-playerbots/src/Ai/Dungeon/AC/ACTriggers.cpp.o
#25 20.02 [1568/1829] Building CXX object modules/CMakeFiles/modules.dir/mod-playerbots/src/Ai/Dungeon/AK/AKStrategy.cpp.o
#25 20.02 [1569/1829] Building CXX object modules/CMakeFiles/modules.dir/mod-playerbots/src/Ai/Dungeon/AK/AKMultipliers.cpp.o
#25 20.02 [1570/1829] Building CXX object modules/CMakeFiles/modules.dir/mod-playerbots/src/Ai/Dungeon/AC/ACMultipliers.cpp.o
#25 20.03 [1571/1829] Building CXX object modules/CMakeFiles/modules.dir/mod-playerbots/src/Ai/Dungeon/AN/ANStrategy.cpp.o
#25 20.03 [1572/1829] Building CXX object modules/CMakeFiles/modules.dir/mod-playerbots/src/Ai/Dungeon/AK/AKActions.cpp.o
#25 20.04 [1573/1829] Building CXX object modules/CMakeFiles/modules.dir/mod-playerbots/src/Ai/Dungeon/AC/ACActions.cpp.o
#25 20.04 [1574/1829] Building CXX object modules/CMakeFiles/modules.dir/mod-playerbots/src/Ai/Dungeon/AN/ANActions.cpp.o
#25 20.04 [1575/1829] Building CXX object modules/CMakeFiles/modules.dir/mod-playerbots/src/Ai/Dungeon/AN/ANMultipliers.cpp.o
#25 20.05 [1576/1829] Building CXX object modules/CMakeFiles/modules.dir/mod-playerbots/src/Ai/Dungeon/AN/ANTriggers.cpp.o
#25 20.05 [1577/1829] Building CXX object modules/CMakeFiles/modules.dir/mod-playerbots/src/Ai/Dungeon/CoS/CoSActions.cpp.o
#25 20.05 [1578/1829] Building CXX object modules/CMakeFiles/modules.dir/mod-playerbots/src/Ai/Dungeon/AK/AKTriggers.cpp.o
#25 20.08 [1579/1829] Building CXX object modules/CMakeFiles/modules.dir/mod-playerbots/src/Ai/Dungeon/CoS/CoSMultipliers.cpp.o
#25 20.08 [1580/1829] Building CXX object modules/CMakeFiles/modules.dir/mod-playerbots/src/Ai/Dungeon/CoS/CoSStrategy.cpp.o
#25 20.09 [1581/1829] Building CXX object modules/CMakeFiles/modules.dir/mod-playerbots/src/Ai/Dungeon/DTK/DTKStrategy.cpp.o
#25 20.09 [1582/1829] Building CXX object modules/CMakeFiles/modules.dir/mod-playerbots/src/Ai/Dungeon/CoS/CoSTriggers.cpp.o
#25 20.10 [1583/1829] Building CXX object modules/CMakeFiles/modules.dir/mod-playerbots/src/Ai/Dungeon/DTK/DTKActions.cpp.o
#25 20.10 [1584/1829] Building CXX object modules/CMakeFiles/modules.dir/mod-playerbots/src/Ai/Dungeon/DTK/DTKMultipliers.cpp.o
#25 20.11 [1585/1829] Building CXX object modules/CMakeFiles/modules.dir/mod-playerbots/src/Ai/Dungeon/DTK/DTKTriggers.cpp.o
#25 20.11 [1586/1829] Building CXX object modules/CMakeFiles/modules.dir/mod-playerbots/src/Ai/Dungeon/FoS/FoSActions.cpp.o
#25 20.11 [1587/1829] Building CXX object modules/CMakeFiles/modules.dir/mod-playerbots/src/Ai/Dungeon/FoS/FoSStrategy.cpp.o
#25 20.12 [1588/1829] Building CXX object modules/CMakeFiles/modules.dir/mod-playerbots/src/Ai/Dungeon/FoS/FoSMultipliers.cpp.o
#25 20.13 [1589/1829] Building CXX object modules/CMakeFiles/modules.dir/mod-playerbots/src/Ai/Dungeon/FoS/FoSTriggers.cpp.o
#25 20.13 [1590/1829] Building CXX object modules/CMakeFiles/modules.dir/mod-playerbots/src/Ai/Dungeon/GD/GDStrategy.cpp.o
#25 20.14 [1591/1829] Building CXX object modules/CMakeFiles/modules.dir/mod-playerbots/src/Ai/Dungeon/GD/GDActions.cpp.o
#25 20.14 [1592/1829] Building CXX object modules/CMakeFiles/modules.dir/mod-playerbots/src/Ai/Dungeon/GD/GDMultipliers.cpp.o
#25 20.15 [1593/1829] Building CXX object modules/CMakeFiles/modules.dir/mod-playerbots/src/Ai/Dungeon/GD/GDTriggers.cpp.o
#25 20.18 [1594/1829] Building CXX object modules/CMakeFiles/modules.dir/mod-playerbots/src/Ai/Dungeon/HoS/HoSStrategy.cpp.o
#25 20.19 [1595/1829] Building CXX object modules/CMakeFiles/modules.dir/mod-playerbots/src/Ai/Dungeon/HoL/HoLStrategy.cpp.o
#25 20.20 [1596/1829] Building CXX object modules/CMakeFiles/modules.dir/mod-playerbots/src/Ai/Dungeon/HoL/HoLMultipliers.cpp.o
#25 20.23 [1597/1829] Building CXX object modules/CMakeFiles/modules.dir/mod-playerbots/src/Ai/Dungeon/HoS/HoSActions.cpp.o
#25 20.23 [1598/1829] Building CXX object modules/CMakeFiles/modules.dir/mod-playerbots/src/Ai/Dungeon/HoL/HoLActions.cpp.o
#25 25.41 [1599/1829] Linking CXX static library src/server/scripts/libscripts.a
#25 ...

#5 [ac-db-import internal] load build context
#5 transferring context: 2.36GB 26.0s done
#5 DONE 27.0s

#25 [ac-authserver build 8/8] RUN --mount=type=cache,target=/ccache,sharing=locked     --mount=type=bind,target=/azerothcore/.git,source=.git     git config --global --add safe.directory /azerothcore     && cmake /azerothcore        -G Ninja        -DCMAKE_INSTALL_PREFIX="/azerothcore/env/dist"         -DAPPS_BUILD="all"                                     -DTOOLS_BUILD="all"                          -DSCRIPTS="static"                                  -DMODULES="static"                                  -DWITH_WARNINGS="ON"                      -DCMAKE_BUILD_TYPE="RelWithDebInfo"                            -DCMAKE_CXX_COMPILER="clang++"                         -DCMAKE_C_COMPILER="clang"                             -DCMAKE_CXX_COMPILER_LAUNCHER="ccache"                 -DCMAKE_C_COMPILER_LAUNCHER="ccache"                   -DBoost_USE_STATIC_LIBS="ON"                        && cmake --build . --config "RelWithDebInfo" -j $(($(nproc) + 1))     && cmake --install . --config "RelWithDebInfo"
#25 ...

#24 [ac-db-import build 7/8] WORKDIR /azerothcore/build
#24 CACHED

#25 [ac-db-import build 8/8] RUN --mount=type=cache,target=/ccache,sharing=locked     --mount=type=bind,target=/azerothcore/.git,source=.git     git config --global --add safe.directory /azerothcore     && cmake /azerothcore        -G Ninja        -DCMAKE_INSTALL_PREFIX="/azerothcore/env/dist"         -DAPPS_BUILD="all"                                     -DTOOLS_BUILD="all"                          -DSCRIPTS="static"                                  -DMODULES="static"                                  -DWITH_WARNINGS="ON"                      -DCMAKE_BUILD_TYPE="RelWithDebInfo"                            -DCMAKE_CXX_COMPILER="clang++"                         -DCMAKE_C_COMPILER="clang"                             -DCMAKE_CXX_COMPILER_LAUNCHER="ccache"                 -DCMAKE_C_COMPILER_LAUNCHER="ccache"                   -DBoost_USE_STATIC_LIBS="ON"                        && cmake --build . --config "RelWithDebInfo" -j $(($(nproc) + 1))     && cmake --install . --config "RelWithDebInfo"
#25 28.72 [1600/1829] Building CXX object modules/CMakeFiles/modules.dir/mod-playerbots/src/Ai/Dungeon/OC/OCStrategy.cpp.o
#25 29.94 [1601/1829] Building CXX object modules/CMakeFiles/modules.dir/mod-playerbots/src/Ai/Dungeon/Nex/NexStrategy.cpp.o
#25 36.46 [1602/1829] Building CXX object modules/CMakeFiles/modules.dir/mod-playerbots/src/Ai/Dungeon/Mech/MechStrategy.cpp.o
#25 39.24 [1603/1829] Building CXX object modules/CMakeFiles/modules.dir/mod-playerbots/src/Ai/Dungeon/Mech/MechTriggers.cpp.o
#25 39.27 [1604/1829] Building CXX object modules/CMakeFiles/modules.dir/mod-playerbots/src/Ai/Dungeon/HoS/HoSMultipliers.cpp.o
#25 39.74 [1605/1829] Building CXX object modules/CMakeFiles/modules.dir/mod-playerbots/src/Ai/Dungeon/HoS/HoSTriggers.cpp.o
#25 40.04 [1606/1829] Building CXX object modules/CMakeFiles/modules.dir/mod-playerbots/src/Ai/Dungeon/Mech/MechMultipliers.cpp.o
#25 40.23 [1607/1829] Building CXX object modules/CMakeFiles/modules.dir/mod-playerbots/src/Ai/Dungeon/Nex/NexMultipliers.cpp.o
#25 40.34 [1608/1829] Building CXX object modules/CMakeFiles/modules.dir/mod-playerbots/src/Ai/Dungeon/OC/OCMultipliers.cpp.o
#25 40.55 [1609/1829] Building CXX object modules/CMakeFiles/modules.dir/mod-playerbots/src/Ai/Dungeon/Nex/NexActions.cpp.o
#25 40.58 [1610/1829] Building CXX object modules/CMakeFiles/modules.dir/mod-playerbots/src/Ai/Dungeon/Mech/MechShared.cpp.o
#25 41.35 [1611/1829] Building CXX object modules/CMakeFiles/modules.dir/mod-playerbots/src/Ai/Dungeon/Nex/NexTriggers.cpp.o
#25 41.43 [1612/1829] Building CXX object modules/CMakeFiles/modules.dir/mod-playerbots/src/Ai/Dungeon/Mech/MechActions.cpp.o
#25 41.51 [1613/1829] Building CXX object modules/CMakeFiles/modules.dir/mod-playerbots/src/Ai/Dungeon/OC/OCActions.cpp.o
#25 42.23 [1614/1829] Building CXX object modules/CMakeFiles/modules.dir/mod-playerbots/src/Ai/Dungeon/HoL/HoLTriggers.cpp.o
#25 43.55 [1615/1829] Building CXX object modules/CMakeFiles/modules.dir/mod-playerbots/src/Ai/Dungeon/OC/OCTriggers.cpp.o
#25 45.57 [1616/1829] Building CXX object modules/CMakeFiles/modules.dir/mod-playerbots/src/Ai/Dungeon/PoS/PoSStrategy.cpp.o
#25 46.80 [1617/1829] Building CXX object modules/CMakeFiles/modules.dir/mod-playerbots/src/Ai/Dungeon/PoS/PoSMultipliers.cpp.o
#25 48.22 [1618/1829] Building CXX object modules/CMakeFiles/modules.dir/mod-playerbots/src/Ai/Dungeon/Seth/SethStrategy.cpp.o
#25 48.42 [1619/1829] Building CXX object modules/CMakeFiles/modules.dir/mod-playerbots/src/Ai/Dungeon/TOC/TOCStrategy.cpp.o
#25 48.54 [1620/1829] Building CXX object modules/CMakeFiles/modules.dir/mod-playerbots/src/Ai/Dungeon/PoS/PoSActions.cpp.o
#25 50.73 [1621/1829] Building CXX object modules/CMakeFiles/modules.dir/mod-playerbots/src/Ai/Dungeon/UK/UKStrategy.cpp.o
#25 56.73 [1622/1829] Building CXX object modules/CMakeFiles/modules.dir/mod-playerbots/src/Ai/Dungeon/UP/UPStrategy.cpp.o
#25 57.09 [1623/1829] Building CXX object modules/CMakeFiles/modules.dir/mod-playerbots/src/Ai/Dungeon/Seth/SethTriggers.cpp.o
#25 57.34 [1624/1829] Building CXX object modules/CMakeFiles/modules.dir/mod-playerbots/src/Ai/Dungeon/Seth/SethMultipliers.cpp.o
#25 57.74 [1625/1829] Building CXX object modules/CMakeFiles/modules.dir/mod-playerbots/src/Ai/Dungeon/Seth/SethActions.cpp.o
#25 58.11 [1626/1829] Building CXX object modules/CMakeFiles/modules.dir/mod-playerbots/src/Ai/Dungeon/TOC/TOCTriggers.cpp.o
#25 58.25 [1627/1829] Building CXX object modules/CMakeFiles/modules.dir/mod-playerbots/src/Ai/Dungeon/UK/UKMultipliers.cpp.o
#25 58.29 [1628/1829] Building CXX object modules/CMakeFiles/modules.dir/mod-playerbots/src/Ai/Dungeon/UK/UKActions.cpp.o
#25 58.36 [1629/1829] Building CXX object modules/CMakeFiles/modules.dir/mod-playerbots/src/Ai/Dungeon/PoS/PoSTriggers.cpp.o
#25 59.46 [1630/1829] Building CXX object modules/CMakeFiles/modules.dir/mod-playerbots/src/Ai/Dungeon/TOC/TOCMultipliers.cpp.o
#25 60.52 [1631/1829] Building CXX object modules/CMakeFiles/modules.dir/mod-playerbots/src/Ai/Dungeon/TOC/TOCActions.cpp.o
#25 61.89 [1632/1829] Building CXX object modules/CMakeFiles/modules.dir/mod-playerbots/src/Ai/Dungeon/UK/UKTriggers.cpp.o
#25 63.89 [1633/1829] Building CXX object modules/CMakeFiles/modules.dir/mod-playerbots/src/Ai/Dungeon/UP/UPMultipliers.cpp.o
#25 64.46 [1634/1829] Building CXX object modules/CMakeFiles/modules.dir/mod-playerbots/src/Ai/Dungeon/UP/UPActions.cpp.o
#25 65.57 [1635/1829] Building CXX object modules/CMakeFiles/modules.dir/mod-playerbots/src/Ai/Dungeon/UP/UPTriggers.cpp.o
#25 65.71 [1636/1829] Building CXX object modules/CMakeFiles/modules.dir/mod-playerbots/src/Ai/Raid/Aq20/Aq20Strategy.cpp.o
#25 65.91 [1637/1829] Building CXX object modules/CMakeFiles/modules.dir/mod-playerbots/src/Ai/Raid/Aq20/Aq20Utils.cpp.o
#25 67.47 [1638/1829] Building CXX object modules/CMakeFiles/modules.dir/mod-playerbots/src/Ai/Dungeon/VH/VHStrategy.cpp.o
#25 67.83 [1639/1829] Building CXX object modules/CMakeFiles/modules.dir/mod-playerbots/src/Ai/Dungeon/VH/VHMultipliers.cpp.o
#25 68.77 [1640/1829] Building CXX object modules/CMakeFiles/modules.dir/mod-playerbots/src/Ai/Dungeon/VH/VHActions.cpp.o
#25 72.94 [1641/1829] Building CXX object modules/CMakeFiles/modules.dir/mod-playerbots/src/Ai/Raid/BT/BTStrategy.cpp.o
#25 74.48 [1642/1829] Building CXX object modules/CMakeFiles/modules.dir/mod-playerbots/src/Ai/Raid/Aq20/Aq20Actions.cpp.o
#25 74.56 [1643/1829] Building CXX object modules/CMakeFiles/modules.dir/mod-playerbots/src/Ai/Raid/BWL/BWLStrategy.cpp.o
#25 74.57 [1644/1829] Building CXX object modules/CMakeFiles/modules.dir/mod-playerbots/src/Ai/Dungeon/VH/VHTriggers.cpp.o
#25 76.24 [1645/1829] Building CXX object modules/CMakeFiles/modules.dir/mod-playerbots/src/Ai/Raid/Aq20/Aq20Triggers.cpp.o
#25 76.84 [1646/1829] Building CXX object modules/CMakeFiles/modules.dir/mod-playerbots/src/Ai/Raid/EoE/EoEStrategy.cpp.o
#25 77.22 [1647/1829] Building CXX object modules/CMakeFiles/modules.dir/mod-playerbots/src/Ai/Raid/BT/BTHelpers.cpp.o
#25 77.22 /azerothcore/modules/mod-playerbots/src/Ai/Raid/BT/BTHelpers.cpp:107:60: warning: unused parameter 'botAI' [-Wunused-parameter]
#25 77.22   107 | TankPositionState GetShahrazTankPositionState(PlayerbotAI* botAI, Player* bot)
#25 77.22       |                                                            ^
#25 77.22 1 warning generated.
#25 78.16 [1648/1829] Building CXX object modules/CMakeFiles/modules.dir/mod-playerbots/src/Ai/Raid/BT/BTMultipliers.cpp.o
#25 78.88 [1649/1829] Building CXX object modules/CMakeFiles/modules.dir/mod-playerbots/src/Ai/Raid/BWL/BWLHelpers.cpp.o
#25 81.40 [1650/1829] Building CXX object modules/CMakeFiles/modules.dir/mod-playerbots/src/Ai/Raid/BWL/BWLActions.cpp.o
#25 81.41 [1651/1829] Building CXX object modules/CMakeFiles/modules.dir/mod-playerbots/src/Ai/Raid/BT/BTTriggers.cpp.o
#25 82.60 [1652/1829] Building CXX object modules/CMakeFiles/modules.dir/mod-playerbots/src/Ai/Raid/BT/BTActions.cpp.o
#25 83.31 [1653/1829] Building CXX object modules/CMakeFiles/modules.dir/mod-playerbots/src/Ai/Raid/BWL/BWLMultipliers.cpp.o
#25 84.50 [1654/1829] Building CXX object modules/CMakeFiles/modules.dir/mod-playerbots/src/Ai/Raid/Gruul/GruulStrategy.cpp.o
#25 84.63 [1655/1829] Building CXX object modules/CMakeFiles/modules.dir/mod-playerbots/src/Ai/Raid/EoE/EoEActions.cpp.o
#25 86.40 [1656/1829] Building CXX object modules/CMakeFiles/modules.dir/mod-playerbots/src/Ai/Raid/BWL/BWLTriggers.cpp.o
#25 86.54 [1657/1829] Building CXX object modules/CMakeFiles/modules.dir/mod-playerbots/src/Ai/Raid/EoE/EoEMultipliers.cpp.o
#25 88.23 [1658/1829] Building CXX object modules/CMakeFiles/modules.dir/mod-playerbots/src/Ai/Raid/Hyjal/HyjalStrategy.cpp.o
#25 89.55 [1659/1829] Building CXX object modules/CMakeFiles/modules.dir/mod-playerbots/src/Ai/Raid/EoE/EoETriggers.cpp.o
#25 91.59 [1660/1829] Building CXX object modules/CMakeFiles/modules.dir/mod-playerbots/src/Ai/Raid/Gruul/GruulMultipliers.cpp.o
#25 91.74 [1661/1829] Building CXX object modules/CMakeFiles/modules.dir/mod-playerbots/src/Ai/Raid/Gruul/GruulHelpers.cpp.o
#25 93.02 [1662/1829] Building CXX object modules/CMakeFiles/modules.dir/mod-playerbots/src/Ai/Raid/Gruul/GruulActions.cpp.o
#25 95.84 [1663/1829] Building CXX object modules/CMakeFiles/modules.dir/mod-playerbots/src/Ai/Raid/Hyjal/HyjalActions.cpp.o
#25 95.95 [1664/1829] Building CXX object modules/CMakeFiles/modules.dir/mod-playerbots/src/Ai/Raid/Gruul/GruulTriggers.cpp.o
#25 96.53 [1665/1829] Building CXX object modules/CMakeFiles/modules.dir/mod-playerbots/src/Ai/Raid/Hyjal/HyjalMultipliers.cpp.o
#25 98.20 [1666/1829] Building CXX object modules/CMakeFiles/modules.dir/mod-playerbots/src/Ai/Raid/ICC/ICCStrategy.cpp.o
#25 99.90 [1667/1829] Building CXX object modules/CMakeFiles/modules.dir/mod-playerbots/src/Ai/Raid/Hyjal/Util/HyjalHelpers.cpp.o
#25 99.90 /azerothcore/modules/mod-playerbots/src/Ai/Raid/Hyjal/Util/HyjalHelpers.cpp:168:61: warning: unused parameter 'botAI' [-Wunused-parameter]
#25 99.90   168 | TankPositionState GetKazrogalTankPositionState(PlayerbotAI* botAI, Player* bot)
#25 99.90       |                                                             ^
#25 99.90 /azerothcore/modules/mod-playerbots/src/Ai/Raid/Hyjal/Util/HyjalHelpers.cpp:209:60: warning: unused parameter 'botAI' [-Wunused-parameter]
#25 99.90   209 | TankPositionState GetAzgalorTankPositionState(PlayerbotAI* botAI, Player* bot)
#25 99.90       |                                                            ^
#25 99.90 2 warnings generated.
#25 100.6 [1668/1829] Building CXX object modules/CMakeFiles/modules.dir/mod-playerbots/src/Ai/Raid/Hyjal/HyjalTriggers.cpp.o
#25 102.0 [1669/1829] Building CXX object modules/CMakeFiles/modules.dir/mod-playerbots/src/Ai/Raid/Hyjal/Util/HyjalScripts.cpp.o
#25 102.0 /azerothcore/modules/mod-playerbots/src/Ai/Raid/Hyjal/Util/HyjalScripts.cpp:39:63: warning: unused parameter 'botAI' [-Wunused-parameter]
#25 102.0    39 | static bool ShouldInterruptForArchimondeAirBurst(PlayerbotAI* botAI, Player* bot, Player* target)
#25 102.0       |                                                               ^
#25 102.0 1 warning generated.
#25 103.1 [1670/1829] Building CXX object modules/CMakeFiles/modules.dir/mod-playerbots/src/Ai/Raid/ICC/ICCMultipliers.cpp.o
#25 104.6 [1671/1829] Building CXX object modules/CMakeFiles/modules.dir/mod-playerbots/src/Ai/Raid/ICC/ICCScripts.cpp.o
#25 105.5 [1672/1829] Building CXX object modules/CMakeFiles/modules.dir/mod-playerbots/src/Ai/Raid/ICC/ICCShared.cpp.o
#25 107.2 [1673/1829] Building CXX object modules/CMakeFiles/modules.dir/mod-playerbots/src/Ai/Raid/ICC/ICCTriggers.cpp.o
#25 110.1 [1674/1829] Building CXX object modules/CMakeFiles/modules.dir/mod-playerbots/src/Ai/Raid/ICC/Action/ICCActions_DBS.cpp.o
#25 110.6 [1675/1829] Building CXX object modules/CMakeFiles/modules.dir/mod-playerbots/src/Ai/Raid/ICC/Action/ICCActions_Dogs.cpp.o
#25 110.8 [1676/1829] Building CXX object modules/CMakeFiles/modules.dir/mod-playerbots/src/Ai/Raid/ICC/Action/ICCActions_BPC.cpp.o
#25 111.6 [1677/1829] Building CXX object modules/CMakeFiles/modules.dir/mod-playerbots/src/Ai/Raid/ICC/Action/ICCActions_BQL.cpp.o
#25 113.5 [1678/1829] Building CXX object modules/CMakeFiles/modules.dir/mod-playerbots/src/Ai/Raid/ICC/Action/ICCActions_FG.cpp.o
#25 115.7 [1679/1829] Building CXX object modules/CMakeFiles/modules.dir/mod-playerbots/src/Ai/Raid/ICC/Action/ICCActions_LDW.cpp.o
#25 115.8 [1680/1829] Building CXX object modules/CMakeFiles/modules.dir/mod-playerbots/src/Ai/Raid/ICC/Action/ICCActions_GSB.cpp.o
#25 118.3 [1681/1829] Building CXX object modules/CMakeFiles/modules.dir/mod-playerbots/src/Ai/Raid/ICC/Action/ICCActions_LM.cpp.o
#25 120.4 [1682/1829] Building CXX object modules/CMakeFiles/modules.dir/mod-playerbots/src/Ai/Raid/ICC/Action/ICCActions_LK.cpp.o
#25 120.9 [1683/1829] Building CXX object modules/CMakeFiles/modules.dir/mod-playerbots/src/Ai/Raid/ICC/Action/ICCActions_RF.cpp.o
#25 121.0 [1684/1829] Building CXX object modules/CMakeFiles/modules.dir/mod-playerbots/src/Ai/Raid/ICC/Action/ICCActions_PP.cpp.o
#25 123.2 [1685/1829] Building CXX object modules/CMakeFiles/modules.dir/mod-playerbots/src/Ai/Raid/ICC/Action/ICCActions_SS.cpp.o
#25 124.5 [1686/1829] Building CXX object modules/CMakeFiles/modules.dir/mod-playerbots/src/Ai/Raid/ICC/Action/ICCActions_SG.cpp.o
#25 125.0 [1687/1829] Building CXX object modules/CMakeFiles/modules.dir/mod-playerbots/src/Ai/Raid/Kara/KaraActions.cpp.o
#25 126.4 [1688/1829] Building CXX object modules/CMakeFiles/modules.dir/mod-playerbots/src/Ai/Raid/Kara/KaraHelpers.cpp.o
#25 127.6 [1689/1829] Building CXX object modules/CMakeFiles/modules.dir/mod-playerbots/src/Ai/Raid/ICC/Action/ICCActions_VT.cpp.o
#25 128.5 [1690/1829] Building CXX object modules/CMakeFiles/modules.dir/mod-playerbots/src/Ai/Raid/Kara/KaraMultipliers.cpp.o
#25 129.1 [1691/1829] Building CXX object modules/CMakeFiles/modules.dir/mod-playerbots/src/Ai/Raid/Mag/MagStrategy.cpp.o
#25 129.2 [1692/1829] Building CXX object modules/CMakeFiles/modules.dir/mod-playerbots/src/Ai/Raid/Naxx/Action/NaxxActions_Faerlina.cpp.o
#25 130.0 [1693/1829] Building CXX object modules/CMakeFiles/modules.dir/mod-playerbots/src/Ai/Raid/Kara/KaraTriggers.cpp.o
#25 130.0 [1694/1829] Building CXX object modules/CMakeFiles/modules.dir/mod-playerbots/src/Ai/Raid/MC/MCActions.cpp.o
#25 130.2 [1695/1829] Building CXX object modules/CMakeFiles/modules.dir/mod-playerbots/src/Ai/Raid/Naxx/Action/NaxxActions_Gothik.cpp.o
#25 130.4 [1696/1829] Building CXX object modules/CMakeFiles/modules.dir/mod-playerbots/src/Ai/Raid/Kara/KaraStrategy.cpp.o
#25 130.8 [1697/1829] Building CXX object modules/CMakeFiles/modules.dir/mod-playerbots/src/Ai/Raid/MC/MCMultipliers.cpp.o
#25 133.8 [1698/1829] Building CXX object modules/CMakeFiles/modules.dir/mod-playerbots/src/Ai/Raid/MC/MCTriggers.cpp.o
#25 135.9 [1699/1829] Building CXX object modules/CMakeFiles/modules.dir/mod-playerbots/src/Ai/Raid/MC/MCStrategy.cpp.o
#25 136.0 [1700/1829] Building CXX object modules/CMakeFiles/modules.dir/mod-playerbots/src/Ai/Raid/Naxx/Action/NaxxActions_Maexxna.cpp.o
#25 136.1 [1701/1829] Building CXX object modules/CMakeFiles/modules.dir/mod-playerbots/src/Ai/Raid/Naxx/Action/NaxxActions_Noth.cpp.o
#25 136.6 [1702/1829] Building CXX object modules/CMakeFiles/modules.dir/mod-playerbots/src/Ai/Raid/Mag/MagActions.cpp.o
#25 138.2 [1703/1829] Building CXX object modules/CMakeFiles/modules.dir/mod-playerbots/src/Ai/Raid/Mag/MagMultipliers.cpp.o
#25 140.5 [1704/1829] Building CXX object modules/CMakeFiles/modules.dir/mod-playerbots/src/Ai/Raid/Mag/MagTriggers.cpp.o
#25 142.6 [1705/1829] Building CXX object modules/CMakeFiles/modules.dir/mod-playerbots/src/Ai/Raid/Mag/Util/MagHelpers.cpp.o
#25 143.4 [1706/1829] Building CXX object modules/CMakeFiles/modules.dir/mod-playerbots/src/Ai/Raid/Mag/Util/MagScripts.cpp.o
#25 143.8 [1707/1829] Building CXX object modules/CMakeFiles/modules.dir/mod-playerbots/src/Ai/Raid/Naxx/NaxxMultipliers.cpp.o
#25 146.7 [1708/1829] Building CXX object modules/CMakeFiles/modules.dir/mod-playerbots/src/Ai/Raid/Naxx/NaxxTriggers.cpp.o
#25 147.3 [1709/1829] Building CXX object modules/CMakeFiles/modules.dir/mod-playerbots/src/Ai/Raid/Naxx/NaxxStrategy.cpp.o
#25 148.2 [1710/1829] Building CXX object modules/CMakeFiles/modules.dir/mod-playerbots/src/Ai/Raid/Naxx/Action/NaxxActions_Grobbulus.cpp.o
#25 148.3 [1711/1829] Building CXX object modules/CMakeFiles/modules.dir/mod-playerbots/src/Ai/Raid/Naxx/Action/NaxxActions_Anubrekhan.cpp.o
#25 149.4 [1712/1829] Building CXX object modules/CMakeFiles/modules.dir/mod-playerbots/src/Ai/Raid/Naxx/Action/NaxxActions_Heigan.cpp.o
#25 149.6 [1713/1829] Building CXX object modules/CMakeFiles/modules.dir/mod-playerbots/src/Ai/Raid/Naxx/Action/NaxxActions_Gluth.cpp.o
#25 149.8 [1714/1829] Building CXX object modules/CMakeFiles/modules.dir/mod-playerbots/src/Ai/Raid/Naxx/Action/NaxxActions_Kelthuzad.cpp.o
#25 150.3 [1715/1829] Building CXX object modules/CMakeFiles/modules.dir/mod-playerbots/src/Ai/Raid/Naxx/Action/NaxxActions_FourHorsemen.cpp.o
#25 151.2 [1716/1829] Building CXX object modules/CMakeFiles/modules.dir/mod-playerbots/src/Ai/Raid/Naxx/Action/NaxxActions_Loatheb.cpp.o
#25 153.4 [1717/1829] Building CXX object modules/CMakeFiles/modules.dir/mod-playerbots/src/Ai/Raid/Naxx/Action/NaxxActions_Patchwerk.cpp.o
#25 154.8 [1718/1829] Building CXX object modules/CMakeFiles/modules.dir/mod-playerbots/src/Ai/Raid/OS/OSStrategy.cpp.o
#25 154.9 [1719/1829] Building CXX object modules/CMakeFiles/modules.dir/mod-playerbots/src/Ai/Raid/Naxx/Action/NaxxActions_Razuvious.cpp.o
#25 156.3 [1720/1829] Building CXX object modules/CMakeFiles/modules.dir/mod-playerbots/src/Ai/Raid/Naxx/Action/NaxxActions_Sapphiron.cpp.o
#25 156.6 [1721/1829] Building CXX object modules/CMakeFiles/modules.dir/mod-playerbots/src/Ai/Raid/Ony/OnyStrategy.cpp.o
#25 157.2 [1722/1829] Building CXX object modules/CMakeFiles/modules.dir/mod-playerbots/src/Ai/Raid/Naxx/Action/NaxxActions_Shared.cpp.o
#25 159.7 [1723/1829] Building CXX object modules/CMakeFiles/modules.dir/mod-playerbots/src/Ai/Raid/RS/RSStrategy.cpp.o
#25 160.7 [1724/1829] Building CXX object modules/CMakeFiles/modules.dir/mod-playerbots/src/Ai/Raid/OS/OSMultipliers.cpp.o
#25 160.7 [1725/1829] Building CXX object modules/CMakeFiles/modules.dir/mod-playerbots/src/Ai/Raid/Naxx/Action/NaxxActions_Thaddius.cpp.o
#25 160.7 [1726/1829] Building CXX object modules/CMakeFiles/modules.dir/mod-playerbots/src/Ai/Raid/OS/OSActions.cpp.o
#25 164.7 [1727/1829] Building CXX object modules/CMakeFiles/modules.dir/mod-playerbots/src/Ai/Raid/OS/OSTriggers.cpp.o
#25 165.5 [1728/1829] Building CXX object modules/CMakeFiles/modules.dir/mod-playerbots/src/Ai/Raid/Ony/OnyActions.cpp.o
#25 166.1 [1729/1829] Building CXX object modules/CMakeFiles/modules.dir/mod-playerbots/src/Ai/Raid/Ony/OnyTriggers.cpp.o
#25 169.4 [1730/1829] Building CXX object modules/CMakeFiles/modules.dir/mod-playerbots/src/Ai/Raid/RS/RSScripts.cpp.o
#25 170.2 [1731/1829] Building CXX object modules/CMakeFiles/modules.dir/mod-playerbots/src/Ai/Raid/RS/RSTriggers.cpp.o
#25 171.0 [1732/1829] Building CXX object modules/CMakeFiles/modules.dir/mod-playerbots/src/Ai/Raid/RS/RSMultipliers.cpp.o
#25 171.7 [1733/1829] Building CXX object modules/CMakeFiles/modules.dir/mod-playerbots/src/Ai/Raid/SSC/SSCStrategy.cpp.o
#25 172.0 [1734/1829] Building CXX object modules/CMakeFiles/modules.dir/mod-playerbots/src/Ai/Raid/RS/Action/RSActions_ADD.cpp.o
#25 173.3 [1735/1829] Building CXX object modules/CMakeFiles/modules.dir/mod-playerbots/src/Ai/Raid/RS/Action/RSActions_BAL.cpp.o
#25 174.0 [1736/1829] Building CXX object modules/CMakeFiles/modules.dir/mod-playerbots/src/Ai/Raid/RS/Action/RSActions_HAL.cpp.o
#25 175.0 [1737/1829] Building CXX object modules/CMakeFiles/modules.dir/mod-playerbots/src/Ai/Raid/RS/Action/RSActions_ZAR.cpp.o
#25 175.6 [1738/1829] Building CXX object modules/CMakeFiles/modules.dir/mod-playerbots/src/Ai/Raid/RS/Action/RSActions_SAV.cpp.o
#25 176.4 [1739/1829] Building CXX object modules/CMakeFiles/modules.dir/mod-playerbots/src/Ai/Raid/TK/TKStrategy.cpp.o
#25 179.2 [1740/1829] Building CXX object modules/CMakeFiles/modules.dir/mod-playerbots/src/Ai/Raid/SSC/SSCMultipliers.cpp.o
#25 180.1 [1741/1829] Building CXX object modules/CMakeFiles/modules.dir/mod-playerbots/src/Ai/Raid/SSC/SSCTriggers.cpp.o
#25 180.4 [1742/1829] Building CXX object modules/CMakeFiles/modules.dir/mod-playerbots/src/Ai/Raid/SSC/SSCActions.cpp.o
#25 180.9 [1743/1829] Building CXX object modules/CMakeFiles/modules.dir/mod-playerbots/src/Ai/Raid/SSC/SSCHelpers.cpp.o
#25 183.7 [1744/1829] Building CXX object modules/CMakeFiles/modules.dir/mod-playerbots/src/Ai/Raid/TK/TKMultipliers.cpp.o
#25 183.9 [1745/1829] Building CXX object modules/CMakeFiles/modules.dir/mod-playerbots/src/Ai/Raid/Uld/UldStrategy.cpp.o
#25 184.0 [1746/1829] Building CXX object modules/CMakeFiles/modules.dir/mod-playerbots/src/Ai/Raid/VoA/VoAStrategy.cpp.o
#25 185.1 [1747/1829] Building CXX object modules/CMakeFiles/modules.dir/mod-playerbots/src/Ai/Raid/TK/Util/TKScripts.cpp.o
#25 188.5 [1748/1829] Building CXX object modules/CMakeFiles/modules.dir/mod-playerbots/src/Ai/Raid/TK/TKTriggers.cpp.o
#25 189.1 [1749/1829] Building CXX object modules/CMakeFiles/modules.dir/mod-playerbots/src/Ai/Raid/TK/Util/TKHelpers.cpp.o
#25 189.5 [1750/1829] Building CXX object modules/CMakeFiles/modules.dir/mod-playerbots/src/Ai/Raid/TK/TKActions.cpp.o
#25 190.6 [1751/1829] Building CXX object modules/CMakeFiles/modules.dir/mod-playerbots/src/Ai/Raid/ZA/ZAStrategy.cpp.o
#25 192.8 [1752/1829] Building CXX object modules/CMakeFiles/modules.dir/mod-playerbots/src/Ai/Raid/VoA/VoAActions.cpp.o
#25 193.4 [1753/1829] Building CXX object modules/CMakeFiles/modules.dir/mod-playerbots/src/Ai/Raid/Uld/UldActions.cpp.o
#25 193.5 [1754/1829] Building CXX object modules/CMakeFiles/modules.dir/mod-playerbots/src/Ai/Raid/Uld/Util/UldBossHelper.cpp.o
#25 194.1 [1755/1829] Building CXX object modules/CMakeFiles/modules.dir/mod-playerbots/src/Ai/Raid/VoA/VoATriggers.cpp.o
#25 194.9 [1756/1829] Building CXX object modules/CMakeFiles/modules.dir/mod-playerbots/src/Ai/Raid/Uld/UldTriggers.cpp.o
#25 198.0 [1757/1829] Building CXX object modules/CMakeFiles/modules.dir/mod-playerbots/src/Ai/World/Rpg/NewRpgInfo.cpp.o
#25 199.1 [1758/1829] Building CXX object modules/CMakeFiles/modules.dir/mod-playerbots/src/Ai/Raid/ZA/ZAHelpers.cpp.o
#25 199.1 [1759/1829] Building CXX object modules/CMakeFiles/modules.dir/mod-playerbots/src/Ai/Raid/ZA/ZAMultipliers.cpp.o
#25 199.6 [1760/1829] Building CXX object modules/CMakeFiles/modules.dir/mod-playerbots/src/Ai/Raid/ZA/ZAActions.cpp.o
#25 201.8 [1761/1829] Building CXX object modules/CMakeFiles/modules.dir/mod-playerbots/src/Ai/World/Rpg/Action/NewRpgAction.cpp.o
#25 202.2 [1762/1829] Building CXX object modules/CMakeFiles/modules.dir/mod-playerbots/src/Ai/Raid/ZA/ZATriggers.cpp.o
#25 204.1 [1763/1829] Building CXX object modules/CMakeFiles/modules.dir/mod-playerbots/src/Ai/World/Rpg/Strategy/NewRpgStrategy.cpp.o
#25 205.4 [1764/1829] Building CXX object modules/CMakeFiles/modules.dir/mod-playerbots/src/Ai/World/Rpg/Action/NewRpgOutdoorPvP.cpp.o
#25 206.6 [1765/1829] Building CXX object modules/CMakeFiles/modules.dir/mod-playerbots/src/Ai/World/Rpg/Action/NewRpgBaseAction.cpp.o
#25 207.4 [1766/1829] Building CXX object modules/CMakeFiles/modules.dir/mod-playerbots/src/Ai/World/Rpg/Trigger/NewRpgTrigger.cpp.o
#25 208.7 [1767/1829] Building CXX object modules/CMakeFiles/modules.dir/mod-playerbots/src/Ai/World/Rpg/Action/RpgAction.cpp.o
#25 208.9 [1768/1829] Building CXX object modules/CMakeFiles/modules.dir/mod-playerbots/src/Bot/ForceRebuff.cpp.o
#25 209.8 [1769/1829] Building CXX object modules/CMakeFiles/modules.dir/mod-playerbots/src/Ai/World/Rpg/Action/RpgSubActions.cpp.o
#25 212.7 [1770/1829] Building CXX object modules/CMakeFiles/modules.dir/mod-playerbots/src/Ai/World/Rpg/Strategy/RpgStrategy.cpp.o
#25 215.6 [1771/1829] Building CXX object modules/CMakeFiles/modules.dir/mod-playerbots/src/Bot/Engine/AiObjectContext.cpp.o
#25 220.2 [1772/1829] Building CXX object modules/CMakeFiles/modules.dir/mod-playerbots/src/Bot/Cmd/ChatFilter.cpp.o
#25 220.3 [1773/1829] Building CXX object modules/CMakeFiles/modules.dir/mod-playerbots/src/Bot/Engine/AiObject.cpp.o
#25 220.4 [1774/1829] Building CXX object modules/CMakeFiles/modules.dir/mod-playerbots/src/Bot/PlayerbotMgr.cpp.o
#25 220.7 [1775/1829] Building CXX object modules/CMakeFiles/modules.dir/mod-playerbots/src/Bot/RandomBotLevelMgr.cpp.o
#25 220.7 [1776/1829] Building CXX object modules/CMakeFiles/modules.dir/mod-playerbots/src/Bot/Debug/PerfMonitor.cpp.o
#25 222.6 [1777/1829] Building CXX object modules/CMakeFiles/modules.dir/mod-playerbots/src/Bot/Cmd/ChatHelper.cpp.o
#25 222.9 [1778/1829] Building CXX object modules/CMakeFiles/modules.dir/mod-playerbots/src/Bot/Engine/BuildSharedStrategyContexts.cpp.o
#25 226.7 [1779/1829] Building CXX object modules/CMakeFiles/modules.dir/mod-playerbots/src/Bot/Cmd/PlayerbotCommandServer.cpp.o
#25 227.0 [1780/1829] Building CXX object modules/CMakeFiles/modules.dir/mod-playerbots/src/Bot/PlayerbotAI.cpp.o
#25 227.7 [1781/1829] Building CXX object modules/CMakeFiles/modules.dir/mod-playerbots/src/Bot/Engine/PassiveMultiplier.cpp.o
#25 230.0 [1782/1829] Building CXX object modules/CMakeFiles/modules.dir/mod-playerbots/src/Bot/Engine/Engine.cpp.o
#25 230.3 [1783/1829] Building CXX object modules/CMakeFiles/modules.dir/mod-playerbots/src/Bot/Engine/ExternalEventHelper.cpp.o
#25 233.7 [1784/1829] Building CXX object modules/CMakeFiles/modules.dir/mod-playerbots/src/Bot/Engine/NamedObjectContext.cpp.o
#25 233.8 [1785/1829] Building CXX object modules/CMakeFiles/modules.dir/mod-playerbots/src/Bot/RandomPlayerbotMgr.cpp.o
#25 236.1 [1786/1829] Building CXX object modules/CMakeFiles/modules.dir/mod-playerbots/src/Bot/Engine/BuildSharedValueContexts.cpp.o
#25 237.2 [1787/1829] Building CXX object modules/CMakeFiles/modules.dir/mod-playerbots/src/Db/PlayerbotDungeonRepository.cpp.o
#25 238.0 [1788/1829] Building CXX object modules/CMakeFiles/modules.dir/mod-playerbots/src/Bot/Engine/Trigger/Trigger.cpp.o
#25 238.2 [1789/1829] Building CXX object modules/CMakeFiles/modules.dir/mod-playerbots/src/Bot/Engine/Action/Action.cpp.o
#25 238.4 [1790/1829] Building CXX object modules/CMakeFiles/modules.dir/mod-playerbots/src/Bot/Engine/PlayerbotAIBase.cpp.o
#25 240.0 [1791/1829] Building CXX object modules/CMakeFiles/modules.dir/mod-playerbots/src/Bot/Engine/Strategy/Strategy.cpp.o
#25 240.3 [1792/1829] Building CXX object modules/CMakeFiles/modules.dir/mod-playerbots/src/Db/PlayerbotSpellRepository.cpp.o
#25 242.0 [1793/1829] Building CXX object modules/CMakeFiles/modules.dir/mod-playerbots/src/Bot/Engine/Value/Value.cpp.o
#25 243.8 [1794/1829] Building CXX object modules/CMakeFiles/modules.dir/mod-playerbots/src/Bot/Engine/WorldPacket/Event.cpp.o
#25 244.5 [1795/1829] Building CXX object modules/CMakeFiles/modules.dir/mod-playerbots/src/Mgr/Item/BisListMgr.cpp.o
#25 247.0 [1796/1829] Building CXX object modules/CMakeFiles/modules.dir/mod-playerbots/src/Bot/Engine/Strategy/CustomStrategy.cpp.o
#25 248.0 [1797/1829] Building CXX object modules/CMakeFiles/modules.dir/mod-playerbots/src/Bot/Factory/AiFactory.cpp.o
#25 248.8 [1798/1829] Building CXX object modules/CMakeFiles/modules.dir/mod-playerbots/src/Bot/Engine/BuildSharedTriggerContexts.cpp.o
#25 249.1 [1799/1829] Building CXX object modules/CMakeFiles/modules.dir/mod-playerbots/src/Db/PlayerbotRepository.cpp.o
#25 253.5 [1800/1829] Building CXX object modules/CMakeFiles/modules.dir/mod-playerbots/src/Bot/Engine/BuildSharedActionContexts.cpp.o
#25 255.2 [1801/1829] Building CXX object modules/CMakeFiles/modules.dir/mod-playerbots/src/Mgr/Item/ItemVisitors.cpp.o
#25 255.7 [1802/1829] Building CXX object modules/CMakeFiles/modules.dir/mod-playerbots/src/Mgr/Text/PlayerbotTextMgr.cpp.o
#25 255.9 [1803/1829] Building CXX object modules/CMakeFiles/modules.dir/mod-playerbots/src/Bot/Factory/RandomPlayerbotFactory.cpp.o
#25 256.1 [1804/1829] Building CXX object modules/CMakeFiles/modules.dir/mod-playerbots/src/Script/playerbots_loader.cpp.o
#25 256.6 [1805/1829] Building CXX object modules/CMakeFiles/modules.dir/mod-playerbots/src/Mgr/Item/LootObjectStack.cpp.o
#25 256.9 [1806/1829] Building CXX object modules/CMakeFiles/modules.dir/mod-playerbots/src/Mgr/Guild/GuildTaskMgr.cpp.o
#25 257.6 [1807/1829] Building CXX object modules/CMakeFiles/modules.dir/mod-playerbots/src/Mgr/Item/StatsCollector.cpp.o
#25 258.1 [1808/1829] Building CXX object modules/CMakeFiles/modules.dir/mod-playerbots/src/Mgr/Guild/PlayerbotGuildMgr.cpp.o
#25 259.5 [1809/1829] Building CXX object modules/CMakeFiles/modules.dir/mod-playerbots/src/Mgr/Item/StatsWeightCalculator.cpp.o
#25 259.9 [1810/1829] Building CXX object modules/CMakeFiles/modules.dir/mod-playerbots/src/Util/Helpers.cpp.o
#25 260.4 [1811/1829] Building CXX object modules/CMakeFiles/modules.dir/mod-playerbots/src/Bot/Factory/PlayerbotFactory.cpp.o
#25 260.7 [1812/1829] Building CXX object modules/CMakeFiles/modules.dir/mod-playerbots/src/Mgr/Move/FleeManager.cpp.o
#25 261.7 [1813/1829] Building CXX object modules/CMakeFiles/modules.dir/mod-playerbots/src/Script/WorldThr/PlayerbotWorldThreadProcessor.cpp.o
#25 261.9 [1814/1829] Building CXX object modules/CMakeFiles/modules.dir/mod-playerbots/src/Mgr/Talent/Talentspec.cpp.o
#25 264.6 [1815/1829] Building CXX object modules/CMakeFiles/modules.dir/mod-playerbots/src/Mgr/Security/PlayerbotSecurity.cpp.o
#25 265.0 [1816/1829] Building CXX object modules/CMakeFiles/modules.dir/mod-playerbots/src/Script/WorldThr/Queue.cpp.o
#25 266.0 [1817/1829] Building CXX object modules/CMakeFiles/modules.dir/mod-playerbots/src/Mgr/Item/RandomItemMgr.cpp.o
#25 271.4 [1818/1829] Building CXX object modules/CMakeFiles/modules.dir/mod-playerbots/src/Util/ServerFacade.cpp.o
#25 273.3 [1819/1829] Building CXX object modules/CMakeFiles/modules.dir/mod-playerbots/src/Script/PlayerbotCommandScript.cpp.o
#25 275.8 [1820/1829] Building CXX object modules/CMakeFiles/modules.dir/mod-playerbots/src/Util/PlaceholderHelper.cpp.o
#25 275.8 [1821/1829] Building CXX object modules/CMakeFiles/modules.dir/mod-playerbots/src/Util/EncounterHelpers.cpp.o
#25 276.2 [1822/1829] Building CXX object modules/CMakeFiles/modules.dir/mod-playerbots/src/Script/PlayerbotsSecureLogin.cpp.o
#25 277.0 [1823/1829] Building CXX object modules/CMakeFiles/modules.dir/mod-playerbots/src/Script/Playerbots.cpp.o
#25 278.0 [1824/1829] Building CXX object modules/CMakeFiles/modules.dir/mod-playerbots/src/Util/BroadcastHelper.cpp.o
#25 282.6 [1825/1829] Building CXX object modules/CMakeFiles/modules.dir/mod-playerbots/src/Mgr/Travel/TravelMgr.cpp.o
#25 282.9 [1826/1829] Building CXX object modules/CMakeFiles/modules.dir/mod-playerbots/src/Mgr/Travel/TravelNode.cpp.o
#25 287.8 [1827/1829] Linking CXX static library modules/libmodules.a
#25 288.6 [1828/1829] Linking CXX executable src/tools/dbimport
#25 297.7 [1829/1829] Linking CXX executable src/server/apps/worldserver
#25 297.7 -- Installing: /azerothcore/env/dist/etc/authserver.conf.dist
#25 297.7 -- Installing: /azerothcore/env/dist/bin/authserver
#25 297.8 -- Set non-toolchain portion of runtime path of "/azerothcore/env/dist/bin/authserver" to "/azerothcore/env/dist/lib"
#25 297.8 -- Installing: /azerothcore/env/dist/etc/worldserver.conf.dist
#25 297.8 -- Installing: /azerothcore/env/dist/bin/worldserver
#25 298.3 -- Set non-toolchain portion of runtime path of "/azerothcore/env/dist/bin/worldserver" to "/azerothcore/env/dist/lib"
#25 298.3 -- Installing: /azerothcore/env/dist/etc/dbimport.conf.dist
#25 298.3 -- Installing: /azerothcore/env/dist/bin/dbimport
#25 298.3 -- Set non-toolchain portion of runtime path of "/azerothcore/env/dist/bin/dbimport" to "/azerothcore/env/dist/lib"
#25 298.3 -- Installing: /azerothcore/env/dist/bin/map_extractor
#25 298.3 -- Set non-toolchain portion of runtime path of "/azerothcore/env/dist/bin/map_extractor" to "/azerothcore/env/dist/lib"
#25 298.3 -- Installing: /azerothcore/env/dist/bin/mmaps_generator
#25 298.3 -- Set non-toolchain portion of runtime path of "/azerothcore/env/dist/bin/mmaps_generator" to "/azerothcore/env/dist/lib"
#25 298.3 -- Installing: /azerothcore/env/dist/bin/mmaps-config.yaml
#25 298.4 -- Installing: /azerothcore/env/dist/bin/vmap4_assembler
#25 298.4 -- Set non-toolchain portion of runtime path of "/azerothcore/env/dist/bin/vmap4_assembler" to "/azerothcore/env/dist/lib"
#25 298.4 -- Installing: /azerothcore/env/dist/bin/vmap4_extractor
#25 298.4 -- Set non-toolchain portion of runtime path of "/azerothcore/env/dist/bin/vmap4_extractor" to "/azerothcore/env/dist/lib"
#25 298.4 -- Installing: /azerothcore/env/dist/etc/modules/playerbots.conf.dist
#25 DONE 300.9s

#26 [ac-authserver runtime 2/4] COPY --from=build /azerothcore/env/dist/etc/ /azerothcore/env/ref/etc
#26 DONE 0.2s

#27 [ac-authserver runtime 3/4] RUN userdel --remove ubuntu   && addgroup --gid "1000" "acore"   && adduser --disabled-password --gecos '' --uid "1000" --gid "1000" "acore"   && passwd -d "acore"   && chown -R "acore:acore" /azerothcore
#27 0.498 userdel: ubuntu mail spool (/var/mail/ubuntu) not found
#27 0.675 info: Adding group `acore' (GID 1000) ...
#27 0.796 info: Adding user `acore' ...
#27 0.799 info: Adding new user `acore' (1000) with group `acore (1000)' ...
#27 0.953 info: Creating home directory `/home/acore' ...
#27 0.957 info: Copying files from `/etc/skel' ...
#27 1.017 info: Adding new user `acore' to supplemental / extra groups `users' ...
#27 1.020 info: Adding user `acore' to group `users' ...
#27 1.129 passwd: password changed.
#27 DONE 1.2s

#28 [ac-db-import runtime 4/4] COPY --chown=1000:1000      --chmod=755      apps/docker/entrypoint.sh /azerothcore/entrypoint.sh
#28 DONE 1.5s

#18 [ac-db-import build 1/8] RUN apt-get update                                                         && apt-get install -y --no-install-recommends                                 build-essential ccache libtool cmake-data ninja-build cmake clang            git lsb-base curl unzip default-mysql-client openssl                          default-libmysqlclient-dev libboost-all-dev libssl-dev libmysql++-dev         libreadline-dev zlib1g-dev libbz2-dev libncurses5-dev liblzma-dev      && rm -rf /var/lib/apt/lists/*
#18 CACHED

#29 [ac-db-import build 8/8] RUN --mount=type=cache,target=/ccache,sharing=locked     --mount=type=bind,target=/azerothcore/.git,source=.git     git config --global --add safe.directory /azerothcore     && cmake /azerothcore        -G Ninja        -DCMAKE_INSTALL_PREFIX="/azerothcore/env/dist"         -DAPPS_BUILD="all"                                     -DTOOLS_BUILD="all"                          -DSCRIPTS="static"                                  -DMODULES="static"                                  -DWITH_WARNINGS="ON"                      -DCMAKE_BUILD_TYPE="RelWithDebInfo"                            -DCMAKE_CXX_COMPILER="clang++"                         -DCMAKE_C_COMPILER="clang"                             -DCMAKE_CXX_COMPILER_LAUNCHER="ccache"                 -DCMAKE_C_COMPILER_LAUNCHER="ccache"                   -DBoost_USE_STATIC_LIBS="ON"                        && cmake --build . --config "RelWithDebInfo" -j $(($(nproc) + 1))     && cmake --install . --config "RelWithDebInfo"
#29 CACHED

#30 [ac-db-import runtime 4/4] COPY --chown=1000:1000      --chmod=755      apps/docker/entrypoint.sh /azerothcore/entrypoint.sh
#30 CACHED

#31 [ac-db-import build 2/8] COPY CMakeLists.txt /azerothcore/CMakeLists.txt
#31 CACHED

#32 [ac-db-import build 3/8] COPY conf /azerothcore/conf
#32 CACHED

#33 [ac-db-import build 4/8] COPY deps /azerothcore/deps
#33 CACHED

#34 [ac-db-import build 6/8] COPY modules /azerothcore/modules
#34 CACHED

#35 [ac-db-import build 5/8] COPY src /azerothcore/src
#35 CACHED

#36 [ac-db-import runtime 2/4] COPY --from=build /azerothcore/env/dist/etc/ /azerothcore/env/ref/etc
#36 CACHED

#37 [ac-db-import build 7/8] WORKDIR /azerothcore/build
#37 CACHED

#38 [ac-db-import runtime 3/4] RUN userdel --remove ubuntu   && addgroup --gid "1000" "acore"   && adduser --disabled-password --gecos '' --uid "1000" --gid "1000" "acore"   && passwd -d "acore"   && chown -R "acore:acore" /azerothcore
#38 CACHED

#39 [ac-db-import db-import 1/3] COPY --chown=acore:acore     data data
#39 ...

#40 [ac-authserver authserver 1/1] COPY --chown=acore:acore      --from=build      /azerothcore/env/dist/bin/authserver /azerothcore/env/dist/bin/authserver
#40 DONE 0.4s

#41 [ac-authserver] exporting to image
#41 exporting layers
#41 ...

#42 [ac-worldserver worldserver 1/1] COPY --chown=acore:acore      --from=build      /azerothcore/env/dist/bin/worldserver /azerothcore/env/dist/bin/worldserver
#42 DONE 3.6s

#39 [ac-db-import db-import 1/3] COPY --chown=acore:acore     data data
#39 DONE 3.7s

#43 [ac-worldserver] exporting to image
#43 ...

#44 [ac-db-import db-import 2/3] COPY --chown=acore:acore     modules modules
#44 DONE 1.6s

#45 [ac-db-import db-import 3/3] COPY --chown=acore:acore     --from=build      /azerothcore/env/dist/bin/dbimport /azerothcore/env/dist/bin/dbimport
#45 DONE 0.3s

#41 [ac-authserver] exporting to image
#41 ...

#46 [ac-db-import] exporting to image
#46 exporting layers
#46 ...

#41 [ac-authserver] exporting to image
#41 exporting layers 12.1s done
#41 exporting manifest sha256:293a6544b338a416517820f71b68ab9c75f1ebccb93043be61fd2951cac921fa 0.1s done
#41 exporting config sha256:0d18602ed4ea8ebda9e55ac9e5b67f4e5d3c2e05b2930ff3551a9920fe92f25c 0.1s done
#41 exporting attestation manifest sha256:8544a7efed29c5094f7bafe98d519105b699bfb08eec93b80192534bf4aee56a 0.1s done
#41 exporting manifest list sha256:c976e40ff2fb05b333fcc4e22d2751a5b9c170b7dc95daf4b1bcd2f345e1187e
#41 exporting manifest list sha256:c976e40ff2fb05b333fcc4e22d2751a5b9c170b7dc95daf4b1bcd2f345e1187e 0.1s done
#41 naming to yulon.local/ac-wotlk-authserver:native-079c84e8 done
#41 unpacking to yulon.local/ac-wotlk-authserver:native-079c84e8
#41 unpacking to yulon.local/ac-wotlk-authserver:native-079c84e8 2.0s done
#41 DONE 14.5s

#43 [ac-worldserver] exporting to image
#43 ...

#47 [ac-authserver] resolving provenance for metadata file
#47 DONE 0.0s

#43 [ac-worldserver] exporting to image
#43 exporting layers 28.3s done
#43 exporting manifest sha256:67c9315b1c64f9973278a79a37697518633deb56f6ee06f3d832cafc4f7deb8a 0.1s done
#43 exporting config sha256:19c18d26e2fc1d0f0d7f8500024d353bcc8fea119dc02ae0b0417375cad07c4b 0.1s done
#43 exporting attestation manifest sha256:9ad9a44b24c66a1027f1ca3956742997f7cbeb76da18831c59331fbf15157fb0 0.1s done
#43 exporting manifest list sha256:fec011e2201f667c7955271b6774ff706fba066c7ded81334cff9a73f16bd89c
#43 exporting manifest list sha256:fec011e2201f667c7955271b6774ff706fba066c7ded81334cff9a73f16bd89c 0.1s done
#43 naming to yulon.local/ac-wotlk-worldserver:native-079c84e8 done
#43 unpacking to yulon.local/ac-wotlk-worldserver:native-079c84e8
#43 unpacking to yulon.local/ac-wotlk-worldserver:native-079c84e8 4.3s done
#43 DONE 33.1s

#46 [ac-db-import] exporting to image
#46 ...

#48 [ac-worldserver] resolving provenance for metadata file
#48 DONE 0.0s

#46 [ac-db-import] exporting to image
#46 exporting layers 39.8s done
#46 exporting manifest sha256:cf7efd3c6da3f07c2627bd24ccff7542c0b71b71c46fc635f6e3db596e08929b 0.1s done
#46 exporting config sha256:196dabff76ab23023b1e2fb33dc5c43095692ab7b0b62af778704d04b0392cbb 0.1s done
#46 exporting attestation manifest sha256:d659e3ecd90a6c3ff51bbc68a7a6b374381b61de66e6faf4c66024be5ed71d8d 0.1s done
#46 exporting manifest list sha256:552ba58f6004b4fa6e69ca88a8eaf26d61313baba956e1cf7f97482b95e5e2b4
#46 exporting manifest list sha256:552ba58f6004b4fa6e69ca88a8eaf26d61313baba956e1cf7f97482b95e5e2b4 0.1s done
#46 naming to yulon.local/ac-wotlk-db-import:native-079c84e8 done
#46 unpacking to yulon.local/ac-wotlk-db-import:native-079c84e8
#46 unpacking to yulon.local/ac-wotlk-db-import:native-079c84e8 9.2s done
#46 DONE 49.5s

#49 [ac-db-import] resolving provenance for metadata file
#49 DONE 0.0s
 yulon.local/ac-wotlk-authserver:native-079c84e8  Built
 yulon.local/ac-wotlk-client-data:native-079c84e8  Built
 yulon.local/ac-wotlk-db-import:native-079c84e8  Built
 yulon.local/ac-wotlk-worldserver:native-079c84e8  Built
The build finished.
--- client-data
The part of the download that finished is kept: the fetch resumes from where it stopped.
Fetching server data (ac-client-data-init). The download resumes if it is interrupted.
Attaching to ac-client-data-init
ac-client-data-init  | yulon: client data v20.0 already installed

[Kac-client-data-init exited with code 0
 Container ac-client-data-init  Recreate
 Container ac-client-data-init  Recreated
Server data is in place.
--- start-db
Starting the database, which the import writes into.
2026-09-02 13:42:45 INFO [yulon.docker] start_database(): starting ac-database alone
The database is up.
--- import
Databases left half-written are detected and cleared before the import is run again, so nothing here has to be undone by hand.
The databases read as populated: 100 rows in acore_auth.account, 1000 rows in acore_characters.characters
They are already imported; leaving them alone.
--- up
Starting the server.
2026-09-02 13:42:52 INFO [yulon.docker] start_staged(): `compose up -d --no-deps ac-database ac-authserver ac-worldserver` in /home/pk/wow-server
--- ready
Waiting for the database.
Waiting for the world server to finish loading (this can take many minutes).
The server is up.
2026-09-02 13:43:49 INFO [yulon.catalog.native] install of wow-wotlk finished
WoW WotLK is installed and running in /home/pk/wow-server
