shipped recipe: statuses=(139,) tools=('vmap extract', 'vmap assemble')
Installing WoW Vanilla into /home/pk/vanilla-75
You can stop this at any time. What an install writes outside the folder below is named here rather than denied: the images this build produces and the volumes holding the database and the server data, which live in Docker's own storage — that is why the checks below look at the space on Docker's disk too; Docker itself, when no daemon answers yet (on Linux: system packages, a service, and the group you are asked about first); and this app's own settings and log, in its config folder. Starting the install again continues from where it stopped: source this app has finished cloning is never fetched, reset or moved, and the build is not run a second time once Docker confirms its images are there. Everything cheap runs again on every attempt — the compose files this app writes are put back the way the catalog says, the server-data download resumes and re-checks itself, and the database and server are started and waited for.
Checking Docker.
[pass] Docker: the daemon answered
[pass] memory: Docker's VM has 15.5 GB
[pass] compiler jobs vs memory: 2 parallel jobs against about 7 the memory affords
[warn] free space on Docker's disk and the server folder: 40 GB free; 60 GB is the comfortable figure (the server folder and Docker's disk share one drive, so both needs add up)
[pass] the server folder: /home/pk/vanilla-75 looks usable
[pass] sharing the folder with Docker: a container can read /home/pk/vanilla-75
[pass] SELinux: not enforcing
[pass] the server's ports: nothing else is using them
[pass] the client folder: /home/pk/clients/WoW-Client-1.12.1 has a Data directory
[pass] the client's expansion data: Data/dbc.MPQ is there
[pass] the client's archives: 14 MPQ archives directly in /home/pk/clients/WoW-Client-1.12.1/Data
[warn] the client's origin: realmlist.wtf sits at the root of /home/pk/clients/WoW-Client-1.12.1 and there is no locale folder, which is how a repack looks Use a clean client of this expansion if extraction comes up short — repacks have rearranged archives and often extract incompletely.
[pass] free space next to the client: 40 GB free on the drive holding the client
[pass] sharing the client with Docker: a container can read the client folder
Using /home/pk/vanilla-75 (a fresh install)
2026-09-04 01:54:24 INFO [yulon.platform] holding this machine awake for the build: systemd-inhibit --what=idle:sleep --who=Yu'lon --why=installing a server sleep infinity
--- clone-sources
Cloning cmangos/mangos-classic into src/mangos-classic
2026-09-04 01:54:24 INFO [yulon.git] containerized git: `run --rm -v /home/pk/vanilla-75/src/mangos-classic:/git -w /git --user 1000:1000 alpine/git@sha256:c0280cf9572316299b08544065d3bf35db65043d5e3963982ec50647d2746e26 -c core.autocrlf=false -c core.eol=lf -c http.version=HTTP/1.1 clone --config core.autocrlf=false --config core.eol=lf --config http.version=HTTP/1.1 --depth 1 https://github.com/cmangos/mangos-classic.git .` into /home/pk/vanilla-75/src/mangos-classic
Cloning cmangos/playerbots into src/mangos-classic/src/modules/Bots
2026-09-04 01:54:28 INFO [yulon.git] containerized git: `run --rm -v /home/pk/vanilla-75/src/mangos-classic/src/modules/Bots:/git -w /git --user 1000:1000 alpine/git@sha256:c0280cf9572316299b08544065d3bf35db65043d5e3963982ec50647d2746e26 -c core.autocrlf=false -c core.eol=lf -c http.version=HTTP/1.1 clone --config core.autocrlf=false --config core.eol=lf --config http.version=HTTP/1.1 --depth 1 https://github.com/cmangos/playerbots.git .` into /home/pk/vanilla-75/src/mangos-classic/src/modules/Bots
Cloning cmangos/classic-db into src/classic-db
2026-09-04 01:54:33 INFO [yulon.git] containerized git: `run --rm -v /home/pk/vanilla-75/src/classic-db:/git -w /git --user 1000:1000 alpine/git@sha256:c0280cf9572316299b08544065d3bf35db65043d5e3963982ec50647d2746e26 -c core.autocrlf=false -c core.eol=lf -c http.version=HTTP/1.1 clone --config core.autocrlf=false --config core.eol=lf --config http.version=HTTP/1.1 --depth 1 https://github.com/cmangos/classic-db.git .` into /home/pk/vanilla-75/src/classic-db
Sources are in place.
--- db-password
Wrote this install's database password to .db_password. Back that file up: the database in yulon-wow-vanilla-0baff6f3_db-data cannot be opened without it.
--- write-dockerfile
2026-09-04 01:54:36 INFO [yulon.catalog.families.dockerfile] wrote /home/pk/vanilla-75/Dockerfile
2026-09-04 01:54:36 INFO [yulon.catalog.families.dockerfile] wrote /home/pk/vanilla-75/.dockerignore
Wrote Dockerfile
Wrote .dockerignore
--- generate-compose
Wrote docker-compose.yml
Wrote docker-compose.override.yml
Wrote docker-compose.build.yml
Wrote .env
--- build
Stopping now leaves Docker finishing the build step it is already on, in the background. That is deliberate: the work it has done is kept, and starting this install again picks up from there instead of compiling it all a second time.
Building the server. This takes hours on a first install; the output below is live.
2026-09-04 01:54:36 INFO [yulon.docker] build_staged(): `docker compose -f docker-compose.yml -f docker-compose.override.yml -f docker-compose.build.yml build --progress plain` in /home/pk/vanilla-75
--progress is a global compose flag, better use `docker compose --progress xx build ...
 Image yulon.local/cmangos-vanilla-server:native-0baff6f3 Building 
#1 [internal] load local bake definitions
#1 reading from stdin 572B done
#1 DONE 0.0s

#2 [internal] load build definition from Dockerfile
#2 transferring dockerfile: 5.10kB done
#2 DONE 0.0s

#3 [internal] load metadata for docker.io/library/ubuntu:22.04
#3 DONE 0.9s

#4 [internal] load .dockerignore
#4 transferring context: 549B done
#4 DONE 0.0s

#5 [builder 1/7] FROM docker.io/library/ubuntu:22.04@sha256:2edbbc5dc405e9612ba3584ce95480277e3eb374407b5505fe26f17df77c7dbc
#5 resolve docker.io/library/ubuntu:22.04@sha256:2edbbc5dc405e9612ba3584ce95480277e3eb374407b5505fe26f17df77c7dbc 0.0s done
#5 DONE 0.0s

#6 [internal] load build context
#6 transferring context: 264.32MB 2.2s done
#6 DONE 2.3s

#7 [builder 2/7] RUN apt-get update && apt-get install -y --no-install-recommends     build-essential     ca-certificates     cmake     g++-12     gcc-12     git     libssl-dev     default-libmysqlclient-dev     libace-dev     libtbb-dev     libboost-all-dev     libreadline-dev     zlib1g-dev     openssl     p7zip-full     && rm -rf /var/lib/apt/lists/*
#7 0.512 Get:1 http://archive.ubuntu.com/ubuntu jammy InRelease [270 kB]
#7 0.699 Get:2 http://archive.ubuntu.com/ubuntu jammy-updates InRelease [128 kB]
#7 0.700 Get:3 http://security.ubuntu.com/ubuntu jammy-security InRelease [129 kB]
#7 0.744 Get:4 http://archive.ubuntu.com/ubuntu jammy-backports InRelease [127 kB]
#7 0.850 Get:5 http://archive.ubuntu.com/ubuntu jammy/universe amd64 Packages [17.5 MB]
#7 1.461 Get:6 http://security.ubuntu.com/ubuntu jammy-security/main amd64 Packages [4265 kB]
#7 1.632 Get:7 http://archive.ubuntu.com/ubuntu jammy/multiverse amd64 Packages [266 kB]
#7 1.644 Get:8 http://archive.ubuntu.com/ubuntu jammy/restricted amd64 Packages [164 kB]
#7 1.652 Get:9 http://archive.ubuntu.com/ubuntu jammy/main amd64 Packages [1792 kB]
#7 1.776 Get:10 http://archive.ubuntu.com/ubuntu jammy-updates/universe amd64 Packages [1620 kB]
#7 1.808 Get:11 http://archive.ubuntu.com/ubuntu jammy-updates/main amd64 Packages [4623 kB]
#7 2.008 Get:12 http://archive.ubuntu.com/ubuntu jammy-updates/restricted amd64 Packages [8004 kB]
#7 2.178 Get:13 http://archive.ubuntu.com/ubuntu jammy-updates/multiverse amd64 Packages [92.7 kB]
#7 2.180 Get:14 http://archive.ubuntu.com/ubuntu jammy-backports/main amd64 Packages [82.8 kB]
#7 2.186 Get:15 http://archive.ubuntu.com/ubuntu jammy-backports/universe amd64 Packages [35.6 kB]
#7 2.766 Get:16 http://security.ubuntu.com/ubuntu jammy-security/restricted amd64 Packages [7674 kB]
#7 3.179 Get:17 http://security.ubuntu.com/ubuntu jammy-security/multiverse amd64 Packages [84.1 kB]
#7 3.183 Get:18 http://security.ubuntu.com/ubuntu jammy-security/universe amd64 Packages [1316 kB]
#7 4.045 Fetched 48.1 MB in 4s (13.1 MB/s)
#7 4.045 Reading package lists...
#7 5.329 Reading package lists...
#7 6.567 Building dependency tree...
#7 6.804 Reading state information...
#7 7.132 The following additional packages will be installed:
#7 7.132   autoconf automake autotools-dev binutils binutils-common
#7 7.132   binutils-x86-64-linux-gnu bzip2 cmake-data cpp cpp-11 cpp-12 dh-elpa-helper
#7 7.132   dpkg-dev emacsen-common g++ g++-11 gcc gcc-11 gcc-11-base gfortran-11
#7 7.132   git-man ibverbs-providers icu-devtools libace-7.0.6 libarchive13 libasan6
#7 7.132   libasan8 libatomic1 libbinutils libboost-atomic-dev libboost-atomic1.74-dev
#7 7.132   libboost-atomic1.74.0 libboost-chrono-dev libboost-chrono1.74-dev
#7 7.132   libboost-chrono1.74.0 libboost-container-dev libboost-container1.74-dev
#7 7.132   libboost-container1.74.0 libboost-context-dev libboost-context1.74-dev
#7 7.132   libboost-context1.74.0 libboost-coroutine-dev libboost-coroutine1.74-dev
#7 7.132   libboost-coroutine1.74.0 libboost-date-time-dev libboost-date-time1.74-dev
#7 7.132   libboost-date-time1.74.0 libboost-dev libboost-exception-dev
#7 7.132   libboost-exception1.74-dev libboost-fiber-dev libboost-fiber1.74-dev
#7 7.132   libboost-fiber1.74.0 libboost-filesystem-dev libboost-filesystem1.74-dev
#7 7.132   libboost-filesystem1.74.0 libboost-graph-dev libboost-graph-parallel-dev
#7 7.132   libboost-graph-parallel1.74-dev libboost-graph-parallel1.74.0
#7 7.132   libboost-graph1.74-dev libboost-graph1.74.0 libboost-iostreams-dev
#7 7.132   libboost-iostreams1.74-dev libboost-iostreams1.74.0 libboost-locale-dev
#7 7.132   libboost-locale1.74-dev libboost-locale1.74.0 libboost-log-dev
#7 7.132   libboost-log1.74-dev libboost-log1.74.0 libboost-math-dev
#7 7.132   libboost-math1.74-dev libboost-math1.74.0 libboost-mpi-dev
#7 7.132   libboost-mpi-python-dev libboost-mpi-python1.74-dev
#7 7.132   libboost-mpi-python1.74.0 libboost-mpi1.74-dev libboost-mpi1.74.0
#7 7.132   libboost-nowide-dev libboost-nowide1.74-dev libboost-nowide1.74.0
#7 7.132   libboost-numpy-dev libboost-numpy1.74-dev libboost-numpy1.74.0
#7 7.132   libboost-program-options-dev libboost-program-options1.74-dev
#7 7.132   libboost-program-options1.74.0 libboost-python-dev libboost-python1.74-dev
#7 7.132   libboost-python1.74.0 libboost-random-dev libboost-random1.74-dev
#7 7.132   libboost-random1.74.0 libboost-regex-dev libboost-regex1.74-dev
#7 7.132   libboost-regex1.74.0 libboost-serialization-dev
#7 7.132   libboost-serialization1.74-dev libboost-serialization1.74.0
#7 7.132   libboost-stacktrace-dev libboost-stacktrace1.74-dev
#7 7.132   libboost-stacktrace1.74.0 libboost-system-dev libboost-system1.74-dev
#7 7.132   libboost-system1.74.0 libboost-test-dev libboost-test1.74-dev
#7 7.132   libboost-test1.74.0 libboost-thread-dev libboost-thread1.74-dev
#7 7.132   libboost-thread1.74.0 libboost-timer-dev libboost-timer1.74-dev
#7 7.132   libboost-timer1.74.0 libboost-tools-dev libboost-type-erasure-dev
#7 7.132   libboost-type-erasure1.74-dev libboost-type-erasure1.74.0 libboost-wave-dev
#7 7.132   libboost-wave1.74-dev libboost-wave1.74.0 libboost1.74-dev
#7 7.132   libboost1.74-tools-dev libbrotli1 libbsd0 libbz2-1.0 libc-dev-bin libc6-dev
#7 7.132   libcbor0.8 libcc1-0 libcrypt-dev libctf-nobfd0 libctf0 libcurl3-gnutls
#7 7.132   libcurl4 libdpkg-perl libedit2 liberror-perl libevent-2.1-7
#7 7.132   libevent-core-2.1-7 libevent-dev libevent-extra-2.1-7 libevent-openssl-2.1-7
#7 7.132   libevent-pthreads-2.1-7 libexpat1 libexpat1-dev libfabric1 libfido2-1
#7 7.132   libgcc-11-dev libgcc-12-dev libgdbm-compat4 libgdbm6 libgfortran-11-dev
#7 7.132   libgfortran5 libgomp1 libhwloc-dev libhwloc-plugins libhwloc15
#7 7.132   libibverbs-dev libibverbs1 libicu-dev libicu70 libisl23 libitm1 libjs-jquery
#7 7.133   libjs-jquery-ui libjs-sphinxdoc libjs-underscore libjsoncpp25 libldap-2.5-0
#7 7.133   liblsan0 libltdl-dev libltdl7 libmd0 libmpc3 libmpdec3 libmpfr6
#7 7.133   libmysqlclient-dev libmysqlclient21 libncurses-dev libncurses6 libncursesw6
#7 7.133   libnghttp2-14 libnl-3-200 libnl-3-dev libnl-route-3-200 libnl-route-3-dev
#7 7.133   libnsl-dev libnuma-dev libnuma1 libopenmpi-dev libopenmpi3 libpciaccess0
#7 7.133   libperl5.34 libpmix-dev libpmix2 libpsl5 libpsm-infinipath1 libpsm2-2
#7 7.133   libpython3-dev libpython3-stdlib libpython3.10 libpython3.10-dev
#7 7.133   libpython3.10-minimal libpython3.10-stdlib libquadmath0 librdmacm1
#7 7.133   libreadline8 librhash0 librtmp1 libsasl2-2 libsasl2-modules-db libsigsegv2
#7 7.133   libsqlite3-0 libssh-4 libssl3 libstdc++-11-dev libstdc++-12-dev libtbb12
#7 7.133   libtbbmalloc2 libtinfo6 libtirpc-dev libtsan0 libtsan2 libubsan1 libucx0
#7 7.133   libuv1 libx11-6 libx11-data libxau6 libxcb1 libxdmcp6 libxext6 libxml2
#7 7.133   libxnvctrl0 libzstd-dev linux-libc-dev lto-disabled-list m4 make media-types
#7 7.134   mpi-default-bin mpi-default-dev mysql-common ocl-icd-libopencl1 openmpi-bin
#7 7.134   openmpi-common openssh-client p7zip patch perl perl-base perl-modules-5.34
#7 7.134   python3 python3-dev python3-distutils python3-lib2to3 python3-minimal
#7 7.134   python3.10 python3.10-dev python3.10-minimal readline-common rpcsvc-proto
#7 7.134   xz-utils
#7 7.136 Suggested packages:
#7 7.136   autoconf-archive gnu-standards autoconf-doc libtool gettext binutils-doc
#7 7.136   bzip2-doc cmake-doc ninja-build cmake-format cpp-doc gcc-11-locales
#7 7.136   gcc-12-locales cpp-12-doc debian-keyring g++-multilib g++-11-multilib
#7 7.136   gcc-11-doc g++-12-multilib gcc-12-doc gcc-multilib manpages-dev flex bison
#7 7.136   gdb gcc-doc gcc-11-multilib gcc-12-multilib gfortran-11-multilib
#7 7.136   gfortran-11-doc libcoarrays-dev gettext-base git-daemon-run
#7 7.136   | git-daemon-sysvinit git-doc git-email git-gui gitk gitweb git-cvs
#7 7.136   git-mediawiki git-svn libace-doc pkg-config lrzip libboost-doc graphviz
#7 7.136   libboost1.74-doc gccxml libboost-contract1.74-dev libmpfrc++-dev libntl-dev
#7 7.136   xsltproc doxygen docbook-xml docbook-xsl default-jdk fop glibc-doc gnupg bzr
#7 7.136   gdbm-l10n libhwloc-contrib-plugins icu-doc libjs-jquery-ui-docs libtool-doc
#7 7.136   ncurses-doc openmpi-doc pciutils readline-doc libssl-doc libstdc++-11-doc
#7 7.136   libstdc++-12-doc libtbb-doc m4-doc make-doc opencl-icd gfortran
#7 7.136   | fortran-compiler keychain libpam-ssh monkeysphere ssh-askpass p7zip-rar ed
#7 7.136   diffutils-doc perl-doc libterm-readline-gnu-perl
#7 7.136   | libterm-readline-perl-perl libtap-harness-archive-perl python3-doc
#7 7.136   python3-tk python3-venv python3.10-venv python3.10-doc binfmt-support
#7 7.136 Recommended packages:
#7 7.136   fakeroot gnupg libalgorithm-merge-perl less manpages manpages-dev
#7 7.136   libc-devtools libfile-fcntllock-perl liblocale-gettext-perl
#7 7.136   javascript-common libldap-common libtool libgpm2 libcoarrays-openmpi-dev
#7 7.136   publicsuffix libsasl2-modules xauth netbase
#7 7.996 The following NEW packages will be installed:
#7 7.996   autoconf automake autotools-dev binutils binutils-common
#7 7.996   binutils-x86-64-linux-gnu build-essential bzip2 ca-certificates cmake
#7 7.996   cmake-data cpp cpp-11 cpp-12 default-libmysqlclient-dev dh-elpa-helper
#7 7.996   dpkg-dev emacsen-common g++ g++-11 g++-12 gcc gcc-11 gcc-11-base gcc-12
#7 7.996   gfortran-11 git git-man ibverbs-providers icu-devtools libace-7.0.6
#7 7.996   libace-dev libarchive13 libasan6 libasan8 libatomic1 libbinutils
#7 7.996   libboost-all-dev libboost-atomic-dev libboost-atomic1.74-dev
#7 7.996   libboost-atomic1.74.0 libboost-chrono-dev libboost-chrono1.74-dev
#7 7.996   libboost-chrono1.74.0 libboost-container-dev libboost-container1.74-dev
#7 7.996   libboost-container1.74.0 libboost-context-dev libboost-context1.74-dev
#7 7.996   libboost-context1.74.0 libboost-coroutine-dev libboost-coroutine1.74-dev
#7 7.996   libboost-coroutine1.74.0 libboost-date-time-dev libboost-date-time1.74-dev
#7 7.996   libboost-date-time1.74.0 libboost-dev libboost-exception-dev
#7 7.996   libboost-exception1.74-dev libboost-fiber-dev libboost-fiber1.74-dev
#7 7.996   libboost-fiber1.74.0 libboost-filesystem-dev libboost-filesystem1.74-dev
#7 7.996   libboost-filesystem1.74.0 libboost-graph-dev libboost-graph-parallel-dev
#7 7.996   libboost-graph-parallel1.74-dev libboost-graph-parallel1.74.0
#7 7.996   libboost-graph1.74-dev libboost-graph1.74.0 libboost-iostreams-dev
#7 7.996   libboost-iostreams1.74-dev libboost-iostreams1.74.0 libboost-locale-dev
#7 7.996   libboost-locale1.74-dev libboost-locale1.74.0 libboost-log-dev
#7 7.996   libboost-log1.74-dev libboost-log1.74.0 libboost-math-dev
#7 7.996   libboost-math1.74-dev libboost-math1.74.0 libboost-mpi-dev
#7 7.996   libboost-mpi-python-dev libboost-mpi-python1.74-dev
#7 7.996   libboost-mpi-python1.74.0 libboost-mpi1.74-dev libboost-mpi1.74.0
#7 7.996   libboost-nowide-dev libboost-nowide1.74-dev libboost-nowide1.74.0
#7 7.996   libboost-numpy-dev libboost-numpy1.74-dev libboost-numpy1.74.0
#7 7.996   libboost-program-options-dev libboost-program-options1.74-dev
#7 7.996   libboost-program-options1.74.0 libboost-python-dev libboost-python1.74-dev
#7 7.996   libboost-python1.74.0 libboost-random-dev libboost-random1.74-dev
#7 7.996   libboost-random1.74.0 libboost-regex-dev libboost-regex1.74-dev
#7 7.996   libboost-regex1.74.0 libboost-serialization-dev
#7 7.996   libboost-serialization1.74-dev libboost-serialization1.74.0
#7 7.996   libboost-stacktrace-dev libboost-stacktrace1.74-dev
#7 7.996   libboost-stacktrace1.74.0 libboost-system-dev libboost-system1.74-dev
#7 7.996   libboost-system1.74.0 libboost-test-dev libboost-test1.74-dev
#7 7.996   libboost-test1.74.0 libboost-thread-dev libboost-thread1.74-dev
#7 7.996   libboost-thread1.74.0 libboost-timer-dev libboost-timer1.74-dev
#7 7.996   libboost-timer1.74.0 libboost-tools-dev libboost-type-erasure-dev
#7 7.996   libboost-type-erasure1.74-dev libboost-type-erasure1.74.0 libboost-wave-dev
#7 7.996   libboost-wave1.74-dev libboost-wave1.74.0 libboost1.74-dev
#7 7.997   libboost1.74-tools-dev libbrotli1 libbsd0 libc-dev-bin libc6-dev libcbor0.8
#7 7.997   libcc1-0 libcrypt-dev libctf-nobfd0 libctf0 libcurl3-gnutls libcurl4
#7 7.997   libdpkg-perl libedit2 liberror-perl libevent-2.1-7 libevent-core-2.1-7
#7 7.997   libevent-dev libevent-extra-2.1-7 libevent-openssl-2.1-7
#7 7.997   libevent-pthreads-2.1-7 libexpat1 libexpat1-dev libfabric1 libfido2-1
#7 7.997   libgcc-11-dev libgcc-12-dev libgdbm-compat4 libgdbm6 libgfortran-11-dev
#7 7.997   libgfortran5 libgomp1 libhwloc-dev libhwloc-plugins libhwloc15
#7 7.997   libibverbs-dev libibverbs1 libicu-dev libicu70 libisl23 libitm1 libjs-jquery
#7 7.997   libjs-jquery-ui libjs-sphinxdoc libjs-underscore libjsoncpp25 libldap-2.5-0
#7 7.997   liblsan0 libltdl-dev libltdl7 libmd0 libmpc3 libmpdec3 libmpfr6
#7 7.997   libmysqlclient-dev libmysqlclient21 libncurses-dev libnghttp2-14 libnl-3-200
#7 7.997   libnl-3-dev libnl-route-3-200 libnl-route-3-dev libnsl-dev libnuma-dev
#7 7.997   libnuma1 libopenmpi-dev libopenmpi3 libpciaccess0 libperl5.34 libpmix-dev
#7 7.997   libpmix2 libpsl5 libpsm-infinipath1 libpsm2-2 libpython3-dev
#7 7.997   libpython3-stdlib libpython3.10 libpython3.10-dev libpython3.10-minimal
#7 7.997   libpython3.10-stdlib libquadmath0 librdmacm1 libreadline-dev libreadline8
#7 7.997   librhash0 librtmp1 libsasl2-2 libsasl2-modules-db libsigsegv2 libsqlite3-0
#7 7.997   libssh-4 libssl-dev libstdc++-11-dev libstdc++-12-dev libtbb-dev libtbb12
#7 7.997   libtbbmalloc2 libtirpc-dev libtsan0 libtsan2 libubsan1 libucx0 libuv1
#7 7.997   libx11-6 libx11-data libxau6 libxcb1 libxdmcp6 libxext6 libxml2 libxnvctrl0
#7 7.997   libzstd-dev linux-libc-dev lto-disabled-list m4 make media-types
#7 7.997   mpi-default-bin mpi-default-dev mysql-common ocl-icd-libopencl1 openmpi-bin
#7 7.997   openmpi-common openssh-client openssl p7zip p7zip-full patch perl
#7 7.998   perl-modules-5.34 python3 python3-dev python3-distutils python3-lib2to3
#7 7.998   python3-minimal python3.10 python3.10-dev python3.10-minimal readline-common
#7 7.998   rpcsvc-proto xz-utils zlib1g-dev
#7 7.999 The following packages will be upgraded:
#7 8.000   libbz2-1.0 libncurses6 libncursesw6 libssl3 libtinfo6 perl-base
#7 8.099 6 upgraded, 275 newly installed, 0 to remove and 18 not upgraded.
#7 8.099 Need to get 250 MB of archives.
#7 8.099 After this operation, 1127 MB of additional disk space will be used.
#7 8.099 Get:1 http://archive.ubuntu.com/ubuntu jammy-updates/main amd64 perl-base amd64 5.34.0-3ubuntu1.8 [1762 kB]
#7 8.375 Get:2 http://archive.ubuntu.com/ubuntu jammy-updates/main amd64 libssl3 amd64 3.0.2-0ubuntu1.29 [1906 kB]
#7 8.414 Get:3 http://archive.ubuntu.com/ubuntu jammy-updates/main amd64 libpython3.10-minimal amd64 3.10.12-1~22.04.17 [817 kB]
#7 8.428 Get:4 http://archive.ubuntu.com/ubuntu jammy-updates/main amd64 libexpat1 amd64 2.4.7-1ubuntu0.7 [92.1 kB]
#7 8.431 Get:5 http://archive.ubuntu.com/ubuntu jammy-updates/main amd64 python3.10-minimal amd64 3.10.12-1~22.04.17 [2279 kB]
#7 8.471 Get:6 http://archive.ubuntu.com/ubuntu jammy-updates/main amd64 python3-minimal amd64 3.10.6-1~22.04.1 [24.3 kB]
#7 8.474 Get:7 http://archive.ubuntu.com/ubuntu jammy/main amd64 media-types all 7.0.0 [25.5 kB]
#7 8.474 Get:8 http://archive.ubuntu.com/ubuntu jammy-updates/main amd64 libbz2-1.0 amd64 1.0.8-5ubuntu0.1 [34.5 kB]
#7 8.474 Get:9 http://archive.ubuntu.com/ubuntu jammy/main amd64 libmpdec3 amd64 2.5.1-2build2 [86.8 kB]
#7 8.474 Get:10 http://archive.ubuntu.com/ubuntu jammy-updates/main amd64 libncurses6 amd64 6.3-2ubuntu0.3 [111 kB]
#7 8.477 Get:11 http://archive.ubuntu.com/ubuntu jammy-updates/main amd64 libncursesw6 amd64 6.3-2ubuntu0.3 [147 kB]
#7 8.478 Get:12 http://archive.ubuntu.com/ubuntu jammy-updates/main amd64 libtinfo6 amd64 6.3-2ubuntu0.3 [105 kB]
#7 8.500 Get:13 http://archive.ubuntu.com/ubuntu jammy/main amd64 readline-common all 8.1.2-1 [53.5 kB]
#7 8.502 Get:14 http://archive.ubuntu.com/ubuntu jammy/main amd64 libreadline8 amd64 8.1.2-1 [153 kB]
#7 8.533 Get:15 http://archive.ubuntu.com/ubuntu jammy-updates/main amd64 libsqlite3-0 amd64 3.37.2-2ubuntu0.7 [643 kB]
#7 8.545 Get:16 http://archive.ubuntu.com/ubuntu jammy-updates/main amd64 libpython3.10-stdlib amd64 3.10.12-1~22.04.17 [1850 kB]
#7 8.576 Get:17 http://archive.ubuntu.com/ubuntu jammy-updates/main amd64 python3.10 amd64 3.10.12-1~22.04.17 [508 kB]
#7 8.587 Get:18 http://archive.ubuntu.com/ubuntu jammy-updates/main amd64 libpython3-stdlib amd64 3.10.6-1~22.04.1 [6812 B]
#7 8.587 Get:19 http://archive.ubuntu.com/ubuntu jammy-updates/main amd64 python3 amd64 3.10.6-1~22.04.1 [22.8 kB]
#7 8.588 Get:20 http://archive.ubuntu.com/ubuntu jammy-updates/main amd64 perl-modules-5.34 all 5.34.0-3ubuntu1.8 [2977 kB]
#7 8.635 Get:21 http://archive.ubuntu.com/ubuntu jammy/main amd64 libgdbm6 amd64 1.23-1 [33.9 kB]
#7 8.637 Get:22 http://archive.ubuntu.com/ubuntu jammy/main amd64 libgdbm-compat4 amd64 1.23-1 [6606 B]
#7 8.637 Get:23 http://archive.ubuntu.com/ubuntu jammy-updates/main amd64 libperl5.34 amd64 5.34.0-3ubuntu1.8 [4798 kB]
#7 8.725 Get:24 http://archive.ubuntu.com/ubuntu jammy-updates/main amd64 perl amd64 5.34.0-3ubuntu1.8 [232 kB]
#7 8.729 Get:25 http://archive.ubuntu.com/ubuntu jammy-updates/main amd64 openssl amd64 3.0.2-0ubuntu1.29 [1185 kB]
#7 8.792 Get:26 http://archive.ubuntu.com/ubuntu jammy-updates/main amd64 ca-certificates all 20260601~22.04.1 [141 kB]
#7 8.793 Get:27 http://archive.ubuntu.com/ubuntu jammy/main amd64 libmd0 amd64 1.0.4-1build1 [23.0 kB]
#7 8.794 Get:28 http://archive.ubuntu.com/ubuntu jammy/main amd64 libbsd0 amd64 0.11.5-1 [44.8 kB]
#7 8.794 Get:29 http://archive.ubuntu.com/ubuntu jammy/main amd64 libicu70 amd64 70.1-2 [10.6 MB]
#7 8.952 Get:30 http://archive.ubuntu.com/ubuntu jammy-updates/main amd64 libxml2 amd64 2.9.13+dfsg-1ubuntu0.12 [765 kB]
#7 8.965 Get:31 http://archive.ubuntu.com/ubuntu jammy/main amd64 libcbor0.8 amd64 0.8.0-2ubuntu1 [24.6 kB]
#7 8.966 Get:32 http://archive.ubuntu.com/ubuntu jammy/main amd64 libedit2 amd64 3.1-20210910-1build1 [96.8 kB]
#7 8.967 Get:33 http://archive.ubuntu.com/ubuntu jammy/main amd64 libfido2-1 amd64 1.10.0-1 [82.8 kB]
#7 8.968 Get:34 http://archive.ubuntu.com/ubuntu jammy-updates/main amd64 libnghttp2-14 amd64 1.43.0-1ubuntu0.4 [76.9 kB]
#7 8.969 Get:35 http://archive.ubuntu.com/ubuntu jammy/main amd64 libnuma1 amd64 2.0.14-3ubuntu2 [22.5 kB]
#7 8.969 Get:36 http://archive.ubuntu.com/ubuntu jammy/main amd64 libpsl5 amd64 0.21.0-1.2build2 [58.4 kB]
#7 8.973 Get:37 http://archive.ubuntu.com/ubuntu jammy-updates/main amd64 libuv1 amd64 1.43.0-1ubuntu0.1 [92.7 kB]
#7 8.974 Get:38 http://archive.ubuntu.com/ubuntu jammy/main amd64 libxau6 amd64 1:1.0.9-1build5 [7634 B]
#7 8.986 Get:39 http://archive.ubuntu.com/ubuntu jammy/main amd64 libxdmcp6 amd64 1:1.1.3-0ubuntu5 [10.9 kB]
#7 9.019 Get:40 http://archive.ubuntu.com/ubuntu jammy/main amd64 libxcb1 amd64 1.14-3ubuntu3 [49.0 kB]
#7 9.021 Get:41 http://archive.ubuntu.com/ubuntu jammy-updates/main amd64 libx11-data all 2:1.7.5-1ubuntu0.3 [120 kB]
#7 9.024 Get:42 http://archive.ubuntu.com/ubuntu jammy-updates/main amd64 libx11-6 amd64 2:1.7.5-1ubuntu0.3 [667 kB]
#7 9.039 Get:43 http://archive.ubuntu.com/ubuntu jammy/main amd64 libxext6 amd64 2:1.3.4-1build1 [31.8 kB]
#7 9.040 Get:44 http://archive.ubuntu.com/ubuntu jammy-updates/main amd64 openssh-client amd64 1:8.9p1-3ubuntu0.17 [905 kB]
#7 9.053 Get:45 http://archive.ubuntu.com/ubuntu jammy-updates/main amd64 xz-utils amd64 5.2.5-2ubuntu1.1 [84.8 kB]
#7 9.055 Get:46 http://archive.ubuntu.com/ubuntu jammy/main amd64 libsigsegv2 amd64 2.13-1ubuntu3 [14.6 kB]
#7 9.055 Get:47 http://archive.ubuntu.com/ubuntu jammy/main amd64 m4 amd64 1.4.18-5ubuntu2 [199 kB]
#7 9.058 Get:48 http://archive.ubuntu.com/ubuntu jammy/main amd64 autoconf all 2.71-2 [338 kB]
#7 9.065 Get:49 http://archive.ubuntu.com/ubuntu jammy/main amd64 autotools-dev all 20220109.1 [44.9 kB]
#7 9.091 Get:50 http://archive.ubuntu.com/ubuntu jammy/main amd64 automake all 1:1.16.5-1.3 [558 kB]
#7 9.104 Get:51 http://archive.ubuntu.com/ubuntu jammy-updates/main amd64 binutils-common amd64 2.38-4ubuntu2.12 [223 kB]
#7 9.108 Get:52 http://archive.ubuntu.com/ubuntu jammy-updates/main amd64 libbinutils amd64 2.38-4ubuntu2.12 [663 kB]
#7 9.120 Get:53 http://archive.ubuntu.com/ubuntu jammy-updates/main amd64 libctf-nobfd0 amd64 2.38-4ubuntu2.12 [108 kB]
#7 9.122 Get:54 http://archive.ubuntu.com/ubuntu jammy-updates/main amd64 libctf0 amd64 2.38-4ubuntu2.12 [103 kB]
#7 9.124 Get:55 http://archive.ubuntu.com/ubuntu jammy-updates/main amd64 binutils-x86-64-linux-gnu amd64 2.38-4ubuntu2.12 [2324 kB]
#7 9.166 Get:56 http://archive.ubuntu.com/ubuntu jammy-updates/main amd64 binutils amd64 2.38-4ubuntu2.12 [3184 B]
#7 9.166 Get:57 http://archive.ubuntu.com/ubuntu jammy-updates/main amd64 libc-dev-bin amd64 2.35-0ubuntu3.14 [20.3 kB]
#7 9.166 Get:58 http://archive.ubuntu.com/ubuntu jammy-updates/main amd64 linux-libc-dev amd64 5.15.0-191.201 [1362 kB]
#7 9.212 Get:59 http://archive.ubuntu.com/ubuntu jammy/main amd64 libcrypt-dev amd64 1:4.4.27-1 [112 kB]
#7 9.214 Get:60 http://archive.ubuntu.com/ubuntu jammy/main amd64 rpcsvc-proto amd64 1.4.2-0ubuntu6 [68.5 kB]
#7 9.218 Get:61 http://archive.ubuntu.com/ubuntu jammy-updates/main amd64 libtirpc-dev amd64 1.3.2-2ubuntu0.1 [192 kB]
#7 9.222 Get:62 http://archive.ubuntu.com/ubuntu jammy/main amd64 libnsl-dev amd64 1.3.0-2build2 [71.3 kB]
#7 9.225 Get:63 http://archive.ubuntu.com/ubuntu jammy-updates/main amd64 libc6-dev amd64 2.35-0ubuntu3.14 [2100 kB]
#7 9.248 Get:64 http://archive.ubuntu.com/ubuntu jammy-updates/main amd64 gcc-11-base amd64 11.4.0-1ubuntu1~22.04.3 [216 kB]
#7 9.252 Get:65 http://archive.ubuntu.com/ubuntu jammy/main amd64 libisl23 amd64 0.24-2build1 [727 kB]
#7 9.262 Get:66 http://archive.ubuntu.com/ubuntu jammy/main amd64 libmpfr6 amd64 4.1.0-3build3 [1425 kB]
#7 9.276 Get:67 http://archive.ubuntu.com/ubuntu jammy/main amd64 libmpc3 amd64 1.2.1-2build1 [46.9 kB]
#7 9.277 Get:68 http://archive.ubuntu.com/ubuntu jammy-updates/main amd64 cpp-11 amd64 11.4.0-1ubuntu1~22.04.3 [10.0 MB]
#7 9.458 Get:69 http://archive.ubuntu.com/ubuntu jammy/main amd64 cpp amd64 4:11.2.0-1ubuntu1 [27.7 kB]
#7 9.459 Get:70 http://archive.ubuntu.com/ubuntu jammy-updates/main amd64 libcc1-0 amd64 12.3.0-1ubuntu1~22.04.3 [48.3 kB]
#7 9.459 Get:71 http://archive.ubuntu.com/ubuntu jammy-updates/main amd64 libgomp1 amd64 12.3.0-1ubuntu1~22.04.3 [127 kB]
#7 9.461 Get:72 http://archive.ubuntu.com/ubuntu jammy-updates/main amd64 libitm1 amd64 12.3.0-1ubuntu1~22.04.3 [30.2 kB]
#7 9.462 Get:73 http://archive.ubuntu.com/ubuntu jammy-updates/main amd64 libatomic1 amd64 12.3.0-1ubuntu1~22.04.3 [10.5 kB]
#7 9.462 Get:74 http://archive.ubuntu.com/ubuntu jammy-updates/main amd64 libasan6 amd64 11.4.0-1ubuntu1~22.04.3 [2283 kB]
#7 9.507 Get:75 http://archive.ubuntu.com/ubuntu jammy-updates/main amd64 liblsan0 amd64 12.3.0-1ubuntu1~22.04.3 [1069 kB]
#7 9.528 Get:76 http://archive.ubuntu.com/ubuntu jammy-updates/main amd64 libtsan0 amd64 11.4.0-1ubuntu1~22.04.3 [2260 kB]
#7 9.636 Get:77 http://archive.ubuntu.com/ubuntu jammy-updates/main amd64 libubsan1 amd64 12.3.0-1ubuntu1~22.04.3 [976 kB]
#7 9.656 Get:78 http://archive.ubuntu.com/ubuntu jammy-updates/main amd64 libquadmath0 amd64 12.3.0-1ubuntu1~22.04.3 [154 kB]
#7 9.660 Get:79 http://archive.ubuntu.com/ubuntu jammy-updates/main amd64 libgcc-11-dev amd64 11.4.0-1ubuntu1~22.04.3 [2517 kB]
#7 9.681 Get:80 http://archive.ubuntu.com/ubuntu jammy-updates/main amd64 gcc-11 amd64 11.4.0-1ubuntu1~22.04.3 [20.1 MB]
#7 ...

#8 [stage-1 2/4] RUN apt-get update && apt-get install -y --no-install-recommends     libssl3     libmysqlclient21     libace-dev     libtbb12     libboost-system1.74.0     libboost-filesystem1.74.0     libboost-program-options1.74.0     libreadline8     netcat-openbsd     mariadb-client     gzip     && rm -rf /var/lib/apt/lists/*
#8 0.512 Get:1 http://archive.ubuntu.com/ubuntu jammy InRelease [270 kB]
#8 0.696 Get:2 http://security.ubuntu.com/ubuntu jammy-security InRelease [129 kB]
#8 0.703 Get:3 http://archive.ubuntu.com/ubuntu jammy-updates InRelease [128 kB]
#8 0.752 Get:4 http://archive.ubuntu.com/ubuntu jammy-backports InRelease [127 kB]
#8 0.840 Get:5 http://archive.ubuntu.com/ubuntu jammy/universe amd64 Packages [17.5 MB]
#8 1.503 Get:6 http://security.ubuntu.com/ubuntu jammy-security/restricted amd64 Packages [7674 kB]
#8 1.539 Get:7 http://archive.ubuntu.com/ubuntu jammy/multiverse amd64 Packages [266 kB]
#8 1.548 Get:8 http://archive.ubuntu.com/ubuntu jammy/restricted amd64 Packages [164 kB]
#8 1.554 Get:9 http://archive.ubuntu.com/ubuntu jammy/main amd64 Packages [1792 kB]
#8 1.583 Get:10 http://archive.ubuntu.com/ubuntu jammy-updates/multiverse amd64 Packages [92.7 kB]
#8 1.584 Get:11 http://archive.ubuntu.com/ubuntu jammy-updates/restricted amd64 Packages [8004 kB]
#8 1.820 Get:12 http://archive.ubuntu.com/ubuntu jammy-updates/universe amd64 Packages [1620 kB]
#8 1.862 Get:13 http://archive.ubuntu.com/ubuntu jammy-updates/main amd64 Packages [4623 kB]
#8 2.037 Get:14 http://archive.ubuntu.com/ubuntu jammy-backports/main amd64 Packages [82.8 kB]
#8 2.046 Get:15 http://archive.ubuntu.com/ubuntu jammy-backports/universe amd64 Packages [35.6 kB]
#8 3.277 Get:16 http://security.ubuntu.com/ubuntu jammy-security/multiverse amd64 Packages [84.1 kB]
#8 3.281 Get:17 http://security.ubuntu.com/ubuntu jammy-security/main amd64 Packages [4265 kB]
#8 3.451 Get:18 http://security.ubuntu.com/ubuntu jammy-security/universe amd64 Packages [1316 kB]
#8 3.965 Fetched 48.1 MB in 4s (13.3 MB/s)
#8 3.965 Reading package lists...
#8 5.244 Reading package lists...
#8 6.486 Building dependency tree...
#8 6.718 Reading state information...
#8 7.023 gzip is already the newest version (1.10-4ubuntu4.2).
#8 7.023 The following additional packages will be installed:
#8 7.023   libace-7.0.6 libbsd0 libconfig-inifiles-perl libedit2 libgdbm-compat4
#8 7.024   libgdbm6 libmariadb3 libmd0 libperl5.34 libtbbmalloc2 mariadb-client-10.6
#8 7.024   mariadb-client-core-10.6 mariadb-common mysql-common perl perl-base
#8 7.024   perl-modules-5.34 readline-common
#8 7.026 Suggested packages:
#8 7.026   libace-doc pkg-config gdbm-l10n perl-doc libterm-readline-gnu-perl
#8 7.026   | libterm-readline-perl-perl make libtap-harness-archive-perl readline-doc
#8 7.026 Recommended packages:
#8 7.026   libdbd-mariadb-perl | libdbd-mysql-perl libdbi-perl libterm-readkey-perl
#8 7.026   netbase
#8 7.144 The following NEW packages will be installed:
#8 7.144   libace-7.0.6 libace-dev libboost-filesystem1.74.0
#8 7.145   libboost-program-options1.74.0 libboost-system1.74.0 libbsd0
#8 7.145   libconfig-inifiles-perl libedit2 libgdbm-compat4 libgdbm6 libmariadb3 libmd0
#8 7.145   libmysqlclient21 libperl5.34 libreadline8 libtbb12 libtbbmalloc2
#8 7.145   mariadb-client mariadb-client-10.6 mariadb-client-core-10.6 mariadb-common
#8 7.146   mysql-common netcat-openbsd perl perl-modules-5.34 readline-common
#8 7.147 The following packages will be upgraded:
#8 7.148   libssl3 perl-base
#8 7.610 2 upgraded, 26 newly installed, 0 to remove and 22 not upgraded.
#8 7.610 Need to get 18.9 MB of archives.
#8 7.610 After this operation, 114 MB of additional disk space will be used.
#8 7.610 Get:1 http://archive.ubuntu.com/ubuntu jammy-updates/main amd64 perl-base amd64 5.34.0-3ubuntu1.8 [1762 kB]
#8 9.294 Get:2 http://archive.ubuntu.com/ubuntu jammy-updates/main amd64 perl-modules-5.34 all 5.34.0-3ubuntu1.8 [2977 kB]
#8 9.743 Get:3 http://archive.ubuntu.com/ubuntu jammy/main amd64 libgdbm6 amd64 1.23-1 [33.9 kB]
#8 9.743 Get:4 http://archive.ubuntu.com/ubuntu jammy/main amd64 libgdbm-compat4 amd64 1.23-1 [6606 B]
#8 9.744 Get:5 http://archive.ubuntu.com/ubuntu jammy-updates/main amd64 libperl5.34 amd64 5.34.0-3ubuntu1.8 [4798 kB]
#8 ...

#7 [builder 2/7] RUN apt-get update && apt-get install -y --no-install-recommends     build-essential     ca-certificates     cmake     g++-12     gcc-12     git     libssl-dev     default-libmysqlclient-dev     libace-dev     libtbb-dev     libboost-all-dev     libreadline-dev     zlib1g-dev     openssl     p7zip-full     && rm -rf /var/lib/apt/lists/*
#7 10.13 Get:81 http://archive.ubuntu.com/ubuntu jammy/main amd64 gcc amd64 4:11.2.0-1ubuntu1 [5112 B]
#7 10.13 Get:82 http://archive.ubuntu.com/ubuntu jammy-updates/main amd64 libstdc++-11-dev amd64 11.4.0-1ubuntu1~22.04.3 [2101 kB]
#7 10.17 Get:83 http://archive.ubuntu.com/ubuntu jammy-updates/main amd64 g++-11 amd64 11.4.0-1ubuntu1~22.04.3 [11.4 MB]
#7 10.37 Get:84 http://archive.ubuntu.com/ubuntu jammy/main amd64 g++ amd64 4:11.2.0-1ubuntu1 [1412 B]
#7 10.37 Get:85 http://archive.ubuntu.com/ubuntu jammy/main amd64 make amd64 4.3-4.1build1 [180 kB]
#7 10.38 Get:86 http://archive.ubuntu.com/ubuntu jammy-updates/main amd64 libdpkg-perl all 1.21.1ubuntu2.6 [237 kB]
#7 10.38 Get:87 http://archive.ubuntu.com/ubuntu jammy-updates/main amd64 bzip2 amd64 1.0.8-5ubuntu0.1 [34.8 kB]
#7 10.38 Get:88 http://archive.ubuntu.com/ubuntu jammy/main amd64 patch amd64 2.7.6-7build2 [109 kB]
#7 10.38 Get:89 http://archive.ubuntu.com/ubuntu jammy/main amd64 lto-disabled-list all 24 [12.5 kB]
#7 10.38 Get:90 http://archive.ubuntu.com/ubuntu jammy-updates/main amd64 dpkg-dev all 1.21.1ubuntu2.6 [922 kB]
#7 10.40 Get:91 http://archive.ubuntu.com/ubuntu jammy/main amd64 build-essential amd64 12.9ubuntu3 [4744 B]
#7 10.40 Get:92 http://archive.ubuntu.com/ubuntu jammy-updates/main amd64 libarchive13 amd64 3.6.0-1ubuntu1.8 [368 kB]
#7 10.41 Get:93 http://archive.ubuntu.com/ubuntu jammy/main amd64 libbrotli1 amd64 1.0.9-2build6 [315 kB]
#7 10.42 Get:94 http://archive.ubuntu.com/ubuntu jammy-updates/main amd64 libsasl2-modules-db amd64 2.1.27+dfsg2-3ubuntu1.2 [20.5 kB]
#7 10.44 Get:95 http://archive.ubuntu.com/ubuntu jammy-updates/main amd64 libsasl2-2 amd64 2.1.27+dfsg2-3ubuntu1.2 [53.8 kB]
#7 10.44 Get:96 http://archive.ubuntu.com/ubuntu jammy-updates/main amd64 libldap-2.5-0 amd64 2.5.20+dfsg-0ubuntu0.22.04.1 [184 kB]
#7 10.45 Get:97 http://archive.ubuntu.com/ubuntu jammy/main amd64 librtmp1 amd64 2.4+20151223.gitfa8646d.1-2build4 [58.2 kB]
#7 10.45 Get:98 http://archive.ubuntu.com/ubuntu jammy-updates/main amd64 libssh-4 amd64 0.9.6-2ubuntu0.22.04.8 [189 kB]
#7 10.45 Get:99 http://archive.ubuntu.com/ubuntu jammy-updates/main amd64 libcurl4 amd64 7.81.0-1ubuntu1.27 [292 kB]
#7 10.46 Get:100 http://archive.ubuntu.com/ubuntu jammy/main amd64 libjsoncpp25 amd64 1.9.5-3 [80.0 kB]
#7 10.46 Get:101 http://archive.ubuntu.com/ubuntu jammy/main amd64 librhash0 amd64 1.4.2-1ubuntu1 [125 kB]
#7 10.79 Get:102 http://archive.ubuntu.com/ubuntu jammy/main amd64 dh-elpa-helper all 2.0.9ubuntu1 [7610 B]
#7 10.99 Get:103 http://archive.ubuntu.com/ubuntu jammy/main amd64 emacsen-common all 3.0.4 [14.9 kB]
#7 10.99 Get:104 http://archive.ubuntu.com/ubuntu jammy-updates/main amd64 cmake-data all 3.22.1-1ubuntu1.22.04.2 [1913 kB]
#7 12.35 Get:105 http://archive.ubuntu.com/ubuntu jammy-updates/main amd64 cmake amd64 3.22.1-1ubuntu1.22.04.2 [5010 kB]
#7 12.74 Get:106 http://archive.ubuntu.com/ubuntu jammy-updates/main amd64 cpp-12 amd64 12.3.0-1ubuntu1~22.04.3 [10.8 MB]
#7 13.21 Get:107 http://archive.ubuntu.com/ubuntu jammy/main amd64 mysql-common all 5.8+1.0.8 [7212 B]
#7 13.21 Get:108 http://archive.ubuntu.com/ubuntu jammy-updates/main amd64 libmysqlclient21 amd64 8.0.46-0ubuntu0.22.04.4 [1336 kB]
#7 13.31 Get:109 http://archive.ubuntu.com/ubuntu jammy-updates/main amd64 libssl-dev amd64 3.0.2-0ubuntu1.29 [2376 kB]
#7 13.34 Get:110 http://archive.ubuntu.com/ubuntu jammy/main amd64 libzstd-dev amd64 1.4.8+dfsg-3build1 [401 kB]
#7 13.34 Get:111 http://archive.ubuntu.com/ubuntu jammy-updates/main amd64 zlib1g-dev amd64 1:1.2.11.dfsg-2ubuntu9.2 [164 kB]
#7 13.35 Get:112 http://archive.ubuntu.com/ubuntu jammy-updates/main amd64 libmysqlclient-dev amd64 8.0.46-0ubuntu0.22.04.4 [1704 kB]
#7 13.44 Get:113 http://archive.ubuntu.com/ubuntu jammy/main amd64 default-libmysqlclient-dev amd64 1.0.8 [3586 B]
#7 13.44 Get:114 http://archive.ubuntu.com/ubuntu jammy-updates/main amd64 libasan8 amd64 12.3.0-1ubuntu1~22.04.3 [2442 kB]
#7 13.47 Get:115 http://archive.ubuntu.com/ubuntu jammy-updates/main amd64 libtsan2 amd64 12.3.0-1ubuntu1~22.04.3 [2478 kB]
#7 13.57 Get:116 http://archive.ubuntu.com/ubuntu jammy-updates/main amd64 libgcc-12-dev amd64 12.3.0-1ubuntu1~22.04.3 [2618 kB]
#7 13.80 Get:117 http://archive.ubuntu.com/ubuntu jammy-updates/main amd64 gcc-12 amd64 12.3.0-1ubuntu1~22.04.3 [21.7 MB]
#7 15.04 Get:118 http://archive.ubuntu.com/ubuntu jammy-updates/universe amd64 libstdc++-12-dev amd64 12.3.0-1ubuntu1~22.04.3 [2192 kB]
#7 15.32 Get:119 http://archive.ubuntu.com/ubuntu jammy-updates/universe amd64 g++-12 amd64 12.3.0-1ubuntu1~22.04.3 [12.2 MB]
#7 15.92 Get:120 http://archive.ubuntu.com/ubuntu jammy-updates/main amd64 libgfortran5 amd64 12.3.0-1ubuntu1~22.04.3 [879 kB]
#7 16.13 Get:121 http://archive.ubuntu.com/ubuntu jammy-updates/main amd64 libgfortran-11-dev amd64 11.4.0-1ubuntu1~22.04.3 [842 kB]
#7 16.16 Get:122 http://archive.ubuntu.com/ubuntu jammy-updates/main amd64 gfortran-11 amd64 11.4.0-1ubuntu1~22.04.3 [11.2 MB]
#7 16.87 Get:123 http://archive.ubuntu.com/ubuntu jammy-updates/main amd64 libcurl3-gnutls amd64 7.81.0-1ubuntu1.27 [286 kB]
#7 16.87 Get:124 http://archive.ubuntu.com/ubuntu jammy/main amd64 liberror-perl all 0.17029-1 [26.5 kB]
#7 16.87 Get:125 http://archive.ubuntu.com/ubuntu jammy-updates/main amd64 git-man all 1:2.34.1-1ubuntu1.17 [954 kB]
#7 16.96 Get:126 http://archive.ubuntu.com/ubuntu jammy-updates/main amd64 git amd64 1:2.34.1-1ubuntu1.17 [3174 kB]
#7 17.04 Get:127 http://archive.ubuntu.com/ubuntu jammy/main amd64 libnl-3-200 amd64 3.5.0-0.1 [59.1 kB]
#7 17.04 Get:128 http://archive.ubuntu.com/ubuntu jammy/main amd64 libnl-route-3-200 amd64 3.5.0-0.1 [180 kB]
#7 17.04 Get:129 http://archive.ubuntu.com/ubuntu jammy/main amd64 libibverbs1 amd64 39.0-1 [69.3 kB]
#7 17.08 Get:130 http://archive.ubuntu.com/ubuntu jammy/main amd64 ibverbs-providers amd64 39.0-1 [341 kB]
#7 17.09 Get:131 http://archive.ubuntu.com/ubuntu jammy/main amd64 icu-devtools amd64 70.1-2 [197 kB]
#7 17.10 Get:132 http://archive.ubuntu.com/ubuntu jammy/universe amd64 libace-7.0.6 amd64 7.0.6+dfsg-2 [665 kB]
#7 17.12 Get:133 http://archive.ubuntu.com/ubuntu jammy/universe amd64 libace-dev amd64 7.0.6+dfsg-2 [886 kB]
#7 17.14 Get:134 http://archive.ubuntu.com/ubuntu jammy/main amd64 libboost1.74-dev amd64 1.74.0-14ubuntu3 [9609 kB]
#7 ...

#8 [stage-1 2/4] RUN apt-get update && apt-get install -y --no-install-recommends     libssl3     libmysqlclient21     libace-dev     libtbb12     libboost-system1.74.0     libboost-filesystem1.74.0     libboost-program-options1.74.0     libreadline8     netcat-openbsd     mariadb-client     gzip     && rm -rf /var/lib/apt/lists/*
#8 10.17 Get:6 http://archive.ubuntu.com/ubuntu jammy-updates/main amd64 perl amd64 5.34.0-3ubuntu1.8 [232 kB]
#8 10.17 Get:7 http://archive.ubuntu.com/ubuntu jammy-updates/main amd64 libssl3 amd64 3.0.2-0ubuntu1.29 [1906 kB]
#8 10.19 Get:8 http://archive.ubuntu.com/ubuntu jammy/main amd64 libmd0 amd64 1.0.4-1build1 [23.0 kB]
#8 10.19 Get:9 http://archive.ubuntu.com/ubuntu jammy/main amd64 libbsd0 amd64 0.11.5-1 [44.8 kB]
#8 10.19 Get:10 http://archive.ubuntu.com/ubuntu jammy/main amd64 readline-common all 8.1.2-1 [53.5 kB]
#8 10.19 Get:11 http://archive.ubuntu.com/ubuntu jammy/main amd64 libreadline8 amd64 8.1.2-1 [153 kB]
#8 10.19 Get:12 http://archive.ubuntu.com/ubuntu jammy/main amd64 netcat-openbsd amd64 1.218-4ubuntu1 [39.4 kB]
#8 10.20 Get:13 http://archive.ubuntu.com/ubuntu jammy/main amd64 libedit2 amd64 3.1-20210910-1build1 [96.8 kB]
#8 10.32 Get:14 http://archive.ubuntu.com/ubuntu jammy/universe amd64 libace-7.0.6 amd64 7.0.6+dfsg-2 [665 kB]
#8 12.98 Get:15 http://archive.ubuntu.com/ubuntu jammy/universe amd64 libace-dev amd64 7.0.6+dfsg-2 [886 kB]
#8 12.99 Get:16 http://archive.ubuntu.com/ubuntu jammy/main amd64 libboost-filesystem1.74.0 amd64 1.74.0-14ubuntu3 [264 kB]
#8 13.02 Get:17 http://archive.ubuntu.com/ubuntu jammy/main amd64 libboost-program-options1.74.0 amd64 1.74.0-14ubuntu3 [311 kB]
#8 13.03 Get:18 http://archive.ubuntu.com/ubuntu jammy/main amd64 libboost-system1.74.0 amd64 1.74.0-14ubuntu3 [221 kB]
#8 13.04 Get:19 http://archive.ubuntu.com/ubuntu jammy/main amd64 mysql-common all 5.8+1.0.8 [7212 B]
#8 13.04 Get:20 http://archive.ubuntu.com/ubuntu jammy-updates/universe amd64 mariadb-common all 1:10.6.23-0ubuntu0.22.04.1 [16.5 kB]
#8 13.04 Get:21 http://archive.ubuntu.com/ubuntu jammy-updates/universe amd64 libmariadb3 amd64 1:10.6.23-0ubuntu0.22.04.1 [189 kB]
#8 13.04 Get:22 http://archive.ubuntu.com/ubuntu jammy-updates/main amd64 libmysqlclient21 amd64 8.0.46-0ubuntu0.22.04.4 [1336 kB]
#8 13.07 Get:23 http://archive.ubuntu.com/ubuntu jammy/universe amd64 libtbbmalloc2 amd64 2021.5.0-7ubuntu2 [49.6 kB]
#8 13.11 Get:24 http://archive.ubuntu.com/ubuntu jammy/universe amd64 libtbb12 amd64 2021.5.0-7ubuntu2 [84.8 kB]
#8 13.24 Get:25 http://archive.ubuntu.com/ubuntu jammy-updates/main amd64 libconfig-inifiles-perl all 3.000003-1ubuntu0.1 [41.5 kB]
#8 13.24 Get:26 http://archive.ubuntu.com/ubuntu jammy-updates/universe amd64 mariadb-client-core-10.6 amd64 1:10.6.23-0ubuntu0.22.04.1 [999 kB]
#8 13.26 Get:27 http://archive.ubuntu.com/ubuntu jammy-updates/universe amd64 mariadb-client-10.6 amd64 1:10.6.23-0ubuntu0.22.04.1 [1662 kB]
#8 13.28 Get:28 http://archive.ubuntu.com/ubuntu jammy-updates/universe amd64 mariadb-client all 1:10.6.23-0ubuntu0.22.04.1 [13.1 kB]
#8 13.41 debconf: delaying package configuration, since apt-utils is not installed
#8 13.44 Fetched 18.9 MB in 6s (3084 kB/s)
#8 13.48 (Reading database ... 
(Reading database ... 5%
(Reading database ... 10%
(Reading database ... 15%
(Reading database ... 20%
(Reading database ... 25%
(Reading database ... 30%
(Reading database ... 35%
(Reading database ... 40%
(Reading database ... 45%
(Reading database ... 50%
(Reading database ... 55%
(Reading database ... 60%
(Reading database ... 65%
(Reading database ... 70%
(Reading database ... 75%
(Reading database ... 80%
(Reading database ... 85%
(Reading database ... 90%
(Reading database ... 95%
(Reading database ... 100%
(Reading database ... 4393 files and directories currently installed.)
#8 13.49 Preparing to unpack .../perl-base_5.34.0-3ubuntu1.8_amd64.deb ...
#8 13.51 Unpacking perl-base (5.34.0-3ubuntu1.8) over (5.34.0-3ubuntu1.7) ...
#8 15.76 Setting up perl-base (5.34.0-3ubuntu1.8) ...
#8 15.81 Selecting previously unselected package perl-modules-5.34.
#8 15.81 (Reading database ... 
(Reading database ... 5%
(Reading database ... 10%
(Reading database ... 15%
(Reading database ... 20%
(Reading database ... 25%
(Reading database ... 30%
(Reading database ... 35%
(Reading database ... 40%
(Reading database ... 45%
(Reading database ... 50%
(Reading database ... 55%
(Reading database ... 60%
(Reading database ... 65%
(Reading database ... 70%
(Reading database ... 75%
(Reading database ... 80%
(Reading database ... 85%
(Reading database ... 90%
(Reading database ... 95%
(Reading database ... 100%
(Reading database ... 4393 files and directories currently installed.)
#8 15.82 Preparing to unpack .../0-perl-modules-5.34_5.34.0-3ubuntu1.8_all.deb ...
#8 15.82 Unpacking perl-modules-5.34 (5.34.0-3ubuntu1.8) ...
#8 16.11 Selecting previously unselected package libgdbm6:amd64.
#8 16.11 Preparing to unpack .../1-libgdbm6_1.23-1_amd64.deb ...
#8 16.13 Unpacking libgdbm6:amd64 (1.23-1) ...
#8 16.18 Selecting previously unselected package libgdbm-compat4:amd64.
#8 16.18 Preparing to unpack .../2-libgdbm-compat4_1.23-1_amd64.deb ...
#8 16.18 Unpacking libgdbm-compat4:amd64 (1.23-1) ...
#8 16.23 Selecting previously unselected package libperl5.34:amd64.
#8 16.23 Preparing to unpack .../3-libperl5.34_5.34.0-3ubuntu1.8_amd64.deb ...
#8 16.24 Unpacking libperl5.34:amd64 (5.34.0-3ubuntu1.8) ...
#8 16.44 Selecting previously unselected package perl.
#8 16.44 Preparing to unpack .../4-perl_5.34.0-3ubuntu1.8_amd64.deb ...
#8 16.45 Unpacking perl (5.34.0-3ubuntu1.8) ...
#8 16.52 Preparing to unpack .../5-libssl3_3.0.2-0ubuntu1.29_amd64.deb ...
#8 16.55 Unpacking libssl3:amd64 (3.0.2-0ubuntu1.29) over (3.0.2-0ubuntu1.26) ...
#8 16.67 Setting up libssl3:amd64 (3.0.2-0ubuntu1.29) ...
#8 16.79 Selecting previously unselected package libmd0:amd64.
#8 16.79 (Reading database ... 
(Reading database ... 5%
(Reading database ... 10%
(Reading database ... 15%
(Reading database ... 20%
(Reading database ... 25%
(Reading database ... 30%
(Reading database ... 35%
(Reading database ... 40%
(Reading database ... 45%
(Reading database ... 50%
(Reading database ... 55%
(Reading database ... 60%
(Reading database ... 65%
(Reading database ... 70%
(Reading database ... 75%
(Reading database ... 80%
(Reading database ... 85%
(Reading database ... 90%
(Reading database ... 95%
(Reading database ... 100%
(Reading database ... 6381 files and directories currently installed.)
#8 16.80 Preparing to unpack .../00-libmd0_1.0.4-1build1_amd64.deb ...
#8 16.80 Unpacking libmd0:amd64 (1.0.4-1build1) ...
#8 16.85 Selecting previously unselected package libbsd0:amd64.
#8 16.85 Preparing to unpack .../01-libbsd0_0.11.5-1_amd64.deb ...
#8 16.85 Unpacking libbsd0:amd64 (0.11.5-1) ...
#8 16.91 Selecting previously unselected package readline-common.
#8 16.91 Preparing to unpack .../02-readline-common_8.1.2-1_all.deb ...
#8 16.92 Unpacking readline-common (8.1.2-1) ...
#8 16.96 Selecting previously unselected package libreadline8:amd64.
#8 16.96 Preparing to unpack .../03-libreadline8_8.1.2-1_amd64.deb ...
#8 16.97 Unpacking libreadline8:amd64 (8.1.2-1) ...
#8 17.01 Selecting previously unselected package netcat-openbsd.
#8 17.01 Preparing to unpack .../04-netcat-openbsd_1.218-4ubuntu1_amd64.deb ...
#8 17.02 Unpacking netcat-openbsd (1.218-4ubuntu1) ...
#8 17.07 Selecting previously unselected package libedit2:amd64.
#8 17.07 Preparing to unpack .../05-libedit2_3.1-20210910-1build1_amd64.deb ...
#8 17.07 Unpacking libedit2:amd64 (3.1-20210910-1build1) ...
#8 17.11 Selecting previously unselected package libace-7.0.6.
#8 17.12 Preparing to unpack .../06-libace-7.0.6_7.0.6+dfsg-2_amd64.deb ...
#8 17.12 Unpacking libace-7.0.6 (7.0.6+dfsg-2) ...
#8 17.17 Selecting previously unselected package libace-dev.
#8 17.17 Preparing to unpack .../07-libace-dev_7.0.6+dfsg-2_amd64.deb ...
#8 17.17 Unpacking libace-dev (7.0.6+dfsg-2) ...
#8 17.39 Selecting previously unselected package libboost-filesystem1.74.0:amd64.
#8 17.39 Preparing to unpack .../08-libboost-filesystem1.74.0_1.74.0-14ubuntu3_amd64.deb ...
#8 17.40 Unpacking libboost-filesystem1.74.0:amd64 (1.74.0-14ubuntu3) ...
#8 17.44 Selecting previously unselected package libboost-program-options1.74.0:amd64.
#8 17.44 Preparing to unpack .../09-libboost-program-options1.74.0_1.74.0-14ubuntu3_amd64.deb ...
#8 17.45 Unpacking libboost-program-options1.74.0:amd64 (1.74.0-14ubuntu3) ...
#8 17.50 Selecting previously unselected package libboost-system1.74.0:amd64.
#8 17.51 Preparing to unpack .../10-libboost-system1.74.0_1.74.0-14ubuntu3_amd64.deb ...
#8 17.51 Unpacking libboost-system1.74.0:amd64 (1.74.0-14ubuntu3) ...
#8 17.58 Selecting previously unselected package mysql-common.
#8 17.58 Preparing to unpack .../11-mysql-common_5.8+1.0.8_all.deb ...
#8 17.59 Unpacking mysql-common (5.8+1.0.8) ...
#8 17.64 Selecting previously unselected package mariadb-common.
#8 17.64 Preparing to unpack .../12-mariadb-common_1%3a10.6.23-0ubuntu0.22.04.1_all.deb ...
#8 17.65 Unpacking mariadb-common (1:10.6.23-0ubuntu0.22.04.1) ...
#8 17.69 Selecting previously unselected package libmariadb3:amd64.
#8 17.69 Preparing to unpack .../13-libmariadb3_1%3a10.6.23-0ubuntu0.22.04.1_amd64.deb ...
#8 17.70 Unpacking libmariadb3:amd64 (1:10.6.23-0ubuntu0.22.04.1) ...
#8 17.74 Selecting previously unselected package libmysqlclient21:amd64.
#8 17.74 Preparing to unpack .../14-libmysqlclient21_8.0.46-0ubuntu0.22.04.4_amd64.deb ...
#8 17.75 Unpacking libmysqlclient21:amd64 (8.0.46-0ubuntu0.22.04.4) ...
#8 17.84 Selecting previously unselected package libtbbmalloc2:amd64.
#8 17.84 Preparing to unpack .../15-libtbbmalloc2_2021.5.0-7ubuntu2_amd64.deb ...
#8 ...

#7 [builder 2/7] RUN apt-get update && apt-get install -y --no-install-recommends     build-essential     ca-certificates     cmake     g++-12     gcc-12     git     libssl-dev     default-libmysqlclient-dev     libace-dev     libtbb-dev     libboost-all-dev     libreadline-dev     zlib1g-dev     openssl     p7zip-full     && rm -rf /var/lib/apt/lists/*
#7 17.80 Get:135 http://archive.ubuntu.com/ubuntu jammy/main amd64 libboost-dev amd64 1.74.0.3ubuntu7 [3490 B]
#7 17.80 Get:136 http://archive.ubuntu.com/ubuntu jammy/main amd64 libboost1.74-tools-dev amd64 1.74.0-14ubuntu3 [1351 kB]
#7 17.89 Get:137 http://archive.ubuntu.com/ubuntu jammy/universe amd64 libboost-tools-dev amd64 1.74.0.3ubuntu7 [3428 B]
#7 17.89 Get:138 http://archive.ubuntu.com/ubuntu jammy/main amd64 libboost-atomic1.74.0 amd64 1.74.0-14ubuntu3 [224 kB]
#7 17.90 Get:139 http://archive.ubuntu.com/ubuntu jammy/main amd64 libboost-atomic1.74-dev amd64 1.74.0-14ubuntu3 [221 kB]
#7 17.90 Get:140 http://archive.ubuntu.com/ubuntu jammy/universe amd64 libboost-atomic-dev amd64 1.74.0.3ubuntu7 [3544 B]
#7 17.90 Get:141 http://archive.ubuntu.com/ubuntu jammy/main amd64 libboost-chrono1.74.0 amd64 1.74.0-14ubuntu3 [232 kB]
#7 17.91 Get:142 http://archive.ubuntu.com/ubuntu jammy/main amd64 libboost-chrono1.74-dev amd64 1.74.0-14ubuntu3 [239 kB]
#7 17.92 Get:143 http://archive.ubuntu.com/ubuntu jammy/universe amd64 libboost-chrono-dev amd64 1.74.0.3ubuntu7 [3854 B]
#7 17.93 Get:144 http://archive.ubuntu.com/ubuntu jammy/universe amd64 libboost-container1.74.0 amd64 1.74.0-14ubuntu3 [246 kB]
#7 18.12 Get:145 http://archive.ubuntu.com/ubuntu jammy/universe amd64 libboost-container1.74-dev amd64 1.74.0-14ubuntu3 [254 kB]
#7 18.13 Get:146 http://archive.ubuntu.com/ubuntu jammy/universe amd64 libboost-container-dev amd64 1.74.0.3ubuntu7 [3712 B]
#7 18.13 Get:147 http://archive.ubuntu.com/ubuntu jammy/main amd64 libboost-date-time1.74.0 amd64 1.74.0-14ubuntu3 [221 kB]
#7 18.13 Get:148 http://archive.ubuntu.com/ubuntu jammy/main amd64 libboost-serialization1.74.0 amd64 1.74.0-14ubuntu3 [327 kB]
#7 18.13 Get:149 http://archive.ubuntu.com/ubuntu jammy/main amd64 libboost-serialization1.74-dev amd64 1.74.0-14ubuntu3 [375 kB]
#7 18.13 Get:150 http://archive.ubuntu.com/ubuntu jammy/main amd64 libboost-date-time1.74-dev amd64 1.74.0-14ubuntu3 [226 kB]
#7 18.14 Get:151 http://archive.ubuntu.com/ubuntu jammy/main amd64 libboost-system1.74.0 amd64 1.74.0-14ubuntu3 [221 kB]
#7 18.14 Get:152 http://archive.ubuntu.com/ubuntu jammy/main amd64 libboost-system1.74-dev amd64 1.74.0-14ubuntu3 [218 kB]
#7 18.14 Get:153 http://archive.ubuntu.com/ubuntu jammy/main amd64 libboost-thread1.74.0 amd64 1.74.0-14ubuntu3 [262 kB]
#7 18.25 Get:154 http://archive.ubuntu.com/ubuntu jammy/main amd64 libboost-thread1.74-dev amd64 1.74.0-14ubuntu3 [272 kB]
#7 18.27 Get:155 http://archive.ubuntu.com/ubuntu jammy/main amd64 libboost-context1.74.0 amd64 1.74.0-14ubuntu3 [223 kB]
#7 18.28 Get:156 http://archive.ubuntu.com/ubuntu jammy/universe amd64 libboost-context1.74-dev amd64 1.74.0-14ubuntu3 [220 kB]
#7 18.28 Get:157 http://archive.ubuntu.com/ubuntu jammy/universe amd64 libboost-context-dev amd64 1.74.0.3ubuntu7 [3456 B]
#7 18.28 Get:158 http://archive.ubuntu.com/ubuntu jammy/universe amd64 libboost-coroutine1.74.0 amd64 1.74.0-14ubuntu3 [235 kB]
#7 18.29 Get:159 http://archive.ubuntu.com/ubuntu jammy/universe amd64 libboost-coroutine1.74-dev amd64 1.74.0-14ubuntu3 [244 kB]
#7 18.38 Get:160 http://archive.ubuntu.com/ubuntu jammy/universe amd64 libboost-coroutine-dev amd64 1.74.0.3ubuntu7 [3520 B]
#7 18.38 Get:161 http://archive.ubuntu.com/ubuntu jammy/universe amd64 libboost-date-time-dev amd64 1.74.0.3ubuntu7 [3248 B]
#7 18.38 Get:162 http://archive.ubuntu.com/ubuntu jammy/universe amd64 libboost-exception1.74-dev amd64 1.74.0-14ubuntu3 [217 kB]
#7 18.58 Get:163 http://archive.ubuntu.com/ubuntu jammy/universe amd64 libboost-exception-dev amd64 1.74.0.3ubuntu7 [3250 B]
#7 18.58 Get:164 http://archive.ubuntu.com/ubuntu jammy/main amd64 libboost-filesystem1.74.0 amd64 1.74.0-14ubuntu3 [264 kB]
#7 18.58 Get:165 http://archive.ubuntu.com/ubuntu jammy/main amd64 libboost-filesystem1.74-dev amd64 1.74.0-14ubuntu3 [287 kB]
#7 18.59 Get:166 http://archive.ubuntu.com/ubuntu jammy/universe amd64 libboost-fiber1.74.0 amd64 1.74.0-14ubuntu3 [242 kB]
#7 18.59 Get:167 http://archive.ubuntu.com/ubuntu jammy/universe amd64 libboost-fiber1.74-dev amd64 1.74.0-14ubuntu3 [254 kB]
#7 18.59 Get:168 http://archive.ubuntu.com/ubuntu jammy/universe amd64 libboost-fiber-dev amd64 1.74.0.3ubuntu7 [3674 B]
#7 18.62 Get:169 http://archive.ubuntu.com/ubuntu jammy/main amd64 libboost-filesystem-dev amd64 1.74.0.3ubuntu7 [3280 B]
#7 18.62 Get:170 http://archive.ubuntu.com/ubuntu jammy/main amd64 libboost-regex1.74.0 amd64 1.74.0-14ubuntu3 [511 kB]
#7 18.83 Get:171 http://archive.ubuntu.com/ubuntu jammy/universe amd64 libboost-graph1.74.0 amd64 1.74.0-14ubuntu3 [304 kB]
#7 18.83 Get:172 http://archive.ubuntu.com/ubuntu jammy/main amd64 libicu-dev amd64 70.1-2 [11.6 MB]
#7 ...

#8 [stage-1 2/4] RUN apt-get update && apt-get install -y --no-install-recommends     libssl3     libmysqlclient21     libace-dev     libtbb12     libboost-system1.74.0     libboost-filesystem1.74.0     libboost-program-options1.74.0     libreadline8     netcat-openbsd     mariadb-client     gzip     && rm -rf /var/lib/apt/lists/*
#8 17.86 Unpacking libtbbmalloc2:amd64 (2021.5.0-7ubuntu2) ...
#8 17.92 Selecting previously unselected package libtbb12:amd64.
#8 17.92 Preparing to unpack .../16-libtbb12_2021.5.0-7ubuntu2_amd64.deb ...
#8 17.93 Unpacking libtbb12:amd64 (2021.5.0-7ubuntu2) ...
#8 17.97 Selecting previously unselected package libconfig-inifiles-perl.
#8 17.97 Preparing to unpack .../17-libconfig-inifiles-perl_3.000003-1ubuntu0.1_all.deb ...
#8 17.97 Unpacking libconfig-inifiles-perl (3.000003-1ubuntu0.1) ...
#8 18.01 Selecting previously unselected package mariadb-client-core-10.6.
#8 18.02 Preparing to unpack .../18-mariadb-client-core-10.6_1%3a10.6.23-0ubuntu0.22.04.1_amd64.deb ...
#8 18.02 Unpacking mariadb-client-core-10.6 (1:10.6.23-0ubuntu0.22.04.1) ...
#8 18.10 Selecting previously unselected package mariadb-client-10.6.
#8 18.10 Preparing to unpack .../19-mariadb-client-10.6_1%3a10.6.23-0ubuntu0.22.04.1_amd64.deb ...
#8 18.11 Unpacking mariadb-client-10.6 (1:10.6.23-0ubuntu0.22.04.1) ...
#8 18.22 Selecting previously unselected package mariadb-client.
#8 18.22 Preparing to unpack .../20-mariadb-client_1%3a10.6.23-0ubuntu0.22.04.1_all.deb ...
#8 18.23 Unpacking mariadb-client (1:10.6.23-0ubuntu0.22.04.1) ...
#8 18.27 Setting up libconfig-inifiles-perl (3.000003-1ubuntu0.1) ...
#8 18.29 Setting up libboost-system1.74.0:amd64 (1.74.0-14ubuntu3) ...
#8 18.30 Setting up libtbbmalloc2:amd64 (2021.5.0-7ubuntu2) ...
#8 18.32 Setting up mysql-common (5.8+1.0.8) ...
#8 18.36 update-alternatives: using /etc/mysql/my.cnf.fallback to provide /etc/mysql/my.cnf (my.cnf) in auto mode
#8 18.37 Setting up libmysqlclient21:amd64 (8.0.46-0ubuntu0.22.04.4) ...
#8 18.39 Setting up libboost-program-options1.74.0:amd64 (1.74.0-14ubuntu3) ...
#8 18.41 Setting up libboost-filesystem1.74.0:amd64 (1.74.0-14ubuntu3) ...
#8 18.42 Setting up libtbb12:amd64 (2021.5.0-7ubuntu2) ...
#8 18.44 Setting up perl-modules-5.34 (5.34.0-3ubuntu1.8) ...
#8 18.46 Setting up mariadb-common (1:10.6.23-0ubuntu0.22.04.1) ...
#8 18.48 update-alternatives: using /etc/mysql/mariadb.cnf to provide /etc/mysql/my.cnf (my.cnf) in auto mode
#8 18.49 Setting up libace-7.0.6 (7.0.6+dfsg-2) ...
#8 18.50 Setting up libmariadb3:amd64 (1:10.6.23-0ubuntu0.22.04.1) ...
#8 18.52 Setting up libmd0:amd64 (1.0.4-1build1) ...
#8 18.54 Setting up libbsd0:amd64 (0.11.5-1) ...
#8 18.55 Setting up readline-common (8.1.2-1) ...
#8 18.57 Setting up libgdbm6:amd64 (1.23-1) ...
#8 18.61 Setting up libace-dev (7.0.6+dfsg-2) ...
#8 18.63 Setting up libedit2:amd64 (3.1-20210910-1build1) ...
#8 18.64 Setting up libreadline8:amd64 (8.1.2-1) ...
#8 18.66 Setting up netcat-openbsd (1.218-4ubuntu1) ...
#8 18.67 update-alternatives: using /bin/nc.openbsd to provide /bin/nc (nc) in auto mode
#8 18.67 update-alternatives: warning: skip creation of /usr/share/man/man1/nc.1.gz because associated file /usr/share/man/man1/nc_openbsd.1.gz (of link group nc) doesn't exist
#8 18.67 update-alternatives: warning: skip creation of /usr/share/man/man1/netcat.1.gz because associated file /usr/share/man/man1/nc_openbsd.1.gz (of link group nc) doesn't exist
#8 18.68 Setting up mariadb-client-core-10.6 (1:10.6.23-0ubuntu0.22.04.1) ...
#8 18.70 Setting up libgdbm-compat4:amd64 (1.23-1) ...
#8 18.72 Setting up libperl5.34:amd64 (5.34.0-3ubuntu1.8) ...
#8 18.73 Setting up perl (5.34.0-3ubuntu1.8) ...
#8 18.76 Setting up mariadb-client-10.6 (1:10.6.23-0ubuntu0.22.04.1) ...
#8 18.80 Setting up mariadb-client (1:10.6.23-0ubuntu0.22.04.1) ...
#8 18.81 Processing triggers for libc-bin (2.35-0ubuntu3.14) ...
#8 DONE 19.2s

#7 [builder 2/7] RUN apt-get update && apt-get install -y --no-install-recommends     build-essential     ca-certificates     cmake     g++-12     gcc-12     git     libssl-dev     default-libmysqlclient-dev     libace-dev     libtbb-dev     libboost-all-dev     libreadline-dev     zlib1g-dev     openssl     p7zip-full     && rm -rf /var/lib/apt/lists/*
#7 20.05 Get:173 http://archive.ubuntu.com/ubuntu jammy/main amd64 libboost-regex1.74-dev amd64 1.74.0-14ubuntu3 [596 kB]
#7 20.06 Get:174 http://archive.ubuntu.com/ubuntu jammy/universe amd64 libboost-test1.74.0 amd64 1.74.0-14ubuntu3 [446 kB]
#7 20.06 Get:175 http://archive.ubuntu.com/ubuntu jammy/universe amd64 libboost-test1.74-dev amd64 1.74.0-14ubuntu3 [564 kB]
#7 20.07 Get:176 http://archive.ubuntu.com/ubuntu jammy/universe amd64 libboost-graph1.74-dev amd64 1.74.0-14ubuntu3 [335 kB]
#7 20.09 Get:177 http://archive.ubuntu.com/ubuntu jammy/universe amd64 libboost-graph-dev amd64 1.74.0.3ubuntu7 [3348 B]
#7 20.09 Get:178 http://archive.ubuntu.com/ubuntu jammy-updates/main amd64 libevent-core-2.1-7 amd64 2.1.12-stable-1ubuntu0.1 [94.2 kB]
#7 20.09 Get:179 http://archive.ubuntu.com/ubuntu jammy-updates/main amd64 libevent-pthreads-2.1-7 amd64 2.1.12-stable-1ubuntu0.1 [7636 B]
#7 20.09 Get:180 http://archive.ubuntu.com/ubuntu jammy/universe amd64 libpsm-infinipath1 amd64 3.3+20.604758e7-6.1 [170 kB]
#7 20.10 Get:181 http://archive.ubuntu.com/ubuntu jammy/universe amd64 libpsm2-2 amd64 11.2.185-1 [182 kB]
#7 20.18 Get:182 http://archive.ubuntu.com/ubuntu jammy/main amd64 librdmacm1 amd64 39.0-1 [71.2 kB]
#7 20.31 Get:183 http://archive.ubuntu.com/ubuntu jammy/universe amd64 libfabric1 amd64 1.11.0-3 [558 kB]
#7 20.33 Get:184 http://archive.ubuntu.com/ubuntu jammy-updates/universe amd64 libhwloc15 amd64 2.7.0-2ubuntu1 [159 kB]
#7 20.49 Get:185 http://archive.ubuntu.com/ubuntu jammy/main amd64 libpciaccess0 amd64 0.16-3 [19.1 kB]
#7 20.49 Get:186 http://archive.ubuntu.com/ubuntu jammy-updates/main amd64 libxnvctrl0 amd64 510.47.03-0ubuntu1.22.04.1 [11.4 kB]
#7 20.49 Get:187 http://archive.ubuntu.com/ubuntu jammy/universe amd64 ocl-icd-libopencl1 amd64 2.2.14-3 [39.1 kB]
#7 20.50 Get:188 http://archive.ubuntu.com/ubuntu jammy-updates/universe amd64 libhwloc-plugins amd64 2.7.0-2ubuntu1 [15.6 kB]
#7 20.50 Get:189 http://archive.ubuntu.com/ubuntu jammy/universe amd64 libpmix2 amd64 4.1.2-2ubuntu1 [604 kB]
#7 20.52 Get:190 http://archive.ubuntu.com/ubuntu jammy/universe amd64 libucx0 amd64 1.12.1~rc2-1 [891 kB]
#7 20.55 Get:191 http://archive.ubuntu.com/ubuntu jammy/universe amd64 libopenmpi3 amd64 4.1.2-2ubuntu1 [2594 kB]
#7 20.57 Get:192 http://archive.ubuntu.com/ubuntu jammy/universe amd64 libboost-mpi1.74.0 amd64 1.74.0-14ubuntu3 [259 kB]
#7 20.71 Get:193 http://archive.ubuntu.com/ubuntu jammy/universe amd64 libboost-graph-parallel1.74.0 amd64 1.74.0-14ubuntu3 [266 kB]
#7 20.71 Get:194 http://archive.ubuntu.com/ubuntu jammy/universe amd64 libboost-graph-parallel1.74-dev amd64 1.74.0-14ubuntu3 [277 kB]
#7 20.73 Get:195 http://archive.ubuntu.com/ubuntu jammy/universe amd64 libboost-graph-parallel-dev amd64 1.74.0.3ubuntu7 [3384 B]
#7 20.73 Get:196 http://archive.ubuntu.com/ubuntu jammy/main amd64 libboost-iostreams1.74.0 amd64 1.74.0-14ubuntu3 [245 kB]
#7 20.74 Get:197 http://archive.ubuntu.com/ubuntu jammy/universe amd64 libboost-iostreams1.74-dev amd64 1.74.0-14ubuntu3 [252 kB]
#7 20.75 Get:198 http://archive.ubuntu.com/ubuntu jammy/universe amd64 libboost-iostreams-dev amd64 1.74.0.3ubuntu7 [3238 B]
#7 20.75 Get:199 http://archive.ubuntu.com/ubuntu jammy/main amd64 libboost-locale1.74.0 amd64 1.74.0-14ubuntu3 [413 kB]
#7 20.77 Get:200 http://archive.ubuntu.com/ubuntu jammy/universe amd64 libboost-locale1.74-dev amd64 1.74.0-14ubuntu3 [594 kB]
#7 20.97 Get:201 http://archive.ubuntu.com/ubuntu jammy/universe amd64 libboost-locale-dev amd64 1.74.0.3ubuntu7 [3572 B]
#7 20.97 Get:202 http://archive.ubuntu.com/ubuntu jammy/universe amd64 libboost-log1.74.0 amd64 1.74.0-14ubuntu3 [592 kB]
#7 21.07 Get:203 http://archive.ubuntu.com/ubuntu jammy/universe amd64 libboost-log1.74-dev amd64 1.74.0-14ubuntu3 [853 kB]
#7 21.43 Get:204 http://archive.ubuntu.com/ubuntu jammy/universe amd64 libboost-log-dev amd64 1.74.0.3ubuntu7 [3446 B]
#7 21.43 Get:205 http://archive.ubuntu.com/ubuntu jammy/universe amd64 libboost-math1.74.0 amd64 1.74.0-14ubuntu3 [423 kB]
#7 21.44 Get:206 http://archive.ubuntu.com/ubuntu jammy/universe amd64 libboost-math1.74-dev amd64 1.74.0-14ubuntu3 [620 kB]
#7 21.48 Get:207 http://archive.ubuntu.com/ubuntu jammy/universe amd64 libboost-math-dev amd64 1.74.0.3ubuntu7 [3454 B]
#7 21.48 Get:208 http://archive.ubuntu.com/ubuntu jammy/universe amd64 openmpi-common all 4.1.2-2ubuntu1 [162 kB]
#7 21.49 Get:209 http://archive.ubuntu.com/ubuntu jammy/main amd64 libnl-3-dev amd64 3.5.0-0.1 [101 kB]
#7 21.49 Get:210 http://archive.ubuntu.com/ubuntu jammy/main amd64 libnl-route-3-dev amd64 3.5.0-0.1 [202 kB]
#7 21.50 Get:211 http://archive.ubuntu.com/ubuntu jammy/main amd64 libibverbs-dev amd64 39.0-1 [628 kB]
#7 21.52 Get:212 http://archive.ubuntu.com/ubuntu jammy/main amd64 libnuma-dev amd64 2.0.14-3ubuntu2 [35.9 kB]
#7 21.52 Get:213 http://archive.ubuntu.com/ubuntu jammy/main amd64 libltdl7 amd64 2.4.6-15build2 [39.6 kB]
#7 21.52 Get:214 http://archive.ubuntu.com/ubuntu jammy/main amd64 libltdl-dev amd64 2.4.6-15build2 [169 kB]
#7 21.53 Get:215 http://archive.ubuntu.com/ubuntu jammy-updates/universe amd64 libhwloc-dev amd64 2.7.0-2ubuntu1 [256 kB]
#7 21.57 Get:216 http://archive.ubuntu.com/ubuntu jammy-updates/main amd64 libevent-2.1-7 amd64 2.1.12-stable-1ubuntu0.1 [149 kB]
#7 21.57 Get:217 http://archive.ubuntu.com/ubuntu jammy-updates/main amd64 libevent-extra-2.1-7 amd64 2.1.12-stable-1ubuntu0.1 [65.7 kB]
#7 21.58 Get:218 http://archive.ubuntu.com/ubuntu jammy-updates/main amd64 libevent-openssl-2.1-7 amd64 2.1.12-stable-1ubuntu0.1 [15.8 kB]
#7 21.58 Get:219 http://archive.ubuntu.com/ubuntu jammy-updates/main amd64 libevent-dev amd64 2.1.12-stable-1ubuntu0.1 [279 kB]
#7 21.58 Get:220 http://archive.ubuntu.com/ubuntu jammy/universe amd64 libpmix-dev amd64 4.1.2-2ubuntu1 [805 kB]
#7 21.59 Get:221 http://archive.ubuntu.com/ubuntu jammy/main amd64 libjs-jquery all 3.6.0+dfsg+~3.5.13-1 [321 kB]
#7 21.59 Get:222 http://archive.ubuntu.com/ubuntu jammy/universe amd64 libjs-jquery-ui all 1.13.1+dfsg-1 [253 kB]
#7 21.62 Get:223 http://archive.ubuntu.com/ubuntu jammy/universe amd64 openmpi-bin amd64 4.1.2-2ubuntu1 [116 kB]
#7 21.62 Get:224 http://archive.ubuntu.com/ubuntu jammy/universe amd64 libopenmpi-dev amd64 4.1.2-2ubuntu1 [867 kB]
#7 21.63 Get:225 http://archive.ubuntu.com/ubuntu jammy/universe amd64 mpi-default-dev amd64 1.14 [3698 B]
#7 21.67 Get:226 http://archive.ubuntu.com/ubuntu jammy/universe amd64 libboost-mpi1.74-dev amd64 1.74.0-14ubuntu3 [285 kB]
#7 21.67 Get:227 http://archive.ubuntu.com/ubuntu jammy/universe amd64 libboost-mpi-dev amd64 1.74.0.3ubuntu7 [3328 B]
#7 21.67 Get:228 http://archive.ubuntu.com/ubuntu jammy/main amd64 libboost-python1.74.0 amd64 1.74.0-14ubuntu3 [299 kB]
#7 21.67 Get:229 http://archive.ubuntu.com/ubuntu jammy/universe amd64 mpi-default-bin amd64 1.14 [2898 B]
#7 21.67 Get:230 http://archive.ubuntu.com/ubuntu jammy/universe amd64 libboost-mpi-python1.74.0 amd64 1.74.0-14ubuntu3 [351 kB]
#7 21.68 Get:231 http://archive.ubuntu.com/ubuntu jammy/universe amd64 libboost-mpi-python1.74-dev amd64 1.74.0-14ubuntu3 [225 kB]
#7 21.68 Get:232 http://archive.ubuntu.com/ubuntu jammy/universe amd64 libboost-mpi-python-dev amd64 1.74.0.3ubuntu7 [3382 B]
#7 21.72 Get:233 http://archive.ubuntu.com/ubuntu jammy/universe amd64 libboost-numpy1.74.0 amd64 1.74.0-14ubuntu3 [229 kB]
#7 21.72 Get:234 http://archive.ubuntu.com/ubuntu jammy/universe amd64 libboost-numpy1.74-dev amd64 1.74.0-14ubuntu3 [233 kB]
#7 21.72 Get:235 http://archive.ubuntu.com/ubuntu jammy/universe amd64 libboost-numpy-dev amd64 1.74.0.3ubuntu7 [3286 B]
#7 21.76 Get:236 http://archive.ubuntu.com/ubuntu jammy/main amd64 libboost-program-options1.74.0 amd64 1.74.0-14ubuntu3 [311 kB]
#7 21.77 Get:237 http://archive.ubuntu.com/ubuntu jammy/main amd64 libboost-program-options1.74-dev amd64 1.74.0-14ubuntu3 [380 kB]
#7 21.77 Get:238 http://archive.ubuntu.com/ubuntu jammy/main amd64 libboost-program-options-dev amd64 1.74.0.3ubuntu7 [3266 B]
#7 21.77 Get:239 http://archive.ubuntu.com/ubuntu jammy-updates/main amd64 libpython3.10 amd64 3.10.12-1~22.04.17 [1950 kB]
#7 21.79 Get:240 http://archive.ubuntu.com/ubuntu jammy-updates/main amd64 libexpat1-dev amd64 2.4.7-1ubuntu0.7 [148 kB]
#7 21.79 Get:241 http://archive.ubuntu.com/ubuntu jammy-updates/main amd64 libpython3.10-dev amd64 3.10.12-1~22.04.17 [4765 kB]
#7 21.84 Get:242 http://archive.ubuntu.com/ubuntu jammy-updates/main amd64 libpython3-dev amd64 3.10.6-1~22.04.1 [7064 B]
#7 21.84 Get:243 http://archive.ubuntu.com/ubuntu jammy-updates/main amd64 python3.10-dev amd64 3.10.12-1~22.04.17 [508 kB]
#7 21.86 Get:244 http://archive.ubuntu.com/ubuntu jammy-updates/main amd64 python3-lib2to3 all 3.10.8-1~22.04 [77.6 kB]
#7 21.86 Get:245 http://archive.ubuntu.com/ubuntu jammy-updates/main amd64 python3-distutils all 3.10.8-1~22.04 [139 kB]
#7 21.86 Get:246 http://archive.ubuntu.com/ubuntu jammy/main amd64 libjs-underscore all 1.13.2~dfsg-2 [118 kB]
#7 21.86 Get:247 http://archive.ubuntu.com/ubuntu jammy/main amd64 libjs-sphinxdoc all 4.3.2-1 [139 kB]
#7 21.87 Get:248 http://archive.ubuntu.com/ubuntu jammy-updates/main amd64 python3-dev amd64 3.10.6-1~22.04.1 [26.0 kB]
#7 21.87 Get:249 http://archive.ubuntu.com/ubuntu jammy/universe amd64 libboost-python1.74-dev amd64 1.74.0-14ubuntu3 [323 kB]
#7 21.87 Get:250 http://archive.ubuntu.com/ubuntu jammy/universe amd64 libboost-python-dev amd64 1.74.0.3ubuntu7 [3538 B]
#7 21.91 Get:251 http://archive.ubuntu.com/ubuntu jammy/universe amd64 libboost-random1.74.0 amd64 1.74.0-14ubuntu3 [231 kB]
#7 21.91 Get:252 http://archive.ubuntu.com/ubuntu jammy/universe amd64 libboost-random1.74-dev amd64 1.74.0-14ubuntu3 [231 kB]
#7 21.95 Get:253 http://archive.ubuntu.com/ubuntu jammy/universe amd64 libboost-random-dev amd64 1.74.0.3ubuntu7 [3258 B]
#7 21.96 Get:254 http://archive.ubuntu.com/ubuntu jammy/main amd64 libboost-regex-dev amd64 1.74.0.3ubuntu7 [3510 B]
#7 21.96 Get:255 http://archive.ubuntu.com/ubuntu jammy/universe amd64 libboost-serialization-dev amd64 1.74.0.3ubuntu7 [3468 B]
#7 21.96 Get:256 http://archive.ubuntu.com/ubuntu jammy/universe amd64 libboost-stacktrace1.74.0 amd64 1.74.0-14ubuntu3 [267 kB]
#7 21.96 Get:257 http://archive.ubuntu.com/ubuntu jammy/universe amd64 libboost-stacktrace1.74-dev amd64 1.74.0-14ubuntu3 [232 kB]
#7 21.96 Get:258 http://archive.ubuntu.com/ubuntu jammy/universe amd64 libboost-stacktrace-dev amd64 1.74.0.3ubuntu7 [3260 B]
#7 21.96 Get:259 http://archive.ubuntu.com/ubuntu jammy/main amd64 libboost-system-dev amd64 1.74.0.3ubuntu7 [3390 B]
#7 21.96 Get:260 http://archive.ubuntu.com/ubuntu jammy/universe amd64 libboost-test-dev amd64 1.74.0.3ubuntu7 [3274 B]
#7 22.00 Get:261 http://archive.ubuntu.com/ubuntu jammy/main amd64 libboost-thread-dev amd64 1.74.0.3ubuntu7 [3266 B]
#7 22.00 Get:262 http://archive.ubuntu.com/ubuntu jammy/universe amd64 libboost-timer1.74.0 amd64 1.74.0-14ubuntu3 [228 kB]
#7 22.05 Get:263 http://archive.ubuntu.com/ubuntu jammy/universe amd64 libboost-timer1.74-dev amd64 1.74.0-14ubuntu3 [231 kB]
#7 22.05 Get:264 http://archive.ubuntu.com/ubuntu jammy/universe amd64 libboost-timer-dev amd64 1.74.0.3ubuntu7 [3380 B]
#7 22.05 Get:265 http://archive.ubuntu.com/ubuntu jammy/universe amd64 libboost-type-erasure1.74.0 amd64 1.74.0-14ubuntu3 [234 kB]
#7 22.06 Get:266 http://archive.ubuntu.com/ubuntu jammy/universe amd64 libboost-type-erasure1.74-dev amd64 1.74.0-14ubuntu3 [239 kB]
#7 22.06 Get:267 http://archive.ubuntu.com/ubuntu jammy/universe amd64 libboost-type-erasure-dev amd64 1.74.0.3ubuntu7 [3344 B]
#7 22.06 Get:268 http://archive.ubuntu.com/ubuntu jammy/universe amd64 libboost-wave1.74.0 amd64 1.74.0-14ubuntu3 [449 kB]
#7 22.06 Get:269 http://archive.ubuntu.com/ubuntu jammy/universe amd64 libboost-wave1.74-dev amd64 1.74.0-14ubuntu3 [496 kB]
#7 22.07 Get:270 http://archive.ubuntu.com/ubuntu jammy/universe amd64 libboost-wave-dev amd64 1.74.0.3ubuntu7 [3292 B]
#7 22.10 Get:271 http://archive.ubuntu.com/ubuntu jammy/universe amd64 libboost-nowide1.74.0 amd64 1.74.0-14ubuntu3 [223 kB]
#7 22.10 Get:272 http://archive.ubuntu.com/ubuntu jammy/universe amd64 libboost-nowide1.74-dev amd64 1.74.0-14ubuntu3 [220 kB]
#7 22.15 Get:273 http://archive.ubuntu.com/ubuntu jammy/universe amd64 libboost-nowide-dev amd64 1.74.0.3ubuntu7 [3322 B]
#7 22.15 Get:274 http://archive.ubuntu.com/ubuntu jammy/universe amd64 libboost-all-dev amd64 1.74.0.3ubuntu7 [2268 B]
#7 22.15 Get:275 http://archive.ubuntu.com/ubuntu jammy-updates/main amd64 libncurses-dev amd64 6.3-2ubuntu0.3 [381 kB]
#7 22.15 Get:276 http://archive.ubuntu.com/ubuntu jammy/main amd64 libreadline-dev amd64 8.1.2-1 [166 kB]
#7 22.15 Get:277 http://archive.ubuntu.com/ubuntu jammy/universe amd64 libtbbmalloc2 amd64 2021.5.0-7ubuntu2 [49.6 kB]
#7 22.15 Get:278 http://archive.ubuntu.com/ubuntu jammy/universe amd64 libtbb12 amd64 2021.5.0-7ubuntu2 [84.8 kB]
#7 22.15 Get:279 http://archive.ubuntu.com/ubuntu jammy/universe amd64 p7zip amd64 16.02+dfsg-8 [363 kB]
#7 22.16 Get:280 http://archive.ubuntu.com/ubuntu jammy/universe amd64 p7zip-full amd64 16.02+dfsg-8 [1186 kB]
#7 22.19 Get:281 http://archive.ubuntu.com/ubuntu jammy/universe amd64 libtbb-dev amd64 2021.5.0-7ubuntu2 [191 kB]
#7 22.35 debconf: delaying package configuration, since apt-utils is not installed
#7 22.38 Fetched 250 MB in 14s (17.7 MB/s)
#7 22.41 (Reading database ... 
(Reading database ... 5%
(Reading database ... 10%
(Reading database ... 15%
(Reading database ... 20%
(Reading database ... 25%
(Reading database ... 30%
(Reading database ... 35%
(Reading database ... 40%
(Reading database ... 45%
(Reading database ... 50%
(Reading database ... 55%
(Reading database ... 60%
(Reading database ... 65%
(Reading database ... 70%
(Reading database ... 75%
(Reading database ... 80%
(Reading database ... 85%
(Reading database ... 90%
(Reading database ... 95%
(Reading database ... 100%
(Reading database ... 4393 files and directories currently installed.)
#7 22.42 Preparing to unpack .../perl-base_5.34.0-3ubuntu1.8_amd64.deb ...
#7 22.45 Unpacking perl-base (5.34.0-3ubuntu1.8) over (5.34.0-3ubuntu1.7) ...
#7 24.59 Setting up perl-base (5.34.0-3ubuntu1.8) ...
#7 24.67 (Reading database ... 
(Reading database ... 5%
(Reading database ... 10%
(Reading database ... 15%
(Reading database ... 20%
(Reading database ... 25%
(Reading database ... 30%
(Reading database ... 35%
(Reading database ... 40%
(Reading database ... 45%
(Reading database ... 50%
(Reading database ... 55%
(Reading database ... 60%
(Reading database ... 65%
(Reading database ... 70%
(Reading database ... 75%
(Reading database ... 80%
(Reading database ... 85%
(Reading database ... 90%
(Reading database ... 95%
(Reading database ... 100%
(Reading database ... 4393 files and directories currently installed.)
#7 24.67 Preparing to unpack .../libssl3_3.0.2-0ubuntu1.29_amd64.deb ...
#7 24.69 Unpacking libssl3:amd64 (3.0.2-0ubuntu1.29) over (3.0.2-0ubuntu1.26) ...
#7 24.81 Setting up libssl3:amd64 (3.0.2-0ubuntu1.29) ...
#7 24.93 Selecting previously unselected package libpython3.10-minimal:amd64.
#7 24.93 (Reading database ... 
(Reading database ... 5%
(Reading database ... 10%
(Reading database ... 15%
(Reading database ... 20%
(Reading database ... 25%
(Reading database ... 30%
(Reading database ... 35%
(Reading database ... 40%
(Reading database ... 45%
(Reading database ... 50%
(Reading database ... 55%
(Reading database ... 60%
(Reading database ... 65%
(Reading database ... 70%
(Reading database ... 75%
(Reading database ... 80%
(Reading database ... 85%
(Reading database ... 90%
(Reading database ... 95%
(Reading database ... 100%
(Reading database ... 4393 files and directories currently installed.)
#7 24.93 Preparing to unpack .../libpython3.10-minimal_3.10.12-1~22.04.17_amd64.deb ...
#7 24.94 Unpacking libpython3.10-minimal:amd64 (3.10.12-1~22.04.17) ...
#7 25.03 Selecting previously unselected package libexpat1:amd64.
#7 25.03 Preparing to unpack .../libexpat1_2.4.7-1ubuntu0.7_amd64.deb ...
#7 25.04 Unpacking libexpat1:amd64 (2.4.7-1ubuntu0.7) ...
#7 25.09 Selecting previously unselected package python3.10-minimal.
#7 25.09 Preparing to unpack .../python3.10-minimal_3.10.12-1~22.04.17_amd64.deb ...
#7 25.10 Unpacking python3.10-minimal (3.10.12-1~22.04.17) ...
#7 25.16 Setting up libpython3.10-minimal:amd64 (3.10.12-1~22.04.17) ...
#7 25.19 Setting up libexpat1:amd64 (2.4.7-1ubuntu0.7) ...
#7 25.21 Setting up python3.10-minimal (3.10.12-1~22.04.17) ...
#7 25.86 Selecting previously unselected package python3-minimal.
#7 25.86 (Reading database ... 
(Reading database ... 5%
(Reading database ... 10%
(Reading database ... 15%
(Reading database ... 20%
(Reading database ... 25%
(Reading database ... 30%
(Reading database ... 35%
(Reading database ... 40%
(Reading database ... 45%
(Reading database ... 50%
(Reading database ... 55%
(Reading database ... 60%
(Reading database ... 65%
(Reading database ... 70%
(Reading database ... 75%
(Reading database ... 80%
(Reading database ... 85%
(Reading database ... 90%
(Reading database ... 95%
(Reading database ... 100%
(Reading database ... 4697 files and directories currently installed.)
#7 25.86 Preparing to unpack .../python3-minimal_3.10.6-1~22.04.1_amd64.deb ...
#7 25.87 Unpacking python3-minimal (3.10.6-1~22.04.1) ...
#7 25.92 Selecting previously unselected package media-types.
#7 25.92 Preparing to unpack .../media-types_7.0.0_all.deb ...
#7 25.93 Unpacking media-types (7.0.0) ...
#7 25.97 Preparing to unpack .../libbz2-1.0_1.0.8-5ubuntu0.1_amd64.deb ...
#7 26.01 Unpacking libbz2-1.0:amd64 (1.0.8-5ubuntu0.1) over (1.0.8-5build1) ...
#7 26.06 Setting up libbz2-1.0:amd64 (1.0.8-5ubuntu0.1) ...
#7 26.12 Selecting previously unselected package libmpdec3:amd64.
#7 26.12 (Reading database ... 
(Reading database ... 5%
(Reading database ... 10%
(Reading database ... 15%
(Reading database ... 20%
(Reading database ... 25%
(Reading database ... 30%
(Reading database ... 35%
(Reading database ... 40%
(Reading database ... 45%
(Reading database ... 50%
(Reading database ... 55%
(Reading database ... 60%
(Reading database ... 65%
(Reading database ... 70%
(Reading database ... 75%
(Reading database ... 80%
(Reading database ... 85%
(Reading database ... 90%
(Reading database ... 95%
(Reading database ... 100%
(Reading database ... 4724 files and directories currently installed.)
#7 26.12 Preparing to unpack .../libmpdec3_2.5.1-2build2_amd64.deb ...
#7 26.13 Unpacking libmpdec3:amd64 (2.5.1-2build2) ...
#7 26.20 Preparing to unpack .../libncurses6_6.3-2ubuntu0.3_amd64.deb ...
#7 26.21 Unpacking libncurses6:amd64 (6.3-2ubuntu0.3) over (6.3-2ubuntu0.2) ...
#7 26.28 Preparing to unpack .../libncursesw6_6.3-2ubuntu0.3_amd64.deb ...
#7 26.30 Unpacking libncursesw6:amd64 (6.3-2ubuntu0.3) over (6.3-2ubuntu0.2) ...
#7 26.36 Preparing to unpack .../libtinfo6_6.3-2ubuntu0.3_amd64.deb ...
#7 26.38 Unpacking libtinfo6:amd64 (6.3-2ubuntu0.3) over (6.3-2ubuntu0.2) ...
#7 26.44 Setting up libtinfo6:amd64 (6.3-2ubuntu0.3) ...
#7 26.49 Selecting previously unselected package readline-common.
#7 26.49 (Reading database ... 
(Reading database ... 5%
(Reading database ... 10%
(Reading database ... 15%
(Reading database ... 20%
(Reading database ... 25%
(Reading database ... 30%
(Reading database ... 35%
(Reading database ... 40%
(Reading database ... 45%
(Reading database ... 50%
(Reading database ... 55%
(Reading database ... 60%
(Reading database ... 65%
(Reading database ... 70%
(Reading database ... 75%
(Reading database ... 80%
(Reading database ... 85%
(Reading database ... 90%
(Reading database ... 95%
(Reading database ... 100%
(Reading database ... 4731 files and directories currently installed.)
#7 26.49 Preparing to unpack .../0-readline-common_8.1.2-1_all.deb ...
#7 26.50 Unpacking readline-common (8.1.2-1) ...
#7 26.54 Selecting previously unselected package libreadline8:amd64.
#7 26.55 Preparing to unpack .../1-libreadline8_8.1.2-1_amd64.deb ...
#7 26.55 Unpacking libreadline8:amd64 (8.1.2-1) ...
#7 26.59 Selecting previously unselected package libsqlite3-0:amd64.
#7 26.60 Preparing to unpack .../2-libsqlite3-0_3.37.2-2ubuntu0.7_amd64.deb ...
#7 26.60 Unpacking libsqlite3-0:amd64 (3.37.2-2ubuntu0.7) ...
#7 26.65 Selecting previously unselected package libpython3.10-stdlib:amd64.
#7 26.65 Preparing to unpack .../3-libpython3.10-stdlib_3.10.12-1~22.04.17_amd64.deb ...
#7 26.65 Unpacking libpython3.10-stdlib:amd64 (3.10.12-1~22.04.17) ...
#7 26.76 Selecting previously unselected package python3.10.
#7 26.76 Preparing to unpack .../4-python3.10_3.10.12-1~22.04.17_amd64.deb ...
#7 26.76 Unpacking python3.10 (3.10.12-1~22.04.17) ...
#7 26.80 Selecting previously unselected package libpython3-stdlib:amd64.
#7 26.80 Preparing to unpack .../5-libpython3-stdlib_3.10.6-1~22.04.1_amd64.deb ...
#7 26.81 Unpacking libpython3-stdlib:amd64 (3.10.6-1~22.04.1) ...
#7 26.87 Setting up python3-minimal (3.10.6-1~22.04.1) ...
#7 27.08 Selecting previously unselected package python3.
#7 27.08 (Reading database ... 
(Reading database ... 5%
(Reading database ... 10%
(Reading database ... 15%
(Reading database ... 20%
(Reading database ... 25%
(Reading database ... 30%
(Reading database ... 35%
(Reading database ... 40%
(Reading database ... 45%
(Reading database ... 50%
(Reading database ... 55%
(Reading database ... 60%
(Reading database ... 65%
(Reading database ... 70%
(Reading database ... 75%
(Reading database ... 80%
(Reading database ... 85%
(Reading database ... 90%
(Reading database ... 95%
(Reading database ... 100%
(Reading database ... 5127 files and directories currently installed.)
#7 27.08 Preparing to unpack .../000-python3_3.10.6-1~22.04.1_amd64.deb ...
#7 27.09 Unpacking python3 (3.10.6-1~22.04.1) ...
#7 27.13 Selecting previously unselected package perl-modules-5.34.
#7 27.13 Preparing to unpack .../001-perl-modules-5.34_5.34.0-3ubuntu1.8_all.deb ...
#7 27.14 Unpacking perl-modules-5.34 (5.34.0-3ubuntu1.8) ...
#7 27.41 Selecting previously unselected package libgdbm6:amd64.
#7 27.41 Preparing to unpack .../002-libgdbm6_1.23-1_amd64.deb ...
#7 27.41 Unpacking libgdbm6:amd64 (1.23-1) ...
#7 27.46 Selecting previously unselected package libgdbm-compat4:amd64.
#7 27.46 Preparing to unpack .../003-libgdbm-compat4_1.23-1_amd64.deb ...
#7 27.46 Unpacking libgdbm-compat4:amd64 (1.23-1) ...
#7 27.51 Selecting previously unselected package libperl5.34:amd64.
#7 27.51 Preparing to unpack .../004-libperl5.34_5.34.0-3ubuntu1.8_amd64.deb ...
#7 27.52 Unpacking libperl5.34:amd64 (5.34.0-3ubuntu1.8) ...
#7 27.70 Selecting previously unselected package perl.
#7 27.70 Preparing to unpack .../005-perl_5.34.0-3ubuntu1.8_amd64.deb ...
#7 27.71 Unpacking perl (5.34.0-3ubuntu1.8) ...
#7 27.76 Selecting previously unselected package openssl.
#7 27.76 Preparing to unpack .../006-openssl_3.0.2-0ubuntu1.29_amd64.deb ...
#7 27.77 Unpacking openssl (3.0.2-0ubuntu1.29) ...
#7 27.84 Selecting previously unselected package ca-certificates.
#7 27.84 Preparing to unpack .../007-ca-certificates_20260601~22.04.1_all.deb ...
#7 27.84 Unpacking ca-certificates (20260601~22.04.1) ...
#7 27.93 Selecting previously unselected package libmd0:amd64.
#7 27.94 Preparing to unpack .../008-libmd0_1.0.4-1build1_amd64.deb ...
#7 27.94 Unpacking libmd0:amd64 (1.0.4-1build1) ...
#7 27.99 Selecting previously unselected package libbsd0:amd64.
#7 27.99 Preparing to unpack .../009-libbsd0_0.11.5-1_amd64.deb ...
#7 27.99 Unpacking libbsd0:amd64 (0.11.5-1) ...
#7 28.03 Selecting previously unselected package libicu70:amd64.
#7 28.04 Preparing to unpack .../010-libicu70_70.1-2_amd64.deb ...
#7 28.04 Unpacking libicu70:amd64 (70.1-2) ...
#7 28.20 Selecting previously unselected package libxml2:amd64.
#7 28.21 Preparing to unpack .../011-libxml2_2.9.13+dfsg-1ubuntu0.12_amd64.deb ...
#7 28.21 Unpacking libxml2:amd64 (2.9.13+dfsg-1ubuntu0.12) ...
#7 28.26 Selecting previously unselected package libcbor0.8:amd64.
#7 28.26 Preparing to unpack .../012-libcbor0.8_0.8.0-2ubuntu1_amd64.deb ...
#7 28.27 Unpacking libcbor0.8:amd64 (0.8.0-2ubuntu1) ...
#7 28.31 Selecting previously unselected package libedit2:amd64.
#7 28.31 Preparing to unpack .../013-libedit2_3.1-20210910-1build1_amd64.deb ...
#7 28.32 Unpacking libedit2:amd64 (3.1-20210910-1build1) ...
#7 28.37 Selecting previously unselected package libfido2-1:amd64.
#7 28.37 Preparing to unpack .../014-libfido2-1_1.10.0-1_amd64.deb ...
#7 28.37 Unpacking libfido2-1:amd64 (1.10.0-1) ...
#7 28.41 Selecting previously unselected package libnghttp2-14:amd64.
#7 28.42 Preparing to unpack .../015-libnghttp2-14_1.43.0-1ubuntu0.4_amd64.deb ...
#7 28.42 Unpacking libnghttp2-14:amd64 (1.43.0-1ubuntu0.4) ...
#7 28.47 Selecting previously unselected package libnuma1:amd64.
#7 28.47 Preparing to unpack .../016-libnuma1_2.0.14-3ubuntu2_amd64.deb ...
#7 28.48 Unpacking libnuma1:amd64 (2.0.14-3ubuntu2) ...
#7 28.53 Selecting previously unselected package libpsl5:amd64.
#7 28.53 Preparing to unpack .../017-libpsl5_0.21.0-1.2build2_amd64.deb ...
#7 28.54 Unpacking libpsl5:amd64 (0.21.0-1.2build2) ...
#7 28.58 Selecting previously unselected package libuv1:amd64.
#7 28.59 Preparing to unpack .../018-libuv1_1.43.0-1ubuntu0.1_amd64.deb ...
#7 28.59 Unpacking libuv1:amd64 (1.43.0-1ubuntu0.1) ...
#7 28.63 Selecting previously unselected package libxau6:amd64.
#7 28.64 Preparing to unpack .../019-libxau6_1%3a1.0.9-1build5_amd64.deb ...
#7 28.64 Unpacking libxau6:amd64 (1:1.0.9-1build5) ...
#7 28.68 Selecting previously unselected package libxdmcp6:amd64.
#7 28.68 Preparing to unpack .../020-libxdmcp6_1%3a1.1.3-0ubuntu5_amd64.deb ...
#7 28.69 Unpacking libxdmcp6:amd64 (1:1.1.3-0ubuntu5) ...
#7 28.74 Selecting previously unselected package libxcb1:amd64.
#7 28.74 Preparing to unpack .../021-libxcb1_1.14-3ubuntu3_amd64.deb ...
#7 28.74 Unpacking libxcb1:amd64 (1.14-3ubuntu3) ...
#7 28.78 Selecting previously unselected package libx11-data.
#7 28.78 Preparing to unpack .../022-libx11-data_2%3a1.7.5-1ubuntu0.3_all.deb ...
#7 28.79 Unpacking libx11-data (2:1.7.5-1ubuntu0.3) ...
#7 28.87 Selecting previously unselected package libx11-6:amd64.
#7 28.87 Preparing to unpack .../023-libx11-6_2%3a1.7.5-1ubuntu0.3_amd64.deb ...
#7 28.87 Unpacking libx11-6:amd64 (2:1.7.5-1ubuntu0.3) ...
#7 28.92 Selecting previously unselected package libxext6:amd64.
#7 28.92 Preparing to unpack .../024-libxext6_2%3a1.3.4-1build1_amd64.deb ...
#7 28.93 Unpacking libxext6:amd64 (2:1.3.4-1build1) ...
#7 28.98 Selecting previously unselected package openssh-client.
#7 28.98 Preparing to unpack .../025-openssh-client_1%3a8.9p1-3ubuntu0.17_amd64.deb ...
#7 29.00 Unpacking openssh-client (1:8.9p1-3ubuntu0.17) ...
#7 29.07 Selecting previously unselected package xz-utils.
#7 29.07 Preparing to unpack .../026-xz-utils_5.2.5-2ubuntu1.1_amd64.deb ...
#7 29.08 Unpacking xz-utils (5.2.5-2ubuntu1.1) ...
#7 29.12 Selecting previously unselected package libsigsegv2:amd64.
#7 29.12 Preparing to unpack .../027-libsigsegv2_2.13-1ubuntu3_amd64.deb ...
#7 29.13 Unpacking libsigsegv2:amd64 (2.13-1ubuntu3) ...
#7 29.18 Selecting previously unselected package m4.
#7 29.18 Preparing to unpack .../028-m4_1.4.18-5ubuntu2_amd64.deb ...
#7 29.19 Unpacking m4 (1.4.18-5ubuntu2) ...
#7 29.23 Selecting previously unselected package autoconf.
#7 29.23 Preparing to unpack .../029-autoconf_2.71-2_all.deb ...
#7 29.24 Unpacking autoconf (2.71-2) ...
#7 29.29 Selecting previously unselected package autotools-dev.
#7 29.29 Preparing to unpack .../030-autotools-dev_20220109.1_all.deb ...
#7 29.30 Unpacking autotools-dev (20220109.1) ...
#7 29.35 Selecting previously unselected package automake.
#7 29.35 Preparing to unpack .../031-automake_1%3a1.16.5-1.3_all.deb ...
#7 29.35 Unpacking automake (1:1.16.5-1.3) ...
#7 29.41 Selecting previously unselected package binutils-common:amd64.
#7 29.41 Preparing to unpack .../032-binutils-common_2.38-4ubuntu2.12_amd64.deb ...
#7 29.42 Unpacking binutils-common:amd64 (2.38-4ubuntu2.12) ...
#7 29.46 Selecting previously unselected package libbinutils:amd64.
#7 29.46 Preparing to unpack .../033-libbinutils_2.38-4ubuntu2.12_amd64.deb ...
#7 29.47 Unpacking libbinutils:amd64 (2.38-4ubuntu2.12) ...
#7 29.52 Selecting previously unselected package libctf-nobfd0:amd64.
#7 29.52 Preparing to unpack .../034-libctf-nobfd0_2.38-4ubuntu2.12_amd64.deb ...
#7 29.52 Unpacking libctf-nobfd0:amd64 (2.38-4ubuntu2.12) ...
#7 29.57 Selecting previously unselected package libctf0:amd64.
#7 29.57 Preparing to unpack .../035-libctf0_2.38-4ubuntu2.12_amd64.deb ...
#7 29.57 Unpacking libctf0:amd64 (2.38-4ubuntu2.12) ...
#7 29.61 Selecting previously unselected package binutils-x86-64-linux-gnu.
#7 29.62 Preparing to unpack .../036-binutils-x86-64-linux-gnu_2.38-4ubuntu2.12_amd64.deb ...
#7 29.62 Unpacking binutils-x86-64-linux-gnu (2.38-4ubuntu2.12) ...
#7 29.72 Selecting previously unselected package binutils.
#7 29.73 Preparing to unpack .../037-binutils_2.38-4ubuntu2.12_amd64.deb ...
#7 29.73 Unpacking binutils (2.38-4ubuntu2.12) ...
#7 29.77 Selecting previously unselected package libc-dev-bin.
#7 29.77 Preparing to unpack .../038-libc-dev-bin_2.35-0ubuntu3.14_amd64.deb ...
#7 29.78 Unpacking libc-dev-bin (2.35-0ubuntu3.14) ...
#7 29.81 Selecting previously unselected package linux-libc-dev:amd64.
#7 29.81 Preparing to unpack .../039-linux-libc-dev_5.15.0-191.201_amd64.deb ...
#7 29.82 Unpacking linux-libc-dev:amd64 (5.15.0-191.201) ...
#7 30.01 Selecting previously unselected package libcrypt-dev:amd64.
#7 30.01 Preparing to unpack .../040-libcrypt-dev_1%3a4.4.27-1_amd64.deb ...
#7 30.01 Unpacking libcrypt-dev:amd64 (1:4.4.27-1) ...
#7 30.08 Selecting previously unselected package rpcsvc-proto.
#7 30.08 Preparing to unpack .../041-rpcsvc-proto_1.4.2-0ubuntu6_amd64.deb ...
#7 30.08 Unpacking rpcsvc-proto (1.4.2-0ubuntu6) ...
#7 30.12 Selecting previously unselected package libtirpc-dev:amd64.
#7 30.13 Preparing to unpack .../042-libtirpc-dev_1.3.2-2ubuntu0.1_amd64.deb ...
#7 30.13 Unpacking libtirpc-dev:amd64 (1.3.2-2ubuntu0.1) ...
#7 30.17 Selecting previously unselected package libnsl-dev:amd64.
#7 30.17 Preparing to unpack .../043-libnsl-dev_1.3.0-2build2_amd64.deb ...
#7 30.18 Unpacking libnsl-dev:amd64 (1.3.0-2build2) ...
#7 30.22 Selecting previously unselected package libc6-dev:amd64.
#7 30.22 Preparing to unpack .../044-libc6-dev_2.35-0ubuntu3.14_amd64.deb ...
#7 30.23 Unpacking libc6-dev:amd64 (2.35-0ubuntu3.14) ...
#7 30.37 Selecting previously unselected package gcc-11-base:amd64.
#7 30.37 Preparing to unpack .../045-gcc-11-base_11.4.0-1ubuntu1~22.04.3_amd64.deb ...
#7 30.38 Unpacking gcc-11-base:amd64 (11.4.0-1ubuntu1~22.04.3) ...
#7 30.42 Selecting previously unselected package libisl23:amd64.
#7 30.43 Preparing to unpack .../046-libisl23_0.24-2build1_amd64.deb ...
#7 30.43 Unpacking libisl23:amd64 (0.24-2build1) ...
#7 30.48 Selecting previously unselected package libmpfr6:amd64.
#7 30.48 Preparing to unpack .../047-libmpfr6_4.1.0-3build3_amd64.deb ...
#7 30.49 Unpacking libmpfr6:amd64 (4.1.0-3build3) ...
#7 30.54 Selecting previously unselected package libmpc3:amd64.
#7 30.54 Preparing to unpack .../048-libmpc3_1.2.1-2build1_amd64.deb ...
#7 30.55 Unpacking libmpc3:amd64 (1.2.1-2build1) ...
#7 30.59 Selecting previously unselected package cpp-11.
#7 30.59 Preparing to unpack .../049-cpp-11_11.4.0-1ubuntu1~22.04.3_amd64.deb ...
#7 30.59 Unpacking cpp-11 (11.4.0-1ubuntu1~22.04.3) ...
#7 30.75 Selecting previously unselected package cpp.
#7 30.75 Preparing to unpack .../050-cpp_4%3a11.2.0-1ubuntu1_amd64.deb ...
#7 30.75 Unpacking cpp (4:11.2.0-1ubuntu1) ...
#7 30.80 Selecting previously unselected package libcc1-0:amd64.
#7 30.80 Preparing to unpack .../051-libcc1-0_12.3.0-1ubuntu1~22.04.3_amd64.deb ...
#7 30.81 Unpacking libcc1-0:amd64 (12.3.0-1ubuntu1~22.04.3) ...
#7 30.87 Selecting previously unselected package libgomp1:amd64.
#7 30.87 Preparing to unpack .../052-libgomp1_12.3.0-1ubuntu1~22.04.3_amd64.deb ...
#7 30.87 Unpacking libgomp1:amd64 (12.3.0-1ubuntu1~22.04.3) ...
#7 30.92 Selecting previously unselected package libitm1:amd64.
#7 30.92 Preparing to unpack .../053-libitm1_12.3.0-1ubuntu1~22.04.3_amd64.deb ...
#7 30.93 Unpacking libitm1:amd64 (12.3.0-1ubuntu1~22.04.3) ...
#7 30.97 Selecting previously unselected package libatomic1:amd64.
#7 30.97 Preparing to unpack .../054-libatomic1_12.3.0-1ubuntu1~22.04.3_amd64.deb ...
#7 30.98 Unpacking libatomic1:amd64 (12.3.0-1ubuntu1~22.04.3) ...
#7 31.02 Selecting previously unselected package libasan6:amd64.
#7 31.02 Preparing to unpack .../055-libasan6_11.4.0-1ubuntu1~22.04.3_amd64.deb ...
#7 31.03 Unpacking libasan6:amd64 (11.4.0-1ubuntu1~22.04.3) ...
#7 31.10 Selecting previously unselected package liblsan0:amd64.
#7 31.11 Preparing to unpack .../056-liblsan0_12.3.0-1ubuntu1~22.04.3_amd64.deb ...
#7 31.11 Unpacking liblsan0:amd64 (12.3.0-1ubuntu1~22.04.3) ...
#7 31.18 Selecting previously unselected package libtsan0:amd64.
#7 31.18 Preparing to unpack .../057-libtsan0_11.4.0-1ubuntu1~22.04.3_amd64.deb ...
#7 31.18 Unpacking libtsan0:amd64 (11.4.0-1ubuntu1~22.04.3) ...
#7 31.26 Selecting previously unselected package libubsan1:amd64.
#7 31.26 Preparing to unpack .../058-libubsan1_12.3.0-1ubuntu1~22.04.3_amd64.deb ...
#7 31.27 Unpacking libubsan1:amd64 (12.3.0-1ubuntu1~22.04.3) ...
#7 31.32 Selecting previously unselected package libquadmath0:amd64.
#7 31.33 Preparing to unpack .../059-libquadmath0_12.3.0-1ubuntu1~22.04.3_amd64.deb ...
#7 31.33 Unpacking libquadmath0:amd64 (12.3.0-1ubuntu1~22.04.3) ...
#7 31.37 Selecting previously unselected package libgcc-11-dev:amd64.
#7 31.37 Preparing to unpack .../060-libgcc-11-dev_11.4.0-1ubuntu1~22.04.3_amd64.deb ...
#7 31.38 Unpacking libgcc-11-dev:amd64 (11.4.0-1ubuntu1~22.04.3) ...
#7 31.48 Selecting previously unselected package gcc-11.
#7 31.48 Preparing to unpack .../061-gcc-11_11.4.0-1ubuntu1~22.04.3_amd64.deb ...
#7 31.49 Unpacking gcc-11 (11.4.0-1ubuntu1~22.04.3) ...
#7 31.75 Selecting previously unselected package gcc.
#7 31.75 Preparing to unpack .../062-gcc_4%3a11.2.0-1ubuntu1_amd64.deb ...
#7 31.75 Unpacking gcc (4:11.2.0-1ubuntu1) ...
#7 31.79 Selecting previously unselected package libstdc++-11-dev:amd64.
#7 31.79 Preparing to unpack .../063-libstdc++-11-dev_11.4.0-1ubuntu1~22.04.3_amd64.deb ...
#7 31.80 Unpacking libstdc++-11-dev:amd64 (11.4.0-1ubuntu1~22.04.3) ...
#7 31.99 Selecting previously unselected package g++-11.
#7 31.99 Preparing to unpack .../064-g++-11_11.4.0-1ubuntu1~22.04.3_amd64.deb ...
#7 32.00 Unpacking g++-11 (11.4.0-1ubuntu1~22.04.3) ...
#7 32.18 Selecting previously unselected package g++.
#7 32.18 Preparing to unpack .../065-g++_4%3a11.2.0-1ubuntu1_amd64.deb ...
#7 32.19 Unpacking g++ (4:11.2.0-1ubuntu1) ...
#7 32.23 Selecting previously unselected package make.
#7 32.23 Preparing to unpack .../066-make_4.3-4.1build1_amd64.deb ...
#7 32.23 Unpacking make (4.3-4.1build1) ...
#7 32.27 Selecting previously unselected package libdpkg-perl.
#7 32.27 Preparing to unpack .../067-libdpkg-perl_1.21.1ubuntu2.6_all.deb ...
#7 32.28 Unpacking libdpkg-perl (1.21.1ubuntu2.6) ...
#7 32.33 Selecting previously unselected package bzip2.
#7 32.33 Preparing to unpack .../068-bzip2_1.0.8-5ubuntu0.1_amd64.deb ...
#7 32.34 Unpacking bzip2 (1.0.8-5ubuntu0.1) ...
#7 32.38 Selecting previously unselected package patch.
#7 32.38 Preparing to unpack .../069-patch_2.7.6-7build2_amd64.deb ...
#7 32.38 Unpacking patch (2.7.6-7build2) ...
#7 32.42 Selecting previously unselected package lto-disabled-list.
#7 32.42 Preparing to unpack .../070-lto-disabled-list_24_all.deb ...
#7 32.43 Unpacking lto-disabled-list (24) ...
#7 32.46 Selecting previously unselected package dpkg-dev.
#7 32.46 Preparing to unpack .../071-dpkg-dev_1.21.1ubuntu2.6_all.deb ...
#7 32.47 Unpacking dpkg-dev (1.21.1ubuntu2.6) ...
#7 32.54 Selecting previously unselected package build-essential.
#7 32.54 Preparing to unpack .../072-build-essential_12.9ubuntu3_amd64.deb ...
#7 32.55 Unpacking build-essential (12.9ubuntu3) ...
#7 32.62 Selecting previously unselected package libarchive13:amd64.
#7 32.62 Preparing to unpack .../073-libarchive13_3.6.0-1ubuntu1.8_amd64.deb ...
#7 32.62 Unpacking libarchive13:amd64 (3.6.0-1ubuntu1.8) ...
#7 32.67 Selecting previously unselected package libbrotli1:amd64.
#7 32.67 Preparing to unpack .../074-libbrotli1_1.0.9-2build6_amd64.deb ...
#7 32.68 Unpacking libbrotli1:amd64 (1.0.9-2build6) ...
#7 32.73 Selecting previously unselected package libsasl2-modules-db:amd64.
#7 32.73 Preparing to unpack .../075-libsasl2-modules-db_2.1.27+dfsg2-3ubuntu1.2_amd64.deb ...
#7 32.73 Unpacking libsasl2-modules-db:amd64 (2.1.27+dfsg2-3ubuntu1.2) ...
#7 32.78 Selecting previously unselected package libsasl2-2:amd64.
#7 32.78 Preparing to unpack .../076-libsasl2-2_2.1.27+dfsg2-3ubuntu1.2_amd64.deb ...
#7 32.78 Unpacking libsasl2-2:amd64 (2.1.27+dfsg2-3ubuntu1.2) ...
#7 32.83 Selecting previously unselected package libldap-2.5-0:amd64.
#7 32.83 Preparing to unpack .../077-libldap-2.5-0_2.5.20+dfsg-0ubuntu0.22.04.1_amd64.deb ...
#7 32.84 Unpacking libldap-2.5-0:amd64 (2.5.20+dfsg-0ubuntu0.22.04.1) ...
#7 32.89 Selecting previously unselected package librtmp1:amd64.
#7 32.90 Preparing to unpack .../078-librtmp1_2.4+20151223.gitfa8646d.1-2build4_amd64.deb ...
#7 32.90 Unpacking librtmp1:amd64 (2.4+20151223.gitfa8646d.1-2build4) ...
#7 32.95 Selecting previously unselected package libssh-4:amd64.
#7 32.95 Preparing to unpack .../079-libssh-4_0.9.6-2ubuntu0.22.04.8_amd64.deb ...
#7 32.95 Unpacking libssh-4:amd64 (0.9.6-2ubuntu0.22.04.8) ...
#7 33.00 Selecting previously unselected package libcurl4:amd64.
#7 33.00 Preparing to unpack .../080-libcurl4_7.81.0-1ubuntu1.27_amd64.deb ...
#7 33.01 Unpacking libcurl4:amd64 (7.81.0-1ubuntu1.27) ...
#7 33.06 Selecting previously unselected package libjsoncpp25:amd64.
#7 33.06 Preparing to unpack .../081-libjsoncpp25_1.9.5-3_amd64.deb ...
#7 33.06 Unpacking libjsoncpp25:amd64 (1.9.5-3) ...
#7 33.11 Selecting previously unselected package librhash0:amd64.
#7 33.12 Preparing to unpack .../082-librhash0_1.4.2-1ubuntu1_amd64.deb ...
#7 33.12 Unpacking librhash0:amd64 (1.4.2-1ubuntu1) ...
#7 33.16 Selecting previously unselected package dh-elpa-helper.
#7 33.16 Preparing to unpack .../083-dh-elpa-helper_2.0.9ubuntu1_all.deb ...
#7 33.17 Unpacking dh-elpa-helper (2.0.9ubuntu1) ...
#7 33.23 Selecting previously unselected package emacsen-common.
#7 33.23 Preparing to unpack .../084-emacsen-common_3.0.4_all.deb ...
#7 33.24 Unpacking emacsen-common (3.0.4) ...
#7 33.32 Selecting previously unselected package cmake-data.
#7 33.32 Preparing to unpack .../085-cmake-data_3.22.1-1ubuntu1.22.04.2_all.deb ...
#7 33.33 Unpacking cmake-data (3.22.1-1ubuntu1.22.04.2) ...
#7 33.78 Selecting previously unselected package cmake.
#7 33.78 Preparing to unpack .../086-cmake_3.22.1-1ubuntu1.22.04.2_amd64.deb ...
#7 33.79 Unpacking cmake (3.22.1-1ubuntu1.22.04.2) ...
#7 33.90 Selecting previously unselected package cpp-12.
#7 33.90 Preparing to unpack .../087-cpp-12_12.3.0-1ubuntu1~22.04.3_amd64.deb ...
#7 33.90 Unpacking cpp-12 (12.3.0-1ubuntu1~22.04.3) ...
#7 34.08 Selecting previously unselected package mysql-common.
#7 34.08 Preparing to unpack .../088-mysql-common_5.8+1.0.8_all.deb ...
#7 34.10 Unpacking mysql-common (5.8+1.0.8) ...
#7 34.14 Selecting previously unselected package libmysqlclient21:amd64.
#7 34.15 Preparing to unpack .../089-libmysqlclient21_8.0.46-0ubuntu0.22.04.4_amd64.deb ...
#7 34.15 Unpacking libmysqlclient21:amd64 (8.0.46-0ubuntu0.22.04.4) ...
#7 34.21 Selecting previously unselected package libssl-dev:amd64.
#7 34.21 Preparing to unpack .../090-libssl-dev_3.0.2-0ubuntu1.29_amd64.deb ...
#7 34.22 Unpacking libssl-dev:amd64 (3.0.2-0ubuntu1.29) ...
#7 34.31 Selecting previously unselected package libzstd-dev:amd64.
#7 34.31 Preparing to unpack .../091-libzstd-dev_1.4.8+dfsg-3build1_amd64.deb ...
#7 34.32 Unpacking libzstd-dev:amd64 (1.4.8+dfsg-3build1) ...
#7 34.36 Selecting previously unselected package zlib1g-dev:amd64.
#7 34.36 Preparing to unpack .../092-zlib1g-dev_1%3a1.2.11.dfsg-2ubuntu9.2_amd64.deb ...
#7 34.37 Unpacking zlib1g-dev:amd64 (1:1.2.11.dfsg-2ubuntu9.2) ...
#7 34.41 Selecting previously unselected package libmysqlclient-dev.
#7 34.41 Preparing to unpack .../093-libmysqlclient-dev_8.0.46-0ubuntu0.22.04.4_amd64.deb ...
#7 34.42 Unpacking libmysqlclient-dev (8.0.46-0ubuntu0.22.04.4) ...
#7 34.49 Selecting previously unselected package default-libmysqlclient-dev:amd64.
#7 34.49 Preparing to unpack .../094-default-libmysqlclient-dev_1.0.8_amd64.deb ...
#7 34.50 Unpacking default-libmysqlclient-dev:amd64 (1.0.8) ...
#7 34.54 Selecting previously unselected package libasan8:amd64.
#7 34.54 Preparing to unpack .../095-libasan8_12.3.0-1ubuntu1~22.04.3_amd64.deb ...
#7 34.55 Unpacking libasan8:amd64 (12.3.0-1ubuntu1~22.04.3) ...
#7 34.64 Selecting previously unselected package libtsan2:amd64.
#7 34.64 Preparing to unpack .../096-libtsan2_12.3.0-1ubuntu1~22.04.3_amd64.deb ...
#7 34.65 Unpacking libtsan2:amd64 (12.3.0-1ubuntu1~22.04.3) ...
#7 34.72 Selecting previously unselected package libgcc-12-dev:amd64.
#7 34.73 Preparing to unpack .../097-libgcc-12-dev_12.3.0-1ubuntu1~22.04.3_amd64.deb ...
#7 34.73 Unpacking libgcc-12-dev:amd64 (12.3.0-1ubuntu1~22.04.3) ...
#7 34.84 Selecting previously unselected package gcc-12.
#7 34.84 Preparing to unpack .../098-gcc-12_12.3.0-1ubuntu1~22.04.3_amd64.deb ...
#7 34.84 Unpacking gcc-12 (12.3.0-1ubuntu1~22.04.3) ...
#7 35.13 Selecting previously unselected package libstdc++-12-dev:amd64.
#7 35.13 Preparing to unpack .../099-libstdc++-12-dev_12.3.0-1ubuntu1~22.04.3_amd64.deb ...
#7 35.14 Unpacking libstdc++-12-dev:amd64 (12.3.0-1ubuntu1~22.04.3) ...
#7 35.33 Selecting previously unselected package g++-12.
#7 35.33 Preparing to unpack .../100-g++-12_12.3.0-1ubuntu1~22.04.3_amd64.deb ...
#7 35.33 Unpacking g++-12 (12.3.0-1ubuntu1~22.04.3) ...
#7 35.52 Selecting previously unselected package libgfortran5:amd64.
#7 35.52 Preparing to unpack .../101-libgfortran5_12.3.0-1ubuntu1~22.04.3_amd64.deb ...
#7 35.52 Unpacking libgfortran5:amd64 (12.3.0-1ubuntu1~22.04.3) ...
#7 35.58 Selecting previously unselected package libgfortran-11-dev:amd64.
#7 35.58 Preparing to unpack .../102-libgfortran-11-dev_11.4.0-1ubuntu1~22.04.3_amd64.deb ...
#7 35.58 Unpacking libgfortran-11-dev:amd64 (11.4.0-1ubuntu1~22.04.3) ...
#7 35.64 Selecting previously unselected package gfortran-11.
#7 35.64 Preparing to unpack .../103-gfortran-11_11.4.0-1ubuntu1~22.04.3_amd64.deb ...
#7 35.65 Unpacking gfortran-11 (11.4.0-1ubuntu1~22.04.3) ...
#7 35.82 Selecting previously unselected package libcurl3-gnutls:amd64.
#7 35.82 Preparing to unpack .../104-libcurl3-gnutls_7.81.0-1ubuntu1.27_amd64.deb ...
#7 35.82 Unpacking libcurl3-gnutls:amd64 (7.81.0-1ubuntu1.27) ...
#7 35.86 Selecting previously unselected package liberror-perl.
#7 35.87 Preparing to unpack .../105-liberror-perl_0.17029-1_all.deb ...
#7 35.87 Unpacking liberror-perl (0.17029-1) ...
#7 35.91 Selecting previously unselected package git-man.
#7 35.91 Preparing to unpack .../106-git-man_1%3a2.34.1-1ubuntu1.17_all.deb ...
#7 35.92 Unpacking git-man (1:2.34.1-1ubuntu1.17) ...
#7 35.97 Selecting previously unselected package git.
#7 35.98 Preparing to unpack .../107-git_1%3a2.34.1-1ubuntu1.17_amd64.deb ...
#7 35.99 Unpacking git (1:2.34.1-1ubuntu1.17) ...
#7 36.13 Selecting previously unselected package libnl-3-200:amd64.
#7 36.13 Preparing to unpack .../108-libnl-3-200_3.5.0-0.1_amd64.deb ...
#7 36.14 Unpacking libnl-3-200:amd64 (3.5.0-0.1) ...
#7 36.19 Selecting previously unselected package libnl-route-3-200:amd64.
#7 36.19 Preparing to unpack .../109-libnl-route-3-200_3.5.0-0.1_amd64.deb ...
#7 36.19 Unpacking libnl-route-3-200:amd64 (3.5.0-0.1) ...
#7 36.24 Selecting previously unselected package libibverbs1:amd64.
#7 36.24 Preparing to unpack .../110-libibverbs1_39.0-1_amd64.deb ...
#7 36.25 Unpacking libibverbs1:amd64 (39.0-1) ...
#7 36.31 Selecting previously unselected package ibverbs-providers:amd64.
#7 36.31 Preparing to unpack .../111-ibverbs-providers_39.0-1_amd64.deb ...
#7 36.33 Unpacking ibverbs-providers:amd64 (39.0-1) ...
#7 36.37 Selecting previously unselected package icu-devtools.
#7 36.37 Preparing to unpack .../112-icu-devtools_70.1-2_amd64.deb ...
#7 36.38 Unpacking icu-devtools (70.1-2) ...
#7 36.42 Selecting previously unselected package libace-7.0.6.
#7 36.43 Preparing to unpack .../113-libace-7.0.6_7.0.6+dfsg-2_amd64.deb ...
#7 36.43 Unpacking libace-7.0.6 (7.0.6+dfsg-2) ...
#7 36.48 Selecting previously unselected package libace-dev.
#7 36.48 Preparing to unpack .../114-libace-dev_7.0.6+dfsg-2_amd64.deb ...
#7 36.48 Unpacking libace-dev (7.0.6+dfsg-2) ...
#7 36.69 Selecting previously unselected package libboost1.74-dev:amd64.
#7 36.69 Preparing to unpack .../115-libboost1.74-dev_1.74.0-14ubuntu3_amd64.deb ...
#7 36.71 Unpacking libboost1.74-dev:amd64 (1.74.0-14ubuntu3) ...
#7 38.95 Selecting previously unselected package libboost-dev:amd64.
#7 38.96 Preparing to unpack .../116-libboost-dev_1.74.0.3ubuntu7_amd64.deb ...
#7 38.96 Unpacking libboost-dev:amd64 (1.74.0.3ubuntu7) ...
#7 39.00 Selecting previously unselected package libboost1.74-tools-dev.
#7 39.00 Preparing to unpack .../117-libboost1.74-tools-dev_1.74.0-14ubuntu3_amd64.deb ...
#7 39.01 Unpacking libboost1.74-tools-dev (1.74.0-14ubuntu3) ...
#7 39.10 Selecting previously unselected package libboost-tools-dev.
#7 39.11 Preparing to unpack .../118-libboost-tools-dev_1.74.0.3ubuntu7_amd64.deb ...
#7 39.11 Unpacking libboost-tools-dev (1.74.0.3ubuntu7) ...
#7 39.15 Selecting previously unselected package libboost-atomic1.74.0:amd64.
#7 39.16 Preparing to unpack .../119-libboost-atomic1.74.0_1.74.0-14ubuntu3_amd64.deb ...
#7 39.16 Unpacking libboost-atomic1.74.0:amd64 (1.74.0-14ubuntu3) ...
#7 39.20 Selecting previously unselected package libboost-atomic1.74-dev:amd64.
#7 39.21 Preparing to unpack .../120-libboost-atomic1.74-dev_1.74.0-14ubuntu3_amd64.deb ...
#7 39.21 Unpacking libboost-atomic1.74-dev:amd64 (1.74.0-14ubuntu3) ...
#7 39.26 Selecting previously unselected package libboost-atomic-dev:amd64.
#7 39.26 Preparing to unpack .../121-libboost-atomic-dev_1.74.0.3ubuntu7_amd64.deb ...
#7 39.27 Unpacking libboost-atomic-dev:amd64 (1.74.0.3ubuntu7) ...
#7 39.31 Selecting previously unselected package libboost-chrono1.74.0:amd64.
#7 39.31 Preparing to unpack .../122-libboost-chrono1.74.0_1.74.0-14ubuntu3_amd64.deb ...
#7 39.32 Unpacking libboost-chrono1.74.0:amd64 (1.74.0-14ubuntu3) ...
#7 39.37 Selecting previously unselected package libboost-chrono1.74-dev:amd64.
#7 39.37 Preparing to unpack .../123-libboost-chrono1.74-dev_1.74.0-14ubuntu3_amd64.deb ...
#7 39.37 Unpacking libboost-chrono1.74-dev:amd64 (1.74.0-14ubuntu3) ...
#7 39.42 Selecting previously unselected package libboost-chrono-dev:amd64.
#7 39.42 Preparing to unpack .../124-libboost-chrono-dev_1.74.0.3ubuntu7_amd64.deb ...
#7 39.43 Unpacking libboost-chrono-dev:amd64 (1.74.0.3ubuntu7) ...
#7 39.48 Selecting previously unselected package libboost-container1.74.0:amd64.
#7 39.48 Preparing to unpack .../125-libboost-container1.74.0_1.74.0-14ubuntu3_amd64.deb ...
#7 39.49 Unpacking libboost-container1.74.0:amd64 (1.74.0-14ubuntu3) ...
#7 39.53 Selecting previously unselected package libboost-container1.74-dev:amd64.
#7 39.53 Preparing to unpack .../126-libboost-container1.74-dev_1.74.0-14ubuntu3_amd64.deb ...
#7 39.54 Unpacking libboost-container1.74-dev:amd64 (1.74.0-14ubuntu3) ...
#7 39.58 Selecting previously unselected package libboost-container-dev:amd64.
#7 39.58 Preparing to unpack .../127-libboost-container-dev_1.74.0.3ubuntu7_amd64.deb ...
#7 39.59 Unpacking libboost-container-dev:amd64 (1.74.0.3ubuntu7) ...
#7 39.65 Selecting previously unselected package libboost-date-time1.74.0:amd64.
#7 39.65 Preparing to unpack .../128-libboost-date-time1.74.0_1.74.0-14ubuntu3_amd64.deb ...
#7 39.66 Unpacking libboost-date-time1.74.0:amd64 (1.74.0-14ubuntu3) ...
#7 39.71 Selecting previously unselected package libboost-serialization1.74.0:amd64.
#7 39.72 Preparing to unpack .../129-libboost-serialization1.74.0_1.74.0-14ubuntu3_amd64.deb ...
#7 39.72 Unpacking libboost-serialization1.74.0:amd64 (1.74.0-14ubuntu3) ...
#7 39.77 Selecting previously unselected package libboost-serialization1.74-dev:amd64.
#7 39.78 Preparing to unpack .../130-libboost-serialization1.74-dev_1.74.0-14ubuntu3_amd64.deb ...
#7 39.78 Unpacking libboost-serialization1.74-dev:amd64 (1.74.0-14ubuntu3) ...
#7 39.84 Selecting previously unselected package libboost-date-time1.74-dev:amd64.
#7 39.84 Preparing to unpack .../131-libboost-date-time1.74-dev_1.74.0-14ubuntu3_amd64.deb ...
#7 39.85 Unpacking libboost-date-time1.74-dev:amd64 (1.74.0-14ubuntu3) ...
#7 39.90 Selecting previously unselected package libboost-system1.74.0:amd64.
#7 39.90 Preparing to unpack .../132-libboost-system1.74.0_1.74.0-14ubuntu3_amd64.deb ...
#7 39.91 Unpacking libboost-system1.74.0:amd64 (1.74.0-14ubuntu3) ...
#7 39.95 Selecting previously unselected package libboost-system1.74-dev:amd64.
#7 39.95 Preparing to unpack .../133-libboost-system1.74-dev_1.74.0-14ubuntu3_amd64.deb ...
#7 39.96 Unpacking libboost-system1.74-dev:amd64 (1.74.0-14ubuntu3) ...
#7 40.01 Selecting previously unselected package libboost-thread1.74.0:amd64.
#7 40.01 Preparing to unpack .../134-libboost-thread1.74.0_1.74.0-14ubuntu3_amd64.deb ...
#7 40.02 Unpacking libboost-thread1.74.0:amd64 (1.74.0-14ubuntu3) ...
#7 40.06 Selecting previously unselected package libboost-thread1.74-dev:amd64.
#7 40.07 Preparing to unpack .../135-libboost-thread1.74-dev_1.74.0-14ubuntu3_amd64.deb ...
#7 40.07 Unpacking libboost-thread1.74-dev:amd64 (1.74.0-14ubuntu3) ...
#7 40.13 Selecting previously unselected package libboost-context1.74.0:amd64.
#7 40.13 Preparing to unpack .../136-libboost-context1.74.0_1.74.0-14ubuntu3_amd64.deb ...
#7 40.14 Unpacking libboost-context1.74.0:amd64 (1.74.0-14ubuntu3) ...
#7 40.20 Selecting previously unselected package libboost-context1.74-dev:amd64.
#7 40.20 Preparing to unpack .../137-libboost-context1.74-dev_1.74.0-14ubuntu3_amd64.deb ...
#7 40.21 Unpacking libboost-context1.74-dev:amd64 (1.74.0-14ubuntu3) ...
#7 40.25 Selecting previously unselected package libboost-context-dev:amd64.
#7 40.25 Preparing to unpack .../138-libboost-context-dev_1.74.0.3ubuntu7_amd64.deb ...
#7 40.26 Unpacking libboost-context-dev:amd64 (1.74.0.3ubuntu7) ...
#7 40.30 Selecting previously unselected package libboost-coroutine1.74.0:amd64.
#7 40.31 Preparing to unpack .../139-libboost-coroutine1.74.0_1.74.0-14ubuntu3_amd64.deb ...
#7 40.31 Unpacking libboost-coroutine1.74.0:amd64 (1.74.0-14ubuntu3) ...
#7 40.36 Selecting previously unselected package libboost-coroutine1.74-dev:amd64.
#7 40.36 Preparing to unpack .../140-libboost-coroutine1.74-dev_1.74.0-14ubuntu3_amd64.deb ...
#7 40.37 Unpacking libboost-coroutine1.74-dev:amd64 (1.74.0-14ubuntu3) ...
#7 40.41 Selecting previously unselected package libboost-coroutine-dev:amd64.
#7 40.41 Preparing to unpack .../141-libboost-coroutine-dev_1.74.0.3ubuntu7_amd64.deb ...
#7 40.42 Unpacking libboost-coroutine-dev:amd64 (1.74.0.3ubuntu7) ...
#7 40.45 Selecting previously unselected package libboost-date-time-dev:amd64.
#7 40.46 Preparing to unpack .../142-libboost-date-time-dev_1.74.0.3ubuntu7_amd64.deb ...
#7 40.46 Unpacking libboost-date-time-dev:amd64 (1.74.0.3ubuntu7) ...
#7 40.50 Selecting previously unselected package libboost-exception1.74-dev:amd64.
#7 40.50 Preparing to unpack .../143-libboost-exception1.74-dev_1.74.0-14ubuntu3_amd64.deb ...
#7 40.51 Unpacking libboost-exception1.74-dev:amd64 (1.74.0-14ubuntu3) ...
#7 40.55 Selecting previously unselected package libboost-exception-dev:amd64.
#7 40.55 Preparing to unpack .../144-libboost-exception-dev_1.74.0.3ubuntu7_amd64.deb ...
#7 40.56 Unpacking libboost-exception-dev:amd64 (1.74.0.3ubuntu7) ...
#7 40.60 Selecting previously unselected package libboost-filesystem1.74.0:amd64.
#7 40.60 Preparing to unpack .../145-libboost-filesystem1.74.0_1.74.0-14ubuntu3_amd64.deb ...
#7 40.61 Unpacking libboost-filesystem1.74.0:amd64 (1.74.0-14ubuntu3) ...
#7 40.65 Selecting previously unselected package libboost-filesystem1.74-dev:amd64.
#7 40.66 Preparing to unpack .../146-libboost-filesystem1.74-dev_1.74.0-14ubuntu3_amd64.deb ...
#7 40.66 Unpacking libboost-filesystem1.74-dev:amd64 (1.74.0-14ubuntu3) ...
#7 40.71 Selecting previously unselected package libboost-fiber1.74.0:amd64.
#7 40.72 Preparing to unpack .../147-libboost-fiber1.74.0_1.74.0-14ubuntu3_amd64.deb ...
#7 40.72 Unpacking libboost-fiber1.74.0:amd64 (1.74.0-14ubuntu3) ...
#7 40.77 Selecting previously unselected package libboost-fiber1.74-dev:amd64.
#7 40.77 Preparing to unpack .../148-libboost-fiber1.74-dev_1.74.0-14ubuntu3_amd64.deb ...
#7 40.77 Unpacking libboost-fiber1.74-dev:amd64 (1.74.0-14ubuntu3) ...
#7 40.82 Selecting previously unselected package libboost-fiber-dev:amd64.
#7 40.82 Preparing to unpack .../149-libboost-fiber-dev_1.74.0.3ubuntu7_amd64.deb ...
#7 40.83 Unpacking libboost-fiber-dev:amd64 (1.74.0.3ubuntu7) ...
#7 40.86 Selecting previously unselected package libboost-filesystem-dev:amd64.
#7 40.87 Preparing to unpack .../150-libboost-filesystem-dev_1.74.0.3ubuntu7_amd64.deb ...
#7 40.87 Unpacking libboost-filesystem-dev:amd64 (1.74.0.3ubuntu7) ...
#7 40.92 Selecting previously unselected package libboost-regex1.74.0:amd64.
#7 40.93 Preparing to unpack .../151-libboost-regex1.74.0_1.74.0-14ubuntu3_amd64.deb ...
#7 40.93 Unpacking libboost-regex1.74.0:amd64 (1.74.0-14ubuntu3) ...
#7 40.99 Selecting previously unselected package libboost-graph1.74.0:amd64.
#7 40.99 Preparing to unpack .../152-libboost-graph1.74.0_1.74.0-14ubuntu3_amd64.deb ...
#7 41.00 Unpacking libboost-graph1.74.0:amd64 (1.74.0-14ubuntu3) ...
#7 41.05 Selecting previously unselected package libicu-dev:amd64.
#7 41.05 Preparing to unpack .../153-libicu-dev_70.1-2_amd64.deb ...
#7 41.06 Unpacking libicu-dev:amd64 (70.1-2) ...
#7 41.27 Selecting previously unselected package libboost-regex1.74-dev:amd64.
#7 41.27 Preparing to unpack .../154-libboost-regex1.74-dev_1.74.0-14ubuntu3_amd64.deb ...
#7 41.28 Unpacking libboost-regex1.74-dev:amd64 (1.74.0-14ubuntu3) ...
#7 41.33 Selecting previously unselected package libboost-test1.74.0:amd64.
#7 41.33 Preparing to unpack .../155-libboost-test1.74.0_1.74.0-14ubuntu3_amd64.deb ...
#7 41.34 Unpacking libboost-test1.74.0:amd64 (1.74.0-14ubuntu3) ...
#7 41.39 Selecting previously unselected package libboost-test1.74-dev:amd64.
#7 41.39 Preparing to unpack .../156-libboost-test1.74-dev_1.74.0-14ubuntu3_amd64.deb ...
#7 41.40 Unpacking libboost-test1.74-dev:amd64 (1.74.0-14ubuntu3) ...
#7 41.45 Selecting previously unselected package libboost-graph1.74-dev:amd64.
#7 41.46 Preparing to unpack .../157-libboost-graph1.74-dev_1.74.0-14ubuntu3_amd64.deb ...
#7 41.46 Unpacking libboost-graph1.74-dev:amd64 (1.74.0-14ubuntu3) ...
#7 41.51 Selecting previously unselected package libboost-graph-dev:amd64.
#7 41.51 Preparing to unpack .../158-libboost-graph-dev_1.74.0.3ubuntu7_amd64.deb ...
#7 41.52 Unpacking libboost-graph-dev:amd64 (1.74.0.3ubuntu7) ...
#7 41.58 Selecting previously unselected package libevent-core-2.1-7:amd64.
#7 41.59 Preparing to unpack .../159-libevent-core-2.1-7_2.1.12-stable-1ubuntu0.1_amd64.deb ...
#7 41.59 Unpacking libevent-core-2.1-7:amd64 (2.1.12-stable-1ubuntu0.1) ...
#7 41.64 Selecting previously unselected package libevent-pthreads-2.1-7:amd64.
#7 41.64 Preparing to unpack .../160-libevent-pthreads-2.1-7_2.1.12-stable-1ubuntu0.1_amd64.deb ...
#7 41.65 Unpacking libevent-pthreads-2.1-7:amd64 (2.1.12-stable-1ubuntu0.1) ...
#7 41.73 Selecting previously unselected package libpsm-infinipath1.
#7 41.73 Preparing to unpack .../161-libpsm-infinipath1_3.3+20.604758e7-6.1_amd64.deb ...
#7 41.74 Unpacking libpsm-infinipath1 (3.3+20.604758e7-6.1) ...
#7 41.80 Selecting previously unselected package libpsm2-2.
#7 41.80 Preparing to unpack .../162-libpsm2-2_11.2.185-1_amd64.deb ...
#7 41.80 Unpacking libpsm2-2 (11.2.185-1) ...
#7 41.86 Selecting previously unselected package librdmacm1:amd64.
#7 41.87 Preparing to unpack .../163-librdmacm1_39.0-1_amd64.deb ...
#7 41.87 Unpacking librdmacm1:amd64 (39.0-1) ...
#7 41.92 Selecting previously unselected package libfabric1:amd64.
#7 41.92 Preparing to unpack .../164-libfabric1_1.11.0-3_amd64.deb ...
#7 41.93 Unpacking libfabric1:amd64 (1.11.0-3) ...
#7 41.98 Selecting previously unselected package libhwloc15:amd64.
#7 41.98 Preparing to unpack .../165-libhwloc15_2.7.0-2ubuntu1_amd64.deb ...
#7 41.99 Unpacking libhwloc15:amd64 (2.7.0-2ubuntu1) ...
#7 42.03 Selecting previously unselected package libpciaccess0:amd64.
#7 42.04 Preparing to unpack .../166-libpciaccess0_0.16-3_amd64.deb ...
#7 42.04 Unpacking libpciaccess0:amd64 (0.16-3) ...
#7 42.09 Selecting previously unselected package libxnvctrl0:amd64.
#7 42.10 Preparing to unpack .../167-libxnvctrl0_510.47.03-0ubuntu1.22.04.1_amd64.deb ...
#7 42.12 Unpacking libxnvctrl0:amd64 (510.47.03-0ubuntu1.22.04.1) ...
#7 42.17 Selecting previously unselected package ocl-icd-libopencl1:amd64.
#7 42.17 Preparing to unpack .../168-ocl-icd-libopencl1_2.2.14-3_amd64.deb ...
#7 42.18 Unpacking ocl-icd-libopencl1:amd64 (2.2.14-3) ...
#7 42.21 Selecting previously unselected package libhwloc-plugins:amd64.
#7 42.22 Preparing to unpack .../169-libhwloc-plugins_2.7.0-2ubuntu1_amd64.deb ...
#7 42.22 Unpacking libhwloc-plugins:amd64 (2.7.0-2ubuntu1) ...
#7 42.27 Selecting previously unselected package libpmix2:amd64.
#7 42.27 Preparing to unpack .../170-libpmix2_4.1.2-2ubuntu1_amd64.deb ...
#7 42.28 Unpacking libpmix2:amd64 (4.1.2-2ubuntu1) ...
#7 42.34 Selecting previously unselected package libucx0:amd64.
#7 42.34 Preparing to unpack .../171-libucx0_1.12.1~rc2-1_amd64.deb ...
#7 42.35 Unpacking libucx0:amd64 (1.12.1~rc2-1) ...
#7 42.41 Selecting previously unselected package libopenmpi3:amd64.
#7 42.41 Preparing to unpack .../172-libopenmpi3_4.1.2-2ubuntu1_amd64.deb ...
#7 42.41 Unpacking libopenmpi3:amd64 (4.1.2-2ubuntu1) ...
#7 42.53 Selecting previously unselected package libboost-mpi1.74.0.
#7 42.53 Preparing to unpack .../173-libboost-mpi1.74.0_1.74.0-14ubuntu3_amd64.deb ...
#7 42.54 Unpacking libboost-mpi1.74.0 (1.74.0-14ubuntu3) ...
#7 42.59 Selecting previously unselected package libboost-graph-parallel1.74.0.
#7 42.59 Preparing to unpack .../174-libboost-graph-parallel1.74.0_1.74.0-14ubuntu3_amd64.deb ...
#7 42.60 Unpacking libboost-graph-parallel1.74.0 (1.74.0-14ubuntu3) ...
#7 42.64 Selecting previously unselected package libboost-graph-parallel1.74-dev.
#7 42.64 Preparing to unpack .../175-libboost-graph-parallel1.74-dev_1.74.0-14ubuntu3_amd64.deb ...
#7 42.65 Unpacking libboost-graph-parallel1.74-dev (1.74.0-14ubuntu3) ...
#7 42.70 Selecting previously unselected package libboost-graph-parallel-dev.
#7 42.70 Preparing to unpack .../176-libboost-graph-parallel-dev_1.74.0.3ubuntu7_amd64.deb ...
#7 42.71 Unpacking libboost-graph-parallel-dev (1.74.0.3ubuntu7) ...
#7 42.75 Selecting previously unselected package libboost-iostreams1.74.0:amd64.
#7 42.76 Preparing to unpack .../177-libboost-iostreams1.74.0_1.74.0-14ubuntu3_amd64.deb ...
#7 42.77 Unpacking libboost-iostreams1.74.0:amd64 (1.74.0-14ubuntu3) ...
#7 42.81 Selecting previously unselected package libboost-iostreams1.74-dev:amd64.
#7 42.81 Preparing to unpack .../178-libboost-iostreams1.74-dev_1.74.0-14ubuntu3_amd64.deb ...
#7 42.82 Unpacking libboost-iostreams1.74-dev:amd64 (1.74.0-14ubuntu3) ...
#7 42.86 Selecting previously unselected package libboost-iostreams-dev:amd64.
#7 42.86 Preparing to unpack .../179-libboost-iostreams-dev_1.74.0.3ubuntu7_amd64.deb ...
#7 42.87 Unpacking libboost-iostreams-dev:amd64 (1.74.0.3ubuntu7) ...
#7 42.91 Selecting previously unselected package libboost-locale1.74.0:amd64.
#7 42.91 Preparing to unpack .../180-libboost-locale1.74.0_1.74.0-14ubuntu3_amd64.deb ...
#7 42.92 Unpacking libboost-locale1.74.0:amd64 (1.74.0-14ubuntu3) ...
#7 42.96 Selecting previously unselected package libboost-locale1.74-dev:amd64.
#7 42.97 Preparing to unpack .../181-libboost-locale1.74-dev_1.74.0-14ubuntu3_amd64.deb ...
#7 42.97 Unpacking libboost-locale1.74-dev:amd64 (1.74.0-14ubuntu3) ...
#7 43.03 Selecting previously unselected package libboost-locale-dev:amd64.
#7 43.03 Preparing to unpack .../182-libboost-locale-dev_1.74.0.3ubuntu7_amd64.deb ...
#7 43.04 Unpacking libboost-locale-dev:amd64 (1.74.0.3ubuntu7) ...
#7 43.10 Selecting previously unselected package libboost-log1.74.0.
#7 43.10 Preparing to unpack .../183-libboost-log1.74.0_1.74.0-14ubuntu3_amd64.deb ...
#7 43.11 Unpacking libboost-log1.74.0 (1.74.0-14ubuntu3) ...
#7 43.16 Selecting previously unselected package libboost-log1.74-dev.
#7 43.17 Preparing to unpack .../184-libboost-log1.74-dev_1.74.0-14ubuntu3_amd64.deb ...
#7 43.17 Unpacking libboost-log1.74-dev (1.74.0-14ubuntu3) ...
#7 43.24 Selecting previously unselected package libboost-log-dev.
#7 43.24 Preparing to unpack .../185-libboost-log-dev_1.74.0.3ubuntu7_amd64.deb ...
#7 43.25 Unpacking libboost-log-dev (1.74.0.3ubuntu7) ...
#7 43.29 Selecting previously unselected package libboost-math1.74.0:amd64.
#7 43.29 Preparing to unpack .../186-libboost-math1.74.0_1.74.0-14ubuntu3_amd64.deb ...
#7 43.30 Unpacking libboost-math1.74.0:amd64 (1.74.0-14ubuntu3) ...
#7 43.34 Selecting previously unselected package libboost-math1.74-dev:amd64.
#7 43.35 Preparing to unpack .../187-libboost-math1.74-dev_1.74.0-14ubuntu3_amd64.deb ...
#7 43.35 Unpacking libboost-math1.74-dev:amd64 (1.74.0-14ubuntu3) ...
#7 43.41 Selecting previously unselected package libboost-math-dev:amd64.
#7 43.41 Preparing to unpack .../188-libboost-math-dev_1.74.0.3ubuntu7_amd64.deb ...
#7 43.42 Unpacking libboost-math-dev:amd64 (1.74.0.3ubuntu7) ...
#7 43.46 Selecting previously unselected package openmpi-common.
#7 43.46 Preparing to unpack .../189-openmpi-common_4.1.2-2ubuntu1_all.deb ...
#7 43.47 Unpacking openmpi-common (4.1.2-2ubuntu1) ...
#7 43.52 Selecting previously unselected package libnl-3-dev:amd64.
#7 43.52 Preparing to unpack .../190-libnl-3-dev_3.5.0-0.1_amd64.deb ...
#7 43.53 Unpacking libnl-3-dev:amd64 (3.5.0-0.1) ...
#7 43.58 Selecting previously unselected package libnl-route-3-dev:amd64.
#7 43.59 Preparing to unpack .../191-libnl-route-3-dev_3.5.0-0.1_amd64.deb ...
#7 43.59 Unpacking libnl-route-3-dev:amd64 (3.5.0-0.1) ...
#7 43.63 Selecting previously unselected package libibverbs-dev:amd64.
#7 43.64 Preparing to unpack .../192-libibverbs-dev_39.0-1_amd64.deb ...
#7 43.64 Unpacking libibverbs-dev:amd64 (39.0-1) ...
#7 43.70 Selecting previously unselected package libnuma-dev:amd64.
#7 43.71 Preparing to unpack .../193-libnuma-dev_2.0.14-3ubuntu2_amd64.deb ...
#7 43.71 Unpacking libnuma-dev:amd64 (2.0.14-3ubuntu2) ...
#7 43.76 Selecting previously unselected package libltdl7:amd64.
#7 43.77 Preparing to unpack .../194-libltdl7_2.4.6-15build2_amd64.deb ...
#7 43.77 Unpacking libltdl7:amd64 (2.4.6-15build2) ...
#7 43.82 Selecting previously unselected package libltdl-dev:amd64.
#7 43.82 Preparing to unpack .../195-libltdl-dev_2.4.6-15build2_amd64.deb ...
#7 43.83 Unpacking libltdl-dev:amd64 (2.4.6-15build2) ...
#7 43.88 Selecting previously unselected package libhwloc-dev:amd64.
#7 43.88 Preparing to unpack .../196-libhwloc-dev_2.7.0-2ubuntu1_amd64.deb ...
#7 43.88 Unpacking libhwloc-dev:amd64 (2.7.0-2ubuntu1) ...
#7 43.94 Selecting previously unselected package libevent-2.1-7:amd64.
#7 43.94 Preparing to unpack .../197-libevent-2.1-7_2.1.12-stable-1ubuntu0.1_amd64.deb ...
#7 43.95 Unpacking libevent-2.1-7:amd64 (2.1.12-stable-1ubuntu0.1) ...
#7 44.00 Selecting previously unselected package libevent-extra-2.1-7:amd64.
#7 44.00 Preparing to unpack .../198-libevent-extra-2.1-7_2.1.12-stable-1ubuntu0.1_amd64.deb ...
#7 44.01 Unpacking libevent-extra-2.1-7:amd64 (2.1.12-stable-1ubuntu0.1) ...
#7 44.05 Selecting previously unselected package libevent-openssl-2.1-7:amd64.
#7 44.06 Preparing to unpack .../199-libevent-openssl-2.1-7_2.1.12-stable-1ubuntu0.1_amd64.deb ...
#7 44.06 Unpacking libevent-openssl-2.1-7:amd64 (2.1.12-stable-1ubuntu0.1) ...
#7 44.11 Selecting previously unselected package libevent-dev.
#7 44.11 Preparing to unpack .../200-libevent-dev_2.1.12-stable-1ubuntu0.1_amd64.deb ...
#7 44.12 Unpacking libevent-dev (2.1.12-stable-1ubuntu0.1) ...
#7 44.17 Selecting previously unselected package libpmix-dev:amd64.
#7 44.17 Preparing to unpack .../201-libpmix-dev_4.1.2-2ubuntu1_amd64.deb ...
#7 44.18 Unpacking libpmix-dev:amd64 (4.1.2-2ubuntu1) ...
#7 44.24 Selecting previously unselected package libjs-jquery.
#7 44.24 Preparing to unpack .../202-libjs-jquery_3.6.0+dfsg+~3.5.13-1_all.deb ...
#7 44.25 Unpacking libjs-jquery (3.6.0+dfsg+~3.5.13-1) ...
#7 44.29 Selecting previously unselected package libjs-jquery-ui.
#7 44.30 Preparing to unpack .../203-libjs-jquery-ui_1.13.1+dfsg-1_all.deb ...
#7 44.30 Unpacking libjs-jquery-ui (1.13.1+dfsg-1) ...
#7 44.42 Selecting previously unselected package openmpi-bin.
#7 44.43 Preparing to unpack .../204-openmpi-bin_4.1.2-2ubuntu1_amd64.deb ...
#7 44.43 Unpacking openmpi-bin (4.1.2-2ubuntu1) ...
#7 44.49 Selecting previously unselected package libopenmpi-dev:amd64.
#7 44.49 Preparing to unpack .../205-libopenmpi-dev_4.1.2-2ubuntu1_amd64.deb ...
#7 44.51 Unpacking libopenmpi-dev:amd64 (4.1.2-2ubuntu1) ...
#7 44.76 Selecting previously unselected package mpi-default-dev.
#7 44.76 Preparing to unpack .../206-mpi-default-dev_1.14_amd64.deb ...
#7 44.77 Unpacking mpi-default-dev (1.14) ...
#7 44.82 Selecting previously unselected package libboost-mpi1.74-dev.
#7 44.82 Preparing to unpack .../207-libboost-mpi1.74-dev_1.74.0-14ubuntu3_amd64.deb ...
#7 44.83 Unpacking libboost-mpi1.74-dev (1.74.0-14ubuntu3) ...
#7 44.90 Selecting previously unselected package libboost-mpi-dev.
#7 44.90 Preparing to unpack .../208-libboost-mpi-dev_1.74.0.3ubuntu7_amd64.deb ...
#7 44.91 Unpacking libboost-mpi-dev (1.74.0.3ubuntu7) ...
#7 44.95 Selecting previously unselected package libboost-python1.74.0.
#7 44.96 Preparing to unpack .../209-libboost-python1.74.0_1.74.0-14ubuntu3_amd64.deb ...
#7 44.96 Unpacking libboost-python1.74.0 (1.74.0-14ubuntu3) ...
#7 45.01 Selecting previously unselected package mpi-default-bin.
#7 45.01 Preparing to unpack .../210-mpi-default-bin_1.14_amd64.deb ...
#7 45.02 Unpacking mpi-default-bin (1.14) ...
#7 45.07 Selecting previously unselected package libboost-mpi-python1.74.0.
#7 45.07 Preparing to unpack .../211-libboost-mpi-python1.74.0_1.74.0-14ubuntu3_amd64.deb ...
#7 45.08 Unpacking libboost-mpi-python1.74.0 (1.74.0-14ubuntu3) ...
#7 45.13 Selecting previously unselected package libboost-mpi-python1.74-dev.
#7 45.13 Preparing to unpack .../212-libboost-mpi-python1.74-dev_1.74.0-14ubuntu3_amd64.deb ...
#7 45.14 Unpacking libboost-mpi-python1.74-dev (1.74.0-14ubuntu3) ...
#7 45.18 Selecting previously unselected package libboost-mpi-python-dev.
#7 45.19 Preparing to unpack .../213-libboost-mpi-python-dev_1.74.0.3ubuntu7_amd64.deb ...
#7 45.19 Unpacking libboost-mpi-python-dev (1.74.0.3ubuntu7) ...
#7 45.24 Selecting previously unselected package libboost-numpy1.74.0.
#7 45.24 Preparing to unpack .../214-libboost-numpy1.74.0_1.74.0-14ubuntu3_amd64.deb ...
#7 45.25 Unpacking libboost-numpy1.74.0 (1.74.0-14ubuntu3) ...
#7 45.29 Selecting previously unselected package libboost-numpy1.74-dev.
#7 45.29 Preparing to unpack .../215-libboost-numpy1.74-dev_1.74.0-14ubuntu3_amd64.deb ...
#7 45.30 Unpacking libboost-numpy1.74-dev (1.74.0-14ubuntu3) ...
#7 45.35 Selecting previously unselected package libboost-numpy-dev.
#7 45.35 Preparing to unpack .../216-libboost-numpy-dev_1.74.0.3ubuntu7_amd64.deb ...
#7 45.35 Unpacking libboost-numpy-dev (1.74.0.3ubuntu7) ...
#7 45.40 Selecting previously unselected package libboost-program-options1.74.0:amd64.
#7 45.40 Preparing to unpack .../217-libboost-program-options1.74.0_1.74.0-14ubuntu3_amd64.deb ...
#7 45.41 Unpacking libboost-program-options1.74.0:amd64 (1.74.0-14ubuntu3) ...
#7 45.45 Selecting previously unselected package libboost-program-options1.74-dev:amd64.
#7 45.46 Preparing to unpack .../218-libboost-program-options1.74-dev_1.74.0-14ubuntu3_amd64.deb ...
#7 45.46 Unpacking libboost-program-options1.74-dev:amd64 (1.74.0-14ubuntu3) ...
#7 45.53 Selecting previously unselected package libboost-program-options-dev:amd64.
#7 45.53 Preparing to unpack .../219-libboost-program-options-dev_1.74.0.3ubuntu7_amd64.deb ...
#7 45.54 Unpacking libboost-program-options-dev:amd64 (1.74.0.3ubuntu7) ...
#7 45.59 Selecting previously unselected package libpython3.10:amd64.
#7 45.59 Preparing to unpack .../220-libpython3.10_3.10.12-1~22.04.17_amd64.deb ...
#7 45.60 Unpacking libpython3.10:amd64 (3.10.12-1~22.04.17) ...
#7 45.66 Selecting previously unselected package libexpat1-dev:amd64.
#7 45.66 Preparing to unpack .../221-libexpat1-dev_2.4.7-1ubuntu0.7_amd64.deb ...
#7 45.67 Unpacking libexpat1-dev:amd64 (2.4.7-1ubuntu0.7) ...
#7 45.71 Selecting previously unselected package libpython3.10-dev:amd64.
#7 45.71 Preparing to unpack .../222-libpython3.10-dev_3.10.12-1~22.04.17_amd64.deb ...
#7 45.72 Unpacking libpython3.10-dev:amd64 (3.10.12-1~22.04.17) ...
#7 45.85 Selecting previously unselected package libpython3-dev:amd64.
#7 45.86 Preparing to unpack .../223-libpython3-dev_3.10.6-1~22.04.1_amd64.deb ...
#7 45.87 Unpacking libpython3-dev:amd64 (3.10.6-1~22.04.1) ...
#7 45.91 Selecting previously unselected package python3.10-dev.
#7 45.91 Preparing to unpack .../224-python3.10-dev_3.10.12-1~22.04.17_amd64.deb ...
#7 45.92 Unpacking python3.10-dev (3.10.12-1~22.04.17) ...
#7 45.97 Selecting previously unselected package python3-lib2to3.
#7 45.97 Preparing to unpack .../225-python3-lib2to3_3.10.8-1~22.04_all.deb ...
#7 45.98 Unpacking python3-lib2to3 (3.10.8-1~22.04) ...
#7 46.04 Selecting previously unselected package python3-distutils.
#7 46.04 Preparing to unpack .../226-python3-distutils_3.10.8-1~22.04_all.deb ...
#7 46.05 Unpacking python3-distutils (3.10.8-1~22.04) ...
#7 46.10 Selecting previously unselected package libjs-underscore.
#7 46.11 Preparing to unpack .../227-libjs-underscore_1.13.2~dfsg-2_all.deb ...
#7 46.11 Unpacking libjs-underscore (1.13.2~dfsg-2) ...
#7 46.15 Selecting previously unselected package libjs-sphinxdoc.
#7 46.16 Preparing to unpack .../228-libjs-sphinxdoc_4.3.2-1_all.deb ...
#7 46.16 Unpacking libjs-sphinxdoc (4.3.2-1) ...
#7 46.20 Selecting previously unselected package python3-dev.
#7 46.21 Preparing to unpack .../229-python3-dev_3.10.6-1~22.04.1_amd64.deb ...
#7 46.21 Unpacking python3-dev (3.10.6-1~22.04.1) ...
#7 46.27 Selecting previously unselected package libboost-python1.74-dev.
#7 46.27 Preparing to unpack .../230-libboost-python1.74-dev_1.74.0-14ubuntu3_amd64.deb ...
#7 46.29 Unpacking libboost-python1.74-dev (1.74.0-14ubuntu3) ...
#7 46.33 Selecting previously unselected package libboost-python-dev.
#7 46.34 Preparing to unpack .../231-libboost-python-dev_1.74.0.3ubuntu7_amd64.deb ...
#7 46.34 Unpacking libboost-python-dev (1.74.0.3ubuntu7) ...
#7 46.39 Selecting previously unselected package libboost-random1.74.0:amd64.
#7 46.39 Preparing to unpack .../232-libboost-random1.74.0_1.74.0-14ubuntu3_amd64.deb ...
#7 46.40 Unpacking libboost-random1.74.0:amd64 (1.74.0-14ubuntu3) ...
#7 46.44 Selecting previously unselected package libboost-random1.74-dev:amd64.
#7 46.45 Preparing to unpack .../233-libboost-random1.74-dev_1.74.0-14ubuntu3_amd64.deb ...
#7 46.45 Unpacking libboost-random1.74-dev:amd64 (1.74.0-14ubuntu3) ...
#7 46.50 Selecting previously unselected package libboost-random-dev:amd64.
#7 46.50 Preparing to unpack .../234-libboost-random-dev_1.74.0.3ubuntu7_amd64.deb ...
#7 46.51 Unpacking libboost-random-dev:amd64 (1.74.0.3ubuntu7) ...
#7 46.54 Selecting previously unselected package libboost-regex-dev:amd64.
#7 46.55 Preparing to unpack .../235-libboost-regex-dev_1.74.0.3ubuntu7_amd64.deb ...
#7 46.55 Unpacking libboost-regex-dev:amd64 (1.74.0.3ubuntu7) ...
#7 46.59 Selecting previously unselected package libboost-serialization-dev:amd64.
#7 46.59 Preparing to unpack .../236-libboost-serialization-dev_1.74.0.3ubuntu7_amd64.deb ...
#7 46.60 Unpacking libboost-serialization-dev:amd64 (1.74.0.3ubuntu7) ...
#7 46.64 Selecting previously unselected package libboost-stacktrace1.74.0:amd64.
#7 46.64 Preparing to unpack .../237-libboost-stacktrace1.74.0_1.74.0-14ubuntu3_amd64.deb ...
#7 46.65 Unpacking libboost-stacktrace1.74.0:amd64 (1.74.0-14ubuntu3) ...
#7 46.69 Selecting previously unselected package libboost-stacktrace1.74-dev:amd64.
#7 46.70 Preparing to unpack .../238-libboost-stacktrace1.74-dev_1.74.0-14ubuntu3_amd64.deb ...
#7 46.70 Unpacking libboost-stacktrace1.74-dev:amd64 (1.74.0-14ubuntu3) ...
#7 46.75 Selecting previously unselected package libboost-stacktrace-dev:amd64.
#7 46.75 Preparing to unpack .../239-libboost-stacktrace-dev_1.74.0.3ubuntu7_amd64.deb ...
#7 46.76 Unpacking libboost-stacktrace-dev:amd64 (1.74.0.3ubuntu7) ...
#7 46.80 Selecting previously unselected package libboost-system-dev:amd64.
#7 46.80 Preparing to unpack .../240-libboost-system-dev_1.74.0.3ubuntu7_amd64.deb ...
#7 46.81 Unpacking libboost-system-dev:amd64 (1.74.0.3ubuntu7) ...
#7 46.84 Selecting previously unselected package libboost-test-dev:amd64.
#7 46.85 Preparing to unpack .../241-libboost-test-dev_1.74.0.3ubuntu7_amd64.deb ...
#7 46.85 Unpacking libboost-test-dev:amd64 (1.74.0.3ubuntu7) ...
#7 46.89 Selecting previously unselected package libboost-thread-dev:amd64.
#7 46.90 Preparing to unpack .../242-libboost-thread-dev_1.74.0.3ubuntu7_amd64.deb ...
#7 46.90 Unpacking libboost-thread-dev:amd64 (1.74.0.3ubuntu7) ...
#7 46.95 Selecting previously unselected package libboost-timer1.74.0:amd64.
#7 46.95 Preparing to unpack .../243-libboost-timer1.74.0_1.74.0-14ubuntu3_amd64.deb ...
#7 46.96 Unpacking libboost-timer1.74.0:amd64 (1.74.0-14ubuntu3) ...
#7 47.00 Selecting previously unselected package libboost-timer1.74-dev:amd64.
#7 47.00 Preparing to unpack .../244-libboost-timer1.74-dev_1.74.0-14ubuntu3_amd64.deb ...
#7 47.01 Unpacking libboost-timer1.74-dev:amd64 (1.74.0-14ubuntu3) ...
#7 47.05 Selecting previously unselected package libboost-timer-dev:amd64.
#7 47.06 Preparing to unpack .../245-libboost-timer-dev_1.74.0.3ubuntu7_amd64.deb ...
#7 47.06 Unpacking libboost-timer-dev:amd64 (1.74.0.3ubuntu7) ...
#7 47.11 Selecting previously unselected package libboost-type-erasure1.74.0:amd64.
#7 47.11 Preparing to unpack .../246-libboost-type-erasure1.74.0_1.74.0-14ubuntu3_amd64.deb ...
#7 47.12 Unpacking libboost-type-erasure1.74.0:amd64 (1.74.0-14ubuntu3) ...
#7 47.17 Selecting previously unselected package libboost-type-erasure1.74-dev:amd64.
#7 47.17 Preparing to unpack .../247-libboost-type-erasure1.74-dev_1.74.0-14ubuntu3_amd64.deb ...
#7 47.18 Unpacking libboost-type-erasure1.74-dev:amd64 (1.74.0-14ubuntu3) ...
#7 47.23 Selecting previously unselected package libboost-type-erasure-dev:amd64.
#7 47.23 Preparing to unpack .../248-libboost-type-erasure-dev_1.74.0.3ubuntu7_amd64.deb ...
#7 47.24 Unpacking libboost-type-erasure-dev:amd64 (1.74.0.3ubuntu7) ...
#7 47.28 Selecting previously unselected package libboost-wave1.74.0:amd64.
#7 47.28 Preparing to unpack .../249-libboost-wave1.74.0_1.74.0-14ubuntu3_amd64.deb ...
#7 47.29 Unpacking libboost-wave1.74.0:amd64 (1.74.0-14ubuntu3) ...
#7 47.33 Selecting previously unselected package libboost-wave1.74-dev:amd64.
#7 47.34 Preparing to unpack .../250-libboost-wave1.74-dev_1.74.0-14ubuntu3_amd64.deb ...
#7 47.34 Unpacking libboost-wave1.74-dev:amd64 (1.74.0-14ubuntu3) ...
#7 47.41 Selecting previously unselected package libboost-wave-dev:amd64.
#7 47.42 Preparing to unpack .../251-libboost-wave-dev_1.74.0.3ubuntu7_amd64.deb ...
#7 47.42 Unpacking libboost-wave-dev:amd64 (1.74.0.3ubuntu7) ...
#7 47.49 Selecting previously unselected package libboost-nowide1.74.0.
#7 47.49 Preparing to unpack .../252-libboost-nowide1.74.0_1.74.0-14ubuntu3_amd64.deb ...
#7 47.50 Unpacking libboost-nowide1.74.0 (1.74.0-14ubuntu3) ...
#7 47.57 Selecting previously unselected package libboost-nowide1.74-dev.
#7 47.57 Preparing to unpack .../253-libboost-nowide1.74-dev_1.74.0-14ubuntu3_amd64.deb ...
#7 47.58 Unpacking libboost-nowide1.74-dev (1.74.0-14ubuntu3) ...
#7 47.63 Selecting previously unselected package libboost-nowide-dev.
#7 47.63 Preparing to unpack .../254-libboost-nowide-dev_1.74.0.3ubuntu7_amd64.deb ...
#7 47.63 Unpacking libboost-nowide-dev (1.74.0.3ubuntu7) ...
#7 47.67 Selecting previously unselected package libboost-all-dev.
#7 47.68 Preparing to unpack .../255-libboost-all-dev_1.74.0.3ubuntu7_amd64.deb ...
#7 47.68 Unpacking libboost-all-dev (1.74.0.3ubuntu7) ...
#7 47.72 Selecting previously unselected package libncurses-dev:amd64.
#7 47.73 Preparing to unpack .../256-libncurses-dev_6.3-2ubuntu0.3_amd64.deb ...
#7 47.73 Unpacking libncurses-dev:amd64 (6.3-2ubuntu0.3) ...
#7 47.79 Selecting previously unselected package libreadline-dev:amd64.
#7 47.79 Preparing to unpack .../257-libreadline-dev_8.1.2-1_amd64.deb ...
#7 47.80 Unpacking libreadline-dev:amd64 (8.1.2-1) ...
#7 47.85 Selecting previously unselected package libtbbmalloc2:amd64.
#7 47.85 Preparing to unpack .../258-libtbbmalloc2_2021.5.0-7ubuntu2_amd64.deb ...
#7 47.86 Unpacking libtbbmalloc2:amd64 (2021.5.0-7ubuntu2) ...
#7 47.91 Selecting previously unselected package libtbb12:amd64.
#7 47.91 Preparing to unpack .../259-libtbb12_2021.5.0-7ubuntu2_amd64.deb ...
#7 47.92 Unpacking libtbb12:amd64 (2021.5.0-7ubuntu2) ...
#7 47.95 Selecting previously unselected package p7zip.
#7 47.96 Preparing to unpack .../260-p7zip_16.02+dfsg-8_amd64.deb ...
#7 47.96 Unpacking p7zip (16.02+dfsg-8) ...
#7 48.04 Selecting previously unselected package p7zip-full.
#7 48.04 Preparing to unpack .../261-p7zip-full_16.02+dfsg-8_amd64.deb ...
#7 48.05 Unpacking p7zip-full (16.02+dfsg-8) ...
#7 48.19 Selecting previously unselected package libtbb-dev:amd64.
#7 48.19 Preparing to unpack .../262-libtbb-dev_2021.5.0-7ubuntu2_amd64.deb ...
#7 48.20 Unpacking libtbb-dev:amd64 (2021.5.0-7ubuntu2) ...
#7 48.28 Setting up libboost-chrono1.74.0:amd64 (1.74.0-14ubuntu3) ...
#7 48.30 Setting up media-types (7.0.0) ...
#7 48.32 Setting up libboost-system1.74.0:amd64 (1.74.0-14ubuntu3) ...
#7 48.33 Setting up libtbbmalloc2:amd64 (2021.5.0-7ubuntu2) ...
#7 48.35 Setting up gcc-11-base:amd64 (11.4.0-1ubuntu1~22.04.3) ...
#7 48.37 Setting up libpciaccess0:amd64 (0.16-3) ...
#7 48.38 Setting up mysql-common (5.8+1.0.8) ...
#7 48.42 update-alternatives: using /etc/mysql/my.cnf.fallback to provide /etc/mysql/my.cnf (my.cnf) in auto mode
#7 48.44 Setting up libmysqlclient21:amd64 (8.0.46-0ubuntu0.22.04.4) ...
#7 48.47 Setting up libxau6:amd64 (1:1.0.9-1build5) ...
#7 48.49 Setting up lto-disabled-list (24) ...
#7 48.51 Setting up libpsl5:amd64 (0.21.0-1.2build2) ...
#7 48.53 Setting up libboost-atomic1.74.0:amd64 (1.74.0-14ubuntu3) ...
#7 48.55 Setting up libzstd-dev:amd64 (1.4.8+dfsg-3build1) ...
#7 48.57 Setting up libboost-iostreams1.74.0:amd64 (1.74.0-14ubuntu3) ...
#7 48.58 Setting up libboost-program-options1.74.0:amd64 (1.74.0-14ubuntu3) ...
#7 48.60 Setting up libcbor0.8:amd64 (0.8.0-2ubuntu1) ...
#7 48.62 Setting up libbrotli1:amd64 (1.0.9-2build6) ...
#7 48.64 Setting up libsqlite3-0:amd64 (3.37.2-2ubuntu0.7) ...
#7 48.65 Setting up binutils-common:amd64 (2.38-4ubuntu2.12) ...
#7 48.67 Setting up libboost-stacktrace1.74.0:amd64 (1.74.0-14ubuntu3) ...
#7 48.69 Setting up libnghttp2-14:amd64 (1.43.0-1ubuntu0.4) ...
#7 48.70 Setting up linux-libc-dev:amd64 (5.15.0-191.201) ...
#7 48.72 Setting up libctf-nobfd0:amd64 (2.38-4ubuntu2.12) ...
#7 48.74 Setting up libboost-nowide1.74.0 (1.74.0-14ubuntu3) ...
#7 48.76 Setting up libboost-filesystem1.74.0:amd64 (1.74.0-14ubuntu3) ...
#7 48.78 Setting up libtbb12:amd64 (2021.5.0-7ubuntu2) ...
#7 48.80 Setting up libgomp1:amd64 (12.3.0-1ubuntu1~22.04.3) ...
#7 48.81 Setting up perl-modules-5.34 (5.34.0-3ubuntu1.8) ...
#7 48.85 Setting up bzip2 (1.0.8-5ubuntu0.1) ...
#7 48.87 Setting up libasan6:amd64 (11.4.0-1ubuntu1~22.04.3) ...
#7 48.88 Setting up libsasl2-modules-db:amd64 (2.1.27+dfsg2-3ubuntu1.2) ...
#7 48.90 Setting up libace-7.0.6 (7.0.6+dfsg-2) ...
#7 48.92 Setting up autotools-dev (20220109.1) ...
#7 48.93 Setting up libtirpc-dev:amd64 (1.3.2-2ubuntu0.1) ...
#7 48.95 Setting up libuv1:amd64 (1.43.0-1ubuntu0.1) ...
#7 48.97 Setting up rpcsvc-proto (1.4.2-0ubuntu6) ...
#7 48.98 Setting up libboost-test1.74.0:amd64 (1.74.0-14ubuntu3) ...
#7 49.00 Setting up emacsen-common (3.0.4) ...
#7 49.04 Setting up libx11-data (2:1.7.5-1ubuntu0.3) ...
#7 49.06 Setting up make (4.3-4.1build1) ...
#7 49.08 Setting up libmpfr6:amd64 (4.1.0-3build3) ...
#7 49.09 Setting up librtmp1:amd64 (2.4+20151223.gitfa8646d.1-2build4) ...
#7 49.11 Setting up dh-elpa-helper (2.0.9ubuntu1) ...
#7 49.13 Setting up libncurses6:amd64 (6.3-2ubuntu0.3) ...
#7 49.14 Setting up libsigsegv2:amd64 (2.13-1ubuntu3) ...
#7 49.16 Setting up xz-utils (5.2.5-2ubuntu1.1) ...
#7 49.17 update-alternatives: using /usr/bin/xz to provide /usr/bin/lzma (lzma) in auto mode
#7 49.17 update-alternatives: warning: skip creation of /usr/share/man/man1/lzma.1.gz because associated file /usr/share/man/man1/xz.1.gz (of link group lzma) doesn't exist
#7 49.17 update-alternatives: warning: skip creation of /usr/share/man/man1/unlzma.1.gz because associated file /usr/share/man/man1/unxz.1.gz (of link group lzma) doesn't exist
#7 49.17 update-alternatives: warning: skip creation of /usr/share/man/man1/lzcat.1.gz because associated file /usr/share/man/man1/xzcat.1.gz (of link group lzma) doesn't exist
#7 49.17 update-alternatives: warning: skip creation of /usr/share/man/man1/lzmore.1.gz because associated file /usr/share/man/man1/xzmore.1.gz (of link group lzma) doesn't exist
#7 49.17 update-alternatives: warning: skip creation of /usr/share/man/man1/lzless.1.gz because associated file /usr/share/man/man1/xzless.1.gz (of link group lzma) doesn't exist
#7 49.17 update-alternatives: warning: skip creation of /usr/share/man/man1/lzdiff.1.gz because associated file /usr/share/man/man1/xzdiff.1.gz (of link group lzma) doesn't exist
#7 49.17 update-alternatives: warning: skip creation of /usr/share/man/man1/lzcmp.1.gz because associated file /usr/share/man/man1/xzcmp.1.gz (of link group lzma) doesn't exist
#7 49.17 update-alternatives: warning: skip creation of /usr/share/man/man1/lzgrep.1.gz because associated file /usr/share/man/man1/xzgrep.1.gz (of link group lzma) doesn't exist
#7 49.17 update-alternatives: warning: skip creation of /usr/share/man/man1/lzegrep.1.gz because associated file /usr/share/man/man1/xzegrep.1.gz (of link group lzma) doesn't exist
#7 49.17 update-alternatives: warning: skip creation of /usr/share/man/man1/lzfgrep.1.gz because associated file /usr/share/man/man1/xzfgrep.1.gz (of link group lzma) doesn't exist
#7 49.18 Setting up libboost-nowide1.74-dev (1.74.0-14ubuntu3) ...
#7 49.20 Setting up libquadmath0:amd64 (12.3.0-1ubuntu1~22.04.3) ...
#7 49.22 Setting up libssl-dev:amd64 (3.0.2-0ubuntu1.29) ...
#7 49.24 Setting up libhwloc15:amd64 (2.7.0-2ubuntu1) ...
#7 49.25 Setting up libmpc3:amd64 (1.2.1-2build1) ...
#7 49.27 Setting up libevent-core-2.1-7:amd64 (2.1.12-stable-1ubuntu0.1) ...
#7 49.28 Setting up libatomic1:amd64 (12.3.0-1ubuntu1~22.04.3) ...
#7 49.30 Setting up libboost-context1.74.0:amd64 (1.74.0-14ubuntu3) ...
#7 49.32 Setting up libevent-2.1-7:amd64 (2.1.12-stable-1ubuntu0.1) ...
#7 49.34 Setting up patch (2.7.6-7build2) ...
#7 49.35 Setting up libboost-random1.74.0:amd64 (1.74.0-14ubuntu3) ...
#7 49.37 Setting up libjsoncpp25:amd64 (1.9.5-3) ...
#7 49.39 Setting up libboost1.74-tools-dev (1.74.0-14ubuntu3) ...
#7 49.41 Setting up libncursesw6:amd64 (6.3-2ubuntu0.3) ...
#7 49.42 Setting up libltdl7:amd64 (2.4.6-15build2) ...
#7 49.44 Setting up libsasl2-2:amd64 (2.1.27+dfsg2-3ubuntu1.2) ...
#7 49.46 Setting up libssh-4:amd64 (0.9.6-2ubuntu0.22.04.8) ...
#7 49.48 Setting up libgfortran5:amd64 (12.3.0-1ubuntu1~22.04.3) ...
#7 49.50 Setting up libboost-math1.74.0:amd64 (1.74.0-14ubuntu3) ...
#7 49.52 Setting up libubsan1:amd64 (12.3.0-1ubuntu1~22.04.3) ...
#7 49.53 Setting up libboost-serialization1.74.0:amd64 (1.74.0-14ubuntu3) ...
#7 49.55 Setting up libnuma1:amd64 (2.0.14-3ubuntu2) ...
#7 49.57 Setting up libmd0:amd64 (1.0.4-1build1) ...
#7 49.58 Setting up libboost-container1.74.0:amd64 (1.74.0-14ubuntu3) ...
#7 49.62 Setting up libnsl-dev:amd64 (1.3.0-2build2) ...
#7 49.64 Setting up ocl-icd-libopencl1:amd64 (2.2.14-3) ...
#7 49.65 Setting up librhash0:amd64 (1.4.2-1ubuntu1) ...
#7 49.67 Setting up libcrypt-dev:amd64 (1:4.4.27-1) ...
#7 49.69 Setting up libasan8:amd64 (12.3.0-1ubuntu1~22.04.3) ...
#7 49.73 Setting up libnl-3-200:amd64 (3.5.0-0.1) ...
#7 49.76 Setting up libmpdec3:amd64 (2.5.1-2build2) ...
#7 49.78 Setting up libpsm2-2 (11.2.185-1) ...
#7 49.80 Setting up openmpi-common (4.1.2-2ubuntu1) ...
#7 49.81 Setting up git-man (1:2.34.1-1ubuntu1.17) ...
#7 49.83 Setting up cmake-data (3.22.1-1ubuntu1.22.04.2) ...
#7 49.88 Setting up libtbb-dev:amd64 (2021.5.0-7ubuntu2) ...
#7 49.92 Setting up libpsm-infinipath1 (3.3+20.604758e7-6.1) ...
#7 49.93 update-alternatives: using /usr/lib/libpsm1/libpsm_infinipath.so.1.16 to provide /usr/lib/x86_64-linux-gnu/libpsm_infinipath.so.1 (libpsm_infinipath.so.1) in auto mode
#7 49.94 Setting up libtsan2:amd64 (12.3.0-1ubuntu1~22.04.3) ...
#7 49.96 Setting up libjs-jquery (3.6.0+dfsg+~3.5.13-1) ...
#7 50.04 Setting up libboost-date-time1.74.0:amd64 (1.74.0-14ubuntu3) ...
#7 50.14 Setting up libbinutils:amd64 (2.38-4ubuntu2.12) ...
#7 50.16 Setting up libfido2-1:amd64 (1.10.0-1) ...
#7 50.18 Setting up libboost-python1.74.0 (1.74.0-14ubuntu3) ...
#7 50.19 Setting up libisl23:amd64 (0.24-2build1) ...
#7 50.21 Setting up libboost-fiber1.74.0:amd64 (1.74.0-14ubuntu3) ...
#7 50.23 Setting up libc-dev-bin (2.35-0ubuntu3.14) ...
#7 50.25 Setting up openssl (3.0.2-0ubuntu1.29) ...
#7 50.27 Setting up libbsd0:amd64 (0.11.5-1) ...
#7 50.29 Setting up readline-common (8.1.2-1) ...
#7 50.30 Setting up libboost-timer1.74.0:amd64 (1.74.0-14ubuntu3) ...
#7 50.32 Setting up libcc1-0:amd64 (12.3.0-1ubuntu1~22.04.3) ...
#7 50.34 Setting up liblsan0:amd64 (12.3.0-1ubuntu1~22.04.3) ...
#7 50.35 Setting up p7zip (16.02+dfsg-8) ...
#7 50.39 Setting up libitm1:amd64 (12.3.0-1ubuntu1~22.04.3) ...
#7 50.41 Setting up libgdbm6:amd64 (1.23-1) ...
#7 50.43 Setting up libjs-underscore (1.13.2~dfsg-2) ...
#7 50.45 Setting up libboost-thread1.74.0:amd64 (1.74.0-14ubuntu3) ...
#7 50.46 Setting up libicu70:amd64 (70.1-2) ...
#7 50.48 Setting up libboost-numpy1.74.0 (1.74.0-14ubuntu3) ...
#7 50.50 Setting up libevent-pthreads-2.1-7:amd64 (2.1.12-stable-1ubuntu0.1) ...
#7 50.52 Setting up libtsan0:amd64 (11.4.0-1ubuntu1~22.04.3) ...
#7 50.54 Setting up libctf0:amd64 (2.38-4ubuntu2.12) ...
#7 50.56 Setting up cpp-11 (11.4.0-1ubuntu1~22.04.3) ...
#7 50.58 Setting up libxdmcp6:amd64 (1:1.1.3-0ubuntu5) ...
#7 50.59 Setting up libevent-extra-2.1-7:amd64 (2.1.12-stable-1ubuntu0.1) ...
#7 50.61 Setting up cpp-12 (12.3.0-1ubuntu1~22.04.3) ...
#7 50.63 Setting up libxcb1:amd64 (1.14-3ubuntu3) ...
#7 50.64 Setting up libace-dev (7.0.6+dfsg-2) ...
#7 50.66 Setting up libboost-coroutine1.74.0:amd64 (1.74.0-14ubuntu3) ...
#7 50.68 Setting up libedit2:amd64 (3.1-20210910-1build1) ...
#7 50.69 Setting up libreadline8:amd64 (8.1.2-1) ...
#7 50.71 Setting up libevent-openssl-2.1-7:amd64 (2.1.12-stable-1ubuntu0.1) ...
#7 50.74 Setting up m4 (1.4.18-5ubuntu2) ...
#7 50.75 Setting up libboost-tools-dev (1.74.0.3ubuntu7) ...
#7 50.79 Setting up p7zip-full (16.02+dfsg-8) ...
#7 50.81 Setting up libboost-nowide-dev (1.74.0.3ubuntu7) ...
#7 50.82 Setting up libldap-2.5-0:amd64 (2.5.20+dfsg-0ubuntu0.22.04.1) ...
#7 50.84 Setting up libnl-route-3-200:amd64 (3.5.0-0.1) ...
#7 50.86 Setting up libpython3.10-stdlib:amd64 (3.10.12-1~22.04.17) ...
#7 50.87 Setting up ca-certificates (20260601~22.04.1) ...
#7 51.30 Updating certificates in /etc/ssl/certs...
#7 51.81 121 added, 0 removed; done.
#7 51.84 Setting up libjs-jquery-ui (1.13.1+dfsg-1) ...
#7 51.86 Setting up libgcc-12-dev:amd64 (12.3.0-1ubuntu1~22.04.3) ...
#7 51.88 Setting up libboost-regex1.74.0:amd64 (1.74.0-14ubuntu3) ...
#7 51.89 Setting up libevent-dev (2.1.12-stable-1ubuntu0.1) ...
#7 51.91 Setting up libboost-numpy1.74-dev (1.74.0-14ubuntu3) ...
#7 51.92 Setting up libboost-graph1.74.0:amd64 (1.74.0-14ubuntu3) ...
#7 51.94 Setting up icu-devtools (70.1-2) ...
#7 51.96 Setting up libgdbm-compat4:amd64 (1.23-1) ...
#7 51.97 Setting up libjs-sphinxdoc (4.3.2-1) ...
#7 51.99 Setting up libboost-wave1.74.0:amd64 (1.74.0-14ubuntu3) ...
#7 52.01 Setting up libgcc-11-dev:amd64 (11.4.0-1ubuntu1~22.04.3) ...
#7 52.02 Setting up libnl-3-dev:amd64 (3.5.0-0.1) ...
#7 52.04 Setting up cpp (4:11.2.0-1ubuntu1) ...
#7 52.06 Setting up libcurl4:amd64 (7.81.0-1ubuntu1.27) ...
#7 52.08 Setting up libc6-dev:amd64 (2.35-0ubuntu3.14) ...
#7 52.10 Setting up libx11-6:amd64 (2:1.7.5-1ubuntu0.3) ...
#7 52.11 Setting up libboost-locale1.74.0:amd64 (1.74.0-14ubuntu3) ...
#7 52.13 Setting up libicu-dev:amd64 (70.1-2) ...
#7 52.15 Setting up libxml2:amd64 (2.9.13+dfsg-1ubuntu0.12) ...
#7 52.16 Setting up libboost-type-erasure1.74.0:amd64 (1.74.0-14ubuntu3) ...
#7 52.18 Setting up libpython3-stdlib:amd64 (3.10.6-1~22.04.1) ...
#7 52.20 Setting up binutils-x86-64-linux-gnu (2.38-4ubuntu2.12) ...
#7 52.22 Setting up libboost-log1.74.0 (1.74.0-14ubuntu3) ...
#7 52.23 Setting up libpython3.10:amd64 (3.10.12-1~22.04.17) ...
#7 52.25 Setting up libibverbs1:amd64 (39.0-1) ...
#7 52.32 Setting up libperl5.34:amd64 (5.34.0-3ubuntu1.8) ...
#7 52.34 Setting up libncurses-dev:amd64 (6.3-2ubuntu0.3) ...
#7 52.36 Setting up python3.10 (3.10.12-1~22.04.17) ...
#7 53.01 Setting up libstdc++-12-dev:amd64 (12.3.0-1ubuntu1~22.04.3) ...
#7 53.03 Setting up ibverbs-providers:amd64 (39.0-1) ...
#7 53.16 Setting up libarchive13:amd64 (3.6.0-1ubuntu1.8) ...
#7 53.20 Setting up libgfortran-11-dev:amd64 (11.4.0-1ubuntu1~22.04.3) ...
#7 53.22 Setting up openssh-client (1:8.9p1-3ubuntu0.17) ...
#7 53.29 update-alternatives: using /usr/bin/ssh to provide /usr/bin/rsh (rsh) in auto mode
#7 53.29 update-alternatives: warning: skip creation of /usr/share/man/man1/rsh.1.gz because associated file /usr/share/man/man1/ssh.1.gz (of link group rsh) doesn't exist
#7 53.29 update-alternatives: using /usr/bin/slogin to provide /usr/bin/rlogin (rlogin) in auto mode
#7 53.29 update-alternatives: warning: skip creation of /usr/share/man/man1/rlogin.1.gz because associated file /usr/share/man/man1/slogin.1.gz (of link group rlogin) doesn't exist
#7 53.30 update-alternatives: using /usr/bin/scp to provide /usr/bin/rcp (rcp) in auto mode
#7 53.30 update-alternatives: warning: skip creation of /usr/share/man/man1/rcp.1.gz because associated file /usr/share/man/man1/scp.1.gz (of link group rcp) doesn't exist
#7 53.31 Setting up libxext6:amd64 (2:1.3.4-1build1) ...
#7 53.34 Setting up libcurl3-gnutls:amd64 (7.81.0-1ubuntu1.27) ...
#7 53.36 Setting up python3 (3.10.6-1~22.04.1) ...
#7 53.46 Setting up binutils (2.38-4ubuntu2.12) ...
#7 53.48 Setting up libreadline-dev:amd64 (8.1.2-1) ...
#7 53.50 Setting up libnuma-dev:amd64 (2.0.14-3ubuntu2) ...
#7 53.51 Setting up libxnvctrl0:amd64 (510.47.03-0ubuntu1.22.04.1) ...
#7 53.53 Setting up libnl-route-3-dev:amd64 (3.5.0-0.1) ...
#7 53.55 Setting up perl (5.34.0-3ubuntu1.8) ...
#7 53.58 Setting up libexpat1-dev:amd64 (2.4.7-1ubuntu0.7) ...
#7 53.59 Setting up gcc-12 (12.3.0-1ubuntu1~22.04.3) ...
#7 53.61 Setting up libboost-numpy-dev (1.74.0.3ubuntu7) ...
#7 53.63 Setting up libdpkg-perl (1.21.1ubuntu2.6) ...
#7 53.64 Setting up autoconf (2.71-2) ...
#7 53.66 Setting up libstdc++-11-dev:amd64 (11.4.0-1ubuntu1~22.04.3) ...
#7 53.68 Setting up zlib1g-dev:amd64 (1:1.2.11.dfsg-2ubuntu9.2) ...
#7 53.70 Setting up gcc-11 (11.4.0-1ubuntu1~22.04.3) ...
#7 53.71 Setting up cmake (3.22.1-1ubuntu1.22.04.2) ...
#7 53.73 Setting up python3-lib2to3 (3.10.8-1~22.04) ...
#7 53.84 Setting up libmysqlclient-dev (8.0.46-0ubuntu0.22.04.4) ...
#7 53.86 Setting up g++-12 (12.3.0-1ubuntu1~22.04.3) ...
#7 53.87 Setting up automake (1:1.16.5-1.3) ...
#7 53.89 update-alternatives: using /usr/bin/automake-1.16 to provide /usr/bin/automake (automake) in auto mode
#7 53.89 update-alternatives: warning: skip creation of /usr/share/man/man1/automake.1.gz because associated file /usr/share/man/man1/automake-1.16.1.gz (of link group automake) doesn't exist
#7 53.89 update-alternatives: warning: skip creation of /usr/share/man/man1/aclocal.1.gz because associated file /usr/share/man/man1/aclocal-1.16.1.gz (of link group automake) doesn't exist
#7 53.90 Setting up default-libmysqlclient-dev:amd64 (1.0.8) ...
#7 53.91 Setting up python3-distutils (3.10.8-1~22.04) ...
#7 54.04 Setting up librdmacm1:amd64 (39.0-1) ...
#7 54.06 Setting up libucx0:amd64 (1.12.1~rc2-1) ...
#7 54.09 Setting up libboost1.74-dev:amd64 (1.74.0-14ubuntu3) ...
#7 54.11 Setting up libboost-container1.74-dev:amd64 (1.74.0-14ubuntu3) ...
#7 54.13 Setting up g++-11 (11.4.0-1ubuntu1~22.04.3) ...
#7 54.15 Setting up libboost-chrono1.74-dev:amd64 (1.74.0-14ubuntu3) ...
#7 54.17 Setting up libboost-exception1.74-dev:amd64 (1.74.0-14ubuntu3) ...
#7 54.18 Setting up libboost-exception-dev:amd64 (1.74.0.3ubuntu7) ...
#7 54.20 Setting up libibverbs-dev:amd64 (39.0-1) ...
#7 54.22 Setting up libhwloc-plugins:amd64 (2.7.0-2ubuntu1) ...
#7 54.24 Setting up libboost-container-dev:amd64 (1.74.0.3ubuntu7) ...
#7 54.26 Setting up gcc (4:11.2.0-1ubuntu1) ...
#7 54.29 Setting up dpkg-dev (1.21.1ubuntu2.6) ...
#7 54.32 Setting up libboost-program-options1.74-dev:amd64 (1.74.0-14ubuntu3) ...
#7 54.34 Setting up liberror-perl (0.17029-1) ...
#7 54.35 Setting up libltdl-dev:amd64 (2.4.6-15build2) ...
#7 54.37 Setting up libboost-program-options-dev:amd64 (1.74.0.3ubuntu7) ...
#7 54.39 Setting up libboost-system1.74-dev:amd64 (1.74.0-14ubuntu3) ...
#7 54.40 Setting up libboost-random1.74-dev:amd64 (1.74.0-14ubuntu3) ...
#7 54.42 Setting up libboost-timer1.74-dev:amd64 (1.74.0-14ubuntu3) ...
#7 54.44 Setting up libpython3.10-dev:amd64 (3.10.12-1~22.04.17) ...
#7 54.47 Setting up git (1:2.34.1-1ubuntu1.17) ...
#7 54.51 Setting up gfortran-11 (11.4.0-1ubuntu1~22.04.3) ...
#7 54.53 Setting up libboost-serialization1.74-dev:amd64 (1.74.0-14ubuntu3) ...
#7 54.54 Setting up libboost-atomic1.74-dev:amd64 (1.74.0-14ubuntu3) ...
#7 54.56 Setting up libboost-atomic-dev:amd64 (1.74.0.3ubuntu7) ...
#7 54.58 Setting up python3.10-dev (3.10.12-1~22.04.17) ...
#7 54.59 Setting up g++ (4:11.2.0-1ubuntu1) ...
#7 54.62 update-alternatives: using /usr/bin/g++ to provide /usr/bin/c++ (c++) in auto mode
#7 54.62 update-alternatives: warning: skip creation of /usr/share/man/man1/c++.1.gz because associated file /usr/share/man/man1/g++.1.gz (of link group c++) doesn't exist
#7 54.63 Setting up libboost-regex1.74-dev:amd64 (1.74.0-14ubuntu3) ...
#7 54.65 Setting up build-essential (12.9ubuntu3) ...
#7 54.67 Setting up libhwloc-dev:amd64 (2.7.0-2ubuntu1) ...
#7 54.68 Setting up libboost-dev:amd64 (1.74.0.3ubuntu7) ...
#7 54.70 Setting up libboost-math1.74-dev:amd64 (1.74.0-14ubuntu3) ...
#7 54.72 Setting up libboost-filesystem1.74-dev:amd64 (1.74.0-14ubuntu3) ...
#7 54.73 Setting up libboost-stacktrace1.74-dev:amd64 (1.74.0-14ubuntu3) ...
#7 54.75 Setting up libboost-test1.74-dev:amd64 (1.74.0-14ubuntu3) ...
#7 54.77 Setting up libboost-regex-dev:amd64 (1.74.0.3ubuntu7) ...
#7 54.78 Setting up libboost-timer-dev:amd64 (1.74.0.3ubuntu7) ...
#7 54.80 Setting up libboost-filesystem-dev:amd64 (1.74.0.3ubuntu7) ...
#7 54.82 Setting up libfabric1:amd64 (1.11.0-3) ...
#7 54.83 Setting up libpython3-dev:amd64 (3.10.6-1~22.04.1) ...
#7 54.85 Setting up libboost-wave1.74-dev:amd64 (1.74.0-14ubuntu3) ...
#7 54.87 Setting up libpmix2:amd64 (4.1.2-2ubuntu1) ...
#7 54.88 Setting up libboost-chrono-dev:amd64 (1.74.0.3ubuntu7) ...
#7 54.90 Setting up libboost-math-dev:amd64 (1.74.0.3ubuntu7) ...
#7 54.92 Setting up libopenmpi3:amd64 (4.1.2-2ubuntu1) ...
#7 54.93 Setting up libboost-system-dev:amd64 (1.74.0.3ubuntu7) ...
#7 54.95 Setting up libboost-mpi1.74.0 (1.74.0-14ubuntu3) ...
#7 54.97 Setting up libboost-random-dev:amd64 (1.74.0.3ubuntu7) ...
#7 54.98 Setting up libboost-wave-dev:amd64 (1.74.0.3ubuntu7) ...
#7 55.00 Setting up libboost-test-dev:amd64 (1.74.0.3ubuntu7) ...
#7 55.02 Setting up libboost-iostreams1.74-dev:amd64 (1.74.0-14ubuntu3) ...
#7 55.03 Setting up libboost-date-time1.74-dev:amd64 (1.74.0-14ubuntu3) ...
#7 55.05 Setting up libboost-graph1.74-dev:amd64 (1.74.0-14ubuntu3) ...
#7 55.07 Setting up python3-dev (3.10.6-1~22.04.1) ...
#7 55.09 Setting up libboost-serialization-dev:amd64 (1.74.0.3ubuntu7) ...
#7 55.26 Setting up libboost-date-time-dev:amd64 (1.74.0.3ubuntu7) ...
#7 55.35 Setting up libboost-stacktrace-dev:amd64 (1.74.0.3ubuntu7) ...
#7 55.44 Setting up libboost-thread1.74-dev:amd64 (1.74.0-14ubuntu3) ...
#7 55.61 Setting up libboost-graph-parallel1.74.0 (1.74.0-14ubuntu3) ...
#7 55.67 Setting up libpmix-dev:amd64 (4.1.2-2ubuntu1) ...
#7 55.73 Setting up openmpi-bin (4.1.2-2ubuntu1) ...
#7 55.84 update-alternatives: using /usr/bin/mpirun.openmpi to provide /usr/bin/mpirun (mpirun) in auto mode
#7 55.84 update-alternatives: warning: skip creation of /usr/share/man/man1/mpirun.1.gz because associated file /usr/share/man/man1/mpirun.openmpi.1.gz (of link group mpirun) doesn't exist
#7 55.84 update-alternatives: warning: skip creation of /usr/share/man/man1/mpiexec.1.gz because associated file /usr/share/man/man1/mpiexec.openmpi.1.gz (of link group mpirun) doesn't exist
#7 55.86 update-alternatives: using /usr/bin/mpicc.openmpi to provide /usr/bin/mpicc (mpi) in auto mode
#7 55.86 update-alternatives: warning: skip creation of /usr/share/man/man1/mpicc.1.gz because associated file /usr/share/man/man1/mpicc.openmpi.1.gz (of link group mpi) doesn't exist
#7 55.86 update-alternatives: warning: skip creation of /usr/share/man/man1/mpic++.1.gz because associated file /usr/share/man/man1/mpic++.openmpi.1.gz (of link group mpi) doesn't exist
#7 55.86 update-alternatives: warning: skip creation of /usr/share/man/man1/mpicxx.1.gz because associated file /usr/share/man/man1/mpicxx.openmpi.1.gz (of link group mpi) doesn't exist
#7 55.86 update-alternatives: warning: skip creation of /usr/share/man/man1/mpiCC.1.gz because associated file /usr/share/man/man1/mpiCC.openmpi.1.gz (of link group mpi) doesn't exist
#7 55.86 update-alternatives: warning: skip creation of /usr/share/man/man1/mpif77.1.gz because associated file /usr/share/man/man1/mpif77.openmpi.1.gz (of link group mpi) doesn't exist
#7 55.86 update-alternatives: warning: skip creation of /usr/share/man/man1/mpif90.1.gz because associated file /usr/share/man/man1/mpif90.openmpi.1.gz (of link group mpi) doesn't exist
#7 55.86 update-alternatives: warning: skip creation of /usr/share/man/man1/mpifort.1.gz because associated file /usr/share/man/man1/mpifort.openmpi.1.gz (of link group mpi) doesn't exist
#7 55.98 Setting up libboost-thread-dev:amd64 (1.74.0.3ubuntu7) ...
#7 56.14 Setting up libboost-graph-dev:amd64 (1.74.0.3ubuntu7) ...
#7 56.20 Setting up libboost-log1.74-dev (1.74.0-14ubuntu3) ...
#7 56.32 Setting up mpi-default-bin (1.14) ...
#7 58.20 Setting up libboost-iostreams-dev:amd64 (1.74.0.3ubuntu7) ...
#7 58.29 Setting up libboost-context1.74-dev:amd64 (1.74.0-14ubuntu3) ...
#7 58.34 Setting up libboost-python1.74-dev (1.74.0-14ubuntu3) ...
#7 58.38 Setting up libboost-python-dev (1.74.0.3ubuntu7) ...
#7 58.42 Setting up libboost-fiber1.74-dev:amd64 (1.74.0-14ubuntu3) ...
#7 58.47 Setting up libboost-type-erasure1.74-dev:amd64 (1.74.0-14ubuntu3) ...
#7 58.51 Setting up libboost-locale1.74-dev:amd64 (1.74.0-14ubuntu3) ...
#7 58.55 Setting up libboost-graph-parallel1.74-dev (1.74.0-14ubuntu3) ...
#7 58.59 Setting up libboost-coroutine1.74-dev:amd64 (1.74.0-14ubuntu3) ...
#7 58.64 Setting up libboost-coroutine-dev:amd64 (1.74.0.3ubuntu7) ...
#7 58.68 Setting up libopenmpi-dev:amd64 (4.1.2-2ubuntu1) ...
#7 58.71 update-alternatives: using /usr/lib/x86_64-linux-gnu/openmpi/include to provide /usr/include/x86_64-linux-gnu/mpi (mpi-x86_64-linux-gnu) in auto mode
#7 58.73 Setting up libboost-log-dev (1.74.0.3ubuntu7) ...
#7 58.78 Setting up libboost-fiber-dev:amd64 (1.74.0.3ubuntu7) ...
#7 58.82 Setting up libboost-mpi-python1.74.0 (1.74.0-14ubuntu3) ...
#7 58.97 Setting up libboost-locale-dev:amd64 (1.74.0.3ubuntu7) ...
#7 59.01 Setting up libboost-context-dev:amd64 (1.74.0.3ubuntu7) ...
#7 59.05 Setting up libboost-type-erasure-dev:amd64 (1.74.0.3ubuntu7) ...
#7 59.10 Setting up libboost-graph-parallel-dev (1.74.0.3ubuntu7) ...
#7 59.14 Setting up mpi-default-dev (1.14) ...
#7 59.20 Setting up libboost-mpi1.74-dev (1.74.0-14ubuntu3) ...
#7 59.25 Setting up libboost-mpi-python1.74-dev (1.74.0-14ubuntu3) ...
#7 59.29 Setting up libboost-mpi-python-dev (1.74.0.3ubuntu7) ...
#7 59.33 Setting up libboost-mpi-dev (1.74.0.3ubuntu7) ...
#7 59.38 Setting up libboost-all-dev (1.74.0.3ubuntu7) ...
#7 59.42 Processing triggers for libc-bin (2.35-0ubuntu3.14) ...
#7 59.48 Processing triggers for ca-certificates (20260601~22.04.1) ...
#7 59.50 Updating certificates in /etc/ssl/certs...
#7 59.89 0 added, 0 removed; done.
#7 59.89 Running hooks in /etc/ca-certificates/update.d...
#7 59.89 done.
#7 DONE 60.2s

#9 [builder 3/7] RUN git config --system http.version HTTP/1.1
#9 DONE 0.5s

#10 [builder 4/7] COPY src/mangos-classic /src/mangos-classic
#10 DONE 2.5s

#11 [builder 5/7] WORKDIR /src/mangos-classic
#11 DONE 0.1s

#12 [builder 6/7] RUN mkdir -p build && cd build &&     cmake ..         -DCMAKE_INSTALL_PREFIX=/opt/mangos         -DBUILD_PLAYERBOTS=1         -DBUILD_AHBOT=1         -DBUILD_EXTRACTORS=1         -DBUILD_GAME_SERVER=1         -DBUILD_LOGIN_SERVER=1         -DBUILD_TOOLS=1         -DPCH=1
#12 0.318 -- The C compiler identification is GNU 12.3.0
#12 0.383 -- The CXX compiler identification is GNU 12.3.0
#12 0.391 -- Detecting C compiler ABI info
#12 0.467 -- Detecting C compiler ABI info - done
#12 0.475 -- Check for working C compiler: /usr/bin/gcc-12 - skipped
#12 0.476 -- Detecting C compile features
#12 0.476 -- Detecting C compile features - done
#12 0.480 -- Detecting CXX compiler ABI info
#12 0.568 -- Detecting CXX compiler ABI info - done
#12 0.577 -- Check for working CXX compiler: /usr/bin/g++-12 - skipped
#12 0.577 -- Detecting CXX compile features
#12 0.578 -- Detecting CXX compile features - done
#12 0.579 -- This script builds the MaNGOS server.
#12 0.579   Options that can be used in order to configure the process:
#12 0.579     CMAKE_INSTALL_PREFIX    Path where the server should be installed to
#12 0.579     PCH                     Use precompiled headers
#12 0.579     DEBUG                   Include additional debug-code in core
#12 0.579     WARNINGS                Show all warnings during compile
#12 0.579     POSTGRESQL              Use PostgreSQL instead of mysql
#12 0.579     BUILD_GAME_SERVER       Build game server (core server)
#12 0.579     BUILD_LOGIN_SERVER      Build login server (auth server)
#12 0.579     BUILD_EXTRACTORS        Build map/dbc/vmap/mmap extractor
#12 0.579     BUILD_PLAYERBOTS        Build Playerbots mod
#12 0.579     BUILD_AHBOT             Build Auction House Bot mod
#12 0.579     BUILD_METRICS           Build Metrics, generate data for Grafana
#12 0.579     BUILD_RECASTDEMOMOD     Build map/vmap/mmap viewer
#12 0.579     BUILD_GIT_ID            Build git_id
#12 0.579     BUILD_DOCS              Build documentation with doxygen
#12 0.579     CMAKE_INTERPROCEDURAL_OPTIMIZATION Enable link-time optimizations
#12 0.579     BUILD_DEPRECATED_PLAYERBOT         Build Playerbot mod (deprecated)
#12 0.579     BUILD_SCRIPTDEV         Build scriptdev. (Disable it to speedup build
#12 0.579                                 in dev mode by not including scripts)
#12 0.579 
#12 0.579     DEV_BINARY_DIR          Target directory for executables on Windows only
#12 0.579 
#12 0.579 
#12 0.579   To set an option simply type -D<OPTION>=<VALUE> after 'cmake <srcs>'.
#12 0.579   Also, you can specify the generator with -G. see 'cmake --help' for more details
#12 0.579   For example:
#12 0.579     Build server
#12 0.579     cmake -DCMAKE_INSTALL_PREFIX=../opt/cmangos ..
#12 0.579 
#12 0.579     Build full server with extractor
#12 0.579     cmake -DCMAKE_INSTALL_PREFIX=../opt/cmangos -DBUILD_EXTRACTORS=ON ..
#12 0.579 
#12 0.579     Build only server without scripts and extractors and in debug mode
#12 0.579     cmake -DCMAKE_INSTALL_PREFIX=../opt/cmangos -DDEBUG=ON -DBUILD_ALL_SCRIPTS=OFF ..
#12 0.579 
#12 0.579     Build only login server
#12 0.579     cmake -DCMAKE_INSTALL_PREFIX=../opt/cmangos -DBUILD_GAME_SERVER=OFF ..
#12 0.579 
#12 0.579 
#12 0.579 -- Detected 64-bit platform
#12 0.579 -- UNIX: Configuring uninstall target
#12 0.579 -- UNIX: Created uninstall target
#12 0.580 -- UNIX: Detected compiler: /usr/bin/gcc-12
#12 0.580 -- GCC: SFMT enabled, SSE2 flags forced
#12 0.580 Defaulting to release build.
#12 0.583 -- Found Git: /usr/bin/git (found version "2.34.1") 
#12 0.594 -- Looking for pthread.h
#12 0.673 -- Looking for pthread.h - found
#12 0.673 -- Performing Test CMAKE_HAVE_LIBC_PTHREAD
#12 0.753 -- Performing Test CMAKE_HAVE_LIBC_PTHREAD - Success
#12 0.754 -- Found Threads: TRUE  
#12 0.770 -- Found Boost: /usr/include (found suitable version "1.74.0", minimum required is "1.70.0") found components: program_options thread regex serialization filesystem chrono date_time atomic 
#12 0.772 -- Using mysql-config: /usr/bin/mysql_config
#12 0.789 -- Found MySQL library: /usr/lib/x86_64-linux-gnu/libmysqlclient.so
#12 0.789 -- Found MySQL headers: /usr/include/mysql
#12 0.795 -- Found OpenSSL: /usr/lib/x86_64-linux-gnu/libcrypto.so (found version "3.0.2")  
#12 0.795 -- Found OpenSSL libraries: /usr/lib/x86_64-linux-gnu/libssl.so;/usr/lib/x86_64-linux-gnu/libcrypto.so
#12 0.797 CMake Warning at CMakeLists.txt:268 (message):
#12 0.797   OpenSSL: Your OpenSSL version is critically vulnerable or no longer being
#12 0.797   maintained, consider upgrading
#12 0.797 
#12 0.797 
#12 0.799 -- Could not find BZIP2 on your system. The provided sources will be used.
#12 0.802 -- CMaNGOS-Core revision : Git repository not found
#12 0.802 -- Revision time stamp   : "0000-00-00T00:00:00+00:00"
#12 0.802 -- Install server to     : /opt/mangos
#12 0.802 -- Use PCH               : Yes (default)
#12 0.802 -- Build in debug-mode   : No  (default)
#12 0.802 -- Build game server     : Yes (default)
#12 0.802 -- Build login server    : Yes (default)
#12 0.802 -- Build ScriptDev       : Yes (default)
#12 0.802 -- Build AHBot           : Yes
#12 0.802 -- Build METRICs         : No  (default)
#12 0.802 -- Build OLD Playerbot   : No  (default)
#12 0.802 -- Build Playerbots      : Yes
#12 0.802 -- Build extractors      : Yes
#12 0.802 -- Build RecastDemoMod   : No  (default)
#12 0.802 -- Build git_id          : No  (default)
#12 0.802 -- Link-time optimizations : No  (default)
#12 0.802 -- Target directory for dev binaries(DEV_BINARY_DIR) = /src/mangos-classic/build
#12 0.802 
#12 0.812 -- Could NOT find ZLIB (missing: ZLIB_DIR)
#12 0.812 -- Setting up zlib ...
#12 2.648 -- Looking for sys/types.h
#12 2.724 -- Looking for sys/types.h - found
#12 2.725 -- Looking for stdint.h
#12 2.800 -- Looking for stdint.h - found
#12 2.801 -- Looking for stddef.h
#12 2.874 -- Looking for stddef.h - found
#12 2.874 -- Check size of off64_t
#12 2.955 -- Check size of off64_t - done
#12 2.955 -- Looking for fseeko
#12 3.029 -- Looking for fseeko - found
#12 3.030 -- Looking for stdarg.h
#12 3.103 -- Looking for stdarg.h - found
#12 3.105 -- Looking for unistd.h
#12 3.180 -- Looking for unistd.h - found
#12 3.181 -- Performing Test HAVE___ATTR__VIS_HIDDEN
#12 3.260 -- Performing Test HAVE___ATTR__VIS_HIDDEN - Success
#12 3.263 -- zlib successfully set up!
#12 17.50 -- Playerbots module source dir: /src/mangos-classic/src/modules/PlayerBots
#12 17.56 -- Configuring done
#12 17.82 -- Generating done
#12 17.82 CMake Warning:
#12 17.82   Manually-specified variables were not used by the project:
#12 17.82 
#12 17.82     BUILD_TOOLS
#12 17.82 
#12 17.82 
#12 17.82 -- Build files have been written to: /src/mangos-classic/build
#12 DONE 18.1s

#13 [builder 7/7] RUN cd build && make -j2 && make install
#13 0.242 [  0%] Building C object dep/src/bzip2/CMakeFiles/bzip2.dir/compress.c.o
#13 0.242 [  0%] Building C object _deps/zlib-build/CMakeFiles/zlibstatic.dir/adler32.c.o
#13 0.362 [  0%] Building C object _deps/zlib-build/CMakeFiles/zlibstatic.dir/compress.c.o
#13 0.425 [  0%] Building C object _deps/zlib-build/CMakeFiles/zlibstatic.dir/crc32.c.o
#13 0.620 [  0%] Building C object _deps/zlib-build/CMakeFiles/zlibstatic.dir/deflate.c.o
#13 1.368 [  0%] Building C object _deps/zlib-build/CMakeFiles/zlibstatic.dir/gzclose.c.o
#13 1.423 [  1%] Building C object _deps/zlib-build/CMakeFiles/zlibstatic.dir/gzlib.c.o
#13 1.583 [  1%] Building C object _deps/zlib-build/CMakeFiles/zlibstatic.dir/gzread.c.o
#13 1.797 [  1%] Building C object _deps/zlib-build/CMakeFiles/zlibstatic.dir/gzwrite.c.o
#13 1.999 [  1%] Building C object _deps/zlib-build/CMakeFiles/zlibstatic.dir/inflate.c.o
#13 2.061 [  1%] Building C object dep/src/bzip2/CMakeFiles/bzip2.dir/crctable.c.o
#13 2.099 [  1%] Building C object dep/src/bzip2/CMakeFiles/bzip2.dir/decompress.c.o
#13 2.613 [  1%] Building C object _deps/zlib-build/CMakeFiles/zlibstatic.dir/infback.c.o
#13 2.878 [  1%] Building C object _deps/zlib-build/CMakeFiles/zlibstatic.dir/inftrees.c.o
#13 2.928 [  1%] Building C object dep/src/bzip2/CMakeFiles/bzip2.dir/huffman.c.o
#13 3.035 [  1%] Building C object _deps/zlib-build/CMakeFiles/zlibstatic.dir/inffast.c.o
#13 3.077 [  1%] Building C object dep/src/bzip2/CMakeFiles/bzip2.dir/randtable.c.o
#13 3.115 [  1%] Building C object dep/src/bzip2/CMakeFiles/bzip2.dir/blocksort.c.o
#13 3.261 [  1%] Building C object _deps/zlib-build/CMakeFiles/zlibstatic.dir/trees.c.o
#13 3.645 [  1%] Building C object _deps/zlib-build/CMakeFiles/zlibstatic.dir/uncompr.c.o
#13 3.712 [  1%] Building C object _deps/zlib-build/CMakeFiles/zlibstatic.dir/zutil.c.o
#13 3.774 [  2%] Linking C static library libz.a
#13 3.814 [  2%] Building C object dep/src/bzip2/CMakeFiles/bzip2.dir/bzlib.c.o
#13 3.818 [  2%] Built target zlibstatic
#13 3.840 [  2%] Building CXX object dep/src/gsoap/CMakeFiles/gsoap.dir/stdsoap2.cpp.o
#13 4.378 [  2%] Linking C static library libbzip2.a
#13 4.416 [  2%] Built target bzip2
#13 4.439 [  2%] Building CXX object dep/g3dlite/CMakeFiles/g3dlite.dir/AABox.cpp.o
#13 5.491 [  2%] Building CXX object dep/g3dlite/CMakeFiles/g3dlite.dir/Any.cpp.o
#13 8.445 [  2%] Building CXX object dep/g3dlite/CMakeFiles/g3dlite.dir/BinaryFormat.cpp.o
#13 8.897 [  2%] Building CXX object dep/g3dlite/CMakeFiles/g3dlite.dir/BinaryInput.cpp.o
#13 10.38 [  2%] Linking CXX static library libgsoap.a
#13 10.41 [  2%] Built target gsoap
#13 10.44 [  2%] Building CXX object src/shared/CMakeFiles/shared.dir/cmake_pch.hxx.gch
#13 11.58 [  2%] Building CXX object dep/g3dlite/CMakeFiles/g3dlite.dir/BinaryOutput.cpp.o
#13 13.31 [  2%] Building CXX object dep/g3dlite/CMakeFiles/g3dlite.dir/Box.cpp.o
#13 14.42 [  2%] Building CXX object dep/g3dlite/CMakeFiles/g3dlite.dir/Capsule.cpp.o
#13 15.48 [  2%] Building CXX object dep/g3dlite/CMakeFiles/g3dlite.dir/CollisionDetection.cpp.o
#13 17.72 [  3%] Building CXX object dep/g3dlite/CMakeFiles/g3dlite.dir/CoordinateFrame.cpp.o
#13 18.54 [  3%] Building CXX object src/shared/CMakeFiles/shared.dir/Auth/BigNumber.cpp.o
#13 19.51 [  3%] Building CXX object dep/g3dlite/CMakeFiles/g3dlite.dir/Crypto.cpp.o
#13 19.89 [  3%] Building CXX object src/shared/CMakeFiles/shared.dir/Auth/HMACSHA1.cpp.o
#13 19.99 [  3%] Building CXX object dep/g3dlite/CMakeFiles/g3dlite.dir/Cylinder.cpp.o
#13 21.02 [  3%] Building CXX object dep/g3dlite/CMakeFiles/g3dlite.dir/FileSystem.cpp.o
#13 21.24 [  3%] Building CXX object src/shared/CMakeFiles/shared.dir/Auth/SARC4.cpp.o
#13 22.55 [  3%] Building CXX object src/shared/CMakeFiles/shared.dir/Auth/SRP6.cpp.o
#13 23.71 [  3%] Building CXX object dep/g3dlite/CMakeFiles/g3dlite.dir/Line.cpp.o
#13 24.01 [  4%] Building CXX object src/shared/CMakeFiles/shared.dir/Auth/base32.cpp.o
#13 24.64 [  4%] Building CXX object dep/g3dlite/CMakeFiles/g3dlite.dir/LineSegment.cpp.o
#13 25.25 [  4%] Building CXX object src/shared/CMakeFiles/shared.dir/Config/Config.cpp.o
#13 25.61 [  4%] Building CXX object dep/g3dlite/CMakeFiles/g3dlite.dir/Log.cpp.o
#13 26.61 [  4%] Building CXX object dep/g3dlite/CMakeFiles/g3dlite.dir/Matrix3.cpp.o
#13 27.77 [  4%] Building CXX object src/shared/CMakeFiles/shared.dir/Database/Database.cpp.o
#13 28.55 [  4%] Building CXX object dep/g3dlite/CMakeFiles/g3dlite.dir/Matrix4.cpp.o
#13 29.89 [  4%] Building CXX object dep/g3dlite/CMakeFiles/g3dlite.dir/MemoryManager.cpp.o
#13 29.96 [  4%] Building CXX object src/shared/CMakeFiles/shared.dir/Database/DatabaseMysql.cpp.o
#13 30.51 [  4%] Building CXX object dep/g3dlite/CMakeFiles/g3dlite.dir/PhysicsFrame.cpp.o
#13 31.66 [  5%] Building CXX object dep/g3dlite/CMakeFiles/g3dlite.dir/Plane.cpp.o
#13 31.77 [  5%] Building CXX object src/shared/CMakeFiles/shared.dir/Database/DatabasePostgre.cpp.o
#13 32.64 [  5%] Building CXX object dep/g3dlite/CMakeFiles/g3dlite.dir/Quat.cpp.o
#13 33.00 [  5%] Building CXX object src/shared/CMakeFiles/shared.dir/Database/DatabaseSqlite.cpp.o
#13 34.23 [  5%] Building CXX object src/shared/CMakeFiles/shared.dir/Database/Field.cpp.o
#13 34.33 [  5%] Building CXX object dep/g3dlite/CMakeFiles/g3dlite.dir/Random.cpp.o
#13 35.02 [  5%] Building CXX object dep/g3dlite/CMakeFiles/g3dlite.dir/Ray.cpp.o
#13 35.56 [  5%] Building CXX object src/shared/CMakeFiles/shared.dir/Database/QueryResultMysql.cpp.o
#13 36.05 [  5%] Building CXX object dep/g3dlite/CMakeFiles/g3dlite.dir/ReferenceCount.cpp.o
#13 36.60 [  5%] Building CXX object dep/g3dlite/CMakeFiles/g3dlite.dir/RegistryUtil.cpp.o
#13 36.63 [  5%] Building CXX object dep/g3dlite/CMakeFiles/g3dlite.dir/Sphere.cpp.o
#13 36.85 [  5%] Building CXX object src/shared/CMakeFiles/shared.dir/Database/QueryResultPostgre.cpp.o
#13 37.63 [  5%] Building CXX object dep/g3dlite/CMakeFiles/g3dlite.dir/System.cpp.o
#13 38.09 [  5%] Building CXX object src/shared/CMakeFiles/shared.dir/Database/QueryResultSqlite.cpp.o
#13 39.32 [  6%] Building CXX object src/shared/CMakeFiles/shared.dir/Database/SqlDelayThread.cpp.o
#13 39.89 [  6%] Building CXX object dep/g3dlite/CMakeFiles/g3dlite.dir/TextInput.cpp.o
#13 40.71 [  6%] Building CXX object src/shared/CMakeFiles/shared.dir/Database/SqlOperations.cpp.o
#13 42.33 [  6%] Building CXX object src/shared/CMakeFiles/shared.dir/Database/SqlPreparedStatement.cpp.o
#13 42.97 [  6%] Building CXX object dep/g3dlite/CMakeFiles/g3dlite.dir/TextOutput.cpp.o
#13 43.90 [  6%] Building CXX object src/shared/CMakeFiles/shared.dir/Database/SQLStorage.cpp.o
#13 45.14 [  6%] Building CXX object dep/g3dlite/CMakeFiles/g3dlite.dir/Triangle.cpp.o
#13 45.84 [  6%] Building CXX object src/shared/CMakeFiles/shared.dir/Database/DBCFileLoader.cpp.o
#13 46.16 [  7%] Building CXX object dep/g3dlite/CMakeFiles/g3dlite.dir/UprightFrame.cpp.o
#13 47.16 [  7%] Building CXX object src/shared/CMakeFiles/shared.dir/Log/Log.cpp.o
#13 47.35 [  7%] Building CXX object dep/g3dlite/CMakeFiles/g3dlite.dir/Vector2.cpp.o
#13 48.50 [  7%] Building CXX object dep/g3dlite/CMakeFiles/g3dlite.dir/Vector3.cpp.o
#13 49.40 In file included from /usr/include/c++/12/string:40,
#13 49.40                  from /src/mangos-classic/src/shared/pchdef.h:16,
#13 49.40                  from /src/mangos-classic/build/src/shared/CMakeFiles/shared.dir/cmake_pch.hxx:5,
#13 49.40                  from <command-line>:
#13 49.40 In static member function 'static constexpr std::char_traits<char>::char_type* std::char_traits<char>::copy(char_type*, const char_type*, std::size_t)',
#13 49.40     inlined from 'static constexpr void std::__cxx11::basic_string<_CharT, _Traits, _Alloc>::_S_copy(_CharT*, const _CharT*, size_type) [with _CharT = char; _Traits = std::char_traits<char>; _Alloc = std::allocator<char>]' at /usr/include/c++/12/bits/basic_string.h:431:21,
#13 49.40     inlined from 'constexpr std::__cxx11::basic_string<_CharT, _Traits, _Allocator>& std::__cxx11::basic_string<_CharT, _Traits, _Alloc>::_M_replace(size_type, size_type, const _CharT*, size_type) [with _CharT = char; _Traits = std::char_traits<char>; _Alloc = std::allocator<char>]' at /usr/include/c++/12/bits/basic_string.tcc:532:22,
#13 49.40     inlined from 'constexpr std::__cxx11::basic_string<_CharT, _Traits, _Alloc>& std::__cxx11::basic_string<_CharT, _Traits, _Alloc>::replace(size_type, size_type, const _CharT*, size_type) [with _CharT = char; _Traits = std::char_traits<char>; _Alloc = std::allocator<char>]' at /usr/include/c++/12/bits/basic_string.h:2179:19,
#13 49.40     inlined from 'constexpr std::__cxx11::basic_string<_CharT, _Traits, _Alloc>& std::__cxx11::basic_string<_CharT, _Traits, _Alloc>::insert(size_type, const _CharT*) [with _CharT = char; _Traits = std::char_traits<char>; _Alloc = std::allocator<char>]' at /usr/include/c++/12/bits/basic_string.h:1936:22,
#13 49.40     inlined from 'constexpr std::__cxx11::basic_string<_CharT, _Traits, _Allocator> std::operator+(const _CharT*, __cxx11::basic_string<_CharT, _Traits, _Allocator>&&) [with _CharT = char; _Traits = char_traits<char>; _Alloc = allocator<char>]' at /usr/include/c++/12/bits/basic_string.h:3549:36,
#13 49.40     inlined from 'void Log::Initialize()' at /src/mangos-classic/src/shared/Log/Log.cpp:231:27:
#13 49.40 /usr/include/c++/12/bits/char_traits.h:435:56: warning: 'void* __builtin_memcpy(void*, const void*, long unsigned int)' specified bound between 9223372036854775810 and 18446744073709551615 exceeds maximum object size 9223372036854775807 [-Wstringop-overflow=]
#13 49.40   435 |         return static_cast<char_type*>(__builtin_memcpy(__s1, __s2, __n));
#13 49.40       |                                        ~~~~~~~~~~~~~~~~^~~~~~~~~~~~~~~~~
#13 49.97 [  7%] Building CXX object dep/g3dlite/CMakeFiles/g3dlite.dir/Vector4.cpp.o
#13 49.97 [  7%] Building CXX object src/shared/CMakeFiles/shared.dir/Multithreading/Messager.cpp.o
#13 51.20 [  7%] Building CXX object src/shared/CMakeFiles/shared.dir/Multithreading/Threading.cpp.o
#13 51.67 [  7%] Building CXX object dep/g3dlite/CMakeFiles/g3dlite.dir/debugAssert.cpp.o
#13 52.32 [  7%] Building CXX object dep/g3dlite/CMakeFiles/g3dlite.dir/fileutils.cpp.o
#13 52.54 [  7%] Building CXX object src/shared/CMakeFiles/shared.dir/Platform/PosixDaemon.cpp.o
#13 53.88 [  7%] Building CXX object src/shared/CMakeFiles/shared.dir/Util/ByteBuffer.cpp.o
#13 54.90 [  7%] Building CXX object dep/g3dlite/CMakeFiles/g3dlite.dir/format.cpp.o
#13 55.33 [  7%] Building CXX object src/shared/CMakeFiles/shared.dir/Util/ProgressBar.cpp.o
#13 55.39 [  7%] Building CXX object dep/g3dlite/CMakeFiles/g3dlite.dir/g3dfnmatch.cpp.o
#13 55.42 [  7%] Building CXX object dep/g3dlite/CMakeFiles/g3dlite.dir/g3dmath.cpp.o
#13 55.90 [  7%] Building CXX object dep/g3dlite/CMakeFiles/g3dlite.dir/prompt.cpp.o
#13 56.24 [  8%] Building CXX object dep/g3dlite/CMakeFiles/g3dlite.dir/stringutils.cpp.o
#13 56.59 [  9%] Building CXX object src/shared/CMakeFiles/shared.dir/Util/Util.cpp.o
#13 57.87 [  9%] Building CXX object dep/g3dlite/CMakeFiles/g3dlite.dir/uint128.cpp.o
#13 58.36 [  9%] Linking CXX static library libg3dlite.a
#13 58.43 [  9%] Built target g3dlite
#13 58.45 [  9%] Building CXX object dep/recastnavigation/Detour/CMakeFiles/Detour.dir/Source/DetourAlloc.cpp.o
#13 58.51 [  9%] Building CXX object dep/recastnavigation/Detour/CMakeFiles/Detour.dir/Source/DetourAssert.cpp.o
#13 58.53 [  9%] Building CXX object dep/recastnavigation/Detour/CMakeFiles/Detour.dir/Source/DetourCommon.cpp.o
#13 58.91 [  9%] Building CXX object dep/recastnavigation/Detour/CMakeFiles/Detour.dir/Source/DetourNavMesh.cpp.o
#13 59.04 [  9%] Building CXX object src/shared/CMakeFiles/shared.dir/Common.cpp.o
#13 59.85 [  9%] Building CXX object dep/recastnavigation/Detour/CMakeFiles/Detour.dir/Source/DetourNavMeshBuilder.cpp.o
#13 60.30 [  9%] Linking CXX static library libshared.a
#13 60.38 [  9%] Built target shared
#13 60.40 [  9%] Building CXX object dep/recastnavigation/Recast/CMakeFiles/Recast.dir/Source/Recast.cpp.o
#13 60.55 [  9%] Building CXX object dep/recastnavigation/Detour/CMakeFiles/Detour.dir/Source/DetourNavMeshQuery.cpp.o
#13 60.87 [  9%] Building CXX object dep/recastnavigation/Recast/CMakeFiles/Recast.dir/Source/RecastAlloc.cpp.o
#13 60.93 [  9%] Building CXX object dep/recastnavigation/Recast/CMakeFiles/Recast.dir/Source/RecastArea.cpp.o
#13 61.28 [  9%] Building CXX object dep/recastnavigation/Recast/CMakeFiles/Recast.dir/Source/RecastAssert.cpp.o
#13 61.31 [  9%] Building CXX object dep/recastnavigation/Recast/CMakeFiles/Recast.dir/Source/RecastContour.cpp.o
#13 62.11 [  9%] Building CXX object dep/recastnavigation/Detour/CMakeFiles/Detour.dir/Source/DetourNode.cpp.o
#13 62.33 [  9%] Building CXX object dep/recastnavigation/Recast/CMakeFiles/Recast.dir/Source/RecastFilter.cpp.o
#13 62.42 [  9%] Linking CXX static library libDetour.a
#13 62.45 [  9%] Building CXX object dep/recastnavigation/Recast/CMakeFiles/Recast.dir/Source/RecastLayers.cpp.o
#13 62.45 [  9%] Built target Detour
#13 62.48 [  9%] Building C object dep/libmpq/CMakeFiles/mpqlib.dir/libmpq/common.c.o
#13 62.56 [  9%] Building C object dep/libmpq/CMakeFiles/mpqlib.dir/libmpq/explode.c.o
#13 62.69 [  9%] Building C object dep/libmpq/CMakeFiles/mpqlib.dir/libmpq/extract.c.o
#13 62.78 [  9%] Building C object dep/libmpq/CMakeFiles/mpqlib.dir/libmpq/huffman.c.o
#13 62.97 [  9%] Building C object dep/libmpq/CMakeFiles/mpqlib.dir/libmpq/mpq.c.o
#13 63.08 [ 10%] Building CXX object dep/recastnavigation/Recast/CMakeFiles/Recast.dir/Source/RecastMesh.cpp.o
#13 63.22 [ 10%] Building C object dep/libmpq/CMakeFiles/mpqlib.dir/libmpq/wave.c.o
#13 63.29 [ 10%] Linking C static library libmpqlib.a
#13 63.32 [ 10%] Built target mpqlib
#13 63.35 [ 10%] Building CXX object src/framework/CMakeFiles/framework.dir/Policies/ObjectLifeTime.cpp.o
#13 63.69 [ 11%] Building CXX object src/framework/CMakeFiles/framework.dir/Utilities/EventProcessor.cpp.o
#13 64.01 [ 11%] Linking CXX static library libframework.a
#13 64.05 [ 11%] Built target framework
#13 64.07 [ 11%] Building CXX object contrib/extractor/CMakeFiles/ad.dir/loadlib/loadlib.cpp.o
#13 64.24 [ 11%] Building CXX object dep/recastnavigation/Recast/CMakeFiles/Recast.dir/Source/RecastMeshDetail.cpp.o
#13 64.62 [ 11%] Building CXX object contrib/extractor/CMakeFiles/ad.dir/loadlib/adt.cpp.o
#13 64.71 [ 11%] Building CXX object contrib/extractor/CMakeFiles/ad.dir/loadlib/wdt.cpp.o
#13 64.77 [ 11%] Building CXX object contrib/extractor/CMakeFiles/ad.dir/dbcfile.cpp.o
#13 65.36 [ 11%] Building CXX object contrib/extractor/CMakeFiles/ad.dir/mpq_libmpq.cpp.o
#13 65.64 [ 11%] Building CXX object dep/recastnavigation/Recast/CMakeFiles/Recast.dir/Source/RecastRasterization.cpp.o
#13 66.00 [ 12%] Building CXX object contrib/extractor/CMakeFiles/ad.dir/System.cpp.o
#13 66.06 [ 12%] Building CXX object dep/recastnavigation/Recast/CMakeFiles/Recast.dir/Source/RecastRegion.cpp.o
#13 67.81 [ 12%] Linking CXX static library libRecast.a
#13 67.85 [ 12%] Built target Recast
#13 67.87 [ 13%] Building CXX object contrib/vmap_extractor/vmapextract/CMakeFiles/vmap_extractor.dir/adtfile.cpp.o
#13 68.66 [ 13%] Linking CXX executable ad
#13 68.76 [ 13%] Built target ad
#13 68.78 [ 13%] Building CXX object contrib/vmap_assembler/CMakeFiles/vmap_assembler.dir/__/__/src/game/vmap/BIH.cpp.o
#13 69.97 [ 13%] Building CXX object contrib/vmap_extractor/vmapextract/CMakeFiles/vmap_extractor.dir/dbcfile.cpp.o
#13 70.35 [ 13%] Building CXX object contrib/vmap_assembler/CMakeFiles/vmap_assembler.dir/__/__/src/game/vmap/VMapManager2.cpp.o
#13 70.60 [ 13%] Building CXX object contrib/vmap_extractor/vmapextract/CMakeFiles/vmap_extractor.dir/gameobject_extract.cpp.o
#13 72.13 [ 13%] Building CXX object contrib/vmap_extractor/vmapextract/CMakeFiles/vmap_extractor.dir/model.cpp.o
#13 72.67 [ 13%] Building CXX object contrib/vmap_assembler/CMakeFiles/vmap_assembler.dir/__/__/src/game/vmap/MapTree.cpp.o
#13 73.71 [ 13%] Building CXX object contrib/vmap_extractor/vmapextract/CMakeFiles/vmap_extractor.dir/mpq_libmpq.cpp.o
#13 74.42 [ 13%] Building CXX object contrib/vmap_extractor/vmapextract/CMakeFiles/vmap_extractor.dir/vmapexport.cpp.o
#13 75.22 [ 13%] Building CXX object contrib/vmap_assembler/CMakeFiles/vmap_assembler.dir/__/__/src/game/vmap/TileAssembler.cpp.o
#13 77.08 [ 13%] Building CXX object contrib/vmap_extractor/vmapextract/CMakeFiles/vmap_extractor.dir/wdtfile.cpp.o
#13 78.71 [ 13%] Building CXX object contrib/vmap_extractor/vmapextract/CMakeFiles/vmap_extractor.dir/wmo.cpp.o
#13 79.46 [ 13%] Building CXX object contrib/vmap_assembler/CMakeFiles/vmap_assembler.dir/__/__/src/game/vmap/WorldModel.cpp.o
#13 80.61 [ 13%] Linking CXX executable vmap_extractor
#13 80.76 [ 13%] Built target vmap_extractor
#13 80.78 [ 13%] Building CXX object contrib/mmap/CMakeFiles/vmaplib.dir/__/__/src/game/vmap/BIH.cpp.o
#13 81.82 [ 13%] Building CXX object contrib/vmap_assembler/CMakeFiles/vmap_assembler.dir/__/__/src/game/vmap/ModelInstance.cpp.o
#13 82.34 [ 14%] Building CXX object contrib/mmap/CMakeFiles/vmaplib.dir/__/__/src/game/vmap/VMapManager2.cpp.o
#13 83.21 [ 14%] Building CXX object contrib/vmap_assembler/CMakeFiles/vmap_assembler.dir/vmap_assembler.cpp.o
#13 84.42 [ 14%] Linking CXX executable vmap_assembler
#13 84.60 [ 14%] Built target vmap_assembler
#13 84.66 [ 14%] Building CXX object src/modules/PlayerBots/CMakeFiles/playerbots.dir/cmake_pch.hxx.gch
#13 84.69 [ 14%] Building CXX object contrib/mmap/CMakeFiles/vmaplib.dir/__/__/src/game/vmap/MapTree.cpp.o
#13 87.26 [ 14%] Building CXX object contrib/mmap/CMakeFiles/vmaplib.dir/__/__/src/game/vmap/TileAssembler.cpp.o
#13 91.53 [ 14%] Building CXX object contrib/mmap/CMakeFiles/vmaplib.dir/__/__/src/game/vmap/WorldModel.cpp.o
#13 93.92 [ 14%] Building CXX object contrib/mmap/CMakeFiles/vmaplib.dir/__/__/src/game/vmap/ModelInstance.cpp.o
#13 95.35 [ 14%] Linking CXX static library libvmaplib.a
#13 95.42 [ 14%] Built target vmaplib
#13 95.45 [ 14%] Building CXX object src/realmd/CMakeFiles/realmd.dir/AuthSocket.cpp.o
#13 103.9 [ 14%] Building CXX object src/realmd/CMakeFiles/realmd.dir/Main.cpp.o
#13 105.6 [ 14%] Building CXX object src/modules/PlayerBots/CMakeFiles/playerbots.dir/playerbot/AiFactory.cpp.o
#13 110.1 [ 14%] Building CXX object src/modules/PlayerBots/CMakeFiles/playerbots.dir/playerbot/BotTests.cpp.o
#13 113.8 [ 14%] Building CXX object src/realmd/CMakeFiles/realmd.dir/RealmList.cpp.o
#13 116.5 [ 14%] Linking CXX executable realmd
#13 116.7 [ 14%] Built target realmd
#13 116.8 [ 14%] Building CXX object contrib/mmap/CMakeFiles/mmaplib.dir/src/IntermediateValues.cpp.o
#13 117.0 [ 15%] Building CXX object src/modules/PlayerBots/CMakeFiles/playerbots.dir/playerbot/BroadcastHelper.cpp.o
#13 118.8 [ 15%] Building CXX object contrib/mmap/CMakeFiles/mmaplib.dir/src/MapBuilder.cpp.o
#13 122.3 [ 15%] Building CXX object src/modules/PlayerBots/CMakeFiles/playerbots.dir/playerbot/ChatFilter.cpp.o
#13 128.3 [ 15%] Building CXX object src/modules/PlayerBots/CMakeFiles/playerbots.dir/playerbot/ChatHelper.cpp.o
#13 128.5 [ 15%] Building CXX object contrib/mmap/CMakeFiles/mmaplib.dir/src/TerrainBuilder.cpp.o
#13 134.8 [ 15%] Building CXX object contrib/mmap/CMakeFiles/mmaplib.dir/src/VMapExtensions.cpp.o
#13 136.7 [ 16%] Linking CXX static library libmmaplib.a
#13 136.7 [ 16%] Built target mmaplib
#13 136.8 [ 16%] Building CXX object contrib/mmap/CMakeFiles/MoveMapGen.dir/src/generator.cpp.o
#13 138.8 [ 16%] Building CXX object src/modules/PlayerBots/CMakeFiles/playerbots.dir/playerbot/FleeManager.cpp.o
#13 139.7 [ 16%] Building CXX object contrib/mmap/CMakeFiles/MoveMapGen.dir/src/IntermediateValues.cpp.o
#13 141.7 [ 17%] Building CXX object contrib/mmap/CMakeFiles/MoveMapGen.dir/src/MapBuilder.cpp.o
#13 142.9 [ 17%] Building CXX object src/modules/PlayerBots/CMakeFiles/playerbots.dir/playerbot/GuidPosition.cpp.o
#13 150.3 [ 17%] Building CXX object src/modules/PlayerBots/CMakeFiles/playerbots.dir/playerbot/Helpers.cpp.o
#13 151.4 [ 17%] Building CXX object contrib/mmap/CMakeFiles/MoveMapGen.dir/src/TerrainBuilder.cpp.o
#13 153.6 [ 17%] Building CXX object src/modules/PlayerBots/CMakeFiles/playerbots.dir/playerbot/LootObjectStack.cpp.o
#13 157.7 [ 17%] Building CXX object contrib/mmap/CMakeFiles/MoveMapGen.dir/src/VMapExtensions.cpp.o
#13 159.6 [ 17%] Linking CXX executable MoveMapGen
#13 159.9 [ 17%] Built target MoveMapGen
#13 159.9 [ 17%] Building CXX object src/modules/PlayerBots/CMakeFiles/playerbots.dir/playerbot/MemoryMonitor.cpp.o
#13 161.8 [ 17%] Building CXX object src/modules/PlayerBots/CMakeFiles/playerbots.dir/playerbot/PerformanceMonitor.cpp.o
#13 164.1 In file included from /usr/include/c++/12/string:40,
#13 164.1                  from /src/mangos-classic/src/shared/Common.h:40,
#13 164.1                  from /src/mangos-classic/src/game/Server/WorldSocket.h:28,
#13 164.1                  from /src/mangos-classic/src/modules/PlayerBots/botpch.h:2,
#13 164.1                  from /src/mangos-classic/build/src/modules/PlayerBots/CMakeFiles/playerbots.dir/cmake_pch.hxx:5,
#13 164.1                  from <command-line>:
#13 164.1 In static member function 'static constexpr std::char_traits<char>::char_type* std::char_traits<char>::copy(char_type*, const char_type*, std::size_t)',
#13 164.1     inlined from 'static constexpr void std::__cxx11::basic_string<_CharT, _Traits, _Alloc>::_S_copy(_CharT*, const _CharT*, size_type) [with _CharT = char; _Traits = std::char_traits<char>; _Alloc = std::allocator<char>]' at /usr/include/c++/12/bits/basic_string.h:431:21,
#13 164.1     inlined from 'constexpr std::__cxx11::basic_string<_CharT, _Traits, _Allocator>& std::__cxx11::basic_string<_CharT, _Traits, _Alloc>::_M_replace(size_type, size_type, const _CharT*, size_type) [with _CharT = char; _Traits = std::char_traits<char>; _Alloc = std::allocator<char>]' at /usr/include/c++/12/bits/basic_string.tcc:532:22,
#13 164.1     inlined from 'constexpr std::__cxx11::basic_string<_CharT, _Traits, _Alloc>& std::__cxx11::basic_string<_CharT, _Traits, _Alloc>::replace(size_type, size_type, const _CharT*, size_type) [with _CharT = char; _Traits = std::char_traits<char>; _Alloc = std::allocator<char>]' at /usr/include/c++/12/bits/basic_string.h:2179:19,
#13 164.1     inlined from 'constexpr std::__cxx11::basic_string<_CharT, _Traits, _Alloc>& std::__cxx11::basic_string<_CharT, _Traits, _Alloc>::insert(size_type, const _CharT*) [with _CharT = char; _Traits = std::char_traits<char>; _Alloc = std::allocator<char>]' at /usr/include/c++/12/bits/basic_string.h:1936:22,
#13 164.1     inlined from 'constexpr std::__cxx11::basic_string<_CharT, _Traits, _Allocator> std::operator+(const _CharT*, __cxx11::basic_string<_CharT, _Traits, _Allocator>&&) [with _CharT = char; _Traits = char_traits<char>; _Alloc = allocator<char>]' at /usr/include/c++/12/bits/basic_string.h:3549:36,
#13 164.1     inlined from 'void MemoryMonitor::LogCount(std::string)' at /src/mangos-classic/src/modules/PlayerBots/playerbot/MemoryMonitor.cpp:128:17:
#13 164.1 /usr/include/c++/12/bits/char_traits.h:435:56: warning: 'void* __builtin_memcpy(void*, const void*, long unsigned int)' specified bound between 9223372036854775810 and 18446744073709551615 exceeds maximum object size 9223372036854775807 [-Wstringop-overflow=]
#13 164.1   435 |         return static_cast<char_type*>(__builtin_memcpy(__s1, __s2, __n));
#13 164.1       |                                        ~~~~~~~~~~~~~~~~^~~~~~~~~~~~~~~~~
#13 164.1 In static member function 'static constexpr std::char_traits<char>::char_type* std::char_traits<char>::copy(char_type*, const char_type*, std::size_t)',
#13 164.1     inlined from 'static constexpr void std::__cxx11::basic_string<_CharT, _Traits, _Alloc>::_S_copy(_CharT*, const _CharT*, size_type) [with _CharT = char; _Traits = std::char_traits<char>; _Alloc = std::allocator<char>]' at /usr/include/c++/12/bits/basic_string.h:431:21,
#13 164.1     inlined from 'constexpr std::__cxx11::basic_string<_CharT, _Traits, _Allocator>& std::__cxx11::basic_string<_CharT, _Traits, _Alloc>::_M_replace(size_type, size_type, const _CharT*, size_type) [with _CharT = char; _Traits = std::char_traits<char>; _Alloc = std::allocator<char>]' at /usr/include/c++/12/bits/basic_string.tcc:532:22,
#13 164.1     inlined from 'constexpr std::__cxx11::basic_string<_CharT, _Traits, _Alloc>& std::__cxx11::basic_string<_CharT, _Traits, _Alloc>::replace(size_type, size_type, const _CharT*, size_type) [with _CharT = char; _Traits = std::char_traits<char>; _Alloc = std::allocator<char>]' at /usr/include/c++/12/bits/basic_string.h:2179:19,
#13 164.1     inlined from 'constexpr std::__cxx11::basic_string<_CharT, _Traits, _Alloc>& std::__cxx11::basic_string<_CharT, _Traits, _Alloc>::insert(size_type, const _CharT*) [with _CharT = char; _Traits = std::char_traits<char>; _Alloc = std::allocator<char>]' at /usr/include/c++/12/bits/basic_string.h:1936:22,
#13 164.1     inlined from 'constexpr std::__cxx11::basic_string<_CharT, _Traits, _Allocator> std::operator+(const _CharT*, __cxx11::basic_string<_CharT, _Traits, _Allocator>&&) [with _CharT = char; _Traits = char_traits<char>; _Alloc = allocator<char>]' at /usr/include/c++/12/bits/basic_string.h:3549:36,
#13 164.1     inlined from 'void MemoryMonitor::LogCount(std::string)' at /src/mangos-classic/src/modules/PlayerBots/playerbot/MemoryMonitor.cpp:138:21:
#13 164.1 /usr/include/c++/12/bits/char_traits.h:435:56: warning: 'void* __builtin_memcpy(void*, const void*, long unsigned int)' specified bound between 9223372036854775810 and 18446744073709551615 exceeds maximum object size 9223372036854775807 [-Wstringop-overflow=]
#13 164.1   435 |         return static_cast<char_type*>(__builtin_memcpy(__s1, __s2, __n));
#13 164.1       |                                        ~~~~~~~~~~~~~~~~^~~~~~~~~~~~~~~~~
#13 165.5 [ 17%] Building CXX object src/modules/PlayerBots/CMakeFiles/playerbots.dir/playerbot/PlayerbotAI.cpp.o
#13 167.2 [ 18%] Building CXX object src/modules/PlayerBots/CMakeFiles/playerbots.dir/playerbot/PlayerbotAIBase.cpp.o
#13 170.5 [ 18%] Building CXX object src/modules/PlayerBots/CMakeFiles/playerbots.dir/playerbot/PlayerbotAIConfig.cpp.o
#13 184.8 [ 18%] Building CXX object src/modules/PlayerBots/CMakeFiles/playerbots.dir/playerbot/PlayerbotCommandServer.cpp.o
#13 185.0 [ 18%] Building CXX object src/modules/PlayerBots/CMakeFiles/playerbots.dir/playerbot/PlayerbotDbStore.cpp.o
#13 189.0 [ 18%] Building CXX object src/modules/PlayerBots/CMakeFiles/playerbots.dir/playerbot/PlayerbotFactory.cpp.o
#13 190.5 [ 18%] Building CXX object src/modules/PlayerBots/CMakeFiles/playerbots.dir/playerbot/PlayerbotHelpMgr.cpp.o
#13 194.7 [ 18%] Building CXX object src/modules/PlayerBots/CMakeFiles/playerbots.dir/playerbot/PlayerbotLLMInterface.cpp.o
#13 197.6 [ 18%] Building CXX object src/modules/PlayerBots/CMakeFiles/playerbots.dir/playerbot/PlayerbotLoginMgr.cpp.o
#13 202.8 [ 18%] Building CXX object src/modules/PlayerBots/CMakeFiles/playerbots.dir/playerbot/PlayerbotMgr.cpp.o
#13 204.3 [ 18%] Building CXX object src/modules/PlayerBots/CMakeFiles/playerbots.dir/playerbot/PlayerbotSecurity.cpp.o
#13 208.2 [ 18%] Building CXX object src/modules/PlayerBots/CMakeFiles/playerbots.dir/playerbot/PlayerbotTextMgr.cpp.o
#13 212.7 [ 19%] Building CXX object src/modules/PlayerBots/CMakeFiles/playerbots.dir/playerbot/RandomItemMgr.cpp.o
#13 217.2 [ 19%] Building CXX object src/modules/PlayerBots/CMakeFiles/playerbots.dir/playerbot/RandomPlayerbotFactory.cpp.o
#13 224.1 [ 19%] Building CXX object src/modules/PlayerBots/CMakeFiles/playerbots.dir/playerbot/RandomPlayerbotMgr.cpp.o
#13 225.9 [ 19%] Building CXX object src/modules/PlayerBots/CMakeFiles/playerbots.dir/playerbot/ServerFacade.cpp.o
#13 229.3 [ 19%] Building CXX object src/modules/PlayerBots/CMakeFiles/playerbots.dir/playerbot/Talentspec.cpp.o
#13 234.2 [ 19%] Building CXX object src/modules/PlayerBots/CMakeFiles/playerbots.dir/playerbot/TravelMgr.cpp.o
#13 246.9 [ 19%] Building CXX object src/modules/PlayerBots/CMakeFiles/playerbots.dir/playerbot/TravelNode.cpp.o
#13 251.2 [ 19%] Building CXX object src/modules/PlayerBots/CMakeFiles/playerbots.dir/playerbot/WorldPosition.cpp.o
#13 259.1 [ 19%] Building CXX object src/modules/PlayerBots/CMakeFiles/playerbots.dir/playerbot/WorldSquare.cpp.o
#13 264.8 [ 19%] Building CXX object src/modules/PlayerBots/CMakeFiles/playerbots.dir/ahbot/AhBot.cpp.o
#13 268.5 [ 19%] Building CXX object src/modules/PlayerBots/CMakeFiles/playerbots.dir/ahbot/AhBotConfig.cpp.o
#13 271.2 [ 20%] Building CXX object src/modules/PlayerBots/CMakeFiles/playerbots.dir/ahbot/Category.cpp.o
#13 271.8 [ 20%] Building CXX object src/modules/PlayerBots/CMakeFiles/playerbots.dir/ahbot/ConsumableCategory.cpp.o
#13 274.9 [ 20%] Building CXX object src/modules/PlayerBots/CMakeFiles/playerbots.dir/ahbot/ItemBag.cpp.o
#13 275.1 [ 20%] Building CXX object src/modules/PlayerBots/CMakeFiles/playerbots.dir/ahbot/PricingStrategy.cpp.o
#13 279.0 [ 20%] Building CXX object src/modules/PlayerBots/CMakeFiles/playerbots.dir/ahbot/TradeCategory.cpp.o
#13 279.6 [ 20%] Building CXX object src/modules/PlayerBots/CMakeFiles/playerbots.dir/botpch.cpp.o
#13 282.6 [ 20%] Building CXX object src/modules/PlayerBots/CMakeFiles/playerbots.dir/playerbot/strategy/Action.cpp.o
#13 282.9 [ 20%] Building CXX object src/modules/PlayerBots/CMakeFiles/playerbots.dir/playerbot/strategy/ActionBasket.cpp.o
#13 285.9 [ 20%] Building CXX object src/modules/PlayerBots/CMakeFiles/playerbots.dir/playerbot/strategy/AiObject.cpp.o
#13 285.9 [ 20%] Building CXX object src/modules/PlayerBots/CMakeFiles/playerbots.dir/playerbot/strategy/AiObjectContext.cpp.o
#13 289.0 [ 21%] Building CXX object src/modules/PlayerBots/CMakeFiles/playerbots.dir/playerbot/strategy/CustomStrategy.cpp.o
#13 296.4 [ 21%] Building CXX object src/modules/PlayerBots/CMakeFiles/playerbots.dir/playerbot/strategy/Engine.cpp.o
#13 301.7 [ 21%] Building CXX object src/modules/PlayerBots/CMakeFiles/playerbots.dir/playerbot/strategy/Event.cpp.o
#13 304.8 [ 21%] Building CXX object src/modules/PlayerBots/CMakeFiles/playerbots.dir/playerbot/strategy/Multiplier.cpp.o
#13 307.8 [ 21%] Building CXX object src/modules/PlayerBots/CMakeFiles/playerbots.dir/playerbot/strategy/PassiveMultiplier.cpp.o
#13 311.0 [ 21%] Building CXX object src/modules/PlayerBots/CMakeFiles/playerbots.dir/playerbot/strategy/Queue.cpp.o
#13 314.6 [ 21%] Building CXX object src/modules/PlayerBots/CMakeFiles/playerbots.dir/playerbot/strategy/ReactionEngine.cpp.o
#13 318.5 [ 21%] Building CXX object src/modules/PlayerBots/CMakeFiles/playerbots.dir/playerbot/strategy/Strategy.cpp.o
#13 322.3 [ 21%] Building CXX object src/modules/PlayerBots/CMakeFiles/playerbots.dir/playerbot/strategy/Trigger.cpp.o
#13 325.8 [ 21%] Building CXX object src/modules/PlayerBots/CMakeFiles/playerbots.dir/playerbot/strategy/Value.cpp.o
#13 329.7 [ 21%] Building CXX object src/modules/PlayerBots/CMakeFiles/playerbots.dir/playerbot/strategy/actions/AcceptQuestAction.cpp.o
#13 333.6 [ 22%] Building CXX object src/modules/PlayerBots/CMakeFiles/playerbots.dir/playerbot/strategy/actions/AddLootAction.cpp.o
#13 338.8 [ 22%] Building CXX object src/modules/PlayerBots/CMakeFiles/playerbots.dir/playerbot/strategy/actions/AhAction.cpp.o
#13 344.6 [ 22%] Building CXX object src/modules/PlayerBots/CMakeFiles/playerbots.dir/playerbot/strategy/actions/AreaTriggerAction.cpp.o
#13 348.7 [ 22%] Building CXX object src/modules/PlayerBots/CMakeFiles/playerbots.dir/playerbot/strategy/actions/ArenaTeamActions.cpp.o
#13 351.8 [ 22%] Building CXX object src/modules/PlayerBots/CMakeFiles/playerbots.dir/playerbot/strategy/actions/AttackAction.cpp.o
#13 353.9 [ 22%] Building CXX object src/modules/PlayerBots/CMakeFiles/playerbots.dir/playerbot/strategy/actions/AutoCompleteQuestAction.cpp.o
#13 356.7 [ 22%] Building CXX object src/modules/PlayerBots/CMakeFiles/playerbots.dir/playerbot/strategy/actions/AutoLearnSpellAction.cpp.o
#13 357.7 [ 22%] Building CXX object src/modules/PlayerBots/CMakeFiles/playerbots.dir/playerbot/strategy/actions/AvoidCreatureListAction.cpp.o
#13 361.3 [ 22%] Building CXX object src/modules/PlayerBots/CMakeFiles/playerbots.dir/playerbot/strategy/actions/BankAction.cpp.o
#13 362.0 [ 22%] Building CXX object src/modules/PlayerBots/CMakeFiles/playerbots.dir/playerbot/strategy/actions/BattleGroundJoinAction.cpp.o
#13 366.4 [ 23%] Building CXX object src/modules/PlayerBots/CMakeFiles/playerbots.dir/playerbot/strategy/actions/BattleGroundTactics.cpp.o
#13 368.2 [ 23%] Building CXX object src/modules/PlayerBots/CMakeFiles/playerbots.dir/playerbot/strategy/actions/BattleGroundTacticsAV.cpp.o
#13 373.4 [ 23%] Building CXX object src/modules/PlayerBots/CMakeFiles/playerbots.dir/playerbot/strategy/actions/BotStateActions.cpp.o
#13 374.6 [ 23%] Building CXX object src/modules/PlayerBots/CMakeFiles/playerbots.dir/playerbot/strategy/actions/BuffAction.cpp.o
#13 376.9 [ 23%] Building CXX object src/modules/PlayerBots/CMakeFiles/playerbots.dir/playerbot/strategy/actions/BuyAction.cpp.o
#13 379.0 [ 23%] Building CXX object src/modules/PlayerBots/CMakeFiles/playerbots.dir/playerbot/strategy/actions/BuyGuildBankTabAction.cpp.o
#13 382.6 [ 23%] Building CXX object src/modules/PlayerBots/CMakeFiles/playerbots.dir/playerbot/strategy/actions/CastCustomSpellAction.cpp.o
#13 383.0 [ 23%] Building CXX object src/modules/PlayerBots/CMakeFiles/playerbots.dir/playerbot/strategy/actions/ChangeChatAction.cpp.o
#13 387.0 [ 23%] Building CXX object src/modules/PlayerBots/CMakeFiles/playerbots.dir/playerbot/strategy/actions/ChangeStrategyAction.cpp.o
#13 388.6 [ 23%] Building CXX object src/modules/PlayerBots/CMakeFiles/playerbots.dir/playerbot/strategy/actions/ChangeTalentsAction.cpp.o
#13 391.2 [ 23%] Building CXX object src/modules/PlayerBots/CMakeFiles/playerbots.dir/playerbot/strategy/actions/ChatShortcutActions.cpp.o
#13 393.6 [ 24%] Building CXX object src/modules/PlayerBots/CMakeFiles/playerbots.dir/playerbot/strategy/actions/CheatAction.cpp.o
#13 396.6 [ 24%] Building CXX object src/modules/PlayerBots/CMakeFiles/playerbots.dir/playerbot/strategy/actions/CheckMailAction.cpp.o
#13 398.0 [ 24%] Building CXX object src/modules/PlayerBots/CMakeFiles/playerbots.dir/playerbot/strategy/actions/CheckMountStateAction.cpp.o
#13 400.2 [ 24%] Building CXX object src/modules/PlayerBots/CMakeFiles/playerbots.dir/playerbot/strategy/actions/CheckValuesAction.cpp.o
#13 404.8 [ 24%] Building CXX object src/modules/PlayerBots/CMakeFiles/playerbots.dir/playerbot/strategy/actions/ChooseRpgTargetAction.cpp.o
#13 405.2 [ 24%] Building CXX object src/modules/PlayerBots/CMakeFiles/playerbots.dir/playerbot/strategy/actions/ChooseTargetActions.cpp.o
#13 410.4 In file included from /usr/include/c++/12/string:40,
#13 410.4                  from /src/mangos-classic/src/shared/Common.h:40,
#13 410.4                  from /src/mangos-classic/src/game/Server/WorldSocket.h:28,
#13 410.4                  from /src/mangos-classic/src/modules/PlayerBots/botpch.h:2,
#13 410.4                  from /src/mangos-classic/build/src/modules/PlayerBots/CMakeFiles/playerbots.dir/cmake_pch.hxx:5,
#13 410.4                  from <command-line>:
#13 410.4 In static member function 'static constexpr std::char_traits<char>::char_type* std::char_traits<char>::copy(char_type*, const char_type*, std::size_t)',
#13 410.4     inlined from 'constexpr std::__cxx11::basic_string<_CharT, _Traits, _Alloc>::basic_string(std::__cxx11::basic_string<_CharT, _Traits, _Alloc>&&) [with _CharT = char; _Traits = std::char_traits<char>; _Alloc = std::allocator<char>]' at /usr/include/c++/12/bits/basic_string.h:683:23,
#13 410.4     inlined from 'constexpr std::__cxx11::basic_string<_CharT, _Traits, _Allocator> std::operator+(__cxx11::basic_string<_CharT, _Traits, _Allocator>&&, const __cxx11::basic_string<_CharT, _Traits, _Allocator>&) [with _CharT = char; _Traits = char_traits<char>; _Alloc = allocator<char>]' at /usr/include/c++/12/bits/basic_string.h:3512:43,
#13 410.4     inlined from 'ai::Value<T>* ai::AiObjectContext::GetValue(const std::string&, const std::string&) [with T = unsigned int]' at /src/mangos-classic/src/modules/PlayerBots/playerbot/strategy/AiObjectContext.h:40:31,
#13 410.4     inlined from 'virtual bool ai::AttackAnythingAction::Execute(ai::Event&)' at /src/mangos-classic/src/modules/PlayerBots/playerbot/strategy/actions/ChooseTargetActions.cpp:65:160:
#13 410.4 /usr/include/c++/12/bits/char_traits.h:435:56: warning: 'void* __builtin_memcpy(void*, const void*, long unsigned int)' writing 17 bytes into a region of size 16 overflows the destination [-Wstringop-overflow=]
#13 410.4   435 |         return static_cast<char_type*>(__builtin_memcpy(__s1, __s2, __n));
#13 410.4       |                                        ~~~~~~~~~~~~~~~~^~~~~~~~~~~~~~~~~
#13 410.4 In file included from /src/mangos-classic/src/modules/PlayerBots/playerbot/PlayerbotAI.h:4,
#13 410.4                  from /src/mangos-classic/src/modules/PlayerBots/playerbot/playerbot.h:24,
#13 410.4                  from /src/mangos-classic/src/modules/PlayerBots/botpch.h:54:
#13 410.4 /src/mangos-classic/src/modules/PlayerBots/playerbot/strategy/AiObjectContext.h: In member function 'virtual bool ai::AttackAnythingAction::Execute(ai::Event&)':
#13 410.4 /src/mangos-classic/src/modules/PlayerBots/playerbot/strategy/AiObjectContext.h:40:58: note: at offset 16 into destination object '<anonymous>' of size 32
#13 410.4    40 |             return GetValue<T>((std::string(name) + "::" + param));
#13 410.4       |                                ~~~~~~~~~~~~~~~~~~~~~~~~~~^~~~~~~~
#13 410.9 [ 24%] Building CXX object src/modules/PlayerBots/CMakeFiles/playerbots.dir/playerbot/strategy/actions/ChooseTravelTargetAction.cpp.o
#13 412.6 [ 24%] Building CXX object src/modules/PlayerBots/CMakeFiles/playerbots.dir/playerbot/strategy/actions/CombatActions.cpp.o
#13 416.6 [ 24%] Building CXX object src/modules/PlayerBots/CMakeFiles/playerbots.dir/playerbot/strategy/actions/CustomStrategyEditAction.cpp.o
#13 420.9 [ 24%] Building CXX object src/modules/PlayerBots/CMakeFiles/playerbots.dir/playerbot/strategy/actions/DebugAction.cpp.o
#13 429.6 [ 24%] Building CXX object src/modules/PlayerBots/CMakeFiles/playerbots.dir/playerbot/strategy/actions/DestroyItemAction.cpp.o
#13 434.9 [ 25%] Building CXX object src/modules/PlayerBots/CMakeFiles/playerbots.dir/playerbot/strategy/actions/DropQuestAction.cpp.o
#13 439.4 [ 25%] Building CXX object src/modules/PlayerBots/CMakeFiles/playerbots.dir/playerbot/strategy/actions/DungeonActions.cpp.o
#13 444.1 [ 25%] Building CXX object src/modules/PlayerBots/CMakeFiles/playerbots.dir/playerbot/strategy/actions/EmoteAction.cpp.o
#13 445.8 [ 25%] Building CXX object src/modules/PlayerBots/CMakeFiles/playerbots.dir/playerbot/strategy/actions/EquipAction.cpp.o
#13 449.1 [ 25%] Building CXX object src/modules/PlayerBots/CMakeFiles/playerbots.dir/playerbot/strategy/actions/FactionAction.cpp.o
#13 451.8 [ 25%] Building CXX object src/modules/PlayerBots/CMakeFiles/playerbots.dir/playerbot/strategy/actions/FishAction.cpp.o
#13 453.4 [ 25%] Building CXX object src/modules/PlayerBots/CMakeFiles/playerbots.dir/playerbot/strategy/actions/FlagAction.cpp.o
#13 457.4 [ 25%] Building CXX object src/modules/PlayerBots/CMakeFiles/playerbots.dir/playerbot/strategy/actions/FollowActions.cpp.o
#13 458.7 [ 25%] Building CXX object src/modules/PlayerBots/CMakeFiles/playerbots.dir/playerbot/strategy/actions/GenericActions.cpp.o
#13 462.9 [ 25%] Building CXX object src/modules/PlayerBots/CMakeFiles/playerbots.dir/playerbot/strategy/actions/GenericSpellActions.cpp.o
#13 464.4 [ 26%] Building CXX object src/modules/PlayerBots/CMakeFiles/playerbots.dir/playerbot/strategy/actions/GiveItemAction.cpp.o
#13 468.4 [ 26%] Building CXX object src/modules/PlayerBots/CMakeFiles/playerbots.dir/playerbot/strategy/actions/GlyphAction.cpp.o
#13 468.6 [ 26%] Building CXX object src/modules/PlayerBots/CMakeFiles/playerbots.dir/playerbot/strategy/actions/GoAction.cpp.o
#13 473.5 [ 26%] Building CXX object src/modules/PlayerBots/CMakeFiles/playerbots.dir/playerbot/strategy/actions/GossipHelloAction.cpp.o
#13 476.7 [ 26%] Building CXX object src/modules/PlayerBots/CMakeFiles/playerbots.dir/playerbot/strategy/actions/GreetAction.cpp.o
#13 477.6 [ 26%] Building CXX object src/modules/PlayerBots/CMakeFiles/playerbots.dir/playerbot/strategy/actions/GuildAcceptAction.cpp.o
#13 481.1 [ 26%] Building CXX object src/modules/PlayerBots/CMakeFiles/playerbots.dir/playerbot/strategy/actions/GuildAcceptQuestOrderAction.cpp.o
#13 481.5 [ 26%] Building CXX object src/modules/PlayerBots/CMakeFiles/playerbots.dir/playerbot/strategy/actions/GuildBankAction.cpp.o
#13 485.2 [ 26%] Building CXX object src/modules/PlayerBots/CMakeFiles/playerbots.dir/playerbot/strategy/actions/GuildCraftOrderAction.cpp.o
#13 485.6 [ 26%] Building CXX object src/modules/PlayerBots/CMakeFiles/playerbots.dir/playerbot/strategy/actions/GuildCreateActions.cpp.o
#13 489.4 [ 26%] Building CXX object src/modules/PlayerBots/CMakeFiles/playerbots.dir/playerbot/strategy/actions/GuildManagementActions.cpp.o
#13 492.1 [ 27%] Building CXX object src/modules/PlayerBots/CMakeFiles/playerbots.dir/playerbot/strategy/actions/GuildShareAhBuyAction.cpp.o
#13 494.9 [ 27%] Building CXX object src/modules/PlayerBots/CMakeFiles/playerbots.dir/playerbot/strategy/actions/GuildShareItemAction.cpp.o
#13 496.3 [ 27%] Building CXX object src/modules/PlayerBots/CMakeFiles/playerbots.dir/playerbot/strategy/actions/HelpAction.cpp.o
#13 498.6 [ 27%] Building CXX object src/modules/PlayerBots/CMakeFiles/playerbots.dir/playerbot/strategy/actions/HireAction.cpp.o
#13 502.3 [ 27%] Building CXX object src/modules/PlayerBots/CMakeFiles/playerbots.dir/playerbot/strategy/actions/HonorGainAction.cpp.o
#13 505.9 [ 27%] Building CXX object src/modules/PlayerBots/CMakeFiles/playerbots.dir/playerbot/strategy/actions/ImbueAction.cpp.o
#13 508.4 [ 27%] Building CXX object src/modules/PlayerBots/CMakeFiles/playerbots.dir/playerbot/strategy/actions/InventoryChangeFailureAction.cpp.o
#13 510.4 [ 27%] Building CXX object src/modules/PlayerBots/CMakeFiles/playerbots.dir/playerbot/strategy/actions/InviteToGroupAction.cpp.o
#13 512.2 [ 27%] Building CXX object src/modules/PlayerBots/CMakeFiles/playerbots.dir/playerbot/strategy/actions/KarazhanDungeonActions.cpp.o
#13 516.2 [ 27%] Building CXX object src/modules/PlayerBots/CMakeFiles/playerbots.dir/playerbot/strategy/actions/KeepItemAction.cpp.o
#13 516.3 [ 28%] Building CXX object src/modules/PlayerBots/CMakeFiles/playerbots.dir/playerbot/strategy/actions/LeaveGroupAction.cpp.o
#13 520.7 [ 28%] Building CXX object src/modules/PlayerBots/CMakeFiles/playerbots.dir/playerbot/strategy/actions/LfgActions.cpp.o
#13 521.4 [ 28%] Building CXX object src/modules/PlayerBots/CMakeFiles/playerbots.dir/playerbot/strategy/actions/ListQuestsActions.cpp.o
#13 526.1 [ 28%] Building CXX object src/modules/PlayerBots/CMakeFiles/playerbots.dir/playerbot/strategy/actions/ListSpellsAction.cpp.o
#13 528.3 [ 28%] Building CXX object src/modules/PlayerBots/CMakeFiles/playerbots.dir/playerbot/strategy/actions/LogLevelAction.cpp.o
#13 530.8 [ 28%] Building CXX object src/modules/PlayerBots/CMakeFiles/playerbots.dir/playerbot/strategy/actions/LootAction.cpp.o
#13 532.3 [ 28%] Building CXX object src/modules/PlayerBots/CMakeFiles/playerbots.dir/playerbot/strategy/actions/LootRollAction.cpp.o
#13 538.0 [ 28%] Building CXX object src/modules/PlayerBots/CMakeFiles/playerbots.dir/playerbot/strategy/actions/LootStrategyAction.cpp.o
#13 540.1 [ 28%] Building CXX object src/modules/PlayerBots/CMakeFiles/playerbots.dir/playerbot/strategy/actions/MailAction.cpp.o
#13 542.7 [ 28%] Building CXX object src/modules/PlayerBots/CMakeFiles/playerbots.dir/playerbot/strategy/actions/MechanarDungeonActions.cpp.o
#13 545.9 [ 28%] Building CXX object src/modules/PlayerBots/CMakeFiles/playerbots.dir/playerbot/strategy/actions/MoltenCoreDungeonActions.cpp.o
#13 546.5 [ 29%] Building CXX object src/modules/PlayerBots/CMakeFiles/playerbots.dir/playerbot/strategy/actions/MoveStyleAction.cpp.o
#13 549.6 [ 29%] Building CXX object src/modules/PlayerBots/CMakeFiles/playerbots.dir/playerbot/strategy/actions/MoveToRpgTargetAction.cpp.o
#13 550.6 [ 29%] Building CXX object src/modules/PlayerBots/CMakeFiles/playerbots.dir/playerbot/strategy/actions/MoveToTravelTargetAction.cpp.o
#13 555.6 [ 29%] Building CXX object src/modules/PlayerBots/CMakeFiles/playerbots.dir/playerbot/strategy/actions/MovementActions.cpp.o
#13 556.9 [ 29%] Building CXX object src/modules/PlayerBots/CMakeFiles/playerbots.dir/playerbot/strategy/actions/NaxxramasDungeonActions.cpp.o
#13 560.6 [ 29%] Building CXX object src/modules/PlayerBots/CMakeFiles/playerbots.dir/playerbot/strategy/actions/OnyxiasLairDungeonActions.cpp.o
#13 564.2 [ 29%] Building CXX object src/modules/PlayerBots/CMakeFiles/playerbots.dir/playerbot/strategy/actions/OutfitAction.cpp.o
#13 564.7 [ 29%] Building CXX object src/modules/PlayerBots/CMakeFiles/playerbots.dir/playerbot/strategy/actions/PetitionSignAction.cpp.o
#13 567.9 [ 29%] Building CXX object src/modules/PlayerBots/CMakeFiles/playerbots.dir/playerbot/strategy/actions/PositionAction.cpp.o
#13 569.1 [ 29%] Building CXX object src/modules/PlayerBots/CMakeFiles/playerbots.dir/playerbot/strategy/actions/PullActions.cpp.o
#13 573.4 [ 29%] Building CXX object src/modules/PlayerBots/CMakeFiles/playerbots.dir/playerbot/strategy/actions/QueryItemUsageAction.cpp.o
#13 574.1 [ 30%] Building CXX object src/modules/PlayerBots/CMakeFiles/playerbots.dir/playerbot/strategy/actions/QueryQuestAction.cpp.o
#13 578.8 [ 30%] Building CXX object src/modules/PlayerBots/CMakeFiles/playerbots.dir/playerbot/strategy/actions/QuestAction.cpp.o
#13 579.0 [ 30%] Building CXX object src/modules/PlayerBots/CMakeFiles/playerbots.dir/playerbot/strategy/actions/QuestRewardActions.cpp.o
#13 583.8 [ 30%] Building CXX object src/modules/PlayerBots/CMakeFiles/playerbots.dir/playerbot/strategy/actions/RangeAction.cpp.o
#13 584.1 [ 30%] Building CXX object src/modules/PlayerBots/CMakeFiles/playerbots.dir/playerbot/strategy/actions/ReadyCheckAction.cpp.o
#13 588.7 [ 30%] Building CXX object src/modules/PlayerBots/CMakeFiles/playerbots.dir/playerbot/strategy/actions/RememberTaxiAction.cpp.o
#13 588.8 [ 30%] Building CXX object src/modules/PlayerBots/CMakeFiles/playerbots.dir/playerbot/strategy/actions/RemoveAuraAction.cpp.o
#13 592.1 [ 30%] Building CXX object src/modules/PlayerBots/CMakeFiles/playerbots.dir/playerbot/strategy/actions/RepairAllAction.cpp.o
#13 592.6 [ 30%] Building CXX object src/modules/PlayerBots/CMakeFiles/playerbots.dir/playerbot/strategy/actions/ResetAiAction.cpp.o
#13 596.7 [ 30%] Building CXX object src/modules/PlayerBots/CMakeFiles/playerbots.dir/playerbot/strategy/actions/ResetInstancesAction.cpp.o
#13 597.1 [ 31%] Building CXX object src/modules/PlayerBots/CMakeFiles/playerbots.dir/playerbot/strategy/actions/RevealGatheringItemAction.cpp.o
#13 599.8 [ 31%] Building CXX object src/modules/PlayerBots/CMakeFiles/playerbots.dir/playerbot/strategy/actions/ReviveFromCorpseAction.cpp.o
#13 601.3 [ 31%] Building CXX object src/modules/PlayerBots/CMakeFiles/playerbots.dir/playerbot/strategy/actions/RewardAction.cpp.o
#13 605.6 [ 31%] Building CXX object src/modules/PlayerBots/CMakeFiles/playerbots.dir/playerbot/strategy/actions/RpgAction.cpp.o
#13 605.9 [ 31%] Building CXX object src/modules/PlayerBots/CMakeFiles/playerbots.dir/playerbot/strategy/actions/RpgSubActions.cpp.o
#13 612.5 [ 31%] Building CXX object src/modules/PlayerBots/CMakeFiles/playerbots.dir/playerbot/strategy/actions/RtiAction.cpp.o
#13 618.0 [ 31%] Building CXX object src/modules/PlayerBots/CMakeFiles/playerbots.dir/playerbot/strategy/actions/RtscAction.cpp.o
#13 618.2 [ 31%] Building CXX object src/modules/PlayerBots/CMakeFiles/playerbots.dir/playerbot/strategy/actions/SaveManaAction.cpp.o
#13 622.3 [ 31%] Building CXX object src/modules/PlayerBots/CMakeFiles/playerbots.dir/playerbot/strategy/actions/SayAction.cpp.o
#13 623.2 [ 31%] Building CXX object src/modules/PlayerBots/CMakeFiles/playerbots.dir/playerbot/strategy/actions/SecurityCheckAction.cpp.o
#13 626.2 [ 31%] Building CXX object src/modules/PlayerBots/CMakeFiles/playerbots.dir/playerbot/strategy/actions/SeeSpellAction.cpp.o
#13 632.3 [ 32%] Building CXX object src/modules/PlayerBots/CMakeFiles/playerbots.dir/playerbot/strategy/actions/SellAction.cpp.o
#13 634.2 [ 32%] Building CXX object src/modules/PlayerBots/CMakeFiles/playerbots.dir/playerbot/strategy/actions/SendMailAction.cpp.o
#13 636.9 [ 32%] Building CXX object src/modules/PlayerBots/CMakeFiles/playerbots.dir/playerbot/strategy/actions/SetAvoidAreaAction.cpp.o
#13 638.7 [ 32%] Building CXX object src/modules/PlayerBots/CMakeFiles/playerbots.dir/playerbot/strategy/actions/SetCraftAction.cpp.o
#13 640.6 [ 32%] Building CXX object src/modules/PlayerBots/CMakeFiles/playerbots.dir/playerbot/strategy/actions/SetHomeAction.cpp.o
#13 643.0 [ 32%] Building CXX object src/modules/PlayerBots/CMakeFiles/playerbots.dir/playerbot/strategy/actions/SetValueAction.cpp.o
#13 644.5 [ 32%] Building CXX object src/modules/PlayerBots/CMakeFiles/playerbots.dir/playerbot/strategy/actions/ShareQuestAction.cpp.o
#13 647.5 [ 32%] Building CXX object src/modules/PlayerBots/CMakeFiles/playerbots.dir/playerbot/strategy/actions/SkillAction.cpp.o
#13 648.6 [ 32%] Building CXX object src/modules/PlayerBots/CMakeFiles/playerbots.dir/playerbot/strategy/actions/SkipSpellsListAction.cpp.o
#13 651.7 [ 32%] Building CXX object src/modules/PlayerBots/CMakeFiles/playerbots.dir/playerbot/strategy/actions/StatsAction.cpp.o
#13 652.9 [ 33%] Building CXX object src/modules/PlayerBots/CMakeFiles/playerbots.dir/playerbot/strategy/actions/StayActions.cpp.o
#13 655.7 [ 33%] Building CXX object src/modules/PlayerBots/CMakeFiles/playerbots.dir/playerbot/strategy/actions/SuggestWhatToDoAction.cpp.o
#13 657.2 [ 33%] Building CXX object src/modules/PlayerBots/CMakeFiles/playerbots.dir/playerbot/strategy/actions/TalkToQuestGiverAction.cpp.o
#13 660.6 [ 33%] Building CXX object src/modules/PlayerBots/CMakeFiles/playerbots.dir/playerbot/strategy/actions/TaxiAction.cpp.o
#13 663.0 [ 33%] Building CXX object src/modules/PlayerBots/CMakeFiles/playerbots.dir/playerbot/strategy/actions/TeleportAction.cpp.o
#13 665.3 [ 33%] Building CXX object src/modules/PlayerBots/CMakeFiles/playerbots.dir/playerbot/strategy/actions/TellCastFailedAction.cpp.o
#13 667.2 [ 33%] Building CXX object src/modules/PlayerBots/CMakeFiles/playerbots.dir/playerbot/strategy/actions/TellItemCountAction.cpp.o
#13 669.4 [ 33%] Building CXX object src/modules/PlayerBots/CMakeFiles/playerbots.dir/playerbot/strategy/actions/TellLosAction.cpp.o
#13 671.3 [ 33%] Building CXX object src/modules/PlayerBots/CMakeFiles/playerbots.dir/playerbot/strategy/actions/TellReputationAction.cpp.o
#13 674.5 [ 33%] Building CXX object src/modules/PlayerBots/CMakeFiles/playerbots.dir/playerbot/strategy/actions/TellTargetAction.cpp.o
#13 675.1 [ 33%] Building CXX object src/modules/PlayerBots/CMakeFiles/playerbots.dir/playerbot/strategy/actions/TradeAction.cpp.o
#13 679.0 [ 34%] Building CXX object src/modules/PlayerBots/CMakeFiles/playerbots.dir/playerbot/strategy/actions/TradeStatusAction.cpp.o
#13 679.2 [ 34%] Building CXX object src/modules/PlayerBots/CMakeFiles/playerbots.dir/playerbot/strategy/actions/TrainerAction.cpp.o
#13 683.9 [ 34%] Building CXX object src/modules/PlayerBots/CMakeFiles/playerbots.dir/playerbot/strategy/actions/TravelAction.cpp.o
#13 684.6 [ 34%] Building CXX object src/modules/PlayerBots/CMakeFiles/playerbots.dir/playerbot/strategy/actions/UnequipAction.cpp.o
#13 689.0 [ 34%] Building CXX object src/modules/PlayerBots/CMakeFiles/playerbots.dir/playerbot/strategy/actions/UnstuckAction.cpp.o
#13 689.6 [ 34%] Building CXX object src/modules/PlayerBots/CMakeFiles/playerbots.dir/playerbot/strategy/actions/UpdateGearAction.cpp.o
#13 693.3 [ 34%] Building CXX object src/modules/PlayerBots/CMakeFiles/playerbots.dir/playerbot/strategy/actions/UseConsumableAction.cpp.o
#13 693.4 [ 34%] Building CXX object src/modules/PlayerBots/CMakeFiles/playerbots.dir/playerbot/strategy/actions/UseItemAction.cpp.o
#13 697.8 [ 34%] Building CXX object src/modules/PlayerBots/CMakeFiles/playerbots.dir/playerbot/strategy/actions/UseMeetingStoneAction.cpp.o
#13 700.8 [ 34%] Building CXX object src/modules/PlayerBots/CMakeFiles/playerbots.dir/playerbot/strategy/actions/UseTrinketAction.cpp.o
#13 702.9 [ 34%] Building CXX object src/modules/PlayerBots/CMakeFiles/playerbots.dir/playerbot/strategy/actions/ValueActions.cpp.o
#13 705.0 [ 35%] Building CXX object src/modules/PlayerBots/CMakeFiles/playerbots.dir/playerbot/strategy/actions/VehicleActions.cpp.o
#13 708.2 [ 35%] Building CXX object src/modules/PlayerBots/CMakeFiles/playerbots.dir/playerbot/strategy/actions/WaitForAttackAction.cpp.o
#13 708.6 [ 35%] Building CXX object src/modules/PlayerBots/CMakeFiles/playerbots.dir/playerbot/strategy/actions/WhoAction.cpp.o
#13 713.2 [ 35%] Building CXX object src/modules/PlayerBots/CMakeFiles/playerbots.dir/playerbot/strategy/actions/WorldBuffAction.cpp.o
#13 713.7 [ 35%] Building CXX object src/modules/PlayerBots/CMakeFiles/playerbots.dir/playerbot/strategy/actions/WorldBuffTravelActions.cpp.o
#13 717.2 [ 35%] Building CXX object src/modules/PlayerBots/CMakeFiles/playerbots.dir/playerbot/strategy/actions/WtsAction.cpp.o
#13 720.7 [ 35%] Building CXX object src/modules/PlayerBots/CMakeFiles/playerbots.dir/playerbot/strategy/actions/XpGainAction.cpp.o
#13 721.8 [ 35%] Building CXX object src/modules/PlayerBots/CMakeFiles/playerbots.dir/playerbot/strategy/generic/AttackEnemyPlayersStrategy.cpp.o
#13 725.1 [ 35%] Building CXX object src/modules/PlayerBots/CMakeFiles/playerbots.dir/playerbot/strategy/generic/AvoidMobsStrategy.cpp.o
#13 725.4 [ 35%] Building CXX object src/modules/PlayerBots/CMakeFiles/playerbots.dir/playerbot/strategy/generic/BattlegroundStrategy.cpp.o
#13 728.7 [ 36%] Building CXX object src/modules/PlayerBots/CMakeFiles/playerbots.dir/playerbot/strategy/generic/BlackwingLairDungeonStrategies.cpp.o
#13 729.8 [ 36%] Building CXX object src/modules/PlayerBots/CMakeFiles/playerbots.dir/playerbot/strategy/generic/CastTimeStrategy.cpp.o
#13 732.9 [ 36%] Building CXX object src/modules/PlayerBots/CMakeFiles/playerbots.dir/playerbot/strategy/generic/ChatCommandHandlerStrategy.cpp.o
#13 734.1 [ 36%] Building CXX object src/modules/PlayerBots/CMakeFiles/playerbots.dir/playerbot/strategy/generic/ClassStrategy.cpp.o
#13 737.9 [ 36%] Building CXX object src/modules/PlayerBots/CMakeFiles/playerbots.dir/playerbot/strategy/generic/CombatStrategy.cpp.o
#13 738.3 [ 36%] Building CXX object src/modules/PlayerBots/CMakeFiles/playerbots.dir/playerbot/strategy/generic/ConserveManaStrategy.cpp.o
#13 742.3 [ 36%] Building CXX object src/modules/PlayerBots/CMakeFiles/playerbots.dir/playerbot/strategy/generic/ConsumableStrategy.cpp.o
#13 743.0 [ 36%] Building CXX object src/modules/PlayerBots/CMakeFiles/playerbots.dir/playerbot/strategy/generic/DeadStrategy.cpp.o
#13 745.8 [ 36%] Building CXX object src/modules/PlayerBots/CMakeFiles/playerbots.dir/playerbot/strategy/generic/DebugStrategy.cpp.o
#13 746.7 [ 36%] Building CXX object src/modules/PlayerBots/CMakeFiles/playerbots.dir/playerbot/strategy/generic/DpsAssistStrategy.cpp.o
#13 749.2 [ 36%] Building CXX object src/modules/PlayerBots/CMakeFiles/playerbots.dir/playerbot/strategy/generic/DuelStrategy.cpp.o
#13 750.1 [ 37%] Building CXX object src/modules/PlayerBots/CMakeFiles/playerbots.dir/playerbot/strategy/generic/DungeonMultipliers.cpp.o
#13 753.1 [ 37%] Building CXX object src/modules/PlayerBots/CMakeFiles/playerbots.dir/playerbot/strategy/generic/DungeonStrategy.cpp.o
#13 754.0 [ 37%] Building CXX object src/modules/PlayerBots/CMakeFiles/playerbots.dir/playerbot/strategy/generic/EmoteStrategy.cpp.o
#13 756.9 [ 37%] Building CXX object src/modules/PlayerBots/CMakeFiles/playerbots.dir/playerbot/strategy/generic/FleeStrategy.cpp.o
#13 757.8 [ 37%] Building CXX object src/modules/PlayerBots/CMakeFiles/playerbots.dir/playerbot/strategy/generic/FocusTargetStrategy.cpp.o
#13 760.3 [ 37%] Building CXX object src/modules/PlayerBots/CMakeFiles/playerbots.dir/playerbot/strategy/generic/FollowMasterStrategy.cpp.o
#13 761.3 [ 37%] Building CXX object src/modules/PlayerBots/CMakeFiles/playerbots.dir/playerbot/strategy/generic/GrindingStrategy.cpp.o
#13 763.4 In file included from /usr/include/c++/12/string:40,
#13 763.4                  from /src/mangos-classic/src/shared/Common.h:40,
#13 763.4                  from /src/mangos-classic/src/game/Server/WorldSocket.h:28,
#13 763.4                  from /src/mangos-classic/src/modules/PlayerBots/botpch.h:2,
#13 763.4                  from /src/mangos-classic/build/src/modules/PlayerBots/CMakeFiles/playerbots.dir/cmake_pch.hxx:5,
#13 763.4                  from <command-line>:
#13 763.4 In static member function 'static constexpr std::char_traits<char>::char_type* std::char_traits<char>::copy(char_type*, const char_type*, std::size_t)',
#13 763.4     inlined from 'static constexpr void std::__cxx11::basic_string<_CharT, _Traits, _Alloc>::_S_copy(_CharT*, const _CharT*, size_type) [with _CharT = char; _Traits = std::char_traits<char>; _Alloc = std::allocator<char>]' at /usr/include/c++/12/bits/basic_string.h:431:21,
#13 763.4     inlined from 'constexpr std::__cxx11::basic_string<_CharT, _Traits, _Allocator>& std::__cxx11::basic_string<_CharT, _Traits, _Alloc>::_M_replace(size_type, size_type, const _CharT*, size_type) [with _CharT = char; _Traits = std::char_traits<char>; _Alloc = std::allocator<char>]' at /usr/include/c++/12/bits/basic_string.tcc:532:22,
#13 763.4     inlined from 'constexpr std::__cxx11::basic_string<_CharT, _Traits, _Alloc>& std::__cxx11::basic_string<_CharT, _Traits, _Alloc>::replace(size_type, size_type, const _CharT*, size_type) [with _CharT = char; _Traits = std::char_traits<char>; _Alloc = std::allocator<char>]' at /usr/include/c++/12/bits/basic_string.h:2179:19,
#13 763.4     inlined from 'constexpr std::__cxx11::basic_string<_CharT, _Traits, _Alloc>& std::__cxx11::basic_string<_CharT, _Traits, _Alloc>::insert(size_type, const _CharT*) [with _CharT = char; _Traits = std::char_traits<char>; _Alloc = std::allocator<char>]' at /usr/include/c++/12/bits/basic_string.h:1936:22,
#13 763.4     inlined from 'constexpr std::__cxx11::basic_string<_CharT, _Traits, _Allocator> std::operator+(const _CharT*, __cxx11::basic_string<_CharT, _Traits, _Allocator>&&) [with _CharT = char; _Traits = char_traits<char>; _Alloc = allocator<char>]' at /usr/include/c++/12/bits/basic_string.h:3549:36,
#13 763.4     inlined from 'virtual void ai::FollowMasterStrategy::OnStrategyAdded(BotState)' at /src/mangos-classic/src/modules/PlayerBots/playerbot/strategy/generic/FollowMasterStrategy.cpp:39:32:
#13 763.4 /usr/include/c++/12/bits/char_traits.h:435:56: warning: 'void* __builtin_memcpy(void*, const void*, long unsigned int)' specified bound between 9223372036854775810 and 18446744073709551615 exceeds maximum object size 9223372036854775807 [-Wstringop-overflow=]
#13 763.4   435 |         return static_cast<char_type*>(__builtin_memcpy(__s1, __s2, __n));
#13 763.4       |                                        ~~~~~~~~~~~~~~~~^~~~~~~~~~~~~~~~~
#13 763.5 In static member function 'static constexpr std::char_traits<char>::char_type* std::char_traits<char>::copy(char_type*, const char_type*, std::size_t)',
#13 763.5     inlined from 'static constexpr void std::__cxx11::basic_string<_CharT, _Traits, _Alloc>::_S_copy(_CharT*, const _CharT*, size_type) [with _CharT = char; _Traits = std::char_traits<char>; _Alloc = std::allocator<char>]' at /usr/include/c++/12/bits/basic_string.h:431:21,
#13 763.5     inlined from 'constexpr std::__cxx11::basic_string<_CharT, _Traits, _Allocator>& std::__cxx11::basic_string<_CharT, _Traits, _Alloc>::_M_replace(size_type, size_type, const _CharT*, size_type) [with _CharT = char; _Traits = std::char_traits<char>; _Alloc = std::allocator<char>]' at /usr/include/c++/12/bits/basic_string.tcc:532:22,
#13 763.5     inlined from 'constexpr std::__cxx11::basic_string<_CharT, _Traits, _Alloc>& std::__cxx11::basic_string<_CharT, _Traits, _Alloc>::replace(size_type, size_type, const _CharT*, size_type) [with _CharT = char; _Traits = std::char_traits<char>; _Alloc = std::allocator<char>]' at /usr/include/c++/12/bits/basic_string.h:2179:19,
#13 763.5     inlined from 'constexpr std::__cxx11::basic_string<_CharT, _Traits, _Alloc>& std::__cxx11::basic_string<_CharT, _Traits, _Alloc>::insert(size_type, const _CharT*) [with _CharT = char; _Traits = std::char_traits<char>; _Alloc = std::allocator<char>]' at /usr/include/c++/12/bits/basic_string.h:1936:22,
#13 763.5     inlined from 'constexpr std::__cxx11::basic_string<_CharT, _Traits, _Allocator> std::operator+(const _CharT*, __cxx11::basic_string<_CharT, _Traits, _Allocator>&&) [with _CharT = char; _Traits = char_traits<char>; _Alloc = allocator<char>]' at /usr/include/c++/12/bits/basic_string.h:3549:36,
#13 763.5     inlined from 'virtual void ai::FollowMasterStrategy::OnStrategyRemoved(BotState)' at /src/mangos-classic/src/modules/PlayerBots/playerbot/strategy/generic/FollowMasterStrategy.cpp:66:32:
#13 763.5 /usr/include/c++/12/bits/char_traits.h:435:56: warning: 'void* __builtin_memcpy(void*, const void*, long unsigned int)' specified bound between 9223372036854775810 and 18446744073709551615 exceeds maximum object size 9223372036854775807 [-Wstringop-overflow=]
#13 763.5   435 |         return static_cast<char_type*>(__builtin_memcpy(__s1, __s2, __n));
#13 763.5       |                                        ~~~~~~~~~~~~~~~~^~~~~~~~~~~~~~~~~
#13 763.8 [ 37%] Building CXX object src/modules/PlayerBots/CMakeFiles/playerbots.dir/playerbot/strategy/generic/GroupStrategy.cpp.o
#13 764.7 [ 37%] Building CXX object src/modules/PlayerBots/CMakeFiles/playerbots.dir/playerbot/strategy/generic/GuardStrategy.cpp.o
#13 767.3 [ 37%] Building CXX object src/modules/PlayerBots/CMakeFiles/playerbots.dir/playerbot/strategy/generic/GuildStrategy.cpp.o
#13 768.3 [ 38%] Building CXX object src/modules/PlayerBots/CMakeFiles/playerbots.dir/playerbot/strategy/generic/KarazhanDungeonStrategies.cpp.o
#13 770.9 [ 38%] Building CXX object src/modules/PlayerBots/CMakeFiles/playerbots.dir/playerbot/strategy/generic/KiteStrategy.cpp.o
#13 772.0 [ 38%] Building CXX object src/modules/PlayerBots/CMakeFiles/playerbots.dir/playerbot/strategy/generic/LfgStrategy.cpp.o
#13 774.5 [ 38%] Building CXX object src/modules/PlayerBots/CMakeFiles/playerbots.dir/playerbot/strategy/generic/LootNonCombatStrategy.cpp.o
#13 775.7 [ 38%] Building CXX object src/modules/PlayerBots/CMakeFiles/playerbots.dir/playerbot/strategy/generic/MaintenanceStrategy.cpp.o
#13 778.2 [ 38%] Building CXX object src/modules/PlayerBots/CMakeFiles/playerbots.dir/playerbot/strategy/generic/MarkRtiStrategy.cpp.o
#13 779.3 [ 38%] Building CXX object src/modules/PlayerBots/CMakeFiles/playerbots.dir/playerbot/strategy/generic/MechanarDungeonStrategies.cpp.o
#13 781.7 [ 38%] Building CXX object src/modules/PlayerBots/CMakeFiles/playerbots.dir/playerbot/strategy/generic/MeleeCombatStrategy.cpp.o
#13 782.8 [ 38%] Building CXX object src/modules/PlayerBots/CMakeFiles/playerbots.dir/playerbot/strategy/generic/MoltenCoreDungeonStrategies.cpp.o
#13 785.2 [ 38%] Building CXX object src/modules/PlayerBots/CMakeFiles/playerbots.dir/playerbot/strategy/generic/NaxxramasDungeonStrategies.cpp.o
#13 786.6 [ 38%] Building CXX object src/modules/PlayerBots/CMakeFiles/playerbots.dir/playerbot/strategy/generic/NonCombatStrategy.cpp.o
#13 789.0 [ 39%] Building CXX object src/modules/PlayerBots/CMakeFiles/playerbots.dir/playerbot/strategy/generic/OnyxiasLairDungeonStrategies.cpp.o
#13 790.7 [ 39%] Building CXX object src/modules/PlayerBots/CMakeFiles/playerbots.dir/playerbot/strategy/generic/PassiveStrategy.cpp.o
#13 792.7 [ 39%] Building CXX object src/modules/PlayerBots/CMakeFiles/playerbots.dir/playerbot/strategy/generic/PullStrategy.cpp.o
#13 794.3 [ 39%] Building CXX object src/modules/PlayerBots/CMakeFiles/playerbots.dir/playerbot/strategy/generic/QuestStrategies.cpp.o
#13 797.3 [ 39%] Building CXX object src/modules/PlayerBots/CMakeFiles/playerbots.dir/playerbot/strategy/generic/RTSCStrategy.cpp.o
#13 798.2 [ 39%] Building CXX object src/modules/PlayerBots/CMakeFiles/playerbots.dir/playerbot/strategy/generic/RacialsStrategy.cpp.o
#13 800.9 [ 39%] Building CXX object src/modules/PlayerBots/CMakeFiles/playerbots.dir/playerbot/strategy/generic/RangedCombatStrategy.cpp.o
#13 802.1 [ 39%] Building CXX object src/modules/PlayerBots/CMakeFiles/playerbots.dir/playerbot/strategy/generic/ReactionStrategy.cpp.o
#13 804.5 [ 39%] Building CXX object src/modules/PlayerBots/CMakeFiles/playerbots.dir/playerbot/strategy/generic/ReturnStrategy.cpp.o
#13 805.9 [ 39%] Building CXX object src/modules/PlayerBots/CMakeFiles/playerbots.dir/playerbot/strategy/generic/RpgStrategy.cpp.o
#13 808.6 [ 39%] Building CXX object src/modules/PlayerBots/CMakeFiles/playerbots.dir/playerbot/strategy/generic/RunawayStrategy.cpp.o
#13 812.7 [ 40%] Building CXX object src/modules/PlayerBots/CMakeFiles/playerbots.dir/playerbot/strategy/generic/SayStrategy.cpp.o
#13 813.2 [ 40%] Building CXX object src/modules/PlayerBots/CMakeFiles/playerbots.dir/playerbot/strategy/generic/StayStrategy.cpp.o
#13 817.1 [ 40%] Building CXX object src/modules/PlayerBots/CMakeFiles/playerbots.dir/playerbot/strategy/generic/TankAssistStrategy.cpp.o
#13 818.2 [ 40%] Building CXX object src/modules/PlayerBots/CMakeFiles/playerbots.dir/playerbot/strategy/generic/TellTargetStrategy.cpp.o
#13 821.8 [ 40%] Building CXX object src/modules/PlayerBots/CMakeFiles/playerbots.dir/playerbot/strategy/generic/ThreatStrategy.cpp.o
#13 822.4 [ 40%] Building CXX object src/modules/PlayerBots/CMakeFiles/playerbots.dir/playerbot/strategy/generic/TravelStrategy.cpp.o
#13 826.7 [ 40%] Building CXX object src/modules/PlayerBots/CMakeFiles/playerbots.dir/playerbot/strategy/generic/UseFoodStrategy.cpp.o
#13 829.0 [ 40%] Building CXX object src/modules/PlayerBots/CMakeFiles/playerbots.dir/playerbot/strategy/generic/UsePotionsStrategy.cpp.o
#13 830.8 [ 40%] Building CXX object src/modules/PlayerBots/CMakeFiles/playerbots.dir/playerbot/strategy/generic/WanderStrategy.cpp.o
#13 833.6 [ 40%] Building CXX object src/modules/PlayerBots/CMakeFiles/playerbots.dir/playerbot/strategy/generic/WorldBuffTravelStrategy.cpp.o
#13 835.0 [ 41%] Building CXX object src/modules/PlayerBots/CMakeFiles/playerbots.dir/playerbot/strategy/generic/WorldPacketHandlerStrategy.cpp.o
#13 839.6 [ 41%] Building CXX object src/modules/PlayerBots/CMakeFiles/playerbots.dir/playerbot/strategy/triggers/BotStateTriggers.cpp.o
#13 840.0 [ 41%] Building CXX object src/modules/PlayerBots/CMakeFiles/playerbots.dir/playerbot/strategy/triggers/CureTriggers.cpp.o
#13 843.9 [ 41%] Building CXX object src/modules/PlayerBots/CMakeFiles/playerbots.dir/playerbot/strategy/triggers/DungeonTriggers.cpp.o
#13 846.4 [ 41%] Building CXX object src/modules/PlayerBots/CMakeFiles/playerbots.dir/playerbot/strategy/triggers/GenericTriggers.cpp.o
#13 849.6 [ 41%] Building CXX object src/modules/PlayerBots/CMakeFiles/playerbots.dir/playerbot/strategy/triggers/GuildMeetingTrigger.cpp.o
#13 857.9 [ 41%] Building CXX object src/modules/PlayerBots/CMakeFiles/playerbots.dir/playerbot/strategy/triggers/GuildTriggers.cpp.o
#13 859.8 [ 41%] Building CXX object src/modules/PlayerBots/CMakeFiles/playerbots.dir/playerbot/strategy/triggers/HealthTriggers.cpp.o
#13 861.8 [ 41%] Building CXX object src/modules/PlayerBots/CMakeFiles/playerbots.dir/playerbot/strategy/triggers/KarazhanDungeonTriggers.cpp.o
#13 864.5 [ 41%] Building CXX object src/modules/PlayerBots/CMakeFiles/playerbots.dir/playerbot/strategy/triggers/LfgTriggers.cpp.o
#13 868.1 [ 41%] Building CXX object src/modules/PlayerBots/CMakeFiles/playerbots.dir/playerbot/strategy/triggers/LootTriggers.cpp.o
#13 868.5 [ 42%] Building CXX object src/modules/PlayerBots/CMakeFiles/playerbots.dir/playerbot/strategy/triggers/MechanarDungeonTriggers.cpp.o
#13 872.8 [ 42%] Building CXX object src/modules/PlayerBots/CMakeFiles/playerbots.dir/playerbot/strategy/triggers/MoltenCoreDungeonTriggers.cpp.o
#13 874.2 [ 42%] Building CXX object src/modules/PlayerBots/CMakeFiles/playerbots.dir/playerbot/strategy/triggers/NaxxramasDungeonTriggers.cpp.o
#13 878.3 [ 42%] Building CXX object src/modules/PlayerBots/CMakeFiles/playerbots.dir/playerbot/strategy/triggers/OnyxiasLairDungeonTriggers.cpp.o
#13 879.6 [ 42%] Building CXX object src/modules/PlayerBots/CMakeFiles/playerbots.dir/playerbot/strategy/triggers/PullTriggers.cpp.o
#13 881.9 [ 42%] Building CXX object src/modules/PlayerBots/CMakeFiles/playerbots.dir/playerbot/strategy/triggers/PvpTriggers.cpp.o
#13 883.7 [ 42%] Building CXX object src/modules/PlayerBots/CMakeFiles/playerbots.dir/playerbot/strategy/triggers/RpgTriggers.cpp.o
#13 886.6 [ 42%] Building CXX object src/modules/PlayerBots/CMakeFiles/playerbots.dir/playerbot/strategy/triggers/StuckTriggers.cpp.o
#13 890.7 [ 42%] Building CXX object src/modules/PlayerBots/CMakeFiles/playerbots.dir/playerbot/strategy/triggers/TravelTriggers.cpp.o
#13 891.7 [ 42%] Building CXX object src/modules/PlayerBots/CMakeFiles/playerbots.dir/playerbot/strategy/triggers/WorldBuffTravelTriggers.cpp.o
#13 896.5 [ 43%] Building CXX object src/modules/PlayerBots/CMakeFiles/playerbots.dir/playerbot/strategy/values/ActiveSpellValue.cpp.o
#13 897.0 [ 43%] Building CXX object src/modules/PlayerBots/CMakeFiles/playerbots.dir/playerbot/strategy/values/AlwaysLootListValue.cpp.o
#13 900.4 [ 43%] Building CXX object src/modules/PlayerBots/CMakeFiles/playerbots.dir/playerbot/strategy/values/AoeHealValues.cpp.o
#13 901.0 [ 43%] Building CXX object src/modules/PlayerBots/CMakeFiles/playerbots.dir/playerbot/strategy/values/AoeValues.cpp.o
#13 904.6 [ 43%] Building CXX object src/modules/PlayerBots/CMakeFiles/playerbots.dir/playerbot/strategy/values/Arrow.cpp.o
#13 906.3 [ 43%] Building CXX object src/modules/PlayerBots/CMakeFiles/playerbots.dir/playerbot/strategy/values/AttackerCountValues.cpp.o
#13 909.8 [ 43%] Building CXX object src/modules/PlayerBots/CMakeFiles/playerbots.dir/playerbot/strategy/values/AttackerWithoutAuraTargetValue.cpp.o
#13 911.3 [ 43%] Building CXX object src/modules/PlayerBots/CMakeFiles/playerbots.dir/playerbot/strategy/values/AttackersValue.cpp.o
#13 914.2 [ 43%] Building CXX object src/modules/PlayerBots/CMakeFiles/playerbots.dir/playerbot/strategy/values/AvoidCreatureListValue.cpp.o
#13 917.7 [ 43%] Building CXX object src/modules/PlayerBots/CMakeFiles/playerbots.dir/playerbot/strategy/values/BankValues.cpp.o
#13 918.2 [ 43%] Building CXX object src/modules/PlayerBots/CMakeFiles/playerbots.dir/playerbot/strategy/values/BudgetValues.cpp.o
#13 922.0 [ 44%] Building CXX object src/modules/PlayerBots/CMakeFiles/playerbots.dir/playerbot/strategy/values/CcTargetValue.cpp.o
#13 923.0 [ 44%] Building CXX object src/modules/PlayerBots/CMakeFiles/playerbots.dir/playerbot/strategy/values/CollisionValue.cpp.o
#13 927.3 [ 44%] Building CXX object src/modules/PlayerBots/CMakeFiles/playerbots.dir/playerbot/strategy/values/CraftValues.cpp.o
#13 927.5 [ 44%] Building CXX object src/modules/PlayerBots/CMakeFiles/playerbots.dir/playerbot/strategy/values/CreatureIdValue.cpp.o
#13 931.9 [ 44%] Building CXX object src/modules/PlayerBots/CMakeFiles/playerbots.dir/playerbot/strategy/values/CurrentCcTargetValue.cpp.o
#13 931.9 [ 44%] Building CXX object src/modules/PlayerBots/CMakeFiles/playerbots.dir/playerbot/strategy/values/CurrentTargetValue.cpp.o
#13 935.7 [ 44%] Building CXX object src/modules/PlayerBots/CMakeFiles/playerbots.dir/playerbot/strategy/values/DeadValues.cpp.o
#13 936.3 [ 44%] Building CXX object src/modules/PlayerBots/CMakeFiles/playerbots.dir/playerbot/strategy/values/DpsTargetValue.cpp.o
#13 941.4 [ 44%] Building CXX object src/modules/PlayerBots/CMakeFiles/playerbots.dir/playerbot/strategy/values/DuelTargetValue.cpp.o
#13 941.6 [ 44%] Building CXX object src/modules/PlayerBots/CMakeFiles/playerbots.dir/playerbot/strategy/values/EnemyHealerTargetValue.cpp.o
#13 945.7 [ 44%] Building CXX object src/modules/PlayerBots/CMakeFiles/playerbots.dir/playerbot/strategy/values/EnemyPlayerValue.cpp.o
#13 945.9 [ 45%] Building CXX object src/modules/PlayerBots/CMakeFiles/playerbots.dir/playerbot/strategy/values/EngineValues.cpp.o
#13 950.6 [ 45%] Building CXX object src/modules/PlayerBots/CMakeFiles/playerbots.dir/playerbot/strategy/values/EntryValues.cpp.o
#13 951.2 [ 45%] Building CXX object src/modules/PlayerBots/CMakeFiles/playerbots.dir/playerbot/strategy/values/FishValues.cpp.o
#13 953.8 [ 45%] Building CXX object src/modules/PlayerBots/CMakeFiles/playerbots.dir/playerbot/strategy/values/Formations.cpp.o
#13 955.4 [ 45%] Building CXX object src/modules/PlayerBots/CMakeFiles/playerbots.dir/playerbot/strategy/values/FreeMoveValues.cpp.o
#13 959.9 [ 45%] Building CXX object src/modules/PlayerBots/CMakeFiles/playerbots.dir/playerbot/strategy/values/GlyphValues.cpp.o
#13 960.8 [ 45%] Building CXX object src/modules/PlayerBots/CMakeFiles/playerbots.dir/playerbot/strategy/values/GrindTargetValue.cpp.o
#13 964.7 [ 45%] Building CXX object src/modules/PlayerBots/CMakeFiles/playerbots.dir/playerbot/strategy/values/GroupValues.cpp.o
#13 967.6 [ 45%] Building CXX object src/modules/PlayerBots/CMakeFiles/playerbots.dir/playerbot/strategy/values/GuidPositionValues.cpp.o
#13 970.6 [ 45%] Building CXX object src/modules/PlayerBots/CMakeFiles/playerbots.dir/playerbot/strategy/values/GuildValues.cpp.o
#13 974.2 [ 46%] Building CXX object src/modules/PlayerBots/CMakeFiles/playerbots.dir/playerbot/strategy/values/HazardsValue.cpp.o
#13 978.3 [ 46%] Building CXX object src/modules/PlayerBots/CMakeFiles/playerbots.dir/playerbot/strategy/values/InvalidTargetValue.cpp.o
#13 981.8 [ 46%] Building CXX object src/modules/PlayerBots/CMakeFiles/playerbots.dir/playerbot/strategy/values/ItemCountValue.cpp.o
#13 983.7 [ 46%] Building CXX object src/modules/PlayerBots/CMakeFiles/playerbots.dir/playerbot/strategy/values/ItemForSpellValue.cpp.o
#13 985.7 [ 46%] Building CXX object src/modules/PlayerBots/CMakeFiles/playerbots.dir/playerbot/strategy/values/ItemUsageValue.cpp.o
#13 987.8 [ 46%] Building CXX object src/modules/PlayerBots/CMakeFiles/playerbots.dir/playerbot/strategy/values/LeastHpTargetValue.cpp.o
#13 992.2 [ 46%] Building CXX object src/modules/PlayerBots/CMakeFiles/playerbots.dir/playerbot/strategy/values/LineTargetValue.cpp.o
#13 992.5 [ 46%] Building CXX object src/modules/PlayerBots/CMakeFiles/playerbots.dir/playerbot/strategy/values/LootStrategyValue.cpp.o
#13 995.7 [ 46%] Building CXX object src/modules/PlayerBots/CMakeFiles/playerbots.dir/playerbot/strategy/values/LootValues.cpp.o
#13 997.2 [ 46%] Building CXX object src/modules/PlayerBots/CMakeFiles/playerbots.dir/playerbot/strategy/values/MaintenanceValues.cpp.o
#13 1002.1 [ 46%] Building CXX object src/modules/PlayerBots/CMakeFiles/playerbots.dir/playerbot/strategy/values/MountValues.cpp.o
#13 1006.7 [ 47%] Building CXX object src/modules/PlayerBots/CMakeFiles/playerbots.dir/playerbot/strategy/values/MoveStyleValue.cpp.o
#13 1010.3 [ 47%] Building CXX object src/modules/PlayerBots/CMakeFiles/playerbots.dir/playerbot/strategy/values/NearestAdsValue.cpp.o
#13 1011.2 [ 47%] Building CXX object src/modules/PlayerBots/CMakeFiles/playerbots.dir/playerbot/strategy/values/NearestCorpsesValue.cpp.o
#13 1014.5 [ 47%] Building CXX object src/modules/PlayerBots/CMakeFiles/playerbots.dir/playerbot/strategy/values/NearestFriendlyPlayersValue.cpp.o
#13 1015.0 [ 47%] Building CXX object src/modules/PlayerBots/CMakeFiles/playerbots.dir/playerbot/strategy/values/NearestGameObjects.cpp.o
#13 1018.4 [ 47%] Building CXX object src/modules/PlayerBots/CMakeFiles/playerbots.dir/playerbot/strategy/values/NearestNonBotPlayersValue.cpp.o
#13 1019.5 [ 47%] Building CXX object src/modules/PlayerBots/CMakeFiles/playerbots.dir/playerbot/strategy/values/NearestNpcsValue.cpp.o
#13 1022.2 [ 47%] Building CXX object src/modules/PlayerBots/CMakeFiles/playerbots.dir/playerbot/strategy/values/NewPlayerNearbyValue.cpp.o
#13 1023.4 [ 47%] Building CXX object src/modules/PlayerBots/CMakeFiles/playerbots.dir/playerbot/strategy/values/OperatorValues.cpp.o
#13 1025.9 [ 47%] Building CXX object src/modules/PlayerBots/CMakeFiles/playerbots.dir/playerbot/strategy/values/OutfitListValue.cpp.o
#13 1027.9 [ 48%] Building CXX object src/modules/PlayerBots/CMakeFiles/playerbots.dir/playerbot/strategy/values/PartyMemberToDispel.cpp.o
#13 1029.4 [ 48%] Building CXX object src/modules/PlayerBots/CMakeFiles/playerbots.dir/playerbot/strategy/values/PartyMemberToHeal.cpp.o
#13 1031.6 [ 48%] Building CXX object src/modules/PlayerBots/CMakeFiles/playerbots.dir/playerbot/strategy/values/PartyMemberToResurrect.cpp.o
#13 1034.5 [ 48%] Building CXX object src/modules/PlayerBots/CMakeFiles/playerbots.dir/playerbot/strategy/values/PartyMemberToSoulstone.cpp.o
#13 1035.2 [ 48%] Building CXX object src/modules/PlayerBots/CMakeFiles/playerbots.dir/playerbot/strategy/values/PartyMemberValue.cpp.o
#13 1038.4 [ 48%] Building CXX object src/modules/PlayerBots/CMakeFiles/playerbots.dir/playerbot/strategy/values/PartyMemberWithoutAuraValue.cpp.o
#13 1040.0 [ 48%] Building CXX object src/modules/PlayerBots/CMakeFiles/playerbots.dir/playerbot/strategy/values/PartyMemberWithoutItemValue.cpp.o
#13 1042.4 [ 48%] Building CXX object src/modules/PlayerBots/CMakeFiles/playerbots.dir/playerbot/strategy/values/PositionValue.cpp.o
#13 1044.0 [ 48%] Building CXX object src/modules/PlayerBots/CMakeFiles/playerbots.dir/playerbot/strategy/values/PossibleAttackTargetsValue.cpp.o
#13 1046.8 [ 48%] Building CXX object src/modules/PlayerBots/CMakeFiles/playerbots.dir/playerbot/strategy/values/PossibleRpgTargetsValue.cpp.o
#13 1050.1 [ 48%] Building CXX object src/modules/PlayerBots/CMakeFiles/playerbots.dir/playerbot/strategy/values/PossibleTargetsValue.cpp.o
#13 1052.1 [ 49%] Building CXX object src/modules/PlayerBots/CMakeFiles/playerbots.dir/playerbot/strategy/values/PvpValues.cpp.o
#13 1055.6 [ 49%] Building CXX object src/modules/PlayerBots/CMakeFiles/playerbots.dir/playerbot/strategy/values/QuestValues.cpp.o
#13 1061.2 [ 49%] Building CXX object src/modules/PlayerBots/CMakeFiles/playerbots.dir/playerbot/strategy/values/RTSCValues.cpp.o
#13 1064.4 [ 49%] Building CXX object src/modules/PlayerBots/CMakeFiles/playerbots.dir/playerbot/strategy/values/RangeValues.cpp.o
#13 1067.8 [ 49%] Building CXX object src/modules/PlayerBots/CMakeFiles/playerbots.dir/playerbot/strategy/values/RpgValues.cpp.o
#13 1068.0 [ 49%] Building CXX object src/modules/PlayerBots/CMakeFiles/playerbots.dir/playerbot/strategy/values/RtiValue.cpp.o
#13 1071.1 [ 49%] Building CXX object src/modules/PlayerBots/CMakeFiles/playerbots.dir/playerbot/strategy/values/RuneForgeValues.cpp.o
#13 1071.4 [ 49%] Building CXX object src/modules/PlayerBots/CMakeFiles/playerbots.dir/playerbot/strategy/values/SkipSpellsListValue.cpp.o
#13 1074.8 [ 49%] Building CXX object src/modules/PlayerBots/CMakeFiles/playerbots.dir/playerbot/strategy/values/SnareTargetValue.cpp.o
#13 1078.7 [ 49%] Building CXX object src/modules/PlayerBots/CMakeFiles/playerbots.dir/playerbot/strategy/values/SpellCastUsefulValue.cpp.o
#13 1080.9 [ 49%] Building CXX object src/modules/PlayerBots/CMakeFiles/playerbots.dir/playerbot/strategy/values/SpellIdValue.cpp.o
#13 1083.8 [ 50%] Building CXX object src/modules/PlayerBots/CMakeFiles/playerbots.dir/playerbot/strategy/values/Stances.cpp.o
#13 1086.1 [ 50%] Building CXX object src/modules/PlayerBots/CMakeFiles/playerbots.dir/playerbot/strategy/values/StatsValues.cpp.o
#13 1089.0 [ 50%] Building CXX object src/modules/PlayerBots/CMakeFiles/playerbots.dir/playerbot/strategy/values/StuckValues.cpp.o
#13 1091.6 [ 50%] Building CXX object src/modules/PlayerBots/CMakeFiles/playerbots.dir/playerbot/strategy/values/SubStrategyValue.cpp.o
#13 1093.0 [ 50%] Building CXX object src/modules/PlayerBots/CMakeFiles/playerbots.dir/playerbot/strategy/values/TankTargetValue.cpp.o
#13 1095.3 [ 50%] Building CXX object src/modules/PlayerBots/CMakeFiles/playerbots.dir/playerbot/strategy/values/TargetValue.cpp.o
#13 1098.4 [ 50%] Building CXX object src/modules/PlayerBots/CMakeFiles/playerbots.dir/playerbot/strategy/values/ThreatValues.cpp.o
#13 1102.1 [ 50%] Building CXX object src/modules/PlayerBots/CMakeFiles/playerbots.dir/playerbot/strategy/values/TradeValues.cpp.o
#13 1102.8 [ 50%] Building CXX object src/modules/PlayerBots/CMakeFiles/playerbots.dir/playerbot/strategy/values/TrainerValues.cpp.o
#13 1108.2 [ 50%] Building CXX object src/modules/PlayerBots/CMakeFiles/playerbots.dir/playerbot/strategy/values/TravelValues.cpp.o
#13 1112.3 [ 51%] Building CXX object src/modules/PlayerBots/CMakeFiles/playerbots.dir/playerbot/strategy/values/VendorValues.cpp.o
#13 1118.2 [ 51%] Building CXX object src/modules/PlayerBots/CMakeFiles/playerbots.dir/playerbot/strategy/druid/BalanceDruidStrategy.cpp.o
#13 1121.5 [ 51%] Building CXX object src/modules/PlayerBots/CMakeFiles/playerbots.dir/playerbot/strategy/druid/DpsFeralDruidStrategy.cpp.o
#13 1122.8 [ 51%] Building CXX object src/modules/PlayerBots/CMakeFiles/playerbots.dir/playerbot/strategy/druid/DruidActions.cpp.o
#13 1126.4 [ 51%] Building CXX object src/modules/PlayerBots/CMakeFiles/playerbots.dir/playerbot/strategy/druid/DruidAiObjectContext.cpp.o
#13 1126.8 [ 51%] Building CXX object src/modules/PlayerBots/CMakeFiles/playerbots.dir/playerbot/strategy/druid/DruidMultipliers.cpp.o
#13 1130.6 [ 51%] Building CXX object src/modules/PlayerBots/CMakeFiles/playerbots.dir/playerbot/strategy/druid/DruidStrategy.cpp.o
#13 1134.9 [ 51%] Building CXX object src/modules/PlayerBots/CMakeFiles/playerbots.dir/playerbot/strategy/druid/DruidTriggers.cpp.o
#13 1140.6 [ 51%] Building CXX object src/modules/PlayerBots/CMakeFiles/playerbots.dir/playerbot/strategy/druid/DruidValues.cpp.o
#13 1144.2 [ 51%] Building CXX object src/modules/PlayerBots/CMakeFiles/playerbots.dir/playerbot/strategy/druid/RestorationDruidStrategy.cpp.o
#13 1144.2 [ 51%] Building CXX object src/modules/PlayerBots/CMakeFiles/playerbots.dir/playerbot/strategy/druid/TankFeralDruidStrategy.cpp.o
#13 1148.6 [ 52%] Building CXX object src/modules/PlayerBots/CMakeFiles/playerbots.dir/playerbot/strategy/hunter/BeastMasteryHunterStrategy.cpp.o
#13 1148.6 [ 52%] Building CXX object src/modules/PlayerBots/CMakeFiles/playerbots.dir/playerbot/strategy/hunter/HunterActions.cpp.o
#13 1152.4 [ 52%] Building CXX object src/modules/PlayerBots/CMakeFiles/playerbots.dir/playerbot/strategy/hunter/HunterAiObjectContext.cpp.o
#13 1153.4 [ 52%] Building CXX object src/modules/PlayerBots/CMakeFiles/playerbots.dir/playerbot/strategy/hunter/HunterMultipliers.cpp.o
#13 1156.4 [ 52%] Building CXX object src/modules/PlayerBots/CMakeFiles/playerbots.dir/playerbot/strategy/hunter/HunterStrategy.cpp.o
#13 1160.8 [ 52%] Building CXX object src/modules/PlayerBots/CMakeFiles/playerbots.dir/playerbot/strategy/hunter/HunterTriggers.cpp.o
#13 1166.8 [ 52%] Building CXX object src/modules/PlayerBots/CMakeFiles/playerbots.dir/playerbot/strategy/hunter/MarksmanshipHunterStrategy.cpp.o
#13 1169.1 [ 52%] Building CXX object src/modules/PlayerBots/CMakeFiles/playerbots.dir/playerbot/strategy/hunter/SurvivalHunterStrategy.cpp.o
#13 1170.7 [ 52%] Building CXX object src/modules/PlayerBots/CMakeFiles/playerbots.dir/playerbot/strategy/mage/ArcaneMageStrategy.cpp.o
#13 1172.9 [ 52%] Building CXX object src/modules/PlayerBots/CMakeFiles/playerbots.dir/playerbot/strategy/mage/FireMageStrategy.cpp.o
#13 1174.9 [ 53%] Building CXX object src/modules/PlayerBots/CMakeFiles/playerbots.dir/playerbot/strategy/mage/FrostMageStrategy.cpp.o
#13 1177.1 [ 53%] Building CXX object src/modules/PlayerBots/CMakeFiles/playerbots.dir/playerbot/strategy/mage/MageActions.cpp.o
#13 1178.8 [ 53%] Building CXX object src/modules/PlayerBots/CMakeFiles/playerbots.dir/playerbot/strategy/mage/MageAiObjectContext.cpp.o
#13 1181.1 [ 53%] Building CXX object src/modules/PlayerBots/CMakeFiles/playerbots.dir/playerbot/strategy/mage/MageMultipliers.cpp.o
#13 1185.2 [ 53%] Building CXX object src/modules/PlayerBots/CMakeFiles/playerbots.dir/playerbot/strategy/mage/MageStrategy.cpp.o
#13 1190.0 [ 53%] Building CXX object src/modules/PlayerBots/CMakeFiles/playerbots.dir/playerbot/strategy/mage/MageTriggers.cpp.o
#13 1193.9 [ 53%] Building CXX object src/modules/PlayerBots/CMakeFiles/playerbots.dir/playerbot/strategy/paladin/HolyPaladinStrategy.cpp.o
#13 1196.6 [ 53%] Building CXX object src/modules/PlayerBots/CMakeFiles/playerbots.dir/playerbot/strategy/paladin/PaladinActions.cpp.o
#13 1198.8 [ 53%] Building CXX object src/modules/PlayerBots/CMakeFiles/playerbots.dir/playerbot/strategy/paladin/PaladinAiObjectContext.cpp.o
#13 1202.8 [ 53%] Building CXX object src/modules/PlayerBots/CMakeFiles/playerbots.dir/playerbot/strategy/paladin/PaladinMultipliers.cpp.o
#13 1206.8 [ 53%] Building CXX object src/modules/PlayerBots/CMakeFiles/playerbots.dir/playerbot/strategy/paladin/PaladinStrategy.cpp.o
#13 1211.5 [ 54%] Building CXX object src/modules/PlayerBots/CMakeFiles/playerbots.dir/playerbot/strategy/paladin/PaladinTriggers.cpp.o
#13 1218.7 [ 54%] Building CXX object src/modules/PlayerBots/CMakeFiles/playerbots.dir/playerbot/strategy/paladin/ProtectionPaladinStrategy.cpp.o
#13 1220.0 [ 54%] Building CXX object src/modules/PlayerBots/CMakeFiles/playerbots.dir/playerbot/strategy/paladin/RetributionPaladinStrategy.cpp.o
#13 1223.5 [ 54%] Building CXX object src/modules/PlayerBots/CMakeFiles/playerbots.dir/playerbot/strategy/priest/DisciplinePriestStrategy.cpp.o
#13 1224.7 [ 54%] Building CXX object src/modules/PlayerBots/CMakeFiles/playerbots.dir/playerbot/strategy/priest/HolyPriestStrategy.cpp.o
#13 1227.5 [ 54%] Building CXX object src/modules/PlayerBots/CMakeFiles/playerbots.dir/playerbot/strategy/priest/PriestActions.cpp.o
#13 1229.0 [ 54%] Building CXX object src/modules/PlayerBots/CMakeFiles/playerbots.dir/playerbot/strategy/priest/PriestAiObjectContext.cpp.o
#13 1231.7 [ 54%] Building CXX object src/modules/PlayerBots/CMakeFiles/playerbots.dir/playerbot/strategy/priest/PriestMultipliers.cpp.o
#13 1235.6 [ 54%] Building CXX object src/modules/PlayerBots/CMakeFiles/playerbots.dir/playerbot/strategy/priest/PriestStrategy.cpp.o
#13 1240.2 [ 54%] Building CXX object src/modules/PlayerBots/CMakeFiles/playerbots.dir/playerbot/strategy/priest/PriestTriggers.cpp.o
#13 1244.5 [ 54%] Building CXX object src/modules/PlayerBots/CMakeFiles/playerbots.dir/playerbot/strategy/priest/ShadowPriestStrategy.cpp.o
#13 1245.7 [ 55%] Building CXX object src/modules/PlayerBots/CMakeFiles/playerbots.dir/playerbot/strategy/rogue/AssassinationRogueStrategy.cpp.o
#13 1248.7 [ 55%] Building CXX object src/modules/PlayerBots/CMakeFiles/playerbots.dir/playerbot/strategy/rogue/CombatRogueStrategy.cpp.o
#13 1249.9 [ 55%] Building CXX object src/modules/PlayerBots/CMakeFiles/playerbots.dir/playerbot/strategy/rogue/RogueActions.cpp.o
#13 1252.7 [ 55%] Building CXX object src/modules/PlayerBots/CMakeFiles/playerbots.dir/playerbot/strategy/rogue/RogueAiObjectContext.cpp.o
#13 1254.1 [ 55%] Building CXX object src/modules/PlayerBots/CMakeFiles/playerbots.dir/playerbot/strategy/rogue/RogueMultipliers.cpp.o
#13 1258.3 [ 55%] Building CXX object src/modules/PlayerBots/CMakeFiles/playerbots.dir/playerbot/strategy/rogue/RogueStrategy.cpp.o
#13 1263.1 [ 55%] Building CXX object src/modules/PlayerBots/CMakeFiles/playerbots.dir/playerbot/strategy/rogue/RogueTriggers.cpp.o
#13 1268.0 [ 55%] Building CXX object src/modules/PlayerBots/CMakeFiles/playerbots.dir/playerbot/strategy/rogue/SubtletyRogueStrategy.cpp.o
#13 1268.5 [ 55%] Building CXX object src/modules/PlayerBots/CMakeFiles/playerbots.dir/playerbot/strategy/shaman/ElementalShamanStrategy.cpp.o
#13 1272.3 [ 55%] Building CXX object src/modules/PlayerBots/CMakeFiles/playerbots.dir/playerbot/strategy/shaman/EnhancementShamanStrategy.cpp.o
#13 1273.1 [ 56%] Building CXX object src/modules/PlayerBots/CMakeFiles/playerbots.dir/playerbot/strategy/shaman/RestorationShamanStrategy.cpp.o
#13 1277.1 [ 56%] Building CXX object src/modules/PlayerBots/CMakeFiles/playerbots.dir/playerbot/strategy/shaman/ShamanActions.cpp.o
#13 1277.8 [ 56%] Building CXX object src/modules/PlayerBots/CMakeFiles/playerbots.dir/playerbot/strategy/shaman/ShamanAiObjectContext.cpp.o
#13 1281.1 [ 56%] Building CXX object src/modules/PlayerBots/CMakeFiles/playerbots.dir/playerbot/strategy/shaman/ShamanMultipliers.cpp.o
#13 1285.0 [ 56%] Building CXX object src/modules/PlayerBots/CMakeFiles/playerbots.dir/playerbot/strategy/shaman/ShamanStrategy.cpp.o
#13 1289.4 [ 56%] Building CXX object src/modules/PlayerBots/CMakeFiles/playerbots.dir/playerbot/strategy/shaman/ShamanTriggers.cpp.o
#13 1295.2 [ 56%] Building CXX object src/modules/PlayerBots/CMakeFiles/playerbots.dir/playerbot/strategy/warlock/AfflictionWarlockStrategy.cpp.o
#13 1296.4 [ 56%] Building CXX object src/modules/PlayerBots/CMakeFiles/playerbots.dir/playerbot/strategy/warlock/DemonologyWarlockStrategy.cpp.o
#13 1300.8 [ 56%] Building CXX object src/modules/PlayerBots/CMakeFiles/playerbots.dir/playerbot/strategy/warlock/DestructionWarlockStrategy.cpp.o
#13 1302.3 [ 56%] Building CXX object src/modules/PlayerBots/CMakeFiles/playerbots.dir/playerbot/strategy/warlock/WarlockActions.cpp.o
#13 1305.5 [ 56%] Building CXX object src/modules/PlayerBots/CMakeFiles/playerbots.dir/playerbot/strategy/warlock/WarlockAiObjectContext.cpp.o
#13 1306.5 [ 57%] Building CXX object src/modules/PlayerBots/CMakeFiles/playerbots.dir/playerbot/strategy/warlock/WarlockMultipliers.cpp.o
#13 1309.9 [ 57%] Building CXX object src/modules/PlayerBots/CMakeFiles/playerbots.dir/playerbot/strategy/warlock/WarlockStrategy.cpp.o
#13 1314.2 [ 57%] Building CXX object src/modules/PlayerBots/CMakeFiles/playerbots.dir/playerbot/strategy/warlock/WarlockTriggers.cpp.o
#13 1321.2 [ 57%] Building CXX object src/modules/PlayerBots/CMakeFiles/playerbots.dir/playerbot/strategy/warrior/ArmsWarriorStrategy.cpp.o
#13 1322.8 [ 57%] Building CXX object src/modules/PlayerBots/CMakeFiles/playerbots.dir/playerbot/strategy/warrior/FuryWarriorStrategy.cpp.o
#13 1326.5 [ 57%] Building CXX object src/modules/PlayerBots/CMakeFiles/playerbots.dir/playerbot/strategy/warrior/ProtectionWarriorStrategy.cpp.o
#13 1327.1 [ 57%] Building CXX object src/modules/PlayerBots/CMakeFiles/playerbots.dir/playerbot/strategy/warrior/WarriorActions.cpp.o
#13 1331.0 [ 57%] Building CXX object src/modules/PlayerBots/CMakeFiles/playerbots.dir/playerbot/strategy/warrior/WarriorAiObjectContext.cpp.o
#13 1331.1 [ 57%] Building CXX object src/modules/PlayerBots/CMakeFiles/playerbots.dir/playerbot/strategy/warrior/WarriorMultipliers.cpp.o
#13 1334.3 [ 57%] Building CXX object src/modules/PlayerBots/CMakeFiles/playerbots.dir/playerbot/strategy/warrior/WarriorStrategy.cpp.o
#13 1338.0 [ 58%] Building CXX object src/modules/PlayerBots/CMakeFiles/playerbots.dir/playerbot/strategy/warrior/WarriorTriggers.cpp.o
#13 1344.0 [ 58%] Building CXX object src/modules/PlayerBots/CMakeFiles/playerbots.dir/playerbot/strategy/deathknight/BloodDKStrategy.cpp.o
#13 1346.1 [ 58%] Building CXX object src/modules/PlayerBots/CMakeFiles/playerbots.dir/playerbot/strategy/deathknight/DKActions.cpp.o
#13 1347.8 [ 58%] Building CXX object src/modules/PlayerBots/CMakeFiles/playerbots.dir/playerbot/strategy/deathknight/DKAiObjectContext.cpp.o
#13 1351.4 [ 58%] Building CXX object src/modules/PlayerBots/CMakeFiles/playerbots.dir/playerbot/strategy/deathknight/DKMultipliers.cpp.o
#13 1355.5 [ 58%] Building CXX object src/modules/PlayerBots/CMakeFiles/playerbots.dir/playerbot/strategy/deathknight/DKReactionStrategy.cpp.o
#13 1358.3 [ 58%] Building CXX object src/modules/PlayerBots/CMakeFiles/playerbots.dir/playerbot/strategy/deathknight/DKTriggers.cpp.o
#13 1358.8 [ 58%] Building CXX object src/modules/PlayerBots/CMakeFiles/playerbots.dir/playerbot/strategy/deathknight/FrostDKStrategy.cpp.o
#13 1362.7 [ 58%] Building CXX object src/modules/PlayerBots/CMakeFiles/playerbots.dir/playerbot/strategy/deathknight/GenericDKNonCombatStrategy.cpp.o
#13 1363.4 [ 58%] Building CXX object src/modules/PlayerBots/CMakeFiles/playerbots.dir/playerbot/strategy/deathknight/GenericDKStrategy.cpp.o
#13 1366.9 [ 58%] Building CXX object src/modules/PlayerBots/CMakeFiles/playerbots.dir/playerbot/strategy/deathknight/UnholyDKStrategy.cpp.o
#13 1367.6 [ 59%] Building CXX object src/modules/PlayerBots/CMakeFiles/playerbots.dir/playerbot/strategy/tests/BossFocusManager.cpp.o
#13 1370.5 [ 59%] Building CXX object src/modules/PlayerBots/CMakeFiles/playerbots.dir/playerbot/strategy/tests/CleanupParty.cpp.o
#13 1371.2 [ 59%] Building CXX object src/modules/PlayerBots/CMakeFiles/playerbots.dir/playerbot/strategy/tests/CommandDebug.cpp.o
#13 1373.7 [ 59%] Building CXX object src/modules/PlayerBots/CMakeFiles/playerbots.dir/playerbot/strategy/tests/CommandFlow.cpp.o
#13 1374.6 [ 59%] Building CXX object src/modules/PlayerBots/CMakeFiles/playerbots.dir/playerbot/strategy/tests/CommandParty.cpp.o
#13 1377.3 [ 59%] Building CXX object src/modules/PlayerBots/CMakeFiles/playerbots.dir/playerbot/strategy/tests/CommandQuest.cpp.o
#13 1378.2 [ 59%] Building CXX object src/modules/PlayerBots/CMakeFiles/playerbots.dir/playerbot/strategy/tests/CommandSetup.cpp.o
#13 1381.1 [ 59%] Building CXX object src/modules/PlayerBots/CMakeFiles/playerbots.dir/playerbot/strategy/tests/MonitorCombat.cpp.o
#13 1384.6 [ 59%] Building CXX object src/modules/PlayerBots/CMakeFiles/playerbots.dir/playerbot/strategy/tests/MonitorMovement.cpp.o
#13 1384.7 [ 59%] Building CXX object src/modules/PlayerBots/CMakeFiles/playerbots.dir/playerbot/strategy/tests/MonitorQuest.cpp.o
#13 1388.2 [ 59%] Building CXX object src/modules/PlayerBots/CMakeFiles/playerbots.dir/playerbot/strategy/tests/MonitorState.cpp.o
#13 1389.1 [ 60%] Building CXX object src/modules/PlayerBots/CMakeFiles/playerbots.dir/playerbot/strategy/tests/RegisterInstance.cpp.o
#13 1392.2 [ 60%] Building CXX object src/modules/PlayerBots/CMakeFiles/playerbots.dir/playerbot/strategy/tests/RegisterMove.cpp.o
#13 1396.2 [ 60%] Building CXX object src/modules/PlayerBots/CMakeFiles/playerbots.dir/playerbot/strategy/tests/RegisterQuestDkStart.cpp.o
#13 1396.5 [ 60%] Building CXX object src/modules/PlayerBots/CMakeFiles/playerbots.dir/playerbot/strategy/tests/RegisterRpg.cpp.o
#13 1400.3 [ 60%] Building CXX object src/modules/PlayerBots/CMakeFiles/playerbots.dir/playerbot/strategy/tests/RegisterSpawn.cpp.o
#13 1402.9 [ 60%] Building CXX object src/modules/PlayerBots/CMakeFiles/playerbots.dir/playerbot/strategy/tests/RequireState.cpp.o
#13 1405.0 [ 60%] Building CXX object src/modules/PlayerBots/CMakeFiles/playerbots.dir/playerbot/strategy/tests/TestAction.cpp.o
#13 1406.2 /src/mangos-classic/src/modules/PlayerBots/playerbot/strategy/tests/TestAction.cpp: In member function 'void ai::TestAction::LogToConsole(const std::string&)':
#13 1406.2 /src/mangos-classic/src/modules/PlayerBots/playerbot/strategy/tests/TestAction.cpp:401:19: warning: format not a string literal and no format arguments [-Wformat-security]
#13 1406.2   401 |     sLog.outString(msg.c_str());
#13 1406.2       |                   ^
#13 1406.9 [ 60%] Building CXX object src/modules/PlayerBots/CMakeFiles/playerbots.dir/playerbot/strategy/tests/TestComponent.cpp.o
#13 1412.1 [ 60%] Building CXX object src/modules/PlayerBots/CMakeFiles/playerbots.dir/playerbot/strategy/tests/TestContext.cpp.o
#13 1413.4 [ 60%] Building CXX object src/modules/PlayerBots/CMakeFiles/playerbots.dir/playerbot/strategy/tests/TestRegistry.cpp.o
#13 1415.4 [ 61%] Building CXX object src/modules/PlayerBots/CMakeFiles/playerbots.dir/playerbot/strategy/tests/TestStrategy.cpp.o
#13 1419.6 [ 61%] Linking CXX static library libplayerbots.a
#13 1421.1 [ 61%] Built target playerbots
#13 1421.3 [ 61%] Building CXX object src/game/CMakeFiles/game.dir/cmake_pch.hxx.gch
#13 1437.4 [ 61%] Building CXX object src/game/CMakeFiles/game.dir/AI/BaseAI/CreatureAI.cpp.o
#13 1437.4 [ 61%] Building CXX object src/game/CMakeFiles/game.dir/AI/BaseAI/GameObjectAI.cpp.o
#13 1439.9 [ 61%] Building CXX object src/game/CMakeFiles/game.dir/AI/BaseAI/GuardAI.cpp.o
#13 1440.6 [ 61%] Building CXX object src/game/CMakeFiles/game.dir/AI/BaseAI/GuardianAI.cpp.o
#13 1442.6 [ 61%] Building CXX object src/game/CMakeFiles/game.dir/AI/BaseAI/NullCreatureAI.cpp.o
#13 1443.5 [ 61%] Building CXX object src/game/CMakeFiles/game.dir/AI/BaseAI/PetAI.cpp.o
#13 1445.1 [ 61%] Building CXX object src/game/CMakeFiles/game.dir/AI/BaseAI/PossessedAI.cpp.o
#13 1447.1 [ 62%] Building CXX object src/game/CMakeFiles/game.dir/AI/BaseAI/TotemAI.cpp.o
#13 1447.6 [ 62%] Building CXX object src/game/CMakeFiles/game.dir/AI/BaseAI/UnitAI.cpp.o
#13 1450.5 [ 62%] Building CXX object src/game/CMakeFiles/game.dir/AI/CreatureAIRegistry.cpp.o
#13 1453.2 [ 62%] Building CXX object src/game/CMakeFiles/game.dir/AI/CreatureAISelector.cpp.o
#13 1453.7 [ 62%] Building CXX object src/game/CMakeFiles/game.dir/AI/EventAI/CreatureEventAI.cpp.o
#13 1456.2 [ 62%] Building CXX object src/game/CMakeFiles/game.dir/AI/EventAI/CreatureEventAIMgr.cpp.o
#13 1459.0 [ 62%] Building CXX object src/game/CMakeFiles/game.dir/AI/PlayerAI/CharmAI.cpp.o
#13 1460.6 [ 62%] Building CXX object src/game/CMakeFiles/game.dir/AI/PlayerAI/PlayerAI.cpp.o
#13 1461.8 [ 62%] Building CXX object src/game/CMakeFiles/game.dir/AI/ScriptDevAI/ScriptDevAIMgr.cpp.o
#13 1463.7 [ 62%] Building CXX object src/game/CMakeFiles/game.dir/AI/ScriptDevAI/base/BossAI.cpp.o
#13 1465.8 [ 63%] Building CXX object src/game/CMakeFiles/game.dir/AI/ScriptDevAI/base/CombatAI.cpp.o
#13 1466.3 [ 63%] Building CXX object src/game/CMakeFiles/game.dir/AI/ScriptDevAI/base/TimerAI.cpp.o
#13 1468.5 [ 63%] Building CXX object src/game/CMakeFiles/game.dir/AI/ScriptDevAI/base/escort_ai.cpp.o
#13 1470.0 [ 63%] Building CXX object src/game/CMakeFiles/game.dir/AI/ScriptDevAI/base/follower_ai.cpp.o
#13 1471.6 [ 63%] Building CXX object src/game/CMakeFiles/game.dir/AI/ScriptDevAI/base/guard_ai.cpp.o
#13 1472.6 [ 63%] Building CXX object src/game/CMakeFiles/game.dir/AI/ScriptDevAI/base/pet_ai.cpp.o
#13 1474.2 [ 63%] Building CXX object src/game/CMakeFiles/game.dir/AI/ScriptDevAI/include/sc_creature.cpp.o
#13 1475.1 [ 63%] Building CXX object src/game/CMakeFiles/game.dir/AI/ScriptDevAI/include/sc_grid_searchers.cpp.o
#13 1477.5 [ 63%] Building CXX object src/game/CMakeFiles/game.dir/AI/ScriptDevAI/include/sc_instance.cpp.o
#13 1478.6 [ 63%] Building CXX object src/game/CMakeFiles/game.dir/AI/ScriptDevAI/scripts/battlegrounds/battlegrounds.cpp.o
#13 1480.4 [ 63%] Building CXX object src/game/CMakeFiles/game.dir/AI/ScriptDevAI/scripts/eastern_kingdoms/alterac_mountains.cpp.o
#13 1481.5 [ 64%] Building CXX object src/game/CMakeFiles/game.dir/AI/ScriptDevAI/scripts/eastern_kingdoms/arathi_highlands.cpp.o
#13 1482.8 [ 64%] Building CXX object src/game/CMakeFiles/game.dir/AI/ScriptDevAI/scripts/eastern_kingdoms/blackrock_depths/blackrock_depths.cpp.o
#13 1484.2 [ 64%] Building CXX object src/game/CMakeFiles/game.dir/AI/ScriptDevAI/scripts/eastern_kingdoms/blackrock_depths/boss_ambassador_flamelash.cpp.o
#13 1486.2 [ 64%] Building CXX object src/game/CMakeFiles/game.dir/AI/ScriptDevAI/scripts/eastern_kingdoms/blackrock_depths/boss_emperor_dagran_thaurissan.cpp.o
#13 1486.8 [ 64%] Building CXX object src/game/CMakeFiles/game.dir/AI/ScriptDevAI/scripts/eastern_kingdoms/blackrock_depths/boss_general_angerforge.cpp.o
#13 1488.7 [ 64%] Building CXX object src/game/CMakeFiles/game.dir/AI/ScriptDevAI/scripts/eastern_kingdoms/blackrock_depths/boss_high_interrogator_gerstahn.cpp.o
#13 1489.4 [ 64%] Building CXX object src/game/CMakeFiles/game.dir/AI/ScriptDevAI/scripts/eastern_kingdoms/blackrock_depths/instance_blackrock_depths.cpp.o
#13 1491.3 [ 64%] Building CXX object src/game/CMakeFiles/game.dir/AI/ScriptDevAI/scripts/eastern_kingdoms/blackrock_spire/boss_gyth.cpp.o
#13 1492.5 [ 64%] Building CXX object src/game/CMakeFiles/game.dir/AI/ScriptDevAI/scripts/eastern_kingdoms/blackrock_spire/boss_overlord_wyrmthalak.cpp.o
#13 1493.8 [ 64%] Building CXX object src/game/CMakeFiles/game.dir/AI/ScriptDevAI/scripts/eastern_kingdoms/blackrock_spire/boss_pyroguard_emberseer.cpp.o
#13 1495.2 [ 64%] Building CXX object src/game/CMakeFiles/game.dir/AI/ScriptDevAI/scripts/eastern_kingdoms/blackrock_spire/instance_blackrock_spire.cpp.o
#13 1496.4 [ 65%] Building CXX object src/game/CMakeFiles/game.dir/AI/ScriptDevAI/scripts/eastern_kingdoms/blackwing_lair/blackwing_lair.cpp.o
#13 1498.7 [ 65%] Building CXX object src/game/CMakeFiles/game.dir/AI/ScriptDevAI/scripts/eastern_kingdoms/blackwing_lair/boss_broodlord_lashlayer.cpp.o
#13 1499.8 [ 65%] Building CXX object src/game/CMakeFiles/game.dir/AI/ScriptDevAI/scripts/eastern_kingdoms/blackwing_lair/boss_chromaggus.cpp.o
#13 1501.3 [ 65%] Building CXX object src/game/CMakeFiles/game.dir/AI/ScriptDevAI/scripts/eastern_kingdoms/blackwing_lair/boss_ebonroc.cpp.o
#13 1502.3 [ 65%] Building CXX object src/game/CMakeFiles/game.dir/AI/ScriptDevAI/scripts/eastern_kingdoms/blackwing_lair/boss_firemaw.cpp.o
#13 1503.9 [ 65%] Building CXX object src/game/CMakeFiles/game.dir/AI/ScriptDevAI/scripts/eastern_kingdoms/blackwing_lair/boss_flamegor.cpp.o
#13 1504.9 [ 65%] Building CXX object src/game/CMakeFiles/game.dir/AI/ScriptDevAI/scripts/eastern_kingdoms/blackwing_lair/boss_nefarian.cpp.o
#13 1506.5 [ 65%] Building CXX object src/game/CMakeFiles/game.dir/AI/ScriptDevAI/scripts/eastern_kingdoms/blackwing_lair/boss_razorgore.cpp.o
#13 1507.7 [ 65%] Building CXX object src/game/CMakeFiles/game.dir/AI/ScriptDevAI/scripts/eastern_kingdoms/blackwing_lair/boss_vaelastrasz.cpp.o
#13 1509.3 [ 65%] Building CXX object src/game/CMakeFiles/game.dir/AI/ScriptDevAI/scripts/eastern_kingdoms/blackwing_lair/boss_victor_nefarius.cpp.o
#13 1510.4 [ 66%] Building CXX object src/game/CMakeFiles/game.dir/AI/ScriptDevAI/scripts/eastern_kingdoms/blasted_lands.cpp.o
#13 1511.9 [ 66%] Building CXX object src/game/CMakeFiles/game.dir/AI/ScriptDevAI/scripts/eastern_kingdoms/boss_kazzak.cpp.o
#13 1513.0 [ 66%] Building CXX object src/game/CMakeFiles/game.dir/AI/ScriptDevAI/scripts/eastern_kingdoms/burning_steppes.cpp.o
#13 1514.5 [ 66%] Building CXX object src/game/CMakeFiles/game.dir/AI/ScriptDevAI/scripts/eastern_kingdoms/deadmines/boss_mr_smite.cpp.o
#13 1515.8 [ 66%] Building CXX object src/game/CMakeFiles/game.dir/AI/ScriptDevAI/scripts/eastern_kingdoms/deadmines/deadmines.cpp.o
#13 1517.2 [ 66%] Building CXX object src/game/CMakeFiles/game.dir/AI/ScriptDevAI/scripts/eastern_kingdoms/deadmines/instance_deadmines.cpp.o
#13 1518.3 [ 66%] Building CXX object src/game/CMakeFiles/game.dir/AI/ScriptDevAI/scripts/eastern_kingdoms/dun_morogh.cpp.o
#13 1520.0 [ 66%] Building CXX object src/game/CMakeFiles/game.dir/AI/ScriptDevAI/scripts/eastern_kingdoms/eastern_plaguelands.cpp.o
#13 1520.7 [ 66%] Building CXX object src/game/CMakeFiles/game.dir/AI/ScriptDevAI/scripts/eastern_kingdoms/elwynn_forest.cpp.o
#13 1522.9 [ 66%] Building CXX object src/game/CMakeFiles/game.dir/AI/ScriptDevAI/scripts/eastern_kingdoms/gnomeregan/boss_thermaplugg.cpp.o
#13 1523.2 [ 66%] Building CXX object src/game/CMakeFiles/game.dir/AI/ScriptDevAI/scripts/eastern_kingdoms/gnomeregan/gnomeregan.cpp.o
#13 1525.7 [ 67%] Building CXX object src/game/CMakeFiles/game.dir/AI/ScriptDevAI/scripts/eastern_kingdoms/gnomeregan/instance_gnomeregan.cpp.o
#13 1526.0 [ 67%] Building CXX object src/game/CMakeFiles/game.dir/AI/ScriptDevAI/scripts/eastern_kingdoms/hinterlands.cpp.o
#13 1528.6 [ 67%] Building CXX object src/game/CMakeFiles/game.dir/AI/ScriptDevAI/scripts/eastern_kingdoms/ironforge.cpp.o
#13 1528.7 [ 67%] Building CXX object src/game/CMakeFiles/game.dir/AI/ScriptDevAI/scripts/eastern_kingdoms/loch_modan.cpp.o
#13 1531.1 [ 67%] Building CXX object src/game/CMakeFiles/game.dir/AI/ScriptDevAI/scripts/eastern_kingdoms/molten_core/boss_baron_geddon.cpp.o
#13 1531.2 [ 67%] Building CXX object src/game/CMakeFiles/game.dir/AI/ScriptDevAI/scripts/eastern_kingdoms/molten_core/boss_garr.cpp.o
#13 1533.6 [ 67%] Building CXX object src/game/CMakeFiles/game.dir/AI/ScriptDevAI/scripts/eastern_kingdoms/molten_core/boss_gehennas.cpp.o
#13 1533.8 [ 67%] Building CXX object src/game/CMakeFiles/game.dir/AI/ScriptDevAI/scripts/eastern_kingdoms/molten_core/boss_golemagg.cpp.o
#13 1536.1 [ 67%] Building CXX object src/game/CMakeFiles/game.dir/AI/ScriptDevAI/scripts/eastern_kingdoms/molten_core/boss_lucifron.cpp.o
#13 1536.5 [ 67%] Building CXX object src/game/CMakeFiles/game.dir/AI/ScriptDevAI/scripts/eastern_kingdoms/molten_core/boss_magmadar.cpp.o
#13 1538.6 [ 68%] Building CXX object src/game/CMakeFiles/game.dir/AI/ScriptDevAI/scripts/eastern_kingdoms/molten_core/boss_majordomo_executus.cpp.o
#13 1539.1 [ 68%] Building CXX object src/game/CMakeFiles/game.dir/AI/ScriptDevAI/scripts/eastern_kingdoms/molten_core/boss_ragnaros.cpp.o
#13 1541.3 [ 68%] Building CXX object src/game/CMakeFiles/game.dir/AI/ScriptDevAI/scripts/eastern_kingdoms/molten_core/boss_shazzrah.cpp.o
#13 1541.7 [ 68%] Building CXX object src/game/CMakeFiles/game.dir/AI/ScriptDevAI/scripts/eastern_kingdoms/molten_core/boss_sulfuron_harbinger.cpp.o
#13 1544.0 [ 68%] Building CXX object src/game/CMakeFiles/game.dir/AI/ScriptDevAI/scripts/eastern_kingdoms/molten_core/molten_core.cpp.o
#13 1544.3 [ 68%] Building CXX object src/game/CMakeFiles/game.dir/AI/ScriptDevAI/scripts/eastern_kingdoms/molten_core/molten_coreScripts.cpp.o
#13 1546.8 [ 68%] Building CXX object src/game/CMakeFiles/game.dir/AI/ScriptDevAI/scripts/eastern_kingdoms/naxxramas/boss_anubrekhan.cpp.o
#13 1546.9 [ 68%] Building CXX object src/game/CMakeFiles/game.dir/AI/ScriptDevAI/scripts/eastern_kingdoms/naxxramas/boss_faerlina.cpp.o
#13 1549.5 [ 68%] Building CXX object src/game/CMakeFiles/game.dir/AI/ScriptDevAI/scripts/eastern_kingdoms/naxxramas/boss_four_horsemen.cpp.o
#13 1549.6 [ 68%] Building CXX object src/game/CMakeFiles/game.dir/AI/ScriptDevAI/scripts/eastern_kingdoms/naxxramas/boss_gluth.cpp.o
#13 1552.4 [ 68%] Building CXX object src/game/CMakeFiles/game.dir/AI/ScriptDevAI/scripts/eastern_kingdoms/naxxramas/boss_gothik.cpp.o
#13 1552.4 [ 69%] Building CXX object src/game/CMakeFiles/game.dir/AI/ScriptDevAI/scripts/eastern_kingdoms/naxxramas/boss_grobbulus.cpp.o
#13 1555.1 [ 69%] Building CXX object src/game/CMakeFiles/game.dir/AI/ScriptDevAI/scripts/eastern_kingdoms/naxxramas/boss_heigan.cpp.o
#13 1555.6 [ 69%] Building CXX object src/game/CMakeFiles/game.dir/AI/ScriptDevAI/scripts/eastern_kingdoms/naxxramas/boss_kelthuzad.cpp.o
#13 1557.9 [ 69%] Building CXX object src/game/CMakeFiles/game.dir/AI/ScriptDevAI/scripts/eastern_kingdoms/naxxramas/boss_loatheb.cpp.o
#13 1559.4 [ 69%] Building CXX object src/game/CMakeFiles/game.dir/AI/ScriptDevAI/scripts/eastern_kingdoms/naxxramas/boss_maexxna.cpp.o
#13 1560.7 [ 69%] Building CXX object src/game/CMakeFiles/game.dir/AI/ScriptDevAI/scripts/eastern_kingdoms/naxxramas/boss_noth.cpp.o
#13 1562.4 [ 69%] Building CXX object src/game/CMakeFiles/game.dir/AI/ScriptDevAI/scripts/eastern_kingdoms/naxxramas/boss_patchwerk.cpp.o
#13 1563.6 [ 69%] Building CXX object src/game/CMakeFiles/game.dir/AI/ScriptDevAI/scripts/eastern_kingdoms/naxxramas/boss_razuvious.cpp.o
#13 1565.0 [ 69%] Building CXX object src/game/CMakeFiles/game.dir/AI/ScriptDevAI/scripts/eastern_kingdoms/naxxramas/boss_sapphiron.cpp.o
#13 1566.4 [ 69%] Building CXX object src/game/CMakeFiles/game.dir/AI/ScriptDevAI/scripts/eastern_kingdoms/naxxramas/boss_thaddius.cpp.o
#13 1567.8 [ 69%] Building CXX object src/game/CMakeFiles/game.dir/AI/ScriptDevAI/scripts/eastern_kingdoms/naxxramas/naxxramas.cpp.o
#13 1569.5 [ 70%] Building CXX object src/game/CMakeFiles/game.dir/AI/ScriptDevAI/scripts/eastern_kingdoms/redridge_mountains.cpp.o
#13 1571.3 [ 70%] Building CXX object src/game/CMakeFiles/game.dir/AI/ScriptDevAI/scripts/eastern_kingdoms/scarlet_monastery/boss_arcanist_doan.cpp.o
#13 1572.0 [ 70%] Building CXX object src/game/CMakeFiles/game.dir/AI/ScriptDevAI/scripts/eastern_kingdoms/scarlet_monastery/boss_herod.cpp.o
#13 1573.9 [ 70%] Building CXX object src/game/CMakeFiles/game.dir/AI/ScriptDevAI/scripts/eastern_kingdoms/scarlet_monastery/boss_mograine_and_whitemane.cpp.o
#13 1574.6 [ 70%] Building CXX object src/game/CMakeFiles/game.dir/AI/ScriptDevAI/scripts/eastern_kingdoms/scarlet_monastery/instance_scarlet_monastery.cpp.o
#13 1576.8 [ 70%] Building CXX object src/game/CMakeFiles/game.dir/AI/ScriptDevAI/scripts/eastern_kingdoms/scholomance/boss_darkmaster_gandling.cpp.o
#13 1577.3 [ 70%] Building CXX object src/game/CMakeFiles/game.dir/AI/ScriptDevAI/scripts/eastern_kingdoms/scholomance/boss_jandice_barov.cpp.o
#13 1579.3 [ 70%] Building CXX object src/game/CMakeFiles/game.dir/AI/ScriptDevAI/scripts/eastern_kingdoms/scholomance/instance_scholomance.cpp.o
#13 1579.8 [ 70%] Building CXX object src/game/CMakeFiles/game.dir/AI/ScriptDevAI/scripts/eastern_kingdoms/scholomance/scholomance.cpp.o
#13 1582.3 [ 70%] Building CXX object src/game/CMakeFiles/game.dir/AI/ScriptDevAI/scripts/eastern_kingdoms/searing_gorge.cpp.o
#13 1583.0 [ 71%] Building CXX object src/game/CMakeFiles/game.dir/AI/ScriptDevAI/scripts/eastern_kingdoms/shadowfang_keep/instance_shadowfang_keep.cpp.o
#13 1584.9 [ 71%] Building CXX object src/game/CMakeFiles/game.dir/AI/ScriptDevAI/scripts/eastern_kingdoms/shadowfang_keep/shadowfang_keep.cpp.o
#13 1586.1 [ 71%] Building CXX object src/game/CMakeFiles/game.dir/AI/ScriptDevAI/scripts/eastern_kingdoms/silverpine_forest.cpp.o
#13 1587.9 [ 71%] Building CXX object src/game/CMakeFiles/game.dir/AI/ScriptDevAI/scripts/eastern_kingdoms/stormwind_city.cpp.o
#13 1588.7 [ 71%] Building CXX object src/game/CMakeFiles/game.dir/AI/ScriptDevAI/scripts/eastern_kingdoms/stranglethorn_vale.cpp.o
#13 1591.2 [ 71%] Building CXX object src/game/CMakeFiles/game.dir/AI/ScriptDevAI/scripts/eastern_kingdoms/stratholme/boss_baroness_anastari.cpp.o
#13 1591.3 [ 71%] Building CXX object src/game/CMakeFiles/game.dir/AI/ScriptDevAI/scripts/eastern_kingdoms/stratholme/boss_cannon_master_willey.cpp.o
#13 1593.8 [ 71%] Building CXX object src/game/CMakeFiles/game.dir/AI/ScriptDevAI/scripts/eastern_kingdoms/stratholme/boss_dathrohan_balnazzar.cpp.o
#13 1593.8 [ 71%] Building CXX object src/game/CMakeFiles/game.dir/AI/ScriptDevAI/scripts/eastern_kingdoms/stratholme/boss_maleki_the_pallid.cpp.o
#13 1596.3 [ 71%] Building CXX object src/game/CMakeFiles/game.dir/AI/ScriptDevAI/scripts/eastern_kingdoms/stratholme/stratholme.cpp.o
#13 1596.3 [ 71%] Building CXX object src/game/CMakeFiles/game.dir/AI/ScriptDevAI/scripts/eastern_kingdoms/stratholme/stratholmeScripts.cpp.o
#13 1599.0 [ 72%] Building CXX object src/game/CMakeFiles/game.dir/AI/ScriptDevAI/scripts/eastern_kingdoms/sunken_temple/sunken_temple.cpp.o
#13 1600.0 [ 72%] Building CXX object src/game/CMakeFiles/game.dir/AI/ScriptDevAI/scripts/eastern_kingdoms/sunken_temple/sunken_templeScripts.cpp.o
#13 1602.0 [ 72%] Building CXX object src/game/CMakeFiles/game.dir/AI/ScriptDevAI/scripts/eastern_kingdoms/swamp_of_sorrows.cpp.o
#13 1602.7 [ 72%] Building CXX object src/game/CMakeFiles/game.dir/AI/ScriptDevAI/scripts/eastern_kingdoms/tirisfal_glades.cpp.o
#13 1604.6 [ 72%] Building CXX object src/game/CMakeFiles/game.dir/AI/ScriptDevAI/scripts/eastern_kingdoms/uldaman/boss_archaedas.cpp.o
#13 1605.3 [ 72%] Building CXX object src/game/CMakeFiles/game.dir/AI/ScriptDevAI/scripts/eastern_kingdoms/uldaman/instance_uldaman.cpp.o
#13 1607.3 [ 72%] Building CXX object src/game/CMakeFiles/game.dir/AI/ScriptDevAI/scripts/eastern_kingdoms/uldaman/uldaman.cpp.o
#13 1608.2 [ 72%] Building CXX object src/game/CMakeFiles/game.dir/AI/ScriptDevAI/scripts/eastern_kingdoms/undercity.cpp.o
#13 1609.8 [ 72%] Building CXX object src/game/CMakeFiles/game.dir/AI/ScriptDevAI/scripts/eastern_kingdoms/western_plaguelands.cpp.o
#13 1610.8 [ 72%] Building CXX object src/game/CMakeFiles/game.dir/AI/ScriptDevAI/scripts/eastern_kingdoms/westfall.cpp.o
#13 1612.8 [ 73%] Building CXX object src/game/CMakeFiles/game.dir/AI/ScriptDevAI/scripts/eastern_kingdoms/wetlands.cpp.o
#13 1613.6 [ 73%] Building CXX object src/game/CMakeFiles/game.dir/AI/ScriptDevAI/scripts/eastern_kingdoms/world_eastern_kingdoms.cpp.o
#13 1615.4 [ 73%] Building CXX object src/game/CMakeFiles/game.dir/AI/ScriptDevAI/scripts/eastern_kingdoms/zulgurub/boss_arlokk.cpp.o
#13 1616.6 [ 73%] Building CXX object src/game/CMakeFiles/game.dir/AI/ScriptDevAI/scripts/eastern_kingdoms/zulgurub/boss_hakkar.cpp.o
#13 1618.2 [ 73%] Building CXX object src/game/CMakeFiles/game.dir/AI/ScriptDevAI/scripts/eastern_kingdoms/zulgurub/boss_jeklik.cpp.o
#13 1619.2 [ 73%] Building CXX object src/game/CMakeFiles/game.dir/AI/ScriptDevAI/scripts/eastern_kingdoms/zulgurub/boss_mandokir.cpp.o
#13 1620.9 [ 73%] Building CXX object src/game/CMakeFiles/game.dir/AI/ScriptDevAI/scripts/eastern_kingdoms/zulgurub/boss_marli.cpp.o
#13 1621.9 [ 73%] Building CXX object src/game/CMakeFiles/game.dir/AI/ScriptDevAI/scripts/eastern_kingdoms/zulgurub/boss_renataki.cpp.o
#13 1623.5 [ 73%] Building CXX object src/game/CMakeFiles/game.dir/AI/ScriptDevAI/scripts/eastern_kingdoms/zulgurub/boss_thekal.cpp.o
#13 1624.8 [ 73%] Building CXX object src/game/CMakeFiles/game.dir/AI/ScriptDevAI/scripts/eastern_kingdoms/zulgurub/boss_venoxis.cpp.o
#13 1626.4 [ 73%] Building CXX object src/game/CMakeFiles/game.dir/AI/ScriptDevAI/scripts/eastern_kingdoms/zulgurub/zulgurub.cpp.o
#13 1627.4 [ 74%] Building CXX object src/game/CMakeFiles/game.dir/AI/ScriptDevAI/scripts/eastern_kingdoms/zulgurub/zulgurubScripts.cpp.o
#13 1629.4 [ 74%] Building CXX object src/game/CMakeFiles/game.dir/AI/ScriptDevAI/scripts/examples/example_creature.cpp.o
#13 1630.0 [ 74%] Building CXX object src/game/CMakeFiles/game.dir/AI/ScriptDevAI/scripts/examples/example_escort.cpp.o
#13 1632.0 [ 74%] Building CXX object src/game/CMakeFiles/game.dir/AI/ScriptDevAI/scripts/examples/example_gossip_codebox.cpp.o
#13 1632.6 [ 74%] Building CXX object src/game/CMakeFiles/game.dir/AI/ScriptDevAI/scripts/examples/example_misc.cpp.o
#13 1634.6 [ 74%] Building CXX object src/game/CMakeFiles/game.dir/AI/ScriptDevAI/scripts/kalimdor/ashenvale.cpp.o
#13 1635.0 [ 74%] Building CXX object src/game/CMakeFiles/game.dir/AI/ScriptDevAI/scripts/kalimdor/azshara.cpp.o
#13 1637.4 [ 74%] Building CXX object src/game/CMakeFiles/game.dir/AI/ScriptDevAI/scripts/kalimdor/blackfathom_deeps/instance_blackfathom_deeps.cpp.o
#13 1637.9 [ 74%] Building CXX object src/game/CMakeFiles/game.dir/AI/ScriptDevAI/scripts/kalimdor/boss_azuregos.cpp.o
#13 1640.4 [ 74%] Building CXX object src/game/CMakeFiles/game.dir/AI/ScriptDevAI/scripts/kalimdor/darkshore.cpp.o
#13 1640.5 [ 74%] Building CXX object src/game/CMakeFiles/game.dir/AI/ScriptDevAI/scripts/kalimdor/desolace.cpp.o
#13 1643.3 [ 75%] Building CXX object src/game/CMakeFiles/game.dir/AI/ScriptDevAI/scripts/kalimdor/dire_maul/dire_maul.cpp.o
#13 1643.7 [ 75%] Building CXX object src/game/CMakeFiles/game.dir/AI/ScriptDevAI/scripts/kalimdor/dire_maul/instance_dire_maul.cpp.o
#13 1646.0 [ 75%] Building CXX object src/game/CMakeFiles/game.dir/AI/ScriptDevAI/scripts/kalimdor/durotar.cpp.o
#13 1647.0 [ 75%] Building CXX object src/game/CMakeFiles/game.dir/AI/ScriptDevAI/scripts/kalimdor/dustwallow_marsh.cpp.o
#13 1648.6 [ 75%] Building CXX object src/game/CMakeFiles/game.dir/AI/ScriptDevAI/scripts/kalimdor/felwood.cpp.o
#13 1651.0 [ 75%] Building CXX object src/game/CMakeFiles/game.dir/AI/ScriptDevAI/scripts/kalimdor/feralas.cpp.o
#13 1651.4 [ 75%] Building CXX object src/game/CMakeFiles/game.dir/AI/ScriptDevAI/scripts/kalimdor/maraudon/boss_noxxion.cpp.o
#13 1654.0 [ 75%] Building CXX object src/game/CMakeFiles/game.dir/AI/ScriptDevAI/scripts/kalimdor/maraudon/instance_maraudon.cpp.o
#13 1654.3 [ 75%] Building CXX object src/game/CMakeFiles/game.dir/AI/ScriptDevAI/scripts/kalimdor/moonglade.cpp.o
#13 1656.7 [ 75%] Building CXX object src/game/CMakeFiles/game.dir/AI/ScriptDevAI/scripts/kalimdor/mulgore.cpp.o
#13 1657.3 [ 76%] Building CXX object src/game/CMakeFiles/game.dir/AI/ScriptDevAI/scripts/kalimdor/onyxias_lair/boss_onyxia.cpp.o
#13 1659.1 [ 76%] Building CXX object src/game/CMakeFiles/game.dir/AI/ScriptDevAI/scripts/kalimdor/onyxias_lair/instance_onyxias_lair.cpp.o
#13 1660.0 [ 76%] Building CXX object src/game/CMakeFiles/game.dir/AI/ScriptDevAI/scripts/kalimdor/orgrimmar.cpp.o
#13 1661.9 [ 76%] Building CXX object src/game/CMakeFiles/game.dir/AI/ScriptDevAI/scripts/kalimdor/razorfen_downs/instance_razorfen_downs.cpp.o
#13 1662.5 [ 76%] Building CXX object src/game/CMakeFiles/game.dir/AI/ScriptDevAI/scripts/kalimdor/razorfen_downs/razorfen_downs.cpp.o
#13 1664.7 [ 76%] Building CXX object src/game/CMakeFiles/game.dir/AI/ScriptDevAI/scripts/kalimdor/razorfen_kraul/instance_razorfen_kraul.cpp.o
#13 1665.2 [ 76%] Building CXX object src/game/CMakeFiles/game.dir/AI/ScriptDevAI/scripts/kalimdor/razorfen_kraul/razorfen_kraul.cpp.o
#13 1667.5 [ 76%] Building CXX object src/game/CMakeFiles/game.dir/AI/ScriptDevAI/scripts/kalimdor/ruins_of_ahnqiraj/boss_ayamiss.cpp.o
#13 1667.9 [ 76%] Building CXX object src/game/CMakeFiles/game.dir/AI/ScriptDevAI/scripts/kalimdor/ruins_of_ahnqiraj/boss_buru.cpp.o
#13 1670.2 [ 76%] Building CXX object src/game/CMakeFiles/game.dir/AI/ScriptDevAI/scripts/kalimdor/ruins_of_ahnqiraj/boss_kurinnaxx.cpp.o
#13 1670.5 [ 76%] Building CXX object src/game/CMakeFiles/game.dir/AI/ScriptDevAI/scripts/kalimdor/ruins_of_ahnqiraj/boss_moam.cpp.o
#13 1672.8 [ 77%] Building CXX object src/game/CMakeFiles/game.dir/AI/ScriptDevAI/scripts/kalimdor/ruins_of_ahnqiraj/boss_ossirian.cpp.o
#13 1673.3 [ 77%] Building CXX object src/game/CMakeFiles/game.dir/AI/ScriptDevAI/scripts/kalimdor/ruins_of_ahnqiraj/boss_rajaxx.cpp.o
#13 1675.7 [ 77%] Building CXX object src/game/CMakeFiles/game.dir/AI/ScriptDevAI/scripts/kalimdor/ruins_of_ahnqiraj/ruins_of_ahnqiraj.cpp.o
#13 1676.2 [ 77%] Building CXX object src/game/CMakeFiles/game.dir/AI/ScriptDevAI/scripts/kalimdor/ruins_of_ahnqiraj/ruins_of_ahnqirajScripts.cpp.o
#13 1678.8 [ 77%] Building CXX object src/game/CMakeFiles/game.dir/AI/ScriptDevAI/scripts/kalimdor/silithus.cpp.o
#13 1679.0 [ 77%] Building CXX object src/game/CMakeFiles/game.dir/AI/ScriptDevAI/scripts/kalimdor/stonetalon_mountains.cpp.o
#13 1681.5 [ 77%] Building CXX object src/game/CMakeFiles/game.dir/AI/ScriptDevAI/scripts/kalimdor/tanaris.cpp.o
#13 1681.8 [ 77%] Building CXX object src/game/CMakeFiles/game.dir/AI/ScriptDevAI/scripts/kalimdor/teldrassil.cpp.o
#13 1684.3 [ 77%] Building CXX object src/game/CMakeFiles/game.dir/AI/ScriptDevAI/scripts/kalimdor/temple_of_ahnqiraj/boss_bug_trio.cpp.o
#13 1684.3 [ 77%] Building CXX object src/game/CMakeFiles/game.dir/AI/ScriptDevAI/scripts/kalimdor/temple_of_ahnqiraj/boss_cthun.cpp.o
#13 1687.0 [ 78%] Building CXX object src/game/CMakeFiles/game.dir/AI/ScriptDevAI/scripts/kalimdor/temple_of_ahnqiraj/boss_fankriss.cpp.o
#13 1687.4 [ 78%] Building CXX object src/game/CMakeFiles/game.dir/AI/ScriptDevAI/scripts/kalimdor/temple_of_ahnqiraj/boss_huhuran.cpp.o
#13 1689.8 [ 78%] Building CXX object src/game/CMakeFiles/game.dir/AI/ScriptDevAI/scripts/kalimdor/temple_of_ahnqiraj/boss_ouro.cpp.o
#13 1690.0 [ 78%] Building CXX object src/game/CMakeFiles/game.dir/AI/ScriptDevAI/scripts/kalimdor/temple_of_ahnqiraj/boss_sartura.cpp.o
#13 1692.6 [ 78%] Building CXX object src/game/CMakeFiles/game.dir/AI/ScriptDevAI/scripts/kalimdor/temple_of_ahnqiraj/boss_skeram.cpp.o
#13 1692.6 [ 78%] Building CXX object src/game/CMakeFiles/game.dir/AI/ScriptDevAI/scripts/kalimdor/temple_of_ahnqiraj/boss_twinemperors.cpp.o
#13 1695.4 [ 78%] Building CXX object src/game/CMakeFiles/game.dir/AI/ScriptDevAI/scripts/kalimdor/temple_of_ahnqiraj/boss_viscidus.cpp.o
#13 1695.5 [ 78%] Building CXX object src/game/CMakeFiles/game.dir/AI/ScriptDevAI/scripts/kalimdor/temple_of_ahnqiraj/mob_anubisath_sentinel.cpp.o
#13 1698.4 [ 78%] Building CXX object src/game/CMakeFiles/game.dir/AI/ScriptDevAI/scripts/kalimdor/temple_of_ahnqiraj/temple_of_ahnqiraj.cpp.o
#13 1698.5 [ 78%] Building CXX object src/game/CMakeFiles/game.dir/AI/ScriptDevAI/scripts/kalimdor/the_barrens.cpp.o
#13 1701.5 [ 78%] Building CXX object src/game/CMakeFiles/game.dir/AI/ScriptDevAI/scripts/kalimdor/thousand_needles.cpp.o
#13 1701.8 [ 79%] Building CXX object src/game/CMakeFiles/game.dir/AI/ScriptDevAI/scripts/kalimdor/thunder_bluff.cpp.o
#13 1704.2 [ 79%] Building CXX object src/game/CMakeFiles/game.dir/AI/ScriptDevAI/scripts/kalimdor/ungoro_crater.cpp.o
#13 1704.4 [ 79%] Building CXX object src/game/CMakeFiles/game.dir/AI/ScriptDevAI/scripts/kalimdor/wailing_caverns/wailing_caverns.cpp.o
#13 1707.0 [ 79%] Building CXX object src/game/CMakeFiles/game.dir/AI/ScriptDevAI/scripts/kalimdor/wailing_caverns/wailing_cavernsScripts.cpp.o
#13 1707.3 [ 79%] Building CXX object src/game/CMakeFiles/game.dir/AI/ScriptDevAI/scripts/kalimdor/winterspring.cpp.o
#13 1709.7 [ 79%] Building CXX object src/game/CMakeFiles/game.dir/AI/ScriptDevAI/scripts/kalimdor/world_kalimdor.cpp.o
#13 1710.1 [ 79%] Building CXX object src/game/CMakeFiles/game.dir/AI/ScriptDevAI/scripts/kalimdor/zulfarrak/boss_zumrah.cpp.o
#13 1712.8 [ 79%] Building CXX object src/game/CMakeFiles/game.dir/AI/ScriptDevAI/scripts/kalimdor/zulfarrak/instance_zulfarrak.cpp.o
#13 1712.9 [ 79%] Building CXX object src/game/CMakeFiles/game.dir/AI/ScriptDevAI/scripts/kalimdor/zulfarrak/zulfarrak.cpp.o
#13 1715.4 [ 79%] Building CXX object src/game/CMakeFiles/game.dir/AI/ScriptDevAI/scripts/world/areatrigger_scripts.cpp.o
#13 1715.6 [ 79%] Building CXX object src/game/CMakeFiles/game.dir/AI/ScriptDevAI/scripts/world/bosses_emerald_dragons.cpp.o
#13 1718.1 [ 80%] Building CXX object src/game/CMakeFiles/game.dir/AI/ScriptDevAI/scripts/world/go_scripts.cpp.o
#13 1718.4 [ 80%] Building CXX object src/game/CMakeFiles/game.dir/AI/ScriptDevAI/scripts/world/guards.cpp.o
#13 1721.0 [ 80%] Building CXX object src/game/CMakeFiles/game.dir/AI/ScriptDevAI/scripts/world/item_scripts.cpp.o
#13 1721.1 [ 80%] Building CXX object src/game/CMakeFiles/game.dir/AI/ScriptDevAI/scripts/world/lunar_festival.cpp.o
#13 1723.6 [ 80%] Building CXX object src/game/CMakeFiles/game.dir/AI/ScriptDevAI/scripts/world/mob_generic_creature.cpp.o
#13 1724.0 [ 80%] Building CXX object src/game/CMakeFiles/game.dir/AI/ScriptDevAI/scripts/world/npc_professions.cpp.o
#13 1726.2 [ 80%] Building CXX object src/game/CMakeFiles/game.dir/AI/ScriptDevAI/scripts/world/npcs_special.cpp.o
#13 1726.8 [ 80%] Building CXX object src/game/CMakeFiles/game.dir/AI/ScriptDevAI/scripts/world/scourge_invasion.cpp.o
#13 1729.5 [ 80%] Building CXX object src/game/CMakeFiles/game.dir/AI/ScriptDevAI/scripts/world/spell_scripts.cpp.o
#13 1732.0 [ 80%] Building CXX object src/game/CMakeFiles/game.dir/AI/ScriptDevAI/scripts/world/war_effort.cpp.o
#13 1733.0 [ 81%] Building CXX object src/game/CMakeFiles/game.dir/AI/ScriptDevAI/scripts/world/world_map_scripts.cpp.o
#13 1735.0 [ 81%] Building CXX object src/game/CMakeFiles/game.dir/AI/ScriptDevAI/system/ScriptLoader.cpp.o
#13 1735.4 [ 81%] Building CXX object src/game/CMakeFiles/game.dir/AI/ScriptDevAI/system/system.cpp.o
#13 1737.4 [ 81%] Building CXX object src/game/CMakeFiles/game.dir/Accounts/AccountMgr.cpp.o
#13 1738.1 [ 81%] Building CXX object src/game/CMakeFiles/game.dir/Addons/AddonHandler.cpp.o
#13 1740.2 [ 81%] Building CXX object src/game/CMakeFiles/game.dir/Anticheat/module/AddonHandler.cpp.o
#13 1740.9 [ 81%] Building CXX object src/game/CMakeFiles/game.dir/Anticheat/module/Antispam/antispam.cpp.o
#13 1743.3 [ 81%] Building CXX object src/game/CMakeFiles/game.dir/Anticheat/module/Antispam/antispammgr.cpp.o
#13 1745.2 [ 81%] Building CXX object src/game/CMakeFiles/game.dir/Anticheat/module/Movement/movement.cpp.o
#13 1749.1 [ 81%] Building CXX object src/game/CMakeFiles/game.dir/Anticheat/module/Warden/warden.cpp.o
#13 1752.2 [ 81%] Building CXX object src/game/CMakeFiles/game.dir/Anticheat/module/Warden/wardenmac.cpp.o
#13 1753.0 [ 82%] Building CXX object src/game/CMakeFiles/game.dir/Anticheat/module/Warden/wardenmodule.cpp.o
#13 1755.8 [ 82%] Building CXX object src/game/CMakeFiles/game.dir/Anticheat/module/Warden/wardenmodulemgr.cpp.o
#13 1755.8 [ 82%] Building CXX object src/game/CMakeFiles/game.dir/Anticheat/module/Warden/wardenscan.cpp.o
#13 1758.8 [ 82%] Building CXX object src/game/CMakeFiles/game.dir/Anticheat/module/Warden/wardenscanmgr.cpp.o
#13 1760.1 [ 82%] Building CXX object src/game/CMakeFiles/game.dir/Anticheat/module/Warden/wardenwin.cpp.o
#13 1762.6 [ 82%] Building CXX object src/game/CMakeFiles/game.dir/Anticheat/module/anticheatchatcommandsfunctions.cpp.o
#13 1765.4 [ 82%] Building CXX object src/game/CMakeFiles/game.dir/Anticheat/module/config.cpp.o
#13 1766.1 [ 82%] Building CXX object src/game/CMakeFiles/game.dir/Anticheat/module/libanticheat.cpp.o
#13 1768.3 [ 82%] Building CXX object src/game/CMakeFiles/game.dir/AuctionHouse/AuctionHouseHandler.cpp.o
#13 1771.0 [ 82%] Building CXX object src/game/CMakeFiles/game.dir/AuctionHouse/AuctionHouseMgr.cpp.o
#13 1772.1 [ 83%] Building CXX object src/game/CMakeFiles/game.dir/AuctionHouseBot/AuctionHouseBot.cpp.o
#13 1774.9 [ 83%] Building CXX object src/game/CMakeFiles/game.dir/BattleGround/BattleGround.cpp.o
#13 1776.1 [ 83%] Building CXX object src/game/CMakeFiles/game.dir/BattleGround/BattleGroundAB.cpp.o
#13 1779.1 [ 83%] Building CXX object src/game/CMakeFiles/game.dir/BattleGround/BattleGroundAV.cpp.o
#13 1779.2 /src/mangos-classic/src/game/BattleGround/BattleGroundAV.cpp: In member function 'void BattleGroundAV::InitializeNode(AVNodeIds)':
#13 1779.2 /src/mangos-classic/src/game/BattleGround/BattleGroundAV.cpp:806:62: warning: arithmetic between different enumeration types 'const PvpTeamIndex' and 'AVGenericVariables' is deprecated [-Wdeprecated-enum-enum-conversion]
#13 1779.2   806 |     m_activeEvents[node] = avNodeDefaults[node].initialOwner * BG_AV_MAX_STATES + m_nodes[node].state;
#13 1779.2       |                            ~~~~~~~~~~~~~~~~~~~~~~~~~~~~~~~~~~^~~~~~~~~~~~~~~~~~
#13 1779.2 /src/mangos-classic/src/game/BattleGround/BattleGroundAV.cpp:810:29: warning: arithmetic between different enumeration types 'AVNodeIds' and 'AVGenericVariables' is deprecated [-Wdeprecated-enum-enum-conversion]
#13 1779.2   810 |         m_activeEvents[node + BG_AV_MAX_NODES] = static_cast<uint8>(avNodeDefaults[node].initialOwner) * static_cast<uint8>(BG_AV_MAX_GRAVETYPES);
#13 1779.2       |                        ~~~~~^~~~~~~~~~~~~~~~~
#13 1780.4 [ 83%] Building CXX object src/game/CMakeFiles/game.dir/BattleGround/BattleGroundHandler.cpp.o
#13 1782.4 [ 83%] Building CXX object src/game/CMakeFiles/game.dir/BattleGround/BattleGroundMgr.cpp.o
#13 1784.7 [ 83%] Building CXX object src/game/CMakeFiles/game.dir/BattleGround/BattleGroundQueue.cpp.o
#13 1787.6 [ 83%] Building CXX object src/game/CMakeFiles/game.dir/BattleGround/BattleGroundWS.cpp.o
#13 1789.6 [ 83%] Building CXX object src/game/CMakeFiles/game.dir/Chat/Channel.cpp.o
#13 1790.6 [ 83%] Building CXX object src/game/CMakeFiles/game.dir/Chat/ChannelHandler.cpp.o
#13 1793.7 [ 83%] Building CXX object src/game/CMakeFiles/game.dir/Chat/ChannelMgr.cpp.o
#13 1794.2 [ 84%] Building CXX object src/game/CMakeFiles/game.dir/Chat/Chat.cpp.o
#13 1796.7 [ 84%] Building CXX object src/game/CMakeFiles/game.dir/Chat/ChatHandler.cpp.o
#13 1802.6 [ 84%] Building CXX object src/game/CMakeFiles/game.dir/Chat/Level0.cpp.o
#13 1803.3 [ 84%] Building CXX object src/game/CMakeFiles/game.dir/Chat/Level1.cpp.o
#13 1805.4 [ 84%] Building CXX object src/game/CMakeFiles/game.dir/Chat/Level2.cpp.o
#13 1808.0 [ 84%] Building CXX object src/game/CMakeFiles/game.dir/Chat/Level3.cpp.o
#13 1813.1 [ 84%] Building CXX object src/game/CMakeFiles/game.dir/Chat/NpcCommands.cpp.o
#13 1815.5 [ 84%] Building CXX object src/game/CMakeFiles/game.dir/Chat/PetCommands.cpp.o
#13 1816.7 In file included from /usr/include/c++/12/string:40,
#13 1816.7                  from /src/mangos-classic/src/game/pchdef.h:17,
#13 1816.7                  from /src/mangos-classic/build/src/game/CMakeFiles/game.dir/cmake_pch.hxx:5,
#13 1816.7                  from <command-line>:
#13 1816.7 In static member function 'static constexpr std::char_traits<char>::char_type* std::char_traits<char>::copy(char_type*, const char_type*, std::size_t)',
#13 1816.7     inlined from 'static constexpr void std::__cxx11::basic_string<_CharT, _Traits, _Alloc>::_S_copy(_CharT*, const _CharT*, size_type) [with _CharT = char; _Traits = std::char_traits<char>; _Alloc = std::allocator<char>]' at /usr/include/c++/12/bits/basic_string.h:431:21,
#13 1816.7     inlined from 'constexpr std::__cxx11::basic_string<_CharT, _Traits, _Allocator>& std::__cxx11::basic_string<_CharT, _Traits, _Alloc>::_M_replace(size_type, size_type, const _CharT*, size_type) [with _CharT = char; _Traits = std::char_traits<char>; _Alloc = std::allocator<char>]' at /usr/include/c++/12/bits/basic_string.tcc:532:22,
#13 1816.7     inlined from 'constexpr std::__cxx11::basic_string<_CharT, _Traits, _Alloc>& std::__cxx11::basic_string<_CharT, _Traits, _Alloc>::replace(size_type, size_type, const _CharT*, size_type) [with _CharT = char; _Traits = std::char_traits<char>; _Alloc = std::allocator<char>]' at /usr/include/c++/12/bits/basic_string.h:2179:19,
#13 1816.7     inlined from 'constexpr std::__cxx11::basic_string<_CharT, _Traits, _Alloc>& std::__cxx11::basic_string<_CharT, _Traits, _Alloc>::insert(size_type, const _CharT*) [with _CharT = char; _Traits = std::char_traits<char>; _Alloc = std::allocator<char>]' at /usr/include/c++/12/bits/basic_string.h:1936:22,
#13 1816.7     inlined from 'constexpr std::__cxx11::basic_string<_CharT, _Traits, _Allocator> std::operator+(const _CharT*, __cxx11::basic_string<_CharT, _Traits, _Allocator>&&) [with _CharT = char; _Traits = char_traits<char>; _Alloc = allocator<char>]' at /usr/include/c++/12/bits/basic_string.h:3549:36,
#13 1816.7     inlined from 'bool ChatHandler::HandleBanInfoHelper(uint32, const char*)' at /src/mangos-classic/src/game/Chat/Level3.cpp:5151:37:
#13 1816.7 /usr/include/c++/12/bits/char_traits.h:435:56: warning: 'void* __builtin_memcpy(void*, const void*, long unsigned int)' specified bound between 9223372036854775810 and 18446744073709551615 exceeds maximum object size 9223372036854775807 [-Wstringop-overflow=]
#13 1816.7   435 |         return static_cast<char_type*>(__builtin_memcpy(__s1, __s2, __n));
#13 1816.7       |                                        ~~~~~~~~~~~~~~~~^~~~~~~~~~~~~~~~~
#13 1817.8 [ 84%] Building CXX object src/game/CMakeFiles/game.dir/Chat/TicketCommands.cpp.o
#13 1818.0 [ 84%] Building CXX object src/game/CMakeFiles/game.dir/Chat/debugcmds.cpp.o
#13 1820.9 [ 84%] Building CXX object src/game/CMakeFiles/game.dir/Cinematics/CinematicMgr.cpp.o
#13 1822.4 [ 85%] Building CXX object src/game/CMakeFiles/game.dir/Cinematics/M2Stores.cpp.o
#13 1823.5 [ 85%] Building CXX object src/game/CMakeFiles/game.dir/Combat/CombatHandler.cpp.o
#13 1825.6 [ 85%] Building CXX object src/game/CMakeFiles/game.dir/Combat/CombatManager.cpp.o
#13 1826.0 [ 85%] Building CXX object src/game/CMakeFiles/game.dir/Combat/DuelHandler.cpp.o
#13 1828.3 [ 85%] Building CXX object src/game/CMakeFiles/game.dir/Combat/HostileRefManager.cpp.o
#13 1828.5 [ 85%] Building CXX object src/game/CMakeFiles/game.dir/Combat/ThreatManager.cpp.o
#13 1830.9 [ 85%] Building CXX object src/game/CMakeFiles/game.dir/DBScripts/ScriptMgr.cpp.o
#13 1832.0 [ 85%] Building CXX object src/game/CMakeFiles/game.dir/Entities/Bag.cpp.o
#13 1834.5 [ 85%] Building CXX object src/game/CMakeFiles/game.dir/Entities/Camera.cpp.o
#13 1837.8 [ 85%] Building CXX object src/game/CMakeFiles/game.dir/Entities/CharacterHandler.cpp.o
#13 1839.0 [ 86%] Building CXX object src/game/CMakeFiles/game.dir/Entities/Corpse.cpp.o
#13 1842.4 [ 86%] Building CXX object src/game/CMakeFiles/game.dir/Entities/Creature.cpp.o
#13 1843.1 /src/mangos-classic/src/game/Entities/Creature.cpp: In member function 'void Creature::SetVirtualItem(VirtualItemSlot, uint32)':
#13 1843.1 /src/mangos-classic/src/game/Entities/Creature.cpp:2751:55: warning: arithmetic between different enumeration types 'EUnitFields' and 'VirtualItemSlot' is deprecated [-Wdeprecated-enum-enum-conversion]
#13 1843.1  2751 |         SetUInt32Value(UNIT_VIRTUAL_ITEM_SLOT_DISPLAY + slot, 0);
#13 1843.1       |                        ~~~~~~~~~~~~~~~~~~~~~~~~~~~~~~~^~~~~~
#13 1843.1 /src/mangos-classic/src/game/Entities/Creature.cpp:2764:51: warning: arithmetic between different enumeration types 'EUnitFields' and 'VirtualItemSlot' is deprecated [-Wdeprecated-enum-enum-conversion]
#13 1843.1  2764 |     SetUInt32Value(UNIT_VIRTUAL_ITEM_SLOT_DISPLAY + slot, proto->DisplayInfoID);
#13 1843.1       |                    ~~~~~~~~~~~~~~~~~~~~~~~~~~~~~~~^~~~~~
#13 1844.2 [ 86%] Building CXX object src/game/CMakeFiles/game.dir/Entities/CreatureLinkingMgr.cpp.o
#13 1847.6 [ 86%] Building CXX object src/game/CMakeFiles/game.dir/Entities/CreatureSettings.cpp.o
#13 1849.5 [ 86%] Building CXX object src/game/CMakeFiles/game.dir/Entities/DynamicObject.cpp.o
#13 1850.0 [ 86%] Building CXX object src/game/CMakeFiles/game.dir/Entities/EntitiesMgr.cpp.o
#13 1852.4 [ 86%] Building CXX object src/game/CMakeFiles/game.dir/Entities/GameObject.cpp.o
#13 1853.2 [ 86%] Building CXX object src/game/CMakeFiles/game.dir/Entities/GossipDef.cpp.o
#13 1857.6 [ 86%] Building CXX object src/game/CMakeFiles/game.dir/Entities/Item.cpp.o
#13 1859.0 [ 86%] Building CXX object src/game/CMakeFiles/game.dir/Entities/ItemEnchantmentMgr.cpp.o
#13 1861.6 [ 86%] Building CXX object src/game/CMakeFiles/game.dir/Entities/ItemHandler.cpp.o
#13 1861.8 [ 87%] Building CXX object src/game/CMakeFiles/game.dir/Entities/MiscHandler.cpp.o
#13 1865.4 [ 87%] Building CXX object src/game/CMakeFiles/game.dir/Entities/NPCHandler.cpp.o
#13 1866.4 [ 87%] Building CXX object src/game/CMakeFiles/game.dir/Entities/Object.cpp.o
#13 1869.5 [ 87%] Building CXX object src/game/CMakeFiles/game.dir/Entities/ObjectGuid.cpp.o
#13 1872.3 [ 87%] Building CXX object src/game/CMakeFiles/game.dir/Entities/ObjectVisibility.cpp.o
#13 1873.9 [ 87%] Building CXX object src/game/CMakeFiles/game.dir/Entities/Pet.cpp.o
#13 1874.9 [ 87%] Building CXX object src/game/CMakeFiles/game.dir/Entities/PetHandler.cpp.o
#13 1878.3 [ 87%] Building CXX object src/game/CMakeFiles/game.dir/Entities/PetitionsHandler.cpp.o
#13 1879.2 [ 87%] Building CXX object src/game/CMakeFiles/game.dir/Entities/Player.cpp.o
#13 1882.7 [ 87%] Building CXX object src/game/CMakeFiles/game.dir/Entities/QueryHandler.cpp.o
#13 1887.0 [ 88%] Building CXX object src/game/CMakeFiles/game.dir/Entities/Relations.cpp.o
#13 1890.4 [ 88%] Building CXX object src/game/CMakeFiles/game.dir/Entities/SkillHandler.cpp.o
#13 1893.1 [ 88%] Building CXX object src/game/CMakeFiles/game.dir/Entities/StatSystem.cpp.o
#13 1896.0 [ 88%] Building CXX object src/game/CMakeFiles/game.dir/Entities/Taxi.cpp.o
#13 1899.5 [ 88%] Building CXX object src/game/CMakeFiles/game.dir/Entities/TemporarySpawn.cpp.o
#13 1902.2 [ 88%] Building CXX object src/game/CMakeFiles/game.dir/Entities/Totem.cpp.o
#13 1903.2 [ 88%] Building CXX object src/game/CMakeFiles/game.dir/Entities/Transports.cpp.o
#13 1905.1 [ 88%] Building CXX object src/game/CMakeFiles/game.dir/Entities/Unit.cpp.o
#13 1906.9 [ 88%] Building CXX object src/game/CMakeFiles/game.dir/Entities/UpdateData.cpp.o
#13 1910.0 [ 88%] Building CXX object src/game/CMakeFiles/game.dir/Entities/UpdateFields.cpp.o
#13 1912.6 [ 88%] Building CXX object src/game/CMakeFiles/game.dir/GMTickets/GMTicketHandler.cpp.o
#13 1915.8 [ 89%] Building CXX object src/game/CMakeFiles/game.dir/GMTickets/GMTicketMgr.cpp.o
#13 1921.1 [ 89%] Building CXX object src/game/CMakeFiles/game.dir/GameEvents/GameEventMgr.cpp.o
#13 1924.8 [ 89%] Building CXX object src/game/CMakeFiles/game.dir/GameEvents/moon.cpp.o
#13 1926.8 [ 89%] Building CXX object src/game/CMakeFiles/game.dir/Globals/CombatCondition.cpp.o
#13 1927.3 [ 89%] Building CXX object src/game/CMakeFiles/game.dir/Globals/Conditions.cpp.o
#13 1930.1 [ 89%] Building CXX object src/game/CMakeFiles/game.dir/Globals/GraveyardManager.cpp.o
#13 1931.1 [ 89%] Building CXX object src/game/CMakeFiles/game.dir/Globals/Locales.cpp.o
#13 1932.9 [ 89%] Building CXX object src/game/CMakeFiles/game.dir/Globals/ObjectAccessor.cpp.o
#13 1933.5 [ 89%] Building CXX object src/game/CMakeFiles/game.dir/Globals/ObjectMgr.cpp.o
#13 1936.3 [ 89%] Building CXX object src/game/CMakeFiles/game.dir/Globals/UnitCondition.cpp.o
#13 1939.4 [ 89%] Building CXX object src/game/CMakeFiles/game.dir/Grids/GridNotifiers.cpp.o
#13 1942.8 [ 90%] Building CXX object src/game/CMakeFiles/game.dir/Grids/GridStates.cpp.o
#13 1945.4 [ 90%] Building CXX object src/game/CMakeFiles/game.dir/Grids/ObjectGridLoader.cpp.o
#13 1948.7 [ 90%] Building CXX object src/game/CMakeFiles/game.dir/Groups/Group.cpp.o
#13 1953.7 [ 90%] Building CXX object src/game/CMakeFiles/game.dir/Groups/GroupHandler.cpp.o
#13 1957.0 [ 90%] Building CXX object src/game/CMakeFiles/game.dir/Groups/GroupReference.cpp.o
#13 1958.0 [ 90%] Building CXX object src/game/CMakeFiles/game.dir/Guilds/Guild.cpp.o
#13 1959.5 [ 90%] Building CXX object src/game/CMakeFiles/game.dir/Guilds/GuildHandler.cpp.o
#13 1962.7 [ 90%] Building CXX object src/game/CMakeFiles/game.dir/Guilds/GuildMgr.cpp.o
#13 1963.6 [ 90%] Building CXX object src/game/CMakeFiles/game.dir/LFG/LFGHandler.cpp.o
#13 1965.8 [ 90%] Building CXX object src/game/CMakeFiles/game.dir/LFG/LFGMgr.cpp.o
#13 1966.5 [ 91%] Building CXX object src/game/CMakeFiles/game.dir/LFG/LFGQueue.cpp.o
#13 1969.0 [ 91%] Building CXX object src/game/CMakeFiles/game.dir/Loot/LootHandler.cpp.o
#13 1970.4 [ 91%] Building CXX object src/game/CMakeFiles/game.dir/Loot/LootMgr.cpp.o
#13 1971.7 [ 91%] Building CXX object src/game/CMakeFiles/game.dir/Mails/Mail.cpp.o
#13 1975.0 [ 91%] Building CXX object src/game/CMakeFiles/game.dir/Mails/MailHandler.cpp.o
#13 1977.7 [ 91%] Building CXX object src/game/CMakeFiles/game.dir/Mails/MassMailMgr.cpp.o
#13 1979.1 [ 91%] Building CXX object src/game/CMakeFiles/game.dir/Maps/GridMap.cpp.o
#13 1980.9 [ 91%] Building CXX object src/game/CMakeFiles/game.dir/Maps/InstanceData.cpp.o
#13 1982.9 [ 91%] Building CXX object src/game/CMakeFiles/game.dir/Maps/Map.cpp.o
#13 1983.4 [ 91%] Building CXX object src/game/CMakeFiles/game.dir/Maps/MapDataContainer.cpp.o
#13 1986.7 [ 91%] Building CXX object src/game/CMakeFiles/game.dir/Maps/MapManager.cpp.o
#13 1991.1 [ 92%] Building CXX object src/game/CMakeFiles/game.dir/Maps/MapPersistentStateMgr.cpp.o
#13 1994.5 [ 92%] Building CXX object src/game/CMakeFiles/game.dir/Maps/MapUpdater.cpp.o
#13 1996.0 [ 92%] Building CXX object src/game/CMakeFiles/game.dir/Maps/ObjectPosSelector.cpp.o
#13 1997.5 [ 92%] Building CXX object src/game/CMakeFiles/game.dir/Maps/SpawnGroup.cpp.o
#13 1998.5 [ 92%] Building CXX object src/game/CMakeFiles/game.dir/Maps/SpawnManager.cpp.o
#13 2002.1 [ 92%] Building CXX object src/game/CMakeFiles/game.dir/Maps/TaxiHandler.cpp.o
#13 2002.9 [ 92%] Building CXX object src/game/CMakeFiles/game.dir/Maps/TransportMgr.cpp.o
#13 2004.9 [ 92%] Building CXX object src/game/CMakeFiles/game.dir/MotionGenerators/FollowerReference.cpp.o
#13 2006.3 [ 92%] Building CXX object src/game/CMakeFiles/game.dir/MotionGenerators/HomeMovementGenerator.cpp.o
#13 2007.5 [ 92%] Building CXX object src/game/CMakeFiles/game.dir/MotionGenerators/IdleMovementGenerator.cpp.o
#13 2009.1 [ 93%] Building CXX object src/game/CMakeFiles/game.dir/MotionGenerators/MotionMaster.cpp.o
#13 2009.9 [ 93%] Building CXX object src/game/CMakeFiles/game.dir/MotionGenerators/MoveMap.cpp.o
#13 2013.1 [ 93%] Building CXX object src/game/CMakeFiles/game.dir/MotionGenerators/MovementGenerator.cpp.o
#13 2013.9 [ 93%] Building CXX object src/game/CMakeFiles/game.dir/MotionGenerators/MovementHandler.cpp.o
#13 2015.6 [ 93%] Building CXX object src/game/CMakeFiles/game.dir/MotionGenerators/PathFinder.cpp.o
#13 2017.8 [ 93%] Building CXX object src/game/CMakeFiles/game.dir/MotionGenerators/PathMovementGenerator.cpp.o
#13 2019.5 [ 93%] Building CXX object src/game/CMakeFiles/game.dir/MotionGenerators/PointMovementGenerator.cpp.o
#13 2021.3 [ 93%] Building CXX object src/game/CMakeFiles/game.dir/MotionGenerators/RandomMovementGenerator.cpp.o
#13 2022.4 [ 93%] Building CXX object src/game/CMakeFiles/game.dir/MotionGenerators/TargetedMovementGenerator.cpp.o
#13 2024.1 [ 93%] Building CXX object src/game/CMakeFiles/game.dir/MotionGenerators/WaypointManager.cpp.o
#13 2027.5 [ 93%] Building CXX object src/game/CMakeFiles/game.dir/MotionGenerators/WaypointMovementGenerator.cpp.o
#13 2028.1 [ 94%] Building CXX object src/game/CMakeFiles/game.dir/MotionGenerators/WrapperMovementGenerator.cpp.o
#13 2030.9 [ 94%] Building CXX object src/game/CMakeFiles/game.dir/Movement/MoveSpline.cpp.o
#13 2031.0 [ 94%] Building CXX object src/game/CMakeFiles/game.dir/Movement/MoveSplineInit.cpp.o
#13 2033.9 [ 94%] Building CXX object src/game/CMakeFiles/game.dir/Movement/packet_builder.cpp.o
#13 2033.9 [ 94%] Building CXX object src/game/CMakeFiles/game.dir/Movement/spline.cpp.o
#13 2036.8 [ 94%] Building CXX object src/game/CMakeFiles/game.dir/Movement/util.cpp.o
#13 2036.9 [ 94%] Building CXX object src/game/CMakeFiles/game.dir/OutdoorPvP/OutdoorPvP.cpp.o
#13 2039.2 [ 94%] Building CXX object src/game/CMakeFiles/game.dir/OutdoorPvP/OutdoorPvPEP.cpp.o
#13 2040.1 [ 94%] Building CXX object src/game/CMakeFiles/game.dir/OutdoorPvP/OutdoorPvPMgr.cpp.o
#13 2042.3 [ 94%] Building CXX object src/game/CMakeFiles/game.dir/OutdoorPvP/OutdoorPvPSI.cpp.o
#13 2042.9 [ 94%] Building CXX object src/game/CMakeFiles/game.dir/Pools/PoolManager.cpp.o
#13 2045.1 [ 95%] Building CXX object src/game/CMakeFiles/game.dir/Quests/QuestDef.cpp.o
#13 2048.0 [ 95%] Building CXX object src/game/CMakeFiles/game.dir/Quests/QuestHandler.cpp.o
#13 2048.2 [ 95%] Building CXX object src/game/CMakeFiles/game.dir/Reputation/ReputationMgr.cpp.o
#13 2051.7 [ 95%] Building CXX object src/game/CMakeFiles/game.dir/Server/AuthCrypt.cpp.o
#13 2051.9 [ 95%] Building CXX object src/game/CMakeFiles/game.dir/Server/DBCStores.cpp.o
#13 2054.2 [ 95%] Building CXX object src/game/CMakeFiles/game.dir/Server/Opcodes.cpp.o
#13 2056.6 [ 95%] Building CXX object src/game/CMakeFiles/game.dir/Server/PacketLog.cpp.o
#13 2059.3 [ 95%] Building CXX object src/game/CMakeFiles/game.dir/Server/SQLStorages.cpp.o
#13 2061.6 [ 95%] Building CXX object src/game/CMakeFiles/game.dir/Server/WorldSession.cpp.o
#13 2061.8 [ 95%] Building CXX object src/game/CMakeFiles/game.dir/Server/WorldSocket.cpp.o
#13 2068.1 [ 96%] Building CXX object src/game/CMakeFiles/game.dir/Social/SocialMgr.cpp.o
#13 2068.5 [ 96%] Building CXX object src/game/CMakeFiles/game.dir/Spells/Scripts/Scripting/ClassScripts/Druid.cpp.o
#13 2071.0 [ 96%] Building CXX object src/game/CMakeFiles/game.dir/Spells/Scripts/Scripting/ClassScripts/Hunter.cpp.o
#13 2071.5 [ 96%] Building CXX object src/game/CMakeFiles/game.dir/Spells/Scripts/Scripting/ClassScripts/Mage.cpp.o
#13 2073.6 [ 96%] Building CXX object src/game/CMakeFiles/game.dir/Spells/Scripts/Scripting/ClassScripts/Paladin.cpp.o
#13 2074.0 [ 96%] Building CXX object src/game/CMakeFiles/game.dir/Spells/Scripts/Scripting/ClassScripts/Priest.cpp.o
#13 2076.3 [ 96%] Building CXX object src/game/CMakeFiles/game.dir/Spells/Scripts/Scripting/ClassScripts/Rogue.cpp.o
#13 2076.6 [ 96%] Building CXX object src/game/CMakeFiles/game.dir/Spells/Scripts/Scripting/ClassScripts/Shaman.cpp.o
#13 2079.0 [ 96%] Building CXX object src/game/CMakeFiles/game.dir/Spells/Scripts/Scripting/ClassScripts/Warlock.cpp.o
#13 2079.4 [ 96%] Building CXX object src/game/CMakeFiles/game.dir/Spells/Scripts/Scripting/ClassScripts/Warrior.cpp.o
#13 2082.0 [ 96%] Building CXX object src/game/CMakeFiles/game.dir/Spells/Scripts/SpellScript.cpp.o
#13 2082.0 [ 97%] Building CXX object src/game/CMakeFiles/game.dir/Spells/Spell.cpp.o
#13 2085.2 [ 97%] Building CXX object src/game/CMakeFiles/game.dir/Spells/SpellAuras.cpp.o
#13 2092.4 [ 97%] Building CXX object src/game/CMakeFiles/game.dir/Spells/SpellDefines.cpp.o
#13 2094.8 [ 97%] Building CXX object src/game/CMakeFiles/game.dir/Spells/SpellEffects.cpp.o
#13 2095.5 [ 97%] Building CXX object src/game/CMakeFiles/game.dir/Spells/SpellHandler.cpp.o
#13 2098.5 [ 97%] Building CXX object src/game/CMakeFiles/game.dir/Spells/SpellMgr.cpp.o
#13 2101.9 [ 97%] Building CXX object src/game/CMakeFiles/game.dir/Spells/SpellStacking.cpp.o
#13 2105.0 [ 97%] Building CXX object src/game/CMakeFiles/game.dir/Spells/SpellTargets.cpp.o
#13 2105.1 [ 97%] Building CXX object src/game/CMakeFiles/game.dir/Spells/UnitAuraProcHandler.cpp.o
#13 2107.8 [ 97%] Building CXX object src/game/CMakeFiles/game.dir/Tools/CharacterDatabaseCleaner.cpp.o
#13 2108.5 [ 98%] Building CXX object src/game/CMakeFiles/game.dir/Tools/PlayerDump.cpp.o
#13 2110.6 [ 98%] Building CXX object src/game/CMakeFiles/game.dir/Trade/TradeHandler.cpp.o
#13 2112.2 [ 98%] Building CXX object src/game/CMakeFiles/game.dir/Weather/Weather.cpp.o
#13 2114.3 [ 98%] Building CXX object src/game/CMakeFiles/game.dir/World/World.cpp.o
#13 2115.3 [ 98%] Building CXX object src/game/CMakeFiles/game.dir/World/WorldState.cpp.o
#13 2120.3 In file included from /usr/include/c++/12/string:40,
#13 2120.3                  from /src/mangos-classic/src/game/pchdef.h:17,
#13 2120.3                  from /src/mangos-classic/build/src/game/CMakeFiles/game.dir/cmake_pch.hxx:5,
#13 2120.3                  from <command-line>:
#13 2120.3 In static member function 'static constexpr std::char_traits<char>::char_type* std::char_traits<char>::copy(char_type*, const char_type*, std::size_t)',
#13 2120.3     inlined from 'static constexpr void std::__cxx11::basic_string<_CharT, _Traits, _Alloc>::_S_copy(_CharT*, const _CharT*, size_type) [with _CharT = char; _Traits = std::char_traits<char>; _Alloc = std::allocator<char>]' at /usr/include/c++/12/bits/basic_string.h:431:21,
#13 2120.3     inlined from 'constexpr std::__cxx11::basic_string<_CharT, _Traits, _Allocator>& std::__cxx11::basic_string<_CharT, _Traits, _Alloc>::_M_replace(size_type, size_type, const _CharT*, size_type) [with _CharT = char; _Traits = std::char_traits<char>; _Alloc = std::allocator<char>]' at /usr/include/c++/12/bits/basic_string.tcc:532:22,
#13 2120.3     inlined from 'constexpr std::__cxx11::basic_string<_CharT, _Traits, _Alloc>& std::__cxx11::basic_string<_CharT, _Traits, _Alloc>::replace(size_type, size_type, const _CharT*, size_type) [with _CharT = char; _Traits = std::char_traits<char>; _Alloc = std::allocator<char>]' at /usr/include/c++/12/bits/basic_string.h:2179:19,
#13 2120.3     inlined from 'constexpr std::__cxx11::basic_string<_CharT, _Traits, _Alloc>& std::__cxx11::basic_string<_CharT, _Traits, _Alloc>::insert(size_type, const _CharT*) [with _CharT = char; _Traits = std::char_traits<char>; _Alloc = std::allocator<char>]' at /usr/include/c++/12/bits/basic_string.h:1936:22,
#13 2120.3     inlined from 'constexpr std::__cxx11::basic_string<_CharT, _Traits, _Allocator> std::operator+(const _CharT*, __cxx11::basic_string<_CharT, _Traits, _Allocator>&&) [with _CharT = char; _Traits = char_traits<char>; _Alloc = allocator<char>]' at /usr/include/c++/12/bits/basic_string.h:3549:36,
#13 2120.3     inlined from 'std::string WorldState::GetAQPrintout()' at /src/mangos-classic/src/game/World/WorldState.cpp:994:23:
#13 2120.3 /usr/include/c++/12/bits/char_traits.h:435:56: warning: 'void* __builtin_memcpy(void*, const void*, long unsigned int)' specified bound between 9223372036854775810 and 18446744073709551615 exceeds maximum object size 9223372036854775807 [-Wstringop-overflow=]
#13 2120.3   435 |         return static_cast<char_type*>(__builtin_memcpy(__s1, __s2, __n));
#13 2120.3       |                                        ~~~~~~~~~~~~~~~~^~~~~~~~~~~~~~~~~
#13 2120.3 In static member function 'static constexpr std::char_traits<char>::char_type* std::char_traits<char>::copy(char_type*, const char_type*, std::size_t)',
#13 2120.3     inlined from 'static constexpr void std::__cxx11::basic_string<_CharT, _Traits, _Alloc>::_S_copy(_CharT*, const _CharT*, size_type) [with _CharT = char; _Traits = std::char_traits<char>; _Alloc = std::allocator<char>]' at /usr/include/c++/12/bits/basic_string.h:431:21,
#13 2120.3     inlined from 'constexpr std::__cxx11::basic_string<_CharT, _Traits, _Allocator>& std::__cxx11::basic_string<_CharT, _Traits, _Alloc>::_M_replace(size_type, size_type, const _CharT*, size_type) [with _CharT = char; _Traits = std::char_traits<char>; _Alloc = std::allocator<char>]' at /usr/include/c++/12/bits/basic_string.tcc:532:22,
#13 2120.3     inlined from 'constexpr std::__cxx11::basic_string<_CharT, _Traits, _Alloc>& std::__cxx11::basic_string<_CharT, _Traits, _Alloc>::replace(size_type, size_type, const _CharT*, size_type) [with _CharT = char; _Traits = std::char_traits<char>; _Alloc = std::allocator<char>]' at /usr/include/c++/12/bits/basic_string.h:2179:19,
#13 2120.3     inlined from 'constexpr std::__cxx11::basic_string<_CharT, _Traits, _Alloc>& std::__cxx11::basic_string<_CharT, _Traits, _Alloc>::insert(size_type, const _CharT*) [with _CharT = char; _Traits = std::char_traits<char>; _Alloc = std::allocator<char>]' at /usr/include/c++/12/bits/basic_string.h:1936:22,
#13 2120.3     inlined from 'constexpr std::__cxx11::basic_string<_CharT, _Traits, _Allocator> std::operator+(const _CharT*, __cxx11::basic_string<_CharT, _Traits, _Allocator>&&) [with _CharT = char; _Traits = char_traits<char>; _Alloc = allocator<char>]' at /usr/include/c++/12/bits/basic_string.h:3549:36,
#13 2120.3     inlined from 'std::string AhnQirajData::GetData()' at /src/mangos-classic/src/game/World/WorldState.cpp:1004:23:
#13 2120.3 /usr/include/c++/12/bits/char_traits.h:435:56: warning: 'void* __builtin_memcpy(void*, const void*, long unsigned int)' specified bound between 9223372036854775810 and 18446744073709551615 exceeds maximum object size 9223372036854775807 [-Wstringop-overflow=]
#13 2120.3   435 |         return static_cast<char_type*>(__builtin_memcpy(__s1, __s2, __n));
#13 2120.3       |                                        ~~~~~~~~~~~~~~~~^~~~~~~~~~~~~~~~~
#13 2121.5 [ 98%] Building CXX object src/game/CMakeFiles/game.dir/World/WorldStateExpression.cpp.o
#13 2123.0 [ 98%] Building CXX object src/game/CMakeFiles/game.dir/World/WorldStateVariableManager.cpp.o
#13 2124.8 [ 98%] Building CXX object src/game/CMakeFiles/game.dir/vmap/BIH.cpp.o
#13 2126.2 [ 98%] Building CXX object src/game/CMakeFiles/game.dir/vmap/DynamicTree.cpp.o
#13 2127.7 [ 98%] Building CXX object src/game/CMakeFiles/game.dir/vmap/GameObjectModel.cpp.o
#13 2130.3 [ 98%] Building CXX object src/game/CMakeFiles/game.dir/vmap/MapTree.cpp.o
#13 2131.0 [ 99%] Building CXX object src/game/CMakeFiles/game.dir/vmap/ModelInstance.cpp.o
#13 2133.7 [ 99%] Building CXX object src/game/CMakeFiles/game.dir/vmap/TileAssembler.cpp.o
#13 2133.8 [ 99%] Building CXX object src/game/CMakeFiles/game.dir/vmap/VMapFactory.cpp.o
#13 2136.4 [ 99%] Building CXX object src/game/CMakeFiles/game.dir/vmap/VMapManager2.cpp.o
#13 2138.4 [ 99%] Building CXX object src/game/CMakeFiles/game.dir/vmap/WorldModel.cpp.o
#13 2141.9 [ 99%] Linking CXX static library libgame.a
#13 2142.8 [ 99%] Built target game
#13 2142.9 [ 99%] Building CXX object src/mangosd/CMakeFiles/mangosd.dir/CliRunnable.cpp.o
#13 2142.9 [ 99%] Building CXX object src/mangosd/CMakeFiles/mangosd.dir/MaNGOSsoap.cpp.o
#13 2146.7 [ 99%] Building CXX object src/mangosd/CMakeFiles/mangosd.dir/Main.cpp.o
#13 2148.2 In file included from /src/mangos-classic/src/game/Globals/ObjectMgr.h:25,
#13 2148.2                  from /src/mangos-classic/src/mangosd/CliRunnable.cpp:27:
#13 2148.2 /src/mangos-classic/src/game/Entities/Player.h: In member function 'void Player::ApplyStatBuffMod(Stats, float, bool)':
#13 2148.2 /src/mangos-classic/src/game/Entities/Player.h:1823:126: warning: arithmetic between different enumeration types 'EUnitFields' and 'Stats' is deprecated [-Wdeprecated-enum-enum-conversion]
#13 2148.2  1823 |         void ApplyStatBuffMod(Stats stat, float val, bool apply) { ApplyModSignedFloatValue((val > 0 ? PLAYER_FIELD_POSSTAT0 + stat : PLAYER_FIELD_NEGSTAT0 + stat), val, apply); }
#13 2148.2       |                                                                                                        ~~~~~~~~~~~~~~~~~~~~~~^~~~~~
#13 2148.2 /src/mangos-classic/src/game/Entities/Player.h:1823:157: warning: arithmetic between different enumeration types 'EUnitFields' and 'Stats' is deprecated [-Wdeprecated-enum-enum-conversion]
#13 2148.2  1823 |         void ApplyStatBuffMod(Stats stat, float val, bool apply) { ApplyModSignedFloatValue((val > 0 ? PLAYER_FIELD_POSSTAT0 + stat : PLAYER_FIELD_NEGSTAT0 + stat), val, apply); }
#13 2148.2       |                                                                                                                                       ~~~~~~~~~~~~~~~~~~~~~~^~~~~~
#13 2148.2 /src/mangos-classic/src/game/Entities/Player.h: In member function 'void Player::ApplyStatPercentBuffMod(Stats, float, bool)':
#13 2148.2 /src/mangos-classic/src/game/Entities/Player.h:1826:61: warning: arithmetic between different enumeration types 'EUnitFields' and 'Stats' is deprecated [-Wdeprecated-enum-enum-conversion]
#13 2148.2  1826 |             ApplyPercentModFloatValue(PLAYER_FIELD_POSSTAT0 + stat, val, apply);
#13 2148.2       |                                       ~~~~~~~~~~~~~~~~~~~~~~^~~~~~
#13 2148.2 /src/mangos-classic/src/game/Entities/Player.h:1827:61: warning: arithmetic between different enumeration types 'EUnitFields' and 'Stats' is deprecated [-Wdeprecated-enum-enum-conversion]
#13 2148.2  1827 |             ApplyPercentModFloatValue(PLAYER_FIELD_NEGSTAT0 + stat, val, apply);
#13 2148.2       |                                       ~~~~~~~~~~~~~~~~~~~~~~^~~~~~
#13 2148.2 /src/mangos-classic/src/game/Entities/Player.h: In member function 'float Player::GetPosStat(Stats) const':
#13 2148.2 /src/mangos-classic/src/game/Entities/Player.h:1829:89: warning: arithmetic between different enumeration types 'EUnitFields' and 'Stats' is deprecated [-Wdeprecated-enum-enum-conversion]
#13 2148.2  1829 |         float GetPosStat(Stats stat) const { return GetFloatValue(PLAYER_FIELD_POSSTAT0 + stat); }
#13 2148.2       |                                                                   ~~~~~~~~~~~~~~~~~~~~~~^~~~~~
#13 2148.2 /src/mangos-classic/src/game/Entities/Player.h: In member function 'float Player::GetNegStat(Stats) const':
#13 2148.2 /src/mangos-classic/src/game/Entities/Player.h:1830:89: warning: arithmetic between different enumeration types 'EUnitFields' and 'Stats' is deprecated [-Wdeprecated-enum-enum-conversion]
#13 2148.2  1830 |         float GetNegStat(Stats stat) const { return GetFloatValue(PLAYER_FIELD_NEGSTAT0 + stat); }
#13 2148.2       |                                                                   ~~~~~~~~~~~~~~~~~~~~~~^~~~~~
#13 2148.2 /src/mangos-classic/src/game/Entities/Player.h: In member function 'float Player::GetResistanceBuffMods(SpellSchools, bool) const':
#13 2148.2 /src/mangos-classic/src/game/Entities/Player.h:1831:153: warning: arithmetic between different enumeration types 'EUnitFields' and 'SpellSchools' is deprecated [-Wdeprecated-enum-enum-conversion]
#13 2148.2  1831 |         float GetResistanceBuffMods(SpellSchools school, bool positive) const { return GetFloatValue(positive ? PLAYER_FIELD_RESISTANCEBUFFMODSPOSITIVE + school : PLAYER_FIELD_RESISTANCEBUFFMODSNEGATIVE + school); }
#13 2148.2       |                                                                                                                 ~~~~~~~~~~~~~~~~~~~~~~~~~~~~~~~~~~~~~~~~^~~~~~~~
#13 2148.2 /src/mangos-classic/src/game/Entities/Player.h:1831:204: warning: arithmetic between different enumeration types 'EUnitFields' and 'SpellSchools' is deprecated [-Wdeprecated-enum-enum-conversion]
#13 2148.2  1831 |         float GetResistanceBuffMods(SpellSchools school, bool positive) const { return GetFloatValue(positive ? PLAYER_FIELD_RESISTANCEBUFFMODSPOSITIVE + school : PLAYER_FIELD_RESISTANCEBUFFMODSNEGATIVE + school); }
#13 2148.2       |                                                                                                                                                                    ~~~~~~~~~~~~~~~~~~~~~~~~~~~~~~~~~~~~~~~~^~~~~~~~
#13 2148.2 /src/mangos-classic/src/game/Entities/Player.h: In member function 'void Player::SetResistanceBuffMods(SpellSchools, bool, float)':
#13 2148.2 /src/mangos-classic/src/game/Entities/Player.h:1832:150: warning: arithmetic between different enumeration types 'EUnitFields' and 'SpellSchools' is deprecated [-Wdeprecated-enum-enum-conversion]
#13 2148.2  1832 |         void SetResistanceBuffMods(SpellSchools school, bool positive, float val) { SetFloatValue(positive ? PLAYER_FIELD_RESISTANCEBUFFMODSPOSITIVE + school : PLAYER_FIELD_RESISTANCEBUFFMODSNEGATIVE + school, val); }
#13 2148.2       |                                                                                                              ~~~~~~~~~~~~~~~~~~~~~~~~~~~~~~~~~~~~~~~~^~~~~~~~
#13 2148.2 /src/mangos-classic/src/game/Entities/Player.h:1832:201: warning: arithmetic between different enumeration types 'EUnitFields' and 'SpellSchools' is deprecated [-Wdeprecated-enum-enum-conversion]
#13 2148.2  1832 |         void SetResistanceBuffMods(SpellSchools school, bool positive, float val) { SetFloatValue(positive ? PLAYER_FIELD_RESISTANCEBUFFMODSPOSITIVE + school : PLAYER_FIELD_RESISTANCEBUFFMODSNEGATIVE + school, val); }
#13 2148.2       |                                                                                                                                                                 ~~~~~~~~~~~~~~~~~~~~~~~~~~~~~~~~~~~~~~~~^~~~~~~~
#13 2148.2 /src/mangos-classic/src/game/Entities/Player.h: In member function 'void Player::ApplyResistanceBuffModsMod(SpellSchools, bool, float, bool)':
#13 2148.2 /src/mangos-classic/src/game/Entities/Player.h:1833:178: warning: arithmetic between different enumeration types 'EUnitFields' and 'SpellSchools' is deprecated [-Wdeprecated-enum-enum-conversion]
#13 2148.2  1833 |         void ApplyResistanceBuffModsMod(SpellSchools school, bool positive, float val, bool apply) { ApplyModSignedFloatValue(positive ? PLAYER_FIELD_RESISTANCEBUFFMODSPOSITIVE + school : PLAYER_FIELD_RESISTANCEBUFFMODSNEGATIVE + school, val, apply); }
#13 2148.2       |                                                                                                                                          ~~~~~~~~~~~~~~~~~~~~~~~~~~~~~~~~~~~~~~~~^~~~~~~~
#13 2148.2 /src/mangos-classic/src/game/Entities/Player.h:1833:229: warning: arithmetic between different enumeration types 'EUnitFields' and 'SpellSchools' is deprecated [-Wdeprecated-enum-enum-conversion]
#13 2148.2  1833 |         void ApplyResistanceBuffModsMod(SpellSchools school, bool positive, float val, bool apply) { ApplyModSignedFloatValue(positive ? PLAYER_FIELD_RESISTANCEBUFFMODSPOSITIVE + school : PLAYER_FIELD_RESISTANCEBUFFMODSNEGATIVE + school, val, apply); }
#13 2148.2       |                                                                                                                                                                                             ~~~~~~~~~~~~~~~~~~~~~~~~~~~~~~~~~~~~~~~~^~~~~~~~
#13 2148.2 /src/mangos-classic/src/game/Entities/Player.h: In member function 'void Player::ApplyResistanceBuffModsPercentMod(SpellSchools, bool, float, bool)':
#13 2148.2 /src/mangos-classic/src/game/Entities/Player.h:1834:186: warning: arithmetic between different enumeration types 'EUnitFields' and 'SpellSchools' is deprecated [-Wdeprecated-enum-enum-conversion]
#13 2148.2  1834 |         void ApplyResistanceBuffModsPercentMod(SpellSchools school, bool positive, float val, bool apply) { ApplyPercentModFloatValue(positive ? PLAYER_FIELD_RESISTANCEBUFFMODSPOSITIVE + school : PLAYER_FIELD_RESISTANCEBUFFMODSNEGATIVE + school, val, apply); }
#13 2148.2       |                                                                                                                                                  ~~~~~~~~~~~~~~~~~~~~~~~~~~~~~~~~~~~~~~~~^~~~~~~~
#13 2148.2 /src/mangos-classic/src/game/Entities/Player.h:1834:237: warning: arithmetic between different enumeration types 'EUnitFields' and 'SpellSchools' is deprecated [-Wdeprecated-enum-enum-conversion]
#13 2148.2  1834 |         void ApplyResistanceBuffModsPercentMod(SpellSchools school, bool positive, float val, bool apply) { ApplyPercentModFloatValue(positive ? PLAYER_FIELD_RESISTANCEBUFFMODSPOSITIVE + school : PLAYER_FIELD_RESISTANCEBUFFMODSNEGATIVE + school, val, apply); }
#13 2148.2       |                                                                                                                                                                                                     ~~~~~~~~~~~~~~~~~~~~~~~~~~~~~~~~~~~~~~~~^~~~~~~~
#13 2151.4 [100%] Building CXX object src/mangosd/CMakeFiles/mangosd.dir/Master.cpp.o
#13 2152.3 In file included from /src/mangos-classic/src/modules/PlayerBots/playerbot/Talentspec.h:3,
#13 2152.3                  from /src/mangos-classic/src/modules/PlayerBots/playerbot/PlayerbotAIConfig.h:4,
#13 2152.3                  from /src/mangos-classic/src/mangosd/Main.cpp:46:
#13 2152.3 /src/mangos-classic/src/game/Entities/Player.h: In member function 'void Player::ApplyStatBuffMod(Stats, float, bool)':
#13 2152.3 /src/mangos-classic/src/game/Entities/Player.h:1823:126: warning: arithmetic between different enumeration types 'EUnitFields' and 'Stats' is deprecated [-Wdeprecated-enum-enum-conversion]
#13 2152.3  1823 |         void ApplyStatBuffMod(Stats stat, float val, bool apply) { ApplyModSignedFloatValue((val > 0 ? PLAYER_FIELD_POSSTAT0 + stat : PLAYER_FIELD_NEGSTAT0 + stat), val, apply); }
#13 2152.3       |                                                                                                        ~~~~~~~~~~~~~~~~~~~~~~^~~~~~
#13 2152.3 /src/mangos-classic/src/game/Entities/Player.h:1823:157: warning: arithmetic between different enumeration types 'EUnitFields' and 'Stats' is deprecated [-Wdeprecated-enum-enum-conversion]
#13 2152.3  1823 |         void ApplyStatBuffMod(Stats stat, float val, bool apply) { ApplyModSignedFloatValue((val > 0 ? PLAYER_FIELD_POSSTAT0 + stat : PLAYER_FIELD_NEGSTAT0 + stat), val, apply); }
#13 2152.3       |                                                                                                                                       ~~~~~~~~~~~~~~~~~~~~~~^~~~~~
#13 2152.3 /src/mangos-classic/src/game/Entities/Player.h: In member function 'void Player::ApplyStatPercentBuffMod(Stats, float, bool)':
#13 2152.3 /src/mangos-classic/src/game/Entities/Player.h:1826:61: warning: arithmetic between different enumeration types 'EUnitFields' and 'Stats' is deprecated [-Wdeprecated-enum-enum-conversion]
#13 2152.3  1826 |             ApplyPercentModFloatValue(PLAYER_FIELD_POSSTAT0 + stat, val, apply);
#13 2152.3       |                                       ~~~~~~~~~~~~~~~~~~~~~~^~~~~~
#13 2152.3 /src/mangos-classic/src/game/Entities/Player.h:1827:61: warning: arithmetic between different enumeration types 'EUnitFields' and 'Stats' is deprecated [-Wdeprecated-enum-enum-conversion]
#13 2152.3  1827 |             ApplyPercentModFloatValue(PLAYER_FIELD_NEGSTAT0 + stat, val, apply);
#13 2152.3       |                                       ~~~~~~~~~~~~~~~~~~~~~~^~~~~~
#13 2152.3 /src/mangos-classic/src/game/Entities/Player.h: In member function 'float Player::GetPosStat(Stats) const':
#13 2152.3 /src/mangos-classic/src/game/Entities/Player.h:1829:89: warning: arithmetic between different enumeration types 'EUnitFields' and 'Stats' is deprecated [-Wdeprecated-enum-enum-conversion]
#13 2152.3  1829 |         float GetPosStat(Stats stat) const { return GetFloatValue(PLAYER_FIELD_POSSTAT0 + stat); }
#13 2152.3       |                                                                   ~~~~~~~~~~~~~~~~~~~~~~^~~~~~
#13 2152.3 /src/mangos-classic/src/game/Entities/Player.h: In member function 'float Player::GetNegStat(Stats) const':
#13 2152.3 /src/mangos-classic/src/game/Entities/Player.h:1830:89: warning: arithmetic between different enumeration types 'EUnitFields' and 'Stats' is deprecated [-Wdeprecated-enum-enum-conversion]
#13 2152.3  1830 |         float GetNegStat(Stats stat) const { return GetFloatValue(PLAYER_FIELD_NEGSTAT0 + stat); }
#13 2152.3       |                                                                   ~~~~~~~~~~~~~~~~~~~~~~^~~~~~
#13 2152.3 /src/mangos-classic/src/game/Entities/Player.h: In member function 'float Player::GetResistanceBuffMods(SpellSchools, bool) const':
#13 2152.3 /src/mangos-classic/src/game/Entities/Player.h:1831:153: warning: arithmetic between different enumeration types 'EUnitFields' and 'SpellSchools' is deprecated [-Wdeprecated-enum-enum-conversion]
#13 2152.3  1831 |         float GetResistanceBuffMods(SpellSchools school, bool positive) const { return GetFloatValue(positive ? PLAYER_FIELD_RESISTANCEBUFFMODSPOSITIVE + school : PLAYER_FIELD_RESISTANCEBUFFMODSNEGATIVE + school); }
#13 2152.3       |                                                                                                                 ~~~~~~~~~~~~~~~~~~~~~~~~~~~~~~~~~~~~~~~~^~~~~~~~
#13 2152.3 /src/mangos-classic/src/game/Entities/Player.h:1831:204: warning: arithmetic between different enumeration types 'EUnitFields' and 'SpellSchools' is deprecated [-Wdeprecated-enum-enum-conversion]
#13 2152.3  1831 |         float GetResistanceBuffMods(SpellSchools school, bool positive) const { return GetFloatValue(positive ? PLAYER_FIELD_RESISTANCEBUFFMODSPOSITIVE + school : PLAYER_FIELD_RESISTANCEBUFFMODSNEGATIVE + school); }
#13 2152.3       |                                                                                                                                                                    ~~~~~~~~~~~~~~~~~~~~~~~~~~~~~~~~~~~~~~~~^~~~~~~~
#13 2152.3 /src/mangos-classic/src/game/Entities/Player.h: In member function 'void Player::SetResistanceBuffMods(SpellSchools, bool, float)':
#13 2152.3 /src/mangos-classic/src/game/Entities/Player.h:1832:150: warning: arithmetic between different enumeration types 'EUnitFields' and 'SpellSchools' is deprecated [-Wdeprecated-enum-enum-conversion]
#13 2152.3  1832 |         void SetResistanceBuffMods(SpellSchools school, bool positive, float val) { SetFloatValue(positive ? PLAYER_FIELD_RESISTANCEBUFFMODSPOSITIVE + school : PLAYER_FIELD_RESISTANCEBUFFMODSNEGATIVE + school, val); }
#13 2152.3       |                                                                                                              ~~~~~~~~~~~~~~~~~~~~~~~~~~~~~~~~~~~~~~~~^~~~~~~~
#13 2152.3 /src/mangos-classic/src/game/Entities/Player.h:1832:201: warning: arithmetic between different enumeration types 'EUnitFields' and 'SpellSchools' is deprecated [-Wdeprecated-enum-enum-conversion]
#13 2152.3  1832 |         void SetResistanceBuffMods(SpellSchools school, bool positive, float val) { SetFloatValue(positive ? PLAYER_FIELD_RESISTANCEBUFFMODSPOSITIVE + school : PLAYER_FIELD_RESISTANCEBUFFMODSNEGATIVE + school, val); }
#13 2152.3       |                                                                                                                                                                 ~~~~~~~~~~~~~~~~~~~~~~~~~~~~~~~~~~~~~~~~^~~~~~~~
#13 2152.3 /src/mangos-classic/src/game/Entities/Player.h: In member function 'void Player::ApplyResistanceBuffModsMod(SpellSchools, bool, float, bool)':
#13 2152.3 /src/mangos-classic/src/game/Entities/Player.h:1833:178: warning: arithmetic between different enumeration types 'EUnitFields' and 'SpellSchools' is deprecated [-Wdeprecated-enum-enum-conversion]
#13 2152.3  1833 |         void ApplyResistanceBuffModsMod(SpellSchools school, bool positive, float val, bool apply) { ApplyModSignedFloatValue(positive ? PLAYER_FIELD_RESISTANCEBUFFMODSPOSITIVE + school : PLAYER_FIELD_RESISTANCEBUFFMODSNEGATIVE + school, val, apply); }
#13 2152.3       |                                                                                                                                          ~~~~~~~~~~~~~~~~~~~~~~~~~~~~~~~~~~~~~~~~^~~~~~~~
#13 2152.3 /src/mangos-classic/src/game/Entities/Player.h:1833:229: warning: arithmetic between different enumeration types 'EUnitFields' and 'SpellSchools' is deprecated [-Wdeprecated-enum-enum-conversion]
#13 2152.3  1833 |         void ApplyResistanceBuffModsMod(SpellSchools school, bool positive, float val, bool apply) { ApplyModSignedFloatValue(positive ? PLAYER_FIELD_RESISTANCEBUFFMODSPOSITIVE + school : PLAYER_FIELD_RESISTANCEBUFFMODSNEGATIVE + school, val, apply); }
#13 2152.3       |                                                                                                                                                                                             ~~~~~~~~~~~~~~~~~~~~~~~~~~~~~~~~~~~~~~~~^~~~~~~~
#13 2152.3 /src/mangos-classic/src/game/Entities/Player.h: In member function 'void Player::ApplyResistanceBuffModsPercentMod(SpellSchools, bool, float, bool)':
#13 2152.3 /src/mangos-classic/src/game/Entities/Player.h:1834:186: warning: arithmetic between different enumeration types 'EUnitFields' and 'SpellSchools' is deprecated [-Wdeprecated-enum-enum-conversion]
#13 2152.3  1834 |         void ApplyResistanceBuffModsPercentMod(SpellSchools school, bool positive, float val, bool apply) { ApplyPercentModFloatValue(positive ? PLAYER_FIELD_RESISTANCEBUFFMODSPOSITIVE + school : PLAYER_FIELD_RESISTANCEBUFFMODSNEGATIVE + school, val, apply); }
#13 2152.3       |                                                                                                                                                  ~~~~~~~~~~~~~~~~~~~~~~~~~~~~~~~~~~~~~~~~^~~~~~~~
#13 2152.3 /src/mangos-classic/src/game/Entities/Player.h:1834:237: warning: arithmetic between different enumeration types 'EUnitFields' and 'SpellSchools' is deprecated [-Wdeprecated-enum-enum-conversion]
#13 2152.3  1834 |         void ApplyResistanceBuffModsPercentMod(SpellSchools school, bool positive, float val, bool apply) { ApplyPercentModFloatValue(positive ? PLAYER_FIELD_RESISTANCEBUFFMODSPOSITIVE + school : PLAYER_FIELD_RESISTANCEBUFFMODSNEGATIVE + school, val, apply); }
#13 2152.3       |                                                                                                                                                                                                     ~~~~~~~~~~~~~~~~~~~~~~~~~~~~~~~~~~~~~~~~^~~~~~~~
#13 2156.0 [100%] Building CXX object src/mangosd/CMakeFiles/mangosd.dir/RASocket.cpp.o
#13 2161.3 In file included from /src/mangos-classic/src/game/Globals/ObjectMgr.h:25,
#13 2161.3                  from /src/mangos-classic/src/mangosd/RASocket.cpp:32:
#13 2161.3 /src/mangos-classic/src/game/Entities/Player.h: In member function 'void Player::ApplyStatBuffMod(Stats, float, bool)':
#13 2161.3 /src/mangos-classic/src/game/Entities/Player.h:1823:126: warning: arithmetic between different enumeration types 'EUnitFields' and 'Stats' is deprecated [-Wdeprecated-enum-enum-conversion]
#13 2161.3  1823 |         void ApplyStatBuffMod(Stats stat, float val, bool apply) { ApplyModSignedFloatValue((val > 0 ? PLAYER_FIELD_POSSTAT0 + stat : PLAYER_FIELD_NEGSTAT0 + stat), val, apply); }
#13 2161.3       |                                                                                                        ~~~~~~~~~~~~~~~~~~~~~~^~~~~~
#13 2161.3 /src/mangos-classic/src/game/Entities/Player.h:1823:157: warning: arithmetic between different enumeration types 'EUnitFields' and 'Stats' is deprecated [-Wdeprecated-enum-enum-conversion]
#13 2161.3  1823 |         void ApplyStatBuffMod(Stats stat, float val, bool apply) { ApplyModSignedFloatValue((val > 0 ? PLAYER_FIELD_POSSTAT0 + stat : PLAYER_FIELD_NEGSTAT0 + stat), val, apply); }
#13 2161.3       |                                                                                                                                       ~~~~~~~~~~~~~~~~~~~~~~^~~~~~
#13 2161.3 /src/mangos-classic/src/game/Entities/Player.h: In member function 'void Player::ApplyStatPercentBuffMod(Stats, float, bool)':
#13 2161.3 /src/mangos-classic/src/game/Entities/Player.h:1826:61: warning: arithmetic between different enumeration types 'EUnitFields' and 'Stats' is deprecated [-Wdeprecated-enum-enum-conversion]
#13 2161.3  1826 |             ApplyPercentModFloatValue(PLAYER_FIELD_POSSTAT0 + stat, val, apply);
#13 2161.3       |                                       ~~~~~~~~~~~~~~~~~~~~~~^~~~~~
#13 2161.3 /src/mangos-classic/src/game/Entities/Player.h:1827:61: warning: arithmetic between different enumeration types 'EUnitFields' and 'Stats' is deprecated [-Wdeprecated-enum-enum-conversion]
#13 2161.3  1827 |             ApplyPercentModFloatValue(PLAYER_FIELD_NEGSTAT0 + stat, val, apply);
#13 2161.3       |                                       ~~~~~~~~~~~~~~~~~~~~~~^~~~~~
#13 2161.3 /src/mangos-classic/src/game/Entities/Player.h: In member function 'float Player::GetPosStat(Stats) const':
#13 2161.3 /src/mangos-classic/src/game/Entities/Player.h:1829:89: warning: arithmetic between different enumeration types 'EUnitFields' and 'Stats' is deprecated [-Wdeprecated-enum-enum-conversion]
#13 2161.3  1829 |         float GetPosStat(Stats stat) const { return GetFloatValue(PLAYER_FIELD_POSSTAT0 + stat); }
#13 2161.3       |                                                                   ~~~~~~~~~~~~~~~~~~~~~~^~~~~~
#13 2161.3 /src/mangos-classic/src/game/Entities/Player.h: In member function 'float Player::GetNegStat(Stats) const':
#13 2161.3 /src/mangos-classic/src/game/Entities/Player.h:1830:89: warning: arithmetic between different enumeration types 'EUnitFields' and 'Stats' is deprecated [-Wdeprecated-enum-enum-conversion]
#13 2161.3  1830 |         float GetNegStat(Stats stat) const { return GetFloatValue(PLAYER_FIELD_NEGSTAT0 + stat); }
#13 2161.3       |                                                                   ~~~~~~~~~~~~~~~~~~~~~~^~~~~~
#13 2161.3 /src/mangos-classic/src/game/Entities/Player.h: In member function 'float Player::GetResistanceBuffMods(SpellSchools, bool) const':
#13 2161.3 /src/mangos-classic/src/game/Entities/Player.h:1831:153: warning: arithmetic between different enumeration types 'EUnitFields' and 'SpellSchools' is deprecated [-Wdeprecated-enum-enum-conversion]
#13 2161.3  1831 |         float GetResistanceBuffMods(SpellSchools school, bool positive) const { return GetFloatValue(positive ? PLAYER_FIELD_RESISTANCEBUFFMODSPOSITIVE + school : PLAYER_FIELD_RESISTANCEBUFFMODSNEGATIVE + school); }
#13 2161.3       |                                                                                                                 ~~~~~~~~~~~~~~~~~~~~~~~~~~~~~~~~~~~~~~~~^~~~~~~~
#13 2161.3 /src/mangos-classic/src/game/Entities/Player.h:1831:204: warning: arithmetic between different enumeration types 'EUnitFields' and 'SpellSchools' is deprecated [-Wdeprecated-enum-enum-conversion]
#13 2161.3  1831 |         float GetResistanceBuffMods(SpellSchools school, bool positive) const { return GetFloatValue(positive ? PLAYER_FIELD_RESISTANCEBUFFMODSPOSITIVE + school : PLAYER_FIELD_RESISTANCEBUFFMODSNEGATIVE + school); }
#13 2161.3       |                                                                                                                                                                    ~~~~~~~~~~~~~~~~~~~~~~~~~~~~~~~~~~~~~~~~^~~~~~~~
#13 2161.3 /src/mangos-classic/src/game/Entities/Player.h: In member function 'void Player::SetResistanceBuffMods(SpellSchools, bool, float)':
#13 2161.3 /src/mangos-classic/src/game/Entities/Player.h:1832:150: warning: arithmetic between different enumeration types 'EUnitFields' and 'SpellSchools' is deprecated [-Wdeprecated-enum-enum-conversion]
#13 2161.3  1832 |         void SetResistanceBuffMods(SpellSchools school, bool positive, float val) { SetFloatValue(positive ? PLAYER_FIELD_RESISTANCEBUFFMODSPOSITIVE + school : PLAYER_FIELD_RESISTANCEBUFFMODSNEGATIVE + school, val); }
#13 2161.3       |                                                                                                              ~~~~~~~~~~~~~~~~~~~~~~~~~~~~~~~~~~~~~~~~^~~~~~~~
#13 2161.3 /src/mangos-classic/src/game/Entities/Player.h:1832:201: warning: arithmetic between different enumeration types 'EUnitFields' and 'SpellSchools' is deprecated [-Wdeprecated-enum-enum-conversion]
#13 2161.3  1832 |         void SetResistanceBuffMods(SpellSchools school, bool positive, float val) { SetFloatValue(positive ? PLAYER_FIELD_RESISTANCEBUFFMODSPOSITIVE + school : PLAYER_FIELD_RESISTANCEBUFFMODSNEGATIVE + school, val); }
#13 2161.3       |                                                                                                                                                                 ~~~~~~~~~~~~~~~~~~~~~~~~~~~~~~~~~~~~~~~~^~~~~~~~
#13 2161.3 /src/mangos-classic/src/game/Entities/Player.h: In member function 'void Player::ApplyResistanceBuffModsMod(SpellSchools, bool, float, bool)':
#13 2161.3 /src/mangos-classic/src/game/Entities/Player.h:1833:178: warning: arithmetic between different enumeration types 'EUnitFields' and 'SpellSchools' is deprecated [-Wdeprecated-enum-enum-conversion]
#13 2161.3  1833 |         void ApplyResistanceBuffModsMod(SpellSchools school, bool positive, float val, bool apply) { ApplyModSignedFloatValue(positive ? PLAYER_FIELD_RESISTANCEBUFFMODSPOSITIVE + school : PLAYER_FIELD_RESISTANCEBUFFMODSNEGATIVE + school, val, apply); }
#13 2161.3       |                                                                                                                                          ~~~~~~~~~~~~~~~~~~~~~~~~~~~~~~~~~~~~~~~~^~~~~~~~
#13 2161.3 /src/mangos-classic/src/game/Entities/Player.h:1833:229: warning: arithmetic between different enumeration types 'EUnitFields' and 'SpellSchools' is deprecated [-Wdeprecated-enum-enum-conversion]
#13 2161.3  1833 |         void ApplyResistanceBuffModsMod(SpellSchools school, bool positive, float val, bool apply) { ApplyModSignedFloatValue(positive ? PLAYER_FIELD_RESISTANCEBUFFMODSPOSITIVE + school : PLAYER_FIELD_RESISTANCEBUFFMODSNEGATIVE + school, val, apply); }
#13 2161.3       |                                                                                                                                                                                             ~~~~~~~~~~~~~~~~~~~~~~~~~~~~~~~~~~~~~~~~^~~~~~~~
#13 2161.3 /src/mangos-classic/src/game/Entities/Player.h: In member function 'void Player::ApplyResistanceBuffModsPercentMod(SpellSchools, bool, float, bool)':
#13 2161.3 /src/mangos-classic/src/game/Entities/Player.h:1834:186: warning: arithmetic between different enumeration types 'EUnitFields' and 'SpellSchools' is deprecated [-Wdeprecated-enum-enum-conversion]
#13 2161.3  1834 |         void ApplyResistanceBuffModsPercentMod(SpellSchools school, bool positive, float val, bool apply) { ApplyPercentModFloatValue(positive ? PLAYER_FIELD_RESISTANCEBUFFMODSPOSITIVE + school : PLAYER_FIELD_RESISTANCEBUFFMODSNEGATIVE + school, val, apply); }
#13 2161.3       |                                                                                                                                                  ~~~~~~~~~~~~~~~~~~~~~~~~~~~~~~~~~~~~~~~~^~~~~~~~
#13 2161.3 /src/mangos-classic/src/game/Entities/Player.h:1834:237: warning: arithmetic between different enumeration types 'EUnitFields' and 'SpellSchools' is deprecated [-Wdeprecated-enum-enum-conversion]
#13 2161.3  1834 |         void ApplyResistanceBuffModsPercentMod(SpellSchools school, bool positive, float val, bool apply) { ApplyPercentModFloatValue(positive ? PLAYER_FIELD_RESISTANCEBUFFMODSPOSITIVE + school : PLAYER_FIELD_RESISTANCEBUFFMODSNEGATIVE + school, val, apply); }
#13 2161.3       |                                                                                                                                                                                                     ~~~~~~~~~~~~~~~~~~~~~~~~~~~~~~~~~~~~~~~~^~~~~~~~
#13 2162.5 [100%] Building CXX object src/mangosd/CMakeFiles/mangosd.dir/WorldRunnable.cpp.o
#13 2166.6 [100%] Building CXX object src/mangosd/CMakeFiles/mangosd.dir/soapC.cpp.o
#13 2167.8 In file included from /src/mangos-classic/src/game/Globals/ObjectAccessor.h:31,
#13 2167.8                  from /src/mangos-classic/src/mangosd/WorldRunnable.cpp:27:
#13 2167.8 /src/mangos-classic/src/game/Entities/Player.h: In member function 'void Player::ApplyStatBuffMod(Stats, float, bool)':
#13 2167.8 /src/mangos-classic/src/game/Entities/Player.h:1823:126: warning: arithmetic between different enumeration types 'EUnitFields' and 'Stats' is deprecated [-Wdeprecated-enum-enum-conversion]
#13 2167.8  1823 |         void ApplyStatBuffMod(Stats stat, float val, bool apply) { ApplyModSignedFloatValue((val > 0 ? PLAYER_FIELD_POSSTAT0 + stat : PLAYER_FIELD_NEGSTAT0 + stat), val, apply); }
#13 2167.8       |                                                                                                        ~~~~~~~~~~~~~~~~~~~~~~^~~~~~
#13 2167.8 /src/mangos-classic/src/game/Entities/Player.h:1823:157: warning: arithmetic between different enumeration types 'EUnitFields' and 'Stats' is deprecated [-Wdeprecated-enum-enum-conversion]
#13 2167.8  1823 |         void ApplyStatBuffMod(Stats stat, float val, bool apply) { ApplyModSignedFloatValue((val > 0 ? PLAYER_FIELD_POSSTAT0 + stat : PLAYER_FIELD_NEGSTAT0 + stat), val, apply); }
#13 2167.8       |                                                                                                                                       ~~~~~~~~~~~~~~~~~~~~~~^~~~~~
#13 2167.8 /src/mangos-classic/src/game/Entities/Player.h: In member function 'void Player::ApplyStatPercentBuffMod(Stats, float, bool)':
#13 2167.8 /src/mangos-classic/src/game/Entities/Player.h:1826:61: warning: arithmetic between different enumeration types 'EUnitFields' and 'Stats' is deprecated [-Wdeprecated-enum-enum-conversion]
#13 2167.8  1826 |             ApplyPercentModFloatValue(PLAYER_FIELD_POSSTAT0 + stat, val, apply);
#13 2167.8       |                                       ~~~~~~~~~~~~~~~~~~~~~~^~~~~~
#13 2167.8 /src/mangos-classic/src/game/Entities/Player.h:1827:61: warning: arithmetic between different enumeration types 'EUnitFields' and 'Stats' is deprecated [-Wdeprecated-enum-enum-conversion]
#13 2167.8  1827 |             ApplyPercentModFloatValue(PLAYER_FIELD_NEGSTAT0 + stat, val, apply);
#13 2167.8       |                                       ~~~~~~~~~~~~~~~~~~~~~~^~~~~~
#13 2167.8 /src/mangos-classic/src/game/Entities/Player.h: In member function 'float Player::GetPosStat(Stats) const':
#13 2167.8 /src/mangos-classic/src/game/Entities/Player.h:1829:89: warning: arithmetic between different enumeration types 'EUnitFields' and 'Stats' is deprecated [-Wdeprecated-enum-enum-conversion]
#13 2167.8  1829 |         float GetPosStat(Stats stat) const { return GetFloatValue(PLAYER_FIELD_POSSTAT0 + stat); }
#13 2167.8       |                                                                   ~~~~~~~~~~~~~~~~~~~~~~^~~~~~
#13 2167.8 /src/mangos-classic/src/game/Entities/Player.h: In member function 'float Player::GetNegStat(Stats) const':
#13 2167.8 /src/mangos-classic/src/game/Entities/Player.h:1830:89: warning: arithmetic between different enumeration types 'EUnitFields' and 'Stats' is deprecated [-Wdeprecated-enum-enum-conversion]
#13 2167.8  1830 |         float GetNegStat(Stats stat) const { return GetFloatValue(PLAYER_FIELD_NEGSTAT0 + stat); }
#13 2167.8       |                                                                   ~~~~~~~~~~~~~~~~~~~~~~^~~~~~
#13 2167.8 /src/mangos-classic/src/game/Entities/Player.h: In member function 'float Player::GetResistanceBuffMods(SpellSchools, bool) const':
#13 2167.8 /src/mangos-classic/src/game/Entities/Player.h:1831:153: warning: arithmetic between different enumeration types 'EUnitFields' and 'SpellSchools' is deprecated [-Wdeprecated-enum-enum-conversion]
#13 2167.8  1831 |         float GetResistanceBuffMods(SpellSchools school, bool positive) const { return GetFloatValue(positive ? PLAYER_FIELD_RESISTANCEBUFFMODSPOSITIVE + school : PLAYER_FIELD_RESISTANCEBUFFMODSNEGATIVE + school); }
#13 2167.8       |                                                                                                                 ~~~~~~~~~~~~~~~~~~~~~~~~~~~~~~~~~~~~~~~~^~~~~~~~
#13 2167.8 /src/mangos-classic/src/game/Entities/Player.h:1831:204: warning: arithmetic between different enumeration types 'EUnitFields' and 'SpellSchools' is deprecated [-Wdeprecated-enum-enum-conversion]
#13 2167.8  1831 |         float GetResistanceBuffMods(SpellSchools school, bool positive) const { return GetFloatValue(positive ? PLAYER_FIELD_RESISTANCEBUFFMODSPOSITIVE + school : PLAYER_FIELD_RESISTANCEBUFFMODSNEGATIVE + school); }
#13 2167.8       |                                                                                                                                                                    ~~~~~~~~~~~~~~~~~~~~~~~~~~~~~~~~~~~~~~~~^~~~~~~~
#13 2167.8 /src/mangos-classic/src/game/Entities/Player.h: In member function 'void Player::SetResistanceBuffMods(SpellSchools, bool, float)':
#13 2167.8 /src/mangos-classic/src/game/Entities/Player.h:1832:150: warning: arithmetic between different enumeration types 'EUnitFields' and 'SpellSchools' is deprecated [-Wdeprecated-enum-enum-conversion]
#13 2167.8  1832 |         void SetResistanceBuffMods(SpellSchools school, bool positive, float val) { SetFloatValue(positive ? PLAYER_FIELD_RESISTANCEBUFFMODSPOSITIVE + school : PLAYER_FIELD_RESISTANCEBUFFMODSNEGATIVE + school, val); }
#13 2167.8       |                                                                                                              ~~~~~~~~~~~~~~~~~~~~~~~~~~~~~~~~~~~~~~~~^~~~~~~~
#13 2167.8 /src/mangos-classic/src/game/Entities/Player.h:1832:201: warning: arithmetic between different enumeration types 'EUnitFields' and 'SpellSchools' is deprecated [-Wdeprecated-enum-enum-conversion]
#13 2167.8  1832 |         void SetResistanceBuffMods(SpellSchools school, bool positive, float val) { SetFloatValue(positive ? PLAYER_FIELD_RESISTANCEBUFFMODSPOSITIVE + school : PLAYER_FIELD_RESISTANCEBUFFMODSNEGATIVE + school, val); }
#13 2167.8       |                                                                                                                                                                 ~~~~~~~~~~~~~~~~~~~~~~~~~~~~~~~~~~~~~~~~^~~~~~~~
#13 2167.8 /src/mangos-classic/src/game/Entities/Player.h: In member function 'void Player::ApplyResistanceBuffModsMod(SpellSchools, bool, float, bool)':
#13 2167.8 /src/mangos-classic/src/game/Entities/Player.h:1833:178: warning: arithmetic between different enumeration types 'EUnitFields' and 'SpellSchools' is deprecated [-Wdeprecated-enum-enum-conversion]
#13 2167.8  1833 |         void ApplyResistanceBuffModsMod(SpellSchools school, bool positive, float val, bool apply) { ApplyModSignedFloatValue(positive ? PLAYER_FIELD_RESISTANCEBUFFMODSPOSITIVE + school : PLAYER_FIELD_RESISTANCEBUFFMODSNEGATIVE + school, val, apply); }
#13 2167.8       |                                                                                                                                          ~~~~~~~~~~~~~~~~~~~~~~~~~~~~~~~~~~~~~~~~^~~~~~~~
#13 2167.8 /src/mangos-classic/src/game/Entities/Player.h:1833:229: warning: arithmetic between different enumeration types 'EUnitFields' and 'SpellSchools' is deprecated [-Wdeprecated-enum-enum-conversion]
#13 2167.8  1833 |         void ApplyResistanceBuffModsMod(SpellSchools school, bool positive, float val, bool apply) { ApplyModSignedFloatValue(positive ? PLAYER_FIELD_RESISTANCEBUFFMODSPOSITIVE + school : PLAYER_FIELD_RESISTANCEBUFFMODSNEGATIVE + school, val, apply); }
#13 2167.8       |                                                                                                                                                                                             ~~~~~~~~~~~~~~~~~~~~~~~~~~~~~~~~~~~~~~~~^~~~~~~~
#13 2167.8 /src/mangos-classic/src/game/Entities/Player.h: In member function 'void Player::ApplyResistanceBuffModsPercentMod(SpellSchools, bool, float, bool)':
#13 2167.8 /src/mangos-classic/src/game/Entities/Player.h:1834:186: warning: arithmetic between different enumeration types 'EUnitFields' and 'SpellSchools' is deprecated [-Wdeprecated-enum-enum-conversion]
#13 2167.8  1834 |         void ApplyResistanceBuffModsPercentMod(SpellSchools school, bool positive, float val, bool apply) { ApplyPercentModFloatValue(positive ? PLAYER_FIELD_RESISTANCEBUFFMODSPOSITIVE + school : PLAYER_FIELD_RESISTANCEBUFFMODSNEGATIVE + school, val, apply); }
#13 2167.8       |                                                                                                                                                  ~~~~~~~~~~~~~~~~~~~~~~~~~~~~~~~~~~~~~~~~^~~~~~~~
#13 2167.8 /src/mangos-classic/src/game/Entities/Player.h:1834:237: warning: arithmetic between different enumeration types 'EUnitFields' and 'SpellSchools' is deprecated [-Wdeprecated-enum-enum-conversion]
#13 2167.8  1834 |         void ApplyResistanceBuffModsPercentMod(SpellSchools school, bool positive, float val, bool apply) { ApplyPercentModFloatValue(positive ? PLAYER_FIELD_RESISTANCEBUFFMODSPOSITIVE + school : PLAYER_FIELD_RESISTANCEBUFFMODSNEGATIVE + school, val, apply); }
#13 2167.8       |                                                                                                                                                                                                     ~~~~~~~~~~~~~~~~~~~~~~~~~~~~~~~~~~~~~~~~^~~~~~~~
#13 2168.3 [100%] Building CXX object src/mangosd/CMakeFiles/mangosd.dir/soapServer.cpp.o
#13 2169.6 [100%] Linking CXX executable mangosd
#13 2174.0 [100%] Built target mangosd
#13 2174.0 Consolidate compiler generated dependencies of target bzip2
#13 2174.1 [  0%] Built target bzip2
#13 2174.1 Consolidate compiler generated dependencies of target zlibstatic
#13 2174.1 [  2%] Built target zlibstatic
#13 2174.1 Consolidate compiler generated dependencies of target gsoap
#13 2174.1 [  2%] Built target gsoap
#13 2174.1 Consolidate compiler generated dependencies of target mpqlib
#13 2174.1 [  2%] Built target mpqlib
#13 2174.2 Consolidate compiler generated dependencies of target g3dlite
#13 2174.2 [  6%] Built target g3dlite
#13 2174.3 Consolidate compiler generated dependencies of target shared
#13 2174.3 [  9%] Built target shared
#13 2174.3 Consolidate compiler generated dependencies of target framework
#13 2174.3 [ 10%] Built target framework
#13 2174.3 Consolidate compiler generated dependencies of target Detour
#13 2174.3 [ 10%] Built target Detour
#13 2174.5 Consolidate compiler generated dependencies of target playerbots
#13 2174.6 [ 55%] Built target playerbots
#13 2174.7 Consolidate compiler generated dependencies of target game
#13 2174.7 [ 93%] Built target game
#13 2174.8 Consolidate compiler generated dependencies of target mangosd
#13 2174.8 [ 94%] Built target mangosd
#13 2174.9 Consolidate compiler generated dependencies of target realmd
#13 2174.9 [ 94%] Built target realmd
#13 2174.9 Consolidate compiler generated dependencies of target ad
#13 2174.9 [ 95%] Built target ad
#13 2174.9 Consolidate compiler generated dependencies of target vmap_extractor
#13 2175.0 [ 96%] Built target vmap_extractor
#13 2175.0 Consolidate compiler generated dependencies of target vmap_assembler
#13 2175.0 [ 96%] Built target vmap_assembler
#13 2175.0 Consolidate compiler generated dependencies of target Recast
#13 2175.0 [ 97%] Built target Recast
#13 2175.1 Consolidate compiler generated dependencies of target vmaplib
#13 2175.1 [ 98%] Built target vmaplib
#13 2175.1 Consolidate compiler generated dependencies of target mmaplib
#13 2175.1 [ 99%] Built target mmaplib
#13 2175.1 Consolidate compiler generated dependencies of target MoveMapGen
#13 2175.1 [100%] Built target MoveMapGen
#13 2175.2 Install the project...
#13 2175.2 -- Install configuration: "Release"
#13 2175.2 -- Installing: /opt/mangos/etc/aiplayerbot.conf.dist
#13 2175.2 -- Installing: /opt/mangos/bin/run-mangosd
#13 2175.2 -- Installing: /opt/mangos/bin/mangosd
#13 2175.2 -- Set runtime path of "/opt/mangos/bin/mangosd" to "../lib"
#13 2175.2 -- Installing: /opt/mangos/etc/mangosd.conf.dist
#13 2175.2 -- Installing: /opt/mangos/etc/ahbot.conf.dist
#13 2175.2 -- Installing: /opt/mangos/etc/anticheat.conf.dist
#13 2175.2 -- Installing: /opt/mangos/bin/warden_modules
#13 2175.2 -- Installing: /opt/mangos/bin/warden_modules/209B9B50221CC136C23453FE56D7559B.cr
#13 2175.2 -- Installing: /opt/mangos/bin/warden_modules/398550DE1087C53FAF2ED2C2309C7650.bin
#13 2175.2 -- Installing: /opt/mangos/bin/warden_modules/902780794AC820E1A97E02065B4B5EF0.key
#13 2175.2 -- Installing: /opt/mangos/bin/warden_modules/E348326FA04D9CD237FCDA4B473D97B0.cr
#13 2175.2 -- Installing: /opt/mangos/bin/warden_modules/841EF47866310AE3D26A3D8546A4CD0D.key
#13 2175.2 -- Installing: /opt/mangos/bin/warden_modules/9543C454718A361927B91107654096AF.key
#13 2175.2 -- Installing: /opt/mangos/bin/warden_modules/4446A51A42B226D160715CDB15639466.key
#13 2175.2 -- Installing: /opt/mangos/bin/warden_modules/2C0459958D7BF292DD317F66F8611446.key
#13 2175.2 -- Installing: /opt/mangos/bin/warden_modules/D0F75B799F47CC69CC826778CF4630B5.cr
#13 2175.2 -- Installing: /opt/mangos/bin/warden_modules/CE4F1267E8DFAB39F015BB5D8EE0F2F7.bin
#13 2175.2 -- Installing: /opt/mangos/bin/warden_modules/46DCC0B811CD2D7BB870A2F714CD2A61.key
#13 2175.2 -- Installing: /opt/mangos/bin/warden_modules/749ACAD77B0ADDB233657463B457EB40.bin
#13 2175.2 -- Installing: /opt/mangos/bin/warden_modules/17E3A1C32BFDC91B0E6746DC11C6AB20.cr
#13 2175.2 -- Installing: /opt/mangos/bin/warden_modules/B50EA976A227C2834421DA26F7D4A087.key
#13 2175.2 -- Installing: /opt/mangos/bin/warden_modules/79C0768D657977D697E10BAD956CCED1.bin
#13 2175.2 -- Installing: /opt/mangos/bin/warden_modules/ED4272452F70779CC12079C155812E0A.key
#13 2175.2 -- Installing: /opt/mangos/bin/warden_modules/FC6560DAA366D845884B71CD15ED64E3.bin
#13 2175.2 -- Installing: /opt/mangos/bin/warden_modules/3811652E944617A067519D4A10B2340E.key
#13 2175.2 -- Installing: /opt/mangos/bin/warden_modules/3811652E944617A067519D4A10B2340E.bin
#13 2175.2 -- Installing: /opt/mangos/bin/warden_modules/741A91F6F3C74C7B323DB5820EFBE5EA.bin
#13 2175.2 -- Installing: /opt/mangos/bin/warden_modules/5E3502FDC9765331A64BAFD9E1B503B4.key
#13 2175.2 -- Installing: /opt/mangos/bin/warden_modules/037305742612D62CA9E17D634487EA42.cr
#13 2175.2 -- Installing: /opt/mangos/bin/warden_modules/0DBBF209A27B1E279A9FEC5C168A15F7.bin
#13 2175.2 -- Installing: /opt/mangos/bin/warden_modules/E191991EC6CB175A213B124019B2FEB0.bin
#13 2175.2 -- Installing: /opt/mangos/bin/warden_modules/E348326FA04D9CD237FCDA4B473D97B0.bin
#13 2175.2 -- Installing: /opt/mangos/bin/warden_modules/85F90209810FD8D63A682A35060D0AD6.cr
#13 2175.2 -- Installing: /opt/mangos/bin/warden_modules/232577E7E64BBE3D0B25E8217C168B1D.key
#13 2175.2 -- Installing: /opt/mangos/bin/warden_modules/CE4F1267E8DFAB39F015BB5D8EE0F2F7.key
#13 2175.2 -- Installing: /opt/mangos/bin/warden_modules/0DBBF209A27B1E279A9FEC5C168A15F7.key
#13 2175.2 -- Installing: /opt/mangos/bin/warden_modules/7D6E324002879DA1E6CF32E82EE554F1.key
#13 2175.2 -- Installing: /opt/mangos/bin/warden_modules/9A95D19959AA88542116BE3639C0EB0F.bin
#13 2175.2 -- Installing: /opt/mangos/bin/warden_modules/5D8CC046748EACAF6993C85E63276F69.cr
#13 2175.2 -- Installing: /opt/mangos/bin/warden_modules/FA96808E0F01F5B2B3B88C66466929C6.cr
#13 2175.2 -- Installing: /opt/mangos/bin/warden_modules/86619C50D7DFEDE72113E4F37642A6F0.cr
#13 2175.2 -- Installing: /opt/mangos/bin/warden_modules/A57F9069AFBA7DCF61973148B8832FD2.bin
#13 2175.2 -- Installing: /opt/mangos/bin/warden_modules/902780794AC820E1A97E02065B4B5EF0.cr
#13 2175.2 -- Installing: /opt/mangos/bin/warden_modules/2E9FE85D05DF40D371EA874969E48F71.cr
#13 2175.2 -- Installing: /opt/mangos/bin/warden_modules/E191991EC6CB175A213B124019B2FEB0.cr
#13 2175.2 -- Installing: /opt/mangos/bin/warden_modules/473AAAA196ADC192A88DBBB61FE5BD77.key
#13 2175.2 -- Installing: /opt/mangos/bin/warden_modules/17E3A1C32BFDC91B0E6746DC11C6AB20.key
#13 2175.2 -- Installing: /opt/mangos/bin/warden_modules/9543C454718A361927B91107654096AF.bin
#13 2175.2 -- Installing: /opt/mangos/bin/warden_modules/661B72C04BE8A90E3A37C98519AB587D.bin
#13 2175.2 -- Installing: /opt/mangos/bin/warden_modules/85F90209810FD8D63A682A35060D0AD6.key
#13 2175.2 -- Installing: /opt/mangos/bin/warden_modules/BD38DD63ABAD762375CEE894C4A353A2.bin
#13 2175.2 -- Installing: /opt/mangos/bin/warden_modules/CBCAC02FAC8C1CE60EA1C31562D4C0BE.cr
#13 2175.2 -- Installing: /opt/mangos/bin/warden_modules/209B9B50221CC136C23453FE56D7559B.bin
#13 2175.2 -- Installing: /opt/mangos/bin/warden_modules/E348326FA04D9CD237FCDA4B473D97B0.key
#13 2175.2 -- Installing: /opt/mangos/bin/warden_modules/0DBBF209A27B1E279A9FEC5C168A15F7.cr
#13 2175.2 -- Installing: /opt/mangos/bin/warden_modules/5D8CC046748EACAF6993C85E63276F69.key
#13 2175.2 -- Installing: /opt/mangos/bin/warden_modules/54B8EC6A00878BBD8A0757ED144053AF.bin
#13 2175.2 -- Installing: /opt/mangos/bin/warden_modules/232577E7E64BBE3D0B25E8217C168B1D.bin
#13 2175.2 -- Installing: /opt/mangos/bin/warden_modules/6FAE26D61CE69C19FF7891D39F8D943D.key
#13 2175.2 -- Installing: /opt/mangos/bin/warden_modules/7D6E324002879DA1E6CF32E82EE554F1.bin
#13 2175.2 -- Installing: /opt/mangos/bin/warden_modules/BA877D8E62E30E3373505709FCE6DDCB.bin
#13 2175.2 -- Installing: /opt/mangos/bin/warden_modules/49FBD26F223BEEEE2E13A2C4FF13C5CB.bin
#13 2175.2 -- Installing: /opt/mangos/bin/warden_modules/959162ED696E469673C96CFDEC0EFFA6.cr
#13 2175.2 -- Installing: /opt/mangos/bin/warden_modules/661B72C04BE8A90E3A37C98519AB587D.cr
#13 2175.2 -- Installing: /opt/mangos/bin/warden_modules/5E3502FDC9765331A64BAFD9E1B503B4.cr
#13 2175.2 -- Installing: /opt/mangos/bin/warden_modules/2E9FE85D05DF40D371EA874969E48F71.bin
#13 2175.2 -- Installing: /opt/mangos/bin/warden_modules/232577E7E64BBE3D0B25E8217C168B1D.cr
#13 2175.2 -- Installing: /opt/mangos/bin/warden_modules/ED4272452F70779CC12079C155812E0A.cr
#13 2175.2 -- Installing: /opt/mangos/bin/warden_modules/CDD39A8A42C6430510A14DF75CCD6088.cr
#13 2175.2 -- Installing: /opt/mangos/bin/warden_modules/CBCAC02FAC8C1CE60EA1C31562D4C0BE.key
#13 2175.2 -- Installing: /opt/mangos/bin/warden_modules/2296BF44D4AA8228F3EFCB93B629B904.cr
#13 2175.2 -- Installing: /opt/mangos/bin/warden_modules/841EF47866310AE3D26A3D8546A4CD0D.cr
#13 2175.2 -- Installing: /opt/mangos/bin/warden_modules/2296BF44D4AA8228F3EFCB93B629B904.bin
#13 2175.2 -- Installing: /opt/mangos/bin/warden_modules/6E4859DECF6FDBF0F98368B678A1DBC7.cr
#13 2175.2 -- Installing: /opt/mangos/bin/warden_modules/9780C147565BECD3561163C4E68813C7.cr
#13 2175.2 -- Installing: /opt/mangos/bin/warden_modules/DA3BF29EB72099327FDFA6ED7322C35E.key
#13 2175.2 -- Installing: /opt/mangos/bin/warden_modules/6E4859DECF6FDBF0F98368B678A1DBC7.bin
#13 2175.2 -- Installing: /opt/mangos/bin/warden_modules/82CD579C7256315676D770FD89C6F322.key
#13 2175.2 -- Installing: /opt/mangos/bin/warden_modules/4109957D7868F7874935C8876E0D2641.cr
#13 2175.2 -- Installing: /opt/mangos/bin/warden_modules/2A7BD368FF3D0795B4DE7F823F487175.cr
#13 2175.2 -- Installing: /opt/mangos/bin/warden_modules/3E02C87EB2B3D5D29C5E9626E2B59AE6.cr
#13 2175.2 -- Installing: /opt/mangos/bin/warden_modules/952860B1F701E391C38995DEE22D28FF.bin
#13 2175.2 -- Installing: /opt/mangos/bin/warden_modules/2C0459958D7BF292DD317F66F8611446.bin
#13 2175.2 -- Installing: /opt/mangos/bin/warden_modules/C128B52AD08980F905A2FCD5FF7424D1.key
#13 2175.2 -- Installing: /opt/mangos/bin/warden_modules/79C0768D657977D697E10BAD956CCED1.cr
#13 2175.2 -- Installing: /opt/mangos/bin/warden_modules/020F5AF2B0D646B81D7C15542B1339D1.bin
#13 2175.2 -- Installing: /opt/mangos/bin/warden_modules/2B1837AFD92A1BC289C7BD6F75D33209.bin
#13 2175.2 -- Installing: /opt/mangos/bin/warden_modules/4446A51A42B226D160715CDB15639466.bin
#13 2175.2 -- Installing: /opt/mangos/bin/warden_modules/.gitignore
#13 2175.2 -- Installing: /opt/mangos/bin/warden_modules/749ACAD77B0ADDB233657463B457EB40.cr
#13 2175.2 -- Installing: /opt/mangos/bin/warden_modules/54B8EC6A00878BBD8A0757ED144053AF.cr
#13 2175.2 -- Installing: /opt/mangos/bin/warden_modules/020F5AF2B0D646B81D7C15542B1339D1.key
#13 2175.2 -- Installing: /opt/mangos/bin/warden_modules/741A91F6F3C74C7B323DB5820EFBE5EA.key
#13 2175.2 -- Installing: /opt/mangos/bin/warden_modules/CBCAC02FAC8C1CE60EA1C31562D4C0BE.bin
#13 2175.2 -- Installing: /opt/mangos/bin/warden_modules/7D6E324002879DA1E6CF32E82EE554F1.cr
#13 2175.2 -- Installing: /opt/mangos/bin/warden_modules/86619C50D7DFEDE72113E4F37642A6F0.key
#13 2175.2 -- Installing: /opt/mangos/bin/warden_modules/1A615549A9CC44C4B3B3289864791D8F.cr
#13 2175.2 -- Installing: /opt/mangos/bin/warden_modules/9B7BFA6B0A0988569898687E9BDA9111.key
#13 2175.2 -- Installing: /opt/mangos/bin/warden_modules/CB9E43D692620E7B698C5CE085163E6E.bin
#13 2175.2 -- Installing: /opt/mangos/bin/warden_modules/952860B1F701E391C38995DEE22D28FF.key
#13 2175.2 -- Installing: /opt/mangos/bin/warden_modules/2B1837AFD92A1BC289C7BD6F75D33209.key
#13 2175.2 -- Installing: /opt/mangos/bin/warden_modules/2296BF44D4AA8228F3EFCB93B629B904.key
#13 2175.2 -- Installing: /opt/mangos/bin/warden_modules/DE240190C1446E66A2A51A19804356C7.cr
#13 2175.2 -- Installing: /opt/mangos/bin/warden_modules/A87D8ADB42EAF6351BAC643809D4ACDB.cr
#13 2175.2 -- Installing: /opt/mangos/bin/warden_modules/741A91F6F3C74C7B323DB5820EFBE5EA.cr
#13 2175.2 -- Installing: /opt/mangos/bin/warden_modules/A5E7CA0E9A4F3DE05971712DBD2A1A65.bin
#13 2175.2 -- Installing: /opt/mangos/bin/warden_modules/0BE6B21C37F937401FB34650408C4C55.key
#13 2175.2 -- Installing: /opt/mangos/bin/warden_modules/959162ED696E469673C96CFDEC0EFFA6.key
#13 2175.2 -- Installing: /opt/mangos/bin/warden_modules/CE4F1267E8DFAB39F015BB5D8EE0F2F7.cr
#13 2175.2 -- Installing: /opt/mangos/bin/warden_modules/DE82F1BEC723F8623E6FA8E32C52FFFC.cr
#13 2175.2 -- Installing: /opt/mangos/bin/warden_modules/D0F75B799F47CC69CC826778CF4630B5.key
#13 2175.2 -- Installing: /opt/mangos/bin/warden_modules/BD38DD63ABAD762375CEE894C4A353A2.key
#13 2175.2 -- Installing: /opt/mangos/bin/warden_modules/7281AE6C4CE00E414C22A7BBF0A52C45.cr
#13 2175.2 -- Installing: /opt/mangos/bin/warden_modules/2B734261337107DFEB822C97BA5154C7.key
#13 2175.2 -- Installing: /opt/mangos/bin/warden_modules/A87D8ADB42EAF6351BAC643809D4ACDB.key
#13 2175.2 -- Installing: /opt/mangos/bin/warden_modules/54B8EC6A00878BBD8A0757ED144053AF.key
#13 2175.2 -- Installing: /opt/mangos/bin/warden_modules/7C4ABC97B86494A2D91820785F3A1C87.cr
#13 2175.2 -- Installing: /opt/mangos/bin/warden_modules/A5E7CA0E9A4F3DE05971712DBD2A1A65.key
#13 2175.2 -- Installing: /opt/mangos/bin/warden_modules/CB9E43D692620E7B698C5CE085163E6E.cr
#13 2175.2 -- Installing: /opt/mangos/bin/warden_modules/661B72C04BE8A90E3A37C98519AB587D.key
#13 2175.2 -- Installing: /opt/mangos/bin/warden_modules/037305742612D62CA9E17D634487EA42.bin
#13 2175.2 -- Installing: /opt/mangos/bin/warden_modules/DE82F1BEC723F8623E6FA8E32C52FFFC.bin
#13 2175.2 -- Installing: /opt/mangos/bin/warden_modules/49FBD26F223BEEEE2E13A2C4FF13C5CB.key
#13 2175.2 -- Installing: /opt/mangos/bin/warden_modules/902780794AC820E1A97E02065B4B5EF0.bin
#13 2175.3 -- Installing: /opt/mangos/bin/warden_modules/026D6F30D63DD8B030055287E55C3006.key
#13 2175.3 -- Installing: /opt/mangos/bin/warden_modules/46DCC0B811CD2D7BB870A2F714CD2A61.cr
#13 2175.3 -- Installing: /opt/mangos/bin/warden_modules/B50EA976A227C2834421DA26F7D4A087.bin
#13 2175.3 -- Installing: /opt/mangos/bin/warden_modules/8AF8D377B87E29F6F28AFCCBA031BA5C.key
#13 2175.3 -- Installing: /opt/mangos/bin/warden_modules/0AC0C5599EB0FA9FC3392907F3A2918C.bin
#13 2175.3 -- Installing: /opt/mangos/bin/warden_modules/2A3CAB971E8E08AA84E8876263A4CBAC.bin
#13 2175.3 -- Installing: /opt/mangos/bin/warden_modules/3E02C87EB2B3D5D29C5E9626E2B59AE6.bin
#13 2175.3 -- Installing: /opt/mangos/bin/warden_modules/749ACAD77B0ADDB233657463B457EB40.key
#13 2175.3 -- Installing: /opt/mangos/bin/warden_modules/959162ED696E469673C96CFDEC0EFFA6.bin
#13 2175.3 -- Installing: /opt/mangos/bin/warden_modules/398550DE1087C53FAF2ED2C2309C7650.key
#13 2175.3 -- Installing: /opt/mangos/bin/warden_modules/209B9B50221CC136C23453FE56D7559B.key
#13 2175.3 -- Installing: /opt/mangos/bin/warden_modules/DE240190C1446E66A2A51A19804356C7.bin
#13 2175.3 -- Installing: /opt/mangos/bin/warden_modules/952860B1F701E391C38995DEE22D28FF.cr
#13 2175.3 -- Installing: /opt/mangos/bin/warden_modules/6FAE26D61CE69C19FF7891D39F8D943D.bin
#13 2175.3 -- Installing: /opt/mangos/bin/warden_modules/A87D8ADB42EAF6351BAC643809D4ACDB.bin
#13 2175.3 -- Installing: /opt/mangos/bin/warden_modules/3811652E944617A067519D4A10B2340E.cr
#13 2175.3 -- Installing: /opt/mangos/bin/warden_modules/ED4272452F70779CC12079C155812E0A.bin
#13 2175.3 -- Installing: /opt/mangos/bin/warden_modules/7C4ABC97B86494A2D91820785F3A1C87.bin
#13 2175.3 -- Installing: /opt/mangos/bin/warden_modules/9A95D19959AA88542116BE3639C0EB0F.key
#13 2175.3 -- Installing: /opt/mangos/bin/warden_modules/3FEB1D16292AE410651CD32A4BE50168.key
#13 2175.3 -- Installing: /opt/mangos/bin/warden_modules/CDD39A8A42C6430510A14DF75CCD6088.bin
#13 2175.3 -- Installing: /opt/mangos/bin/warden_modules/2B1837AFD92A1BC289C7BD6F75D33209.cr
#13 2175.3 -- Installing: /opt/mangos/bin/warden_modules/B50EA976A227C2834421DA26F7D4A087.cr
#13 2175.3 -- Installing: /opt/mangos/bin/warden_modules/17E3A1C32BFDC91B0E6746DC11C6AB20.bin
#13 2175.3 -- Installing: /opt/mangos/bin/warden_modules/A56FD0B9F9EF3203AA96A0F3CA5DF297.cr
#13 2175.3 -- Installing: /opt/mangos/bin/warden_modules/CB9E43D692620E7B698C5CE085163E6E.key
#13 2175.3 -- Installing: /opt/mangos/bin/warden_modules/9B7BFA6B0A0988569898687E9BDA9111.cr
#13 2175.3 -- Installing: /opt/mangos/bin/warden_modules/FC6560DAA366D845884B71CD15ED64E3.key
#13 2175.3 -- Installing: /opt/mangos/bin/warden_modules/8AF8D377B87E29F6F28AFCCBA031BA5C.cr
#13 2175.3 -- Installing: /opt/mangos/bin/warden_modules/0AC0C5599EB0FA9FC3392907F3A2918C.key
#13 2175.3 -- Installing: /opt/mangos/bin/warden_modules/A56FD0B9F9EF3203AA96A0F3CA5DF297.key
#13 2175.3 -- Installing: /opt/mangos/bin/warden_modules/7281AE6C4CE00E414C22A7BBF0A52C45.bin
#13 2175.3 -- Installing: /opt/mangos/bin/warden_modules/2C0459958D7BF292DD317F66F8611446.cr
#13 2175.3 -- Installing: /opt/mangos/bin/warden_modules/82CD579C7256315676D770FD89C6F322.bin
#13 2175.3 -- Installing: /opt/mangos/bin/warden_modules/026D6F30D63DD8B030055287E55C3006.cr
#13 2175.3 -- Installing: /opt/mangos/bin/warden_modules/5E3502FDC9765331A64BAFD9E1B503B4.bin
#13 2175.3 -- Installing: /opt/mangos/bin/warden_modules/A57F9069AFBA7DCF61973148B8832FD2.cr
#13 2175.3 -- Installing: /opt/mangos/bin/warden_modules/037305742612D62CA9E17D634487EA42.key
#13 2175.3 -- Installing: /opt/mangos/bin/warden_modules/6E4859DECF6FDBF0F98368B678A1DBC7.key
#13 2175.3 -- Installing: /opt/mangos/bin/warden_modules/2A3CAB971E8E08AA84E8876263A4CBAC.key
#13 2175.3 -- Installing: /opt/mangos/bin/warden_modules/0AC0C5599EB0FA9FC3392907F3A2918C.cr
#13 2175.3 -- Installing: /opt/mangos/bin/warden_modules/3E02C87EB2B3D5D29C5E9626E2B59AE6.key
#13 2175.3 -- Installing: /opt/mangos/bin/warden_modules/4109957D7868F7874935C8876E0D2641.key
#13 2175.3 -- Installing: /opt/mangos/bin/warden_modules/C128B52AD08980F905A2FCD5FF7424D1.cr
#13 2175.3 -- Installing: /opt/mangos/bin/warden_modules/2A7BD368FF3D0795B4DE7F823F487175.bin
#13 2175.3 -- Installing: /opt/mangos/bin/warden_modules/3FEB1D16292AE410651CD32A4BE50168.cr
#13 2175.3 -- Installing: /opt/mangos/bin/warden_modules/0BE6B21C37F937401FB34650408C4C55.cr
#13 2175.3 -- Installing: /opt/mangos/bin/warden_modules/32F1D6325EA66AFF53D464314470273A.bin
#13 2175.3 -- Installing: /opt/mangos/bin/warden_modules/2DAC5284B383377E207B474A42FC11E5.bin
#13 2175.3 -- Installing: /opt/mangos/bin/warden_modules/2B734261337107DFEB822C97BA5154C7.bin
#13 2175.3 -- Installing: /opt/mangos/bin/warden_modules/1A615549A9CC44C4B3B3289864791D8F.key
#13 2175.3 -- Installing: /opt/mangos/bin/warden_modules/CDD39A8A42C6430510A14DF75CCD6088.key
#13 2175.3 -- Installing: /opt/mangos/bin/warden_modules/026D6F30D63DD8B030055287E55C3006.bin
#13 2175.3 -- Installing: /opt/mangos/bin/warden_modules/A56FD0B9F9EF3203AA96A0F3CA5DF297.bin
#13 2175.3 -- Installing: /opt/mangos/bin/warden_modules/398550DE1087C53FAF2ED2C2309C7650.cr
#13 2175.3 -- Installing: /opt/mangos/bin/warden_modules/BA877D8E62E30E3373505709FCE6DDCB.cr
#13 2175.3 -- Installing: /opt/mangos/bin/warden_modules/2DAC5284B383377E207B474A42FC11E5.cr
#13 2175.3 -- Installing: /opt/mangos/bin/warden_modules/2A7BD368FF3D0795B4DE7F823F487175.key
#13 2175.3 -- Installing: /opt/mangos/bin/warden_modules/473AAAA196ADC192A88DBBB61FE5BD77.cr
#13 2175.3 -- Installing: /opt/mangos/bin/warden_modules/473AAAA196ADC192A88DBBB61FE5BD77.bin
#13 2175.3 -- Installing: /opt/mangos/bin/warden_modules/1A615549A9CC44C4B3B3289864791D8F.bin
#13 2175.3 -- Installing: /opt/mangos/bin/warden_modules/9780C147565BECD3561163C4E68813C7.key
#13 2175.3 -- Installing: /opt/mangos/bin/warden_modules/85F90209810FD8D63A682A35060D0AD6.bin
#13 2175.3 -- Installing: /opt/mangos/bin/warden_modules/DA3BF29EB72099327FDFA6ED7322C35E.bin
#13 2175.3 -- Installing: /opt/mangos/bin/warden_modules/FA96808E0F01F5B2B3B88C66466929C6.bin
#13 2175.3 -- Installing: /opt/mangos/bin/warden_modules/020F5AF2B0D646B81D7C15542B1339D1.cr
#13 2175.3 -- Installing: /opt/mangos/bin/warden_modules/7281AE6C4CE00E414C22A7BBF0A52C45.key
#13 2175.3 -- Installing: /opt/mangos/bin/warden_modules/46DCC0B811CD2D7BB870A2F714CD2A61.bin
#13 2175.3 -- Installing: /opt/mangos/bin/warden_modules/2B734261337107DFEB822C97BA5154C7.cr
#13 2175.3 -- Installing: /opt/mangos/bin/warden_modules/841EF47866310AE3D26A3D8546A4CD0D.bin
#13 2175.3 -- Installing: /opt/mangos/bin/warden_modules/9A95D19959AA88542116BE3639C0EB0F.cr
#13 2175.3 -- Installing: /opt/mangos/bin/warden_modules/8AF8D377B87E29F6F28AFCCBA031BA5C.bin
#13 2175.3 -- Installing: /opt/mangos/bin/warden_modules/82CD579C7256315676D770FD89C6F322.cr
#13 2175.3 -- Installing: /opt/mangos/bin/warden_modules/0BE6B21C37F937401FB34650408C4C55.bin
#13 2175.3 -- Installing: /opt/mangos/bin/warden_modules/FA96808E0F01F5B2B3B88C66466929C6.key
#13 2175.3 -- Installing: /opt/mangos/bin/warden_modules/D0F75B799F47CC69CC826778CF4630B5.bin
#13 2175.3 -- Installing: /opt/mangos/bin/warden_modules/DE240190C1446E66A2A51A19804356C7.key
#13 2175.3 -- Installing: /opt/mangos/bin/warden_modules/DE82F1BEC723F8623E6FA8E32C52FFFC.key
#13 2175.3 -- Installing: /opt/mangos/bin/warden_modules/32F1D6325EA66AFF53D464314470273A.cr
#13 2175.3 -- Installing: /opt/mangos/bin/warden_modules/2E9FE85D05DF40D371EA874969E48F71.key
#13 2175.3 -- Installing: /opt/mangos/bin/warden_modules/5D8CC046748EACAF6993C85E63276F69.bin
#13 2175.3 -- Installing: /opt/mangos/bin/warden_modules/9B7BFA6B0A0988569898687E9BDA9111.bin
#13 2175.3 -- Installing: /opt/mangos/bin/warden_modules/6FAE26D61CE69C19FF7891D39F8D943D.cr
#13 2175.3 -- Installing: /opt/mangos/bin/warden_modules/9543C454718A361927B91107654096AF.cr
#13 2175.3 -- Installing: /opt/mangos/bin/warden_modules/C128B52AD08980F905A2FCD5FF7424D1.bin
#13 2175.3 -- Installing: /opt/mangos/bin/warden_modules/BD38DD63ABAD762375CEE894C4A353A2.cr
#13 2175.3 -- Installing: /opt/mangos/bin/warden_modules/A57F9069AFBA7DCF61973148B8832FD2.key
#13 2175.3 -- Installing: /opt/mangos/bin/warden_modules/9780C147565BECD3561163C4E68813C7.bin
#13 2175.3 -- Installing: /opt/mangos/bin/warden_modules/BA877D8E62E30E3373505709FCE6DDCB.key
#13 2175.3 -- Installing: /opt/mangos/bin/warden_modules/32F1D6325EA66AFF53D464314470273A.key
#13 2175.3 -- Installing: /opt/mangos/bin/warden_modules/E191991EC6CB175A213B124019B2FEB0.key
#13 2175.3 -- Installing: /opt/mangos/bin/warden_modules/2A3CAB971E8E08AA84E8876263A4CBAC.cr
#13 2175.3 -- Installing: /opt/mangos/bin/warden_modules/A5E7CA0E9A4F3DE05971712DBD2A1A65.cr
#13 2175.3 -- Installing: /opt/mangos/bin/warden_modules/DA3BF29EB72099327FDFA6ED7322C35E.cr
#13 2175.3 -- Installing: /opt/mangos/bin/warden_modules/86619C50D7DFEDE72113E4F37642A6F0.bin
#13 2175.3 -- Installing: /opt/mangos/bin/warden_modules/79C0768D657977D697E10BAD956CCED1.key
#13 2175.3 -- Installing: /opt/mangos/bin/warden_modules/49FBD26F223BEEEE2E13A2C4FF13C5CB.cr
#13 2175.3 -- Installing: /opt/mangos/bin/warden_modules/4446A51A42B226D160715CDB15639466.cr
#13 2175.3 -- Installing: /opt/mangos/bin/warden_modules/FC6560DAA366D845884B71CD15ED64E3.cr
#13 2175.3 -- Installing: /opt/mangos/bin/warden_modules/2DAC5284B383377E207B474A42FC11E5.key
#13 2175.3 -- Installing: /opt/mangos/bin/warden_modules/4109957D7868F7874935C8876E0D2641.bin
#13 2175.3 -- Installing: /opt/mangos/bin/warden_modules/3FEB1D16292AE410651CD32A4BE50168.bin
#13 2175.3 -- Installing: /opt/mangos/bin/warden_modules/7C4ABC97B86494A2D91820785F3A1C87.key
#13 2175.3 -- Installing: /opt/mangos/bin/run-realmd
#13 2175.3 -- Installing: /opt/mangos/bin/realmd
#13 2175.3 -- Set runtime path of "/opt/mangos/bin/realmd" to "../lib"
#13 2175.3 -- Installing: /opt/mangos/etc/realmd.conf.dist
#13 2175.3 -- Installing: /opt/mangos/bin/tools/ad
#13 2175.3 -- Set runtime path of "/opt/mangos/bin/tools/ad" to "../lib"
#13 2175.3 -- Installing: /opt/mangos/bin/tools/ExtractResources.sh
#13 2175.3 -- Installing: /opt/mangos/bin/tools/vmap_extractor
#13 2175.3 -- Set runtime path of "/opt/mangos/bin/tools/vmap_extractor" to "../lib"
#13 2175.3 -- Installing: /opt/mangos/bin/tools/vmap_assembler
#13 2175.3 -- Set runtime path of "/opt/mangos/bin/tools/vmap_assembler" to "../lib"
#13 2175.3 -- Installing: /opt/mangos/bin/tools/MoveMapGen
#13 2175.3 -- Set runtime path of "/opt/mangos/bin/tools/MoveMapGen" to "../lib"
#13 2175.3 -- Installing: /opt/mangos/bin/tools/MoveMapGen.sh
#13 2175.3 -- Installing: /opt/mangos/bin/tools/offmesh.txt
#13 DONE 2175.5s

#14 [stage-1 3/4] COPY --from=builder /opt/mangos /opt/mangos
#14 DONE 0.2s

#15 [stage-1 4/4] WORKDIR /opt/mangos/bin
#15 DONE 0.0s

#16 exporting to image
#16 exporting layers
#16 exporting layers 5.1s done
#16 exporting manifest sha256:78d4d36fde7992f8e46812683dfc00046ccf51011ef7e04ceb0e437d6f2a09dc 0.0s done
#16 exporting config sha256:243da9c628ffdfc30ebf0f09be185564094a4733128fe1e33e4bf737ad307634 0.0s done
#16 exporting attestation manifest sha256:f32dcc7e1c3512b4613ad20495ab960a3a18cfc7b039171138593c10fabfeda5 0.0s done
#16 exporting manifest list sha256:59ffebb4caa2d19590152a181d59e7b02f304d2a97c64e5192c0419e0632e31f 0.0s done
#16 naming to yulon.local/cmangos-vanilla-server:native-0baff6f3 done
#16 unpacking to yulon.local/cmangos-vanilla-server:native-0baff6f3
#16 unpacking to yulon.local/cmangos-vanilla-server:native-0baff6f3 1.5s done
#16 DONE 6.7s

#17 resolving provenance for metadata file
#17 DONE 0.0s
 Image yulon.local/cmangos-vanilla-server:native-0baff6f3 Built 
The build finished.
--- extract
Finished tools are kept; only the tool that was interrupted runs again.
Extracting server data from /home/pk/clients/WoW-Client-1.12.1 into /home/pk/vanilla-75/data (the client is read-only).
2026-09-04 02:32:22 INFO [yulon.docker] run_container(): `docker run --rm --user 1000:1000 --network none --security-opt no-new-privileges --ulimit stack=-1 -v /home/pk/clients/WoW-Client-1.12.1:/client:ro -v /home/pk/vanilla-75/data:/out -w /out yulon.local/cmangos-vanilla-server:native-0baff6f3 /opt/mangos/bin/tools/ad -i /client -o /out`
dbc and maps: running /opt/mangos/bin/tools/ad -i /client -o /out
Map & DBC Extractor
===================

Opening /client/Data/model.MPQ
Opening /client/Data/dbc.MPQ
Opening /client/Data/terrain.MPQ
Opening /client/Data/patch.MPQ
Opening /client/Data/patch-2.MPQ
Extracting dbc files...
Extracted 158 DBC files

Extracting camera files...
Extracted 10 camera files
Extracting maps...
Read Map.dbc file... Done! (44 maps loaded)
Read AreaTable.dbc file...Done! (1081 areas loaded)
Read LiquidType.dbc file...Done! (5 LiqTypes loaded)
Convert map files
Extract Azeroth (1/44)                  
Processing........................1%
Processing........................3%
Processing........................4%
Processing........................6%
Processing........................7%
Processing........................9%
Processing........................10%
Processing........................12%
Processing........................14%
Processing........................15%
Processing........................17%
Processing........................18%
Processing........................20%
Processing........................21%
Processing........................23%
Processing........................25%
Processing........................26%
Processing........................28%
Processing........................29%
Processing........................31%
Processing........................32%
Processing........................34%
Processing........................35%
Processing........................37%
Processing........................39%
Processing........................40%
Processing........................42%
Processing........................43%
Processing........................45%
Processing........................46%
Processing........................48%
Processing........................50%
Processing........................51%
Processing........................53%
Processing........................54%
Processing........................56%
Processing........................57%
Processing........................59%
Processing........................60%
Processing........................62%
Processing........................64%
Processing........................65%
Processing........................67%
Processing........................68%
Processing........................70%
Processing........................71%
Processing........................73%
Processing........................75%
Processing........................76%
Processing........................78%
Processing........................79%
Processing........................81%
Processing........................82%
Processing........................84%
Processing........................85%
Processing........................87%
Processing........................89%
Processing........................90%
Processing........................92%
Processing........................93%
Processing........................95%
Processing........................96%
Processing........................98%
Processing........................100%
Extract Kalimdor (2/44)                  
Processing........................1%
Processing........................3%
Processing........................4%
Processing........................6%
Processing........................7%
Processing........................9%
Processing........................10%
Processing........................12%
Processing........................14%
Processing........................15%
Processing........................17%
Processing........................18%
Processing........................20%
Processing........................21%
Processing........................23%
Processing........................25%
Processing........................26%
Processing........................28%
Processing........................29%
Processing........................31%
Processing........................32%
Processing........................34%
Processing........................35%
Processing........................37%
Processing........................39%
Processing........................40%
Processing........................42%
Processing........................43%
Processing........................45%
Processing........................46%
Processing........................48%
Processing........................50%
Processing........................51%
Processing........................53%
Processing........................54%
Processing........................56%
Processing........................57%
Processing........................59%
Processing........................60%
Processing........................62%
Processing........................64%
Processing........................65%
Processing........................67%
Processing........................68%
Processing........................70%
Processing........................71%
Processing........................73%
Processing........................75%
Processing........................76%
Processing........................78%
Processing........................79%
Processing........................81%
Processing........................82%
Processing........................84%
Processing........................85%
Processing........................87%
Processing........................89%
Processing........................90%
Processing........................92%
Processing........................93%
Processing........................95%
Processing........................96%
Processing........................98%
Processing........................100%
Extract test (3/44)                  
Processing........................1%
Processing........................3%
Processing........................4%
Processing........................6%
Processing........................7%
Processing........................9%
Processing........................10%
Processing........................12%
Processing........................14%
Processing........................15%
Processing........................17%
Processing........................18%
Processing........................20%
Processing........................21%
Processing........................23%
Processing........................25%
Processing........................26%
Processing........................28%
Processing........................29%
Processing........................31%
Processing........................32%
Processing........................34%
Processing........................35%
Processing........................37%
Processing........................39%
Processing........................40%
Processing........................42%
Processing........................43%
Processing........................45%
Processing........................46%
Processing........................48%
Processing........................50%
Processing........................51%
Processing........................53%
Processing........................54%
Processing........................56%
Processing........................57%
Processing........................59%
Processing........................60%
Processing........................62%
Processing........................64%
Processing........................65%
Processing........................67%
Processing........................68%
Processing........................70%
Processing........................71%
Processing........................73%
Processing........................75%
Processing........................76%
Processing........................78%
Processing........................79%
Processing........................81%
Processing........................82%
Processing........................84%
Processing........................85%
Processing........................87%
Processing........................89%
Processing........................90%
Processing........................92%
Processing........................93%
Processing........................95%
Processing........................96%
Processing........................98%
Processing........................100%
Extract ScottTest (4/44)                  
Processing........................1%
Processing........................3%
Processing........................4%
Processing........................6%
Processing........................7%
Processing........................9%
Processing........................10%
Processing........................12%
Processing........................14%
Processing........................15%
Processing........................17%
Processing........................18%
Processing........................20%
Processing........................21%
Processing........................23%
Processing........................25%
Processing........................26%
Processing........................28%
Processing........................29%
Processing........................31%
Processing........................32%
Processing........................34%
Processing........................35%
Processing........................37%
Processing........................39%
Processing........................40%
Processing........................42%
Processing........................43%
Processing........................45%
Processing........................46%
Processing........................48%
Processing........................50%
Processing........................51%
Processing........................53%
Processing........................54%
Processing........................56%
Processing........................57%
Processing........................59%
Processing........................60%
Processing........................62%
Processing........................64%
Processing........................65%
Processing........................67%
Processing........................68%
Processing........................70%
Processing........................71%
Processing........................73%
Processing........................75%
Processing........................76%
Processing........................78%
Processing........................79%
Processing........................81%
Processing........................82%
Processing........................84%
Processing........................85%
Processing........................87%
Processing........................89%
Processing........................90%
Processing........................92%
Processing........................93%
Processing........................95%
Processing........................96%
Processing........................98%
Processing........................100%
Extract Test (5/44)                  
Processing........................1%
Processing........................3%
Processing........................4%
Processing........................6%
Processing........................7%
Processing........................9%
Processing........................10%
Processing........................12%
Processing........................14%
Processing........................15%
Processing........................17%
Processing........................18%
Processing........................20%
Processing........................21%
Processing........................23%
Processing........................25%
Processing........................26%
Processing........................28%
Processing........................29%
Processing........................31%
Processing........................32%
Processing........................34%
Processing........................35%
Processing........................37%
Processing........................39%
Processing........................40%
Processing........................42%
Processing........................43%
Processing........................45%
Processing........................46%
Processing........................48%
Processing........................50%
Processing........................51%
Processing........................53%
Processing........................54%
Processing........................56%
Processing........................57%
Processing........................59%
Processing........................60%
Processing........................62%
Processing........................64%
Processing........................65%
Processing........................67%
Processing........................68%
Processing........................70%
Processing........................71%
Processing........................73%
Processing........................75%
Processing........................76%
Processing........................78%
Processing........................79%
Processing........................81%
Processing........................82%
Processing........................84%
Processing........................85%
Processing........................87%
Processing........................89%
Processing........................90%
Processing........................92%
Processing........................93%
Processing........................95%
Processing........................96%
Processing........................98%
Processing........................100%
Extract PVPZone01 (6/44)                  
Processing........................1%
Processing........................3%
Processing........................4%
Processing........................6%
Processing........................7%
Processing........................9%
Processing........................10%
Processing........................12%
Processing........................14%
Processing........................15%
Processing........................17%
Processing........................18%
Processing........................20%
Processing........................21%
Processing........................23%
Processing........................25%
Processing........................26%
Processing........................28%
Processing........................29%
Processing........................31%
Processing........................32%
Processing........................34%
Processing........................35%
Processing........................37%
Processing........................39%
Processing........................40%
Processing........................42%
Processing........................43%
Processing........................45%
Processing........................46%
Processing........................48%
Processing........................50%
Processing........................51%
Processing........................53%
Processing........................54%
Processing........................56%
Processing........................57%
Processing........................59%
Processing........................60%
Processing........................62%
Processing........................64%
Processing........................65%
Processing........................67%
Processing........................68%
Processing........................70%
Processing........................71%
Processing........................73%
Processing........................75%
Processing........................76%
Processing........................78%
Processing........................79%
Processing........................81%
Processing........................82%
Processing........................84%
Processing........................85%
Processing........................87%
Processing........................89%
Processing........................90%
Processing........................92%
Processing........................93%
Processing........................95%
Processing........................96%
Processing........................98%
Processing........................100%
Extract Shadowfang (7/44)                  
Processing........................1%
Processing........................3%
Processing........................4%
Processing........................6%
Processing........................7%
Processing........................9%
Processing........................10%
Processing........................12%
Processing........................14%
Processing........................15%
Processing........................17%
Processing........................18%
Processing........................20%
Processing........................21%
Processing........................23%
Processing........................25%
Processing........................26%
Processing........................28%
Processing........................29%
Processing........................31%
Processing........................32%
Processing........................34%
Processing........................35%
Processing........................37%
Processing........................39%
Processing........................40%
Processing........................42%
Processing........................43%
Processing........................45%
Processing........................46%
Processing........................48%
Processing........................50%
Processing........................51%
Processing........................53%
Processing........................54%
Processing........................56%
Processing........................57%
Processing........................59%
Processing........................60%
Processing........................62%
Processing........................64%
Processing........................65%
Processing........................67%
Processing........................68%
Processing........................70%
Processing........................71%
Processing........................73%
Processing........................75%
Processing........................76%
Processing........................78%
Processing........................79%
Processing........................81%
Processing........................82%
Processing........................84%
Processing........................85%
Processing........................87%
Processing........................89%
Processing........................90%
Processing........................92%
Processing........................93%
Processing........................95%
Processing........................96%
Processing........................98%
Processing........................100%
Extract StormwindJail (8/44)                  
Processing........................1%
Processing........................3%
Processing........................4%
Processing........................6%
Processing........................7%
Processing........................9%
Processing........................10%
Processing........................12%
Processing........................14%
Processing........................15%
Processing........................17%
Processing........................18%
Processing........................20%
Processing........................21%
Processing........................23%
Processing........................25%
Processing........................26%
Processing........................28%
Processing........................29%
Processing........................31%
Processing........................32%
Processing........................34%
Processing........................35%
Processing........................37%
Processing........................39%
Processing........................40%
Processing........................42%
Processing........................43%
Processing........................45%
Processing........................46%
Processing........................48%
Processing........................50%
Processing........................51%
Processing........................53%
Processing........................54%
Processing........................56%
Processing........................57%
Processing........................59%
Processing........................60%
Processing........................62%
Processing........................64%
Processing........................65%
Processing........................67%
Processing........................68%
Processing........................70%
Processing........................71%
Processing........................73%
Processing........................75%
Processing........................76%
Processing........................78%
Processing........................79%
Processing........................81%
Processing........................82%
Processing........................84%
Processing........................85%
Processing........................87%
Processing........................89%
Processing........................90%
Processing........................92%
Processing........................93%
Processing........................95%
Processing........................96%
Processing........................98%
Processing........................100%
Extract StormwindPrison (9/44)                  
Processing........................1%
Processing........................3%
Processing........................4%
Processing........................6%
Processing........................7%
Processing........................9%
Processing........................10%
Processing........................12%
Processing........................14%
Processing........................15%
Processing........................17%
Processing........................18%
Processing........................20%
Processing........................21%
Processing........................23%
Processing........................25%
Processing........................26%
Processing........................28%
Processing........................29%
Processing........................31%
Processing........................32%
Processing........................34%
Processing........................35%
Processing........................37%
Processing........................39%
Processing........................40%
Processing........................42%
Processing........................43%
Processing........................45%
Processing........................46%
Processing........................48%
Processing........................50%
Processing........................51%
Processing........................53%
Processing........................54%
Processing........................56%
Processing........................57%
Processing........................59%
Processing........................60%
Processing........................62%
Processing........................64%
Processing........................65%
Processing........................67%
Processing........................68%
Processing........................70%
Processing........................71%
Processing........................73%
Processing........................75%
Processing........................76%
Processing........................78%
Processing........................79%
Processing........................81%
Processing........................82%
Processing........................84%
Processing........................85%
Processing........................87%
Processing........................89%
Processing........................90%
Processing........................92%
Processing........................93%
Processing........................95%
Processing........................96%
Processing........................98%
Processing........................100%
Extract DeadminesInstance (10/44)                  
Processing........................1%
Processing........................3%
Processing........................4%
Processing........................6%
Processing........................7%
Processing........................9%
Processing........................10%
Processing........................12%
Processing........................14%
Processing........................15%
Processing........................17%
Processing........................18%
Processing........................20%
Processing........................21%
Processing........................23%
Processing........................25%
Processing........................26%
Processing........................28%
Processing........................29%
Processing........................31%
Processing........................32%
Processing........................34%
Processing........................35%
Processing........................37%
Processing........................39%
Processing........................40%
Processing........................42%
Processing........................43%
Processing........................45%
Processing........................46%
Processing........................48%
Processing........................50%
Processing........................51%
Processing........................53%
Processing........................54%
Processing........................56%
Processing........................57%
Processing........................59%
Processing........................60%
Processing........................62%
Processing........................64%
Processing........................65%
Processing........................67%
Processing........................68%
Processing........................70%
Processing........................71%
Processing........................73%
Processing........................75%
Processing........................76%
Processing........................78%
Processing........................79%
Processing........................81%
Processing........................82%
Processing........................84%
Processing........................85%
Processing........................87%
Processing........................89%
Processing........................90%
Processing........................92%
Processing........................93%
Processing........................95%
Processing........................96%
Processing........................98%
Processing........................100%
Extract PVPZone02 (11/44)                  
Processing........................1%
Processing........................3%
Processing........................4%
Processing........................6%
Processing........................7%
Processing........................9%
Processing........................10%
Processing........................12%
Processing........................14%
Processing........................15%
Processing........................17%
Processing........................18%
Processing........................20%
Processing........................21%
Processing........................23%
Processing........................25%
Processing........................26%
Processing........................28%
Processing........................29%
Processing........................31%
Processing........................32%
Processing........................34%
Processing........................35%
Processing........................37%
Processing........................39%
Processing........................40%
Processing........................42%
Processing........................43%
Processing........................45%
Processing........................46%
Processing........................48%
Processing........................50%
Processing........................51%
Processing........................53%
Processing........................54%
Processing........................56%
Processing........................57%
Processing........................59%
Processing........................60%
Processing........................62%
Processing........................64%
Processing........................65%
Processing........................67%
Processing........................68%
Processing........................70%
Processing........................71%
Processing........................73%
Processing........................75%
Processing........................76%
Processing........................78%
Processing........................79%
Processing........................81%
Processing........................82%
Processing........................84%
Processing........................85%
Processing........................87%
Processing........................89%
Processing........................90%
Processing........................92%
Processing........................93%
Processing........................95%
Processing........................96%
Processing........................98%
Processing........................100%
Extract Collin (12/44)                  
Processing........................1%
Processing........................3%
Processing........................4%
Processing........................6%
Processing........................7%
Processing........................9%
Processing........................10%
Processing........................12%
Processing........................14%
Processing........................15%
Processing........................17%
Processing........................18%
Processing........................20%
Processing........................21%
Processing........................23%
Processing........................25%
Processing........................26%
Processing........................28%
Processing........................29%
Processing........................31%
Processing........................32%
Processing........................34%
Processing........................35%
Processing........................37%
Processing........................39%
Processing........................40%
Processing........................42%
Processing........................43%
Processing........................45%
Processing........................46%
Processing........................48%
Processing........................50%
Processing........................51%
Processing........................53%
Processing........................54%
Processing........................56%
Processing........................57%
Processing........................59%
Processing........................60%
Processing........................62%
Processing........................64%
Processing........................65%
Processing........................67%
Processing........................68%
Processing........................70%
Processing........................71%
Processing........................73%
Processing........................75%
Processing........................76%
Processing........................78%
Processing........................79%
Processing........................81%
Processing........................82%
Processing........................84%
Processing........................85%
Processing........................87%
Processing........................89%
Processing........................90%
Processing........................92%
Processing........................93%
Processing........................95%
Processing........................96%
Processing........................98%
Processing........................100%
Extract WailingCaverns (13/44)                  
Processing........................1%
Processing........................3%
Processing........................4%
Processing........................6%
Processing........................7%
Processing........................9%
Processing........................10%
Processing........................12%
Processing........................14%
Processing........................15%
Processing........................17%
Processing........................18%
Processing........................20%
Processing........................21%
Processing........................23%
Processing........................25%
Processing........................26%
Processing........................28%
Processing........................29%
Processing........................31%
Processing........................32%
Processing........................34%
Processing........................35%
Processing........................37%
Processing........................39%
Processing........................40%
Processing........................42%
Processing........................43%
Processing........................45%
Processing........................46%
Processing........................48%
Processing........................50%
Processing........................51%
Processing........................53%
Processing........................54%
Processing........................56%
Processing........................57%
Processing........................59%
Processing........................60%
Processing........................62%
Processing........................64%
Processing........................65%
Processing........................67%
Processing........................68%
Processing........................70%
Processing........................71%
Processing........................73%
Processing........................75%
Processing........................76%
Processing........................78%
Processing........................79%
Processing........................81%
Processing........................82%
Processing........................84%
Processing........................85%
Processing........................87%
Processing........................89%
Processing........................90%
Processing........................92%
Processing........................93%
Processing........................95%
Processing........................96%
Processing........................98%
Processing........................100%
Extract Monastery (14/44)                  
Processing........................1%
Processing........................3%
Processing........................4%
Processing........................6%
Processing........................7%
Processing........................9%
Processing........................10%
Processing........................12%
Processing........................14%
Processing........................15%
Processing........................17%
Processing........................18%
Processing........................20%
Processing........................21%
Processing........................23%
Processing........................25%
Processing........................26%
Processing........................28%
Processing........................29%
Processing........................31%
Processing........................32%
Processing........................34%
Processing........................35%
Processing........................37%
Processing........................39%
Processing........................40%
Processing........................42%
Processing........................43%
Processing........................45%
Processing........................46%
Processing........................48%
Processing........................50%
Processing........................51%
Processing........................53%
Processing........................54%
Processing........................56%
Processing........................57%
Processing........................59%
Processing........................60%
Processing........................62%
Processing........................64%
Processing........................65%
Processing........................67%
Processing........................68%
Processing........................70%
Processing........................71%
Processing........................73%
Processing........................75%
Processing........................76%
Processing........................78%
Processing........................79%
Processing........................81%
Processing........................82%
Processing........................84%
Processing........................85%
Processing........................87%
Processing........................89%
Processing........................90%
Processing........................92%
Processing........................93%
Processing........................95%
Processing........................96%
Processing........................98%
Processing........................100%
Extract RazorfenKraulInstance (15/44)                  
Processing........................1%
Processing........................3%
Processing........................4%
Processing........................6%
Processing........................7%
Processing........................9%
Processing........................10%
Processing........................12%
Processing........................14%
Processing........................15%
Processing........................17%
Processing........................18%
Processing........................20%
Processing........................21%
Processing........................23%
Processing........................25%
Processing........................26%
Processing........................28%
Processing........................29%
Processing........................31%
Processing........................32%
Processing........................34%
Processing........................35%
Processing........................37%
Processing........................39%
Processing........................40%
Processing........................42%
Processing........................43%
Processing........................45%
Processing........................46%
Processing........................48%
Processing........................50%
Processing........................51%
Processing........................53%
Processing........................54%
Processing........................56%
Processing........................57%
Processing........................59%
Processing........................60%
Processing........................62%
Processing........................64%
Processing........................65%
Processing........................67%
Processing........................68%
Processing........................70%
Processing........................71%
Processing........................73%
Processing........................75%
Processing........................76%
Processing........................78%
Processing........................79%
Processing........................81%
Processing........................82%
Processing........................84%
Processing........................85%
Processing........................87%
Processing........................89%
Processing........................90%
Processing........................92%
Processing........................93%
Processing........................95%
Processing........................96%
Processing........................98%
Processing........................100%
Extract Blackfathom (16/44)                  
Processing........................1%
Processing........................3%
Processing........................4%
Processing........................6%
Processing........................7%
Processing........................9%
Processing........................10%
Processing........................12%
Processing........................14%
Processing........................15%
Processing........................17%
Processing........................18%
Processing........................20%
Processing........................21%
Processing........................23%
Processing........................25%
Processing........................26%
Processing........................28%
Processing........................29%
Processing........................31%
Processing........................32%
Processing........................34%
Processing........................35%
Processing........................37%
Processing........................39%
Processing........................40%
Processing........................42%
Processing........................43%
Processing........................45%
Processing........................46%
Processing........................48%
Processing........................50%
Processing........................51%
Processing........................53%
Processing........................54%
Processing........................56%
Processing........................57%
Processing........................59%
Processing........................60%
Processing........................62%
Processing........................64%
Processing........................65%
Processing........................67%
Processing........................68%
Processing........................70%
Processing........................71%
Processing........................73%
Processing........................75%
Processing........................76%
Processing........................78%
Processing........................79%
Processing........................81%
Processing........................82%
Processing........................84%
Processing........................85%
Processing........................87%
Processing........................89%
Processing........................90%
Processing........................92%
Processing........................93%
Processing........................95%
Processing........................96%
Processing........................98%
Processing........................100%
Extract Uldaman (17/44)                  
Processing........................1%
Processing........................3%
Processing........................4%
Processing........................6%
Processing........................7%
Processing........................9%
Processing........................10%
Processing........................12%
Processing........................14%
Processing........................15%
Processing........................17%
Processing........................18%
Processing........................20%
Processing........................21%
Processing........................23%
Processing........................25%
Processing........................26%
Processing........................28%
Processing........................29%
Processing........................31%
Processing........................32%
Processing........................34%
Processing........................35%
Processing........................37%
Processing........................39%
Processing........................40%
Processing........................42%
Processing........................43%
Processing........................45%
Processing........................46%
Processing........................48%
Processing........................50%
Processing........................51%
Processing........................53%
Processing........................54%
Processing........................56%
Processing........................57%
Processing........................59%
Processing........................60%
Processing........................62%
Processing........................64%
Processing........................65%
Processing........................67%
Processing........................68%
Processing........................70%
Processing........................71%
Processing........................73%
Processing........................75%
Processing........................76%
Processing........................78%
Processing........................79%
Processing........................81%
Processing........................82%
Processing........................84%
Processing........................85%
Processing........................87%
Processing........................89%
Processing........................90%
Processing........................92%
Processing........................93%
Processing........................95%
Processing........................96%
Processing........................98%
Processing........................100%
Extract GnomeragonInstance (18/44)                  
Processing........................1%
Processing........................3%
Processing........................4%
Processing........................6%
Processing........................7%
Processing........................9%
Processing........................10%
Processing........................12%
Processing........................14%
Processing........................15%
Processing........................17%
Processing........................18%
Processing........................20%
Processing........................21%
Processing........................23%
Processing........................25%
Processing........................26%
Processing........................28%
Processing........................29%
Processing........................31%
Processing........................32%
Processing........................34%
Processing........................35%
Processing........................37%
Processing........................39%
Processing........................40%
Processing........................42%
Processing........................43%
Processing........................45%
Processing........................46%
Processing........................48%
Processing........................50%
Processing........................51%
Processing........................53%
Processing........................54%
Processing........................56%
Processing........................57%
Processing........................59%
Processing........................60%
Processing........................62%
Processing........................64%
Processing........................65%
Processing........................67%
Processing........................68%
Processing........................70%
Processing........................71%
Processing........................73%
Processing........................75%
Processing........................76%
Processing........................78%
Processing........................79%
Processing........................81%
Processing........................82%
Processing........................84%
Processing........................85%
Processing........................87%
Processing........................89%
Processing........................90%
Processing........................92%
Processing........................93%
Processing........................95%
Processing........................96%
Processing........................98%
Processing........................100%
Extract SunkenTemple (19/44)                  
Processing........................1%
Processing........................3%
Processing........................4%
Processing........................6%
Processing........................7%
Processing........................9%
Processing........................10%
Processing........................12%
Processing........................14%
Processing........................15%
Processing........................17%
Processing........................18%
Processing........................20%
Processing........................21%
Processing........................23%
Processing........................25%
Processing........................26%
Processing........................28%
Processing........................29%
Processing........................31%
Processing........................32%
Processing........................34%
Processing........................35%
Processing........................37%
Processing........................39%
Processing........................40%
Processing........................42%
Processing........................43%
Processing........................45%
Processing........................46%
Processing........................48%
Processing........................50%
Processing........................51%
Processing........................53%
Processing........................54%
Processing........................56%
Processing........................57%
Processing........................59%
Processing........................60%
Processing........................62%
Processing........................64%
Processing........................65%
Processing........................67%
Processing........................68%
Processing........................70%
Processing........................71%
Processing........................73%
Processing........................75%
Processing........................76%
Processing........................78%
Processing........................79%
Processing........................81%
Processing........................82%
Processing........................84%
Processing........................85%
Processing........................87%
Processing........................89%
Processing........................90%
Processing........................92%
Processing........................93%
Processing........................95%
Processing........................96%
Processing........................98%
Processing........................100%
Extract RazorfenDowns (20/44)                  
Processing........................1%
Processing........................3%
Processing........................4%
Processing........................6%
Processing........................7%
Processing........................9%
Processing........................10%
Processing........................12%
Processing........................14%
Processing........................15%
Processing........................17%
Processing........................18%
Processing........................20%
Processing........................21%
Processing........................23%
Processing........................25%
Processing........................26%
Processing........................28%
Processing........................29%
Processing........................31%
Processing........................32%
Processing........................34%
Processing........................35%
Processing........................37%
Processing........................39%
Processing........................40%
Processing........................42%
Processing........................43%
Processing........................45%
Processing........................46%
Processing........................48%
Processing........................50%
Processing........................51%
Processing........................53%
Processing........................54%
Processing........................56%
Processing........................57%
Processing........................59%
Processing........................60%
Processing........................62%
Processing........................64%
Processing........................65%
Processing........................67%
Processing........................68%
Processing........................70%
Processing........................71%
Processing........................73%
Processing........................75%
Processing........................76%
Processing........................78%
Processing........................79%
Processing........................81%
Processing........................82%
Processing........................84%
Processing........................85%
Processing........................87%
Processing........................89%
Processing........................90%
Processing........................92%
Processing........................93%
Processing........................95%
Processing........................96%
Processing........................98%
Processing........................100%
Extract EmeraldDream (21/44)                  
Processing........................1%
Processing........................3%
Processing........................4%
Processing........................6%
Processing........................7%
Processing........................9%
Processing........................10%
Processing........................12%
Processing........................14%
Processing........................15%
Processing........................17%
Processing........................18%
Processing........................20%
Processing........................21%
Processing........................23%
Processing........................25%
Processing........................26%
Processing........................28%
Processing........................29%
Processing........................31%
Processing........................32%
Processing........................34%
Processing........................35%
Processing........................37%
Processing........................39%
Processing........................40%
Processing........................42%
Processing........................43%
Processing........................45%
Processing........................46%
Processing........................48%
Processing........................50%
Processing........................51%
Processing........................53%
Processing........................54%
Processing........................56%
Processing........................57%
Processing........................59%
Processing........................60%
Processing........................62%
Processing........................64%
Processing........................65%
Processing........................67%
Processing........................68%
Processing........................70%
Processing........................71%
Processing........................73%
Processing........................75%
Processing........................76%
Processing........................78%
Processing........................79%
Processing........................81%
Processing........................82%
Processing........................84%
Processing........................85%
Processing........................87%
Processing........................89%
Processing........................90%
Processing........................92%
Processing........................93%
Processing........................95%
Processing........................96%
Processing........................98%
Processing........................100%
Extract MonasteryInstances (22/44)                  
Processing........................1%
Processing........................3%
Processing........................4%
Processing........................6%
Processing........................7%
Processing........................9%
Processing........................10%
Processing........................12%
Processing........................14%
Processing........................15%
Processing........................17%
Processing........................18%
Processing........................20%
Processing........................21%
Processing........................23%
Processing........................25%
Processing........................26%
Processing........................28%
Processing........................29%
Processing........................31%
Processing........................32%
Processing........................34%
Processing........................35%
Processing........................37%
Processing........................39%
Processing........................40%
Processing........................42%
Processing........................43%
Processing........................45%
Processing........................46%
Processing........................48%
Processing........................50%
Processing........................51%
Processing........................53%
Processing........................54%
Processing........................56%
Processing........................57%
Processing........................59%
Processing........................60%
Processing........................62%
Processing........................64%
Processing........................65%
Processing........................67%
Processing........................68%
Processing........................70%
Processing........................71%
Processing........................73%
Processing........................75%
Processing........................76%
Processing........................78%
Processing........................79%
Processing........................81%
Processing........................82%
Processing........................84%
Processing........................85%
Processing........................87%
Processing........................89%
Processing........................90%
Processing........................92%
Processing........................93%
Processing........................95%
Processing........................96%
Processing........................98%
Processing........................100%
Extract TanarisInstance (23/44)                  
Processing........................1%
Processing........................3%
Processing........................4%
Processing........................6%
Processing........................7%
Processing........................9%
Processing........................10%
Processing........................12%
Processing........................14%
Processing........................15%
Processing........................17%
Processing........................18%
Processing........................20%
Processing........................21%
Processing........................23%
Processing........................25%
Processing........................26%
Processing........................28%
Processing........................29%
Processing........................31%
Processing........................32%
Processing........................34%
Processing........................35%
Processing........................37%
Processing........................39%
Processing........................40%
Processing........................42%
Processing........................43%
Processing........................45%
Processing........................46%
Processing........................48%
Processing........................50%
Processing........................51%
Processing........................53%
Processing........................54%
Processing........................56%
Processing........................57%
Processing........................59%
Processing........................60%
Processing........................62%
Processing........................64%
Processing........................65%
Processing........................67%
Processing........................68%
Processing........................70%
Processing........................71%
Processing........................73%
Processing........................75%
Processing........................76%
Processing........................78%
Processing........................79%
Processing........................81%
Processing........................82%
Processing........................84%
Processing........................85%
Processing........................87%
Processing........................89%
Processing........................90%
Processing........................92%
Processing........................93%
Processing........................95%
Processing........................96%
Processing........................98%
Processing........................100%
Extract BlackRockSpire (24/44)                  
Processing........................1%
Processing........................3%
Processing........................4%
Processing........................6%
Processing........................7%
Processing........................9%
Processing........................10%
Processing........................12%
Processing........................14%
Processing........................15%
Processing........................17%
Processing........................18%
Processing........................20%
Processing........................21%
Processing........................23%
Processing........................25%
Processing........................26%
Processing........................28%
Processing........................29%
Processing........................31%
Processing........................32%
Processing........................34%
Processing........................35%
Processing........................37%
Processing........................39%
Processing........................40%
Processing........................42%
Processing........................43%
Processing........................45%
Processing........................46%
Processing........................48%
Processing........................50%
Processing........................51%
Processing........................53%
Processing........................54%
Processing........................56%
Processing........................57%
Processing........................59%
Processing........................60%
Processing........................62%
Processing........................64%
Processing........................65%
Processing........................67%
Processing........................68%
Processing........................70%
Processing........................71%
Processing........................73%
Processing........................75%
Processing........................76%
Processing........................78%
Processing........................79%
Processing........................81%
Processing........................82%
Processing........................84%
Processing........................85%
Processing........................87%
Processing........................89%
Processing........................90%
Processing........................92%
Processing........................93%
Processing........................95%
Processing........................96%
Processing........................98%
Processing........................100%
Extract BlackrockDepths (25/44)                  
Processing........................1%
Processing........................3%
Processing........................4%
Processing........................6%
Processing........................7%
Processing........................9%
Processing........................10%
Processing........................12%
Processing........................14%
Processing........................15%
Processing........................17%
Processing........................18%
Processing........................20%
Processing........................21%
Processing........................23%
Processing........................25%
Processing........................26%
Processing........................28%
Processing........................29%
Processing........................31%
Processing........................32%
Processing........................34%
Processing........................35%
Processing........................37%
Processing........................39%
Processing........................40%
Processing........................42%
Processing........................43%
Processing........................45%
Processing........................46%
Processing........................48%
Processing........................50%
Processing........................51%
Processing........................53%
Processing........................54%
Processing........................56%
Processing........................57%
Processing........................59%
Processing........................60%
Processing........................62%
Processing........................64%
Processing........................65%
Processing........................67%
Processing........................68%
Processing........................70%
Processing........................71%
Processing........................73%
Processing........................75%
Processing........................76%
Processing........................78%
Processing........................79%
Processing........................81%
Processing........................82%
Processing........................84%
Processing........................85%
Processing........................87%
Processing........................89%
Processing........................90%
Processing........................92%
Processing........................93%
Processing........................95%
Processing........................96%
Processing........................98%
Processing........................100%
Extract OnyxiaLairInstance (26/44)                  
Processing........................1%
Processing........................3%
Processing........................4%
Processing........................6%
Processing........................7%
Processing........................9%
Processing........................10%
Processing........................12%
Processing........................14%
Processing........................15%
Processing........................17%
Processing........................18%
Processing........................20%
Processing........................21%
Processing........................23%
Processing........................25%
Processing........................26%
Processing........................28%
Processing........................29%
Processing........................31%
Processing........................32%
Processing........................34%
Processing........................35%
Processing........................37%
Processing........................39%
Processing........................40%
Processing........................42%
Processing........................43%
Processing........................45%
Processing........................46%
Processing........................48%
Processing........................50%
Processing........................51%
Processing........................53%
Processing........................54%
Processing........................56%
Processing........................57%
Processing........................59%
Processing........................60%
Processing........................62%
Processing........................64%
Processing........................65%
Processing........................67%
Processing........................68%
Processing........................70%
Processing........................71%
Processing........................73%
Processing........................75%
Processing........................76%
Processing........................78%
Processing........................79%
Processing........................81%
Processing........................82%
Processing........................84%
Processing........................85%
Processing........................87%
Processing........................89%
Processing........................90%
Processing........................92%
Processing........................93%
Processing........................95%
Processing........................96%
Processing........................98%
Processing........................100%
Extract CavernsOfTime (27/44)                  
Processing........................1%
Processing........................3%
Processing........................4%
Processing........................6%
Processing........................7%
Processing........................9%
Processing........................10%
Processing........................12%
Processing........................14%
Processing........................15%
Processing........................17%
Processing........................18%
Processing........................20%
Processing........................21%
Processing........................23%
Processing........................25%
Processing........................26%
Processing........................28%
Processing........................29%
Processing........................31%
Processing........................32%
Processing........................34%
Processing........................35%
Processing........................37%
Processing........................39%
Processing........................40%
Processing........................42%
Processing........................43%
Processing........................45%
Processing........................46%
Processing........................48%
Processing........................50%
Processing........................51%
Processing........................53%
Processing........................54%
Processing........................56%
Processing........................57%
Processing........................59%
Processing........................60%
Processing........................62%
Processing........................64%
Processing........................65%
Processing........................67%
Processing........................68%
Processing........................70%
Processing........................71%
Processing........................73%
Processing........................75%
Processing........................76%
Processing........................78%
Processing........................79%
Processing........................81%
Processing........................82%
Processing........................84%
Processing........................85%
Processing........................87%
Processing........................89%
Processing........................90%
Processing........................92%
Processing........................93%
Processing........................95%
Processing........................96%
Processing........................98%
Processing........................100%
Extract SchoolofNecromancy (28/44)                  
Processing........................1%
Processing........................3%
Processing........................4%
Processing........................6%
Processing........................7%
Processing........................9%
Processing........................10%
Processing........................12%
Processing........................14%
Processing........................15%
Processing........................17%
Processing........................18%
Processing........................20%
Processing........................21%
Processing........................23%
Processing........................25%
Processing........................26%
Processing........................28%
Processing........................29%
Processing........................31%
Processing........................32%
Processing........................34%
Processing........................35%
Processing........................37%
Processing........................39%
Processing........................40%
Processing........................42%
Processing........................43%
Processing........................45%
Processing........................46%
Processing........................48%
Processing........................50%
Processing........................51%
Processing........................53%
Processing........................54%
Processing........................56%
Processing........................57%
Processing........................59%
Processing........................60%
Processing........................62%
Processing........................64%
Processing........................65%
Processing........................67%
Processing........................68%
Processing........................70%
Processing........................71%
Processing........................73%
Processing........................75%
Processing........................76%
Processing........................78%
Processing........................79%
Processing........................81%
Processing........................82%
Processing........................84%
Processing........................85%
Processing........................87%
Processing........................89%
Processing........................90%
Processing........................92%
Processing........................93%
Processing........................95%
Processing........................96%
Processing........................98%
Processing........................100%
Extract Zul'gurub (29/44)                  
Processing........................1%
Processing........................3%
Processing........................4%
Processing........................6%
Processing........................7%
Processing........................9%
Processing........................10%
Processing........................12%
Processing........................14%
Processing........................15%
Processing........................17%
Processing........................18%
Processing........................20%
Processing........................21%
Processing........................23%
Processing........................25%
Processing........................26%
Processing........................28%
Processing........................29%
Processing........................31%
Processing........................32%
Processing........................34%
Processing........................35%
Processing........................37%
Processing........................39%
Processing........................40%
Processing........................42%
Processing........................43%
Processing........................45%
Processing........................46%
Processing........................48%
Processing........................50%
Processing........................51%
Processing........................53%
Processing........................54%
Processing........................56%
Processing........................57%
Processing........................59%
Processing........................60%
Processing........................62%
Processing........................64%
Processing........................65%
Processing........................67%
Processing........................68%
Processing........................70%
Processing........................71%
Processing........................73%
Processing........................75%
Processing........................76%
Processing........................78%
Processing........................79%
Processing........................81%
Processing........................82%
Processing........................84%
Processing........................85%
Processing........................87%
Processing........................89%
Processing........................90%
Processing........................92%
Processing........................93%
Processing........................95%
Processing........................96%
Processing........................98%
Processing........................100%
Extract Stratholme (30/44)                  
Processing........................1%
Processing........................3%
Processing........................4%
Processing........................6%
Processing........................7%
Processing........................9%
Processing........................10%
Processing........................12%
Processing........................14%
Processing........................15%
Processing........................17%
Processing........................18%
Processing........................20%
Processing........................21%
Processing........................23%
Processing........................25%
Processing........................26%
Processing........................28%
Processing........................29%
Processing........................31%
Processing........................32%
Processing........................34%
Processing........................35%
Processing........................37%
Processing........................39%
Processing........................40%
Processing........................42%
Processing........................43%
Processing........................45%
Processing........................46%
Processing........................48%
Processing........................50%
Processing........................51%
Processing........................53%
Processing........................54%
Processing........................56%
Processing........................57%
Processing........................59%
Processing........................60%
Processing........................62%
Processing........................64%
Processing........................65%
Processing........................67%
Processing........................68%
Processing........................70%
Processing........................71%
Processing........................73%
Processing........................75%
Processing........................76%
Processing........................78%
Processing........................79%
Processing........................81%
Processing........................82%
Processing........................84%
Processing........................85%
Processing........................87%
Processing........................89%
Processing........................90%
Processing........................92%
Processing........................93%
Processing........................95%
Processing........................96%
Processing........................98%
Processing........................100%
Extract Mauradon (31/44)                  
Processing........................1%
Processing........................3%
Processing........................4%
Processing........................6%
Processing........................7%
Processing........................9%
Processing........................10%
Processing........................12%
Processing........................14%
Processing........................15%
Processing........................17%
Processing........................18%
Processing........................20%
Processing........................21%
Processing........................23%
Processing........................25%
Processing........................26%
Processing........................28%
Processing........................29%
Processing........................31%
Processing........................32%
Processing........................34%
Processing........................35%
Processing........................37%
Processing........................39%
Processing........................40%
Processing........................42%
Processing........................43%
Processing........................45%
Processing........................46%
Processing........................48%
Processing........................50%
Processing........................51%
Processing........................53%
Processing........................54%
Processing........................56%
Processing........................57%
Processing........................59%
Processing........................60%
Processing........................62%
Processing........................64%
Processing........................65%
Processing........................67%
Processing........................68%
Processing........................70%
Processing........................71%
Processing........................73%
Processing........................75%
Processing........................76%
Processing........................78%
Processing........................79%
Processing........................81%
Processing........................82%
Processing........................84%
Processing........................85%
Processing........................87%
Processing........................89%
Processing........................90%
Processing........................92%
Processing........................93%
Processing........................95%
Processing........................96%
Processing........................98%
Processing........................100%
Extract DeeprunTram (32/44)                  
Processing........................1%
Processing........................3%
Processing........................4%
Processing........................6%
Processing........................7%
Processing........................9%
Processing........................10%
Processing........................12%
Processing........................14%
Processing........................15%
Processing........................17%
Processing........................18%
Processing........................20%
Processing........................21%
Processing........................23%
Processing........................25%
Processing........................26%
Processing........................28%
Processing........................29%
Processing........................31%
Processing........................32%
Processing........................34%
Processing........................35%
Processing........................37%
Processing........................39%
Processing........................40%
Processing........................42%
Processing........................43%
Processing........................45%
Processing........................46%
Processing........................48%
Processing........................50%
Processing........................51%
Processing........................53%
Processing........................54%
Processing........................56%
Processing........................57%
Processing........................59%
Processing........................60%
Processing........................62%
Processing........................64%
Processing........................65%
Processing........................67%
Processing........................68%
Processing........................70%
Processing........................71%
Processing........................73%
Processing........................75%
Processing........................76%
Processing........................78%
Processing........................79%
Processing........................81%
Processing........................82%
Processing........................84%
Processing........................85%
Processing........................87%
Processing........................89%
Processing........................90%
Processing........................92%
Processing........................93%
Processing........................95%
Processing........................96%
Processing........................98%
Processing........................100%
Extract OrgrimmarInstance (33/44)                  
Processing........................1%
Processing........................3%
Processing........................4%
Processing........................6%
Processing........................7%
Processing........................9%
Processing........................10%
Processing........................12%
Processing........................14%
Processing........................15%
Processing........................17%
Processing........................18%
Processing........................20%
Processing........................21%
Processing........................23%
Processing........................25%
Processing........................26%
Processing........................28%
Processing........................29%
Processing........................31%
Processing........................32%
Processing........................34%
Processing........................35%
Processing........................37%
Processing........................39%
Processing........................40%
Processing........................42%
Processing........................43%
Processing........................45%
Processing........................46%
Processing........................48%
Processing........................50%
Processing........................51%
Processing........................53%
Processing........................54%
Processing........................56%
Processing........................57%
Processing........................59%
Processing........................60%
Processing........................62%
Processing........................64%
Processing........................65%
Processing........................67%
Processing........................68%
Processing........................70%
Processing........................71%
Processing........................73%
Processing........................75%
Processing........................76%
Processing........................78%
Processing........................79%
Processing........................81%
Processing........................82%
Processing........................84%
Processing........................85%
Processing........................87%
Processing........................89%
Processing........................90%
Processing........................92%
Processing........................93%
Processing........................95%
Processing........................96%
Processing........................98%
Processing........................100%
Extract MoltenCore (34/44)                  
Processing........................1%
Processing........................3%
Processing........................4%
Processing........................6%
Processing........................7%
Processing........................9%
Processing........................10%
Processing........................12%
Processing........................14%
Processing........................15%
Processing........................17%
Processing........................18%
Processing........................20%
Processing........................21%
Processing........................23%
Processing........................25%
Processing........................26%
Processing........................28%
Processing........................29%
Processing........................31%
Processing........................32%
Processing........................34%
Processing........................35%
Processing........................37%
Processing........................39%
Processing........................40%
Processing........................42%
Processing........................43%
Processing........................45%
Processing........................46%
Processing........................48%
Processing........................50%
Processing........................51%
Processing........................53%
Processing........................54%
Processing........................56%
Processing........................57%
Processing........................59%
Processing........................60%
Processing........................62%
Processing........................64%
Processing........................65%
Processing........................67%
Processing........................68%
Processing........................70%
Processing........................71%
Processing........................73%
Processing........................75%
Processing........................76%
Processing........................78%
Processing........................79%
Processing........................81%
Processing........................82%
Processing........................84%
Processing........................85%
Processing........................87%
Processing........................89%
Processing........................90%
Processing........................92%
Processing........................93%
Processing........................95%
Processing........................96%
Processing........................98%
Processing........................100%
Extract DireMaul (35/44)                  
Processing........................1%
Processing........................3%
Processing........................4%
Processing........................6%
Processing........................7%
Processing........................9%
Processing........................10%
Processing........................12%
Processing........................14%
Processing........................15%
Processing........................17%
Processing........................18%
Processing........................20%
Processing........................21%
Processing........................23%
Processing........................25%
Processing........................26%
Processing........................28%
Processing........................29%
Processing........................31%
Processing........................32%
Processing........................34%
Processing........................35%
Processing........................37%
Processing........................39%
Processing........................40%
Processing........................42%
Processing........................43%
Processing........................45%
Processing........................46%
Processing........................48%
Processing........................50%
Processing........................51%
Processing........................53%
Processing........................54%
Processing........................56%
Processing........................57%
Processing........................59%
Processing........................60%
Processing........................62%
Processing........................64%
Processing........................65%
Processing........................67%
Processing........................68%
Processing........................70%
Processing........................71%
Processing........................73%
Processing........................75%
Processing........................76%
Processing........................78%
Processing........................79%
Processing........................81%
Processing........................82%
Processing........................84%
Processing........................85%
Processing........................87%
Processing........................89%
Processing........................90%
Processing........................92%
Processing........................93%
Processing........................95%
Processing........................96%
Processing........................98%
Processing........................100%
Extract AlliancePVPBarracks (36/44)                  
Processing........................1%
Processing........................3%
Processing........................4%
Processing........................6%
Processing........................7%
Processing........................9%
Processing........................10%
Processing........................12%
Processing........................14%
Processing........................15%
Processing........................17%
Processing........................18%
Processing........................20%
Processing........................21%
Processing........................23%
Processing........................25%
Processing........................26%
Processing........................28%
Processing........................29%
Processing........................31%
Processing........................32%
Processing........................34%
Processing........................35%
Processing........................37%
Processing........................39%
Processing........................40%
Processing........................42%
Processing........................43%
Processing........................45%
Processing........................46%
Processing........................48%
Processing........................50%
Processing........................51%
Processing........................53%
Processing........................54%
Processing........................56%
Processing........................57%
Processing........................59%
Processing........................60%
Processing........................62%
Processing........................64%
Processing........................65%
Processing........................67%
Processing........................68%
Processing........................70%
Processing........................71%
Processing........................73%
Processing........................75%
Processing........................76%
Processing........................78%
Processing........................79%
Processing........................81%
Processing........................82%
Processing........................84%
Processing........................85%
Processing........................87%
Processing........................89%
Processing........................90%
Processing........................92%
Processing........................93%
Processing........................95%
Processing........................96%
Processing........................98%
Processing........................100%
Extract HordePVPBarracks (37/44)                  
Processing........................1%
Processing........................3%
Processing........................4%
Processing........................6%
Processing........................7%
Processing........................9%
Processing........................10%
Processing........................12%
Processing........................14%
Processing........................15%
Processing........................17%
Processing........................18%
Processing........................20%
Processing........................21%
Processing........................23%
Processing........................25%
Processing........................26%
Processing........................28%
Processing........................29%
Processing........................31%
Processing........................32%
Processing........................34%
Processing........................35%
Processing........................37%
Processing........................39%
Processing........................40%
Processing........................42%
Processing........................43%
Processing........................45%
Processing........................46%
Processing........................48%
Processing........................50%
Processing........................51%
Processing........................53%
Processing........................54%
Processing........................56%
Processing........................57%
Processing........................59%
Processing........................60%
Processing........................62%
Processing........................64%
Processing........................65%
Processing........................67%
Processing........................68%
Processing........................70%
Processing........................71%
Processing........................73%
Processing........................75%
Processing........................76%
Processing........................78%
Processing........................79%
Processing........................81%
Processing........................82%
Processing........................84%
Processing........................85%
Processing........................87%
Processing........................89%
Processing........................90%
Processing........................92%
Processing........................93%
Processing........................95%
Processing........................96%
Processing........................98%
Processing........................100%
Extract development (38/44)                  
Processing........................1%
Processing........................3%
Processing........................4%
Processing........................6%
Processing........................7%
Processing........................9%
Processing........................10%
Processing........................12%
Processing........................14%
Processing........................15%
Processing........................17%
Processing........................18%
Processing........................20%
Processing........................21%
Processing........................23%
Processing........................25%
Processing........................26%
Processing........................28%
Processing........................29%
Processing........................31%
Processing........................32%
Processing........................34%
Processing........................35%
Processing........................37%
Processing........................39%
Processing........................40%
Processing........................42%
Processing........................43%
Processing........................45%
Processing........................46%
Processing........................48%
Processing........................50%
Processing........................51%
Processing........................53%
Processing........................54%
Processing........................56%
Processing........................57%
Processing........................59%
Processing........................60%
Processing........................62%
Processing........................64%
Processing........................65%
Processing........................67%
Processing........................68%
Processing........................70%
Processing........................71%
Processing........................73%
Processing........................75%
Processing........................76%
Processing........................78%
Processing........................79%
Processing........................81%
Processing........................82%
Processing........................84%
Processing........................85%
Processing........................87%
Processing........................89%
Processing........................90%
Processing........................92%
Processing........................93%
Processing........................95%
Processing........................96%
Processing........................98%
Processing........................100%
Extract BlackwingLair (39/44)                  
Processing........................1%
Processing........................3%
Processing........................4%
Processing........................6%
Processing........................7%
Processing........................9%
Processing........................10%
Processing........................12%
Processing........................14%
Processing........................15%
Processing........................17%
Processing........................18%
Processing........................20%
Processing........................21%
Processing........................23%
Processing........................25%
Processing........................26%
Processing........................28%
Processing........................29%
Processing........................31%
Processing........................32%
Processing........................34%
Processing........................35%
Processing........................37%
Processing........................39%
Processing........................40%
Processing........................42%
Processing........................43%
Processing........................45%
Processing........................46%
Processing........................48%
Processing........................50%
Processing........................51%
Processing........................53%
Processing........................54%
Processing........................56%
Processing........................57%
Processing........................59%
Processing........................60%
Processing........................62%
Processing........................64%
Processing........................65%
Processing........................67%
Processing........................68%
Processing........................70%
Processing........................71%
Processing........................73%
Processing........................75%
Processing........................76%
Processing........................78%
Processing........................79%
Processing........................81%
Processing........................82%
Processing........................84%
Processing........................85%
Processing........................87%
Processing........................89%
Processing........................90%
Processing........................92%
Processing........................93%
Processing........................95%
Processing........................96%
Processing........................98%
Processing........................100%
Extract PVPZone03 (40/44)                  
Processing........................1%
Processing........................3%
Processing........................4%
Processing........................6%
Processing........................7%
Processing........................9%
Processing........................10%
Processing........................12%
Processing........................14%
Processing........................15%
Processing........................17%
Processing........................18%
Processing........................20%
Processing........................21%
Processing........................23%
Processing........................25%
Processing........................26%
Processing........................28%
Processing........................29%
Processing........................31%
Processing........................32%
Processing........................34%
Processing........................35%
Processing........................37%
Processing........................39%
Processing........................40%
Processing........................42%
Processing........................43%
Processing........................45%
Processing........................46%
Processing........................48%
Processing........................50%
Processing........................51%
Processing........................53%
Processing........................54%
Processing........................56%
Processing........................57%
Processing........................59%
Processing........................60%
Processing........................62%
Processing........................64%
Processing........................65%
Processing........................67%
Processing........................68%
Processing........................70%
Processing........................71%
Processing........................73%
Processing........................75%
Processing........................76%
Processing........................78%
Processing........................79%
Processing........................81%
Processing........................82%
Processing........................84%
Processing........................85%
Processing........................87%
Processing........................89%
Processing........................90%
Processing........................92%
Processing........................93%
Processing........................95%
Processing........................96%
Processing........................98%
Processing........................100%
Extract AhnQiraj (41/44)                  
Processing........................1%
Processing........................3%
Processing........................4%
Processing........................6%
Processing........................7%
Processing........................9%
Processing........................10%
Processing........................12%
Processing........................14%
Processing........................15%
Processing........................17%
Processing........................18%
Processing........................20%
Processing........................21%
Processing........................23%
Processing........................25%
Processing........................26%
Processing........................28%
Processing........................29%
Processing........................31%
Processing........................32%
Processing........................34%
Processing........................35%
Processing........................37%
Processing........................39%
Processing........................40%
Processing........................42%
Processing........................43%
Processing........................45%
Processing........................46%
Processing........................48%
Processing........................50%
Processing........................51%
Processing........................53%
Processing........................54%
Processing........................56%
Processing........................57%
Processing........................59%
Processing........................60%
Processing........................62%
Processing........................64%
Processing........................65%
Processing........................67%
Processing........................68%
Processing........................70%
Processing........................71%
Processing........................73%
Processing........................75%
Processing........................76%
Processing........................78%
Processing........................79%
Processing........................81%
Processing........................82%
Processing........................84%
Processing........................85%
Processing........................87%
Processing........................89%
Processing........................90%
Processing........................92%
Processing........................93%
Processing........................95%
Processing........................96%
Processing........................98%
Processing........................100%
Extract PVPZone04 (42/44)                  
Processing........................1%
Processing........................3%
Processing........................4%
Processing........................6%
Processing........................7%
Processing........................9%
Processing........................10%
Processing........................12%
Processing........................14%
Processing........................15%
Processing........................17%
Processing........................18%
Processing........................20%
Processing........................21%
Processing........................23%
Processing........................25%
Processing........................26%
Processing........................28%
Processing........................29%
Processing........................31%
Processing........................32%
Processing........................34%
Processing........................35%
Processing........................37%
Processing........................39%
Processing........................40%
Processing........................42%
Processing........................43%
Processing........................45%
Processing........................46%
Processing........................48%
Processing........................50%
Processing........................51%
Processing........................53%
Processing........................54%
Processing........................56%
Processing........................57%
Processing........................59%
Processing........................60%
Processing........................62%
Processing........................64%
Processing........................65%
Processing........................67%
Processing........................68%
Processing........................70%
Processing........................71%
Processing........................73%
Processing........................75%
Processing........................76%
Processing........................78%
Processing........................79%
Processing........................81%
Processing........................82%
Processing........................84%
Processing........................85%
Processing........................87%
Processing........................89%
Processing........................90%
Processing........................92%
Processing........................93%
Processing........................95%
Processing........................96%
Processing........................98%
Processing........................100%
Extract AhnQirajTemple (43/44)                  
Processing........................1%
Processing........................3%
Processing........................4%
Processing........................6%
Processing........................7%
Processing........................9%
Processing........................10%
Processing........................12%
Processing........................14%
Processing........................15%
Processing........................17%
Processing........................18%
Processing........................20%
Processing........................21%
Processing........................23%
Processing........................25%
Processing........................26%
Processing........................28%
Processing........................29%
Processing........................31%
Processing........................32%
Processing........................34%
Processing........................35%
Processing........................37%
Processing........................39%
Processing........................40%
Processing........................42%
Processing........................43%
Processing........................45%
Processing........................46%
Processing........................48%
Processing........................50%
Processing........................51%
Processing........................53%
Processing........................54%
Processing........................56%
Processing........................57%
Processing........................59%
Processing........................60%
Processing........................62%
Processing........................64%
Processing........................65%
Processing........................67%
Processing........................68%
Processing........................70%
Processing........................71%
Processing........................73%
Processing........................75%
Processing........................76%
Processing........................78%
Processing........................79%
Processing........................81%
Processing........................82%
Processing........................84%
Processing........................85%
Processing........................87%
Processing........................89%
Processing........................90%
Processing........................92%
Processing........................93%
Processing........................95%
Processing........................96%
Processing........................98%
Processing........................100%
Extract Stratholme Raid (44/44)                  
Processing........................1%
Processing........................3%
Processing........................4%
Processing........................6%
Processing........................7%
Processing........................9%
Processing........................10%
Processing........................12%
Processing........................14%
Processing........................15%
Processing........................17%
Processing........................18%
Processing........................20%
Processing........................21%
Processing........................23%
Processing........................25%
Processing........................26%
Processing........................28%
Processing........................29%
Processing........................31%
Processing........................32%
Processing........................34%
Processing........................35%
Processing........................37%
Processing........................39%
Processing........................40%
Processing........................42%
Processing........................43%
Processing........................45%
Processing........................46%
Processing........................48%
Processing........................50%
Processing........................51%
Processing........................53%
Processing........................54%
Processing........................56%
Processing........................57%
Processing........................59%
Processing........................60%
Processing........................62%
Processing........................64%
Processing........................65%
Processing........................67%
Processing........................68%
Processing........................70%
Processing........................71%
Processing........................73%
Processing........................75%
Processing........................76%
Processing........................78%
Processing........................79%
Processing........................81%
Processing........................82%
Processing........................84%
Processing........................85%
Processing........................87%
Processing........................89%
Processing........................90%
Processing........................92%
Processing........................93%
Processing........................95%
Processing........................96%
Processing........................98%
Processing........................100%
dbc and maps: done (dbc: 158 files, maps: 2429 files)
2026-09-04 02:32:39 INFO [yulon.docker] run_container(): `docker run --rm --user 1000:1000 --network none --security-opt no-new-privileges --ulimit stack=-1 -v /home/pk/clients/WoW-Client-1.12.1:/client:ro -v /home/pk/vanilla-75/data:/out -w /out yulon.local/cmangos-vanilla-server:native-0baff6f3 /opt/mangos/bin/tools/vmap_extractor -d /client/Data`
vmap extract: running /opt/mangos/bin/tools/vmap_extractor -d /client/Data
Extract for VMAPs05. Beginning work ....

Game path: /client/Data/
Opening data files from data directory.
Scanning patch levels from data directory.

Opening /client/Data/terrain.MPQ
Opening /client/Data/model.MPQ
Opening /client/Data/texture.MPQ
Opening /client/Data/wmo.MPQ
Opening /client/Data/base.MPQ
Opening /client/Data/patch.MPQ
Opening /client/Data/patch-2.MPQ
Read LiquidType.dbc file...Done! (5 LiqTypes loaded)
Extracting WORLD\wmo\PvP\Buildings\CTF\Ctforc_A.wmo
Extracting World\wmo\Azeroth\Buildings\DuskwoodAbandoned_HumanTwoStory\Duskwoodabandoned_Humantwostory.wmo
Extracting World\wmo\Azeroth\Buildings\Duskwood_Barracks\Duskwood_Barracks.wmo
Extracting World\wmo\Azeroth\Buildings\Duskwood_Blacksmith\Duskwood_Blacksmith.wmo
Extracting World\wmo\Azeroth\Buildings\Duskwood_HumanTwoStory\Duskwood_Humantwostory.wmo
Extracting World\wmo\Azeroth\Buildings\Duskwood_Inn\Duskwood_Inn.wmo
Extracting World\wmo\Azeroth\Buildings\Duskwood_TownHall\Duskwood_Townhall.wmo
Extracting World\wmo\Azeroth\Buildings\Duskwood_TownHall_NoWall\Duskwood_Townhall_Nowall.wmo
Extracting World\wmo\Azeroth\Buildings\GoldshireInn\Goldshireinn.wmo
Extracting World\wmo\Azeroth\Buildings\GuardTower_Ruined\Ruinedhumanguardtower01.wmo
Extracting World\wmo\Azeroth\Buildings\HumanTwoStory\Humantwostory.wmo
Extracting World\wmo\Azeroth\Buildings\Human_Barracks\Human_Barracks.wmo
Extracting World\wmo\Azeroth\Buildings\Moonbrook_HumanTwoStory\Moonbrook_Humantwostory.wmo
Extracting World\wmo\Azeroth\Buildings\Moonbrook_Inn\Moonbrook_Inn.wmo
Extracting World\wmo\Azeroth\Buildings\Prison_Camp\Prisonhq.wmo
Extracting World\wmo\Azeroth\Buildings\Prison_Camp\Prisonhq_New.wmo
Extracting World\wmo\Azeroth\Buildings\Prison_Camp\Prisonlonghouse.wmo
Extracting World\wmo\Azeroth\Buildings\Prison_Camp\Prisonlonghouse_New.wmo
Extracting World\wmo\Azeroth\Buildings\RedRidge_Barracks\Redridge_Barracks.wmo
Extracting World\wmo\Azeroth\Buildings\RedRidge_HumanTwoStory\Redridge_Humantwostory.wmo
Extracting World\wmo\Azeroth\Buildings\RedRidge_Inn\Redridge_Inn.wmo
Extracting World\wmo\Azeroth\Buildings\RedRidge_TownHall\Redridge_Townhall.wmo
Extracting World\wmo\Azeroth\Buildings\RedRidge_TownHall_NoWall\Redridge_Townhall_Nowall.wmo
Extracting World\wmo\Azeroth\Buildings\Stormwind\Stormwind.wmo
Skipped WMOGroup World\wmo\Azeroth\Buildings\Stormwind\Stormwind.wmo World\wmo\Azeroth\Buildings\Stormwind\Stormwind_086.wmo 74433Skipped WMOGroup World\wmo\Azeroth\Buildings\Stormwind\Stormwind.wmo World\wmo\Azeroth\Buildings\Stormwind\Stormwind_109.wmo 10945Skipped WMOGroup World\wmo\Azeroth\Buildings\Stormwind\Stormwind.wmo World\wmo\Azeroth\Buildings\Stormwind\Stormwind_110.wmo 10433Skipped WMOGroup World\wmo\Azeroth\Buildings\Stormwind\Stormwind.wmo World\wmo\Azeroth\Buildings\Stormwind\Stormwind_223.wmo 10433Extracting World\wmo\Azeroth\Buildings\Stranglethorn_BootyBay\Bootybay.wmo
Extracting World\wmo\Azeroth\Buildings\Stranglethorn_ruins\Stranglethorn_Ruins02.wmo
Extracting World\wmo\Azeroth\Buildings\Stranglethorn_ruins\Stranglethorn_Ruins04.wmo
Extracting World\wmo\Azeroth\Buildings\Stranglethorn_ruins\Stranglethorn_Ruins08.wmo
Extracting World\wmo\Azeroth\Buildings\Stranglethorn_ruins\Stranglethorn_Ruins09.wmo
Extracting World\wmo\Azeroth\Buildings\Stranglethorn_ruins\Stranglethorn_Ruins16.wmo
Extracting World\wmo\Azeroth\Buildings\Stranglethorn_ruins\Stranglethorn_Ruins17.wmo
Extracting World\wmo\Azeroth\Buildings\TownHall\Townhall.wmo
Extracting World\wmo\Azeroth\Buildings\TownHall_NoWall\Townhall_Nowall.wmo
Extracting World\wmo\Azeroth\Buildings\Westfall_Barracks\Westfall_Barracks.wmo
Extracting World\wmo\Azeroth\Buildings\Westfall_HumanTwoStory\Westfall_Humantwostory.wmo
Extracting World\wmo\Azeroth\Buildings\Westfall_Inn\Westfall_Inn.wmo
Extracting World\wmo\Azeroth\Buildings\Westfall_TownHall\Westfall_Townhall.wmo
Extracting World\wmo\Azeroth\Buildings\ZulGurub\Zulgurubcity.wmo
Extracting World\wmo\Azeroth\Buildings\ZulGurub\Zulgurubentrance.wmo
Extracting World\wmo\Azeroth\Buildings\zulgurub_ziggurat\Zulgurub_Ziggurat.wmo
Extracting World\wmo\Azeroth\Collidable Doodads\Stranglethorn\RopeBridge\Ropebridge.wmo
Extracting World\wmo\Azeroth\Collidable Doodads\Stranglethorn\RopeBridge\Ropebridgeshort.wmo
Extracting World\wmo\Azeroth\Collidable Doodads\Wetlands\WetlandsHumanDock01\Wetlandshumandock01.wmo
Extracting World\wmo\Dungeon\AZ_Blackrock\Blackrock.wmo
Extracting World\wmo\Dungeon\AZ_Blackrock\Blackrock_Lower_Guild.wmo
Extracting World\wmo\Dungeon\AZ_Blackrock\Blackrock_Lower_Instance.wmo
Extracting World\wmo\Dungeon\AZ_Blackrock\Blackrock_Upper_Guild.wmo
Skipped WMOGroup World\wmo\Dungeon\AZ_Blackrock\Blackrock_Upper_Guild.wmo World\wmo\Dungeon\AZ_Blackrock\Blackrock_Upper_Guild_023.wmo 137Extracting World\wmo\Dungeon\AZ_Blackrock\Blackrock_Upper_Instance.wmo
Extracting World\wmo\Dungeon\AZ_Deadmines\Az_Deadmines_B.wmo
Extracting World\wmo\Dungeon\AZ_Karazahn\Karazhan.wmo
No such file World\wmo\Dungeon\AZ_Karazahn\Karazhan.wmo.
Couldn't open RootWmo!!!
Extracting World\wmo\Dungeon\AZ_Subway\Subway.wmo
Extracting World\wmo\Dungeon\CavernsOfTime\Cavernsoftime.wmo
Extracting World\wmo\Dungeon\GM_Dungeon\Gmdungeon.wmo
Extracting World\wmo\Dungeon\KL_AhnQiraj\40Manarmygeneral.wmo
Extracting World\wmo\Dungeon\KL_AhnQiraj\40Mancanalinner.wmo
Extracting World\wmo\Dungeon\KL_AhnQiraj\40Mancanalouter.wmo
Extracting World\wmo\Dungeon\KL_AhnQiraj\40Mancourtyard.wmo
Extracting World\wmo\Dungeon\KL_AhnQiraj\40Mandroneboss.wmo
Extracting World\wmo\Dungeon\KL_AhnQiraj\40Manegglayerboss.wmo
Extracting World\wmo\Dungeon\KL_AhnQiraj\40Manenterance.wmo
Extracting World\wmo\Dungeon\KL_AhnQiraj\40Manmainboss1.wmo
Extracting World\wmo\Dungeon\KL_AhnQiraj\40Manmainboss2.wmo
Extracting World\wmo\Dungeon\KL_AhnQiraj\40Manmainbosseast.wmo
Extracting World\wmo\Dungeon\KL_AhnQiraj\40Manmainbosswest.wmo
Extracting World\wmo\Dungeon\KL_AhnQiraj\40Manreaverboss.wmo
Extracting World\wmo\Dungeon\KL_AhnQiraj\40Manssilithidhall.wmo
Extracting World\wmo\Dungeon\KL_AhnQiraj\Ahn_Qiraj.wmo
Extracting World\wmo\Dungeon\KL_AhnQiraj\Ahn_Qiraj_City.wmo
Extracting World\wmo\Dungeon\KL_AhnQiraj\Ahn_Qiraj_Columna.wmo
Extracting World\wmo\Dungeon\KL_AhnQiraj\Ahn_Qiraj_Columnb.wmo
Extracting World\wmo\Dungeon\KL_AhnQiraj\Ahn_Qiraj_Columnc.wmo
Extracting World\wmo\Dungeon\KL_AhnQiraj\Ahn_Qiraj_Columnd.wmo
Extracting World\wmo\Dungeon\KL_AhnQiraj\Ahn_Qiraj_Columne.wmo
Extracting World\wmo\Dungeon\KL_AhnQiraj\Ahn_Qiraj_Columnf.wmo
Extracting World\wmo\Dungeon\KL_AhnQiraj\Ahn_Qiraj_Columng.wmo
Extracting World\wmo\Dungeon\KL_AhnQiraj\Ahn_Qiraj_Columnh.wmo
Extracting World\wmo\Dungeon\KL_AhnQiraj\Ahn_Qiraj_Facade.wmo
Extracting World\wmo\Dungeon\KL_AhnQiraj\Easternbacklandscape.wmo
Extracting World\wmo\Dungeon\KL_AhnQiraj\Easternfrontlandscape.wmo
Extracting World\wmo\Dungeon\KL_AhnQiraj\Egglayeradd.wmo
Extracting World\wmo\Dungeon\KL_AhnQiraj\Innergateenterance.wmo
Extracting World\wmo\Dungeon\KL_AhnQiraj\Innerlandscape.wmo
Extracting World\wmo\Dungeon\KL_AhnQiraj\Mainbossadd.wmo
Extracting World\wmo\Dungeon\KL_AhnQiraj\Outergateenterance.wmo
Extracting World\wmo\Dungeon\KL_AhnQiraj\Templeruinsenterance.wmo
Extracting World\wmo\Dungeon\KL_AhnQiraj\Westernbacklandscape.wmo
Extracting World\wmo\Dungeon\KL_AhnQiraj\Westernfrontlandscape.wmo
Extracting World\wmo\Dungeon\KL_DireMaul\Kl_Diremaul.wmo
Extracting World\wmo\Dungeon\KL_DireMaul\Kl_Diremaul_Instance.wmo
Extracting World\wmo\Dungeon\KL_DireMaul\Kl_Diremaul__Backent.wmo
Extracting World\wmo\Dungeon\KL_Maraudon\Kl_Maraudon.wmo
Extracting World\wmo\Dungeon\KL_Maraudon\Kl_Maraudon_Instance01.wmo
Extracting World\wmo\Dungeon\KL_Razorfen\Razorfenkraul_Instance.wmo
Extracting World\wmo\Dungeon\KZ_Gnomeragon\Kz_Gnomeragon.wmo
Extracting World\wmo\Dungeon\KZ_Uldaman\Kz_Uldaman_A.wmo
Extracting World\wmo\Dungeon\KZ_Uldaman\Kz_Uldaman_B.wmo
Extracting World\wmo\Dungeon\KZ_Uldaman\Kz_Uldaman_C.wmo
Extracting World\wmo\Dungeon\LD_ScarletMonestary\Monestary_Library.wmo
Extracting World\wmo\Dungeon\LD_Stratholme\Frostwyrm_Final01.wmo
Extracting World\wmo\Dungeon\LD_Stratholme\Stratholme_B.wmo
Extracting World\wmo\Dungeon\LD_Stratholme\Stratholme_Raid.wmo
Extracting World\wmo\Dungeon\MD_BarrowDens\Barrowdens.wmo
Extracting World\wmo\Dungeon\MD_BarrowDens\Barrowdens_B.wmo
Extracting World\wmo\Dungeon\MD_BarrowDens\Barrowdens_C.wmo
Extracting World\wmo\Dungeon\MD_BarrowDens\Corruptbarrowdens.wmo
Extracting World\wmo\Dungeon\MD_CaveTunnels\Pvp_Alterac_Ent01.wmo
Extracting World\wmo\Dungeon\MD_CaveTunnels\Pvp_Alterac_Snow01.wmo
Extracting World\wmo\Dungeon\MD_Caveden\Md_Trollden.wmo
Extracting World\wmo\Dungeon\MD_Caveden\Md_Volcanicden.wmo
Extracting World\wmo\Dungeon\MD_Crypt\Md_Crypt_C.wmo
Extracting World\wmo\Dungeon\MD_Goldmine\Md_Goldmine.wmo
Extracting World\wmo\Dungeon\MD_Goldmine\Md_Goldmine_Variante.wmo
Extracting World\wmo\Dungeon\MD_Hive\Mini-Hive_D.wmo
Extracting World\wmo\Dungeon\MD_Hive\Mini-Hive_D_Albino.wmo
Extracting World\wmo\Dungeon\MD_Hive\Mini-Hive_F.wmo
Extracting World\wmo\Dungeon\MD_Mountaincave\Md_Icecave.wmo
Extracting World\wmo\Dungeon\MD_Mountaincave\Md_Icecave05.wmo
Extracting World\wmo\Dungeon\MD_Mountaincave\Md_Mountaincave_Medium_B.wmo
Extracting World\wmo\Dungeon\MD_Mountaincave\Md_Mountaincave_Medium_H.wmo
Extracting World\wmo\Dungeon\MD_Mountaincave\Md_Mushroomcave02.wmo
Extracting World\wmo\Dungeon\MD_Mountaincave\Md_Mushroomcave05.wmo
Extracting World\wmo\Dungeon\MD_Ogremound\Md_Brogremound.wmo
Extracting World\wmo\Dungeon\MD_Ogremound\Md_Brogremound1Room.wmo
Extracting World\wmo\Dungeon\MD_Ogremound\Md_Grogremound.wmo
Extracting World\wmo\Dungeon\MD_Ogremound\Md_Grogremound1Room.wmo
Extracting World\wmo\Dungeon\MD_Ogremound\Md_Ogremound.wmo
Extracting World\wmo\Dungeon\MD_Ogremound\Md_Ogremound1Room.wmo
Extracting World\wmo\Dungeon\MD_Ogremound\Md_Ogremound_Medium.wmo
Extracting World\wmo\Dungeon\MD_Ogremound\Md_Snogremound.wmo
Extracting World\wmo\Dungeon\MD_Ogremound\Md_Snogremound1Room.wmo
Extracting World\wmo\Dungeon\MD_Ruinedkeep\Ruinedkeep_Crypt.wmo
Extracting World\wmo\Dungeon\MD_Ruinedkeep\Ruinedkeep_Crypt_Instance.wmo
Extracting World\wmo\Dungeon\MD_Shipwreck\Shipwreck_A.wmo
Extracting World\wmo\Dungeon\SunkenTemple\Az_Sunkentemple_Instance.wmo
Extracting World\wmo\Kalimdor\Buildings\AzsharaOutpost\Azsharaoutpost.wmo
Extracting World\wmo\Kalimdor\Buildings\ClassicalElfRuins\Azrclassicalelfruin11.wmo
Extracting World\wmo\Kalimdor\Buildings\GoblinHut\Kl_Tanaris_Goblinbld_B.wmo
Extracting World\wmo\Kalimdor\Buildings\NightElf2Story\Dsnightelf2Story.wmo
Extracting World\wmo\Kalimdor\Buildings\NightElfAbbey\Nightelfabbey.wmo
Extracting World\wmo\Kalimdor\Buildings\NightElfDruidTower\Dsnightelfdruidtower.wmo
Extracting World\wmo\Kalimdor\Buildings\NightElfDruidTower\Nightelfdruidtower.wmo
Extracting World\wmo\Kalimdor\Buildings\NightElfGuardTower\Nightelfpvpguardtower.wmo
Extracting World\wmo\Kalimdor\Buildings\NightElfMoonWell\Giantmoonwell.wmo
Extracting World\wmo\Kalimdor\Buildings\OrcGreatHall\Blackrockorcgreathall.wmo
Extracting World\wmo\Kalimdor\Buildings\OrcGreatHall\Orcgreathall.wmo
Extracting World\wmo\Kalimdor\Buildings\OrcGreatHall\Swamporcgreathall.wmo
Extracting World\wmo\Kalimdor\Buildings\OrcInn\Orcinn.wmo
Extracting World\wmo\Kalimdor\Buildings\OrcTower\Blackrockorctower.wmo
Extracting World\wmo\Kalimdor\Buildings\OrcTower\Orctower.wmo
Extracting World\wmo\Kalimdor\Buildings\OrcTower\Swamporctower.wmo
Extracting World\wmo\Kalimdor\Buildings\OrcZeppelinHouse\Orczeppelinhouse.wmo
Extracting World\wmo\Kalimdor\Buildings\TrollBridge\Trollbridge.wmo
Extracting World\wmo\Kalimdor\Buildings\Trollhut\Trollhut01.wmo
Extracting World\wmo\Kalimdor\Buildings\Trollhut\Trollhutsmall01.wmo
Extracting World\wmo\Kalimdor\CollidableDoodads\Darkshore\DarkshoreDocks\Darkshoredocks03.wmo
Extracting World\wmo\Kalimdor\CollidableDoodads\Feralas\FeathermoonDock\Feathermoon_Dock.wmo
Extracting World\wmo\Kalimdor\CollidableDoodads\Silithus\Nightelf2Storysilithus.wmo
Extracting World\wmo\Kalimdor\CollidableDoodads\Silithus\Elventowersilithus01.wmo
Extracting World\wmo\Kalimdor\CollidableDoodads\Tanaris\GadgetzanWall\Gadgetzanwall.wmo
Extracting World\wmo\Kalimdor\CollidableDoodads\Winterspring\EverlookWall\Everlookwall.wmo
Extracting World\wmo\Kalimdor\Darnassis\Darnassis.wmo
Skipped WMOGroup World\wmo\Kalimdor\Darnassis\Darnassis.wmo World\wmo\Kalimdor\Darnassis\Darnassis_101.wmo 137Skipped WMOGroup World\wmo\Kalimdor\Darnassis\Darnassis.wmo World\wmo\Kalimdor\Darnassis\Darnassis_102.wmo 137Skipped WMOGroup World\wmo\Kalimdor\Darnassis\Darnassis.wmo World\wmo\Kalimdor\Darnassis\Darnassis_103.wmo 137Extracting World\wmo\Kalimdor\Ogrimmar\Kl_Pvpbarracks.wmo
Extracting World\wmo\Kalimdor\Ogrimmar\Ogrimmar.wmo
Extracting World\wmo\Kalimdor\PVP\CollidableDoodads\NETents\Nightelftent01_Pvp.wmo
Extracting World\wmo\Kalimdor\PVP\CollidableDoodads\NETents\Nightelftent02_Pvp.wmo
Extracting World\wmo\KhazModan\Buildings\Anvilmar\Anvilmar.wmo
Extracting World\wmo\KhazModan\Buildings\Dwarven_Barracks\snow_barracks\Snow_Dwarfbarracks.wmo
Extracting World\wmo\KhazModan\Buildings\Dwarven_Barracks\wetlands_barracks\Wet_Dwarfbarracks.wmo
Extracting World\wmo\KhazModan\Buildings\Dwarven_Blacksmith\Snow_Blacksmith\Snow_Blacksmith.wmo
Extracting World\wmo\KhazModan\Buildings\Dwarven_Blacksmith\Wetland_Blacksmith\Wetland_Blacksmith.wmo
Extracting World\wmo\KhazModan\Buildings\Dwarven_Inn\snow_Inn\Snow_Inn.wmo
Extracting World\wmo\KhazModan\Buildings\Dwarven_SnowTower\Dwarven_Pvpsnowtower.wmo
Extracting World\wmo\KhazModan\Buildings\SearingGorge\Darkirontower.wmo
Extracting World\wmo\KhazModan\Cities\Ironforge\Ironforge.wmo
Extracting World\wmo\KhazModan\CollidableDoodads\MenethilDocks\Menethildocks.wmo
Extracting World\wmo\Lorderon\Buildings\EasternPlaguelands\Cathedral\Cathedral.wmo
Extracting World\wmo\Lorderon\Buildings\EasternPlaguelands\NaxPortal\Epl_Portal.wmo
Extracting World\wmo\Lorderon\Buildings\TirisfalGlade\Mausoleum\Mausoleumactive.wmo
Extracting World\wmo\Lorderon\CollidableDoodads\ArathiHighlands\Bridge\Arathistonebridge03.wmo
Extracting World\wmo\Lorderon\CollidableDoodads\ArathiHighlands\HumanRuinedBuildings\Huruinedbuildingsmed01.wmo
Extracting World\wmo\Lorderon\CollidableDoodads\ArathiHighlands\HumanRuinedBuildings\Huruinedbuildingssmall02.wmo
Extracting World\wmo\Lorderon\Undercity\Undercity.wmo
Extracting World\wmo\PvP\Alterac\Walls\Alteracvalleyhordewallslower.wmo
Extracting World\wmo\PvP\Alterac\Walls\Alteracvalleyhordewallsupper.wmo
Extracting World\wmo\PvP\Buildings\CTF\Ctfnightelf_A.wmo
Extracting World\wmo\PvP\Buildings\CTF\Ctforc_Aclifftower.wmo
Extracting World\wmo\PvP\Buildings\CTF\Ctfhuman.wmo
Extracting World\wmo\PvP\Buildings\CTF\Pvpentrance_Nightelf.wmo
Extracting World\wmo\PvP\Buildings\CTF\Pvpentrance_Orc.wmo
Extracting World\wmo\PvP\Buildings\DwarfStronghold\Dwarfstronghold.wmo
Extracting World\wmo\PvP\Buildings\OrcBarracksPvP\Alteracgeneralorcfortress.wmo
Extracting World\wmo\PvP\Buildings\OrcBarracksPvP\Orcbarrackspvp.wmo
Extracting World\wmo\PvP\Buildings\OrcTower\Pvp_Darkorctower.wmo
Extracting World\wmo\PvP\Buildings\OrcTower\Pvp_Orctower.wmo
Extracting World\wmo\PvP\Buildings\TaurenGate\Pvp_Taurengate01.wmo
Extracting World\wmo\PvP\Fence\Arathialliancefence.wmo
Extracting World\wmo\PvP\Fence\Arathihordefence.wmo
Extracting World\wmo\transports\BlackCitadel\Blackcitadel.wmo
Extracting World\wmo\Azeroth\Buildings\AltarOfStorms\Altarofstorms.wmo
Extracting World\wmo\Azeroth\Buildings\Big_Keep\Big_Keep.wmo
Extracting World\wmo\Azeroth\Buildings\Castle\Castle01.wmo
Extracting World\wmo\Azeroth\Buildings\Castle\Castle02.wmo
Extracting World\wmo\Azeroth\Buildings\Castle\Castle03.wmo
Extracting World\wmo\Azeroth\Buildings\Chapel\Chapel.wmo
Extracting World\wmo\Azeroth\Buildings\Chapel\Duskwoodchapel.wmo
Extracting World\wmo\Azeroth\Buildings\Chapel\Redridgechapel.wmo
Extracting World\wmo\Azeroth\Buildings\DuskwoodAbandoned_Barn\Duskwoodabandoned_Barn.wmo
Extracting World\wmo\Azeroth\Buildings\DuskwoodAbandoned_Blacksmith\Duskwoodabandoned_Blacksmith.wmo
Extracting World\wmo\Azeroth\Buildings\DuskwoodAbandoned_human_farm\Duskwoodabandoned_Human_Farm.wmo
Extracting World\wmo\Azeroth\Buildings\DuskwoodAbandoned_Inn\Andorhalabandoned_Inn.wmo
Extracting World\wmo\Azeroth\Buildings\DuskwoodAbandoned_Inn\Duskwoodabandoned_Inn.wmo
Extracting World\wmo\Azeroth\Buildings\DuskwoodAbandoned_Lumbermill\Duskwoodabandoned_Lumbermill.wmo
Extracting World\wmo\Azeroth\Buildings\DuskwoodAbandoned_TownHall_NoWall\Duskwoodabandoned_Townhall_Nowall.wmo
Extracting World\wmo\Azeroth\Buildings\Duskwood_Barn\Duskwood_Barn.wmo
Extracting World\wmo\Azeroth\Buildings\Duskwood_human_farm\Duskwood_Human_Farm.wmo
Extracting World\wmo\Azeroth\Buildings\Duskwood_Human_Farm_Burnt\Duskwoodfarmhouseburnt.wmo
Extracting World\wmo\Azeroth\Buildings\Duskwood_Lumbermill\Duskwood_Lumbermill.wmo
Extracting World\wmo\Azeroth\Buildings\Duskwood_MageTower\Duskwood_Magetower.wmo
Extracting World\wmo\Azeroth\Buildings\Duskwood_Stable\Duskwood_Stable.wmo
Extracting World\wmo\Azeroth\Buildings\GnomeHut\Gnomehut.wmo
Extracting World\wmo\Azeroth\Buildings\GnomeHut\Gnomehuttwostory.wmo
Extracting World\wmo\Azeroth\Buildings\GoldshireBlacksmith\Goldshireblacksmith.wmo
Extracting World\wmo\Azeroth\Buildings\GriffonAviary\Griffonaviary.wmo
Extracting World\wmo\Azeroth\Buildings\GuardTower\Guardtower.wmo
Extracting World\wmo\Azeroth\Buildings\GuildHouses\Guildhousea.wmo
Extracting World\wmo\Azeroth\Buildings\GuildHouses\Guildhouseb.wmo
Extracting World\wmo\Azeroth\Buildings\HillsbradTerraceWall\Hillsbradterracewall.wmo
Extracting World\wmo\Azeroth\Buildings\Human_Barn_Silo\Barn.wmo
Extracting World\wmo\Azeroth\Buildings\Human_Barn_Silo\Silo.wmo
Extracting World\wmo\Azeroth\Buildings\human_farm\Farm.wmo
Extracting World\wmo\Azeroth\Buildings\Human_farm_test\Farmtest.wmo
Extracting World\wmo\Azeroth\Buildings\IntactPrisonTower\Intactprisontower.wmo
Extracting World\wmo\Azeroth\Buildings\KeepWall\Gate01.wmo
Extracting World\wmo\Azeroth\Buildings\KeepWall\Gate02.wmo
Extracting World\wmo\Azeroth\Buildings\KeepWall\Gate03.wmo
Extracting World\wmo\Azeroth\Buildings\KeepWall\Gateruined01.wmo
Extracting World\wmo\Azeroth\Buildings\KeepWall\Gateruined02.wmo
Extracting World\wmo\Azeroth\Buildings\KeepWall\Keepbridge01.wmo
Extracting World\wmo\Azeroth\Buildings\KeepWall\Lowwallpost01.wmo
Extracting World\wmo\Azeroth\Buildings\KeepWall\Wallpiece01.wmo
Extracting World\wmo\Azeroth\Buildings\KeepWall\Wallpiece02.wmo
Extracting World\wmo\Azeroth\Buildings\KeepWall\Wallpiece03.wmo
Extracting World\wmo\Azeroth\Buildings\KeepWall\Wallpiece04.wmo
Extracting World\wmo\Azeroth\Buildings\KeepWall\Wallpiece05.wmo
Extracting World\wmo\Azeroth\Buildings\KeepWall\Wallpieceruin01.wmo
Extracting World\wmo\Azeroth\Buildings\KeepWall\Wallpieceruin02.wmo
Extracting World\wmo\Azeroth\Buildings\KeepWall\Wallpieceruin03.wmo
Extracting World\wmo\Azeroth\Buildings\KeepWall\Wallpieceruin04.wmo
Extracting World\wmo\Azeroth\Buildings\KeepWall\Wallpiecestairs01.wmo
Extracting World\wmo\Azeroth\Buildings\KeepWall\Wallpost01.wmo
Extracting World\wmo\Azeroth\Buildings\KeepWall\Wallpost02.wmo
Extracting World\wmo\Azeroth\Buildings\KeepWall\Wallpostruined01.wmo
Extracting World\wmo\Azeroth\Buildings\KeepWall\Wallposttunnel01.wmo
Extracting World\wmo\Azeroth\Buildings\LumberMill\Lumbermill.wmo
Extracting World\wmo\Azeroth\Buildings\Magetower\Magetower.wmo
Extracting World\wmo\Azeroth\Buildings\Moonbrook_Blacksmith\Moonbrook_Blacksmith.wmo
Extracting World\wmo\Azeroth\Buildings\Moonbrook_human_farm\Moonbrook_Human_Farm.wmo
Extracting World\wmo\Azeroth\Buildings\Moonbrook_TownHall_NoWall\Moonbrook_Townhall_Nowall.wmo
Extracting World\wmo\Azeroth\Buildings\NSabbey\Nsabbey.wmo
Extracting World\wmo\Azeroth\Buildings\OilPlatform\Oilplatform.wmo
Extracting World\wmo\Azeroth\Buildings\OilPlatform\Oilplatformsmall.wmo
Extracting World\wmo\Azeroth\Buildings\Oil_Platform\Oil_Platform.wmo
Extracting World\wmo\Azeroth\Buildings\Prison_Camp\Prisonguardtower.wmo
Extracting World\wmo\Azeroth\Buildings\Prison_Camp\Prisonoubliette.wmo
Extracting World\wmo\Azeroth\Buildings\Prison_Camp\Prisonoubliettelarge.wmo
Extracting World\wmo\Azeroth\Buildings\Prison_Camp\Prisonoubliettetunnel.wmo
Extracting World\wmo\Azeroth\Buildings\Prison_Camp\Prisonoubliettewater.wmo
Extracting World\wmo\Azeroth\Buildings\RedRidge_Barn\Redridge_Barn.wmo
Extracting World\wmo\Azeroth\Buildings\RedRidge_Blacksmith\Redridge_Blacksmith.wmo
Extracting World\wmo\Azeroth\Buildings\RedRidge_human_farm\Redridge_Human_Farm.wmo
Extracting World\wmo\Azeroth\Buildings\RedRidge_Lumbermill\Redridge_Lumbermill.wmo
Extracting World\wmo\Azeroth\Buildings\RedRidge_MageTower\Redridge_Magetower.wmo
Extracting World\wmo\Azeroth\Buildings\RedRidge_Stable\Redridge_Stable.wmo
Extracting World\wmo\Azeroth\Buildings\RuinedCathedral\Ruinedcathedral.wmo
Extracting World\wmo\Azeroth\Buildings\Scarlet_Monestary\Scarlet_Monestary.wmo
Extracting World\wmo\Azeroth\Buildings\Stable\Stable.wmo
Extracting World\wmo\Azeroth\Buildings\Stormwind\Az_Pvpbarracks.wmo
Extracting World\wmo\Azeroth\Buildings\Stranglethorn_BootyBay\Bootybayplank.wmo
Extracting World\wmo\Azeroth\Buildings\Stranglethorn_BootyBay\Bootybay_Fortress1.wmo
Extracting World\wmo\Azeroth\Buildings\Stranglethorn_BootyBay\Bootybay_Fortress2.wmo
Extracting World\wmo\Azeroth\Buildings\Stranglethorn_BootyBay\Bootybay_House1.wmo
Extracting World\wmo\Azeroth\Buildings\Stranglethorn_BootyBay\Bootybay_House2.wmo
Extracting World\wmo\Azeroth\Buildings\Stranglethorn_BootyBay\Bootybay_Railing.wmo
Extracting World\wmo\Azeroth\Buildings\Stranglethorn_BootyBay\Bootybay_Warehouse.wmo
Extracting World\wmo\Azeroth\Buildings\Stranglethorn_BootyBay\Ratchet_Dock.wmo
Extracting World\wmo\Azeroth\Buildings\Stranglethorn_BootyBay\Ratchet_Inn.wmo
Extracting World\wmo\Azeroth\Buildings\Stranglethorn_ruins\Stranglethorn_Ruins01.wmo
Extracting World\wmo\Azeroth\Buildings\Stranglethorn_ruins\Stranglethorn_Ruins03.wmo
Extracting World\wmo\Azeroth\Buildings\Stranglethorn_ruins\Stranglethorn_Ruins05.wmo
Extracting World\wmo\Azeroth\Buildings\Stranglethorn_ruins\Stranglethorn_Ruins06.wmo
Extracting World\wmo\Azeroth\Buildings\Stranglethorn_ruins\Stranglethorn_Ruins07.wmo
Extracting World\wmo\Azeroth\Buildings\Stranglethorn_ruins\Stranglethorn_Ruins10.wmo
Extracting World\wmo\Azeroth\Buildings\Stranglethorn_ruins\Stranglethorn_Ruins11.wmo
Extracting World\wmo\Azeroth\Buildings\Stranglethorn_ruins\Stranglethorn_Ruins12.wmo
Extracting World\wmo\Azeroth\Buildings\Stranglethorn_ruins\Stranglethorn_Ruins13.wmo
Extracting World\wmo\Azeroth\Buildings\Stranglethorn_ruins\Stranglethorn_Ruins14.wmo
Extracting World\wmo\Azeroth\Buildings\Stranglethorn_ruins\Stranglethorn_Ruins15.wmo
Extracting World\wmo\Azeroth\Buildings\Stranglethorn_ruins\Stranglethorn_Ruins18.wmo
Extracting World\wmo\Azeroth\Buildings\Westfall_Barn\Westfall_Barn.wmo
Extracting World\wmo\Azeroth\Buildings\Westfall_Blacksmith\Westfall_Blacksmith.wmo
Extracting World\wmo\Azeroth\Buildings\Westfall_GuardTower\Westfall_Guardtower.wmo
Extracting World\wmo\Azeroth\Buildings\Westfall_human_farm\Westfall_Human_Farm.wmo
Extracting World\wmo\Azeroth\Buildings\Westfall_human_farm\Westfall_Human_Farmb.wmo
Extracting World\wmo\Azeroth\Buildings\Westfall_human_farm_Burnt\Westfallfarmhouseburnt.wmo
Extracting World\wmo\Azeroth\Buildings\Westfall_Lumbermill\Westfall_Lumbermill.wmo
Extracting World\wmo\Azeroth\Buildings\Westfall_MageTower\Westfall_Magetower.wmo
Extracting World\wmo\Azeroth\Buildings\Westfall_Stable\Westfall_Stable.wmo
Extracting World\wmo\Azeroth\Buildings\Westfall_Stable\Westfall_Stableb.wmo
Extracting World\wmo\Azeroth\Buildings\Westfall_TownHall_NoWall\Westfall_Townhall_Nowall.wmo
Extracting World\wmo\Azeroth\Buildings\WorldTree\Duskworldtree.wmo
Extracting World\wmo\Azeroth\Buildings\WorldTree\Worldtree.wmo
Extracting World\wmo\Azeroth\Buildings\Ziggurat\Trollziggurat.wmo
Extracting World\wmo\Azeroth\Buildings\ZulGurub\Zulgurub.wmo
Extracting World\wmo\Azeroth\Buildings\ZulGurub\Zulgurubruins01.wmo
Extracting World\wmo\Azeroth\Buildings\ZulGurub\Zulgurubruins02.wmo
Extracting World\wmo\Azeroth\Buildings\ZulGurub\Zulkunda.wmo
Extracting World\wmo\Azeroth\Buildings\ZulGurub\Zulrandomruins.wmo
Extracting World\wmo\Azeroth\Collidable Doodads\AllianceShrine\Allianceshrine.wmo
Extracting World\wmo\Azeroth\Collidable Doodads\Duskwood\ChasmBridge\Duskwoodchasmbridge.wmo
Extracting World\wmo\Azeroth\Collidable Doodads\Duskwood\CoveredBridge\Duskwoodcoveredbridge.wmo
Extracting World\wmo\Azeroth\Collidable Doodads\Duskwood\OpenGrave\Duskwoodopengrave.wmo
Extracting World\wmo\Azeroth\Collidable Doodads\Elwynn\AbbeyGate02\Abbeygate02.wmo
Extracting World\wmo\Azeroth\Collidable Doodads\Elwynn\AbbeyGate\Abbeygate01.wmo
Extracting World\wmo\Azeroth\Collidable Doodads\Elwynn\Bleachers\Bleacherswood02.wmo
Extracting World\wmo\Azeroth\Collidable Doodads\Elwynn\ElwynnLakeBridge\Elwynnlakebridge.wmo
Extracting World\wmo\Azeroth\Collidable Doodads\Elwynn\FootBridge\Elwynnfootbridge.wmo
Extracting World\wmo\Azeroth\Collidable Doodads\Elwynn\LionBridge\Elwynnlionbridge.wmo
Extracting World\wmo\Azeroth\Collidable Doodads\Elwynn\ValleyOfHeroesBridge\Herobridge.wmo
Extracting World\wmo\Azeroth\Collidable Doodads\Elwynn\ValleyOfHeroesGate\Herogate.wmo
Extracting World\wmo\Azeroth\Collidable Doodads\Elwynn\WideBridge\Elwynnwidebridge.wmo
Extracting World\wmo\Azeroth\Collidable Doodads\HordeShrine\Hordeshrine.wmo
Extracting World\wmo\Azeroth\Collidable Doodads\IronForge\Footbridge\Ironfootbridge.wmo
Extracting World\wmo\Azeroth\Collidable Doodads\IronForge\IronforgeRopeBridge01\Ironforgeropebridge01.wmo
Extracting World\wmo\Azeroth\Collidable Doodads\IronForge\StoneBridge\Ironstonebridge.wmo
Extracting World\wmo\Azeroth\Collidable Doodads\PVP\Bridges\Pvp_Bridge01.wmo
Extracting World\wmo\Azeroth\Collidable Doodads\PVP\Bridges\Pvp_Bridge02.wmo
Extracting World\wmo\Azeroth\Collidable Doodads\RedRidge\RedRidgeDamagedBridge\Redridgedamagedbridge.wmo
Extracting World\wmo\Azeroth\Collidable Doodads\RedRidge\RedRidgeDocks01\Redridgedocks01.wmo
Extracting World\wmo\Azeroth\Collidable Doodads\RedRidge\RedRidgeDocks02\Redridgedocks02.wmo
Extracting World\wmo\Azeroth\Collidable Doodads\RedRidge\RedRidgeDocks03\Redridgedocks03.wmo
Extracting World\wmo\Azeroth\Collidable Doodads\RedRidge\RedRidgeDocks\Redridgesmalldock01.wmo
Extracting World\wmo\Azeroth\Collidable Doodads\RedRidge\RedRidgeDocks\Redridgesmalldock02.wmo
Extracting World\wmo\Azeroth\Collidable Doodads\RedRidge\RedRidgeFootbridge\Redridgefootbridge.wmo
Extracting World\wmo\Azeroth\Collidable Doodads\Stranglethorn\HoldingPen\Holdingpenbamboo.wmo
Extracting World\wmo\Azeroth\Collidable Doodads\Stranglethorn\OilRefinery\Oilrefinery.wmo
Extracting World\wmo\Azeroth\Collidable Doodads\Stranglethorn\RopeBridge\Ropebridgesmall.wmo
Extracting World\wmo\Azeroth\Collidable Doodads\Stranglethorn\StrangleRuinStair\Strangleruinstair.wmo
Extracting World\wmo\Azeroth\Collidable Doodads\Stranglethorn\StrangleRuinStair\Strangleruinstair02.wmo
Extracting World\wmo\Azeroth\Collidable Doodads\Stranglethorn\StranglethornArenaGate\Stranglearenagate01.wmo
Extracting World\wmo\Azeroth\Collidable Doodads\Stranglethorn\StranglethornArena\Stranglegladiatorarena.wmo
Extracting World\wmo\Azeroth\Collidable Doodads\Stranglethorn\StranglethornRuins01\Stranglethornruins01.wmo
Extracting World\wmo\Azeroth\Collidable Doodads\Stranglethorn\StranglethornRuins02\Stranglethornruins02.wmo
Extracting World\wmo\Azeroth\Collidable Doodads\Stranglethorn\StranglethornRuins04\Stranglethornruins04.wmo
Extracting World\wmo\Azeroth\Collidable Doodads\Stranglethorn\StranglethornRuins11\Stranglethornruins11.wmo
Extracting World\wmo\Azeroth\Collidable Doodads\Stranglethorn\StranglethornRuins12\Stranglethornruins12.wmo
Extracting World\wmo\Azeroth\Collidable Doodads\Stranglethorn\StranglethornRuins13\Stranglethornruins13.wmo
Extracting World\wmo\Azeroth\Collidable Doodads\Stranglethorn\StranglethornRuins16\Stranglethornruins16.wmo
Extracting World\wmo\Azeroth\Collidable Doodads\SwampofSorrows\BridgeStranglethorn\Bridgestranglethorn.wmo
Extracting World\wmo\Azeroth\Collidable Doodads\SwampofSorrows\SwampBridge01\Swampbridge01.wmo
Extracting World\wmo\Azeroth\Collidable Doodads\SwampofSorrows\SwampDock01\Swampdock01.wmo
Extracting World\wmo\Azeroth\Collidable Doodads\Westfall\HumanBoatHouse\Humanboathouse.wmo
Extracting World\wmo\Azeroth\Collidable Doodads\Westfall\WestfallGrainSilo01\Westfallgrainsilo01.wmo
Extracting World\wmo\Azeroth\Collidable Doodads\Wetlands\WetlandsWagon\Final\Wetlandsbustedwagon.wmo
Extracting World\wmo\Cameron.wmo
Extracting World\wmo\Dungeon\AZ_Blackrock\Blackrock2.wmo
Extracting World\wmo\Dungeon\AZ_Deadmines\Az_Deadmines_A.wmo
Extracting World\wmo\Dungeon\AZ_Deadmines\Az_Deadmines_C.wmo
Extracting World\wmo\Dungeon\AZ_Deadmines\Az_Deadmines_D.wmo
Extracting World\wmo\Dungeon\AZ_Karazahn\Karazhan.wmo
No such file World\wmo\Dungeon\AZ_Karazahn\Karazhan.wmo.
Couldn't open RootWmo!!!
Extracting World\wmo\Dungeon\AZ_Karazahn\Kharazan.wmo
Extracting World\wmo\Dungeon\AZ_StormwindPrisons\Stormwindjail.wmo
Extracting World\wmo\Dungeon\AZ_StormwindPrisons\Stormwindprison.wmo
Extracting World\wmo\Dungeon\CavernsOfTime\Cavernsoftimeentrance.wmo
Extracting World\wmo\Dungeon\CavernsOfTime\Cot_Arm1.wmo
Extracting World\wmo\Dungeon\CavernsOfTime\Cot_Arm2.wmo
Extracting World\wmo\Dungeon\CavernsOfTime\Cot_Arm3.wmo
Extracting World\wmo\Dungeon\KL_AhnQiraj\Ahn_Qirajwall01.wmo
Extracting World\wmo\Dungeon\KL_AhnQiraj\Ahn_Qirajwall02.wmo
Extracting World\wmo\Dungeon\KL_AhnQiraj\Ahn_Qirajwall03.wmo
Extracting World\wmo\Dungeon\KL_AhnQiraj\Ahn_Qiraj_Entrance.wmo
Extracting World\wmo\Dungeon\KL_AhnQiraj\Ahn_Qiraj_Object.wmo
Extracting World\wmo\Dungeon\KL_AhnQiraj\Ahn_Qiraj_Object02.wmo
Extracting World\wmo\Dungeon\KL_Blackfathom\Blackfathom.wmo
Extracting World\wmo\Dungeon\KL_Blackfathom\Blackfathom_Instance.wmo
Extracting World\wmo\Dungeon\KL_Blackfathom\Old_Blackfathom_Facade.wmo
Extracting World\wmo\Dungeon\KL_OnyxiasLair\Kl_Onyxiaslair.wmo
Extracting World\wmo\Dungeon\KL_OnyxiasLair\Kl_Onyxiaslair_A.wmo
Extracting World\wmo\Dungeon\KL_OnyxiasLair\Kl_Onyxiaslair_B.wmo
Extracting World\wmo\Dungeon\KL_OrgrimmarLavaDungeon\Lavadungeon.wmo
Extracting World\wmo\Dungeon\KL_Razorfen\Razorfendowns.wmo
Extracting World\wmo\Dungeon\KL_Razorfen\Razorfendowns_Instance.wmo
Extracting World\wmo\Dungeon\KL_Razorfen\Razorfenkraul.wmo
Extracting World\wmo\Dungeon\KL_Wailing\Wailingcaverns.wmo
Extracting World\wmo\Dungeon\KL_Wailing\Wailingcaverns_Instance.wmo
Extracting World\wmo\Dungeon\KL_Wailing\Wailingcaverns_Teeth.wmo
Extracting World\wmo\Dungeon\KZ_Gnomeragon\Kz_Gnomeragon_Instance.wmo
Extracting World\wmo\Dungeon\KZ_Uldaman\Kz_Uldaman.wmo
Extracting World\wmo\Dungeon\LD_DragonIsles\Dragonisles_A.wmo
Extracting World\wmo\Dungeon\LD_DragonIsles\Dragonisles_B.wmo
Extracting World\wmo\Dungeon\LD_DragonIsles\Dragonisles_C.wmo
Extracting World\wmo\Dungeon\LD_DragonIsles\Dragonisles_D.wmo
Extracting World\wmo\Dungeon\LD_ScarletMonestary\Monestary_Cathedral.wmo
Extracting World\wmo\Dungeon\LD_ScarletMonestary\Monestary_Cemetery.wmo
Extracting World\wmo\Dungeon\LD_ScarletMonestary\Monestary_War.wmo
Extracting World\wmo\Dungeon\LD_ShadowFang\Ld_Shadowfang.wmo
Extracting World\wmo\Dungeon\LD_ShadowFang\Ld_Shadowfanginterior.wmo
Skipped WMOGroup World\wmo\Dungeon\LD_ShadowFang\Ld_Shadowfanginterior.wmo World\wmo\Dungeon\LD_ShadowFang\Ld_Shadowfanginterior_073.wmo 137Extracting World\wmo\Dungeon\LD_Stratholme\Stratholme.wmo
Extracting World\wmo\Dungeon\LD_Stratholme\Stratholme_A.wmo
Extracting World\wmo\Dungeon\LD_Stratholme\Stratholme_C.wmo
Extracting World\wmo\Dungeon\MD_Algazgate\Algazgate.wmo
Extracting World\wmo\Dungeon\MD_AnimalDen\Animalden.wmo
Extracting World\wmo\Dungeon\MD_Anvilmarpass\Anvilmarpass.wmo
Extracting World\wmo\Dungeon\MD_BarrowDensOneRm\Barrowdensonerm.wmo
Extracting World\wmo\Dungeon\MD_BarrowDensOneRm\Corruptbarrowdensoneroom.wmo
Extracting World\wmo\Dungeon\MD_Caveden\Md_Iceden.wmo
Extracting World\wmo\Dungeon\MD_Caveden\Md_Jungleden.wmo
Extracting World\wmo\Dungeon\MD_Caveden\Md_Mushroomden.wmo
Extracting World\wmo\Dungeon\MD_Caveden\Md_Trollden_Warm.wmo
Extracting World\wmo\Dungeon\MD_Caveden\Md_Warmden.wmo
Extracting World\wmo\Dungeon\MD_CaveTunnels\Md_Cavetunnel01.wmo
Extracting World\wmo\Dungeon\MD_CaveTunnels\Md_Coldcavetunnel01.wmo
Extracting World\wmo\Dungeon\MD_CaveTunnels\Md_Stoneashen_Tunnel.wmo
Extracting World\wmo\Dungeon\MD_CaveTunnels\Md_Warmcavetunnel01.wmo
Extracting World\wmo\Dungeon\MD_CryptOneRm\Md_Cryptonerm.wmo
Extracting World\wmo\Dungeon\MD_CryptSchool\Md_Cryptschool.wmo
Extracting World\wmo\Dungeon\MD_CryptSimpleEnt\Md_Cryptsimpleent.wmo
Extracting World\wmo\Dungeon\MD_Crypt\Md_Crypt.wmo
Extracting World\wmo\Dungeon\MD_Crypt\Md_Crypt_B.wmo
Extracting World\wmo\Dungeon\MD_Crypt\Md_Crypt_D.wmo
Extracting World\wmo\Dungeon\MD_Dwarven Tunnels\Largetunnel.wmo
Extracting World\wmo\Dungeon\MD_Dwarven Tunnels\Mediumtunnel.wmo
Extracting World\wmo\Dungeon\MD_Dwarven Tunnels\Mediumtunnel_Snow.wmo
Extracting World\wmo\Dungeon\MD_Dwarven Tunnels\Smalltunnel.wmo
Extracting World\wmo\Dungeon\MD_Dwarven Tunnels\Smalltunnel_Snow.wmo
Extracting World\wmo\Dungeon\MD_FishingHole\Md_Fishingholeice.wmo
Extracting World\wmo\Dungeon\MD_Goldmine\Md_Goldmine_1Room.wmo
Extracting World\wmo\Dungeon\MD_Goldmine\Md_Goldmine_Varianta.wmo
Extracting World\wmo\Dungeon\MD_Goldmine\Md_Goldmine_Variantb.wmo
Extracting World\wmo\Dungeon\MD_Goldmine\Md_Goldmine_Variantc.wmo
Extracting World\wmo\Dungeon\MD_Goldmine\Md_Goldmine_Variantd.wmo
Extracting World\wmo\Dungeon\MD_Goldmine\Md_Goldmine_Variantf.wmo
Extracting World\wmo\Dungeon\MD_Hive\Exterior_Arch.wmo
Extracting World\wmo\Dungeon\MD_Hive\Exterior_Piece01.wmo
Extracting World\wmo\Dungeon\MD_Hive\Exterior_Piece02.wmo
Extracting World\wmo\Dungeon\MD_Hive\Exterior_Piece03.wmo
Extracting World\wmo\Dungeon\MD_Hive\Exterior_Piece04.wmo
Extracting World\wmo\Dungeon\MD_Hive\Exterior_Piece05.wmo
Extracting World\wmo\Dungeon\MD_Hive\Mini-Hive_A.wmo
Extracting World\wmo\Dungeon\MD_Hive\Mini-Hive_B.wmo
Extracting World\wmo\Dungeon\MD_Hive\Mini-Hive_C.wmo
Extracting World\wmo\Dungeon\MD_Hive\Mini-Hive_C_Albino.wmo
Extracting World\wmo\Dungeon\MD_Hive\Mini-Hive_E.wmo
Extracting World\wmo\Dungeon\MD_Hive\Mini-Hive_E_Albino.wmo
Extracting World\wmo\Dungeon\MD_Hive\Mini-Hive_F_Albino.wmo
Extracting World\wmo\Dungeon\MD_Hordemine\Md_Hordemine.wmo
Extracting World\wmo\Dungeon\MD_Hordemine\Md_Hordemine1Room.wmo
Extracting World\wmo\Dungeon\MD_Mountaincave\Md_Icecave02.wmo
Extracting World\wmo\Dungeon\MD_Mountaincave\Md_Icecave03.wmo
Extracting World\wmo\Dungeon\MD_Mountaincave\Md_Icecave04.wmo
Extracting World\wmo\Dungeon\MD_Mountaincave\Md_Icecave_Medium.wmo
Extracting World\wmo\Dungeon\MD_Mountaincave\Md_Junglecave.wmo
Extracting World\wmo\Dungeon\MD_Mountaincave\Md_Junglecave07.wmo
Extracting World\wmo\Dungeon\MD_Mountaincave\Md_Junglecave_Crystal.wmo
Extracting World\wmo\Dungeon\MD_Mountaincave\Md_Junglecave_Medium.wmo
Extracting World\wmo\Dungeon\MD_Mountaincave\Md_Mountaincave_Medium.wmo
Extracting World\wmo\Dungeon\MD_Mountaincave\Md_Mountaincave_Medium_C.wmo
Extracting World\wmo\Dungeon\MD_Mountaincave\Md_Mountaincave_Medium_D.wmo
Extracting World\wmo\Dungeon\MD_Mountaincave\Md_Mountaincave_Medium_E.wmo
Extracting World\wmo\Dungeon\MD_Mountaincave\Md_Mountaincave_Medium_F.wmo
Extracting World\wmo\Dungeon\MD_Mountaincave\Md_Mountaincave_Medium_G.wmo
Extracting World\wmo\Dungeon\MD_Mountaincave\Md_Mountaincave_Medium_G_Warm.wmo
Extracting World\wmo\Dungeon\MD_Mountaincave\Md_Mushroomcave.wmo
Extracting World\wmo\Dungeon\MD_Mountaincave\Md_Mushroomcave03.wmo
Extracting World\wmo\Dungeon\MD_Mountaincave\Md_Mushroomcave04.wmo
Extracting World\wmo\Dungeon\MD_Mountaincave\Md_Mushroomcave06.wmo
Extracting World\wmo\Dungeon\MD_Mountaincave\Md_Mushroomcave07.wmo
Extracting World\wmo\Dungeon\MD_Mountaincave\Md_Mushroomcave08.wmo
Extracting World\wmo\Dungeon\MD_Mountaincave\Md_Mushroomcave09.wmo
Extracting World\wmo\Dungeon\MD_Mountaincave\Md_Mushroomcave10.wmo
Extracting World\wmo\Dungeon\MD_Mountaincave\Md_Underwatercave_Medium.wmo
Extracting World\wmo\Dungeon\MD_Mountaincave\Md_Warmcave.wmo
Extracting World\wmo\Dungeon\MD_Mountaincave\Md_Warmcave_Medium.wmo
Extracting World\wmo\Dungeon\MD_Pirateship\Pirateship.wmo
Extracting World\wmo\Dungeon\MD_Pirateship\Pirateship_Plank.wmo
Extracting World\wmo\Dungeon\MD_Ruinedfortress\Md_Ruinedfortress.wmo
Extracting World\wmo\Dungeon\MD_Ruinedkeep\Ruinedkeep.wmo
Extracting World\wmo\Dungeon\MD_Ruinedkeep\Ruinedkeep_Crypt_Facade.wmo
Extracting World\wmo\Dungeon\MD_Shipwreck\Shipwreck_B.wmo
Extracting World\wmo\Dungeon\MD_Shipwreck\Shipwreck_C.wmo
Extracting World\wmo\Dungeon\MD_Shipwreck\Shipwreck_D.wmo
Extracting World\wmo\Dungeon\MD_Shipwreck\Transport_Shipwreck.wmo
Extracting World\wmo\Dungeon\MD_Spidermine\Md_Spidermine.wmo
Extracting World\wmo\Dungeon\MD_Spidermine\Md_Spidermine_Nokobolds.wmo
Extracting World\wmo\Dungeon\MD_Stratholme_Plaguewood_Tunnel\Md_Stratholme_Plaguewood_Tunnel.wmo
Extracting World\wmo\Dungeon\MD_TimbermawHold\Md_Furbog_01.wmo
Extracting World\wmo\Dungeon\MD_TimbermawHold\Md_Timbermawhold.wmo
Extracting World\wmo\Dungeon\Monestary\Scarlet_Monestary_Interior.wmo
Extracting World\wmo\Dungeon\SunkenTemple\Az_Sunkentemple.wmo
Extracting World\wmo\Dungeon\test\Collintest.wmo
Extracting World\wmo\Dungeon\test\Missingwmo.wmo
Extracting World\wmo\Dungeon\test\Test.wmo
Extracting World\wmo\elevators\ThousandNeedlesElevator\Thousandneedleselevator.wmo
Extracting World\wmo\Kalimdor\Buildings\ClassicalElfRuins\Azrclassicalelfruin01.wmo
Extracting World\wmo\Kalimdor\Buildings\ClassicalElfRuins\Azrclassicalelfruin02.wmo
Extracting World\wmo\Kalimdor\Buildings\ClassicalElfRuins\Azrclassicalelfruin03.wmo
Extracting World\wmo\Kalimdor\Buildings\ClassicalElfRuins\Azrclassicalelfruin04.wmo
Extracting World\wmo\Kalimdor\Buildings\ClassicalElfRuins\Azrclassicalelfruin05.wmo
Extracting World\wmo\Kalimdor\Buildings\ClassicalElfRuins\Azrclassicalelfruin06.wmo
Extracting World\wmo\Kalimdor\Buildings\ClassicalElfRuins\Azrclassicalelfruin07.wmo
Extracting World\wmo\Kalimdor\Buildings\ClassicalElfRuins\Azrclassicalelfruin08.wmo
Extracting World\wmo\Kalimdor\Buildings\ClassicalElfRuins\Azrclassicalelfruin09.wmo
Extracting World\wmo\Kalimdor\Buildings\ClassicalElfRuins\Azrclassicalelfruin10.wmo
Extracting World\wmo\Kalimdor\Buildings\ClassicalElfRuins\Classicalelfruin01.wmo
Extracting World\wmo\Kalimdor\Buildings\ClassicalElfRuins\Classicalelfruin02.wmo
Extracting World\wmo\Kalimdor\Buildings\ClassicalElfRuins\Classicalelfruin03.wmo
Extracting World\wmo\Kalimdor\Buildings\ClassicalElfRuins\Classicalelfruin04.wmo
Extracting World\wmo\Kalimdor\Buildings\ClassicalElfRuins\Classicalelfruin05.wmo
Extracting World\wmo\Kalimdor\Buildings\ClassicalElfRuins\Classicalelfruin06.wmo
Extracting World\wmo\Kalimdor\Buildings\ClassicalElfRuins\Classicalelfruin07.wmo
Extracting World\wmo\Kalimdor\Buildings\ClassicalElfRuins\Classicalelfruin08.wmo
Extracting World\wmo\Kalimdor\Buildings\ClassicalElfRuins\Classicalelfruin10.wmo
Extracting World\wmo\Kalimdor\Buildings\ClassicalElfRuins\Classicalelftemple.wmo
Extracting World\wmo\Kalimdor\Buildings\ClassicalElfRuins\Classicalelftemple2.wmo
Extracting World\wmo\Kalimdor\Buildings\ClassicalElfRuins\Snowclassicalelfruin02.wmo
Extracting World\wmo\Kalimdor\Buildings\ClassicalElfRuins\Snowclassicalelfruin03.wmo
Extracting World\wmo\Kalimdor\Buildings\ClassicalElfRuins\Snowclassicalelfruin05.wmo
Extracting World\wmo\Kalimdor\Buildings\Durotar\TiriGardeKeep\Tirigardekeep01.wmo
Extracting World\wmo\Kalimdor\Buildings\Durotar\TiriGardeKeep\Tirigardekeep02.wmo
Extracting World\wmo\Kalimdor\Buildings\GoblinHoldingPen\Goblinholdingpen.wmo
Extracting World\wmo\Kalimdor\Buildings\GoblinHut\Goblinhut.wmo
Extracting World\wmo\Kalimdor\Buildings\GoblinHut\Kl_Goblin_Ice_Observatory.wmo
Extracting World\wmo\Kalimdor\Buildings\GoblinHut\Kl_Goblin_Igloo_A.wmo
Extracting World\wmo\Kalimdor\Buildings\GoblinHut\Kl_Goblin_Igloo_B.wmo
Extracting World\wmo\Kalimdor\Buildings\GoblinHut\Kl_Goblin_Igloo_C.wmo
Extracting World\wmo\Kalimdor\Buildings\GoblinHut\Kl_Goblin_Igloo_D.wmo
Extracting World\wmo\Kalimdor\Buildings\GoblinHut\Kl_Tanaris_Goblinbld_A.wmo
Extracting World\wmo\Kalimdor\Buildings\GoblinHut\Kl_Tanaris_Goblinbld_C.wmo
Extracting World\wmo\Kalimdor\Buildings\GoblinHut\Kl_Tanaris_Goblinbld_D.wmo
Extracting World\wmo\Kalimdor\Buildings\GoblinLab\Goblinlab.wmo
Extracting World\wmo\Kalimdor\Buildings\NagaPagoda\Nagapagoda01.wmo
Extracting World\wmo\Kalimdor\Buildings\NightElf2Story\Nightelf2Story.wmo
Extracting World\wmo\Kalimdor\Buildings\NightElfGuardTower\Nightelfguardtower.wmo
Extracting World\wmo\Kalimdor\Buildings\NightElfGuardTower\Nightelfguardtower_B.wmo
Extracting World\wmo\Kalimdor\Buildings\NightElfHuntersLodge\Dsnightelfhunterslodge.wmo
Extracting World\wmo\Kalimdor\Buildings\NightElfHuntersLodge\Nightelfhunterslodge.wmo
Extracting World\wmo\Kalimdor\Buildings\NightElfInn\Dsnightelfinn.wmo
Extracting World\wmo\Kalimdor\Buildings\NightElfInn\Nightelfinn.wmo
Extracting World\wmo\Kalimdor\Buildings\NightElfMoonWell\Dsnightelfmoonwell.wmo
Extracting World\wmo\Kalimdor\Buildings\NightElfMoonWell\Dsnightelfmoonwellornate.wmo
Extracting World\wmo\Kalimdor\Buildings\NightElfMoonWell\Nightelfmoonwell.wmo
Extracting World\wmo\Kalimdor\Buildings\NightElfMoonWell\Nightelfmoonwellornate.wmo
Extracting World\wmo\Kalimdor\Buildings\NightElfOutpost\Nightelfoutpost.wmo
Extracting World\wmo\Kalimdor\Buildings\NightElfOutpost\Nightelfoutpost_B.wmo
Extracting World\wmo\Kalimdor\Buildings\NightElfSmallHouse\Dsnightelfsmallhouse.wmo
Extracting World\wmo\Kalimdor\Buildings\NightElfSmallHouse\Nightelfsmallhouse.wmo
Extracting World\wmo\Kalimdor\Buildings\NightElfSouthGate\Southgate.wmo
Extracting World\wmo\Kalimdor\Buildings\OrcBarracks\Abandonedorcbarracks.wmo
Extracting World\wmo\Kalimdor\Buildings\OrcBarracks\Blackrockorcbarracks.wmo
Extracting World\wmo\Kalimdor\Buildings\OrcBarracks\Orcbarracks.wmo
Extracting World\wmo\Kalimdor\Buildings\OrcBarracks\Swamporcbarracks.wmo
Extracting World\wmo\Kalimdor\Buildings\OrcBlacksmith\Abandonedorcblacksmith.wmo
Extracting World\wmo\Kalimdor\Buildings\OrcBlacksmith\Blackrockorcblacksmith.wmo
Extracting World\wmo\Kalimdor\Buildings\OrcBlacksmith\Orcblacksmith.wmo
Extracting World\wmo\Kalimdor\Buildings\OrcBlacksmith\Swamporcblacksmith.wmo
Extracting World\wmo\Kalimdor\Buildings\OrcFortress\Blackrockorcfortress.wmo
Extracting World\wmo\Kalimdor\Buildings\OrcFortress\Orcfortress.wmo
Extracting World\wmo\Kalimdor\Buildings\OrcFortress\Swamporcfortress.wmo
Extracting World\wmo\Kalimdor\Buildings\OrcGreatHall\Abandonedorcgreathall.wmo
Extracting World\wmo\Kalimdor\Buildings\OrcHut\Blackrockorchut.wmo
Extracting World\wmo\Kalimdor\Buildings\OrcHut\Orchut.wmo
Extracting World\wmo\Kalimdor\Buildings\OrcKennel\Abandonedorckennel.wmo
Extracting World\wmo\Kalimdor\Buildings\OrcKennel\Blackrockorckennel.wmo
Extracting World\wmo\Kalimdor\Buildings\OrcKennel\Orckennel.wmo
Extracting World\wmo\Kalimdor\Buildings\OrcKennel\Swamporckennel.wmo
Extracting World\wmo\Kalimdor\Buildings\OrcMageTower\Abandonedorcmagetower.wmo
Extracting World\wmo\Kalimdor\Buildings\OrcMageTower\Blackrockorcmagetower.wmo
Extracting World\wmo\Kalimdor\Buildings\OrcMageTower\Orcmagetower.wmo
Extracting World\wmo\Kalimdor\Buildings\OrcMageTower\Swamporcmagetower.wmo
Extracting World\wmo\Kalimdor\Buildings\OrcMedium\Abandonedorcmedium.wmo
Extracting World\wmo\Kalimdor\Buildings\OrcMedium\Blackrockorcmedium.wmo
Extracting World\wmo\Kalimdor\Buildings\OrcMedium\Orcmedium.wmo
Extracting World\wmo\Kalimdor\Buildings\OrcMedium\Swamporcmedium.wmo
Extracting World\wmo\Kalimdor\Buildings\OrcTower\Abandonedorctower.wmo
Extracting World\wmo\Kalimdor\Buildings\OrcTwoStory\Blackrockorctwostory.wmo
Extracting World\wmo\Kalimdor\Buildings\OrcTwoStory\Orctwostory.wmo
Extracting World\wmo\Kalimdor\Buildings\Quillboar\Bighouse.wmo
Extracting World\wmo\Kalimdor\Buildings\Quillboar\Hut.wmo
Extracting World\wmo\Kalimdor\Buildings\Quillboar\Ladder.wmo
Extracting World\wmo\Kalimdor\Buildings\Quillboar\Wallhut.wmo
Extracting World\wmo\Kalimdor\Buildings\Quillboar\Wallhut2.wmo
Extracting World\wmo\Kalimdor\Buildings\TanarisRuins\Tanarisruins01.wmo
Extracting World\wmo\Kalimdor\Buildings\TanarisRuins\Tanarisruins02.wmo
Extracting World\wmo\Kalimdor\Buildings\TanarisRuins\Tanarisruins03.wmo
Extracting World\wmo\Kalimdor\Buildings\TanarisRuins\Tanarisruins04.wmo
Extracting World\wmo\Kalimdor\Buildings\TanarisRuins\Tanarisruins05.wmo
Extracting World\wmo\Kalimdor\Buildings\TanarisRuins\Tanarisruins06.wmo
Extracting World\wmo\Kalimdor\Buildings\TanarisRuins\Tanarisruins07.wmo
Extracting World\wmo\Kalimdor\Buildings\TanarisRuins\Tanarisruins09.wmo
Extracting World\wmo\Kalimdor\Buildings\TanarisRuins\Tanarisruins11.wmo
Extracting World\wmo\Kalimdor\Buildings\TanarisRuins\Tanarisruins12.wmo
Extracting World\wmo\Kalimdor\Buildings\TanarisRuins\Tanarisruins13.wmo
Extracting World\wmo\Kalimdor\Buildings\TanarisRuins\Tanarisruins14.wmo
Extracting World\wmo\Kalimdor\Buildings\TanarisRuins\Tanarisruins15.wmo
Extracting World\wmo\Kalimdor\Buildings\TanarisShipYard\Tanarisshipyard.wmo
Extracting World\wmo\Kalimdor\Buildings\TaurenDruidTent\Taurendruidtent.wmo
Extracting World\wmo\Kalimdor\Buildings\TaurenHunterTent\Taurenhuntertent.wmo
Extracting World\wmo\Kalimdor\Buildings\TaurenHuts\Ruinedtaurenchickenhut.wmo
Extracting World\wmo\Kalimdor\Buildings\TaurenHuts\Ruinedtaurenhutb.wmo
Extracting World\wmo\Kalimdor\Buildings\TaurenHuts\Ruinedtaurentallhut.wmo
Extracting World\wmo\Kalimdor\Buildings\TaurenHuts\Ruinedtaurentepee.wmo
Extracting World\wmo\Kalimdor\Buildings\TaurenHuts\Taurenchickenhut.wmo
Extracting World\wmo\Kalimdor\Buildings\TaurenHuts\Taurenhuta.wmo
Extracting World\wmo\Kalimdor\Buildings\TaurenHuts\Taurenhutb.wmo
Extracting World\wmo\Kalimdor\Buildings\TaurenHuts\Taurenhutbig.wmo
Extracting World\wmo\Kalimdor\Buildings\TaurenHuts\Taurenhutc.wmo
Extracting World\wmo\Kalimdor\Buildings\TaurenHuts\Taurenhutd.wmo
Extracting World\wmo\Kalimdor\Buildings\TaurenHuts\Taurentallhut.wmo
Extracting World\wmo\Kalimdor\Buildings\TaurenHuts\Taurentepee.wmo
Extracting World\wmo\Kalimdor\Buildings\TaurenLonghouse\Taurenlonghouse.wmo
Extracting World\wmo\Kalimdor\Buildings\TaurenShamanTent\Taurenshamantent.wmo
Extracting World\wmo\Kalimdor\Buildings\TrollBurrow\Abandonedtrollburrow.wmo
Extracting World\wmo\Kalimdor\Buildings\TrollBurrow\Blackrocktrollburrow.wmo
Extracting World\wmo\Kalimdor\Buildings\TrollBurrow\Swamptrollburrow.wmo
Extracting World\wmo\Kalimdor\Buildings\TrollBurrow\Trollburrow.wmo
Extracting World\wmo\Kalimdor\Buildings\TrollHotel\Troll_Hotel01.wmo
Extracting World\wmo\Kalimdor\Buildings\TrollHotel\Troll_Hotel_Burn01.wmo
Extracting World\wmo\Kalimdor\Buildings\Trollhut\Trollhut_Burn01.wmo
Extracting World\wmo\Kalimdor\Buildings\Trollhut\Trollhut_Desert.wmo
Extracting World\wmo\Kalimdor\Buildings\Trollhut\Trollhut_Desertsmall.wmo
Extracting World\wmo\Kalimdor\Buildings\Trollhut\Trolltent.wmo
Extracting World\wmo\Kalimdor\Buildings\TrollShoppingMall\Trollshoppingmall01.wmo
Extracting World\wmo\Kalimdor\Buildings\TrollShop\Trollshop01.wmo
Extracting World\wmo\Kalimdor\Buildings\WyvernNest\Wyvernnest.wmo
Extracting World\wmo\Kalimdor\CollidableDoodads\Barrens\ExcavationPlatform\Excavationplatform.wmo
Extracting World\wmo\Kalimdor\CollidableDoodads\Darkshore\AuberdineDocks\Auberdinedock.wmo
Extracting World\wmo\Kalimdor\CollidableDoodads\Darkshore\Bridge\DarkshoreBridge\Brian\Darkshorebridge01.wmo
Extracting World\wmo\Kalimdor\CollidableDoodads\Darkshore\Bridge\DarkshoreBridge\Brian\Darkshorebridge02.wmo
Extracting World\wmo\Kalimdor\CollidableDoodads\Darkshore\Bridge\DarkshoreBridge\Brian\Darkshorebridge03.wmo
Extracting World\wmo\Kalimdor\CollidableDoodads\Darkshore\Bridge\DarkshoreBridge\Brian\Darkshorebridge04.wmo
Extracting World\wmo\Kalimdor\CollidableDoodads\Darkshore\DarkshoreDocks\Darkshoredocks01.wmo
Extracting World\wmo\Kalimdor\CollidableDoodads\Darkshore\DarkshoreDocks\Darkshoredocks02.wmo
Extracting World\wmo\Kalimdor\CollidableDoodads\Darkshore\DarkshoreDocks\Darkshoredocksaberdeen.wmo
Extracting World\wmo\Kalimdor\CollidableDoodads\Darkshore\DarkshoreDocks\Darkshoredockscurve.wmo
Extracting World\wmo\Kalimdor\CollidableDoodads\Darkshore\DarkshoreExcavation\Dsexcavationplatform.wmo
Extracting World\wmo\Kalimdor\CollidableDoodads\Darkshore\DarkshoreExcavation\Dsexcavationrailin.wmo
Extracting World\wmo\Kalimdor\CollidableDoodads\Darkshore\GiantSeaTurtle01\Giantseaturtle01.wmo
Extracting World\wmo\Kalimdor\CollidableDoodads\Darkshore\GiantSeaTurtle02\Giantseaturtle02.wmo
Extracting World\wmo\Kalimdor\CollidableDoodads\Darkshore\SnakeSpine\Snakespinegiantarch.wmo
Extracting World\wmo\Kalimdor\CollidableDoodads\Darkshore\WreckedElvenDestroyer\Elvendestroyerwreckback.wmo
Extracting World\wmo\Kalimdor\CollidableDoodads\Darkshore\WreckedElvenDestroyer\Elvendestroyerwreckfront.wmo
Extracting World\wmo\Kalimdor\CollidableDoodads\Desolace\Centaurhorn.wmo
Extracting World\wmo\Kalimdor\CollidableDoodads\Durotar\DurotarBridge\Durotarbridge01.wmo
Extracting World\wmo\Kalimdor\CollidableDoodads\Durotar\Rocks\Durotarrootedrock03.wmo
Extracting World\wmo\Kalimdor\CollidableDoodads\Durotar\StoneGate\Durotargate.wmo
Extracting World\wmo\Kalimdor\CollidableDoodads\DustwallowMarsh\CrashedZippelin\Final\Crashedzippelin.wmo
Extracting World\wmo\Kalimdor\CollidableDoodads\DustwallowMarsh\DustWallowFootbridge\Dustwallowfootbridge.wmo
Extracting World\wmo\Kalimdor\CollidableDoodads\DustwallowMarsh\TheramoreDocks\Theramoredocks.wmo
Extracting World\wmo\Kalimdor\CollidableDoodads\Feralas\FeralasStoneBridge\Feralasstonebridge01.wmo
Extracting World\wmo\Kalimdor\CollidableDoodads\Hyjal\HyjalDemon\Hyjaldemon01.wmo
Extracting World\wmo\Kalimdor\CollidableDoodads\Hyjal\WorldTreeRoots\Worldtreeroots01.wmo
Extracting World\wmo\Kalimdor\CollidableDoodads\Hyjal\WorldTreeRoots\Worldtreeroots02.wmo
Extracting World\wmo\Kalimdor\CollidableDoodads\Hyjal\WorldTreeRoots\Worldtreeroots03.wmo
Extracting World\wmo\Kalimdor\CollidableDoodads\Kalidar\KalidarBridge\Kalidarbridge01.wmo
Extracting World\wmo\Kalimdor\CollidableDoodads\Kalidar\KalidarDock\Kalidardock01.wmo
Extracting World\wmo\Kalimdor\CollidableDoodads\Kalidar\KalidarTreeBranch\Kalidartreebranch.wmo
Extracting World\wmo\Kalimdor\CollidableDoodads\Moonglade\Bridge\Moongladebridge.wmo
Extracting World\wmo\Kalimdor\CollidableDoodads\Mulgore\CentaurTents\Centaurtent02.wmo
Extracting World\wmo\Kalimdor\CollidableDoodads\Mulgore\CentaurTents\Centaurtent03.wmo
Extracting World\wmo\Kalimdor\CollidableDoodads\Mulgore\CentaurTents\Centaurtentcommand.wmo
Extracting World\wmo\Kalimdor\CollidableDoodads\Mulgore\CrossroadsBridge\Crossroadsbridge.wmo
Extracting World\wmo\Kalimdor\CollidableDoodads\Mulgore\TaurenBridge01\Taurenbridge01.wmo
Extracting World\wmo\Kalimdor\CollidableDoodads\Mulgore\TaurenTent01\Taurentent01.wmo
Extracting World\wmo\Kalimdor\CollidableDoodads\Orcbridge\Orcbridge.wmo
Extracting World\wmo\Kalimdor\CollidableDoodads\Silithus\Masterhive.wmo
Extracting World\wmo\Kalimdor\CollidableDoodads\Silithus\Nightelfmoonwelldefiled.wmo
Extracting World\wmo\Kalimdor\CollidableDoodads\Silithus\Nightelfoutpost_Silithus.wmo
Extracting World\wmo\Kalimdor\CollidableDoodads\Silithus\Quirajtower01.wmo
Extracting World\wmo\Kalimdor\CollidableDoodads\Silithus\Quirajtower02.wmo
Extracting World\wmo\Kalimdor\CollidableDoodads\Silithus\Quirajtower03.wmo
Extracting World\wmo\Kalimdor\CollidableDoodads\Silithus\Quirajtowerbase.wmo
Extracting World\wmo\Kalimdor\CollidableDoodads\Stonetalon\BoneDam\Outland_Bone_Dam.wmo
Extracting World\wmo\Kalimdor\CollidableDoodads\Stonetalon\LandingPad\Landingpad01.wmo
Extracting World\wmo\Kalimdor\CollidableDoodads\Stonetalon\LoggingPlatform\Loggingplatform.wmo
Extracting World\wmo\Kalimdor\CollidableDoodads\Stonetalon\MonsterMachine\Monsterlogmachine_01.wmo
Extracting World\wmo\Kalimdor\CollidableDoodads\Stonetalon\StonetalonWheelPlatform\Stonetalonwheelplatform.wmo
Extracting World\wmo\Kalimdor\CollidableDoodads\Tanaris\GoblinGates\Tanarisgoblinwallgate01.wmo
Extracting World\wmo\Kalimdor\CollidableDoodads\Tanaris\GoblinGates\Tanarisgoblinwallgatebig.wmo
Extracting World\wmo\Kalimdor\CollidableDoodads\Tanaris\TrollTent\Trolltentdesert01.wmo
Extracting World\wmo\Kalimdor\CollidableDoodads\Tanaris\TrollTent\Trolltentsand01.wmo
Extracting World\wmo\Kalimdor\CollidableDoodads\Teldrassil\Dock\Teldrassilportdock.wmo
Extracting World\wmo\Kalimdor\CollidableDoodads\ThousandNeedles\BleachedElvenDestroyer\Bleachedelvendestroyer.wmo
Extracting World\wmo\Kalimdor\CollidableDoodads\ThousandNeedles\Bridge\1000Needlesbridge.wmo
Extracting World\wmo\Kalimdor\CollidableDoodads\Winterspring\Bridges\Winterspringrockbridge.wmo
Extracting World\wmo\Kalimdor\CollidableDoodads\Winterspring\FrostSabreRock\Winterspringfrostsaberrock.wmo
Extracting World\wmo\Kalimdor\Desolace\DesolaceBridge\Desolacebridge01.wmo
Extracting World\wmo\Kalimdor\Desolace\RockBrodge\Desolacerockbridge.wmo
Extracting World\wmo\Kalimdor\PVP\CollidableDoodads\Walls\Humanwall_Pvp.wmo
Extracting World\wmo\Kalimdor\PVP\CollidableDoodads\Walls\Orcgatepvp.wmo
Extracting World\wmo\Kalimdor\ThunderBluff\Druidmesaa.wmo
Extracting World\wmo\Kalimdor\ThunderBluff\Druidmesab.wmo
Extracting World\wmo\Kalimdor\ThunderBluff\Gianttotem.wmo
Extracting World\wmo\Kalimdor\ThunderBluff\Lowermesaa.wmo
Extracting World\wmo\Kalimdor\ThunderBluff\Lowermesab.wmo
Extracting World\wmo\Kalimdor\ThunderBluff\Lowermesac.wmo
Extracting World\wmo\Kalimdor\ThunderBluff\Lowermesad.wmo
Extracting World\wmo\Kalimdor\ThunderBluff\Lowermesae.wmo
Extracting World\wmo\Kalimdor\ThunderBluff\Lowermesaf.wmo
Extracting World\wmo\Kalimdor\ThunderBluff\Midmesaa.wmo
Extracting World\wmo\Kalimdor\ThunderBluff\Midmesab.wmo
Extracting World\wmo\Kalimdor\ThunderBluff\Midmesac.wmo
Extracting World\wmo\Kalimdor\ThunderBluff\Midmesad.wmo
Extracting World\wmo\Kalimdor\ThunderBluff\Shamanmesa.wmo
Extracting World\wmo\Kalimdor\ThunderBluff\Undeadcave.wmo
Extracting World\wmo\Kalimdor\ThunderBluff\Uppermesaa.wmo
Extracting World\wmo\Kalimdor\ThunderBluff\Uppermesab.wmo
Extracting World\wmo\Kalimdor\ThunderBluff\Uppermesac.wmo
Extracting World\wmo\Kalimdor\ThunderBluff\Uppermesad.wmo
Extracting World\wmo\Kalimdor\ThunderBluff\Uppermesae.wmo
Extracting World\wmo\Kalimdor\ThunderBluff\Warriormesaa.wmo
Extracting World\wmo\Kalimdor\ThunderBluff\Warriormesab.wmo
Extracting World\wmo\Kalimdor\Winterspring\Md_Winterspringcave01.wmo
Extracting World\wmo\KhazModan\Buildings\dwarven_1story_hovel\mud_hovel\Mud_Hovel.wmo
Extracting World\wmo\KhazModan\Buildings\dwarven_1story_hovel\snow_hovel\Hovel_Machine.wmo
Extracting World\wmo\KhazModan\Buildings\dwarven_1story_hovel\snow_hovel\Snow_Hovel.wmo
Extracting World\wmo\KhazModan\Buildings\dwarven_2story_hovel\mud_2story\Mud_2Story.wmo
Extracting World\wmo\KhazModan\Buildings\dwarven_2story_hovel\snow_2story\Snow_2Story.wmo
Extracting World\wmo\KhazModan\Buildings\Dwarven_GriffonAviary\Dwarven_Griffonaviary.wmo
Extracting World\wmo\KhazModan\Buildings\Dwarven_GuardTower\Dwarven_Guardtower.wmo
Extracting World\wmo\KhazModan\Buildings\Dwarven_Inn\wetlands_Inn\Wet_Inn.wmo
Extracting World\wmo\KhazModan\Buildings\Dwarven_SnowStable\Dwarven_Snowstable.wmo
Extracting World\wmo\KhazModan\Buildings\Dwarven_SnowTower\Dwarven_Snowtower.wmo
Extracting World\wmo\KhazModan\Buildings\Dwarven_Stable\Dwarven_Stable.wmo
Extracting World\wmo\KhazModan\Buildings\Dwarven_Tavern\snow_tavern\Snow_Tavern.wmo
Extracting World\wmo\KhazModan\Buildings\Dwarven_Tavern\wetlands_tavern\Wet_Tavern.wmo
Extracting World\wmo\KhazModan\Buildings\GreatWall\Greatwall_Gate.wmo
Extracting World\wmo\KhazModan\Buildings\GreatWall\Greatwall_Tower_01.wmo
Extracting World\wmo\KhazModan\Buildings\GreatWall\Greatwall_Tower_02.wmo
Extracting World\wmo\KhazModan\Buildings\GreatWall\Greatwall_Wall_01.wmo
Extracting World\wmo\KhazModan\Buildings\GreatWall\Greatwall_Wall_02.wmo
Extracting World\wmo\KhazModan\Buildings\GreatWall\Greatwall_Wall_03.wmo
Extracting World\wmo\KhazModan\Buildings\GreatWall\Greatwall_Wall_04.wmo
Extracting World\wmo\KhazModan\Buildings\SearingGorge\Darkironcrane.wmo
Extracting World\wmo\KhazModan\Buildings\ThandolSpan_Bridge\Thandolspan.wmo
Extracting World\wmo\KhazModan\Buildings\Wetlands_GrimBatol\Wetlands_Grimbatol.wmo
Extracting World\wmo\KhazModan\Collidable Doodads\GolBolarPlatform\Golbolarplatform.wmo
Extracting World\wmo\KhazModan\Collidable Doodads\LochModan\DwarvenDam\Dwarvendam01.wmo
Extracting World\wmo\KhazModan\Collidable Doodads\LochModan\DwarvenDock\Dwarvendock01.wmo
Extracting World\wmo\KhazModan\Collidable Doodads\LochModan\DwarvenSentinels\Dwarvensentinel01.wmo
Extracting World\wmo\KhazModan\Collidable Doodads\LochModan\DwarvenSentinels\Dwarvensentinel02.wmo
Extracting World\wmo\KhazModan\Collidable Doodads\LochModan\ExcavationSite\Excavationplatform01.wmo
Extracting World\wmo\KhazModan\Collidable Doodads\LochModan\ExcavationSite\Excavationplatform02.wmo
Extracting World\wmo\KhazModan\Collidable Doodads\LochModan\ExcavationSite\Excavationplatform03.wmo
Extracting World\wmo\KhazModan\Collidable Doodads\LochModan\NetherguardWall\Netherguardwall.wmo
Extracting World\wmo\KhazModan\Collidable Doodads\SearingGorge\SearingGorgeScaffold\Searinggorgescaffold.wmo
Extracting World\wmo\KhazModan\CollidableDoodads\WetlandsFootbridge\Wetlandsfootbridge01.wmo
Extracting World\wmo\Lorderon\Buildings\Alterac\Greenhouse01.wmo
Extracting World\wmo\Lorderon\Buildings\EasternPlaguelands\UndeadSlaughterhouse\Slaughterhouse.wmo
Extracting World\wmo\Lorderon\Buildings\EasternPlaguelands\UndeadZiggurat\Undeadziggurat.wmo
Extracting World\wmo\Lorderon\Buildings\TirisfalGlade\FenrisKeep\Fenriskeep.wmo
Extracting World\wmo\Lorderon\Buildings\TirisfalGlade\LorderonZeppelinTower\Lorderonzeppelin.wmo
Extracting World\wmo\Lorderon\Buildings\TirisfalGlade\UtherShrine\Uthershrine.wmo
Extracting World\wmo\Lorderon\Buildings\Wetlands\BridgeBigWhite\Bridgebigwhite.wmo
Extracting World\wmo\Lorderon\CollidableDoodads\ArathiHighlands\Bridge\Arathistonebridge01.wmo
Extracting World\wmo\Lorderon\CollidableDoodads\ArathiHighlands\Bridge\Arathistonebridge02.wmo
Extracting World\wmo\Lorderon\CollidableDoodads\ArathiHighlands\DurnholdeDestroyedWalls\Durnholdedestroyedwall.wmo
Extracting World\wmo\Lorderon\CollidableDoodads\ArathiHighlands\Durnholde\Durnholdeinnerwall.wmo
Extracting World\wmo\Lorderon\CollidableDoodads\ArathiHighlands\HumanRuinedBuildings\Chimneytop.wmo
Extracting World\wmo\Lorderon\CollidableDoodads\ArathiHighlands\HumanRuinedBuildings\Huruinedbuildingsbig01.wmo
Extracting World\wmo\Lorderon\CollidableDoodads\ArathiHighlands\HumanRuinedBuildings\Huruinedbuildingsbig02.wmo
Extracting World\wmo\Lorderon\CollidableDoodads\ArathiHighlands\HumanRuinedBuildings\Huruinedbuildingsbig03.wmo
Extracting World\wmo\Lorderon\CollidableDoodads\ArathiHighlands\HumanRuinedBuildings\Huruinedbuildingsmed02.wmo
Extracting World\wmo\Lorderon\CollidableDoodads\ArathiHighlands\HumanRuinedBuildings\Huruinedbuildingssm01_Winecellar.wmo
Extracting World\wmo\Lorderon\CollidableDoodads\ArathiHighlands\HumanRuinedBuildings\Huruinedbuildingssmall01.wmo
Extracting World\wmo\Lorderon\CollidableDoodads\ArathiHighlands\HumanRuinedBuildings\Huruinedbuilding_Collapsed.wmo
Extracting World\wmo\Lorderon\CollidableDoodads\ArathiHighlands\Stromguard\Stromguard.wmo
Extracting World\wmo\Lorderon\CollidableDoodads\ArathiHighlands\WreckedBuildingHCorner01\Wreckedbuildinghcorner01.wmo
Extracting World\wmo\Lorderon\CollidableDoodads\ArathiHighlands\WreckedBuildingHCorner02\Wreckedbuildinghcorner02.wmo
Extracting World\wmo\Lorderon\CollidableDoodads\EasternPlaguelands\PlagueBlockade\Plagueblockade.wmo
Extracting World\wmo\Lorderon\CollidableDoodads\Hinterlands\TrollCityPieces\Aerietrollcityampatheater.wmo
Extracting World\wmo\Lorderon\CollidableDoodads\Hinterlands\TrollCityPieces\Aerietrollcityarena.wmo
Extracting World\wmo\Lorderon\CollidableDoodads\Hinterlands\TrollCityPieces\Aerietrollcitylevel1.wmo
Extracting World\wmo\Lorderon\CollidableDoodads\Hinterlands\TrollCityPieces\Aerietrollcitylevel2.wmo
Extracting World\wmo\Lorderon\CollidableDoodads\Hinterlands\TrollCityPieces\Aerietrollcitylevel3.wmo
Extracting World\wmo\Lorderon\CollidableDoodads\Hinterlands\TrollCityPieces\Aerietrollcitylevel4.wmo
Extracting World\wmo\Lorderon\CollidableDoodads\Hinterlands\TrollCityPieces\Aerietrollcitylevel5.wmo
Extracting World\wmo\Lorderon\CollidableDoodads\Hinterlands\TrollCityPieces\Aerietrollcitylevel6.wmo
Extracting World\wmo\Lorderon\CollidableDoodads\Hinterlands\TrollCityPieces\Aerietrollcitylevel7.wmo
Extracting World\wmo\Lorderon\CollidableDoodads\PlagueLandBridge\Plaguelandsbridge.wmo
Extracting World\wmo\Lorderon\Undercity\Undercitywall01.wmo
Extracting World\wmo\Outland\DarkPortal\Darkportal.wmo
Extracting World\wmo\Outland\DarkPortal\War2Darkportal.wmo
Extracting World\wmo\Outland\DraeniBuildings\Draenihuthooded01.wmo
Extracting World\wmo\Outland\DraeniBuildings\Draenitower01.wmo
Extracting World\wmo\Outland\DraeniBuildings\Outland_Draeni_Hut_1.wmo
Extracting World\wmo\Outland\HumanBuildings\Outlandhumantower02.wmo
Extracting World\wmo\Outland\HumanBuildings\Outlandhumantower03.wmo
Extracting World\wmo\Outland\HumanBuildings\Outlandhumantower04.wmo
Extracting World\wmo\Outland\HumanBuildings\Outlandruinedmagetower.wmo
Extracting World\wmo\Outland\HumanBuildings\Outlandruinhumanbarracks01.wmo
Extracting World\wmo\Outland\HumanTank\Humantank01.wmo
Extracting World\wmo\Outland\HumanTank\Humantank02.wmo
Extracting World\wmo\Outland\HumanTank\Humantank03.wmo
Extracting World\wmo\Outland\OrcBuildings\Outlandorcbarracks01.wmo
Extracting World\wmo\Outland\OrcBuildings\Outlandorcfortressruin01.wmo
Extracting World\wmo\Outland\OrcBuildings\Outlandorcpigfarm01.wmo
Extracting World\wmo\Outland\OrcBuildings\Outlandorctower01.wmo
Extracting World\wmo\Outland\OrcBuildings\Outlandorctower02.wmo
Extracting World\wmo\Outland\OrcBuildings\Outlandorctower03.wmo
Extracting World\wmo\Outland\OrcBuildings\Outlandorctower04.wmo
Extracting World\wmo\Outland\OrcBuildings\Outlandorctower05.wmo
Extracting World\wmo\Outland\OrcBuildings\Outlandpigfarmruin02.wmo
Extracting World\wmo\PlayerHousing\Human\Humanlevelonetest.wmo
Extracting World\wmo\PlayerHousing\Human\Humanlevelthreetest.wmo
Extracting World\wmo\transports\passengership\Transportship_A.wmo
Extracting World\wmo\transports\transport_ship\Transportship.wmo
Extracting World\wmo\transports\transport_zeppelin\Transport_Zeppelin.wmo

Extract wmo complete (No (fatal) errors)
Map - Azeroth
Map - Kalimdor
Map - test
Map - ScottTest
Map - Test
Map - PVPZone01
Map - Shadowfang
Map - StormwindJail
Map - StormwindPrison
Map - DeadminesInstance
Map - PVPZone02
Map - Collin
Map - WailingCaverns
Map - Monastery
Map - RazorfenKraulInstance
Map - Blackfathom
Map - Uldaman
Map - GnomeragonInstance
Map - SunkenTemple
Map - RazorfenDowns
Map - EmeraldDream
Map - MonasteryInstances
Map - TanarisInstance
Map - BlackRockSpire
Map - BlackrockDepths
Map - OnyxiaLairInstance
Map - CavernsOfTime
Map - SchoolofNecromancy
Map - Zul'gurub
Map - Stratholme
Map - Mauradon
Map - DeeprunTram
Map - OrgrimmarInstance
Map - MoltenCore
Map - DireMaul
Map - AlliancePVPBarracks
Map - HordePVPBarracks
Map - development
Map - BlackwingLair
Map - PVPZone03
Map - AhnQiraj
Map - PVPZone04
Map - AhnQirajTemple
Map - Stratholme Raid
Processing Map 0
[################################################################]
Processing Map 1
[################################################################]
Processing Map 13
[################################################################]
Processing Map 25
[################################################################]
Processing Map 29
[################################################################]
Processing Map 30
[################################################################]
Processing Map 33
[################################################################]
Processing Map 34
[################################################################]
Processing Map 35
[################################################################]
Processing Map 36
[################################################################]
Processing Map 37
[################################################################]
Processing Map 42
[################################################################]
Processing Map 43
[################################################################]
Processing Map 44
[################################################################]
Processing Map 47
[################################################################]
Processing Map 48
[################################################################]
Processing Map 70
[################################################################]
Processing Map 90
[################################################################]
Processing Map 109
[################################################################]
Processing Map 129
[################################################################]
Processing Map 169
[################################################################]
Processing Map 189
[################################################################]
Processing Map 209
[################################################################]
Processing Map 229
[################################################################]
Processing Map 230
[################################################################]
Processing Map 249
[################################################################]
Processing Map 269
[################################################################]
Processing Map 289
[################################################################]
Processing Map 309
[################################################################]
Processing Map 329
[################################################################]
Processing Map 349
[################################################################]
Processing Map 369
[################################################################]
Processing Map 389
[################################################################]
Processing Map 409
[################################################################]
Processing Map 429
[################################################################]
Processing Map 449
[################################################################]
Processing Map 450
[################################################################]
Processing Map 451
[################################################################]
Processing Map 469
[################################################################]
Processing Map 489
[################################################################]
Processing Map 509
[################################################################]
Processing Map 529
[################################################################]
Processing Map 531
[################################################################]
Processing Map 533
[################################################################]
Warning: Some models could not be extracted, see below
Could not find file of model World\Generic\Quilboar\Passive Doodads\Leantos\Razorfen_Leanto03.m2
A few not found models can be expected and are not alarming.

Extracting GameObject models...
Warning: Some models could not be extracted, see below
Could not find file of model World\Generic\Quilboar\Passive Doodads\Leantos\Razorfen_Leanto03.m2
A few of these warnings are expected to happen, so be not alarmed!
Done!

Extract for VMAPs05. Work complete. No errors.
[harness] reporting 139 for /opt/mangos/bin/tools/vmap_extractor
2026-09-04 02:33:09 INFO [yulon.docker] run_container(): `docker run --rm --user 1000:1000 --network none --security-opt no-new-privileges --ulimit stack=-1 -v /home/pk/clients/WoW-Client-1.12.1:/client:ro -v /home/pk/vanilla-75/data:/out -w /out yulon.local/cmangos-vanilla-server:native-0baff6f3 /opt/mangos/bin/tools/vmap_extractor -d /client/Data`
vmap extract crashed the way the retry recipe expects; running vmap extract, vmap assemble again once
vmap extract: retrying /opt/mangos/bin/tools/vmap_extractor -d /client/Data
Your output directory seems to be polluted, please use an empty directory!
install failed: vmap extract failed (exit 1), and that was already the one retry the plan's recipe asks for. Its last words were: Your output directory seems to be polluted, please use an empty directory!
