[driver] running: ./.venv/bin/python -u -m yulon.install_wiring wow-wotlk --server-dir /home/pk/gate72-cycle2
[driver] sudo password: NOT SET
[driver] state-before: 5 read-only probes, install dir /home/pk/gate72-cycle2
[driver] state-before: docker --version: exit 0
[driver] state-before: docker --version: | Docker version 29.1.3, build 29.1.3-0ubuntu3~24.04.2
[driver] state-before: systemctl is-active docker: exit 0
[driver] state-before: systemctl is-active docker: | active
[driver] state-before: id -Gn: exit 0
[driver] state-before: id -Gn: | docker adm cdrom sudo dip plugdev users lpadmin pk
[driver] state-before: ls -ld /home/pk/gate72-cycle2: exit 2
[driver] state-before: ls -ld /home/pk/gate72-cycle2: | ls: cannot access '/home/pk/gate72-cycle2': No such file or directory
[driver] state-before: df -h /home/pk: exit 0
[driver] state-before: df -h /home/pk: | Filesystem      Size  Used Avail Use% Mounted on
[driver] state-before: df -h /home/pk: | /dev/sda2        97G   30G   63G  33% /
Installing WoW WotLK into /home/pk/gate72-cycle2
You can stop this at any time. What an install writes outside the folder below is named here rather than denied: the images this build produces and the volumes holding the database and the server data, which live in Docker's own storage — that is why the checks below look at the space on Docker's disk too; Docker itself, when no daemon answers yet (on Linux: system packages, a service, and the group you are asked about first); and this app's own settings and log, in its config folder. Starting the install again continues from where it stopped: source this app has finished cloning is never fetched, reset or moved, and the build is not run a second time once Docker confirms its images are there. Everything cheap runs again on every attempt — the compose files this app writes are put back the way the catalog says, the server-data download resumes and re-checks itself, and the database and server are started and waited for.
Checking Docker.
[pass] Docker: the daemon answered
[pass] memory: Docker's VM has 19.5 GB
[warn] compiler jobs vs memory: this build compiles with 16 parallel jobs at about 2 GB each, and 19.5 GB affords about 9 Docker Engine has no CPU setting to lower — the build sees every CPU on this machine — so more memory, or swap it can fall back on, is the lever here. A build this far ahead of its memory has finished before, so this is a caution.
[warn] free space on Docker's disk and the server folder: 62 GB free; 75 GB is the comfortable figure (the server folder and Docker's disk share one drive, so both needs add up)
[pass] the server folder: /home/pk/gate72-cycle2 looks usable
[pass] sharing the folder with Docker: a container can read /home/pk/gate72-cycle2
[pass] SELinux: not enforcing
[pass] the server's ports: nothing else is using them
Using /home/pk/gate72-cycle2 (a fresh install)
2026-09-05 01:24:07 INFO [yulon.platform] holding this machine awake for the build: systemd-inhibit --what=idle:sleep --who=Yu'lon --why=installing a server sleep infinity
Step 1 of 9 (11%): clone-core
--- clone-core
Cloning mod-playerbots/azerothcore-wotlk into /home/pk/gate72-cycle2 (this is a large repository)
2026-09-05 01:24:07 INFO [yulon.git] containerized git: `run --rm -v /home/pk/gate72-cycle2:/git -w /git --user 1000:124 alpine/git@sha256:c0280cf9572316299b08544065d3bf35db65043d5e3963982ec50647d2746e26 -c core.autocrlf=false -c core.eol=lf -c http.version=HTTP/1.1 clone --config core.autocrlf=false --config core.eol=lf --config http.version=HTTP/1.1 --branch Playerbot https://github.com/mod-playerbots/azerothcore-wotlk.git .` into /home/pk/gate72-cycle2
mod-playerbots/azerothcore-wotlk is in place.
Step 2 of 9 (22%): clone-modules
--- clone-modules
Cloning mod-playerbots/mod-playerbots into modules/mod-playerbots
2026-09-05 01:29:03 INFO [yulon.git] containerized git: `run --rm -v /home/pk/gate72-cycle2/modules/mod-playerbots:/git -w /git --user 1000:124 alpine/git@sha256:c0280cf9572316299b08544065d3bf35db65043d5e3963982ec50647d2746e26 -c core.autocrlf=false -c core.eol=lf -c http.version=HTTP/1.1 clone --config core.autocrlf=false --config core.eol=lf --config http.version=HTTP/1.1 --depth 1 --branch master https://github.com/mod-playerbots/mod-playerbots.git .` into /home/pk/gate72-cycle2/modules/mod-playerbots
[driver] still running; 5s since the last output
Modules are in place.
Step 3 of 9 (33%): generate-compose
--- generate-compose
2026-09-05 01:29:09 INFO [yulon.git] containerized git: `run --rm --network none --cap-drop ALL --security-opt no-new-privileges --read-only -v /home/pk/gate72-cycle2:/git:ro -w /git --user 1000:124 alpine/git@sha256:c0280cf9572316299b08544065d3bf35db65043d5e3963982ec50647d2746e26 --no-optional-locks --attr-source=4b825dc642cb6eb9a060e54bf8d69288fbee4904 -c core.attributesFile=/dev/null -c core.fsmonitor=false -c core.hooksPath=/dev/null -c core.autocrlf=false -c core.eol=lf -c http.version=HTTP/1.1 status --ignore-submodules=all --porcelain -- docker-compose.yml` into /home/pk/gate72-cycle2
Replacing the docker-compose.yml that came with the repository; it is unchanged from what git has, so `git checkout` brings it back.
Wrote docker-compose.yml
Wrote docker-compose.override.yml
Wrote docker-compose.build.yml
Step 4 of 9 (44%): build
--- build
Stopping now leaves Docker finishing the build step it is already on, in the background. That is deliberate: the work it has done is kept, and starting this install again picks up from there instead of compiling it all a second time.
Building the server. This takes hours on a first install; the output below is live.
2026-09-05 01:29:10 INFO [yulon.docker] build_staged(): `docker compose -f docker-compose.yml -f docker-compose.override.yml -f docker-compose.build.yml build --progress plain` in /home/pk/gate72-cycle2
--progress is a global compose flag, better use `docker compose --progress xx build ...
#1 [internal] load local bake definitions
#1 reading from stdin 2.20kB done
#1 DONE 0.0s

#2 [ac-authserver internal] load build definition from Dockerfile
#2 transferring dockerfile: 9.07kB done
#2 DONE 0.1s

#3 [ac-client-data-init internal] load metadata for docker.io/library/ubuntu:24.04
#3 DONE 1.4s

#4 [ac-db-import internal] load .dockerignore
#4 transferring context: 261B done
#4 DONE 0.1s

#5 [ac-authserver internal] load build context
#5 DONE 0.0s

#6 [ac-db-import internal] load build context
#6 DONE 0.0s

#7 [ac-authserver skeleton 1/4] FROM docker.io/library/ubuntu:24.04@sha256:33ceb71981b602c1a7443a53469e4dba065f7503eab3078a2d7a57a2ab987517
#7 resolve docker.io/library/ubuntu:24.04@sha256:33ceb71981b602c1a7443a53469e4dba065f7503eab3078a2d7a57a2ab987517
#7 resolve docker.io/library/ubuntu:24.04@sha256:33ceb71981b602c1a7443a53469e4dba065f7503eab3078a2d7a57a2ab987517 0.1s done
#7 CACHED

#8 [ac-client-data-init internal] load build context
#8 transferring context: 597.04kB 0.0s done
#8 DONE 0.2s

#9 [ac-worldserver skeleton 2/4] RUN mkdir -pv         /azerothcore/bin                           /azerothcore/data                          /azerothcore/deps                          /azerothcore/env/dist/bin                  /azerothcore/env/dist/data/Cameras         /azerothcore/env/dist/data/dbc             /azerothcore/env/dist/data/maps            /azerothcore/env/dist/data/mmaps           /azerothcore/env/dist/data/vmaps           /azerothcore/env/dist/logs                 /azerothcore/env/dist/temp                 /azerothcore/env/dist/etc                  /azerothcore/modules                       /azerothcore/src                           /azerothcore/build
#9 0.475 mkdir: created directory '/azerothcore'
#9 0.475 mkdir: created directory '/azerothcore/bin'
#9 0.475 mkdir: created directory '/azerothcore/data'
#9 0.475 mkdir: created directory '/azerothcore/deps'
#9 0.475 mkdir: created directory '/azerothcore/env'
#9 0.475 mkdir: created directory '/azerothcore/env/dist'
#9 0.475 mkdir: created directory '/azerothcore/env/dist/bin'
#9 0.475 mkdir: created directory '/azerothcore/env/dist/data'
#9 0.475 mkdir: created directory '/azerothcore/env/dist/data/Cameras'
#9 0.475 mkdir: created directory '/azerothcore/env/dist/data/dbc'
#9 0.475 mkdir: created directory '/azerothcore/env/dist/data/maps'
#9 0.475 mkdir: created directory '/azerothcore/env/dist/data/mmaps'
#9 0.475 mkdir: created directory '/azerothcore/env/dist/data/vmaps'
#9 0.475 mkdir: created directory '/azerothcore/env/dist/logs'
#9 0.475 mkdir: created directory '/azerothcore/env/dist/temp'
#9 0.475 mkdir: created directory '/azerothcore/env/dist/etc'
#9 0.475 mkdir: created directory '/azerothcore/modules'
#9 0.475 mkdir: created directory '/azerothcore/src'
#9 0.475 mkdir: created directory '/azerothcore/build'
#9 DONE 0.7s

#10 [ac-authserver skeleton 3/4] RUN apt-get update                                                           && apt-get install -y --no-install-recommends tzdata ca-certificates     && ln -snf "/usr/share/zoneinfo/Etc/UTC" /etc/localtime                      && echo "Etc/UTC" > /etc/timezone                                              && dpkg-reconfigure --frontend noninteractive tzdata                     && rm -rf /var/lib/apt/lists/*
#10 0.563 Get:1 http://security.ubuntu.com/ubuntu noble-security InRelease [126 kB]
#10 0.622 Get:2 http://archive.ubuntu.com/ubuntu noble InRelease [256 kB]
#10 0.875 Get:3 http://security.ubuntu.com/ubuntu noble-security/universe amd64 Packages [1530 kB]
#10 0.907 Get:4 http://archive.ubuntu.com/ubuntu noble-updates InRelease [126 kB]
#10 0.973 Get:5 http://archive.ubuntu.com/ubuntu noble-backports InRelease [126 kB]
#10 1.042 Get:6 http://archive.ubuntu.com/ubuntu noble/universe amd64 Packages [19.3 MB]
#10 1.148 Get:7 http://security.ubuntu.com/ubuntu noble-security/multiverse amd64 Packages [50.0 kB]
#10 1.151 Get:8 http://security.ubuntu.com/ubuntu noble-security/restricted amd64 Packages [1786 kB]
#10 1.497 Get:9 http://security.ubuntu.com/ubuntu noble-security/main amd64 Packages [1237 kB]
#10 2.300 Get:10 http://archive.ubuntu.com/ubuntu noble/multiverse amd64 Packages [331 kB]
#10 2.317 Get:11 http://archive.ubuntu.com/ubuntu noble/restricted amd64 Packages [117 kB]
#10 2.322 Get:12 http://archive.ubuntu.com/ubuntu noble/main amd64 Packages [1808 kB]
#10 2.402 Get:13 http://archive.ubuntu.com/ubuntu noble-updates/restricted amd64 Packages [1903 kB]
#10 2.490 Get:14 http://archive.ubuntu.com/ubuntu noble-updates/universe amd64 Packages [2151 kB]
#10 2.576 Get:15 http://archive.ubuntu.com/ubuntu noble-updates/main amd64 Packages [1562 kB]
#10 2.644 Get:16 http://archive.ubuntu.com/ubuntu noble-updates/multiverse amd64 Packages [55.8 kB]
#10 2.645 Get:17 http://archive.ubuntu.com/ubuntu noble-backports/universe amd64 Packages [35.9 kB]
#10 2.647 Get:18 http://archive.ubuntu.com/ubuntu noble-backports/main amd64 Packages [48.9 kB]
#10 2.647 Get:19 http://archive.ubuntu.com/ubuntu noble-backports/multiverse amd64 Packages [671 B]
#10 4.055 Fetched 32.6 MB in 4s (8926 kB/s)
#10 4.055 Reading package lists...
#10 5.565 Reading package lists...
#10 ...

#5 [ac-authserver internal] load build context
#5 transferring context: 691.56MB 6.3s
#5 ...

#10 [ac-authserver skeleton 3/4] RUN apt-get update                                                           && apt-get install -y --no-install-recommends tzdata ca-certificates     && ln -snf "/usr/share/zoneinfo/Etc/UTC" /etc/localtime                      && echo "Etc/UTC" > /etc/timezone                                              && dpkg-reconfigure --frontend noninteractive tzdata                     && rm -rf /var/lib/apt/lists/*
#10 5.565 Reading package lists...
#10 7.176 Building dependency tree...
#10 7.467 Reading state information...
#10 7.878 The following additional packages will be installed:
#10 7.879   libssl3t64 openssl
#10 7.942 The following NEW packages will be installed:
#10 7.947   ca-certificates openssl tzdata
#10 7.951 The following packages will be upgraded:
#10 7.951   libssl3t64
#10 8.086 1 upgraded, 3 newly installed, 0 to remove and 26 not upgraded.
#10 8.086 Need to get 3366 kB of archives.
#10 8.086 After this operation, 3693 kB of additional disk space will be used.
#10 8.086 Get:1 http://archive.ubuntu.com/ubuntu noble-updates/main amd64 libssl3t64 amd64 3.0.13-0ubuntu3.15 [1944 kB]
#10 8.519 Get:2 http://archive.ubuntu.com/ubuntu noble-updates/main amd64 openssl amd64 3.0.13-0ubuntu3.15 [1003 kB]
#10 8.640 Get:3 http://archive.ubuntu.com/ubuntu noble-updates/main amd64 ca-certificates all 20260601~24.04.1 [139 kB]
#10 8.644 Get:4 http://archive.ubuntu.com/ubuntu noble-updates/main amd64 tzdata all 2026c-0ubuntu0.24.04.1 [280 kB]
#10 8.890 debconf: delaying package configuration, since apt-utils is not installed
#10 9.295 Fetched 3366 kB in 1s (4963 kB/s)
#10 ...

#6 [ac-db-import internal] load build context
#6 ...

#5 [ac-authserver internal] load build context
#5 transferring context: 1.32GB 11.3s
#5 transferring context: 1.51GB 12.9s done
#5 DONE 13.1s

#6 [ac-db-import internal] load build context
#6 transferring context: 1.83GB 18.2s
#6 ...

#10 [ac-worldserver skeleton 3/4] RUN apt-get update                                                           && apt-get install -y --no-install-recommends tzdata ca-certificates     && ln -snf "/usr/share/zoneinfo/Etc/UTC" /etc/localtime                      && echo "Etc/UTC" > /etc/timezone                                              && dpkg-reconfigure --frontend noninteractive tzdata                     && rm -rf /var/lib/apt/lists/*
#10 9.662 (Reading database ... 
(Reading database ... 5%
(Reading database ... 10%
(Reading database ... 15%
(Reading database ... 20%
(Reading database ... 25%
(Reading database ... 30%
(Reading database ... 35%
(Reading database ... 40%
(Reading database ... 45%
(Reading database ... 50%
(Reading database ... 55%
(Reading database ... 60%
(Reading database ... 65%
(Reading database ... 70%
(Reading database ... 75%
(Reading database ... 80%
(Reading database ... 85%
(Reading database ... 90%
(Reading database ... 95%
(Reading database ... 100%
(Reading database ... 4381 files and directories currently installed.)
#10 9.672 Preparing to unpack .../libssl3t64_3.0.13-0ubuntu3.15_amd64.deb ...
#10 9.766 Unpacking libssl3t64:amd64 (3.0.13-0ubuntu3.15) over (3.0.13-0ubuntu3.12) ...
#10 10.11 Setting up libssl3t64:amd64 (3.0.13-0ubuntu3.15) ...
#10 10.42 Selecting previously unselected package openssl.
#10 10.42 (Reading database ... 
(Reading database ... 5%
(Reading database ... 10%
(Reading database ... 15%
(Reading database ... 20%
(Reading database ... 25%
(Reading database ... 30%
(Reading database ... 35%
(Reading database ... 40%
(Reading database ... 45%
(Reading database ... 50%
(Reading database ... 55%
(Reading database ... 60%
(Reading database ... 65%
(Reading database ... 70%
(Reading database ... 75%
(Reading database ... 80%
(Reading database ... 85%
(Reading database ... 90%
(Reading database ... 95%
(Reading database ... 100%
(Reading database ... 4381 files and directories currently installed.)
#10 10.42 Preparing to unpack .../openssl_3.0.13-0ubuntu3.15_amd64.deb ...
#10 10.77 Unpacking openssl (3.0.13-0ubuntu3.15) ...
#10 11.09 Selecting previously unselected package ca-certificates.
#10 11.09 Preparing to unpack .../ca-certificates_20260601~24.04.1_all.deb ...
#10 11.12 Unpacking ca-certificates (20260601~24.04.1) ...
#10 11.36 Selecting previously unselected package tzdata.
#10 11.36 Preparing to unpack .../tzdata_2026c-0ubuntu0.24.04.1_all.deb ...
#10 11.38 Unpacking tzdata (2026c-0ubuntu0.24.04.1) ...
#10 12.37 Setting up tzdata (2026c-0ubuntu0.24.04.1) ...
#10 12.58 
#10 12.58 Current default time zone: 'Etc/UTC'
#10 12.58 Local time is now:      Fri Sep  4 23:29:25 UTC 2026.
#10 12.58 Universal Time is now:  Fri Sep  4 23:29:25 UTC 2026.
#10 12.58 Run 'dpkg-reconfigure tzdata' if you wish to change it.
#10 12.58 
#10 12.64 Setting up openssl (3.0.13-0ubuntu3.15) ...
#10 12.72 Setting up ca-certificates (20260601~24.04.1) ...
#10 13.44 Updating certificates in /etc/ssl/certs...
#10 14.29 121 added, 0 removed; done.
#10 14.40 Processing triggers for libc-bin (2.39-0ubuntu8.8) ...
#10 14.47 Processing triggers for ca-certificates (20260601~24.04.1) ...
#10 14.50 Updating certificates in /etc/ssl/certs...
#10 15.13 0 added, 0 removed; done.
#10 15.13 Running hooks in /etc/ca-certificates/update.d...
#10 15.13 done.
#10 15.36 
#10 15.36 Current default time zone: 'Etc/UTC'
#10 15.36 Local time is now:      Fri Sep  4 23:29:28 UTC 2026.
#10 15.36 Universal Time is now:  Fri Sep  4 23:29:28 UTC 2026.
#10 15.36 
#10 DONE 19.3s

#6 [ac-db-import internal] load build context
#6 ...

#11 [ac-authserver skeleton 4/4] WORKDIR /azerothcore
#11 DONE 0.6s

#12 [ac-worldserver build 1/8] RUN apt-get update                                                         && apt-get install -y --no-install-recommends                                 build-essential ccache libtool cmake-data ninja-build cmake clang            git lsb-base curl unzip default-mysql-client openssl                          default-libmysqlclient-dev libboost-all-dev libssl-dev libmysql++-dev         libreadline-dev zlib1g-dev libbz2-dev libncurses5-dev liblzma-dev      && rm -rf /var/lib/apt/lists/*
#12 0.712 Get:1 http://archive.ubuntu.com/ubuntu noble InRelease [256 kB]
#12 0.717 Get:2 http://security.ubuntu.com/ubuntu noble-security InRelease [126 kB]
#12 0.993 Get:3 http://archive.ubuntu.com/ubuntu noble-updates InRelease [126 kB]
#12 1.031 Get:4 http://security.ubuntu.com/ubuntu noble-security/restricted amd64 Packages [1786 kB]
#12 1.064 Get:5 http://archive.ubuntu.com/ubuntu noble-backports InRelease [126 kB]
#12 1.148 Get:6 http://archive.ubuntu.com/ubuntu noble/multiverse amd64 Packages [331 kB]
#12 1.239 Get:7 http://archive.ubuntu.com/ubuntu noble/universe amd64 Packages [19.3 MB]
#12 1.958 Get:8 http://security.ubuntu.com/ubuntu noble-security/multiverse amd64 Packages [50.0 kB]
#12 1.970 Get:9 http://security.ubuntu.com/ubuntu noble-security/main amd64 Packages [1237 kB]
#12 ...

#6 [ac-db-import internal] load build context
#6 transferring context: 2.36GB 22.7s done
#6 DONE 23.0s

#12 [ac-worldserver build 1/8] RUN apt-get update                                                         && apt-get install -y --no-install-recommends                                 build-essential ccache libtool cmake-data ninja-build cmake clang            git lsb-base curl unzip default-mysql-client openssl                          default-libmysqlclient-dev libboost-all-dev libssl-dev libmysql++-dev         libreadline-dev zlib1g-dev libbz2-dev libncurses5-dev liblzma-dev      && rm -rf /var/lib/apt/lists/*
#12 2.381 Get:10 http://security.ubuntu.com/ubuntu noble-security/universe amd64 Packages [1530 kB]
#12 3.558 Get:11 http://archive.ubuntu.com/ubuntu noble/main amd64 Packages [1808 kB]
#12 3.713 Get:12 http://archive.ubuntu.com/ubuntu noble/restricted amd64 Packages [117 kB]
#12 3.727 Get:13 http://archive.ubuntu.com/ubuntu noble-updates/main amd64 Packages [1562 kB]
#12 3.990 Get:14 http://archive.ubuntu.com/ubuntu noble-updates/restricted amd64 Packages [1903 kB]
#12 4.141 Get:15 http://archive.ubuntu.com/ubuntu noble-updates/universe amd64 Packages [2151 kB]
#12 4.367 Get:16 http://archive.ubuntu.com/ubuntu noble-updates/multiverse amd64 Packages [55.8 kB]
#12 4.373 Get:17 http://archive.ubuntu.com/ubuntu noble-backports/universe amd64 Packages [35.9 kB]
#12 4.376 Get:18 http://archive.ubuntu.com/ubuntu noble-backports/multiverse amd64 Packages [671 B]
#12 4.376 Get:19 http://archive.ubuntu.com/ubuntu noble-backports/main amd64 Packages [48.9 kB]
#12 5.271 Fetched 32.6 MB in 5s (6985 kB/s)
#12 5.271 Reading package lists...
#12 6.721 Reading package lists...
#12 8.128 Building dependency tree...
#12 8.393 Reading state information...
#12 8.722 openssl is already the newest version (3.0.13-0ubuntu3.15).
#12 8.722 openssl set to manually installed.
#12 8.722 The following additional packages will be installed:
#12 8.722   adduser autoconf automake autotools-dev binutils binutils-common
#12 8.722   binutils-x86-64-linux-gnu bzip2 clang-18 cpp cpp-13 cpp-13-x86-64-linux-gnu
#12 8.722   cpp-x86-64-linux-gnu dpkg-dev file g++ g++-13 g++-13-x86-64-linux-gnu
#12 8.722   g++-x86-64-linux-gnu gcc gcc-13 gcc-13-base gcc-13-x86-64-linux-gnu
#12 8.722   gcc-x86-64-linux-gnu gfortran-13 gfortran-13-x86-64-linux-gnu git-man
#12 8.722   ibverbs-providers icu-devtools libamd-comgr2 libamdhip64-5 libarchive13t64
#12 8.722   libasan8 libatomic1 libbinutils libboost-atomic-dev libboost-atomic1.83-dev
#12 8.722   libboost-atomic1.83.0 libboost-chrono-dev libboost-chrono1.83-dev
#12 8.722   libboost-chrono1.83.0t64 libboost-container-dev libboost-container1.83-dev
#12 8.722   libboost-container1.83.0 libboost-context-dev libboost-context1.83-dev
#12 8.722   libboost-context1.83.0 libboost-coroutine-dev libboost-coroutine1.83-dev
#12 8.722   libboost-coroutine1.83.0 libboost-date-time-dev libboost-date-time1.83-dev
#12 8.722   libboost-date-time1.83.0 libboost-dev libboost-exception-dev
#12 8.722   libboost-exception1.83-dev libboost-fiber-dev libboost-fiber1.83-dev
#12 8.722   libboost-fiber1.83.0 libboost-filesystem-dev libboost-filesystem1.83-dev
#12 8.722   libboost-filesystem1.83.0 libboost-graph-dev libboost-graph-parallel-dev
#12 8.722   libboost-graph-parallel1.83-dev libboost-graph-parallel1.83.0
#12 8.722   libboost-graph1.83-dev libboost-graph1.83.0 libboost-iostreams-dev
#12 8.722   libboost-iostreams1.83-dev libboost-iostreams1.83.0 libboost-json-dev
#12 8.722   libboost-json1.83-dev libboost-json1.83.0 libboost-locale-dev
#12 8.722   libboost-locale1.83-dev libboost-locale1.83.0 libboost-log-dev
#12 8.722   libboost-log1.83-dev libboost-log1.83.0 libboost-math-dev
#12 8.722   libboost-math1.83-dev libboost-math1.83.0 libboost-mpi-dev
#12 8.722   libboost-mpi-python-dev libboost-mpi-python1.83-dev
#12 8.722   libboost-mpi-python1.83.0 libboost-mpi1.83-dev libboost-mpi1.83.0
#12 8.722   libboost-nowide-dev libboost-nowide1.83-dev libboost-nowide1.83.0
#12 8.722   libboost-numpy-dev libboost-numpy1.83-dev libboost-numpy1.83.0
#12 8.722   libboost-program-options-dev libboost-program-options1.83-dev
#12 8.722   libboost-program-options1.83.0 libboost-python-dev libboost-python1.83-dev
#12 8.722   libboost-python1.83.0 libboost-random-dev libboost-random1.83-dev
#12 8.722   libboost-random1.83.0 libboost-regex-dev libboost-regex1.83-dev
#12 8.722   libboost-regex1.83.0 libboost-serialization-dev
#12 8.722   libboost-serialization1.83-dev libboost-serialization1.83.0
#12 8.722   libboost-stacktrace-dev libboost-stacktrace1.83-dev
#12 8.722   libboost-stacktrace1.83.0 libboost-system-dev libboost-system1.83-dev
#12 8.722   libboost-system1.83.0 libboost-test-dev libboost-test1.83-dev
#12 8.722   libboost-test1.83.0 libboost-thread-dev libboost-thread1.83-dev
#12 8.722   libboost-thread1.83.0 libboost-timer-dev libboost-timer1.83-dev
#12 8.722   libboost-timer1.83.0 libboost-tools-dev libboost-type-erasure-dev
#12 8.722   libboost-type-erasure1.83-dev libboost-type-erasure1.83.0 libboost-url-dev
#12 8.722   libboost-url1.83-dev libboost-url1.83.0 libboost-wave-dev
#12 8.722   libboost-wave1.83-dev libboost-wave1.83.0 libboost1.83-dev
#12 8.722   libboost1.83-tools-dev libbrotli1 libbsd0 libbz2-1.0 libc-dev-bin libc6-dev
#12 8.722   libcbor0.10 libcc1-0 libclang-common-18-dev libclang-cpp18 libclang1-18
#12 8.722   libcrypt-dev libctf-nobfd0 libctf0 libcurl3t64-gnutls libcurl4t64
#12 8.722   libdpkg-perl libdrm-amdgpu1 libdrm-common libdrm2 libedit2 libelf1t64
#12 8.722   liberror-perl libevent-2.1-7t64 libevent-core-2.1-7t64 libevent-dev
#12 8.722   libevent-extra-2.1-7t64 libevent-openssl-2.1-7t64 libevent-pthreads-2.1-7t64
#12 8.722   libexpat1 libexpat1-dev libfabric1 libfido2-1 libgc1 libgcc-13-dev
#12 8.722   libgdbm-compat4t64 libgdbm6t64 libgfortran-13-dev libgfortran5 libgomp1
#12 8.722   libgprofng0 libgssapi-krb5-2 libhiredis1.1.0 libhsa-runtime64-1 libhsakmt1
#12 8.722   libhwasan0 libhwloc-dev libhwloc-plugins libhwloc15 libibverbs-dev
#12 8.722   libibverbs1 libicu-dev libicu74 libisl23 libitm1 libjansson4 libjs-jquery
#12 8.722   libjs-jquery-ui libjs-sphinxdoc libjs-underscore libjsoncpp25 libk5crypto3
#12 8.722   libkeyutils1 libkrb5-3 libkrb5support0 libldap2 libllvm17t64 libllvm18
#12 8.723   liblsan0 libltdl-dev libltdl7 libmagic-mgc libmagic1t64 libmpc3 libmpfr6
#12 8.723   libmunge2 libmysql++3t64 libmysqlclient-dev libmysqlclient21 libncurses6
#12 8.723   libncursesw6 libnghttp2-14 libnl-3-200 libnl-3-dev libnl-route-3-200
#12 8.723   libnl-route-3-dev libnuma-dev libnuma1 libobjc-13-dev libobjc4
#12 8.723   libopenmpi-dev libopenmpi3t64 libpciaccess0 libperl5.38t64 libpmix-dev
#12 8.723   libpmix2t64 libpsl5t64 libpsm-infinipath1 libpsm2-2 libpython3-dev
#12 8.723   libpython3-stdlib libpython3.12-dev libpython3.12-minimal
#12 8.723   libpython3.12-stdlib libpython3.12t64 libquadmath0 librdmacm1t64
#12 8.723   libreadline8t64 librhash0 librtmp1 libsasl2-2 libsasl2-modules-db libsframe1
#12 8.723   libsqlite3-0 libssh-4 libstdc++-13-dev libtinfo6 libtsan2 libubsan1 libucx0
#12 8.723   libuv1t64 libx11-6 libx11-data libxau6 libxcb1 libxdmcp6 libxext6 libxml2
#12 8.723   libxnvctrl0 libzstd-dev linux-libc-dev llvm-18-linker-tools
#12 8.723   lto-disabled-list m4 make media-types mpi-default-bin mpi-default-dev
#12 8.723   mysql-client-8.0 mysql-client-core-8.0 mysql-common ncurses-base ncurses-bin
#12 8.723   netbase ocl-icd-libopencl1 openmpi-bin openmpi-common openssh-client patch
#12 8.723   perl perl-base perl-modules-5.38 python3 python3-dev python3-minimal
#12 8.723   python3.12 python3.12-dev python3.12-minimal readline-common rpcsvc-proto
#12 8.723   xz-utils zlib1g
#12 8.725 Suggested packages:
#12 8.725   liblocale-gettext-perl cron quota ecryptfs-utils autoconf-archive
#12 8.725   gnu-standards autoconf-doc gettext binutils-doc gprofng-gui bzip2-doc distcc
#12 8.725   | icecc clang-18-doc wasi-libc cmake-doc cmake-format elpa-cmake-mode
#12 8.725   cpp-doc gcc-13-locales cpp-13-doc debian-keyring g++-multilib
#12 8.725   g++-13-multilib gcc-13-doc gcc-multilib manpages-dev flex bison gdb gcc-doc
#12 8.725   gcc-13-multilib gdb-x86-64-linux-gnu gfortran-13-multilib gfortran-13-doc
#12 8.725   libcoarrays-dev gettext-base git-daemon-run | git-daemon-sysvinit git-doc
#12 8.725   git-email git-gui gitk gitweb git-cvs git-mediawiki git-svn lrzip
#12 8.725   libboost-doc graphviz libboost1.83-doc gccxml libboost-contract1.83-dev
#12 8.725   libmpfrc++-dev libntl-dev xsltproc doxygen docbook-xml docbook-xsl
#12 8.725   default-jdk fop glibc-doc gnupg | sq | sqop | pgpainless-cli
#12 8.725   | sequoia-chameleon-gnupg bzr gdbm-l10n krb5-doc krb5-user
#12 8.725   libhwloc-contrib-plugins icu-doc libjs-jquery-ui-docs libtool-doc
#12 8.725   liblzma-doc libmysql++-doc ncurses-doc openmpi-doc pciutils readline-doc
#12 8.725   libssl-doc libstdc++-13-doc gcj-jdk m4-doc make-doc opencl-icd gfortran
#12 8.725   | fortran-compiler keychain libpam-ssh monkeysphere ssh-askpass ed
#12 8.725   diffutils-doc perl-doc libterm-readline-gnu-perl
#12 8.725   | libterm-readline-perl-perl libtap-harness-archive-perl python3-doc
#12 8.725   python3-tk python3-venv python3.12-venv python3.12-doc binfmt-support zip
#12 8.725 Recommended packages:
#12 8.725   llvm-18-dev fakeroot gnupg | sq | sqop | pgpainless-cli
#12 8.725   | sequoia-chameleon-gnupg libalgorithm-merge-perl less bzip2-doc manpages
#12 8.725   manpages-dev libc-devtools libclang-rt-18-dev libfile-fcntllock-perl
#12 8.725   liblocale-gettext-perl javascript-common krb5-locales libldap-common libgpm2
#12 8.725   libcoarrays-openmpi-dev publicsuffix libsasl2-modules xauth
#12 9.580 The following NEW packages will be installed:
#12 9.580   adduser autoconf automake autotools-dev binutils binutils-common
#12 9.580   binutils-x86-64-linux-gnu build-essential bzip2 ccache clang clang-18 cmake
#12 9.580   cmake-data cpp cpp-13 cpp-13-x86-64-linux-gnu cpp-x86-64-linux-gnu curl
#12 9.580   default-libmysqlclient-dev default-mysql-client dpkg-dev file g++ g++-13
#12 9.580   g++-13-x86-64-linux-gnu g++-x86-64-linux-gnu gcc gcc-13 gcc-13-base
#12 9.580   gcc-13-x86-64-linux-gnu gcc-x86-64-linux-gnu gfortran-13
#12 9.580   gfortran-13-x86-64-linux-gnu git git-man ibverbs-providers icu-devtools
#12 9.580   libamd-comgr2 libamdhip64-5 libarchive13t64 libasan8 libatomic1 libbinutils
#12 9.580   libboost-all-dev libboost-atomic-dev libboost-atomic1.83-dev
#12 9.580   libboost-atomic1.83.0 libboost-chrono-dev libboost-chrono1.83-dev
#12 9.580   libboost-chrono1.83.0t64 libboost-container-dev libboost-container1.83-dev
#12 9.580   libboost-container1.83.0 libboost-context-dev libboost-context1.83-dev
#12 9.580   libboost-context1.83.0 libboost-coroutine-dev libboost-coroutine1.83-dev
#12 9.580   libboost-coroutine1.83.0 libboost-date-time-dev libboost-date-time1.83-dev
#12 9.580   libboost-date-time1.83.0 libboost-dev libboost-exception-dev
#12 9.580   libboost-exception1.83-dev libboost-fiber-dev libboost-fiber1.83-dev
#12 9.580   libboost-fiber1.83.0 libboost-filesystem-dev libboost-filesystem1.83-dev
#12 9.580   libboost-filesystem1.83.0 libboost-graph-dev libboost-graph-parallel-dev
#12 9.580   libboost-graph-parallel1.83-dev libboost-graph-parallel1.83.0
#12 9.580   libboost-graph1.83-dev libboost-graph1.83.0 libboost-iostreams-dev
#12 9.580   libboost-iostreams1.83-dev libboost-iostreams1.83.0 libboost-json-dev
#12 9.580   libboost-json1.83-dev libboost-json1.83.0 libboost-locale-dev
#12 9.580   libboost-locale1.83-dev libboost-locale1.83.0 libboost-log-dev
#12 9.580   libboost-log1.83-dev libboost-log1.83.0 libboost-math-dev
#12 9.580   libboost-math1.83-dev libboost-math1.83.0 libboost-mpi-dev
#12 9.580   libboost-mpi-python-dev libboost-mpi-python1.83-dev
#12 9.580   libboost-mpi-python1.83.0 libboost-mpi1.83-dev libboost-mpi1.83.0
#12 9.580   libboost-nowide-dev libboost-nowide1.83-dev libboost-nowide1.83.0
#12 9.580   libboost-numpy-dev libboost-numpy1.83-dev libboost-numpy1.83.0
#12 9.580   libboost-program-options-dev libboost-program-options1.83-dev
#12 9.580   libboost-program-options1.83.0 libboost-python-dev libboost-python1.83-dev
#12 9.580   libboost-python1.83.0 libboost-random-dev libboost-random1.83-dev
#12 9.580   libboost-random1.83.0 libboost-regex-dev libboost-regex1.83-dev
#12 9.580   libboost-regex1.83.0 libboost-serialization-dev
#12 9.580   libboost-serialization1.83-dev libboost-serialization1.83.0
#12 9.580   libboost-stacktrace-dev libboost-stacktrace1.83-dev
#12 9.580   libboost-stacktrace1.83.0 libboost-system-dev libboost-system1.83-dev
#12 9.580   libboost-system1.83.0 libboost-test-dev libboost-test1.83-dev
#12 9.580   libboost-test1.83.0 libboost-thread-dev libboost-thread1.83-dev
#12 9.580   libboost-thread1.83.0 libboost-timer-dev libboost-timer1.83-dev
#12 9.580   libboost-timer1.83.0 libboost-tools-dev libboost-type-erasure-dev
#12 9.580   libboost-type-erasure1.83-dev libboost-type-erasure1.83.0 libboost-url-dev
#12 9.580   libboost-url1.83-dev libboost-url1.83.0 libboost-wave-dev
#12 9.580   libboost-wave1.83-dev libboost-wave1.83.0 libboost1.83-dev
#12 9.580   libboost1.83-tools-dev libbrotli1 libbsd0 libbz2-dev libc-dev-bin libc6-dev
#12 9.580   libcbor0.10 libcc1-0 libclang-common-18-dev libclang-cpp18 libclang1-18
#12 9.580   libcrypt-dev libctf-nobfd0 libctf0 libcurl3t64-gnutls libcurl4t64
#12 9.580   libdpkg-perl libdrm-amdgpu1 libdrm-common libdrm2 libedit2 libelf1t64
#12 9.580   liberror-perl libevent-2.1-7t64 libevent-core-2.1-7t64 libevent-dev
#12 9.580   libevent-extra-2.1-7t64 libevent-openssl-2.1-7t64 libevent-pthreads-2.1-7t64
#12 9.580   libexpat1 libexpat1-dev libfabric1 libfido2-1 libgc1 libgcc-13-dev
#12 9.581   libgdbm-compat4t64 libgdbm6t64 libgfortran-13-dev libgfortran5 libgomp1
#12 9.581   libgprofng0 libgssapi-krb5-2 libhiredis1.1.0 libhsa-runtime64-1 libhsakmt1
#12 9.581   libhwasan0 libhwloc-dev libhwloc-plugins libhwloc15 libibverbs-dev
#12 9.581   libibverbs1 libicu-dev libicu74 libisl23 libitm1 libjansson4 libjs-jquery
#12 9.581   libjs-jquery-ui libjs-sphinxdoc libjs-underscore libjsoncpp25 libk5crypto3
#12 9.581   libkeyutils1 libkrb5-3 libkrb5support0 libldap2 libllvm17t64 libllvm18
#12 9.581   liblsan0 libltdl-dev libltdl7 liblzma-dev libmagic-mgc libmagic1t64 libmpc3
#12 9.581   libmpfr6 libmunge2 libmysql++-dev libmysql++3t64 libmysqlclient-dev
#12 9.581   libmysqlclient21 libncurses-dev libncurses6 libnghttp2-14 libnl-3-200
#12 9.581   libnl-3-dev libnl-route-3-200 libnl-route-3-dev libnuma-dev libnuma1
#12 9.581   libobjc-13-dev libobjc4 libopenmpi-dev libopenmpi3t64 libpciaccess0
#12 9.581   libperl5.38t64 libpmix-dev libpmix2t64 libpsl5t64 libpsm-infinipath1
#12 9.581   libpsm2-2 libpython3-dev libpython3-stdlib libpython3.12-dev
#12 9.581   libpython3.12-minimal libpython3.12-stdlib libpython3.12t64 libquadmath0
#12 9.581   librdmacm1t64 libreadline-dev libreadline8t64 librhash0 librtmp1 libsasl2-2
#12 9.581   libsasl2-modules-db libsframe1 libsqlite3-0 libssh-4 libssl-dev
#12 9.581   libstdc++-13-dev libtool libtsan2 libubsan1 libucx0 libuv1t64 libx11-6
#12 9.581   libx11-data libxau6 libxcb1 libxdmcp6 libxext6 libxml2 libxnvctrl0
#12 9.581   libzstd-dev linux-libc-dev llvm-18-linker-tools lsb-base lto-disabled-list
#12 9.582   m4 make media-types mpi-default-bin mpi-default-dev mysql-client-8.0
#12 9.582   mysql-client-core-8.0 mysql-common netbase ninja-build ocl-icd-libopencl1
#12 9.582   openmpi-bin openmpi-common openssh-client patch perl perl-modules-5.38
#12 9.582   python3 python3-dev python3-minimal python3.12 python3.12-dev
#12 9.582   python3.12-minimal readline-common rpcsvc-proto unzip xz-utils zlib1g-dev
#12 9.583 The following packages will be upgraded:
#12 9.584   libbz2-1.0 libncursesw6 libtinfo6 ncurses-base ncurses-bin perl-base zlib1g
#12 9.732 7 upgraded, 312 newly installed, 0 to remove and 19 not upgraded.
#12 9.732 Need to get 321 MB of archives.
#12 9.732 After this operation, 1573 MB of additional disk space will be used.
#12 9.732 Get:1 http://archive.ubuntu.com/ubuntu noble-updates/main amd64 ncurses-bin amd64 6.4+20240113-1ubuntu2.2 [188 kB]
#12 9.997 Get:2 http://archive.ubuntu.com/ubuntu noble-updates/main amd64 perl-base amd64 5.38.2-3.2ubuntu0.4 [1826 kB]
#12 ...

#13 [ac-worldserver runtime 1/4] RUN apt-get update     && apt-get install -y --no-install-recommends       libmysqlclient21 libreadline8 libicu74 libncurses5-dev       gettext-base default-mysql-client       adduser     && rm -rf /var/lib/apt/lists/*
#13 0.674 Get:1 http://security.ubuntu.com/ubuntu noble-security InRelease [126 kB]
#13 0.675 Get:2 http://archive.ubuntu.com/ubuntu noble InRelease [256 kB]
#13 0.961 Get:3 http://archive.ubuntu.com/ubuntu noble-updates InRelease [126 kB]
#13 0.974 Get:4 http://security.ubuntu.com/ubuntu noble-security/restricted amd64 Packages [1786 kB]
#13 1.030 Get:5 http://archive.ubuntu.com/ubuntu noble-backports InRelease [126 kB]
#13 1.101 Get:6 http://archive.ubuntu.com/ubuntu noble/main amd64 Packages [1808 kB]
#13 1.616 Get:7 http://archive.ubuntu.com/ubuntu noble/universe amd64 Packages [19.3 MB]
#13 1.633 Get:8 http://security.ubuntu.com/ubuntu noble-security/multiverse amd64 Packages [50.0 kB]
#13 1.643 Get:9 http://security.ubuntu.com/ubuntu noble-security/main amd64 Packages [1237 kB]
#13 1.939 Get:10 http://security.ubuntu.com/ubuntu noble-security/universe amd64 Packages [1530 kB]
#13 6.977 Get:11 http://archive.ubuntu.com/ubuntu noble/restricted amd64 Packages [117 kB]
#13 6.994 Get:12 http://archive.ubuntu.com/ubuntu noble/multiverse amd64 Packages [331 kB]
#13 7.059 Get:13 http://archive.ubuntu.com/ubuntu noble-updates/restricted amd64 Packages [1903 kB]
#13 7.360 Get:14 http://archive.ubuntu.com/ubuntu noble-updates/universe amd64 Packages [2151 kB]
#13 7.663 Get:15 http://archive.ubuntu.com/ubuntu noble-updates/main amd64 Packages [1562 kB]
#13 7.850 Get:16 http://archive.ubuntu.com/ubuntu noble-updates/multiverse amd64 Packages [55.8 kB]
#13 7.857 Get:17 http://archive.ubuntu.com/ubuntu noble-backports/multiverse amd64 Packages [671 B]
#13 7.857 Get:18 http://archive.ubuntu.com/ubuntu noble-backports/universe amd64 Packages [35.9 kB]
#13 7.860 Get:19 http://archive.ubuntu.com/ubuntu noble-backports/main amd64 Packages [48.9 kB]
#13 8.599 Fetched 32.6 MB in 8s (4057 kB/s)
#13 8.599 Reading package lists...
#13 10.08 Reading package lists...
#13 ...

#14 [ac-client-data-init client-data 1/3] RUN apt-get update &&     apt-get install -y curl unzip adduser &&     rm -rf /var/lib/apt/lists/*
#14 0.637 Get:1 http://security.ubuntu.com/ubuntu noble-security InRelease [126 kB]
#14 0.642 Get:2 http://archive.ubuntu.com/ubuntu noble InRelease [256 kB]
#14 0.928 Get:3 http://archive.ubuntu.com/ubuntu noble-updates InRelease [126 kB]
#14 0.947 Get:4 http://security.ubuntu.com/ubuntu noble-security/restricted amd64 Packages [1786 kB]
#14 0.997 Get:5 http://archive.ubuntu.com/ubuntu noble-backports InRelease [126 kB]
#14 1.066 Get:6 http://archive.ubuntu.com/ubuntu noble/multiverse amd64 Packages [331 kB]
#14 1.134 Get:7 http://archive.ubuntu.com/ubuntu noble/restricted amd64 Packages [117 kB]
#14 1.153 Get:8 http://archive.ubuntu.com/ubuntu noble/universe amd64 Packages [19.3 MB]
#14 1.567 Get:9 http://security.ubuntu.com/ubuntu noble-security/main amd64 Packages [1237 kB]
#14 1.845 Get:10 http://security.ubuntu.com/ubuntu noble-security/multiverse amd64 Packages [50.0 kB]
#14 1.846 Get:11 http://security.ubuntu.com/ubuntu noble-security/universe amd64 Packages [1530 kB]
#14 4.363 Get:12 http://archive.ubuntu.com/ubuntu noble/main amd64 Packages [1808 kB]
#14 4.562 Get:13 http://archive.ubuntu.com/ubuntu noble-updates/main amd64 Packages [1562 kB]
#14 4.692 Get:14 http://archive.ubuntu.com/ubuntu noble-updates/multiverse amd64 Packages [55.8 kB]
#14 4.697 Get:15 http://archive.ubuntu.com/ubuntu noble-updates/restricted amd64 Packages [1903 kB]
#14 4.888 Get:16 http://archive.ubuntu.com/ubuntu noble-updates/universe amd64 Packages [2151 kB]
#14 5.085 Get:17 http://archive.ubuntu.com/ubuntu noble-backports/universe amd64 Packages [35.9 kB]
#14 5.089 Get:18 http://archive.ubuntu.com/ubuntu noble-backports/multiverse amd64 Packages [671 B]
#14 5.089 Get:19 http://archive.ubuntu.com/ubuntu noble-backports/main amd64 Packages [48.9 kB]
#14 6.094 Fetched 32.6 MB in 6s (5857 kB/s)
#14 6.094 Reading package lists...
#14 7.553 Reading package lists...
#14 8.986 Building dependency tree...
#14 9.256 Reading state information...
#14 9.526 The following additional packages will be installed:
#14 9.526   krb5-locales libbrotli1 libcurl4t64 libgssapi-krb5-2 libk5crypto3
#14 9.526   libkeyutils1 libkrb5-3 libkrb5support0 libldap-common libldap2 libnghttp2-14
#14 9.526   libpsl5t64 librtmp1 libsasl2-2 libsasl2-modules libsasl2-modules-db libssh-4
#14 9.526   publicsuffix
#14 9.528 Suggested packages:
#14 9.528   liblocale-gettext-perl perl cron quota ecryptfs-utils krb5-doc krb5-user
#14 9.528   libsasl2-modules-gssapi-mit | libsasl2-modules-gssapi-heimdal
#14 9.528   libsasl2-modules-ldap libsasl2-modules-otp libsasl2-modules-sql zip
#14 9.588 The following NEW packages will be installed:[driver] UNRECOGNISED prompt, NOT answering: '#14 9.588 The following NEW packages will be installed:'

#14 9.589   adduser curl krb5-locales libbrotli1 libcurl4t64 libgssapi-krb5-2
#14 9.589   libk5crypto3 libkeyutils1 libkrb5-3 libkrb5support0 libldap-common libldap2
#14 9.590   libnghttp2-14 libpsl5t64 librtmp1 libsasl2-2 libsasl2-modules
#14 9.590   libsasl2-modules-db libssh-4 publicsuffix unzip
#14 9.720 0 upgraded, 21 newly installed, 0 to remove and 26 not upgraded.
#14 9.720 Need to get 2689 kB of archives.
#14 9.720 After this operation, 7745 kB of additional disk space will be used.
#14 9.720 Get:1 http://archive.ubuntu.com/ubuntu noble/main amd64 adduser all 3.137ubuntu1 [101 kB]
#14 9.925 Get:2 http://archive.ubuntu.com/ubuntu noble-updates/main amd64 krb5-locales all 1.20.1-6ubuntu2.8 [15.1 kB]
#14 9.931 Get:3 http://archive.ubuntu.com/ubuntu noble-updates/main amd64 libkrb5support0 amd64 1.20.1-6ubuntu2.8 [34.7 kB]
#14 9.947 Get:4 http://archive.ubuntu.com/ubuntu noble-updates/main amd64 libk5crypto3 amd64 1.20.1-6ubuntu2.8 [81.9 kB]
#14 9.989 Get:5 http://archive.ubuntu.com/ubuntu noble/main amd64 libkeyutils1 amd64 1.6.3-3build1 [9490 B]
#14 9.993 Get:6 http://archive.ubuntu.com/ubuntu noble-updates/main amd64 libkrb5-3 amd64 1.20.1-6ubuntu2.8 [348 kB]
#14 10.07 Get:7 http://archive.ubuntu.com/ubuntu noble-updates/main amd64 libgssapi-krb5-2 amd64 1.20.1-6ubuntu2.8 [143 kB]
#14 10.09 Get:8 http://archive.ubuntu.com/ubuntu noble-updates/main amd64 libnghttp2-14 amd64 1.59.0-1ubuntu0.4 [74.6 kB]
#14 10.10 Get:9 http://archive.ubuntu.com/ubuntu noble/main amd64 libpsl5t64 amd64 0.21.2-1.1build1 [57.1 kB]
#14 10.11 Get:10 http://archive.ubuntu.com/ubuntu noble/main amd64 publicsuffix all 20231001.0357-0.1 [129 kB]
#14 10.12 Get:11 http://archive.ubuntu.com/ubuntu noble/main amd64 libbrotli1 amd64 1.1.0-2build2 [331 kB]
#14 10.14 Get:12 http://archive.ubuntu.com/ubuntu noble-updates/main amd64 libsasl2-modules-db amd64 2.1.28+dfsg1-5ubuntu3.1 [20.4 kB]
#14 10.15 Get:13 http://archive.ubuntu.com/ubuntu noble-updates/main amd64 libsasl2-2 amd64 2.1.28+dfsg1-5ubuntu3.1 [53.2 kB]
#14 10.15 Get:14 http://archive.ubuntu.com/ubuntu noble-updates/main amd64 libldap2 amd64 2.6.10+dfsg-0ubuntu0.24.04.1 [198 kB]
#14 10.17 Get:15 http://archive.ubuntu.com/ubuntu noble/main amd64 librtmp1 amd64 2.4+20151223.gitfa8646d.1-2build7 [56.3 kB]
#14 10.17 Get:16 http://archive.ubuntu.com/ubuntu noble-updates/main amd64 libssh-4 amd64 0.10.6-2ubuntu0.5 [191 kB]
#14 10.19 Get:17 http://archive.ubuntu.com/ubuntu noble-updates/main amd64 libcurl4t64 amd64 8.5.0-2ubuntu10.13 [343 kB]
#14 10.32 Get:18 http://archive.ubuntu.com/ubuntu noble-updates/main amd64 curl amd64 8.5.0-2ubuntu10.13 [226 kB]
#14 10.37 Get:19 http://archive.ubuntu.com/ubuntu noble-updates/main amd64 libldap-common all 2.6.10+dfsg-0ubuntu0.24.04.1 [32.9 kB]
#14 10.37 Get:20 http://archive.ubuntu.com/ubuntu noble-updates/main amd64 libsasl2-modules amd64 2.1.28+dfsg1-5ubuntu3.1 [69.9 kB]
#14 10.38 Get:21 http://archive.ubuntu.com/ubuntu noble-updates/main amd64 unzip amd64 6.0-28ubuntu4.1 [174 kB]
#14 ...

#12 [ac-worldserver build 1/8] RUN apt-get update                                                         && apt-get install -y --no-install-recommends                                 build-essential ccache libtool cmake-data ninja-build cmake clang            git lsb-base curl unzip default-mysql-client openssl                          default-libmysqlclient-dev libboost-all-dev libssl-dev libmysql++-dev         libreadline-dev zlib1g-dev libbz2-dev libncurses5-dev liblzma-dev      && rm -rf /var/lib/apt/lists/*
#12 10.34 Get:3 http://archive.ubuntu.com/ubuntu noble-updates/main amd64 ncurses-base all 6.4+20240113-1ubuntu2.2 [25.8 kB]
#12 10.34 Get:4 http://archive.ubuntu.com/ubuntu noble-updates/main amd64 libpython3.12-minimal amd64 3.12.3-1ubuntu0.16 [838 kB]
#12 10.35 Get:5 http://archive.ubuntu.com/ubuntu noble-updates/main amd64 libexpat1 amd64 2.6.1-2ubuntu0.4 [88.2 kB]
#12 10.38 Get:6 http://archive.ubuntu.com/ubuntu noble-updates/main amd64 zlib1g amd64 1:1.3.dfsg-3.1ubuntu2.2 [63.0 kB]
#12 10.39 Get:7 http://archive.ubuntu.com/ubuntu noble-updates/main amd64 python3.12-minimal amd64 3.12.3-1ubuntu0.16 [2335 kB]
#12 10.54 Get:8 http://archive.ubuntu.com/ubuntu noble-updates/main amd64 python3-minimal amd64 3.12.3-0ubuntu2.1 [27.4 kB]
#12 10.55 Get:9 http://archive.ubuntu.com/ubuntu noble/main amd64 media-types all 10.1.0 [27.5 kB]
#12 10.55 Get:10 http://archive.ubuntu.com/ubuntu noble/main amd64 netbase all 6.4 [13.1 kB]
#12 10.55 Get:11 http://archive.ubuntu.com/ubuntu noble-updates/main amd64 libbz2-1.0 amd64 1.0.8-5.1ubuntu0.1 [34.6 kB]
#12 10.55 Get:12 http://archive.ubuntu.com/ubuntu noble-updates/main amd64 libncursesw6 amd64 6.4+20240113-1ubuntu2.2 [148 kB]
#12 10.55 Get:13 http://archive.ubuntu.com/ubuntu noble-updates/main amd64 libtinfo6 amd64 6.4+20240113-1ubuntu2.2 [108 kB]
#12 10.55 Get:14 http://archive.ubuntu.com/ubuntu noble/main amd64 readline-common all 8.2-4build1 [56.5 kB]
#12 10.55 Get:15 http://archive.ubuntu.com/ubuntu noble/main amd64 libreadline8t64 amd64 8.2-4build1 [153 kB]
#12 10.55 Get:16 http://archive.ubuntu.com/ubuntu noble-updates/main amd64 libsqlite3-0 amd64 3.45.1-1ubuntu2.7 [701 kB]
#12 10.65 Get:17 http://archive.ubuntu.com/ubuntu noble-updates/main amd64 libpython3.12-stdlib amd64 3.12.3-1ubuntu0.16 [2070 kB]
#12 10.72 Get:18 http://archive.ubuntu.com/ubuntu noble-updates/main amd64 python3.12 amd64 3.12.3-1ubuntu0.16 [651 kB]
#12 10.75 Get:19 http://archive.ubuntu.com/ubuntu noble-updates/main amd64 libpython3-stdlib amd64 3.12.3-0ubuntu2.1 [10.1 kB]
#12 10.75 Get:20 http://archive.ubuntu.com/ubuntu noble-updates/main amd64 python3 amd64 3.12.3-0ubuntu2.1 [23.0 kB]
#12 10.75 Get:21 http://archive.ubuntu.com/ubuntu noble-updates/main amd64 perl-modules-5.38 all 5.38.2-3.2ubuntu0.4 [3110 kB]
#12 10.97 Get:22 http://archive.ubuntu.com/ubuntu noble/main amd64 libgdbm6t64 amd64 1.23-5.1build1 [34.4 kB]
#12 10.97 Get:23 http://archive.ubuntu.com/ubuntu noble/main amd64 libgdbm-compat4t64 amd64 1.23-5.1build1 [6710 B]
#12 10.97 Get:24 http://archive.ubuntu.com/ubuntu noble-updates/main amd64 libperl5.38t64 amd64 5.38.2-3.2ubuntu0.4 [4870 kB]
#12 11.13 Get:25 http://archive.ubuntu.com/ubuntu noble-updates/main amd64 perl amd64 5.38.2-3.2ubuntu0.4 [231 kB]
#12 11.14 Get:26 http://archive.ubuntu.com/ubuntu noble/main amd64 adduser all 3.137ubuntu1 [101 kB]
#12 11.15 Get:27 http://archive.ubuntu.com/ubuntu noble-updates/main amd64 libbsd0 amd64 0.12.1-1build1.1 [41.2 kB]
#12 11.15 Get:28 http://archive.ubuntu.com/ubuntu noble-updates/main amd64 libelf1t64 amd64 0.190-1.1ubuntu0.1 [57.8 kB]
#12 11.16 Get:29 http://archive.ubuntu.com/ubuntu noble-updates/main amd64 libkrb5support0 amd64 1.20.1-6ubuntu2.8 [34.7 kB]
#12 11.16 Get:30 http://archive.ubuntu.com/ubuntu noble-updates/main amd64 libk5crypto3 amd64 1.20.1-6ubuntu2.8 [81.9 kB]
#12 11.17 Get:31 http://archive.ubuntu.com/ubuntu noble/main amd64 libkeyutils1 amd64 1.6.3-3build1 [9490 B]
#12 11.17 Get:32 http://archive.ubuntu.com/ubuntu noble-updates/main amd64 libkrb5-3 amd64 1.20.1-6ubuntu2.8 [348 kB]
#12 11.20 Get:33 http://archive.ubuntu.com/ubuntu noble-updates/main amd64 libgssapi-krb5-2 amd64 1.20.1-6ubuntu2.8 [143 kB]
#12 11.21 Get:34 http://archive.ubuntu.com/ubuntu noble-updates/main amd64 libicu74 amd64 74.2-1ubuntu3.1 [10.9 MB]
#12 11.72 Get:35 http://archive.ubuntu.com/ubuntu noble-updates/main amd64 libxml2 amd64 2.9.14+dfsg-1.3ubuntu3.8 [764 kB]
#12 11.75 Get:36 http://archive.ubuntu.com/ubuntu noble/main amd64 libmagic-mgc amd64 1:5.45-3build1 [307 kB]
#12 11.75 Get:37 http://archive.ubuntu.com/ubuntu noble/main amd64 libmagic1t64 amd64 1:5.45-3build1 [87.2 kB]
#12 11.76 Get:38 http://archive.ubuntu.com/ubuntu noble/main amd64 file amd64 1:5.45-3build1 [22.0 kB]
#12 11.76 Get:39 http://archive.ubuntu.com/ubuntu noble-updates/main amd64 libnl-3-200 amd64 3.7.0-0.3build1.1 [55.7 kB]
#12 11.76 Get:40 http://archive.ubuntu.com/ubuntu noble-updates/main amd64 libnl-route-3-200 amd64 3.7.0-0.3build1.1 [189 kB]
#12 11.77 Get:41 http://archive.ubuntu.com/ubuntu noble-updates/main amd64 libibverbs1 amd64 50.0-2ubuntu0.2 [68.0 kB]
#12 11.77 Get:42 http://archive.ubuntu.com/ubuntu noble-updates/main amd64 ibverbs-providers amd64 50.0-2ubuntu0.2 [381 kB]
#12 11.84 Get:43 http://archive.ubuntu.com/ubuntu noble/main amd64 libcbor0.10 amd64 0.10.2-1.2ubuntu2 [25.8 kB]
#12 11.84 Get:44 http://archive.ubuntu.com/ubuntu noble-updates/main amd64 libdrm-common all 2.4.125-1ubuntu0.1~24.04.2 [9250 B]
#12 11.84 Get:45 http://archive.ubuntu.com/ubuntu noble-updates/main amd64 libdrm2 amd64 2.4.125-1ubuntu0.1~24.04.2 [41.4 kB]
#12 11.89 Get:46 http://archive.ubuntu.com/ubuntu noble/main amd64 libedit2 amd64 3.1-20230828-1build1 [97.6 kB]
#12 11.90 Get:47 http://archive.ubuntu.com/ubuntu noble/main amd64 libfido2-1 amd64 1.14.0-1build3 [83.5 kB]
#12 11.90 Get:48 http://archive.ubuntu.com/ubuntu noble/main amd64 libjansson4 amd64 2.14-2build2 [32.8 kB]
#12 11.91 Get:49 http://archive.ubuntu.com/ubuntu noble-updates/main amd64 libncurses6 amd64 6.4+20240113-1ubuntu2.2 [112 kB]
#12 11.91 Get:50 http://archive.ubuntu.com/ubuntu noble-updates/main amd64 libnghttp2-14 amd64 1.59.0-1ubuntu0.4 [74.6 kB]
#12 11.91 Get:51 http://archive.ubuntu.com/ubuntu noble-updates/main amd64 libnuma1 amd64 2.0.18-1ubuntu0.24.04.1 [23.4 kB]
#12 11.91 Get:52 http://archive.ubuntu.com/ubuntu noble/main amd64 libpsl5t64 amd64 0.21.2-1.1build1 [57.1 kB]
#12 11.95 Get:53 http://archive.ubuntu.com/ubuntu noble/main amd64 libuv1t64 amd64 1.48.0-1.1build1 [97.3 kB]
#12 11.95 Get:54 http://archive.ubuntu.com/ubuntu noble/main amd64 libxau6 amd64 1:1.0.9-1build6 [7160 B]
#12 11.95 Get:55 http://archive.ubuntu.com/ubuntu noble/main amd64 libxdmcp6 amd64 1:1.1.3-0ubuntu6 [10.3 kB]
#12 11.99 Get:56 http://archive.ubuntu.com/ubuntu noble/main amd64 libxcb1 amd64 1.15-1ubuntu2 [47.7 kB]
#12 12.00 Get:57 http://archive.ubuntu.com/ubuntu noble/main amd64 libx11-data all 2:1.8.7-1build1 [115 kB]
#12 12.00 Get:58 http://archive.ubuntu.com/ubuntu noble/main amd64 libx11-6 amd64 2:1.8.7-1build1 [650 kB]
#12 12.05 Get:59 http://archive.ubuntu.com/ubuntu noble/main amd64 libxext6 amd64 2:1.3.4-1build2 [30.4 kB]
#12 12.05 Get:60 http://archive.ubuntu.com/ubuntu noble-updates/main amd64 openssh-client amd64 1:9.6p1-3ubuntu13.19 [908 kB]
#12 12.06 Get:61 http://archive.ubuntu.com/ubuntu noble-updates/main amd64 xz-utils amd64 5.6.1+really5.4.5-1ubuntu0.3 [267 kB]
#12 12.07 Get:62 http://archive.ubuntu.com/ubuntu noble/main amd64 m4 amd64 1.4.19-4build1 [244 kB]
#12 12.09 Get:63 http://archive.ubuntu.com/ubuntu noble/main amd64 autoconf all 2.71-3 [339 kB]
#12 12.10 Get:64 http://archive.ubuntu.com/ubuntu noble/main amd64 autotools-dev all 20220109.1 [44.9 kB]
#12 12.11 Get:65 http://archive.ubuntu.com/ubuntu noble/main amd64 automake all 1:1.16.5-1.3ubuntu1 [558 kB]
#12 12.13 Get:66 http://archive.ubuntu.com/ubuntu noble-updates/main amd64 binutils-common amd64 2.42-4ubuntu2.10 [240 kB]
#12 12.14 Get:67 http://archive.ubuntu.com/ubuntu noble-updates/main amd64 libsframe1 amd64 2.42-4ubuntu2.10 [15.7 kB]
#12 12.14 Get:68 http://archive.ubuntu.com/ubuntu noble-updates/main amd64 libbinutils amd64 2.42-4ubuntu2.10 [577 kB]
#12 12.18 Get:69 http://archive.ubuntu.com/ubuntu noble-updates/main amd64 libctf-nobfd0 amd64 2.42-4ubuntu2.10 [98.0 kB]
#12 12.18 Get:70 http://archive.ubuntu.com/ubuntu noble-updates/main amd64 libctf0 amd64 2.42-4ubuntu2.10 [94.5 kB]
#12 12.18 Get:71 http://archive.ubuntu.com/ubuntu noble-updates/main amd64 libgprofng0 amd64 2.42-4ubuntu2.10 [849 kB]
#12 12.22 Get:72 http://archive.ubuntu.com/ubuntu noble-updates/main amd64 binutils-x86-64-linux-gnu amd64 2.42-4ubuntu2.10 [2463 kB]
#12 12.31 Get:73 http://archive.ubuntu.com/ubuntu noble-updates/main amd64 binutils amd64 2.42-4ubuntu2.10 [18.2 kB]
#12 12.31 Get:74 http://archive.ubuntu.com/ubuntu noble-updates/main amd64 libc-dev-bin amd64 2.39-0ubuntu8.8 [20.4 kB]
#12 12.31 Get:75 http://archive.ubuntu.com/ubuntu noble-updates/main amd64 linux-libc-dev amd64 6.8.0-139.139 [1527 kB]
#12 12.36 Get:76 http://archive.ubuntu.com/ubuntu noble/main amd64 libcrypt-dev amd64 1:4.4.36-4build1 [112 kB]
#12 12.36 Get:77 http://archive.ubuntu.com/ubuntu noble/main amd64 rpcsvc-proto amd64 1.4.2-0ubuntu7 [67.4 kB]
#12 12.37 Get:78 http://archive.ubuntu.com/ubuntu noble-updates/main amd64 libc6-dev amd64 2.39-0ubuntu8.8 [2125 kB]
#12 12.48 Get:79 http://archive.ubuntu.com/ubuntu noble-updates/main amd64 gcc-13-base amd64 13.3.0-6ubuntu2~24.04.1 [51.6 kB]
#12 12.49 Get:80 http://archive.ubuntu.com/ubuntu noble-updates/main amd64 libisl23 amd64 0.26-3build1.1 [680 kB]
#12 12.60 Get:81 http://archive.ubuntu.com/ubuntu noble-updates/main amd64 libmpfr6 amd64 4.2.1-1build1.1 [353 kB]
#12 12.62 Get:82 http://archive.ubuntu.com/ubuntu noble-updates/main amd64 libmpc3 amd64 1.3.1-1build1.1 [54.6 kB]
#12 12.63 Get:83 http://archive.ubuntu.com/ubuntu noble-updates/main amd64 cpp-13-x86-64-linux-gnu amd64 13.3.0-6ubuntu2~24.04.1 [10.7 MB]
#12 13.28 Get:84 http://archive.ubuntu.com/ubuntu noble-updates/main amd64 cpp-13 amd64 13.3.0-6ubuntu2~24.04.1 [1042 B]
#12 13.28 Get:85 http://archive.ubuntu.com/ubuntu noble/main amd64 cpp-x86-64-linux-gnu amd64 4:13.2.0-7ubuntu1 [5326 B]
#12 13.28 Get:86 http://archive.ubuntu.com/ubuntu noble/main amd64 cpp amd64 4:13.2.0-7ubuntu1 [22.4 kB]
#12 13.29 Get:87 http://archive.ubuntu.com/ubuntu noble-updates/main amd64 libcc1-0 amd64 14.2.0-4ubuntu2~24.04.1 [48.0 kB]
#12 13.29 Get:88 http://archive.ubuntu.com/ubuntu noble-updates/main amd64 libgomp1 amd64 14.2.0-4ubuntu2~24.04.1 [148 kB]
#12 13.29 Get:89 http://archive.ubuntu.com/ubuntu noble-updates/main amd64 libitm1 amd64 14.2.0-4ubuntu2~24.04.1 [29.7 kB]
#12 13.29 Get:90 http://archive.ubuntu.com/ubuntu noble-updates/main amd64 libatomic1 amd64 14.2.0-4ubuntu2~24.04.1 [10.5 kB]
#12 13.29 Get:91 http://archive.ubuntu.com/ubuntu noble-updates/main amd64 libasan8 amd64 14.2.0-4ubuntu2~24.04.1 [3027 kB]
#12 13.37 Get:92 http://archive.ubuntu.com/ubuntu noble-updates/main amd64 liblsan0 amd64 14.2.0-4ubuntu2~24.04.1 [1322 kB]
#12 13.39 Get:93 http://archive.ubuntu.com/ubuntu noble-updates/main amd64 libtsan2 amd64 14.2.0-4ubuntu2~24.04.1 [2772 kB]
#12 14.07 Get:94 http://archive.ubuntu.com/ubuntu noble-updates/main amd64 libubsan1 amd64 14.2.0-4ubuntu2~24.04.1 [1184 kB]
#12 14.08 Get:95 http://archive.ubuntu.com/ubuntu noble-updates/main amd64 libhwasan0 amd64 14.2.0-4ubuntu2~24.04.1 [1641 kB]
#12 14.10 Get:96 http://archive.ubuntu.com/ubuntu noble-updates/main amd64 libquadmath0 amd64 14.2.0-4ubuntu2~24.04.1 [153 kB]
#12 14.11 Get:97 http://archive.ubuntu.com/ubuntu noble-updates/main amd64 libgcc-13-dev amd64 13.3.0-6ubuntu2~24.04.1 [2681 kB]
#12 14.28 Get:98 http://archive.ubuntu.com/ubuntu noble-updates/main amd64 gcc-13-x86-64-linux-gnu amd64 13.3.0-6ubuntu2~24.04.1 [21.1 MB]
#12 15.51 Get:99 http://archive.ubuntu.com/ubuntu noble-updates/main amd64 gcc-13 amd64 13.3.0-6ubuntu2~24.04.1 [494 kB]
#12 15.54 Get:100 http://archive.ubuntu.com/ubuntu noble/main amd64 gcc-x86-64-linux-gnu amd64 4:13.2.0-7ubuntu1 [1212 B]
#12 15.54 Get:101 http://archive.ubuntu.com/ubuntu noble/main amd64 gcc amd64 4:13.2.0-7ubuntu1 [5018 B]
#12 15.64 Get:102 http://archive.ubuntu.com/ubuntu noble-updates/main amd64 libstdc++-13-dev amd64 13.3.0-6ubuntu2~24.04.1 [2420 kB]
#12 16.89 Get:103 http://archive.ubuntu.com/ubuntu noble-updates/main amd64 g++-13-x86-64-linux-gnu amd64 13.3.0-6ubuntu2~24.04.1 [12.2 MB]
#12 ...

#14 [ac-client-data-init client-data 1/3] RUN apt-get update &&     apt-get install -y curl unzip adduser &&     rm -rf /var/lib/apt/lists/*
#14 10.59 debconf: delaying package configuration, since apt-utils is not installed
#14 10.66 Fetched 2689 kB in 1s (3453 kB/s)
#14 10.76 Selecting previously unselected package adduser.
#14 10.76 (Reading database ... 
(Reading database ... 5%
(Reading database ... 10%
(Reading database ... 15%
(Reading database ... 20%
(Reading database ... 25%
(Reading database ... 30%
(Reading database ... 35%
(Reading database ... 40%
(Reading database ... 45%
(Reading database ... 50%
(Reading database ... 55%
(Reading database ... 60%
(Reading database ... 65%
(Reading database ... 70%
(Reading database ... 75%
(Reading database ... 80%
(Reading database ... 85%
(Reading database ... 90%
(Reading database ... 95%
(Reading database ... 100%
(Reading database ... 5366 files and directories currently installed.)
#14 10.76 Preparing to unpack .../adduser_3.137ubuntu1_all.deb ...
#14 10.79 Unpacking adduser (3.137ubuntu1) ...
#14 10.92 Setting up adduser (3.137ubuntu1) ...
#14 11.10 Selecting previously unselected package krb5-locales.
#14 11.10 (Reading database ... 
(Reading database ... 5%
(Reading database ... 10%
(Reading database ... 15%
(Reading database ... 20%
(Reading database ... 25%
(Reading database ... 30%
(Reading database ... 35%
(Reading database ... 40%
(Reading database ... 45%
(Reading database ... 50%
(Reading database ... 55%
(Reading database ... 60%
(Reading database ... 65%
(Reading database ... 70%
(Reading database ... 75%
(Reading database ... 80%
(Reading database ... 85%
(Reading database ... 90%
(Reading database ... 95%
(Reading database ... 100%
(Reading database ... 5414 files and directories currently installed.)
#14 11.11 Preparing to unpack .../00-krb5-locales_1.20.1-6ubuntu2.8_all.deb ...
#14 11.13 Unpacking krb5-locales (1.20.1-6ubuntu2.8) ...
#14 11.28 Selecting previously unselected package libkrb5support0:amd64.
#14 11.28 Preparing to unpack .../01-libkrb5support0_1.20.1-6ubuntu2.8_amd64.deb ...
#14 11.32 Unpacking libkrb5support0:amd64 (1.20.1-6ubuntu2.8) ...
#14 11.46 Selecting previously unselected package libk5crypto3:amd64.
#14 11.46 Preparing to unpack .../02-libk5crypto3_1.20.1-6ubuntu2.8_amd64.deb ...
#14 11.48 Unpacking libk5crypto3:amd64 (1.20.1-6ubuntu2.8) ...
#14 11.62 Selecting previously unselected package libkeyutils1:amd64.
#14 11.62 Preparing to unpack .../03-libkeyutils1_1.6.3-3build1_amd64.deb ...
#14 11.64 Unpacking libkeyutils1:amd64 (1.6.3-3build1) ...
#14 11.79 Selecting previously unselected package libkrb5-3:amd64.
#14 11.79 Preparing to unpack .../04-libkrb5-3_1.20.1-6ubuntu2.8_amd64.deb ...
#14 11.81 Unpacking libkrb5-3:amd64 (1.20.1-6ubuntu2.8) ...
#14 11.98 Selecting previously unselected package libgssapi-krb5-2:amd64.
#14 11.98 Preparing to unpack .../05-libgssapi-krb5-2_1.20.1-6ubuntu2.8_amd64.deb ...
#14 12.00 Unpacking libgssapi-krb5-2:amd64 (1.20.1-6ubuntu2.8) ...
#14 12.16 Selecting previously unselected package libnghttp2-14:amd64.
#14 12.16 Preparing to unpack .../06-libnghttp2-14_1.59.0-1ubuntu0.4_amd64.deb ...
#14 12.18 Unpacking libnghttp2-14:amd64 (1.59.0-1ubuntu0.4) ...
#14 12.32 Selecting previously unselected package libpsl5t64:amd64.
#14 12.32 Preparing to unpack .../07-libpsl5t64_0.21.2-1.1build1_amd64.deb ...
#14 12.35 Unpacking libpsl5t64:amd64 (0.21.2-1.1build1) ...
#14 12.45 Selecting previously unselected package publicsuffix.
#14 12.45 Preparing to unpack .../08-publicsuffix_20231001.0357-0.1_all.deb ...
#14 12.47 Unpacking publicsuffix (20231001.0357-0.1) ...
#14 12.63 Selecting previously unselected package libbrotli1:amd64.
#14 12.63 Preparing to unpack .../09-libbrotli1_1.1.0-2build2_amd64.deb ...
#14 12.66 Unpacking libbrotli1:amd64 (1.1.0-2build2) ...
#14 12.77 Selecting previously unselected package libsasl2-modules-db:amd64.
#14 12.78 Preparing to unpack .../10-libsasl2-modules-db_2.1.28+dfsg1-5ubuntu3.1_amd64.deb ...
#14 12.80 Unpacking libsasl2-modules-db:amd64 (2.1.28+dfsg1-5ubuntu3.1) ...
#14 12.94 Selecting previously unselected package libsasl2-2:amd64.
#14 12.94 Preparing to unpack .../11-libsasl2-2_2.1.28+dfsg1-5ubuntu3.1_amd64.deb ...
#14 12.96 Unpacking libsasl2-2:amd64 (2.1.28+dfsg1-5ubuntu3.1) ...
#14 13.09 Selecting previously unselected package libldap2:amd64.
#14 13.09 Preparing to unpack .../12-libldap2_2.6.10+dfsg-0ubuntu0.24.04.1_amd64.deb ...
#14 13.11 Unpacking libldap2:amd64 (2.6.10+dfsg-0ubuntu0.24.04.1) ...
#14 13.24 Selecting previously unselected package librtmp1:amd64.
#14 13.24 Preparing to unpack .../13-librtmp1_2.4+20151223.gitfa8646d.1-2build7_amd64.deb ...
#14 13.26 Unpacking librtmp1:amd64 (2.4+20151223.gitfa8646d.1-2build7) ...
#14 13.43 Selecting previously unselected package libssh-4:amd64.
#14 13.43 Preparing to unpack .../14-libssh-4_0.10.6-2ubuntu0.5_amd64.deb ...
#14 13.48 Unpacking libssh-4:amd64 (0.10.6-2ubuntu0.5) ...
#14 13.61 Selecting previously unselected package libcurl4t64:amd64.
#14 13.61 Preparing to unpack .../15-libcurl4t64_8.5.0-2ubuntu10.13_amd64.deb ...
#14 13.64 Unpacking libcurl4t64:amd64 (8.5.0-2ubuntu10.13) ...
#14 13.76 Selecting previously unselected package curl.
#14 13.76 Preparing to unpack .../16-curl_8.5.0-2ubuntu10.13_amd64.deb ...
#14 13.78 Unpacking curl (8.5.0-2ubuntu10.13) ...
#14 13.91 Selecting previously unselected package libldap-common.
#14 13.91 Preparing to unpack .../17-libldap-common_2.6.10+dfsg-0ubuntu0.24.04.1_all.deb ...
#14 13.93 Unpacking libldap-common (2.6.10+dfsg-0ubuntu0.24.04.1) ...
#14 14.08 Selecting previously unselected package libsasl2-modules:amd64.
#14 14.08 Preparing to unpack .../18-libsasl2-modules_2.1.28+dfsg1-5ubuntu3.1_amd64.deb ...
#14 14.12 Unpacking libsasl2-modules:amd64 (2.1.28+dfsg1-5ubuntu3.1) ...
#14 14.25 Selecting previously unselected package unzip.
#14 14.25 Preparing to unpack .../19-unzip_6.0-28ubuntu4.1_amd64.deb ...
#14 14.27 Unpacking unzip (6.0-28ubuntu4.1) ...
#14 14.40 Setting up libkeyutils1:amd64 (1.6.3-3build1) ...
#14 14.46 Setting up unzip (6.0-28ubuntu4.1) ...
#14 14.52 Setting up libbrotli1:amd64 (1.1.0-2build2) ...
#14 14.58 Setting up libsasl2-modules:amd64 (2.1.28+dfsg1-5ubuntu3.1) ...
#14 14.67 Setting up libpsl5t64:amd64 (0.21.2-1.1build1) ...
#14 14.73 Setting up libnghttp2-14:amd64 (1.59.0-1ubuntu0.4) ...
#14 14.79 Setting up krb5-locales (1.20.1-6ubuntu2.8) ...
#14 14.86 Setting up libldap-common (2.6.10+dfsg-0ubuntu0.24.04.1) ...
#14 14.94 Setting up libkrb5support0:amd64 (1.20.1-6ubuntu2.8) ...
#14 15.01 Setting up libsasl2-modules-db:amd64 (2.1.28+dfsg1-5ubuntu3.1) ...
#14 15.07 Setting up librtmp1:amd64 (2.4+20151223.gitfa8646d.1-2build7) ...
#14 15.13 Setting up libk5crypto3:amd64 (1.20.1-6ubuntu2.8) ...
#14 15.19 Setting up libsasl2-2:amd64 (2.1.28+dfsg1-5ubuntu3.1) ...
#14 15.25 Setting up libkrb5-3:amd64 (1.20.1-6ubuntu2.8) ...
#14 15.31 Setting up publicsuffix (20231001.0357-0.1) ...
#14 15.38 Setting up libldap2:amd64 (2.6.10+dfsg-0ubuntu0.24.04.1) ...
#14 15.44 Setting up libgssapi-krb5-2:amd64 (1.20.1-6ubuntu2.8) ...
#14 15.50 Setting up libssh-4:amd64 (0.10.6-2ubuntu0.5) ...
#14 15.63 Setting up libcurl4t64:amd64 (8.5.0-2ubuntu10.13) ...
#14 15.70 Setting up curl (8.5.0-2ubuntu10.13) ...
#14 15.80 Processing triggers for libc-bin (2.39-0ubuntu8.8) ...
#14 DONE 17.0s

#13 [ac-worldserver runtime 1/4] RUN apt-get update     && apt-get install -y --no-install-recommends       libmysqlclient21 libreadline8 libicu74 libncurses5-dev       gettext-base default-mysql-client       adduser     && rm -rf /var/lib/apt/lists/*
#13 10.08 Reading package lists...
#13 11.55 Building dependency tree...
#13 11.81 Reading state information...
#13 12.10 The following additional packages will be installed:
#13 12.10   libbsd0 libc-dev-bin libc6-dev libcrypt-dev libedit2 libncurses6
#13 12.10   libncursesw6 libtinfo6 linux-libc-dev mysql-client-8.0 mysql-client-core-8.0
#13 12.10   mysql-common ncurses-base ncurses-bin readline-common rpcsvc-proto
#13 12.11 Suggested packages:
#13 12.11   liblocale-gettext-perl perl cron quota ecryptfs-utils glibc-doc manpages-dev
#13 12.11   ncurses-doc readline-doc
#13 12.11 Recommended packages:
#13 12.11   manpages manpages-dev libc-devtools libgpm2
#13 12.20 The following NEW packages will be installed:
#13 12.20   adduser default-mysql-client gettext-base libbsd0 libc-dev-bin libc6-dev
#13 12.20   libcrypt-dev libedit2 libicu74 libmysqlclient21 libncurses-dev libncurses6
#13 12.20   libreadline8t64 linux-libc-dev mysql-client-8.0 mysql-client-core-8.0
#13 12.20   mysql-common readline-common rpcsvc-proto
#13 12.20 The following packages will be upgraded:
#13 12.20   libncursesw6 libtinfo6 ncurses-base ncurses-bin
#13 12.47 4 upgraded, 19 newly installed, 0 to remove and 22 not upgraded.
#13 12.47 Need to get 20.2 MB of archives.
#13 12.47 After this operation, 132 MB of additional disk space will be used.
#13 12.47 Get:1 http://archive.ubuntu.com/ubuntu noble-updates/main amd64 ncurses-bin amd64 6.4+20240113-1ubuntu2.2 [188 kB]
#13 12.79 Get:2 http://archive.ubuntu.com/ubuntu noble-updates/main amd64 ncurses-base all 6.4+20240113-1ubuntu2.2 [25.8 kB]
#13 12.80 Get:3 http://archive.ubuntu.com/ubuntu noble-updates/main amd64 libncursesw6 amd64 6.4+20240113-1ubuntu2.2 [148 kB]
#13 12.85 Get:4 http://archive.ubuntu.com/ubuntu noble-updates/main amd64 libtinfo6 amd64 6.4+20240113-1ubuntu2.2 [108 kB]
#13 12.89 Get:5 http://archive.ubuntu.com/ubuntu noble/main amd64 adduser all 3.137ubuntu1 [101 kB]
#13 13.05 Get:6 http://archive.ubuntu.com/ubuntu noble-updates/main amd64 libbsd0 amd64 0.12.1-1build1.1 [41.2 kB]
#13 13.05 Get:7 http://archive.ubuntu.com/ubuntu noble-updates/main amd64 libicu74 amd64 74.2-1ubuntu3.1 [10.9 MB]
#13 14.58 Get:8 http://archive.ubuntu.com/ubuntu noble/main amd64 readline-common all 8.2-4build1 [56.5 kB]
#13 14.58 Get:9 http://archive.ubuntu.com/ubuntu noble/main amd64 libreadline8t64 amd64 8.2-4build1 [153 kB]
#13 14.59 Get:10 http://archive.ubuntu.com/ubuntu noble/main amd64 gettext-base amd64 0.21-14ubuntu2 [38.4 kB]
#13 14.59 Get:11 http://archive.ubuntu.com/ubuntu noble/main amd64 libedit2 amd64 3.1-20230828-1build1 [97.6 kB]
#13 14.59 Get:12 http://archive.ubuntu.com/ubuntu noble-updates/main amd64 libncurses6 amd64 6.4+20240113-1ubuntu2.2 [112 kB]
#13 14.59 Get:13 http://archive.ubuntu.com/ubuntu noble-updates/main amd64 mysql-client-core-8.0 amd64 8.0.46-0ubuntu0.24.04.4 [2740 kB]
#13 14.83 Get:14 http://archive.ubuntu.com/ubuntu noble/main amd64 mysql-common all 5.8+1.1.0build1 [6746 B]
#13 14.83 Get:15 http://archive.ubuntu.com/ubuntu noble-updates/main amd64 mysql-client-8.0 amd64 8.0.46-0ubuntu0.24.04.4 [22.4 kB]
#13 14.83 Get:16 http://archive.ubuntu.com/ubuntu noble/universe amd64 default-mysql-client all 1.1.0build1 [2908 B]
#13 14.83 Get:17 http://archive.ubuntu.com/ubuntu noble-updates/main amd64 libc-dev-bin amd64 2.39-0ubuntu8.8 [20.4 kB]
#13 14.83 Get:18 http://archive.ubuntu.com/ubuntu noble-updates/main amd64 linux-libc-dev amd64 6.8.0-139.139 [1527 kB]
#13 14.99 Get:19 http://archive.ubuntu.com/ubuntu noble/main amd64 libcrypt-dev amd64 1:4.4.36-4build1 [112 kB]
#13 15.00 Get:20 http://archive.ubuntu.com/ubuntu noble/main amd64 rpcsvc-proto amd64 1.4.2-0ubuntu7 [67.4 kB]
#13 15.00 Get:21 http://archive.ubuntu.com/ubuntu noble-updates/main amd64 libc6-dev amd64 2.39-0ubuntu8.8 [2125 kB]
#13 15.25 Get:22 http://archive.ubuntu.com/ubuntu noble-updates/main amd64 libmysqlclient21 amd64 8.0.46-0ubuntu0.24.04.4 [1255 kB]
#13 15.35 Get:23 http://archive.ubuntu.com/ubuntu noble-updates/main amd64 libncurses-dev amd64 6.4+20240113-1ubuntu2.2 [384 kB]
#13 15.61 debconf: delaying package configuration, since apt-utils is not installed
#13 15.69 Fetched 20.2 MB in 3s (6434 kB/s)
#13 15.77 (Reading database ... 
(Reading database ... 5%
(Reading database ... 10%
(Reading database ... 15%
(Reading database ... 20%
(Reading database ... 25%
(Reading database ... 30%
(Reading database ... 35%
(Reading database ... 40%
(Reading database ... 45%
(Reading database ... 50%
(Reading database ... 55%
(Reading database ... 60%
(Reading database ... 65%
(Reading database ... 70%
(Reading database ... 75%
(Reading database ... 80%
(Reading database ... 85%
(Reading database ... 90%
(Reading database ... 95%
(Reading database ... 100%
(Reading database ... 5366 files and directories currently installed.)
#13 15.77 Preparing to unpack .../ncurses-bin_6.4+20240113-1ubuntu2.2_amd64.deb ...
#13 15.88 Unpacking ncurses-bin (6.4+20240113-1ubuntu2.2) over (6.4+20240113-1ubuntu2.1) ...
#13 17.20 Setting up ncurses-bin (6.4+20240113-1ubuntu2.2) ...
#13 17.38 (Reading database ... 
(Reading database ... 5%
(Reading database ... 10%
(Reading database ... 15%
(Reading database ... 20%
(Reading database ... 25%
(Reading database ... 30%
(Reading database ... 35%
(Reading database ... 40%
(Reading database ... 45%
(Reading database ... 50%
(Reading database ... 55%
(Reading database ... 60%
(Reading database ... 65%
(Reading database ... 70%
(Reading database ... 75%
(Reading database ... 80%
(Reading database ... 85%
(Reading database ... 90%
(Reading database ... 95%
(Reading database ... 100%
(Reading database ... 5366 files and directories currently installed.)
#13 17.39 Preparing to unpack .../ncurses-base_6.4+20240113-1ubuntu2.2_all.deb ...
#13 17.47 Unpacking ncurses-base (6.4+20240113-1ubuntu2.2) over (6.4+20240113-1ubuntu2.1) ...
#13 ...

#12 [ac-worldserver build 1/8] RUN apt-get update                                                         && apt-get install -y --no-install-recommends                                 build-essential ccache libtool cmake-data ninja-build cmake clang            git lsb-base curl unzip default-mysql-client openssl                          default-libmysqlclient-dev libboost-all-dev libssl-dev libmysql++-dev         libreadline-dev zlib1g-dev libbz2-dev libncurses5-dev liblzma-dev      && rm -rf /var/lib/apt/lists/*
#12 17.47 Get:104 http://archive.ubuntu.com/ubuntu noble-updates/main amd64 g++-13 amd64 13.3.0-6ubuntu2~24.04.1 [16.0 kB]
#12 17.47 Get:105 http://archive.ubuntu.com/ubuntu noble/main amd64 g++-x86-64-linux-gnu amd64 4:13.2.0-7ubuntu1 [964 B]
#12 17.47 Get:106 http://archive.ubuntu.com/ubuntu noble/main amd64 g++ amd64 4:13.2.0-7ubuntu1 [1100 B]
#12 17.47 Get:107 http://archive.ubuntu.com/ubuntu noble/main amd64 make amd64 4.3-4.1build2 [180 kB]
#12 17.48 Get:108 http://archive.ubuntu.com/ubuntu noble-updates/main amd64 libdpkg-perl all 1.22.6ubuntu6.6 [268 kB]
#12 17.48 Get:109 http://archive.ubuntu.com/ubuntu noble-updates/main amd64 bzip2 amd64 1.0.8-5.1ubuntu0.1 [34.6 kB]
#12 17.48 Get:110 http://archive.ubuntu.com/ubuntu noble/main amd64 patch amd64 2.7.6-7build3 [104 kB]
#12 17.48 Get:111 http://archive.ubuntu.com/ubuntu noble/main amd64 lto-disabled-list all 47 [12.4 kB]
#12 17.48 Get:112 http://archive.ubuntu.com/ubuntu noble-updates/main amd64 dpkg-dev all 1.22.6ubuntu6.6 [1074 kB]
#12 17.55 Get:113 http://archive.ubuntu.com/ubuntu noble/main amd64 build-essential amd64 12.10ubuntu1 [4928 B]
#12 17.56 Get:114 http://archive.ubuntu.com/ubuntu noble/universe amd64 libhiredis1.1.0 amd64 1.2.0-6ubuntu3 [41.4 kB]
#12 17.57 Get:115 http://archive.ubuntu.com/ubuntu noble/universe amd64 ccache amd64 4.9.1-1 [592 kB]
#12 17.60 Get:116 http://archive.ubuntu.com/ubuntu noble-updates/main amd64 libllvm18 amd64 1:18.1.3-1ubuntu1 [27.5 MB]
#12 ...

#15 [ac-client-data-init client-data 2/3] RUN userdel --remove ubuntu   && addgroup --gid "1000" "acore"   && adduser --disabled-password --gecos '' --uid "1000" --gid "1000" "acore"   && passwd -d "acore"   && chown -R "acore:acore" /azerothcore
#15 0.785 userdel: ubuntu mail spool (/var/mail/ubuntu) not found
#15 1.085 info: Adding group `acore' (GID 1000) ...
#15 1.259 info: Adding user `acore' ...
#15 1.262 info: Adding new user `acore' (1000) with group `acore (1000)' ...
#15 1.556 info: Creating home directory `/home/acore' ...
#15 1.568 info: Copying files from `/etc/skel' ...
#15 1.691 info: Adding new user `acore' to supplemental / extra groups `users' ...
#15 1.694 info: Adding user `acore' to group `users' ...
#15 1.871 passwd: password changed.
#15 DONE 2.0s

#12 [ac-worldserver build 1/8] RUN apt-get update                                                         && apt-get install -y --no-install-recommends                                 build-essential ccache libtool cmake-data ninja-build cmake clang            git lsb-base curl unzip default-mysql-client openssl                          default-libmysqlclient-dev libboost-all-dev libssl-dev libmysql++-dev         libreadline-dev zlib1g-dev libbz2-dev libncurses5-dev liblzma-dev      && rm -rf /var/lib/apt/lists/*
#12 19.19 Get:117 http://archive.ubuntu.com/ubuntu noble-updates/main amd64 libclang-cpp18 amd64 1:18.1.3-1ubuntu1 [13.5 MB]
#12 ...

#16 [ac-client-data-init client-data 3/3] COPY --chown=acore:acore apps apps
#16 DONE 0.5s

#13 [ac-worldserver runtime 1/4] RUN apt-get update     && apt-get install -y --no-install-recommends       libmysqlclient21 libreadline8 libicu74 libncurses5-dev       gettext-base default-mysql-client       adduser     && rm -rf /var/lib/apt/lists/*
#13 18.58 Setting up ncurses-base (6.4+20240113-1ubuntu2.2) ...
#13 18.85 (Reading database ... 
(Reading database ... 5%
(Reading database ... 10%
(Reading database ... 15%
(Reading database ... 20%
(Reading database ... 25%
(Reading database ... 30%
(Reading database ... 35%
(Reading database ... 40%
(Reading database ... 45%
(Reading database ... 50%
(Reading database ... 55%
(Reading database ... 60%
(Reading database ... 65%
(Reading database ... 70%
(Reading database ... 75%
(Reading database ... 80%
(Reading database ... 85%
(Reading database ... 90%
(Reading database ... 95%
(Reading database ... 100%
(Reading database ... 5366 files and directories currently installed.)
#13 18.85 Preparing to unpack .../libncursesw6_6.4+20240113-1ubuntu2.2_amd64.deb ...
#13 19.09 Unpacking libncursesw6:amd64 (6.4+20240113-1ubuntu2.2) over (6.4+20240113-1ubuntu2.1) ...
#13 19.48 Preparing to unpack .../libtinfo6_6.4+20240113-1ubuntu2.2_amd64.deb ...
#13 19.59 Unpacking libtinfo6:amd64 (6.4+20240113-1ubuntu2.2) over (6.4+20240113-1ubuntu2.1) ...
#13 19.92 Setting up libtinfo6:amd64 (6.4+20240113-1ubuntu2.2) ...
#13 20.28 Selecting previously unselected package adduser.
#13 20.28 (Reading database ... 
(Reading database ... 5%
(Reading database ... 10%
(Reading database ... 15%
(Reading database ... 20%
(Reading database ... 25%
(Reading database ... 30%
(Reading database ... 35%
(Reading database ... 40%
(Reading database ... 45%
(Reading database ... 50%
(Reading database ... 55%
(Reading database ... 60%
(Reading database ... 65%
(Reading database ... 70%
(Reading database ... 75%
(Reading database ... 80%
(Reading database ... 85%
(Reading database ... 90%
(Reading database ... 95%
(Reading database ... 100%
(Reading database ... 5366 files and directories currently installed.)
#13 20.31 Preparing to unpack .../adduser_3.137ubuntu1_all.deb ...
#13 20.34 Unpacking adduser (3.137ubuntu1) ...
#13 20.55 Setting up adduser (3.137ubuntu1) ...
#13 20.97 Selecting previously unselected package libbsd0:amd64.
#13 20.97 (Reading database ... 
(Reading database ... 5%
(Reading database ... 10%
(Reading database ... 15%
(Reading database ... 20%
(Reading database ... 25%
(Reading database ... 30%
(Reading database ... 35%
(Reading database ... 40%
(Reading database ... 45%
(Reading database ... 50%
(Reading database ... 55%
(Reading database ... 60%
(Reading database ... 65%
(Reading database ... 70%
(Reading database ... 75%
(Reading database ... 80%
(Reading database ... 85%
(Reading database ... 90%
(Reading database ... 95%
(Reading database ... 100%
(Reading database ... 5414 files and directories currently installed.)
#13 20.98 Preparing to unpack .../00-libbsd0_0.12.1-1build1.1_amd64.deb ...
#13 21.03 Unpacking libbsd0:amd64 (0.12.1-1build1.1) ...
#13 21.34 Selecting previously unselected package libicu74:amd64.
#13 21.34 Preparing to unpack .../01-libicu74_74.2-1ubuntu3.1_amd64.deb ...
#13 21.38 Unpacking libicu74:amd64 (74.2-1ubuntu3.1) ...
#13 22.03 Selecting previously unselected package readline-common.
#13 22.03 Preparing to unpack .../02-readline-common_8.2-4build1_all.deb ...
#13 22.06 Unpacking readline-common (8.2-4build1) ...
#13 22.26 Selecting previously unselected package libreadline8t64:amd64.
#13 22.26 Preparing to unpack .../03-libreadline8t64_8.2-4build1_amd64.deb ...
#13 22.29 Adding 'diversion of /lib/x86_64-linux-gnu/libhistory.so.8 to /lib/x86_64-linux-gnu/libhistory.so.8.usr-is-merged by libreadline8t64'
#13 22.34 Adding 'diversion of /lib/x86_64-linux-gnu/libhistory.so.8.2 to /lib/x86_64-linux-gnu/libhistory.so.8.2.usr-is-merged by libreadline8t64'
#13 22.36 Adding 'diversion of /lib/x86_64-linux-gnu/libreadline.so.8 to /lib/x86_64-linux-gnu/libreadline.so.8.usr-is-merged by libreadline8t64'
#13 22.38 Adding 'diversion of /lib/x86_64-linux-gnu/libreadline.so.8.2 to /lib/x86_64-linux-gnu/libreadline.so.8.2.usr-is-merged by libreadline8t64'
#13 22.39 Unpacking libreadline8t64:amd64 (8.2-4build1) ...
#13 22.52 Selecting previously unselected package gettext-base.
#13 22.52 Preparing to unpack .../04-gettext-base_0.21-14ubuntu2_amd64.deb ...
#13 22.56 Unpacking gettext-base (0.21-14ubuntu2) ...
#13 22.76 Selecting previously unselected package libedit2:amd64.
#13 22.76 Preparing to unpack .../05-libedit2_3.1-20230828-1build1_amd64.deb ...
#13 22.78 Unpacking libedit2:amd64 (3.1-20230828-1build1) ...
#13 22.93 Selecting previously unselected package libncurses6:amd64.
#13 22.93 Preparing to unpack .../06-libncurses6_6.4+20240113-1ubuntu2.2_amd64.deb ...
#13 22.97 Unpacking libncurses6:amd64 (6.4+20240113-1ubuntu2.2) ...
#13 ...

#17 [ac-client-data-init] exporting to image
#17 exporting layers 2.0s done
#17 exporting manifest sha256:632535f1cfba6cd1a84d592457ce5babc38424a37ec0603b9a46f582b973b0e7 0.1s done
#17 exporting config sha256:ae00e4393bc00539574c3a0230be26907975f2996e56308cbcea4cf29dd58c41 0.1s done
#17 exporting attestation manifest sha256:b4bc2d31125f7ed1a65dd394989fad0060798ec9b72afe8eba7367ecdf85335c 0.2s done
#17 exporting manifest list sha256:4b820c9b2bd1b7df15aa218afc2f4b3777d3cea6f1e02929c613de94425781a4 0.1s done
#17 naming to yulon.local/ac-wotlk-client-data:native-846544ff 0.0s done
#17 unpacking to yulon.local/ac-wotlk-client-data:native-846544ff 1.2s done
#17 DONE 3.7s

#13 [ac-worldserver runtime 1/4] RUN apt-get update     && apt-get install -y --no-install-recommends       libmysqlclient21 libreadline8 libicu74 libncurses5-dev       gettext-base default-mysql-client       adduser     && rm -rf /var/lib/apt/lists/*
#13 23.13 Selecting previously unselected package mysql-client-core-8.0.
#13 23.13 Preparing to unpack .../07-mysql-client-core-8.0_8.0.46-0ubuntu0.24.04.4_amd64.deb ...
#13 23.16 Unpacking mysql-client-core-8.0 (8.0.46-0ubuntu0.24.04.4) ...
#13 ...

#12 [ac-worldserver build 1/8] RUN apt-get update                                                         && apt-get install -y --no-install-recommends                                 build-essential ccache libtool cmake-data ninja-build cmake clang            git lsb-base curl unzip default-mysql-client openssl                          default-libmysqlclient-dev libboost-all-dev libssl-dev libmysql++-dev         libreadline-dev zlib1g-dev libbz2-dev libncurses5-dev liblzma-dev      && rm -rf /var/lib/apt/lists/*
#12 19.75 Get:118 http://archive.ubuntu.com/ubuntu noble/main amd64 libgc1 amd64 1:8.2.6-1build1 [90.3 kB]
#12 19.75 Get:119 http://archive.ubuntu.com/ubuntu noble-updates/universe amd64 libobjc4 amd64 14.2.0-4ubuntu2~24.04.1 [47.1 kB]
#12 19.75 Get:120 http://archive.ubuntu.com/ubuntu noble-updates/universe amd64 libobjc-13-dev amd64 13.3.0-6ubuntu2~24.04.1 [194 kB]
#12 19.76 Get:121 http://archive.ubuntu.com/ubuntu noble-updates/universe amd64 libclang-common-18-dev amd64 1:18.1.3-1ubuntu1 [736 kB]
#12 19.92 Get:122 http://archive.ubuntu.com/ubuntu noble-updates/universe amd64 llvm-18-linker-tools amd64 1:18.1.3-1ubuntu1 [1314 kB]
#12 19.94 Get:123 http://archive.ubuntu.com/ubuntu noble-updates/main amd64 libclang1-18 amd64 1:18.1.3-1ubuntu1 [7803 kB]
#12 20.22 Get:124 http://archive.ubuntu.com/ubuntu noble-updates/universe amd64 clang-18 amd64 1:18.1.3-1ubuntu1 [80.0 kB]
#12 20.23 Get:125 http://archive.ubuntu.com/ubuntu noble/universe amd64 clang amd64 1:18.0-59~exp2 [5846 B]
#12 20.23 Get:126 http://archive.ubuntu.com/ubuntu noble-updates/main amd64 libarchive13t64 amd64 3.7.2-2ubuntu0.8 [383 kB]
#12 20.25 Get:127 http://archive.ubuntu.com/ubuntu noble/main amd64 libbrotli1 amd64 1.1.0-2build2 [331 kB]
#12 20.27 Get:128 http://archive.ubuntu.com/ubuntu noble-updates/main amd64 libsasl2-modules-db amd64 2.1.28+dfsg1-5ubuntu3.1 [20.4 kB]
#12 20.27 Get:129 http://archive.ubuntu.com/ubuntu noble-updates/main amd64 libsasl2-2 amd64 2.1.28+dfsg1-5ubuntu3.1 [53.2 kB]
#12 20.27 Get:130 http://archive.ubuntu.com/ubuntu noble-updates/main amd64 libldap2 amd64 2.6.10+dfsg-0ubuntu0.24.04.1 [198 kB]
#12 20.28 Get:131 http://archive.ubuntu.com/ubuntu noble/main amd64 librtmp1 amd64 2.4+20151223.gitfa8646d.1-2build7 [56.3 kB]
#12 20.28 Get:132 http://archive.ubuntu.com/ubuntu noble-updates/main amd64 libssh-4 amd64 0.10.6-2ubuntu0.5 [191 kB]
#12 20.30 Get:133 http://archive.ubuntu.com/ubuntu noble-updates/main amd64 libcurl4t64 amd64 8.5.0-2ubuntu10.13 [343 kB]
#12 20.35 Get:134 http://archive.ubuntu.com/ubuntu noble/main amd64 libjsoncpp25 amd64 1.9.5-6build1 [82.8 kB]
#12 20.36 Get:135 http://archive.ubuntu.com/ubuntu noble/main amd64 librhash0 amd64 1.4.3-3build1 [129 kB]
#12 20.36 Get:136 http://archive.ubuntu.com/ubuntu noble/main amd64 cmake-data all 3.28.3-1build7 [2155 kB]
#12 20.59 Get:137 http://archive.ubuntu.com/ubuntu noble/main amd64 cmake amd64 3.28.3-1build7 [11.2 MB]
#12 21.10 Get:138 http://archive.ubuntu.com/ubuntu noble-updates/main amd64 curl amd64 8.5.0-2ubuntu10.13 [226 kB]
#12 21.11 Get:139 http://archive.ubuntu.com/ubuntu noble/main amd64 mysql-common all 5.8+1.1.0build1 [6746 B]
#12 21.11 Get:140 http://archive.ubuntu.com/ubuntu noble-updates/main amd64 libmysqlclient21 amd64 8.0.46-0ubuntu0.24.04.4 [1255 kB]
#12 21.17 Get:141 http://archive.ubuntu.com/ubuntu noble-updates/main amd64 libssl-dev amd64 3.0.13-0ubuntu3.15 [2408 kB]
#12 21.29 Get:142 http://archive.ubuntu.com/ubuntu noble-updates/main amd64 libzstd-dev amd64 1.5.5+dfsg2-2build1.1 [364 kB]
#12 21.31 Get:143 http://archive.ubuntu.com/ubuntu noble-updates/main amd64 zlib1g-dev amd64 1:1.3.dfsg-3.1ubuntu2.2 [894 kB]
#12 21.34 Get:144 http://archive.ubuntu.com/ubuntu noble-updates/main amd64 libmysqlclient-dev amd64 8.0.46-0ubuntu0.24.04.4 [1591 kB]
#12 21.41 Get:145 http://archive.ubuntu.com/ubuntu noble/main amd64 default-libmysqlclient-dev amd64 1.1.0build1 [3132 B]
#12 21.41 Get:146 http://archive.ubuntu.com/ubuntu noble-updates/main amd64 mysql-client-core-8.0 amd64 8.0.46-0ubuntu0.24.04.4 [2740 kB]
#12 21.59 Get:147 http://archive.ubuntu.com/ubuntu noble-updates/main amd64 mysql-client-8.0 amd64 8.0.46-0ubuntu0.24.04.4 [22.4 kB]
#12 21.59 Get:148 http://archive.ubuntu.com/ubuntu noble/universe amd64 default-mysql-client all 1.1.0build1 [2908 B]
#12 21.59 Get:149 http://archive.ubuntu.com/ubuntu noble-updates/main amd64 libgfortran5 amd64 14.2.0-4ubuntu2~24.04.1 [916 kB]
#12 21.61 Get:150 http://archive.ubuntu.com/ubuntu noble-updates/main amd64 libgfortran-13-dev amd64 13.3.0-6ubuntu2~24.04.1 [928 kB]
#12 21.62 Get:151 http://archive.ubuntu.com/ubuntu noble-updates/main amd64 gfortran-13-x86-64-linux-gnu amd64 13.3.0-6ubuntu2~24.04.1 [11.4 MB]
#12 22.29 Get:152 http://archive.ubuntu.com/ubuntu noble-updates/main amd64 gfortran-13 amd64 13.3.0-6ubuntu2~24.04.1 [13.9 kB]
#12 22.29 Get:153 http://archive.ubuntu.com/ubuntu noble-updates/main amd64 libcurl3t64-gnutls amd64 8.5.0-2ubuntu10.13 [335 kB]
#12 22.30 Get:154 http://archive.ubuntu.com/ubuntu noble/main amd64 liberror-perl all 0.17029-2 [25.6 kB]
#12 22.30 Get:155 http://archive.ubuntu.com/ubuntu noble-updates/main amd64 git-man all 1:2.43.0-1ubuntu7.3 [1100 kB]
#12 22.32 Get:156 http://archive.ubuntu.com/ubuntu noble-updates/main amd64 git amd64 1:2.43.0-1ubuntu7.3 [3680 kB]
#12 22.59 Get:157 http://archive.ubuntu.com/ubuntu noble-updates/main amd64 icu-devtools amd64 74.2-1ubuntu3.1 [212 kB]
#12 22.59 Get:158 http://archive.ubuntu.com/ubuntu noble/main amd64 libllvm17t64 amd64 1:17.0.6-9ubuntu1 [26.2 MB]
#12 ...

#18 [ac-client-data-init] resolving provenance for metadata file
#18 DONE 0.0s

#13 [ac-worldserver runtime 1/4] RUN apt-get update     && apt-get install -y --no-install-recommends       libmysqlclient21 libreadline8 libicu74 libncurses5-dev       gettext-base default-mysql-client       adduser     && rm -rf /var/lib/apt/lists/*
#13 23.71 Selecting previously unselected package mysql-common.
#13 23.71 Preparing to unpack .../08-mysql-common_5.8+1.1.0build1_all.deb ...
#13 23.75 Unpacking mysql-common (5.8+1.1.0build1) ...
#13 23.85 Selecting previously unselected package mysql-client-8.0.
#13 23.85 Preparing to unpack .../09-mysql-client-8.0_8.0.46-0ubuntu0.24.04.4_amd64.deb ...
#13 23.87 Unpacking mysql-client-8.0 (8.0.46-0ubuntu0.24.04.4) ...
#13 23.97 Selecting previously unselected package default-mysql-client.
#13 23.97 Preparing to unpack .../10-default-mysql-client_1.1.0build1_all.deb ...
#13 23.99 Unpacking default-mysql-client (1.1.0build1) ...
#13 24.09 Selecting previously unselected package libc-dev-bin.
#13 24.09 Preparing to unpack .../11-libc-dev-bin_2.39-0ubuntu8.8_amd64.deb ...
#13 24.11 Unpacking libc-dev-bin (2.39-0ubuntu8.8) ...
#13 24.22 Selecting previously unselected package linux-libc-dev:amd64.
#13 24.22 Preparing to unpack .../12-linux-libc-dev_6.8.0-139.139_amd64.deb ...
#13 24.24 Unpacking linux-libc-dev:amd64 (6.8.0-139.139) ...
#13 24.65 Selecting previously unselected package libcrypt-dev:amd64.
#13 24.65 Preparing to unpack .../13-libcrypt-dev_1%3a4.4.36-4build1_amd64.deb ...
#13 24.68 Unpacking libcrypt-dev:amd64 (1:4.4.36-4build1) ...
#13 24.78 Selecting previously unselected package rpcsvc-proto.
#13 24.78 Preparing to unpack .../14-rpcsvc-proto_1.4.2-0ubuntu7_amd64.deb ...
#13 24.80 Unpacking rpcsvc-proto (1.4.2-0ubuntu7) ...
#13 24.90 Selecting previously unselected package libc6-dev:amd64.
#13 24.90 Preparing to unpack .../15-libc6-dev_2.39-0ubuntu8.8_amd64.deb ...
#13 24.92 Unpacking libc6-dev:amd64 (2.39-0ubuntu8.8) ...
#13 25.35 Selecting previously unselected package libmysqlclient21:amd64.
#13 25.35 Preparing to unpack .../16-libmysqlclient21_8.0.46-0ubuntu0.24.04.4_amd64.deb ...
#13 25.37 Unpacking libmysqlclient21:amd64 (8.0.46-0ubuntu0.24.04.4) ...
#13 25.54 Selecting previously unselected package libncurses-dev:amd64.
#13 25.54 Preparing to unpack .../17-libncurses-dev_6.4+20240113-1ubuntu2.2_amd64.deb ...
#13 25.56 Unpacking libncurses-dev:amd64 (6.4+20240113-1ubuntu2.2) ...
#13 25.71 Setting up mysql-common (5.8+1.1.0build1) ...
#13 25.83 update-alternatives: using /etc/mysql/my.cnf.fallback to provide /etc/mysql/my.cnf (my.cnf) in auto mode
#13 25.94 Setting up libmysqlclient21:amd64 (8.0.46-0ubuntu0.24.04.4) ...
#13 26.04 Setting up linux-libc-dev:amd64 (6.8.0-139.139) ...
#13 26.10 Setting up gettext-base (0.21-14ubuntu2) ...
#13 26.15 Setting up rpcsvc-proto (1.4.2-0ubuntu7) ...
#13 26.21 Setting up libncurses6:amd64 (6.4+20240113-1ubuntu2.2) ...
#13 26.27 Setting up libncursesw6:amd64 (6.4+20240113-1ubuntu2.2) ...
#13 26.33 Setting up libicu74:amd64 (74.2-1ubuntu3.1) ...
#13 26.38 Setting up libcrypt-dev:amd64 (1:4.4.36-4build1) ...
#13 26.44 Setting up libc-dev-bin (2.39-0ubuntu8.8) ...
#13 26.50 Setting up libbsd0:amd64 (0.12.1-1build1.1) ...
#13 26.56 Setting up readline-common (8.2-4build1) ...
#13 26.62 Setting up libedit2:amd64 (3.1-20230828-1build1) ...
#13 28.88 Setting up libreadline8t64:amd64 (8.2-4build1) ...
#13 ...

#12 [ac-worldserver build 1/8] RUN apt-get update                                                         && apt-get install -y --no-install-recommends                                 build-essential ccache libtool cmake-data ninja-build cmake clang            git lsb-base curl unzip default-mysql-client openssl                          default-libmysqlclient-dev libboost-all-dev libssl-dev libmysql++-dev         libreadline-dev zlib1g-dev libbz2-dev libncurses5-dev liblzma-dev      && rm -rf /var/lib/apt/lists/*
#12 33.30 Get:159 http://archive.ubuntu.com/ubuntu noble/universe amd64 libamd-comgr2 amd64 6.0+git20231212.4510c28+dfsg-3build2 [14.4 MB]
#12 34.74 Get:160 http://archive.ubuntu.com/ubuntu noble-updates/main amd64 libdrm-amdgpu1 amd64 2.4.125-1ubuntu0.1~24.04.2 [21.4 kB]
#12 34.85 Get:161 http://archive.ubuntu.com/ubuntu noble/universe amd64 libhsakmt1 amd64 5.7.0-1build1 [62.9 kB]
#12 35.03 Get:162 http://archive.ubuntu.com/ubuntu noble/universe amd64 libhsa-runtime64-1 amd64 5.7.1-2build1 [491 kB]
#12 35.26 Get:163 http://archive.ubuntu.com/ubuntu noble/universe amd64 libamdhip64-5 amd64 5.7.1-3 [9621 kB]
#12 ...

#13 [ac-db-import runtime 1/4] RUN apt-get update     && apt-get install -y --no-install-recommends       libmysqlclient21 libreadline8 libicu74 libncurses5-dev       gettext-base default-mysql-client       adduser     && rm -rf /var/lib/apt/lists/*
#13 34.35 Setting up libc6-dev:amd64 (2.39-0ubuntu8.8) ...
#13 34.45 Setting up mysql-client-core-8.0 (8.0.46-0ubuntu0.24.04.4) ...
#13 34.50 Setting up libncurses-dev:amd64 (6.4+20240113-1ubuntu2.2) ...
#13 34.56 Setting up mysql-client-8.0 (8.0.46-0ubuntu0.24.04.4) ...
#13 34.62 Setting up default-mysql-client (1.1.0build1) ...
#13 34.67 Processing triggers for libc-bin (2.39-0ubuntu8.8) ...
#13 DONE 35.3s

#12 [ac-worldserver build 1/8] RUN apt-get update                                                         && apt-get install -y --no-install-recommends                                 build-essential ccache libtool cmake-data ninja-build cmake clang            git lsb-base curl unzip default-mysql-client openssl                          default-libmysqlclient-dev libboost-all-dev libssl-dev libmysql++-dev         libreadline-dev zlib1g-dev libbz2-dev libncurses5-dev liblzma-dev      && rm -rf /var/lib/apt/lists/*
#12 35.89 Get:164 http://archive.ubuntu.com/ubuntu noble-updates/main amd64 libboost1.83-dev amd64 1.83.0-2.1ubuntu3.2 [10.7 MB]
#12 36.52 Get:165 http://archive.ubuntu.com/ubuntu noble/main amd64 libboost-dev amd64 1.83.0.1ubuntu2 [4308 B]
#12 36.57 Get:166 http://archive.ubuntu.com/ubuntu noble-updates/main amd64 libboost1.83-tools-dev amd64 1.83.0-2.1ubuntu3.2 [1402 kB]
#12 36.69 Get:167 http://archive.ubuntu.com/ubuntu noble/universe amd64 libboost-tools-dev amd64 1.83.0.1ubuntu2 [4238 B]
#12 36.74 Get:168 http://archive.ubuntu.com/ubuntu noble-updates/main amd64 libboost-atomic1.83.0 amd64 1.83.0-2.1ubuntu3.2 [240 kB]
#12 36.81 Get:169 http://archive.ubuntu.com/ubuntu noble-updates/main amd64 libboost-atomic1.83-dev amd64 1.83.0-2.1ubuntu3.2 [235 kB]
#12 36.87 Get:170 http://archive.ubuntu.com/ubuntu noble/universe amd64 libboost-atomic-dev amd64 1.83.0.1ubuntu2 [4360 B]
#12 36.92 Get:171 http://archive.ubuntu.com/ubuntu noble-updates/main amd64 libboost-chrono1.83.0t64 amd64 1.83.0-2.1ubuntu3.2 [245 kB]
#12 36.99 Get:172 http://archive.ubuntu.com/ubuntu noble-updates/main amd64 libboost-chrono1.83-dev amd64 1.83.0-2.1ubuntu3.2 [246 kB]
#12 37.05 Get:173 http://archive.ubuntu.com/ubuntu noble/universe amd64 libboost-chrono-dev amd64 1.83.0.1ubuntu2 [4672 B]
#12 37.10 Get:174 http://archive.ubuntu.com/ubuntu noble-updates/universe amd64 libboost-container1.83.0 amd64 1.83.0-2.1ubuntu3.2 [261 kB]
#12 37.16 Get:175 http://archive.ubuntu.com/ubuntu noble-updates/universe amd64 libboost-container1.83-dev amd64 1.83.0-2.1ubuntu3.2 [267 kB]
#12 37.23 Get:176 http://archive.ubuntu.com/ubuntu noble/universe amd64 libboost-container-dev amd64 1.83.0.1ubuntu2 [4530 B]
#12 37.28 Get:177 http://archive.ubuntu.com/ubuntu noble-updates/main amd64 libboost-date-time1.83.0 amd64 1.83.0-2.1ubuntu3.2 [236 kB]
#12 37.34 Get:178 http://archive.ubuntu.com/ubuntu noble-updates/main amd64 libboost-serialization1.83.0 amd64 1.83.0-2.1ubuntu3.2 [341 kB]
#12 37.40 Get:179 http://archive.ubuntu.com/ubuntu noble-updates/main amd64 libboost-serialization1.83-dev amd64 1.83.0-2.1ubuntu3.2 [387 kB]
#12 37.47 Get:180 http://archive.ubuntu.com/ubuntu noble-updates/main amd64 libboost-date-time1.83-dev amd64 1.83.0-2.1ubuntu3.2 [239 kB]
#12 37.54 Get:181 http://archive.ubuntu.com/ubuntu noble-updates/main amd64 libboost-system1.83.0 amd64 1.83.0-2.1ubuntu3.2 [236 kB]
#12 37.60 Get:182 http://archive.ubuntu.com/ubuntu noble-updates/main amd64 libboost-system1.83-dev amd64 1.83.0-2.1ubuntu3.2 [231 kB]
#12 37.66 Get:183 http://archive.ubuntu.com/ubuntu noble-updates/main amd64 libboost-thread1.83.0 amd64 1.83.0-2.1ubuntu3.2 [276 kB]
#12 37.73 Get:184 http://archive.ubuntu.com/ubuntu noble-updates/main amd64 libboost-thread1.83-dev amd64 1.83.0-2.1ubuntu3.2 [282 kB]
#12 37.88 Get:185 http://archive.ubuntu.com/ubuntu noble-updates/main amd64 libboost-context1.83.0 amd64 1.83.0-2.1ubuntu3.2 [237 kB]
#12 37.94 Get:186 http://archive.ubuntu.com/ubuntu noble-updates/universe amd64 libboost-context1.83-dev amd64 1.83.0-2.1ubuntu3.2 [232 kB]
#12 38.01 Get:187 http://archive.ubuntu.com/ubuntu noble/universe amd64 libboost-context-dev amd64 1.83.0.1ubuntu2 [4276 B]
#12 38.06 Get:188 http://archive.ubuntu.com/ubuntu noble-updates/universe amd64 libboost-coroutine1.83.0 amd64 1.83.0-2.1ubuntu3.2 [234 kB]
#12 38.12 Get:189 http://archive.ubuntu.com/ubuntu noble-updates/universe amd64 libboost-coroutine1.83-dev amd64 1.83.0-2.1ubuntu3.2 [237 kB]
#12 38.18 Get:190 http://archive.ubuntu.com/ubuntu noble/universe amd64 libboost-coroutine-dev amd64 1.83.0.1ubuntu2 [4344 B]
#12 38.23 Get:191 http://archive.ubuntu.com/ubuntu noble/universe amd64 libboost-date-time-dev amd64 1.83.0.1ubuntu2 [4058 B]
#12 38.28 Get:192 http://archive.ubuntu.com/ubuntu noble-updates/universe amd64 libboost-exception1.83-dev amd64 1.83.0-2.1ubuntu3.2 [229 kB]
#12 38.34 Get:193 http://archive.ubuntu.com/ubuntu noble/universe amd64 libboost-exception-dev amd64 1.83.0.1ubuntu2 [4058 B]
#12 38.39 Get:194 http://archive.ubuntu.com/ubuntu noble-updates/main amd64 libboost-filesystem1.83.0 amd64 1.83.0-2.1ubuntu3.2 [284 kB]
#12 38.46 Get:195 http://archive.ubuntu.com/ubuntu noble-updates/universe amd64 libboost-filesystem1.83-dev amd64 1.83.0-2.1ubuntu3.2 [301 kB]
#12 38.53 Get:196 http://archive.ubuntu.com/ubuntu noble-updates/universe amd64 libboost-fiber1.83.0 amd64 1.83.0-2.1ubuntu3.2 [255 kB]
#12 38.59 Get:197 http://archive.ubuntu.com/ubuntu noble-updates/universe amd64 libboost-fiber1.83-dev amd64 1.83.0-2.1ubuntu3.2 [268 kB]
#12 38.65 Get:198 http://archive.ubuntu.com/ubuntu noble/universe amd64 libboost-fiber-dev amd64 1.83.0.1ubuntu2 [4486 B]
#12 38.70 Get:199 http://archive.ubuntu.com/ubuntu noble/universe amd64 libboost-filesystem-dev amd64 1.83.0.1ubuntu2 [4096 B]
#12 38.75 Get:200 http://archive.ubuntu.com/ubuntu noble-updates/universe amd64 libboost-graph1.83.0 amd64 1.83.0-2.1ubuntu3.2 [361 kB]
#12 38.82 Get:201 http://archive.ubuntu.com/ubuntu noble-updates/main amd64 libboost-regex1.83.0 amd64 1.83.0-2.1ubuntu3.2 [340 kB]
#12 38.89 Get:202 http://archive.ubuntu.com/ubuntu noble-updates/main amd64 libicu-dev amd64 74.2-1ubuntu3.1 [11.9 MB]
#12 39.56 Get:203 http://archive.ubuntu.com/ubuntu noble-updates/main amd64 libboost-regex1.83-dev amd64 1.83.0-2.1ubuntu3.2 [355 kB]
#12 39.63 Get:204 http://archive.ubuntu.com/ubuntu noble-updates/universe amd64 libboost-test1.83.0 amd64 1.83.0-2.1ubuntu3.2 [454 kB]
#12 39.70 Get:205 http://archive.ubuntu.com/ubuntu noble-updates/universe amd64 libboost-test1.83-dev amd64 1.83.0-2.1ubuntu3.2 [566 kB]
#12 39.78 Get:206 http://archive.ubuntu.com/ubuntu noble-updates/universe amd64 libboost-graph1.83-dev amd64 1.83.0-2.1ubuntu3.2 [399 kB]
#12 39.85 Get:207 http://archive.ubuntu.com/ubuntu noble/universe amd64 libboost-graph-dev amd64 1.83.0.1ubuntu2 [4160 B]
#12 39.90 Get:208 http://archive.ubuntu.com/ubuntu noble-updates/main amd64 libevent-core-2.1-7t64 amd64 2.1.12-stable-9ubuntu2.1 [91.8 kB]
#12 40.05 Get:209 http://archive.ubuntu.com/ubuntu noble-updates/main amd64 libevent-pthreads-2.1-7t64 amd64 2.1.12-stable-9ubuntu2.1 [7984 B]
#12 40.10 Get:210 http://archive.ubuntu.com/ubuntu noble/universe amd64 libpsm-infinipath1 amd64 3.3+20.604758e7-6.3build1 [178 kB]
#12 40.16 Get:211 http://archive.ubuntu.com/ubuntu noble/universe amd64 libpsm2-2 amd64 11.2.185-2build1 [194 kB]
#12 40.22 Get:212 http://archive.ubuntu.com/ubuntu noble-updates/main amd64 librdmacm1t64 amd64 50.0-2ubuntu0.2 [70.7 kB]
#12 40.27 Get:213 http://archive.ubuntu.com/ubuntu noble/universe amd64 libfabric1 amd64 1.17.0-3build2 [657 kB]
#12 40.35 Get:214 http://archive.ubuntu.com/ubuntu noble/universe amd64 libhwloc15 amd64 2.10.0-1build1 [172 kB]
#12 40.41 Get:215 http://archive.ubuntu.com/ubuntu noble-updates/universe amd64 libmunge2 amd64 0.5.15-4ubuntu0.1 [14.8 kB]
#12 40.46 Get:216 http://archive.ubuntu.com/ubuntu noble-updates/main amd64 libpciaccess0 amd64 0.17-3ubuntu0.24.04.2 [18.9 kB]
#12 40.51 Get:217 http://archive.ubuntu.com/ubuntu noble-updates/main amd64 libxnvctrl0 amd64 510.47.03-0ubuntu4.24.04.1 [12.7 kB]
#12 40.56 Get:218 http://archive.ubuntu.com/ubuntu noble/universe amd64 ocl-icd-libopencl1 amd64 2.3.2-1build1 [38.5 kB]
#12 40.62 Get:219 http://archive.ubuntu.com/ubuntu noble/universe amd64 libhwloc-plugins amd64 2.10.0-1build1 [15.7 kB]
#12 40.67 Get:220 http://archive.ubuntu.com/ubuntu noble/universe amd64 libpmix2t64 amd64 5.0.1-4.1build1 [697 kB]
#12 40.75 Get:221 http://archive.ubuntu.com/ubuntu noble/universe amd64 libucx0 amd64 1.16.0+ds-5ubuntu1 [1140 kB]
#12 40.85 Get:222 http://archive.ubuntu.com/ubuntu noble/universe amd64 libopenmpi3t64 amd64 4.1.6-7ubuntu2 [2563 kB]
#12 41.06 Get:223 http://archive.ubuntu.com/ubuntu noble-updates/universe amd64 libboost-mpi1.83.0 amd64 1.83.0-2.1ubuntu3.2 [271 kB]
#12 41.12 Get:224 http://archive.ubuntu.com/ubuntu noble-updates/universe amd64 libboost-graph-parallel1.83.0 amd64 1.83.0-2.1ubuntu3.2 [278 kB]
#12 41.20 Get:225 http://archive.ubuntu.com/ubuntu noble-updates/universe amd64 libboost-graph-parallel1.83-dev amd64 1.83.0-2.1ubuntu3.2 [288 kB]
#12 41.26 Get:226 http://archive.ubuntu.com/ubuntu noble/universe amd64 libboost-graph-parallel-dev amd64 1.83.0.1ubuntu2 [4192 B]
#12 41.31 Get:227 http://archive.ubuntu.com/ubuntu noble-updates/main amd64 libboost-iostreams1.83.0 amd64 1.83.0-2.1ubuntu3.2 [260 kB]
#12 41.38 Get:228 http://archive.ubuntu.com/ubuntu noble-updates/universe amd64 libboost-iostreams1.83-dev amd64 1.83.0-2.1ubuntu3.2 [264 kB]
#12 41.45 Get:229 http://archive.ubuntu.com/ubuntu noble/universe amd64 libboost-iostreams-dev amd64 1.83.0.1ubuntu2 [4046 B]
#12 41.50 Get:230 http://archive.ubuntu.com/ubuntu noble-updates/universe amd64 libboost-json1.83.0 amd64 1.83.0-2.1ubuntu3.2 [365 kB]
#12 41.57 Get:231 http://archive.ubuntu.com/ubuntu noble-updates/universe amd64 libboost-json1.83-dev amd64 1.83.0-2.1ubuntu3.2 [380 kB]
#12 41.64 Get:232 http://archive.ubuntu.com/ubuntu noble/universe amd64 libboost-json-dev amd64 1.83.0.1ubuntu2 [4172 B]
#12 41.69 Get:233 http://archive.ubuntu.com/ubuntu noble-updates/main amd64 libboost-locale1.83.0 amd64 1.83.0-2.1ubuntu3.2 [413 kB]
#12 41.86 Get:234 http://archive.ubuntu.com/ubuntu noble-updates/universe amd64 libboost-locale1.83-dev amd64 1.83.0-2.1ubuntu3.2 [582 kB]
#12 41.94 Get:235 http://archive.ubuntu.com/ubuntu noble/universe amd64 libboost-locale-dev amd64 1.83.0.1ubuntu2 [4378 B]
#12 42.00 Get:236 http://archive.ubuntu.com/ubuntu noble-updates/universe amd64 libboost-log1.83.0 amd64 1.83.0-2.1ubuntu3.2 [679 kB]
#12 42.09 Get:237 http://archive.ubuntu.com/ubuntu noble-updates/universe amd64 libboost-log1.83-dev amd64 1.83.0-2.1ubuntu3.2 [937 kB]
#12 42.20 Get:238 http://archive.ubuntu.com/ubuntu noble/universe amd64 libboost-log-dev amd64 1.83.0.1ubuntu2 [4260 B]
#12 42.25 Get:239 http://archive.ubuntu.com/ubuntu noble-updates/universe amd64 libboost-math1.83.0 amd64 1.83.0-2.1ubuntu3.2 [440 kB]
#12 42.33 Get:240 http://archive.ubuntu.com/ubuntu noble-updates/universe amd64 libboost-math1.83-dev amd64 1.83.0-2.1ubuntu3.2 [586 kB]
#12 42.41 Get:241 http://archive.ubuntu.com/ubuntu noble/universe amd64 libboost-math-dev amd64 1.83.0.1ubuntu2 [4264 B]
#12 42.46 Get:242 http://archive.ubuntu.com/ubuntu noble/universe amd64 openmpi-common all 4.1.6-7ubuntu2 [170 kB]
#12 42.52 Get:243 http://archive.ubuntu.com/ubuntu noble-updates/main amd64 libnl-3-dev amd64 3.7.0-0.3build1.1 [99.5 kB]
#12 42.58 Get:244 http://archive.ubuntu.com/ubuntu noble-updates/main amd64 libnl-route-3-dev amd64 3.7.0-0.3build1.1 [216 kB]
#12 42.64 Get:245 http://archive.ubuntu.com/ubuntu noble-updates/main amd64 libibverbs-dev amd64 50.0-2ubuntu0.2 [686 kB]
#12 42.73 Get:246 http://archive.ubuntu.com/ubuntu noble-updates/main amd64 libnuma-dev amd64 2.0.18-1ubuntu0.24.04.1 [37.0 kB]
#12 42.79 Get:247 http://archive.ubuntu.com/ubuntu noble/main amd64 libltdl7 amd64 2.4.7-7build1 [40.3 kB]
#12 42.84 Get:248 http://archive.ubuntu.com/ubuntu noble/main amd64 libltdl-dev amd64 2.4.7-7build1 [168 kB]
#12 42.90 Get:249 http://archive.ubuntu.com/ubuntu noble/universe amd64 libhwloc-dev amd64 2.10.0-1build1 [268 kB]
#12 42.96 Get:250 http://archive.ubuntu.com/ubuntu noble-updates/main amd64 libevent-2.1-7t64 amd64 2.1.12-stable-9ubuntu2.1 [146 kB]
#12 43.03 Get:251 http://archive.ubuntu.com/ubuntu noble-updates/main amd64 libevent-extra-2.1-7t64 amd64 2.1.12-stable-9ubuntu2.1 [64.6 kB]
#12 43.08 Get:252 http://archive.ubuntu.com/ubuntu noble-updates/main amd64 libevent-openssl-2.1-7t64 amd64 2.1.12-stable-9ubuntu2.1 [15.7 kB]
#12 43.14 Get:253 http://archive.ubuntu.com/ubuntu noble-updates/main amd64 libevent-dev amd64 2.1.12-stable-9ubuntu2.1 [274 kB]
#12 43.20 Get:254 http://archive.ubuntu.com/ubuntu noble/universe amd64 libpmix-dev amd64 5.0.1-4.1build1 [4018 kB]
#12 43.50 Get:255 http://archive.ubuntu.com/ubuntu noble/main amd64 libjs-jquery all 3.6.1+dfsg+~3.5.14-1 [328 kB]
#12 43.57 Get:256 http://archive.ubuntu.com/ubuntu noble/universe amd64 libjs-jquery-ui all 1.13.2+dfsg-1 [252 kB]
#12 43.64 Get:257 http://archive.ubuntu.com/ubuntu noble/universe amd64 openmpi-bin amd64 4.1.6-7ubuntu2 [114 kB]
#12 43.69 Get:258 http://archive.ubuntu.com/ubuntu noble/universe amd64 libopenmpi-dev amd64 4.1.6-7ubuntu2 [864 kB]
#12 43.79 Get:259 http://archive.ubuntu.com/ubuntu noble/universe amd64 mpi-default-dev amd64 1.15build1 [3154 B]
#12 43.93 Get:260 http://archive.ubuntu.com/ubuntu noble-updates/universe amd64 libboost-mpi1.83-dev amd64 1.83.0-2.1ubuntu3.2 [296 kB]
#12 44.00 Get:261 http://archive.ubuntu.com/ubuntu noble/universe amd64 libboost-mpi-dev amd64 1.83.0.1ubuntu2 [4144 B]
#12 44.15 Get:262 http://archive.ubuntu.com/ubuntu noble-updates/main amd64 libboost-python1.83.0 amd64 1.83.0-2.1ubuntu3.2 [312 kB]
#12 44.43 Get:263 http://archive.ubuntu.com/ubuntu noble/universe amd64 mpi-default-bin amd64 1.15build1 [2376 B]
#12 44.48 Get:264 http://archive.ubuntu.com/ubuntu noble-updates/universe amd64 libboost-mpi-python1.83.0 amd64 1.83.0-2.1ubuntu3.2 [362 kB]
#12 44.58 Get:265 http://archive.ubuntu.com/ubuntu noble-updates/universe amd64 libboost-mpi-python1.83-dev amd64 1.83.0-2.1ubuntu3.2 [237 kB]
#12 44.63 Get:266 http://archive.ubuntu.com/ubuntu noble/universe amd64 libboost-mpi-python-dev amd64 1.83.0.1ubuntu2 [4196 B]
#12 44.68 Get:267 http://archive.ubuntu.com/ubuntu noble-updates/universe amd64 libboost-numpy1.83.0 amd64 1.83.0-2.1ubuntu3.2 [242 kB]
#12 44.74 Get:268 http://archive.ubuntu.com/ubuntu noble-updates/universe amd64 libboost-numpy1.83-dev amd64 1.83.0-2.1ubuntu3.2 [247 kB]
#12 44.80 Get:269 http://archive.ubuntu.com/ubuntu noble/universe amd64 libboost-numpy-dev amd64 1.83.0.1ubuntu2 [4100 B]
#12 44.84 Get:270 http://archive.ubuntu.com/ubuntu noble-updates/main amd64 libboost-program-options1.83.0 amd64 1.83.0-2.1ubuntu3.2 [321 kB]
#12 44.91 Get:271 http://archive.ubuntu.com/ubuntu noble-updates/main amd64 libboost-program-options1.83-dev amd64 1.83.0-2.1ubuntu3.2 [388 kB]
#12 44.98 Get:272 http://archive.ubuntu.com/ubuntu noble/main amd64 libboost-program-options-dev amd64 1.83.0.1ubuntu2 [4086 B]
#12 45.02 Get:273 http://archive.ubuntu.com/ubuntu noble-updates/main amd64 libpython3.12t64 amd64 3.12.3-1ubuntu0.16 [2339 kB]
#12 45.22 Get:274 http://archive.ubuntu.com/ubuntu noble-updates/main amd64 libexpat1-dev amd64 2.6.1-2ubuntu0.4 [140 kB]
#12 45.27 Get:275 http://archive.ubuntu.com/ubuntu noble-updates/main amd64 libpython3.12-dev amd64 3.12.3-1ubuntu0.16 [5683 kB]
#12 45.75 Get:276 http://archive.ubuntu.com/ubuntu noble-updates/main amd64 libpython3-dev amd64 3.12.3-0ubuntu2.1 [10.3 kB]
#12 45.80 Get:277 http://archive.ubuntu.com/ubuntu noble-updates/main amd64 python3.12-dev amd64 3.12.3-1ubuntu0.16 [498 kB]
#12 45.87 Get:278 http://archive.ubuntu.com/ubuntu noble/main amd64 libjs-underscore all 1.13.4~dfsg+~1.11.4-3 [118 kB]
#12 45.92 Get:279 http://archive.ubuntu.com/ubuntu noble/main amd64 libjs-sphinxdoc all 7.2.6-6 [149 kB]
#12 45.98 Get:280 http://archive.ubuntu.com/ubuntu noble-updates/main amd64 python3-dev amd64 3.12.3-0ubuntu2.1 [26.7 kB]
#12 46.02 Get:281 http://archive.ubuntu.com/ubuntu noble-updates/universe amd64 libboost-python1.83-dev amd64 1.83.0-2.1ubuntu3.2 [337 kB]
#12 46.09 Get:282 http://archive.ubuntu.com/ubuntu noble/universe amd64 libboost-python-dev amd64 1.83.0.1ubuntu2 [4344 B]
#12 46.13 Get:283 http://archive.ubuntu.com/ubuntu noble-updates/universe amd64 libboost-random1.83.0 amd64 1.83.0-2.1ubuntu3.2 [242 kB]
#12 46.19 Get:284 http://archive.ubuntu.com/ubuntu noble-updates/universe amd64 libboost-random1.83-dev amd64 1.83.0-2.1ubuntu3.2 [241 kB]
#12 46.25 Get:285 http://archive.ubuntu.com/ubuntu noble/universe amd64 libboost-random-dev amd64 1.83.0.1ubuntu2 [4062 B]
#12 46.38 Get:286 http://archive.ubuntu.com/ubuntu noble/main amd64 libboost-regex-dev amd64 1.83.0.1ubuntu2 [4324 B]
#12 46.43 Get:287 http://archive.ubuntu.com/ubuntu noble/universe amd64 libboost-serialization-dev amd64 1.83.0.1ubuntu2 [4280 B]
#12 46.48 Get:288 http://archive.ubuntu.com/ubuntu noble-updates/universe amd64 libboost-stacktrace1.83.0 amd64 1.83.0-2.1ubuntu3.2 [290 kB]
#12 46.54 Get:289 http://archive.ubuntu.com/ubuntu noble-updates/universe amd64 libboost-stacktrace1.83-dev amd64 1.83.0-2.1ubuntu3.2 [247 kB]
#12 46.60 Get:290 http://archive.ubuntu.com/ubuntu noble/universe amd64 libboost-stacktrace-dev amd64 1.83.0.1ubuntu2 [4068 B]
#12 46.64 Get:291 http://archive.ubuntu.com/ubuntu noble/universe amd64 libboost-system-dev amd64 1.83.0.1ubuntu2 [4206 B]
#12 46.69 Get:292 http://archive.ubuntu.com/ubuntu noble/universe amd64 libboost-test-dev amd64 1.83.0.1ubuntu2 [4090 B]
#12 46.74 Get:293 http://archive.ubuntu.com/ubuntu noble/main amd64 libboost-thread-dev amd64 1.83.0.1ubuntu2 [4088 B]
#12 46.78 Get:294 http://archive.ubuntu.com/ubuntu noble-updates/universe amd64 libboost-timer1.83.0 amd64 1.83.0-2.1ubuntu3.2 [241 kB]
#12 46.84 Get:295 http://archive.ubuntu.com/ubuntu noble-updates/universe amd64 libboost-timer1.83-dev amd64 1.83.0-2.1ubuntu3.2 [237 kB]
#12 46.90 Get:296 http://archive.ubuntu.com/ubuntu noble/universe amd64 libboost-timer-dev amd64 1.83.0.1ubuntu2 [4190 B]
#12 46.95 Get:297 http://archive.ubuntu.com/ubuntu noble-updates/universe amd64 libboost-type-erasure1.83.0 amd64 1.83.0-2.1ubuntu3.2 [246 kB]
#12 47.02 Get:298 http://archive.ubuntu.com/ubuntu noble-updates/universe amd64 libboost-type-erasure1.83-dev amd64 1.83.0-2.1ubuntu3.2 [250 kB]
#12 47.08 Get:299 http://archive.ubuntu.com/ubuntu noble/universe amd64 libboost-type-erasure-dev amd64 1.83.0.1ubuntu2 [4162 B]
#12 47.12 Get:300 http://archive.ubuntu.com/ubuntu noble-updates/main amd64 libboost-url1.83.0 amd64 1.83.0-2.1ubuntu3.2 [343 kB]
#12 47.19 Get:301 http://archive.ubuntu.com/ubuntu noble-updates/universe amd64 libboost-url1.83-dev amd64 1.83.0-2.1ubuntu3.2 [444 kB]
#12 47.26 Get:302 http://archive.ubuntu.com/ubuntu noble/universe amd64 libboost-url-dev amd64 1.83.0.1ubuntu2 [4192 B]
#12 47.30 Get:303 http://archive.ubuntu.com/ubuntu noble-updates/universe amd64 libboost-wave1.83.0 amd64 1.83.0-2.1ubuntu3.2 [454 kB]
#12 47.37 Get:304 http://archive.ubuntu.com/ubuntu noble-updates/universe amd64 libboost-wave1.83-dev amd64 1.83.0-2.1ubuntu3.2 [499 kB]
#12 47.44 Get:305 http://archive.ubuntu.com/ubuntu noble/universe amd64 libboost-wave-dev amd64 1.83.0.1ubuntu2 [4096 B]
#12 47.49 Get:306 http://archive.ubuntu.com/ubuntu noble-updates/universe amd64 libboost-nowide1.83.0 amd64 1.83.0-2.1ubuntu3.2 [240 kB]
#12 47.55 Get:307 http://archive.ubuntu.com/ubuntu noble-updates/universe amd64 libboost-nowide1.83-dev amd64 1.83.0-2.1ubuntu3.2 [236 kB]
#12 47.61 Get:308 http://archive.ubuntu.com/ubuntu noble/universe amd64 libboost-nowide-dev amd64 1.83.0.1ubuntu2 [4136 B]
#12 47.66 Get:309 http://archive.ubuntu.com/ubuntu noble/universe amd64 libboost-all-dev amd64 1.83.0.1ubuntu2 [2286 B]
#12 47.70 Get:310 http://archive.ubuntu.com/ubuntu noble-updates/main amd64 libbz2-dev amd64 1.0.8-5.1ubuntu0.1 [33.6 kB]
#12 47.83 Get:311 http://archive.ubuntu.com/ubuntu noble/universe amd64 libmysql++3t64 amd64 3.2.5-2.3 [102 kB]
#12 47.88 Get:312 http://archive.ubuntu.com/ubuntu noble/universe amd64 libmysql++-dev amd64 3.2.5-2.3 [96.3 kB]
#12 47.94 Get:313 http://archive.ubuntu.com/ubuntu noble-updates/main amd64 libncurses-dev amd64 6.4+20240113-1ubuntu2.2 [384 kB]
#12 48.00 Get:314 http://archive.ubuntu.com/ubuntu noble/main amd64 libreadline-dev amd64 8.2-4build1 [167 kB]
#12 48.06 Get:315 http://archive.ubuntu.com/ubuntu noble/main amd64 libtool all 2.4.7-7build1 [166 kB]
#12 48.12 Get:316 http://archive.ubuntu.com/ubuntu noble/main amd64 lsb-base all 11.6 [4606 B]
#12 48.17 Get:317 http://archive.ubuntu.com/ubuntu noble/universe amd64 ninja-build amd64 1.11.1-2 [129 kB]
#12 48.22 Get:318 http://archive.ubuntu.com/ubuntu noble-updates/main amd64 unzip amd64 6.0-28ubuntu4.1 [174 kB]
#12 48.27 Get:319 http://archive.ubuntu.com/ubuntu noble-updates/main amd64 liblzma-dev amd64 5.6.1+really5.4.5-1ubuntu0.3 [176 kB]
#12 48.61 debconf: delaying package configuration, since apt-utils is not installed
#12 48.68 Fetched 321 MB in 39s (8310 kB/s)
#12 48.73 (Reading database ... 
(Reading database ... 5%
(Reading database ... 10%
(Reading database ... 15%
(Reading database ... 20%
(Reading database ... 25%
(Reading database ... 30%
(Reading database ... 35%
(Reading database ... 40%
(Reading database ... 45%
(Reading database ... 50%
(Reading database ... 55%
(Reading database ... 60%
(Reading database ... 65%
(Reading database ... 70%
(Reading database ... 75%
(Reading database ... 80%
(Reading database ... 85%
(Reading database ... 90%
(Reading database ... 95%
(Reading database ... 100%
(Reading database ... 5366 files and directories currently installed.)
#12 48.74 Preparing to unpack .../ncurses-bin_6.4+20240113-1ubuntu2.2_amd64.deb ...
#12 48.79 Unpacking ncurses-bin (6.4+20240113-1ubuntu2.2) over (6.4+20240113-1ubuntu2.1) ...
#12 49.03 Setting up ncurses-bin (6.4+20240113-1ubuntu2.2) ...
#12 49.19 (Reading database ... 
(Reading database ... 5%
(Reading database ... 10%
(Reading database ... 15%
(Reading database ... 20%
(Reading database ... 25%
(Reading database ... 30%
(Reading database ... 35%
(Reading database ... 40%
(Reading database ... 45%
(Reading database ... 50%
(Reading database ... 55%
(Reading database ... 60%
(Reading database ... 65%
(Reading database ... 70%
(Reading database ... 75%
(Reading database ... 80%
(Reading database ... 85%
(Reading database ... 90%
(Reading database ... 95%
(Reading database ... 100%
(Reading database ... 5366 files and directories currently installed.)
#12 49.20 Preparing to unpack .../perl-base_5.38.2-3.2ubuntu0.4_amd64.deb ...
#12 49.27 Unpacking perl-base (5.38.2-3.2ubuntu0.4) over (5.38.2-3.2ubuntu0.3) ...
#12 56.53 Setting up perl-base (5.38.2-3.2ubuntu0.4) ...
#12 56.67 (Reading database ... 
(Reading database ... 5%
(Reading database ... 10%
(Reading database ... 15%
(Reading database ... 20%
(Reading database ... 25%
(Reading database ... 30%
(Reading database ... 35%
(Reading database ... 40%
(Reading database ... 45%
(Reading database ... 50%
(Reading database ... 55%
(Reading database ... 60%
(Reading database ... 65%
(Reading database ... 70%
(Reading database ... 75%
(Reading database ... 80%
(Reading database ... 85%
(Reading database ... 90%
(Reading database ... 95%
(Reading database ... 100%
(Reading database ... 5366 files and directories currently installed.)
#12 56.68 Preparing to unpack .../ncurses-base_6.4+20240113-1ubuntu2.2_all.deb ...
#12 56.73 Unpacking ncurses-base (6.4+20240113-1ubuntu2.2) over (6.4+20240113-1ubuntu2.1) ...
#12 57.37 Setting up ncurses-base (6.4+20240113-1ubuntu2.2) ...
#12 57.56 Selecting previously unselected package libpython3.12-minimal:amd64.
#12 57.56 (Reading database ... 
(Reading database ... 5%
(Reading database ... 10%
(Reading database ... 15%
(Reading database ... 20%
(Reading database ... 25%
(Reading database ... 30%
(Reading database ... 35%
(Reading database ... 40%
(Reading database ... 45%
(Reading database ... 50%
(Reading database ... 55%
(Reading database ... 60%
(Reading database ... 65%
(Reading database ... 70%
(Reading database ... 75%
(Reading database ... 80%
(Reading database ... 85%
(Reading database ... 90%
(Reading database ... 95%
(Reading database ... 100%
(Reading database ... 5366 files and directories currently installed.)
#12 57.57 Preparing to unpack .../libpython3.12-minimal_3.12.3-1ubuntu0.16_amd64.deb ...
#12 57.59 Unpacking libpython3.12-minimal:amd64 (3.12.3-1ubuntu0.16) ...
#12 57.82 Selecting previously unselected package libexpat1:amd64.
#12 57.82 Preparing to unpack .../libexpat1_2.6.1-2ubuntu0.4_amd64.deb ...
#12 57.86 Unpacking libexpat1:amd64 (2.6.1-2ubuntu0.4) ...
#12 57.99 Preparing to unpack .../zlib1g_1%3a1.3.dfsg-3.1ubuntu2.2_amd64.deb ...
#12 58.05 Unpacking zlib1g:amd64 (1:1.3.dfsg-3.1ubuntu2.2) over (1:1.3.dfsg-3.1ubuntu2.1) ...
#12 58.22 Setting up zlib1g:amd64 (1:1.3.dfsg-3.1ubuntu2.2) ...
#12 58.38 Selecting previously unselected package python3.12-minimal.
#12 58.38 (Reading database ... 
(Reading database ... 5%
(Reading database ... 10%
(Reading database ... 15%
(Reading database ... 20%
(Reading database ... 25%
(Reading database ... 30%
(Reading database ... 35%
(Reading database ... 40%
(Reading database ... 45%
(Reading database ... 50%
(Reading database ... 55%
(Reading database ... 60%
(Reading database ... 65%
(Reading database ... 70%
(Reading database ... 75%
(Reading database ... 80%
(Reading database ... 85%
(Reading database ... 90%
(Reading database ... 95%
(Reading database ... 100%
(Reading database ... 5674 files and directories currently installed.)
#12 58.38 Preparing to unpack .../python3.12-minimal_3.12.3-1ubuntu0.16_amd64.deb ...
#12 58.41 Unpacking python3.12-minimal (3.12.3-1ubuntu0.16) ...
#12 58.58 Setting up libpython3.12-minimal:amd64 (3.12.3-1ubuntu0.16) ...
#12 58.66 Setting up libexpat1:amd64 (2.6.1-2ubuntu0.4) ...
#12 58.71 Setting up python3.12-minimal (3.12.3-1ubuntu0.16) ...
#12 60.07 Selecting previously unselected package python3-minimal.
#12 60.07 (Reading database ... 
(Reading database ... 5%
(Reading database ... 10%
(Reading database ... 15%
(Reading database ... 20%
(Reading database ... 25%
(Reading database ... 30%
(Reading database ... 35%
(Reading database ... 40%
(Reading database ... 45%
(Reading database ... 50%
(Reading database ... 55%
(Reading database ... 60%
(Reading database ... 65%
(Reading database ... 70%
(Reading database ... 75%
(Reading database ... 80%
(Reading database ... 85%
(Reading database ... 90%
(Reading database ... 95%
(Reading database ... 100%
(Reading database ... 5685 files and directories currently installed.)
#12 60.08 Preparing to unpack .../python3-minimal_3.12.3-0ubuntu2.1_amd64.deb ...
#12 60.10 Unpacking python3-minimal (3.12.3-0ubuntu2.1) ...
#12 60.21 Selecting previously unselected package media-types.
#12 60.21 Preparing to unpack .../media-types_10.1.0_all.deb ...
#12 60.23 Unpacking media-types (10.1.0) ...
#12 60.36 Selecting previously unselected package netbase.
#12 60.36 Preparing to unpack .../archives/netbase_6.4_all.deb ...
#12 60.38 Unpacking netbase (6.4) ...
#12 60.50 Preparing to unpack .../libbz2-1.0_1.0.8-5.1ubuntu0.1_amd64.deb ...
#12 60.56 Unpacking libbz2-1.0:amd64 (1.0.8-5.1ubuntu0.1) over (1.0.8-5.1build0.1) ...
#12 60.76 Setting up libbz2-1.0:amd64 (1.0.8-5.1ubuntu0.1) ...
#12 60.91 (Reading database ... 
(Reading database ... 5%
(Reading database ... 10%
(Reading database ... 15%
(Reading database ... 20%
(Reading database ... 25%
(Reading database ... 30%
(Reading database ... 35%
(Reading database ... 40%
(Reading database ... 45%
(Reading database ... 50%
(Reading database ... 55%
(Reading database ... 60%
(Reading database ... 65%
(Reading database ... 70%
(Reading database ... 75%
(Reading database ... 80%
(Reading database ... 85%
(Reading database ... 90%
(Reading database ... 95%
(Reading database ... 100%
(Reading database ... 5719 files and directories currently installed.)
#12 60.92 Preparing to unpack .../libncursesw6_6.4+20240113-1ubuntu2.2_amd64.deb ...
#12 60.97 Unpacking libncursesw6:amd64 (6.4+20240113-1ubuntu2.2) over (6.4+20240113-1ubuntu2.1) ...
#12 61.17 Preparing to unpack .../libtinfo6_6.4+20240113-1ubuntu2.2_amd64.deb ...
#12 61.23 Unpacking libtinfo6:amd64 (6.4+20240113-1ubuntu2.2) over (6.4+20240113-1ubuntu2.1) ...
#12 61.41 Setting up libtinfo6:amd64 (6.4+20240113-1ubuntu2.2) ...
#12 61.56 Selecting previously unselected package readline-common.
#12 61.56 (Reading database ... 
(Reading database ... 5%
(Reading database ... 10%
(Reading database ... 15%
(Reading database ... 20%
(Reading database ... 25%
(Reading database ... 30%
(Reading database ... 35%
(Reading database ... 40%
(Reading database ... 45%
(Reading database ... 50%
(Reading database ... 55%
(Reading database ... 60%
(Reading database ... 65%
(Reading database ... 70%
(Reading database ... 75%
(Reading database ... 80%
(Reading database ... 85%
(Reading database ... 90%
(Reading database ... 95%
(Reading database ... 100%
(Reading database ... 5719 files and directories currently installed.)
#12 61.56 Preparing to unpack .../0-readline-common_8.2-4build1_all.deb ...
#12 61.58 Unpacking readline-common (8.2-4build1) ...
#12 61.72 Selecting previously unselected package libreadline8t64:amd64.
#12 61.72 Preparing to unpack .../1-libreadline8t64_8.2-4build1_amd64.deb ...
#12 61.75 Adding 'diversion of /lib/x86_64-linux-gnu/libhistory.so.8 to /lib/x86_64-linux-gnu/libhistory.so.8.usr-is-merged by libreadline8t64'
#12 61.77 Adding 'diversion of /lib/x86_64-linux-gnu/libhistory.so.8.2 to /lib/x86_64-linux-gnu/libhistory.so.8.2.usr-is-merged by libreadline8t64'
#12 61.79 Adding 'diversion of /lib/x86_64-linux-gnu/libreadline.so.8 to /lib/x86_64-linux-gnu/libreadline.so.8.usr-is-merged by libreadline8t64'
#12 61.80 Adding 'diversion of /lib/x86_64-linux-gnu/libreadline.so.8.2 to /lib/x86_64-linux-gnu/libreadline.so.8.2.usr-is-merged by libreadline8t64'
#12 61.81 Unpacking libreadline8t64:amd64 (8.2-4build1) ...
#12 61.96 Selecting previously unselected package libsqlite3-0:amd64.
#12 61.96 Preparing to unpack .../2-libsqlite3-0_3.45.1-1ubuntu2.7_amd64.deb ...
#12 61.98 Unpacking libsqlite3-0:amd64 (3.45.1-1ubuntu2.7) ...
#12 62.09 Selecting previously unselected package libpython3.12-stdlib:amd64.
#12 62.09 Preparing to unpack .../3-libpython3.12-stdlib_3.12.3-1ubuntu0.16_amd64.deb ...
#12 62.11 Unpacking libpython3.12-stdlib:amd64 (3.12.3-1ubuntu0.16) ...
#12 62.48 Selecting previously unselected package python3.12.
#12 62.48 Preparing to unpack .../4-python3.12_3.12.3-1ubuntu0.16_amd64.deb ...
#12 62.50 Unpacking python3.12 (3.12.3-1ubuntu0.16) ...
#12 62.60 Selecting previously unselected package libpython3-stdlib:amd64.
#12 62.60 Preparing to unpack .../5-libpython3-stdlib_3.12.3-0ubuntu2.1_amd64.deb ...
#12 62.62 Unpacking libpython3-stdlib:amd64 (3.12.3-0ubuntu2.1) ...
#12 62.74 Setting up python3-minimal (3.12.3-0ubuntu2.1) ...
#12 63.19 Selecting previously unselected package python3.
#12 63.19 (Reading database ... 
(Reading database ... 5%
(Reading database ... 10%
(Reading database ... 15%
(Reading database ... 20%
(Reading database ... 25%
(Reading database ... 30%
(Reading database ... 35%
(Reading database ... 40%
(Reading database ... 45%
(Reading database ... 50%
(Reading database ... 55%
(Reading database ... 60%
(Reading database ... 65%
(Reading database ... 70%
(Reading database ... 75%
(Reading database ... 80%
(Reading database ... 85%
(Reading database ... 90%
(Reading database ... 95%
(Reading database ... 100%
(Reading database ... 6162 files and directories currently installed.)
#12 63.20 Preparing to unpack .../0-python3_3.12.3-0ubuntu2.1_amd64.deb ...
#12 63.22 Unpacking python3 (3.12.3-0ubuntu2.1) ...
#12 63.32 Selecting previously unselected package perl-modules-5.38.
#12 63.32 Preparing to unpack .../1-perl-modules-5.38_5.38.2-3.2ubuntu0.4_all.deb ...
#12 63.34 Unpacking perl-modules-5.38 (5.38.2-3.2ubuntu0.4) ...
#12 63.83 Selecting previously unselected package libgdbm6t64:amd64.
#12 63.83 Preparing to unpack .../2-libgdbm6t64_1.23-5.1build1_amd64.deb ...
#12 63.85 Unpacking libgdbm6t64:amd64 (1.23-5.1build1) ...
#12 63.98 Selecting previously unselected package libgdbm-compat4t64:amd64.
#12 63.98 Preparing to unpack .../3-libgdbm-compat4t64_1.23-5.1build1_amd64.deb ...
#12 64.00 Unpacking libgdbm-compat4t64:amd64 (1.23-5.1build1) ...
#12 64.13 Selecting previously unselected package libperl5.38t64:amd64.
#12 64.13 Preparing to unpack .../4-libperl5.38t64_5.38.2-3.2ubuntu0.4_amd64.deb ...
#12 64.15 Unpacking libperl5.38t64:amd64 (5.38.2-3.2ubuntu0.4) ...
#12 64.56 Selecting previously unselected package perl.
#12 64.56 Preparing to unpack .../5-perl_5.38.2-3.2ubuntu0.4_amd64.deb ...
#12 64.58 Unpacking perl (5.38.2-3.2ubuntu0.4) ...
#12 64.72 Selecting previously unselected package adduser.
#12 64.73 Preparing to unpack .../6-adduser_3.137ubuntu1_all.deb ...
#12 64.75 Unpacking adduser (3.137ubuntu1) ...
#12 64.87 Setting up adduser (3.137ubuntu1) ...
#12 65.10 Selecting previously unselected package libbsd0:amd64.
#12 65.10 (Reading database ... 
(Reading database ... 5%
(Reading database ... 10%
(Reading database ... 15%
(Reading database ... 20%
(Reading database ... 25%
(Reading database ... 30%
(Reading database ... 35%
(Reading database ... 40%
(Reading database ... 45%
(Reading database ... 50%
(Reading database ... 55%
(Reading database ... 60%
(Reading database ... 65%
(Reading database ... 70%
(Reading database ... 75%
(Reading database ... 80%
(Reading database ... 85%
(Reading database ... 90%
(Reading database ... 95%
(Reading database ... 100%
(Reading database ... 8243 files and directories currently installed.)
#12 65.11 Preparing to unpack .../000-libbsd0_0.12.1-1build1.1_amd64.deb ...
#12 65.13 Unpacking libbsd0:amd64 (0.12.1-1build1.1) ...
#12 65.25 Selecting previously unselected package libelf1t64:amd64.
#12 65.25 Preparing to unpack .../001-libelf1t64_0.190-1.1ubuntu0.1_amd64.deb ...
#12 65.27 Unpacking libelf1t64:amd64 (0.190-1.1ubuntu0.1) ...
#12 65.40 Selecting previously unselected package libkrb5support0:amd64.
#12 65.40 Preparing to unpack .../002-libkrb5support0_1.20.1-6ubuntu2.8_amd64.deb ...
#12 65.42 Unpacking libkrb5support0:amd64 (1.20.1-6ubuntu2.8) ...
#12 65.55 Selecting previously unselected package libk5crypto3:amd64.
#12 65.55 Preparing to unpack .../003-libk5crypto3_1.20.1-6ubuntu2.8_amd64.deb ...
#12 65.57 Unpacking libk5crypto3:amd64 (1.20.1-6ubuntu2.8) ...
#12 65.70 Selecting previously unselected package libkeyutils1:amd64.
#12 65.70 Preparing to unpack .../004-libkeyutils1_1.6.3-3build1_amd64.deb ...
#12 65.72 Unpacking libkeyutils1:amd64 (1.6.3-3build1) ...
#12 65.91 Selecting previously unselected package libkrb5-3:amd64.
#12 65.91 Preparing to unpack .../005-libkrb5-3_1.20.1-6ubuntu2.8_amd64.deb ...
#12 65.93 Unpacking libkrb5-3:amd64 (1.20.1-6ubuntu2.8) ...
#12 66.09 Selecting previously unselected package libgssapi-krb5-2:amd64.
#12 66.09 Preparing to unpack .../006-libgssapi-krb5-2_1.20.1-6ubuntu2.8_amd64.deb ...
#12 66.12 Unpacking libgssapi-krb5-2:amd64 (1.20.1-6ubuntu2.8) ...
#12 66.23 Selecting previously unselected package libicu74:amd64.
#12 66.23 Preparing to unpack .../007-libicu74_74.2-1ubuntu3.1_amd64.deb ...
#12 66.25 Unpacking libicu74:amd64 (74.2-1ubuntu3.1) ...
#12 66.64 Selecting previously unselected package libxml2:amd64.
#12 66.64 Preparing to unpack .../008-libxml2_2.9.14+dfsg-1.3ubuntu3.8_amd64.deb ...
#12 66.67 Unpacking libxml2:amd64 (2.9.14+dfsg-1.3ubuntu3.8) ...
#12 66.78 Selecting previously unselected package libmagic-mgc.
#12 66.78 Preparing to unpack .../009-libmagic-mgc_1%3a5.45-3build1_amd64.deb ...
#12 66.80 Unpacking libmagic-mgc (1:5.45-3build1) ...
#12 66.98 Selecting previously unselected package libmagic1t64:amd64.
#12 66.98 Preparing to unpack .../010-libmagic1t64_1%3a5.45-3build1_amd64.deb ...
#12 67.00 Unpacking libmagic1t64:amd64 (1:5.45-3build1) ...
#12 67.10 Selecting previously unselected package file.
#12 67.10 Preparing to unpack .../011-file_1%3a5.45-3build1_amd64.deb ...
#12 67.12 Unpacking file (1:5.45-3build1) ...
#12 67.25 Selecting previously unselected package libnl-3-200:amd64.
#12 67.26 Preparing to unpack .../012-libnl-3-200_3.7.0-0.3build1.1_amd64.deb ...
#12 67.28 Unpacking libnl-3-200:amd64 (3.7.0-0.3build1.1) ...
#12 67.40 Selecting previously unselected package libnl-route-3-200:amd64.
#12 67.40 Preparing to unpack .../013-libnl-route-3-200_3.7.0-0.3build1.1_amd64.deb ...
#12 67.42 Unpacking libnl-route-3-200:amd64 (3.7.0-0.3build1.1) ...
#12 67.57 Selecting previously unselected package libibverbs1:amd64.
#12 67.57 Preparing to unpack .../014-libibverbs1_50.0-2ubuntu0.2_amd64.deb ...
#12 67.59 Unpacking libibverbs1:amd64 (50.0-2ubuntu0.2) ...
#12 67.77 Selecting previously unselected package ibverbs-providers:amd64.
#12 67.77 Preparing to unpack .../015-ibverbs-providers_50.0-2ubuntu0.2_amd64.deb ...
#12 67.80 Unpacking ibverbs-providers:amd64 (50.0-2ubuntu0.2) ...
#12 67.95 Selecting previously unselected package libcbor0.10:amd64.
#12 67.96 Preparing to unpack .../016-libcbor0.10_0.10.2-1.2ubuntu2_amd64.deb ...
#12 67.97 Unpacking libcbor0.10:amd64 (0.10.2-1.2ubuntu2) ...
#12 68.07 Selecting previously unselected package libdrm-common.
#12 68.08 Preparing to unpack .../017-libdrm-common_2.4.125-1ubuntu0.1~24.04.2_all.deb ...
#12 68.10 Unpacking libdrm-common (2.4.125-1ubuntu0.1~24.04.2) ...
#12 68.23 Selecting previously unselected package libdrm2:amd64.
#12 68.23 Preparing to unpack .../018-libdrm2_2.4.125-1ubuntu0.1~24.04.2_amd64.deb ...
#12 68.25 Unpacking libdrm2:amd64 (2.4.125-1ubuntu0.1~24.04.2) ...
#12 68.37 Selecting previously unselected package libedit2:amd64.
#12 68.37 Preparing to unpack .../019-libedit2_3.1-20230828-1build1_amd64.deb ...
#12 68.39 Unpacking libedit2:amd64 (3.1-20230828-1build1) ...
#12 68.52 Selecting previously unselected package libfido2-1:amd64.
#12 68.52 Preparing to unpack .../020-libfido2-1_1.14.0-1build3_amd64.deb ...
#12 68.54 Unpacking libfido2-1:amd64 (1.14.0-1build3) ...
#12 68.67 Selecting previously unselected package libjansson4:amd64.
#12 68.67 Preparing to unpack .../021-libjansson4_2.14-2build2_amd64.deb ...
#12 68.69 Unpacking libjansson4:amd64 (2.14-2build2) ...
#12 68.82 Selecting previously unselected package libncurses6:amd64.
#12 68.82 Preparing to unpack .../022-libncurses6_6.4+20240113-1ubuntu2.2_amd64.deb ...
#12 68.84 Unpacking libncurses6:amd64 (6.4+20240113-1ubuntu2.2) ...
#12 68.97 Selecting previously unselected package libnghttp2-14:amd64.
#12 68.97 Preparing to unpack .../023-libnghttp2-14_1.59.0-1ubuntu0.4_amd64.deb ...
#12 68.99 Unpacking libnghttp2-14:amd64 (1.59.0-1ubuntu0.4) ...
#12 69.12 Selecting previously unselected package libnuma1:amd64.
#12 69.12 Preparing to unpack .../024-libnuma1_2.0.18-1ubuntu0.24.04.1_amd64.deb ...
#12 69.14 Unpacking libnuma1:amd64 (2.0.18-1ubuntu0.24.04.1) ...
#12 69.27 Selecting previously unselected package libpsl5t64:amd64.
#12 69.27 Preparing to unpack .../025-libpsl5t64_0.21.2-1.1build1_amd64.deb ...
#12 69.29 Unpacking libpsl5t64:amd64 (0.21.2-1.1build1) ...
#12 69.41 Selecting previously unselected package libuv1t64:amd64.
#12 69.41 Preparing to unpack .../026-libuv1t64_1.48.0-1.1build1_amd64.deb ...
#12 69.43 Unpacking libuv1t64:amd64 (1.48.0-1.1build1) ...
#12 69.56 Selecting previously unselected package libxau6:amd64.
#12 69.56 Preparing to unpack .../027-libxau6_1%3a1.0.9-1build6_amd64.deb ...
#12 69.58 Unpacking libxau6:amd64 (1:1.0.9-1build6) ...
#12 69.69 Selecting previously unselected package libxdmcp6:amd64.
#12 69.69 Preparing to unpack .../028-libxdmcp6_1%3a1.1.3-0ubuntu6_amd64.deb ...
#12 69.72 Unpacking libxdmcp6:amd64 (1:1.1.3-0ubuntu6) ...
#12 69.84 Selecting previously unselected package libxcb1:amd64.
#12 69.84 Preparing to unpack .../029-libxcb1_1.15-1ubuntu2_amd64.deb ...
#12 69.86 Unpacking libxcb1:amd64 (1.15-1ubuntu2) ...
#12 69.96 Selecting previously unselected package libx11-data.
#12 69.96 Preparing to unpack .../030-libx11-data_2%3a1.8.7-1build1_all.deb ...
#12 69.99 Unpacking libx11-data (2:1.8.7-1build1) ...
#12 70.17 Selecting previously unselected package libx11-6:amd64.
#12 70.17 Preparing to unpack .../031-libx11-6_2%3a1.8.7-1build1_amd64.deb ...
#12 70.19 Unpacking libx11-6:amd64 (2:1.8.7-1build1) ...
#12 70.34 Selecting previously unselected package libxext6:amd64.
#12 70.34 Preparing to unpack .../032-libxext6_2%3a1.3.4-1build2_amd64.deb ...
#12 70.36 Unpacking libxext6:amd64 (2:1.3.4-1build2) ...
#12 70.50 Selecting previously unselected package openssh-client.
#12 70.51 Preparing to unpack .../033-openssh-client_1%3a9.6p1-3ubuntu13.19_amd64.deb ...
#12 70.53 Unpacking openssh-client (1:9.6p1-3ubuntu13.19) ...
#12 70.69 Selecting previously unselected package xz-utils.
#12 70.69 Preparing to unpack .../034-xz-utils_5.6.1+really5.4.5-1ubuntu0.3_amd64.deb ...
#12 70.71 Unpacking xz-utils (5.6.1+really5.4.5-1ubuntu0.3) ...
#12 70.82 Selecting previously unselected package m4.
#12 70.82 Preparing to unpack .../035-m4_1.4.19-4build1_amd64.deb ...
#12 70.84 Unpacking m4 (1.4.19-4build1) ...
#12 70.96 Selecting previously unselected package autoconf.
#12 70.96 Preparing to unpack .../036-autoconf_2.71-3_all.deb ...
#12 70.98 Unpacking autoconf (2.71-3) ...
#12 71.12 Selecting previously unselected package autotools-dev.
#12 71.12 Preparing to unpack .../037-autotools-dev_20220109.1_all.deb ...
#12 71.14 Unpacking autotools-dev (20220109.1) ...
#12 71.27 Selecting previously unselected package automake.
#12 71.27 Preparing to unpack .../038-automake_1%3a1.16.5-1.3ubuntu1_all.deb ...
#12 71.29 Unpacking automake (1:1.16.5-1.3ubuntu1) ...
#12 71.45 Selecting previously unselected package binutils-common:amd64.
#12 71.45 Preparing to unpack .../039-binutils-common_2.42-4ubuntu2.10_amd64.deb ...
#12 71.46 Unpacking binutils-common:amd64 (2.42-4ubuntu2.10) ...
#12 71.60 Selecting previously unselected package libsframe1:amd64.
#12 71.60 Preparing to unpack .../040-libsframe1_2.42-4ubuntu2.10_amd64.deb ...
#12 71.62 Unpacking libsframe1:amd64 (2.42-4ubuntu2.10) ...
#12 71.73 Selecting previously unselected package libbinutils:amd64.
#12 71.74 Preparing to unpack .../041-libbinutils_2.42-4ubuntu2.10_amd64.deb ...
#12 71.75 Unpacking libbinutils:amd64 (2.42-4ubuntu2.10) ...
#12 71.90 Selecting previously unselected package libctf-nobfd0:amd64.
#12 71.90 Preparing to unpack .../042-libctf-nobfd0_2.42-4ubuntu2.10_amd64.deb ...
#12 71.92 Unpacking libctf-nobfd0:amd64 (2.42-4ubuntu2.10) ...
#12 72.05 Selecting previously unselected package libctf0:amd64.
#12 72.06 Preparing to unpack .../043-libctf0_2.42-4ubuntu2.10_amd64.deb ...
#12 72.07 Unpacking libctf0:amd64 (2.42-4ubuntu2.10) ...
#12 72.21 Selecting previously unselected package libgprofng0:amd64.
#12 72.21 Preparing to unpack .../044-libgprofng0_2.42-4ubuntu2.10_amd64.deb ...
#12 72.23 Unpacking libgprofng0:amd64 (2.42-4ubuntu2.10) ...
#12 72.37 Selecting previously unselected package binutils-x86-64-linux-gnu.
#12 72.37 Preparing to unpack .../045-binutils-x86-64-linux-gnu_2.42-4ubuntu2.10_amd64.deb ...
#12 72.39 Unpacking binutils-x86-64-linux-gnu (2.42-4ubuntu2.10) ...
#12 72.58 Selecting previously unselected package binutils.
#12 72.58 Preparing to unpack .../046-binutils_2.42-4ubuntu2.10_amd64.deb ...
#12 72.61 Unpacking binutils (2.42-4ubuntu2.10) ...
#12 72.71 Selecting previously unselected package libc-dev-bin.
#12 72.71 Preparing to unpack .../047-libc-dev-bin_2.39-0ubuntu8.8_amd64.deb ...
#12 72.74 Unpacking libc-dev-bin (2.39-0ubuntu8.8) ...
#12 72.84 Selecting previously unselected package linux-libc-dev:amd64.
#12 72.84 Preparing to unpack .../048-linux-libc-dev_6.8.0-139.139_amd64.deb ...
#12 72.86 Unpacking linux-libc-dev:amd64 (6.8.0-139.139) ...
#12 73.26 Selecting previously unselected package libcrypt-dev:amd64.
#12 73.26 Preparing to unpack .../049-libcrypt-dev_1%3a4.4.36-4build1_amd64.deb ...
#12 73.29 Unpacking libcrypt-dev:amd64 (1:4.4.36-4build1) ...
#12 73.39 Selecting previously unselected package rpcsvc-proto.
#12 73.39 Preparing to unpack .../050-rpcsvc-proto_1.4.2-0ubuntu7_amd64.deb ...
#12 73.41 Unpacking rpcsvc-proto (1.4.2-0ubuntu7) ...
#12 73.51 Selecting previously unselected package libc6-dev:amd64.
#12 73.51 Preparing to unpack .../051-libc6-dev_2.39-0ubuntu8.8_amd64.deb ...
#12 73.53 Unpacking libc6-dev:amd64 (2.39-0ubuntu8.8) ...
#12 73.90 Selecting previously unselected package gcc-13-base:amd64.
#12 73.90 Preparing to unpack .../052-gcc-13-base_13.3.0-6ubuntu2~24.04.1_amd64.deb ...
#12 73.93 Unpacking gcc-13-base:amd64 (13.3.0-6ubuntu2~24.04.1) ...
#12 74.05 Selecting previously unselected package libisl23:amd64.
#12 74.05 Preparing to unpack .../053-libisl23_0.26-3build1.1_amd64.deb ...
#12 74.08 Unpacking libisl23:amd64 (0.26-3build1.1) ...
#12 74.22 Selecting previously unselected package libmpfr6:amd64.
#12 74.22 Preparing to unpack .../054-libmpfr6_4.2.1-1build1.1_amd64.deb ...
#12 74.24 Unpacking libmpfr6:amd64 (4.2.1-1build1.1) ...
#12 74.37 Selecting previously unselected package libmpc3:amd64.
#12 74.38 Preparing to unpack .../055-libmpc3_1.3.1-1build1.1_amd64.deb ...
#12 74.39 Unpacking libmpc3:amd64 (1.3.1-1build1.1) ...
#12 74.49 Selecting previously unselected package cpp-13-x86-64-linux-gnu.
#12 74.49 Preparing to unpack .../056-cpp-13-x86-64-linux-gnu_13.3.0-6ubuntu2~24.04.1_amd64.deb ...
#12 74.51 Unpacking cpp-13-x86-64-linux-gnu (13.3.0-6ubuntu2~24.04.1) ...
#12 74.86 Selecting previously unselected package cpp-13.
#12 74.86 Preparing to unpack .../057-cpp-13_13.3.0-6ubuntu2~24.04.1_amd64.deb ...
#12 74.88 Unpacking cpp-13 (13.3.0-6ubuntu2~24.04.1) ...
#12 74.98 Selecting previously unselected package cpp-x86-64-linux-gnu.
#12 74.98 Preparing to unpack .../058-cpp-x86-64-linux-gnu_4%3a13.2.0-7ubuntu1_amd64.deb ...
#12 75.00 Unpacking cpp-x86-64-linux-gnu (4:13.2.0-7ubuntu1) ...
#12 75.13 Selecting previously unselected package cpp.
#12 75.14 Preparing to unpack .../059-cpp_4%3a13.2.0-7ubuntu1_amd64.deb ...
#12 75.17 Unpacking cpp (4:13.2.0-7ubuntu1) ...
#12 75.30 Selecting previously unselected package libcc1-0:amd64.
#12 75.30 Preparing to unpack .../060-libcc1-0_14.2.0-4ubuntu2~24.04.1_amd64.deb ...
#12 75.32 Unpacking libcc1-0:amd64 (14.2.0-4ubuntu2~24.04.1) ...
#12 75.48 Selecting previously unselected package libgomp1:amd64.
#12 75.48 Preparing to unpack .../061-libgomp1_14.2.0-4ubuntu2~24.04.1_amd64.deb ...
#12 75.50 Unpacking libgomp1:amd64 (14.2.0-4ubuntu2~24.04.1) ...
#12 75.64 Selecting previously unselected package libitm1:amd64.
#12 75.64 Preparing to unpack .../062-libitm1_14.2.0-4ubuntu2~24.04.1_amd64.deb ...
#12 75.66 Unpacking libitm1:amd64 (14.2.0-4ubuntu2~24.04.1) ...
#12 75.79 Selecting previously unselected package libatomic1:amd64.
#12 75.79 Preparing to unpack .../063-libatomic1_14.2.0-4ubuntu2~24.04.1_amd64.deb ...
#12 75.81 Unpacking libatomic1:amd64 (14.2.0-4ubuntu2~24.04.1) ...
#12 75.93 Selecting previously unselected package libasan8:amd64.
#12 75.93 Preparing to unpack .../064-libasan8_14.2.0-4ubuntu2~24.04.1_amd64.deb ...
#12 75.96 Unpacking libasan8:amd64 (14.2.0-4ubuntu2~24.04.1) ...
#12 76.16 Selecting previously unselected package liblsan0:amd64.
#12 76.16 Preparing to unpack .../065-liblsan0_14.2.0-4ubuntu2~24.04.1_amd64.deb ...
#12 76.18 Unpacking liblsan0:amd64 (14.2.0-4ubuntu2~24.04.1) ...
#12 76.35 Selecting previously unselected package libtsan2:amd64.
#12 76.35 Preparing to unpack .../066-libtsan2_14.2.0-4ubuntu2~24.04.1_amd64.deb ...
#12 76.38 Unpacking libtsan2:amd64 (14.2.0-4ubuntu2~24.04.1) ...
#12 76.58 Selecting previously unselected package libubsan1:amd64.
#12 76.58 Preparing to unpack .../067-libubsan1_14.2.0-4ubuntu2~24.04.1_amd64.deb ...
#12 76.60 Unpacking libubsan1:amd64 (14.2.0-4ubuntu2~24.04.1) ...
#12 76.76 Selecting previously unselected package libhwasan0:amd64.
#12 76.76 Preparing to unpack .../068-libhwasan0_14.2.0-4ubuntu2~24.04.1_amd64.deb ...
#12 76.78 Unpacking libhwasan0:amd64 (14.2.0-4ubuntu2~24.04.1) ...
#12 76.96 Selecting previously unselected package libquadmath0:amd64.
#12 76.96 Preparing to unpack .../069-libquadmath0_14.2.0-4ubuntu2~24.04.1_amd64.deb ...
#12 76.98 Unpacking libquadmath0:amd64 (14.2.0-4ubuntu2~24.04.1) ...
#12 77.08 Selecting previously unselected package libgcc-13-dev:amd64.
#12 77.08 Preparing to unpack .../070-libgcc-13-dev_13.3.0-6ubuntu2~24.04.1_amd64.deb ...
#12 77.10 Unpacking libgcc-13-dev:amd64 (13.3.0-6ubuntu2~24.04.1) ...
#12 77.46 Selecting previously unselected package gcc-13-x86-64-linux-gnu.
#12 77.46 Preparing to unpack .../071-gcc-13-x86-64-linux-gnu_13.3.0-6ubuntu2~24.04.1_amd64.deb ...
#12 77.48 Unpacking gcc-13-x86-64-linux-gnu (13.3.0-6ubuntu2~24.04.1) ...
#12 78.04 Selecting previously unselected package gcc-13.
#12 78.05 Preparing to unpack .../072-gcc-13_13.3.0-6ubuntu2~24.04.1_amd64.deb ...
#12 78.06 Unpacking gcc-13 (13.3.0-6ubuntu2~24.04.1) ...
#12 78.17 Selecting previously unselected package gcc-x86-64-linux-gnu.
#12 78.17 Preparing to unpack .../073-gcc-x86-64-linux-gnu_4%3a13.2.0-7ubuntu1_amd64.deb ...
#12 78.19 Unpacking gcc-x86-64-linux-gnu (4:13.2.0-7ubuntu1) ...
#12 78.31 Selecting previously unselected package gcc.
#12 78.31 Preparing to unpack .../074-gcc_4%3a13.2.0-7ubuntu1_amd64.deb ...
#12 78.33 Unpacking gcc (4:13.2.0-7ubuntu1) ...
#12 78.43 Selecting previously unselected package libstdc++-13-dev:amd64.
#12 78.43 Preparing to unpack .../075-libstdc++-13-dev_13.3.0-6ubuntu2~24.04.1_amd64.deb ...
#12 78.45 Unpacking libstdc++-13-dev:amd64 (13.3.0-6ubuntu2~24.04.1) ...
#12 78.84 Selecting previously unselected package g++-13-x86-64-linux-gnu.
#12 78.84 Preparing to unpack .../076-g++-13-x86-64-linux-gnu_13.3.0-6ubuntu2~24.04.1_amd64.deb ...
#12 78.86 Unpacking g++-13-x86-64-linux-gnu (13.3.0-6ubuntu2~24.04.1) ...
#12 79.22 Selecting previously unselected package g++-13.
#12 79.23 Preparing to unpack .../077-g++-13_13.3.0-6ubuntu2~24.04.1_amd64.deb ...
#12 79.24 Unpacking g++-13 (13.3.0-6ubuntu2~24.04.1) ...
#12 79.35 Selecting previously unselected package g++-x86-64-linux-gnu.
#12 79.35 Preparing to unpack .../078-g++-x86-64-linux-gnu_4%3a13.2.0-7ubuntu1_amd64.deb ...
#12 79.37 Unpacking g++-x86-64-linux-gnu (4:13.2.0-7ubuntu1) ...
#12 79.48 Selecting previously unselected package g++.
#12 79.49 Preparing to unpack .../079-g++_4%3a13.2.0-7ubuntu1_amd64.deb ...
#12 79.50 Unpacking g++ (4:13.2.0-7ubuntu1) ...
#12 79.60 Selecting previously unselected package make.
#12 79.61 Preparing to unpack .../080-make_4.3-4.1build2_amd64.deb ...
#12 79.62 Unpacking make (4.3-4.1build2) ...
#12 79.73 Selecting previously unselected package libdpkg-perl.
#12 79.73 Preparing to unpack .../081-libdpkg-perl_1.22.6ubuntu6.6_all.deb ...
#12 79.75 Unpacking libdpkg-perl (1.22.6ubuntu6.6) ...
#12 79.90 Selecting previously unselected package bzip2.
#12 79.90 Preparing to unpack .../082-bzip2_1.0.8-5.1ubuntu0.1_amd64.deb ...
#12 79.92 Unpacking bzip2 (1.0.8-5.1ubuntu0.1) ...
#12 80.03 Selecting previously unselected package patch.
#12 80.03 Preparing to unpack .../083-patch_2.7.6-7build3_amd64.deb ...
#12 80.05 Unpacking patch (2.7.6-7build3) ...
#12 80.18 Selecting previously unselected package lto-disabled-list.
#12 80.19 Preparing to unpack .../084-lto-disabled-list_47_all.deb ...
#12 80.21 Unpacking lto-disabled-list (47) ...
#12 80.32 Selecting previously unselected package dpkg-dev.
#12 80.32 Preparing to unpack .../085-dpkg-dev_1.22.6ubuntu6.6_all.deb ...
#12 80.34 Unpacking dpkg-dev (1.22.6ubuntu6.6) ...
#12 80.48 Selecting previously unselected package build-essential.
#12 80.49 Preparing to unpack .../086-build-essential_12.10ubuntu1_amd64.deb ...
#12 80.51 Unpacking build-essential (12.10ubuntu1) ...
#12 80.63 Selecting previously unselected package libhiredis1.1.0:amd64.
#12 80.63 Preparing to unpack .../087-libhiredis1.1.0_1.2.0-6ubuntu3_amd64.deb ...
#12 80.65 Unpacking libhiredis1.1.0:amd64 (1.2.0-6ubuntu3) ...
#12 80.78 Selecting previously unselected package ccache.
#12 80.78 Preparing to unpack .../088-ccache_4.9.1-1_amd64.deb ...
#12 80.80 Unpacking ccache (4.9.1-1) ...
#12 80.95 Selecting previously unselected package libllvm18:amd64.
#12 80.95 Preparing to unpack .../089-libllvm18_1%3a18.1.3-1ubuntu1_amd64.deb ...
#12 80.97 Unpacking libllvm18:amd64 (1:18.1.3-1ubuntu1) ...
#12 82.04 Selecting previously unselected package libclang-cpp18.
#12 82.05 Preparing to unpack .../090-libclang-cpp18_1%3a18.1.3-1ubuntu1_amd64.deb ...
#12 82.07 Unpacking libclang-cpp18 (1:18.1.3-1ubuntu1) ...
#12 82.66 Selecting previously unselected package libgc1:amd64.
#12 82.66 Preparing to unpack .../091-libgc1_1%3a8.2.6-1build1_amd64.deb ...
#12 82.68 Unpacking libgc1:amd64 (1:8.2.6-1build1) ...
#12 82.81 Selecting previously unselected package libobjc4:amd64.
#12 82.81 Preparing to unpack .../092-libobjc4_14.2.0-4ubuntu2~24.04.1_amd64.deb ...
#12 82.84 Unpacking libobjc4:amd64 (14.2.0-4ubuntu2~24.04.1) ...
#12 82.94 Selecting previously unselected package libobjc-13-dev:amd64.
#12 82.94 Preparing to unpack .../093-libobjc-13-dev_13.3.0-6ubuntu2~24.04.1_amd64.deb ...
#12 82.96 Unpacking libobjc-13-dev:amd64 (13.3.0-6ubuntu2~24.04.1) ...
#12 83.07 Selecting previously unselected package libclang-common-18-dev:amd64.
#12 83.07 Preparing to unpack .../094-libclang-common-18-dev_1%3a18.1.3-1ubuntu1_amd64.deb ...
#12 83.09 Unpacking libclang-common-18-dev:amd64 (1:18.1.3-1ubuntu1) ...
#12 83.43 Selecting previously unselected package llvm-18-linker-tools.
#12 83.44 Preparing to unpack .../095-llvm-18-linker-tools_1%3a18.1.3-1ubuntu1_amd64.deb ...
#12 83.45 Unpacking llvm-18-linker-tools (1:18.1.3-1ubuntu1) ...
#12 83.62 Selecting previously unselected package libclang1-18.
#12 83.62 Preparing to unpack .../096-libclang1-18_1%3a18.1.3-1ubuntu1_amd64.deb ...
#12 83.64 Unpacking libclang1-18 (1:18.1.3-1ubuntu1) ...
#12 83.97 Selecting previously unselected package clang-18.
#12 83.97 Preparing to unpack .../097-clang-18_1%3a18.1.3-1ubuntu1_amd64.deb ...
#12 83.99 Unpacking clang-18 (1:18.1.3-1ubuntu1) ...
#12 84.11 Selecting previously unselected package clang.
#12 84.11 Preparing to unpack .../098-clang_1%3a18.0-59~exp2_amd64.deb ...
#12 84.13 Unpacking clang (1:18.0-59~exp2) ...
#12 84.26 Selecting previously unselected package libarchive13t64:amd64.
#12 84.26 Preparing to unpack .../099-libarchive13t64_3.7.2-2ubuntu0.8_amd64.deb ...
#12 84.28 Unpacking libarchive13t64:amd64 (3.7.2-2ubuntu0.8) ...
#12 84.42 Selecting previously unselected package libbrotli1:amd64.
#12 84.42 Preparing to unpack .../100-libbrotli1_1.1.0-2build2_amd64.deb ...
#12 84.44 Unpacking libbrotli1:amd64 (1.1.0-2build2) ...
#12 84.55 Selecting previously unselected package libsasl2-modules-db:amd64.
#12 84.55 Preparing to unpack .../101-libsasl2-modules-db_2.1.28+dfsg1-5ubuntu3.1_amd64.deb ...
#12 84.57 Unpacking libsasl2-modules-db:amd64 (2.1.28+dfsg1-5ubuntu3.1) ...
#12 84.69 Selecting previously unselected package libsasl2-2:amd64.
#12 84.69 Preparing to unpack .../102-libsasl2-2_2.1.28+dfsg1-5ubuntu3.1_amd64.deb ...
#12 84.71 Unpacking libsasl2-2:amd64 (2.1.28+dfsg1-5ubuntu3.1) ...
#12 84.84 Selecting previously unselected package libldap2:amd64.
#12 84.84 Preparing to unpack .../103-libldap2_2.6.10+dfsg-0ubuntu0.24.04.1_amd64.deb ...
#12 84.86 Unpacking libldap2:amd64 (2.6.10+dfsg-0ubuntu0.24.04.1) ...
#12 84.99 Selecting previously unselected package librtmp1:amd64.
#12 84.99 Preparing to unpack .../104-librtmp1_2.4+20151223.gitfa8646d.1-2build7_amd64.deb ...
#12 85.02 Unpacking librtmp1:amd64 (2.4+20151223.gitfa8646d.1-2build7) ...
#12 85.15 Selecting previously unselected package libssh-4:amd64.
#12 85.15 Preparing to unpack .../105-libssh-4_0.10.6-2ubuntu0.5_amd64.deb ...
#12 85.17 Unpacking libssh-4:amd64 (0.10.6-2ubuntu0.5) ...
#12 85.30 Selecting previously unselected package libcurl4t64:amd64.
#12 85.30 Preparing to unpack .../106-libcurl4t64_8.5.0-2ubuntu10.13_amd64.deb ...
#12 85.32 Unpacking libcurl4t64:amd64 (8.5.0-2ubuntu10.13) ...
#12 85.45 Selecting previously unselected package libjsoncpp25:amd64.
#12 85.45 Preparing to unpack .../107-libjsoncpp25_1.9.5-6build1_amd64.deb ...
#12 85.47 Unpacking libjsoncpp25:amd64 (1.9.5-6build1) ...
#12 85.60 Selecting previously unselected package librhash0:amd64.
#12 85.60 Preparing to unpack .../108-librhash0_1.4.3-3build1_amd64.deb ...
#12 85.62 Unpacking librhash0:amd64 (1.4.3-3build1) ...
#12 85.76 Selecting previously unselected package cmake-data.
#12 85.76 Preparing to unpack .../109-cmake-data_3.28.3-1build7_all.deb ...
#12 85.79 Unpacking cmake-data (3.28.3-1build7) ...
#12 86.56 Selecting previously unselected package cmake.
#12 86.56 Preparing to unpack .../110-cmake_3.28.3-1build7_amd64.deb ...
#12 86.58 Unpacking cmake (3.28.3-1build7) ...
#12 86.94 Selecting previously unselected package curl.
#12 86.94 Preparing to unpack .../111-curl_8.5.0-2ubuntu10.13_amd64.deb ...
#12 86.96 Unpacking curl (8.5.0-2ubuntu10.13) ...
#12 87.11 Selecting previously unselected package mysql-common.
#12 87.11 Preparing to unpack .../112-mysql-common_5.8+1.1.0build1_all.deb ...
#12 87.14 Unpacking mysql-common (5.8+1.1.0build1) ...
#12 87.27 Selecting previously unselected package libmysqlclient21:amd64.
#12 87.27 Preparing to unpack .../113-libmysqlclient21_8.0.46-0ubuntu0.24.04.4_amd64.deb ...
#12 87.29 Unpacking libmysqlclient21:amd64 (8.0.46-0ubuntu0.24.04.4) ...
#12 87.43 Selecting previously unselected package libssl-dev:amd64.
#12 87.43 Preparing to unpack .../114-libssl-dev_3.0.13-0ubuntu3.15_amd64.deb ...
#12 87.45 Unpacking libssl-dev:amd64 (3.0.13-0ubuntu3.15) ...
#12 87.66 Selecting previously unselected package libzstd-dev:amd64.
#12 87.66 Preparing to unpack .../115-libzstd-dev_1.5.5+dfsg2-2build1.1_amd64.deb ...
#12 87.68 Unpacking libzstd-dev:amd64 (1.5.5+dfsg2-2build1.1) ...
#12 87.80 Selecting previously unselected package zlib1g-dev:amd64.
#12 87.80 Preparing to unpack .../116-zlib1g-dev_1%3a1.3.dfsg-3.1ubuntu2.2_amd64.deb ...
#12 87.82 Unpacking zlib1g-dev:amd64 (1:1.3.dfsg-3.1ubuntu2.2) ...
#12 87.94 Selecting previously unselected package libmysqlclient-dev.
#12 87.94 Preparing to unpack .../117-libmysqlclient-dev_8.0.46-0ubuntu0.24.04.4_amd64.deb ...
#12 87.96 Unpacking libmysqlclient-dev (8.0.46-0ubuntu0.24.04.4) ...
#12 88.13 Selecting previously unselected package default-libmysqlclient-dev:amd64.
#12 88.13 Preparing to unpack .../118-default-libmysqlclient-dev_1.1.0build1_amd64.deb ...
#12 88.15 Unpacking default-libmysqlclient-dev:amd64 (1.1.0build1) ...
#12 88.26 Selecting previously unselected package mysql-client-core-8.0.
#12 88.26 Preparing to unpack .../119-mysql-client-core-8.0_8.0.46-0ubuntu0.24.04.4_amd64.deb ...
#12 88.28 Unpacking mysql-client-core-8.0 (8.0.46-0ubuntu0.24.04.4) ...
#12 88.66 Selecting previously unselected package mysql-client-8.0.
#12 88.67 Preparing to unpack .../120-mysql-client-8.0_8.0.46-0ubuntu0.24.04.4_amd64.deb ...
#12 88.69 Unpacking mysql-client-8.0 (8.0.46-0ubuntu0.24.04.4) ...
#12 88.79 Selecting previously unselected package default-mysql-client.
#12 88.80 Preparing to unpack .../121-default-mysql-client_1.1.0build1_all.deb ...
#12 88.81 Unpacking default-mysql-client (1.1.0build1) ...
#12 88.94 Selecting previously unselected package libgfortran5:amd64.
#12 88.94 Preparing to unpack .../122-libgfortran5_14.2.0-4ubuntu2~24.04.1_amd64.deb ...
#12 88.96 Unpacking libgfortran5:amd64 (14.2.0-4ubuntu2~24.04.1) ...
#12 89.09 Selecting previously unselected package libgfortran-13-dev:amd64.
#12 89.09 Preparing to unpack .../123-libgfortran-13-dev_13.3.0-6ubuntu2~24.04.1_amd64.deb ...
#12 89.11 Unpacking libgfortran-13-dev:amd64 (13.3.0-6ubuntu2~24.04.1) ...
#12 89.24 Selecting previously unselected package gfortran-13-x86-64-linux-gnu.
#12 89.25 Preparing to unpack .../124-gfortran-13-x86-64-linux-gnu_13.3.0-6ubuntu2~24.04.1_amd64.deb ...
#12 89.26 Unpacking gfortran-13-x86-64-linux-gnu (13.3.0-6ubuntu2~24.04.1) ...
#12 89.62 Selecting previously unselected package gfortran-13.
#12 89.62 Preparing to unpack .../125-gfortran-13_13.3.0-6ubuntu2~24.04.1_amd64.deb ...
#12 89.64 Unpacking gfortran-13 (13.3.0-6ubuntu2~24.04.1) ...
#12 89.77 Selecting previously unselected package libcurl3t64-gnutls:amd64.
#12 89.77 Preparing to unpack .../126-libcurl3t64-gnutls_8.5.0-2ubuntu10.13_amd64.deb ...
#12 89.79 Unpacking libcurl3t64-gnutls:amd64 (8.5.0-2ubuntu10.13) ...
#12 89.90 Selecting previously unselected package liberror-perl.
#12 89.90 Preparing to unpack .../127-liberror-perl_0.17029-2_all.deb ...
#12 89.92 Unpacking liberror-perl (0.17029-2) ...
#12 90.02 Selecting previously unselected package git-man.
#12 90.02 Preparing to unpack .../128-git-man_1%3a2.43.0-1ubuntu7.3_all.deb ...
#12 90.04 Unpacking git-man (1:2.43.0-1ubuntu7.3) ...
#12 90.20 Selecting previously unselected package git.
#12 90.20 Preparing to unpack .../129-git_1%3a2.43.0-1ubuntu7.3_amd64.deb ...
#12 90.23 Unpacking git (1:2.43.0-1ubuntu7.3) ...
#12 90.62 Selecting previously unselected package icu-devtools.
#12 90.62 Preparing to unpack .../130-icu-devtools_74.2-1ubuntu3.1_amd64.deb ...
#12 90.64 Unpacking icu-devtools (74.2-1ubuntu3.1) ...
#12 90.77 Selecting previously unselected package libllvm17t64:amd64.
#12 90.77 Preparing to unpack .../131-libllvm17t64_1%3a17.0.6-9ubuntu1_amd64.deb ...
#12 90.79 Unpacking libllvm17t64:amd64 (1:17.0.6-9ubuntu1) ...
#12 91.66 Selecting previously unselected package libamd-comgr2:amd64.
#12 91.67 Preparing to unpack .../132-libamd-comgr2_6.0+git20231212.4510c28+dfsg-3build2_amd64.deb ...
#12 91.68 Unpacking libamd-comgr2:amd64 (6.0+git20231212.4510c28+dfsg-3build2) ...
#12 92.19 Selecting previously unselected package libdrm-amdgpu1:amd64.
#12 92.19 Preparing to unpack .../133-libdrm-amdgpu1_2.4.125-1ubuntu0.1~24.04.2_amd64.deb ...
#12 92.21 Unpacking libdrm-amdgpu1:amd64 (2.4.125-1ubuntu0.1~24.04.2) ...
#12 92.34 Selecting previously unselected package libhsakmt1:amd64.
#12 92.35 Preparing to unpack .../134-libhsakmt1_5.7.0-1build1_amd64.deb ...
#12 92.36 Unpacking libhsakmt1:amd64 (5.7.0-1build1) ...
#12 92.49 Selecting previously unselected package libhsa-runtime64-1.
#12 92.50 Preparing to unpack .../135-libhsa-runtime64-1_5.7.1-2build1_amd64.deb ...
#12 92.51 Unpacking libhsa-runtime64-1 (5.7.1-2build1) ...
#12 92.66 Selecting previously unselected package libamdhip64-5.
#12 92.66 Preparing to unpack .../136-libamdhip64-5_5.7.1-3_amd64.deb ...
#12 92.68 Unpacking libamdhip64-5 (5.7.1-3) ...
#12 93.02 Selecting previously unselected package libboost1.83-dev:amd64.
#12 93.02 Preparing to unpack .../137-libboost1.83-dev_1.83.0-2.1ubuntu3.2_amd64.deb ...
#12 93.04 Unpacking libboost1.83-dev:amd64 (1.83.0-2.1ubuntu3.2) ...
#12 97.10 Selecting previously unselected package libboost-dev:amd64.
#12 97.11 Preparing to unpack .../138-libboost-dev_1.83.0.1ubuntu2_amd64.deb ...
#12 97.12 Unpacking libboost-dev:amd64 (1.83.0.1ubuntu2) ...
#12 97.23 Selecting previously unselected package libboost1.83-tools-dev.
#12 97.23 Preparing to unpack .../139-libboost1.83-tools-dev_1.83.0-2.1ubuntu3.2_amd64.deb ...
#12 97.25 Unpacking libboost1.83-tools-dev (1.83.0-2.1ubuntu3.2) ...
#12 97.57 Selecting previously unselected package libboost-tools-dev.
#12 97.58 Preparing to unpack .../140-libboost-tools-dev_1.83.0.1ubuntu2_amd64.deb ...
#12 97.59 Unpacking libboost-tools-dev (1.83.0.1ubuntu2) ...
#12 97.71 Selecting previously unselected package libboost-atomic1.83.0:amd64.
#12 97.71 Preparing to unpack .../141-libboost-atomic1.83.0_1.83.0-2.1ubuntu3.2_amd64.deb ...
#12 97.74 Unpacking libboost-atomic1.83.0:amd64 (1.83.0-2.1ubuntu3.2) ...
#12 97.85 Selecting previously unselected package libboost-atomic1.83-dev:amd64.
#12 97.85 Preparing to unpack .../142-libboost-atomic1.83-dev_1.83.0-2.1ubuntu3.2_amd64.deb ...
#12 97.87 Unpacking libboost-atomic1.83-dev:amd64 (1.83.0-2.1ubuntu3.2) ...
#12 97.99 Selecting previously unselected package libboost-atomic-dev:amd64.
#12 98.00 Preparing to unpack .../143-libboost-atomic-dev_1.83.0.1ubuntu2_amd64.deb ...
#12 98.03 Unpacking libboost-atomic-dev:amd64 (1.83.0.1ubuntu2) ...
#12 98.15 Selecting previously unselected package libboost-chrono1.83.0t64:amd64.
#12 98.15 Preparing to unpack .../144-libboost-chrono1.83.0t64_1.83.0-2.1ubuntu3.2_amd64.deb ...
#12 98.17 Unpacking libboost-chrono1.83.0t64:amd64 (1.83.0-2.1ubuntu3.2) ...
#12 98.28 Selecting previously unselected package libboost-chrono1.83-dev:amd64.
#12 98.29 Preparing to unpack .../145-libboost-chrono1.83-dev_1.83.0-2.1ubuntu3.2_amd64.deb ...
#12 98.34 Unpacking libboost-chrono1.83-dev:amd64 (1.83.0-2.1ubuntu3.2) ...
#12 98.46 Selecting previously unselected package libboost-chrono-dev:amd64.
#12 98.46 Preparing to unpack .../146-libboost-chrono-dev_1.83.0.1ubuntu2_amd64.deb ...
#12 98.48 Unpacking libboost-chrono-dev:amd64 (1.83.0.1ubuntu2) ...
#12 98.60 Selecting previously unselected package libboost-container1.83.0:amd64.
#12 98.61 Preparing to unpack .../147-libboost-container1.83.0_1.83.0-2.1ubuntu3.2_amd64.deb ...
#12 98.62 Unpacking libboost-container1.83.0:amd64 (1.83.0-2.1ubuntu3.2) ...
#12 98.74 Selecting previously unselected package libboost-container1.83-dev:amd64.
#12 98.74 Preparing to unpack .../148-libboost-container1.83-dev_1.83.0-2.1ubuntu3.2_amd64.deb ...
#12 98.76 Unpacking libboost-container1.83-dev:amd64 (1.83.0-2.1ubuntu3.2) ...
#12 98.88 Selecting previously unselected package libboost-container-dev:amd64.
#12 98.88 Preparing to unpack .../149-libboost-container-dev_1.83.0.1ubuntu2_amd64.deb ...
#12 98.90 Unpacking libboost-container-dev:amd64 (1.83.0.1ubuntu2) ...
#12 99.02 Selecting previously unselected package libboost-date-time1.83.0:amd64.
#12 99.03 Preparing to unpack .../150-libboost-date-time1.83.0_1.83.0-2.1ubuntu3.2_amd64.deb ...
#12 99.05 Unpacking libboost-date-time1.83.0:amd64 (1.83.0-2.1ubuntu3.2) ...
#12 99.18 Selecting previously unselected package libboost-serialization1.83.0:amd64.
#12 99.19 Preparing to unpack .../151-libboost-serialization1.83.0_1.83.0-2.1ubuntu3.2_amd64.deb ...
#12 99.21 Unpacking libboost-serialization1.83.0:amd64 (1.83.0-2.1ubuntu3.2) ...
#12 99.32 Selecting previously unselected package libboost-serialization1.83-dev:amd64.
#12 99.33 Preparing to unpack .../152-libboost-serialization1.83-dev_1.83.0-2.1ubuntu3.2_amd64.deb ...
#12 99.35 Unpacking libboost-serialization1.83-dev:amd64 (1.83.0-2.1ubuntu3.2) ...
#12 99.52 Selecting previously unselected package libboost-date-time1.83-dev:amd64.
#12 99.53 Preparing to unpack .../153-libboost-date-time1.83-dev_1.83.0-2.1ubuntu3.2_amd64.deb ...
#12 99.55 Unpacking libboost-date-time1.83-dev:amd64 (1.83.0-2.1ubuntu3.2) ...
#12 99.68 Selecting previously unselected package libboost-system1.83.0:amd64.
#12 99.68 Preparing to unpack .../154-libboost-system1.83.0_1.83.0-2.1ubuntu3.2_amd64.deb ...
#12 99.70 Unpacking libboost-system1.83.0:amd64 (1.83.0-2.1ubuntu3.2) ...
#12 99.82 Selecting previously unselected package libboost-system1.83-dev:amd64.
#12 99.82 Preparing to unpack .../155-libboost-system1.83-dev_1.83.0-2.1ubuntu3.2_amd64.deb ...
#12 99.84 Unpacking libboost-system1.83-dev:amd64 (1.83.0-2.1ubuntu3.2) ...
#12 99.97 Selecting previously unselected package libboost-thread1.83.0:amd64.
#12 99.98 Preparing to unpack .../156-libboost-thread1.83.0_1.83.0-2.1ubuntu3.2_amd64.deb ...
#12 100.00 Unpacking libboost-thread1.83.0:amd64 (1.83.0-2.1ubuntu3.2) ...
#12 100.1 Selecting previously unselected package libboost-thread1.83-dev:amd64.
#12 100.1 Preparing to unpack .../157-libboost-thread1.83-dev_1.83.0-2.1ubuntu3.2_amd64.deb ...
#12 100.1 Unpacking libboost-thread1.83-dev:amd64 (1.83.0-2.1ubuntu3.2) ...
#12 100.3 Selecting previously unselected package libboost-context1.83.0:amd64.
#12 100.3 Preparing to unpack .../158-libboost-context1.83.0_1.83.0-2.1ubuntu3.2_amd64.deb ...
#12 100.3 Unpacking libboost-context1.83.0:amd64 (1.83.0-2.1ubuntu3.2) ...
#12 100.4 Selecting previously unselected package libboost-context1.83-dev:amd64.
#12 100.4 Preparing to unpack .../159-libboost-context1.83-dev_1.83.0-2.1ubuntu3.2_amd64.deb ...
#12 100.4 Unpacking libboost-context1.83-dev:amd64 (1.83.0-2.1ubuntu3.2) ...
#12 100.5 Selecting previously unselected package libboost-context-dev:amd64.
#12 100.5 Preparing to unpack .../160-libboost-context-dev_1.83.0.1ubuntu2_amd64.deb ...
#12 100.6 Unpacking libboost-context-dev:amd64 (1.83.0.1ubuntu2) ...
#12 100.7 Selecting previously unselected package libboost-coroutine1.83.0:amd64.
#12 100.7 Preparing to unpack .../161-libboost-coroutine1.83.0_1.83.0-2.1ubuntu3.2_amd64.deb ...
#12 100.7 Unpacking libboost-coroutine1.83.0:amd64 (1.83.0-2.1ubuntu3.2) ...
#12 100.8 Selecting previously unselected package libboost-coroutine1.83-dev:amd64.
#12 100.8 Preparing to unpack .../162-libboost-coroutine1.83-dev_1.83.0-2.1ubuntu3.2_amd64.deb ...
#12 100.8 Unpacking libboost-coroutine1.83-dev:amd64 (1.83.0-2.1ubuntu3.2) ...
#12 101.0 Selecting previously unselected package libboost-coroutine-dev:amd64.
#12 101.0 Preparing to unpack .../163-libboost-coroutine-dev_1.83.0.1ubuntu2_amd64.deb ...
#12 101.0 Unpacking libboost-coroutine-dev:amd64 (1.83.0.1ubuntu2) ...
#12 101.1 Selecting previously unselected package libboost-date-time-dev:amd64.
#12 101.1 Preparing to unpack .../164-libboost-date-time-dev_1.83.0.1ubuntu2_amd64.deb ...
#12 101.1 Unpacking libboost-date-time-dev:amd64 (1.83.0.1ubuntu2) ...
#12 101.2 Selecting previously unselected package libboost-exception1.83-dev:amd64.
#12 101.2 Preparing to unpack .../165-libboost-exception1.83-dev_1.83.0-2.1ubuntu3.2_amd64.deb ...
#12 101.2 Unpacking libboost-exception1.83-dev:amd64 (1.83.0-2.1ubuntu3.2) ...
#12 101.3 Selecting previously unselected package libboost-exception-dev:amd64.
#12 101.4 Preparing to unpack .../166-libboost-exception-dev_1.83.0.1ubuntu2_amd64.deb ...
#12 101.4 Unpacking libboost-exception-dev:amd64 (1.83.0.1ubuntu2) ...
#12 101.5 Selecting previously unselected package libboost-filesystem1.83.0:amd64.
#12 101.5 Preparing to unpack .../167-libboost-filesystem1.83.0_1.83.0-2.1ubuntu3.2_amd64.deb ...
#12 101.5 Unpacking libboost-filesystem1.83.0:amd64 (1.83.0-2.1ubuntu3.2) ...
#12 101.7 Selecting previously unselected package libboost-filesystem1.83-dev:amd64.
#12 101.7 Preparing to unpack .../168-libboost-filesystem1.83-dev_1.83.0-2.1ubuntu3.2_amd64.deb ...
#12 101.7 Unpacking libboost-filesystem1.83-dev:amd64 (1.83.0-2.1ubuntu3.2) ...
#12 101.8 Selecting previously unselected package libboost-fiber1.83.0:amd64.
#12 101.8 Preparing to unpack .../169-libboost-fiber1.83.0_1.83.0-2.1ubuntu3.2_amd64.deb ...
#12 101.9 Unpacking libboost-fiber1.83.0:amd64 (1.83.0-2.1ubuntu3.2) ...
#12 102.0 Selecting previously unselected package libboost-fiber1.83-dev:amd64.
#12 102.0 Preparing to unpack .../170-libboost-fiber1.83-dev_1.83.0-2.1ubuntu3.2_amd64.deb ...
#12 102.0 Unpacking libboost-fiber1.83-dev:amd64 (1.83.0-2.1ubuntu3.2) ...
#12 102.1 Selecting previously unselected package libboost-fiber-dev:amd64.
#12 102.1 Preparing to unpack .../171-libboost-fiber-dev_1.83.0.1ubuntu2_amd64.deb ...
#12 102.1 Unpacking libboost-fiber-dev:amd64 (1.83.0.1ubuntu2) ...
#12 102.3 Selecting previously unselected package libboost-filesystem-dev:amd64.
#12 102.3 Preparing to unpack .../172-libboost-filesystem-dev_1.83.0.1ubuntu2_amd64.deb ...
#12 102.3 Unpacking libboost-filesystem-dev:amd64 (1.83.0.1ubuntu2) ...
#12 102.4 Selecting previously unselected package libboost-graph1.83.0:amd64.
#12 102.4 Preparing to unpack .../173-libboost-graph1.83.0_1.83.0-2.1ubuntu3.2_amd64.deb ...
#12 102.4 Unpacking libboost-graph1.83.0:amd64 (1.83.0-2.1ubuntu3.2) ...
#12 102.6 Selecting previously unselected package libboost-regex1.83.0:amd64.
#12 102.6 Preparing to unpack .../174-libboost-regex1.83.0_1.83.0-2.1ubuntu3.2_amd64.deb ...
#12 102.6 Unpacking libboost-regex1.83.0:amd64 (1.83.0-2.1ubuntu3.2) ...
#12 102.7 Selecting previously unselected package libicu-dev:amd64.
#12 102.7 Preparing to unpack .../175-libicu-dev_74.2-1ubuntu3.1_amd64.deb ...
#12 102.7 Unpacking libicu-dev:amd64 (74.2-1ubuntu3.1) ...
#12 103.2 Selecting previously unselected package libboost-regex1.83-dev:amd64.
#12 103.2 Preparing to unpack .../176-libboost-regex1.83-dev_1.83.0-2.1ubuntu3.2_amd64.deb ...
#12 103.2 Unpacking libboost-regex1.83-dev:amd64 (1.83.0-2.1ubuntu3.2) ...
#12 103.4 Selecting previously unselected package libboost-test1.83.0:amd64.
#12 103.4 Preparing to unpack .../177-libboost-test1.83.0_1.83.0-2.1ubuntu3.2_amd64.deb ...
#12 103.4 Unpacking libboost-test1.83.0:amd64 (1.83.0-2.1ubuntu3.2) ...
#12 103.5 Selecting previously unselected package libboost-test1.83-dev:amd64.
#12 103.5 Preparing to unpack .../178-libboost-test1.83-dev_1.83.0-2.1ubuntu3.2_amd64.deb ...
#12 103.5 Unpacking libboost-test1.83-dev:amd64 (1.83.0-2.1ubuntu3.2) ...
#12 103.7 Selecting previously unselected package libboost-graph1.83-dev:amd64.
#12 103.7 Preparing to unpack .../179-libboost-graph1.83-dev_1.83.0-2.1ubuntu3.2_amd64.deb ...
#12 103.7 Unpacking libboost-graph1.83-dev:amd64 (1.83.0-2.1ubuntu3.2) ...
#12 103.8 Selecting previously unselected package libboost-graph-dev:amd64.
#12 103.8 Preparing to unpack .../180-libboost-graph-dev_1.83.0.1ubuntu2_amd64.deb ...
#12 103.8 Unpacking libboost-graph-dev:amd64 (1.83.0.1ubuntu2) ...
#12 104.0 Selecting previously unselected package libevent-core-2.1-7t64:amd64.
#12 104.0 Preparing to unpack .../181-libevent-core-2.1-7t64_2.1.12-stable-9ubuntu2.1_amd64.deb ...
#12 104.0 Unpacking libevent-core-2.1-7t64:amd64 (2.1.12-stable-9ubuntu2.1) ...
#12 104.1 Selecting previously unselected package libevent-pthreads-2.1-7t64:amd64.
#12 104.1 Preparing to unpack .../182-libevent-pthreads-2.1-7t64_2.1.12-stable-9ubuntu2.1_amd64.deb ...
#12 104.2 Unpacking libevent-pthreads-2.1-7t64:amd64 (2.1.12-stable-9ubuntu2.1) ...
#12 104.3 Selecting previously unselected package libpsm-infinipath1.
#12 104.3 Preparing to unpack .../183-libpsm-infinipath1_3.3+20.604758e7-6.3build1_amd64.deb ...
#12 104.3 Unpacking libpsm-infinipath1 (3.3+20.604758e7-6.3build1) ...
#12 104.5 Selecting previously unselected package libpsm2-2.
#12 104.5 Preparing to unpack .../184-libpsm2-2_11.2.185-2build1_amd64.deb ...
#12 104.5 Unpacking libpsm2-2 (11.2.185-2build1) ...
#12 104.6 Selecting previously unselected package librdmacm1t64:amd64.
#12 104.6 Preparing to unpack .../185-librdmacm1t64_50.0-2ubuntu0.2_amd64.deb ...
#12 104.7 Unpacking librdmacm1t64:amd64 (50.0-2ubuntu0.2) ...
#12 104.8 Selecting previously unselected package libfabric1:amd64.
#12 104.8 Preparing to unpack .../186-libfabric1_1.17.0-3build2_amd64.deb ...
#12 104.8 Unpacking libfabric1:amd64 (1.17.0-3build2) ...
#12 104.9 Selecting previously unselected package libhwloc15:amd64.
#12 104.9 Preparing to unpack .../187-libhwloc15_2.10.0-1build1_amd64.deb ...
#12 105.0 Unpacking libhwloc15:amd64 (2.10.0-1build1) ...
#12 105.1 Selecting previously unselected package libmunge2:amd64.
#12 105.1 Preparing to unpack .../188-libmunge2_0.5.15-4ubuntu0.1_amd64.deb ...
#12 105.1 Unpacking libmunge2:amd64 (0.5.15-4ubuntu0.1) ...
#12 105.3 Selecting previously unselected package libpciaccess0:amd64.
#12 105.3 Preparing to unpack .../189-libpciaccess0_0.17-3ubuntu0.24.04.2_amd64.deb ...
#12 105.3 Unpacking libpciaccess0:amd64 (0.17-3ubuntu0.24.04.2) ...
#12 105.4 Selecting previously unselected package libxnvctrl0:amd64.
#12 105.4 Preparing to unpack .../190-libxnvctrl0_510.47.03-0ubuntu4.24.04.1_amd64.deb ...
#12 105.4 Unpacking libxnvctrl0:amd64 (510.47.03-0ubuntu4.24.04.1) ...
#12 105.6 Selecting previously unselected package ocl-icd-libopencl1:amd64.
#12 105.6 Preparing to unpack .../191-ocl-icd-libopencl1_2.3.2-1build1_amd64.deb ...
#12 105.6 Unpacking ocl-icd-libopencl1:amd64 (2.3.2-1build1) ...
#12 105.7 Selecting previously unselected package libhwloc-plugins:amd64.
#12 105.7 Preparing to unpack .../192-libhwloc-plugins_2.10.0-1build1_amd64.deb ...
#12 105.7 Unpacking libhwloc-plugins:amd64 (2.10.0-1build1) ...
#12 105.8 Selecting previously unselected package libpmix2t64:amd64.
#12 105.8 Preparing to unpack .../193-libpmix2t64_5.0.1-4.1build1_amd64.deb ...
#12 105.9 Unpacking libpmix2t64:amd64 (5.0.1-4.1build1) ...
#12 106.0 Selecting previously unselected package libucx0:amd64.
#12 106.0 Preparing to unpack .../194-libucx0_1.16.0+ds-5ubuntu1_amd64.deb ...
#12 106.0 Unpacking libucx0:amd64 (1.16.0+ds-5ubuntu1) ...
#12 106.2 Selecting previously unselected package libopenmpi3t64:amd64.
#12 106.2 Preparing to unpack .../195-libopenmpi3t64_4.1.6-7ubuntu2_amd64.deb ...
#12 106.2 Unpacking libopenmpi3t64:amd64 (4.1.6-7ubuntu2) ...
#12 106.6 Selecting previously unselected package libboost-mpi1.83.0.
#12 106.6 Preparing to unpack .../196-libboost-mpi1.83.0_1.83.0-2.1ubuntu3.2_amd64.deb ...
#12 106.6 Unpacking libboost-mpi1.83.0 (1.83.0-2.1ubuntu3.2) ...
#12 106.7 Selecting previously unselected package libboost-graph-parallel1.83.0.
#12 106.7 Preparing to unpack .../197-libboost-graph-parallel1.83.0_1.83.0-2.1ubuntu3.2_amd64.deb ...
#12 106.7 Unpacking libboost-graph-parallel1.83.0 (1.83.0-2.1ubuntu3.2) ...
#12 106.9 Selecting previously unselected package libboost-graph-parallel1.83-dev.
#12 106.9 Preparing to unpack .../198-libboost-graph-parallel1.83-dev_1.83.0-2.1ubuntu3.2_amd64.deb ...
#12 106.9 Unpacking libboost-graph-parallel1.83-dev (1.83.0-2.1ubuntu3.2) ...
#12 107.0 Selecting previously unselected package libboost-graph-parallel-dev.
#12 107.0 Preparing to unpack .../199-libboost-graph-parallel-dev_1.83.0.1ubuntu2_amd64.deb ...
#12 107.0 Unpacking libboost-graph-parallel-dev (1.83.0.1ubuntu2) ...
#12 107.1 Selecting previously unselected package libboost-iostreams1.83.0:amd64.
#12 107.2 Preparing to unpack .../200-libboost-iostreams1.83.0_1.83.0-2.1ubuntu3.2_amd64.deb ...
#12 107.2 Unpacking libboost-iostreams1.83.0:amd64 (1.83.0-2.1ubuntu3.2) ...
#12 107.3 Selecting previously unselected package libboost-iostreams1.83-dev:amd64.
#12 107.3 Preparing to unpack .../201-libboost-iostreams1.83-dev_1.83.0-2.1ubuntu3.2_amd64.deb ...
#12 107.6 Unpacking libboost-iostreams1.83-dev:amd64 (1.83.0-2.1ubuntu3.2) ...
#12 107.7 Selecting previously unselected package libboost-iostreams-dev:amd64.
#12 107.7 Preparing to unpack .../202-libboost-iostreams-dev_1.83.0.1ubuntu2_amd64.deb ...
#12 107.7 Unpacking libboost-iostreams-dev:amd64 (1.83.0.1ubuntu2) ...
#12 107.8 Selecting previously unselected package libboost-json1.83.0:amd64.
#12 107.8 Preparing to unpack .../203-libboost-json1.83.0_1.83.0-2.1ubuntu3.2_amd64.deb ...
#12 107.9 Unpacking libboost-json1.83.0:amd64 (1.83.0-2.1ubuntu3.2) ...
#12 108.0 Selecting previously unselected package libboost-json1.83-dev:amd64.
#12 108.0 Preparing to unpack .../204-libboost-json1.83-dev_1.83.0-2.1ubuntu3.2_amd64.deb ...
#12 108.0 Unpacking libboost-json1.83-dev:amd64 (1.83.0-2.1ubuntu3.2) ...
#12 108.1 Selecting previously unselected package libboost-json-dev:amd64.
#12 108.1 Preparing to unpack .../205-libboost-json-dev_1.83.0.1ubuntu2_amd64.deb ...
#12 108.1 Unpacking libboost-json-dev:amd64 (1.83.0.1ubuntu2) ...
#12 108.3 Selecting previously unselected package libboost-locale1.83.0:amd64.
#12 108.3 Preparing to unpack .../206-libboost-locale1.83.0_1.83.0-2.1ubuntu3.2_amd64.deb ...
#12 108.3 Unpacking libboost-locale1.83.0:amd64 (1.83.0-2.1ubuntu3.2) ...
#12 108.4 Selecting previously unselected package libboost-locale1.83-dev:amd64.
#12 108.4 Preparing to unpack .../207-libboost-locale1.83-dev_1.83.0-2.1ubuntu3.2_amd64.deb ...
#12 108.4 Unpacking libboost-locale1.83-dev:amd64 (1.83.0-2.1ubuntu3.2) ...
#12 108.6 Selecting previously unselected package libboost-locale-dev:amd64.
#12 108.6 Preparing to unpack .../208-libboost-locale-dev_1.83.0.1ubuntu2_amd64.deb ...
#12 108.6 Unpacking libboost-locale-dev:amd64 (1.83.0.1ubuntu2) ...
#12 108.7 Selecting previously unselected package libboost-log1.83.0.
#12 108.7 Preparing to unpack .../209-libboost-log1.83.0_1.83.0-2.1ubuntu3.2_amd64.deb ...
#12 108.7 Unpacking libboost-log1.83.0 (1.83.0-2.1ubuntu3.2) ...
#12 108.9 Selecting previously unselected package libboost-log1.83-dev.
#12 108.9 Preparing to unpack .../210-libboost-log1.83-dev_1.83.0-2.1ubuntu3.2_amd64.deb ...
#12 108.9 Unpacking libboost-log1.83-dev (1.83.0-2.1ubuntu3.2) ...
#12 109.1 Selecting previously unselected package libboost-log-dev.
#12 109.1 Preparing to unpack .../211-libboost-log-dev_1.83.0.1ubuntu2_amd64.deb ...
#12 109.1 Unpacking libboost-log-dev (1.83.0.1ubuntu2) ...
#12 109.2 Selecting previously unselected package libboost-math1.83.0:amd64.
#12 109.2 Preparing to unpack .../212-libboost-math1.83.0_1.83.0-2.1ubuntu3.2_amd64.deb ...
#12 109.2 Unpacking libboost-math1.83.0:amd64 (1.83.0-2.1ubuntu3.2) ...
#12 109.3 Selecting previously unselected package libboost-math1.83-dev:amd64.
#12 109.3 Preparing to unpack .../213-libboost-math1.83-dev_1.83.0-2.1ubuntu3.2_amd64.deb ...
#12 109.4 Unpacking libboost-math1.83-dev:amd64 (1.83.0-2.1ubuntu3.2) ...
#12 109.5 Selecting previously unselected package libboost-math-dev:amd64.
#12 109.5 Preparing to unpack .../214-libboost-math-dev_1.83.0.1ubuntu2_amd64.deb ...
#12 109.5 Unpacking libboost-math-dev:amd64 (1.83.0.1ubuntu2) ...
#12 109.6 Selecting previously unselected package openmpi-common.
#12 109.6 Preparing to unpack .../215-openmpi-common_4.1.6-7ubuntu2_all.deb ...
#12 109.7 Unpacking openmpi-common (4.1.6-7ubuntu2) ...
#12 109.8 Selecting previously unselected package libnl-3-dev:amd64.
#12 109.8 Preparing to unpack .../216-libnl-3-dev_3.7.0-0.3build1.1_amd64.deb ...
#12 109.8 Unpacking libnl-3-dev:amd64 (3.7.0-0.3build1.1) ...
#12 110.0 Selecting previously unselected package libnl-route-3-dev:amd64.
#12 110.0 Preparing to unpack .../217-libnl-route-3-dev_3.7.0-0.3build1.1_amd64.deb ...
#12 110.0 Unpacking libnl-route-3-dev:amd64 (3.7.0-0.3build1.1) ...
#12 110.1 Selecting previously unselected package libibverbs-dev:amd64.
#12 110.1 Preparing to unpack .../218-libibverbs-dev_50.0-2ubuntu0.2_amd64.deb ...
#12 110.1 Unpacking libibverbs-dev:amd64 (50.0-2ubuntu0.2) ...
#12 110.3 Selecting previously unselected package libnuma-dev:amd64.
#12 110.3 Preparing to unpack .../219-libnuma-dev_2.0.18-1ubuntu0.24.04.1_amd64.deb ...
#12 110.3 Unpacking libnuma-dev:amd64 (2.0.18-1ubuntu0.24.04.1) ...
#12 110.4 Selecting previously unselected package libltdl7:amd64.
#12 110.4 Preparing to unpack .../220-libltdl7_2.4.7-7build1_amd64.deb ...
#12 110.4 Unpacking libltdl7:amd64 (2.4.7-7build1) ...
#12 110.5 Selecting previously unselected package libltdl-dev:amd64.
#12 110.5 Preparing to unpack .../221-libltdl-dev_2.4.7-7build1_amd64.deb ...
#12 110.6 Unpacking libltdl-dev:amd64 (2.4.7-7build1) ...
#12 110.7 Selecting previously unselected package libhwloc-dev:amd64.
#12 110.7 Preparing to unpack .../222-libhwloc-dev_2.10.0-1build1_amd64.deb ...
#12 110.7 Unpacking libhwloc-dev:amd64 (2.10.0-1build1) ...
#12 110.8 Selecting previously unselected package libevent-2.1-7t64:amd64.
#12 110.8 Preparing to unpack .../223-libevent-2.1-7t64_2.1.12-stable-9ubuntu2.1_amd64.deb ...
#12 110.9 Unpacking libevent-2.1-7t64:amd64 (2.1.12-stable-9ubuntu2.1) ...
#12 111.0 Selecting previously unselected package libevent-extra-2.1-7t64:amd64.
#12 111.0 Preparing to unpack .../224-libevent-extra-2.1-7t64_2.1.12-stable-9ubuntu2.1_amd64.deb ...
#12 111.0 Unpacking libevent-extra-2.1-7t64:amd64 (2.1.12-stable-9ubuntu2.1) ...
#12 111.1 Selecting previously unselected package libevent-openssl-2.1-7t64:amd64.
#12 111.2 Preparing to unpack .../225-libevent-openssl-2.1-7t64_2.1.12-stable-9ubuntu2.1_amd64.deb ...
#12 111.2 Unpacking libevent-openssl-2.1-7t64:amd64 (2.1.12-stable-9ubuntu2.1) ...
#12 111.3 Selecting previously unselected package libevent-dev.
#12 111.3 Preparing to unpack .../226-libevent-dev_2.1.12-stable-9ubuntu2.1_amd64.deb ...
#12 111.3 Unpacking libevent-dev (2.1.12-stable-9ubuntu2.1) ...
#12 111.4 Selecting previously unselected package libpmix-dev:amd64.
#12 111.4 Preparing to unpack .../227-libpmix-dev_5.0.1-4.1build1_amd64.deb ...
#12 111.4 Unpacking libpmix-dev:amd64 (5.0.1-4.1build1) ...
#12 111.8 Selecting previously unselected package libjs-jquery.
#12 111.8 Preparing to unpack .../228-libjs-jquery_3.6.1+dfsg+~3.5.14-1_all.deb ...
#12 111.8 Unpacking libjs-jquery (3.6.1+dfsg+~3.5.14-1) ...
#12 111.9 Selecting previously unselected package libjs-jquery-ui.
#12 111.9 Preparing to unpack .../229-libjs-jquery-ui_1.13.2+dfsg-1_all.deb ...
#12 112.0 Unpacking libjs-jquery-ui (1.13.2+dfsg-1) ...
#12 112.2 Selecting previously unselected package openmpi-bin.
#12 112.2 Preparing to unpack .../230-openmpi-bin_4.1.6-7ubuntu2_amd64.deb ...
#12 112.2 Unpacking openmpi-bin (4.1.6-7ubuntu2) ...
#12 112.4 Selecting previously unselected package libopenmpi-dev:amd64.
#12 112.4 Preparing to unpack .../231-libopenmpi-dev_4.1.6-7ubuntu2_amd64.deb ...
#12 112.4 Unpacking libopenmpi-dev:amd64 (4.1.6-7ubuntu2) ...
#12 113.2 Selecting previously unselected package mpi-default-dev.
#12 113.2 Preparing to unpack .../232-mpi-default-dev_1.15build1_amd64.deb ...
#12 113.2 Unpacking mpi-default-dev (1.15build1) ...
#12 113.3 Selecting previously unselected package libboost-mpi1.83-dev.
#12 113.3 Preparing to unpack .../233-libboost-mpi1.83-dev_1.83.0-2.1ubuntu3.2_amd64.deb ...
#12 113.3 Unpacking libboost-mpi1.83-dev (1.83.0-2.1ubuntu3.2) ...
#12 113.4 Selecting previously unselected package libboost-mpi-dev.
#12 113.4 Preparing to unpack .../234-libboost-mpi-dev_1.83.0.1ubuntu2_amd64.deb ...
#12 113.4 Unpacking libboost-mpi-dev (1.83.0.1ubuntu2) ...
#12 113.6 Selecting previously unselected package libboost-python1.83.0.
#12 113.6 Preparing to unpack .../235-libboost-python1.83.0_1.83.0-2.1ubuntu3.2_amd64.deb ...
#12 113.6 Unpacking libboost-python1.83.0 (1.83.0-2.1ubuntu3.2) ...
#12 113.7 Selecting previously unselected package mpi-default-bin.
#12 113.7 Preparing to unpack .../236-mpi-default-bin_1.15build1_amd64.deb ...
#12 113.7 Unpacking mpi-default-bin (1.15build1) ...
#12 113.9 Selecting previously unselected package libboost-mpi-python1.83.0.
#12 113.9 Preparing to unpack .../237-libboost-mpi-python1.83.0_1.83.0-2.1ubuntu3.2_amd64.deb ...
#12 113.9 Unpacking libboost-mpi-python1.83.0 (1.83.0-2.1ubuntu3.2) ...
#12 114.0 Selecting previously unselected package libboost-mpi-python1.83-dev.
#12 114.0 Preparing to unpack .../238-libboost-mpi-python1.83-dev_1.83.0-2.1ubuntu3.2_amd64.deb ...
#12 114.1 Unpacking libboost-mpi-python1.83-dev (1.83.0-2.1ubuntu3.2) ...
#12 114.2 Selecting previously unselected package libboost-mpi-python-dev.
#12 114.2 Preparing to unpack .../239-libboost-mpi-python-dev_1.83.0.1ubuntu2_amd64.deb ...
#12 114.2 Unpacking libboost-mpi-python-dev (1.83.0.1ubuntu2) ...
#12 114.3 Selecting previously unselected package libboost-numpy1.83.0.
#12 114.3 Preparing to unpack .../240-libboost-numpy1.83.0_1.83.0-2.1ubuntu3.2_amd64.deb ...
#12 114.4 Unpacking libboost-numpy1.83.0 (1.83.0-2.1ubuntu3.2) ...
#12 114.5 Selecting previously unselected package libboost-numpy1.83-dev.
#12 114.5 Preparing to unpack .../241-libboost-numpy1.83-dev_1.83.0-2.1ubuntu3.2_amd64.deb ...
#12 114.5 Unpacking libboost-numpy1.83-dev (1.83.0-2.1ubuntu3.2) ...
#12 114.6 Selecting previously unselected package libboost-numpy-dev.
#12 114.6 Preparing to unpack .../242-libboost-numpy-dev_1.83.0.1ubuntu2_amd64.deb ...
#12 114.6 Unpacking libboost-numpy-dev (1.83.0.1ubuntu2) ...
#12 114.8 Selecting previously unselected package libboost-program-options1.83.0:amd64.
#12 114.8 Preparing to unpack .../243-libboost-program-options1.83.0_1.83.0-2.1ubuntu3.2_amd64.deb ...
#12 114.8 Unpacking libboost-program-options1.83.0:amd64 (1.83.0-2.1ubuntu3.2) ...
#12 114.9 Selecting previously unselected package libboost-program-options1.83-dev:amd64.
#12 114.9 Preparing to unpack .../244-libboost-program-options1.83-dev_1.83.0-2.1ubuntu3.2_amd64.deb ...
#12 114.9 Unpacking libboost-program-options1.83-dev:amd64 (1.83.0-2.1ubuntu3.2) ...
#12 115.0 Selecting previously unselected package libboost-program-options-dev:amd64.
#12 115.1 Preparing to unpack .../245-libboost-program-options-dev_1.83.0.1ubuntu2_amd64.deb ...
#12 115.1 Unpacking libboost-program-options-dev:amd64 (1.83.0.1ubuntu2) ...
#12 115.2 Selecting previously unselected package libpython3.12t64:amd64.
#12 115.2 Preparing to unpack .../246-libpython3.12t64_3.12.3-1ubuntu0.16_amd64.deb ...
#12 115.2 Unpacking libpython3.12t64:amd64 (3.12.3-1ubuntu0.16) ...
#12 115.4 Selecting previously unselected package libexpat1-dev:amd64.
#12 115.4 Preparing to unpack .../247-libexpat1-dev_2.6.1-2ubuntu0.4_amd64.deb ...
#12 115.4 Unpacking libexpat1-dev:amd64 (2.6.1-2ubuntu0.4) ...
#12 115.5 Selecting previously unselected package libpython3.12-dev:amd64.
#12 115.5 Preparing to unpack .../248-libpython3.12-dev_3.12.3-1ubuntu0.16_amd64.deb ...
#12 115.6 Unpacking libpython3.12-dev:amd64 (3.12.3-1ubuntu0.16) ...
#12 115.9 Selecting previously unselected package libpython3-dev:amd64.
#12 115.9 Preparing to unpack .../249-libpython3-dev_3.12.3-0ubuntu2.1_amd64.deb ...
#12 115.9 Unpacking libpython3-dev:amd64 (3.12.3-0ubuntu2.1) ...
#12 116.0 Selecting previously unselected package python3.12-dev.
#12 116.0 Preparing to unpack .../250-python3.12-dev_3.12.3-1ubuntu0.16_amd64.deb ...
#12 116.0 Unpacking python3.12-dev (3.12.3-1ubuntu0.16) ...
#12 116.2 Selecting previously unselected package libjs-underscore.
#12 116.2 Preparing to unpack .../251-libjs-underscore_1.13.4~dfsg+~1.11.4-3_all.deb ...
#12 116.2 Unpacking libjs-underscore (1.13.4~dfsg+~1.11.4-3) ...
#12 116.3 Selecting previously unselected package libjs-sphinxdoc.
#12 116.3 Preparing to unpack .../252-libjs-sphinxdoc_7.2.6-6_all.deb ...
#12 116.3 Unpacking libjs-sphinxdoc (7.2.6-6) ...
#12 116.5 Selecting previously unselected package python3-dev.
#12 116.5 Preparing to unpack .../253-python3-dev_3.12.3-0ubuntu2.1_amd64.deb ...
#12 116.5 Unpacking python3-dev (3.12.3-0ubuntu2.1) ...
#12 116.6 Selecting previously unselected package libboost-python1.83-dev.
#12 116.6 Preparing to unpack .../254-libboost-python1.83-dev_1.83.0-2.1ubuntu3.2_amd64.deb ...
#12 116.6 Unpacking libboost-python1.83-dev (1.83.0-2.1ubuntu3.2) ...
#12 116.7 Selecting previously unselected package libboost-python-dev.
#12 116.7 Preparing to unpack .../255-libboost-python-dev_1.83.0.1ubuntu2_amd64.deb ...
#12 116.8 Unpacking libboost-python-dev (1.83.0.1ubuntu2) ...
#12 116.9 Selecting previously unselected package libboost-random1.83.0:amd64.
#12 116.9 Preparing to unpack .../256-libboost-random1.83.0_1.83.0-2.1ubuntu3.2_amd64.deb ...
#12 116.9 Unpacking libboost-random1.83.0:amd64 (1.83.0-2.1ubuntu3.2) ...
#12 117.0 Selecting previously unselected package libboost-random1.83-dev:amd64.
#12 117.0 Preparing to unpack .../257-libboost-random1.83-dev_1.83.0-2.1ubuntu3.2_amd64.deb ...
#12 117.0 Unpacking libboost-random1.83-dev:amd64 (1.83.0-2.1ubuntu3.2) ...
#12 117.2 Selecting previously unselected package libboost-random-dev:amd64.
#12 117.2 Preparing to unpack .../258-libboost-random-dev_1.83.0.1ubuntu2_amd64.deb ...
#12 117.2 Unpacking libboost-random-dev:amd64 (1.83.0.1ubuntu2) ...
#12 117.3 Selecting previously unselected package libboost-regex-dev:amd64.
#12 117.3 Preparing to unpack .../259-libboost-regex-dev_1.83.0.1ubuntu2_amd64.deb ...
#12 117.3 Unpacking libboost-regex-dev:amd64 (1.83.0.1ubuntu2) ...
#12 117.4 Selecting previously unselected package libboost-serialization-dev:amd64.
#12 117.4 Preparing to unpack .../260-libboost-serialization-dev_1.83.0.1ubuntu2_amd64.deb ...
#12 117.4 Unpacking libboost-serialization-dev:amd64 (1.83.0.1ubuntu2) ...
#12 117.7 Selecting previously unselected package libboost-stacktrace1.83.0:amd64.
#12 117.7 Preparing to unpack .../261-libboost-stacktrace1.83.0_1.83.0-2.1ubuntu3.2_amd64.deb ...
#12 117.8 Unpacking libboost-stacktrace1.83.0:amd64 (1.83.0-2.1ubuntu3.2) ...
#12 118.0 Selecting previously unselected package libboost-stacktrace1.83-dev:amd64.
#12 118.0 Preparing to unpack .../262-libboost-stacktrace1.83-dev_1.83.0-2.1ubuntu3.2_amd64.deb ...
#12 118.0 Unpacking libboost-stacktrace1.83-dev:amd64 (1.83.0-2.1ubuntu3.2) ...
#12 118.1 Selecting previously unselected package libboost-stacktrace-dev:amd64.
#12 118.1 Preparing to unpack .../263-libboost-stacktrace-dev_1.83.0.1ubuntu2_amd64.deb ...
#12 118.2 Unpacking libboost-stacktrace-dev:amd64 (1.83.0.1ubuntu2) ...
#12 118.3 Selecting previously unselected package libboost-system-dev:amd64.
#12 118.3 Preparing to unpack .../264-libboost-system-dev_1.83.0.1ubuntu2_amd64.deb ...
#12 118.3 Unpacking libboost-system-dev:amd64 (1.83.0.1ubuntu2) ...
#12 118.4 Selecting previously unselected package libboost-test-dev:amd64.
#12 118.4 Preparing to unpack .../265-libboost-test-dev_1.83.0.1ubuntu2_amd64.deb ...
#12 118.4 Unpacking libboost-test-dev:amd64 (1.83.0.1ubuntu2) ...
#12 118.5 Selecting previously unselected package libboost-thread-dev:amd64.
#12 118.5 Preparing to unpack .../266-libboost-thread-dev_1.83.0.1ubuntu2_amd64.deb ...
#12 118.5 Unpacking libboost-thread-dev:amd64 (1.83.0.1ubuntu2) ...
#12 118.7 Selecting previously unselected package libboost-timer1.83.0:amd64.
#12 118.7 Preparing to unpack .../267-libboost-timer1.83.0_1.83.0-2.1ubuntu3.2_amd64.deb ...
#12 118.7 Unpacking libboost-timer1.83.0:amd64 (1.83.0-2.1ubuntu3.2) ...
#12 118.8 Selecting previously unselected package libboost-timer1.83-dev:amd64.
#12 118.8 Preparing to unpack .../268-libboost-timer1.83-dev_1.83.0-2.1ubuntu3.2_amd64.deb ...
#12 118.8 Unpacking libboost-timer1.83-dev:amd64 (1.83.0-2.1ubuntu3.2) ...
#12 118.9 Selecting previously unselected package libboost-timer-dev:amd64.
#12 119.0 Preparing to unpack .../269-libboost-timer-dev_1.83.0.1ubuntu2_amd64.deb ...
#12 119.0 Unpacking libboost-timer-dev:amd64 (1.83.0.1ubuntu2) ...
#12 119.1 Selecting previously unselected package libboost-type-erasure1.83.0:amd64.
#12 119.1 Preparing to unpack .../270-libboost-type-erasure1.83.0_1.83.0-2.1ubuntu3.2_amd64.deb ...
#12 119.1 Unpacking libboost-type-erasure1.83.0:amd64 (1.83.0-2.1ubuntu3.2) ...
#12 119.2 Selecting previously unselected package libboost-type-erasure1.83-dev:amd64.
#12 119.2 Preparing to unpack .../271-libboost-type-erasure1.83-dev_1.83.0-2.1ubuntu3.2_amd64.deb ...
#12 119.3 Unpacking libboost-type-erasure1.83-dev:amd64 (1.83.0-2.1ubuntu3.2) ...
#12 119.4 Selecting previously unselected package libboost-type-erasure-dev:amd64.
#12 119.4 Preparing to unpack .../272-libboost-type-erasure-dev_1.83.0.1ubuntu2_amd64.deb ...
#12 119.4 Unpacking libboost-type-erasure-dev:amd64 (1.83.0.1ubuntu2) ...
#12 119.5 Selecting previously unselected package libboost-url1.83.0:amd64.
#12 119.5 Preparing to unpack .../273-libboost-url1.83.0_1.83.0-2.1ubuntu3.2_amd64.deb ...
#12 119.5 Unpacking libboost-url1.83.0:amd64 (1.83.0-2.1ubuntu3.2) ...
#12 119.7 Selecting previously unselected package libboost-url1.83-dev:amd64.
#12 119.7 Preparing to unpack .../274-libboost-url1.83-dev_1.83.0-2.1ubuntu3.2_amd64.deb ...
#12 119.7 Unpacking libboost-url1.83-dev:amd64 (1.83.0-2.1ubuntu3.2) ...
#12 119.8 Selecting previously unselected package libboost-url-dev:amd64.
#12 119.8 Preparing to unpack .../275-libboost-url-dev_1.83.0.1ubuntu2_amd64.deb ...
#12 119.8 Unpacking libboost-url-dev:amd64 (1.83.0.1ubuntu2) ...
#12 120.0 Selecting previously unselected package libboost-wave1.83.0:amd64.
#12 120.0 Preparing to unpack .../276-libboost-wave1.83.0_1.83.0-2.1ubuntu3.2_amd64.deb ...
#12 120.0 Unpacking libboost-wave1.83.0:amd64 (1.83.0-2.1ubuntu3.2) ...
#12 120.1 Selecting previously unselected package libboost-wave1.83-dev:amd64.
#12 120.1 Preparing to unpack .../277-libboost-wave1.83-dev_1.83.0-2.1ubuntu3.2_amd64.deb ...
#12 120.1 Unpacking libboost-wave1.83-dev:amd64 (1.83.0-2.1ubuntu3.2) ...
#12 120.3 Selecting previously unselected package libboost-wave-dev:amd64.
#12 120.3 Preparing to unpack .../278-libboost-wave-dev_1.83.0.1ubuntu2_amd64.deb ...
#12 120.3 Unpacking libboost-wave-dev:amd64 (1.83.0.1ubuntu2) ...
#12 120.4 Selecting previously unselected package libboost-nowide1.83.0.
#12 120.4 Preparing to unpack .../279-libboost-nowide1.83.0_1.83.0-2.1ubuntu3.2_amd64.deb ...
#12 120.4 Unpacking libboost-nowide1.83.0 (1.83.0-2.1ubuntu3.2) ...
#12 120.6 Selecting previously unselected package libboost-nowide1.83-dev.
#12 120.6 Preparing to unpack .../280-libboost-nowide1.83-dev_1.83.0-2.1ubuntu3.2_amd64.deb ...
#12 120.6 Unpacking libboost-nowide1.83-dev (1.83.0-2.1ubuntu3.2) ...
#12 120.7 Selecting previously unselected package libboost-nowide-dev.
#12 120.7 Preparing to unpack .../281-libboost-nowide-dev_1.83.0.1ubuntu2_amd64.deb ...
#12 120.7 Unpacking libboost-nowide-dev (1.83.0.1ubuntu2) ...
#12 120.8 Selecting previously unselected package libboost-all-dev.
#12 120.9 Preparing to unpack .../282-libboost-all-dev_1.83.0.1ubuntu2_amd64.deb ...
#12 120.9 Unpacking libboost-all-dev (1.83.0.1ubuntu2) ...
#12 121.0 Selecting previously unselected package libbz2-dev:amd64.
#12 121.0 Preparing to unpack .../283-libbz2-dev_1.0.8-5.1ubuntu0.1_amd64.deb ...
#12 121.0 Unpacking libbz2-dev:amd64 (1.0.8-5.1ubuntu0.1) ...
#12 121.1 Selecting previously unselected package libmysql++3t64:amd64.
#12 121.1 Preparing to unpack .../284-libmysql++3t64_3.2.5-2.3_amd64.deb ...
#12 121.1 Unpacking libmysql++3t64:amd64 (3.2.5-2.3) ...
#12 121.2 Selecting previously unselected package libmysql++-dev:amd64.
#12 121.2 Preparing to unpack .../285-libmysql++-dev_3.2.5-2.3_amd64.deb ...
#12 121.3 Unpacking libmysql++-dev:amd64 (3.2.5-2.3) ...
#12 121.4 Selecting previously unselected package libncurses-dev:amd64.
#12 121.4 Preparing to unpack .../286-libncurses-dev_6.4+20240113-1ubuntu2.2_amd64.deb ...
#12 121.4 Unpacking libncurses-dev:amd64 (6.4+20240113-1ubuntu2.2) ...
#12 121.6 Selecting previously unselected package libreadline-dev:amd64.
#12 121.6 Preparing to unpack .../287-libreadline-dev_8.2-4build1_amd64.deb ...
#12 121.6 Unpacking libreadline-dev:amd64 (8.2-4build1) ...
#12 121.7 Selecting previously unselected package libtool.
#12 121.7 Preparing to unpack .../288-libtool_2.4.7-7build1_all.deb ...
#12 121.7 Unpacking libtool (2.4.7-7build1) ...
#12 121.8 Selecting previously unselected package lsb-base.
#12 121.8 Preparing to unpack .../289-lsb-base_11.6_all.deb ...
#12 121.9 Unpacking lsb-base (11.6) ...
#12 122.0 Selecting previously unselected package ninja-build.
#12 122.0 Preparing to unpack .../290-ninja-build_1.11.1-2_amd64.deb ...
#12 122.0 Unpacking ninja-build (1.11.1-2) ...
#12 122.1 Selecting previously unselected package unzip.
#12 122.1 Preparing to unpack .../291-unzip_6.0-28ubuntu4.1_amd64.deb ...
#12 122.1 Unpacking unzip (6.0-28ubuntu4.1) ...
#12 122.2 Selecting previously unselected package liblzma-dev:amd64.
#12 122.2 Preparing to unpack .../292-liblzma-dev_5.6.1+really5.4.5-1ubuntu0.3_amd64.deb ...
#12 122.3 Unpacking liblzma-dev:amd64 (5.6.1+really5.4.5-1ubuntu0.3) ...
#12 122.4 Setting up media-types (10.1.0) ...
#12 122.5 Setting up libboost-python1.83.0 (1.83.0-2.1ubuntu3.2) ...
#12 122.5 Setting up libboost-program-options1.83.0:amd64 (1.83.0-2.1ubuntu3.2) ...
#12 122.6 Setting up lsb-base (11.6) ...
#12 122.7 Setting up libpciaccess0:amd64 (0.17-3ubuntu0.24.04.2) ...
#12 122.7 Setting up mysql-common (5.8+1.1.0build1) ...
#12 122.8 update-alternatives: using /etc/mysql/my.cnf.fallback to provide /etc/mysql/my.cnf (my.cnf) in auto mode
#12 122.9 Setting up libmysqlclient21:amd64 (8.0.46-0ubuntu0.24.04.4) ...
#12 122.9 Setting up libxau6:amd64 (1:1.0.9-1build6) ...
#12 123.0 Setting up libboost-stacktrace1.83.0:amd64 (1.83.0-2.1ubuntu3.2) ...
#12 123.0 Setting up libkeyutils1:amd64 (1.6.3-3build1) ...
#12 123.1 Setting up lto-disabled-list (47) ...
#12 123.2 Setting up libzstd-dev:amd64 (1.5.5+dfsg2-2build1.1) ...
#12 124.0 Setting up libgdbm6t64:amd64 (1.23-5.1build1) ...
#12 124.0 Setting up libboost-nowide1.83.0 (1.83.0-2.1ubuntu3.2) ...
#12 124.1 Setting up libboost-date-time1.83.0:amd64 (1.83.0-2.1ubuntu3.2) ...
#12 124.2 Setting up libgdbm-compat4t64:amd64 (1.23-5.1build1) ...
#12 124.2 Setting up libboost-json1.83.0:amd64 (1.83.0-2.1ubuntu3.2) ...
#12 124.3 Setting up libmagic-mgc (1:5.45-3build1) ...
#12 124.3 Setting up libboost-timer1.83.0:amd64 (1.83.0-2.1ubuntu3.2) ...
#12 124.4 Setting up libcbor0.10:amd64 (0.10.2-1.2ubuntu2) ...
#12 124.4 Setting up libboost-regex1.83.0:amd64 (1.83.0-2.1ubuntu3.2) ...
#12 124.5 Setting up unzip (6.0-28ubuntu4.1) ...
#12 124.6 Setting up libbrotli1:amd64 (1.1.0-2build2) ...
#12 124.6 Setting up libsqlite3-0:amd64 (3.45.1-1ubuntu2.7) ...
#12 124.7 Setting up libboost-system1.83.0:amd64 (1.83.0-2.1ubuntu3.2) ...
#12 124.7 Setting up libuv1t64:amd64 (1.48.0-1.1build1) ...
#12 124.8 Setting up libboost-context1.83.0:amd64 (1.83.0-2.1ubuntu3.2) ...
#12 124.8 Setting up libmagic1t64:amd64 (1:5.45-3build1) ...
#12 124.9 Setting up libboost-random1.83.0:amd64 (1.83.0-2.1ubuntu3.2) ...
#12 125.0 Setting up binutils-common:amd64 (2.42-4ubuntu2.10) ...
#12 125.1 Setting up libpsl5t64:amd64 (0.21.2-1.1build1) ...
#12 125.1 Setting up libnghttp2-14:amd64 (1.59.0-1ubuntu0.4) ...
#12 125.2 Setting up linux-libc-dev:amd64 (6.8.0-139.139) ...
#12 125.2 Setting up libctf-nobfd0:amd64 (2.42-4ubuntu2.10) ...
#12 125.3 Setting up libboost-thread1.83.0:amd64 (1.83.0-2.1ubuntu3.2) ...
#12 125.4 Setting up m4 (1.4.19-4build1) ...
#12 125.4 Setting up libevent-2.1-7t64:amd64 (2.1.12-stable-9ubuntu2.1) ...
#12 125.5 Setting up file (1:5.45-3build1) ...
#12 125.5 Setting up libboost-filesystem1.83.0:amd64 (1.83.0-2.1ubuntu3.2) ...
#12 125.6 Setting up libgomp1:amd64 (14.2.0-4ubuntu2~24.04.1) ...
#12 125.6 Setting up bzip2 (1.0.8-5.1ubuntu0.1) ...
#12 125.7 Setting up libboost-url1.83.0:amd64 (1.83.0-2.1ubuntu3.2) ...
#12 125.8 Setting up libsframe1:amd64 (2.42-4ubuntu2.10) ...
#12 125.8 Setting up ninja-build (1.11.1-2) ...
#12 125.9 Setting up libelf1t64:amd64 (0.190-1.1ubuntu0.1) ...
#12 125.9 Setting up libjansson4:amd64 (2.14-2build2) ...
#12 126.0 Setting up libkrb5support0:amd64 (1.20.1-6ubuntu2.8) ...
#12 126.0 Setting up libsasl2-modules-db:amd64 (2.1.28+dfsg1-5ubuntu3.1) ...
#12 126.1 Setting up libboost-atomic1.83.0:amd64 (1.83.0-2.1ubuntu3.2) ...
#12 126.2 Setting up libboost-serialization1.83.0:amd64 (1.83.0-2.1ubuntu3.2) ...
#12 126.2 Setting up libboost-numpy1.83.0 (1.83.0-2.1ubuntu3.2) ...
#12 126.3 Setting up autotools-dev (20220109.1) ...
#12 126.3 Setting up rpcsvc-proto (1.4.2-0ubuntu7) ...
#12 126.4 Setting up gcc-13-base:amd64 (13.3.0-6ubuntu2~24.04.1) ...
#12 126.4 Setting up libmunge2:amd64 (0.5.15-4ubuntu0.1) ...
#12 126.5 Setting up libx11-data (2:1.8.7-1build1) ...
#12 126.6 Setting up make (4.3-4.1build2) ...
#12 126.6 Setting up libmpfr6:amd64 (4.2.1-1build1.1) ...
#12 126.7 Setting up libboost-chrono1.83.0t64:amd64 (1.83.0-2.1ubuntu3.2) ...
#12 126.7 Setting up librtmp1:amd64 (2.4+20151223.gitfa8646d.1-2build7) ...
#12 126.8 Setting up libboost-iostreams1.83.0:amd64 (1.83.0-2.1ubuntu3.2) ...
#12 126.8 Setting up libncurses6:amd64 (6.4+20240113-1ubuntu2.2) ...
#12 126.9 Setting up xz-utils (5.6.1+really5.4.5-1ubuntu0.3) ...
#12 126.9 update-alternatives: using /usr/bin/xz to provide /usr/bin/lzma (lzma) in auto mode
#12 126.9 update-alternatives: warning: skip creation of /usr/share/man/man1/lzma.1.gz because associated file /usr/share/man/man1/xz.1.gz (of link group lzma) doesn't exist
#12 126.9 update-alternatives: warning: skip creation of /usr/share/man/man1/unlzma.1.gz because associated file /usr/share/man/man1/unxz.1.gz (of link group lzma) doesn't exist
#12 126.9 update-alternatives: warning: skip creation of /usr/share/man/man1/lzcat.1.gz because associated file /usr/share/man/man1/xzcat.1.gz (of link group lzma) doesn't exist
#12 126.9 update-alternatives: warning: skip creation of /usr/share/man/man1/lzmore.1.gz because associated file /usr/share/man/man1/xzmore.1.gz (of link group lzma) doesn't exist
#12 126.9 update-alternatives: warning: skip creation of /usr/share/man/man1/lzless.1.gz because associated file /usr/share/man/man1/xzless.1.gz (of link group lzma) doesn't exist
#12 126.9 update-alternatives: warning: skip creation of /usr/share/man/man1/lzdiff.1.gz because associated file /usr/share/man/man1/xzdiff.1.gz (of link group lzma) doesn't exist
#12 126.9 update-alternatives: warning: skip creation of /usr/share/man/man1/lzcmp.1.gz because associated file /usr/share/man/man1/xzcmp.1.gz (of link group lzma) doesn't exist
#12 126.9 update-alternatives: warning: skip creation of /usr/share/man/man1/lzgrep.1.gz because associated file /usr/share/man/man1/xzgrep.1.gz (of link group lzma) doesn't exist
#12 126.9 update-alternatives: warning: skip creation of /usr/share/man/man1/lzegrep.1.gz because associated file /usr/share/man/man1/xzegrep.1.gz (of link group lzma) doesn't exist
#12 126.9 update-alternatives: warning: skip creation of /usr/share/man/man1/lzfgrep.1.gz because associated file /usr/share/man/man1/xzfgrep.1.gz (of link group lzma) doesn't exist
#12 127.0 Setting up perl-modules-5.38 (5.38.2-3.2ubuntu0.4) ...
#12 127.0 Setting up libquadmath0:amd64 (14.2.0-4ubuntu2~24.04.1) ...
#12 127.1 Setting up libssl-dev:amd64 (3.0.13-0ubuntu3.15) ...
#12 127.1 Setting up libboost-nowide1.83-dev (1.83.0-2.1ubuntu3.2) ...
#12 127.2 Setting up libhwloc15:amd64 (2.10.0-1build1) ...
#12 127.3 Setting up libmpc3:amd64 (1.3.1-1build1.1) ...
#12 127.3 Setting up libatomic1:amd64 (14.2.0-4ubuntu2~24.04.1) ...
#12 127.4 Setting up patch (2.7.6-7build3) ...
#12 127.4 Setting up libboost-numpy1.83-dev (1.83.0-2.1ubuntu3.2) ...
#12 127.5 Setting up libjsoncpp25:amd64 (1.9.5-6build1) ...
#12 127.5 Setting up libclang-common-18-dev:amd64 (1:18.1.3-1ubuntu1) ...
#12 127.6 Setting up libncursesw6:amd64 (6.4+20240113-1ubuntu2.2) ...
#12 127.7 Setting up libk5crypto3:amd64 (1.20.1-6ubuntu2.8) ...
#12 127.7 Setting up libgc1:amd64 (1:8.2.6-1build1) ...
#12 127.9 Setting up libltdl7:amd64 (2.4.7-7build1) ...
#12 127.9 Setting up libboost-test1.83.0:amd64 (1.83.0-2.1ubuntu3.2) ...
#12 128.0 Setting up libsasl2-2:amd64 (2.1.28+dfsg1-5ubuntu3.1) ...
#12 128.0 Setting up libgfortran5:amd64 (14.2.0-4ubuntu2~24.04.1) ...
#12 128.1 Setting up libboost-fiber1.83.0:amd64 (1.83.0-2.1ubuntu3.2) ...
#12 128.2 Setting up liblzma-dev:amd64 (5.6.1+really5.4.5-1ubuntu0.3) ...
#12 128.2 Setting up libubsan1:amd64 (14.2.0-4ubuntu2~24.04.1) ...
#12 128.3 Setting up libicu74:amd64 (74.2-1ubuntu3.1) ...
#12 128.6 Setting up libnuma1:amd64 (2.0.18-1ubuntu0.24.04.1) ...
#12 128.9 Setting up ocl-icd-libopencl1:amd64 (2.3.2-1build1) ...
#12 129.0 Setting up libhwasan0:amd64 (14.2.0-4ubuntu2~24.04.1) ...
#12 129.1 Setting up librhash0:amd64 (1.4.3-3build1) ...
#12 129.1 Setting up libcrypt-dev:amd64 (1:4.4.36-4build1) ...
#12 129.2 Setting up libasan8:amd64 (14.2.0-4ubuntu2~24.04.1) ...
#12 129.2 Setting up libnl-3-200:amd64 (3.7.0-0.3build1.1) ...
#12 129.3 Setting up libboost-graph1.83.0:amd64 (1.83.0-2.1ubuntu3.2) ...
#12 129.4 Setting up libpsm2-2 (11.2.185-2build1) ...
#12 129.4 Setting up openmpi-common (4.1.6-7ubuntu2) ...
#12 129.5 Setting up libboost-container1.83.0:amd64 (1.83.0-2.1ubuntu3.2) ...
#12 129.6 Setting up git-man (1:2.43.0-1ubuntu7.3) ...
#12 129.6 Setting up netbase (6.4) ...
#12 129.8 Setting up libboost-type-erasure1.83.0:amd64 (1.83.0-2.1ubuntu3.2) ...
#12 129.8 Setting up cmake-data (3.28.3-1build7) ...
#12 129.9 Setting up libkrb5-3:amd64 (1.20.1-6ubuntu2.8) ...
#12 129.9 Setting up libevent-core-2.1-7t64:amd64 (2.1.12-stable-9ubuntu2.1) ...
#12 130.0 Setting up libperl5.38t64:amd64 (5.38.2-3.2ubuntu0.4) ...
#12 130.0 Setting up libpsm-infinipath1 (3.3+20.604758e7-6.3build1) ...
#12 130.1 update-alternatives: using /usr/lib/libpsm1/libpsm_infinipath.so.1.16 to provide /usr/lib/x86_64-linux-gnu/libpsm_infinipath.so.1 (libpsm_infinipath.so.1) in auto mode
#12 130.1 Setting up libboost-math1.83.0:amd64 (1.83.0-2.1ubuntu3.2) ...
#12 130.2 Setting up libtsan2:amd64 (14.2.0-4ubuntu2~24.04.1) ...
#12 130.2 Setting up libjs-jquery (3.6.1+dfsg+~3.5.14-1) ...
#12 130.3 Setting up libbinutils:amd64 (2.42-4ubuntu2.10) ...
#12 130.4 Setting up libfido2-1:amd64 (1.14.0-1build3) ...
#12 130.4 Setting up libisl23:amd64 (0.26-3build1.1) ...
#12 130.5 Setting up libc-dev-bin (2.39-0ubuntu8.8) ...
#12 130.5 Setting up libbsd0:amd64 (0.12.1-1build1.1) ...
#12 130.6 Setting up libdrm-common (2.4.125-1ubuntu0.1~24.04.2) ...
#12 130.6 Setting up libhiredis1.1.0:amd64 (1.2.0-6ubuntu3) ...
#12 130.7 Setting up readline-common (8.2-4build1) ...
#12 130.8 Setting up libxml2:amd64 (2.9.14+dfsg-1.3ubuntu3.8) ...
#12 130.8 Setting up libcc1-0:amd64 (14.2.0-4ubuntu2~24.04.1) ...
#12 130.9 Setting up libldap2:amd64 (2.6.10+dfsg-0ubuntu0.24.04.1) ...
#12 130.9 Setting up libboost1.83-tools-dev (1.83.0-2.1ubuntu3.2) ...
#12 131.0 Setting up liblsan0:amd64 (14.2.0-4ubuntu2~24.04.1) ...
#12 131.0 Setting up libitm1:amd64 (14.2.0-4ubuntu2~24.04.1) ...
#12 131.1 Setting up libjs-underscore (1.13.4~dfsg+~1.11.4-3) ...
#12 131.2 Setting up libctf0:amd64 (2.42-4ubuntu2.10) ...
#12 131.2 Setting up libmysql++3t64:amd64 (3.2.5-2.3) ...
#12 131.3 Setting up libxdmcp6:amd64 (1:1.1.3-0ubuntu6) ...
#12 131.3 Setting up libboost-wave1.83.0:amd64 (1.83.0-2.1ubuntu3.2) ...
#12 131.4 Setting up libxcb1:amd64 (1.15-1ubuntu2) ...
#12 131.4 Setting up libboost-coroutine1.83.0:amd64 (1.83.0-2.1ubuntu3.2) ...
#12 131.5 Setting up cpp-13-x86-64-linux-gnu (13.3.0-6ubuntu2~24.04.1) ...
#12 131.6 Setting up libevent-pthreads-2.1-7t64:amd64 (2.1.12-stable-9ubuntu2.1) ...
#12 131.6 Setting up libboost-log1.83.0 (1.83.0-2.1ubuntu3.2) ...
#12 131.7 Setting up libedit2:amd64 (3.1-20230828-1build1) ...
#12 131.7 Setting up libevent-openssl-2.1-7t64:amd64 (2.1.12-stable-9ubuntu2.1) ...
#12 131.8 Setting up ccache (4.9.1-1) ...
#12 131.8 Updating symlinks in /usr/lib/ccache ...
#12 131.9 Setting up libboost-locale1.83.0:amd64 (1.83.0-2.1ubuntu3.2) ...
#12 131.9 Setting up libboost-tools-dev (1.83.0.1ubuntu2) ...
#12 132.0 Setting up libobjc4:amd64 (14.2.0-4ubuntu2~24.04.1) ...
#12 132.0 Setting up libboost-nowide-dev (1.83.0.1ubuntu2) ...
#12 132.1 Setting up libnl-route-3-200:amd64 (3.7.0-0.3build1.1) ...
#12 132.1 Setting up perl (5.38.2-3.2ubuntu0.4) ...
#12 132.2 Setting up libgprofng0:amd64 (2.42-4ubuntu2.10) ...
#12 132.3 Setting up libjs-jquery-ui (1.13.2+dfsg-1) ...
#12 132.3 Setting up libllvm17t64:amd64 (1:17.0.6-9ubuntu1) ...
#12 132.4 Setting up libboost-numpy-dev (1.83.0.1ubuntu2) ...
#12 132.4 Setting up libgssapi-krb5-2:amd64 (1.20.1-6ubuntu2.8) ...
#12 132.5 Setting up icu-devtools (74.2-1ubuntu3.1) ...
#12 132.6 Setting up libjs-sphinxdoc (7.2.6-6) ...
#12 132.6 Setting up libdpkg-perl (1.22.6ubuntu6.6) ...
#12 132.7 Setting up libssh-4:amd64 (0.10.6-2ubuntu0.5) ...
#12 132.7 Setting up autoconf (2.71-3) ...
#12 132.8 Setting up libevent-extra-2.1-7t64:amd64 (2.1.12-stable-9ubuntu2.1) ...
#12 132.9 Setting up libreadline8t64:amd64 (8.2-4build1) ...
#12 132.9 Setting up libdrm2:amd64 (2.4.125-1ubuntu0.1~24.04.2) ...
#12 133.0 Setting up libnl-3-dev:amd64 (3.7.0-0.3build1.1) ...
#12 133.1 Setting up libgcc-13-dev:amd64 (13.3.0-6ubuntu2~24.04.1) ...
#12 133.1 Setting up libc6-dev:amd64 (2.39-0ubuntu8.8) ...
#12 133.2 Setting up libx11-6:amd64 (2:1.8.7-1build1) ...
#12 133.2 Setting up libamd-comgr2:amd64 (6.0+git20231212.4510c28+dfsg-3build2) ...
#12 133.3 Setting up libgfortran-13-dev:amd64 (13.3.0-6ubuntu2~24.04.1) ...
#12 133.3 Setting up libarchive13t64:amd64 (3.7.2-2ubuntu0.8) ...
#12 133.4 Setting up libicu-dev:amd64 (74.2-1ubuntu3.1) ...
#12 133.5 Setting up libobjc-13-dev:amd64 (13.3.0-6ubuntu2~24.04.1) ...
#12 133.5 Setting up libstdc++-13-dev:amd64 (13.3.0-6ubuntu2~24.04.1) ...
#12 133.6 Setting up libllvm18:amd64 (1:18.1.3-1ubuntu1) ...
#12 133.7 Setting up binutils-x86-64-linux-gnu (2.42-4ubuntu2.10) ...
#12 133.7 Setting up libdrm-amdgpu1:amd64 (2.4.125-1ubuntu0.1~24.04.2) ...
#12 133.8 Setting up libbz2-dev:amd64 (1.0.8-5.1ubuntu0.1) ...
#12 133.8 Setting up cpp-x86-64-linux-gnu (4:13.2.0-7ubuntu1) ...
#12 133.9 Setting up automake (1:1.16.5-1.3ubuntu1) ...
#12 133.9 update-alternatives: using /usr/bin/automake-1.16 to provide /usr/bin/automake (automake) in auto mode
#12 133.9 update-alternatives: warning: skip creation of /usr/share/man/man1/automake.1.gz because associated file /usr/share/man/man1/automake-1.16.1.gz (of link group automake) doesn't exist
#12 133.9 update-alternatives: warning: skip creation of /usr/share/man/man1/aclocal.1.gz because associated file /usr/share/man/man1/aclocal-1.16.1.gz (of link group automake) doesn't exist
#12 134.2 Setting up libclang1-18 (1:18.1.3-1ubuntu1) ...
#12 134.3 Setting up libibverbs1:amd64 (50.0-2ubuntu0.2) ...
#12 134.5 Setting up mysql-client-core-8.0 (8.0.46-0ubuntu0.24.04.4) ...
#12 134.5 Setting up libboost1.83-dev:amd64 (1.83.0-2.1ubuntu3.2) ...
#12 134.6 Setting up libncurses-dev:amd64 (6.4+20240113-1ubuntu2.2) ...
#12 134.6 Setting up libboost-chrono1.83-dev:amd64 (1.83.0-2.1ubuntu3.2) ...
#12 134.7 Setting up libpython3.12-stdlib:amd64 (3.12.3-1ubuntu0.16) ...
#12 134.8 Setting up cpp-13 (13.3.0-6ubuntu2~24.04.1) ...
#12 134.8 Setting up libcurl4t64:amd64 (8.5.0-2ubuntu10.13) ...
#12 134.9 Setting up ibverbs-providers:amd64 (50.0-2ubuntu0.2) ...
#12 135.3 Setting up libboost-math1.83-dev:amd64 (1.83.0-2.1ubuntu3.2) ...
#12 135.4 Setting up libboost-chrono-dev:amd64 (1.83.0.1ubuntu2) ...
#12 135.4 Setting up openssh-client (1:9.6p1-3ubuntu13.19) ...
#12 135.6 Setting up gcc-13-x86-64-linux-gnu (13.3.0-6ubuntu2~24.04.1) ...
#12 135.7 Setting up libboost-math-dev:amd64 (1.83.0.1ubuntu2) ...
#12 135.7 Setting up python3.12 (3.12.3-1ubuntu0.16) ...
#12 137.2 Setting up libboost-program-options1.83-dev:amd64 (1.83.0-2.1ubuntu3.2) ...
#12 137.3 Setting up libboost-serialization1.83-dev:amd64 (1.83.0-2.1ubuntu3.2) ...
#12 137.3 Setting up libcurl3t64-gnutls:amd64 (8.5.0-2ubuntu10.13) ...
#12 137.4 Setting up libxext6:amd64 (2:1.3.4-1build2) ...
#12 137.4 Setting up libboost-test1.83-dev:amd64 (1.83.0-2.1ubuntu3.2) ...
#12 137.5 Setting up binutils (2.42-4ubuntu2.10) ...
#12 137.6 Setting up libreadline-dev:amd64 (8.2-4build1) ...
#12 137.6 Setting up gfortran-13-x86-64-linux-gnu (13.3.0-6ubuntu2~24.04.1) ...
#12 137.7 Setting up dpkg-dev (1.22.6ubuntu6.6) ...
#12 137.8 Setting up libnuma-dev:amd64 (2.0.18-1ubuntu0.24.04.1) ...
#12 137.8 Setting up libxnvctrl0:amd64 (510.47.03-0ubuntu4.24.04.1) ...
#12 137.9 Setting up libboost-test-dev:amd64 (1.83.0.1ubuntu2) ...
#12 137.9 Setting up liberror-perl (0.17029-2) ...
#12 138.0 Setting up libpython3.12t64:amd64 (3.12.3-1ubuntu0.16) ...
#12 138.1 Setting up libnl-route-3-dev:amd64 (3.7.0-0.3build1.1) ...
#12 138.1 Setting up libltdl-dev:amd64 (2.4.7-7build1) ...
#12 138.2 Setting up libboost-timer1.83-dev:amd64 (1.83.0-2.1ubuntu3.2) ...
#12 138.2 Setting up libexpat1-dev:amd64 (2.6.1-2ubuntu0.4) ...
#12 138.3 Setting up libboost-program-options-dev:amd64 (1.83.0.1ubuntu2) ...
#12 138.3 Setting up libboost-container1.83-dev:amd64 (1.83.0-2.1ubuntu3.2) ...
#12 138.4 Setting up libboost-date-time1.83-dev:amd64 (1.83.0-2.1ubuntu3.2) ...
#12 138.4 Setting up libevent-dev (2.1.12-stable-9ubuntu2.1) ...
#12 138.5 Setting up gcc-13 (13.3.0-6ubuntu2~24.04.1) ...
#12 138.6 Setting up libboost-stacktrace1.83-dev:amd64 (1.83.0-2.1ubuntu3.2) ...
#12 138.6 Setting up libboost-regex1.83-dev:amd64 (1.83.0-2.1ubuntu3.2) ...
#12 138.7 Setting up libboost-serialization-dev:amd64 (1.83.0.1ubuntu2) ...
#12 138.7 Setting up git (1:2.43.0-1ubuntu7.3) ...
#12 138.8 Setting up libboost-date-time-dev:amd64 (1.83.0.1ubuntu2) ...
#12 138.9 Setting up libboost-atomic1.83-dev:amd64 (1.83.0-2.1ubuntu3.2) ...
#12 139.0 Setting up llvm-18-linker-tools (1:18.1.3-1ubuntu1) ...
#12 139.0 Setting up zlib1g-dev:amd64 (1:1.3.dfsg-3.1ubuntu2.2) ...
#12 139.2 Setting up libboost-atomic-dev:amd64 (1.83.0.1ubuntu2) ...
#12 139.3 Setting up libboost-exception1.83-dev:amd64 (1.83.0-2.1ubuntu3.2) ...
#12 139.3 Setting up cpp (4:13.2.0-7ubuntu1) ...
#12 139.4 Setting up libboost-stacktrace-dev:amd64 (1.83.0.1ubuntu2) ...
#12 139.5 Setting up cmake (3.28.3-1build7) ...
#12 139.5 Setting up mysql-client-8.0 (8.0.46-0ubuntu0.24.04.4) ...
#12 139.6 Setting up librdmacm1t64:amd64 (50.0-2ubuntu0.2) ...
#12 139.6 Setting up libhwloc-dev:amd64 (2.10.0-1build1) ...
#12 139.7 Setting up libboost-dev:amd64 (1.83.0.1ubuntu2) ...
#12 139.7 Setting up curl (8.5.0-2ubuntu10.13) ...
#12 139.8 Setting up libboost-system1.83-dev:amd64 (1.83.0-2.1ubuntu3.2) ...
#12 139.9 Setting up libboost-regex-dev:amd64 (1.83.0.1ubuntu2) ...
#12 139.9 Setting up libclang-cpp18 (1:18.1.3-1ubuntu1) ...
#12 140.0 Setting up libboost-timer-dev:amd64 (1.83.0.1ubuntu2) ...
#12 140.0 Setting up libhsakmt1:amd64 (5.7.0-1build1) ...
#12 140.1 Setting up libmysqlclient-dev (8.0.46-0ubuntu0.24.04.4) ...
#12 140.1 Setting up libpython3-stdlib:amd64 (3.12.3-0ubuntu2.1) ...
#12 140.2 Setting up default-mysql-client (1.1.0build1) ...
#12 140.2 Setting up default-libmysqlclient-dev:amd64 (1.1.0build1) ...
#12 140.3 Setting up libboost-thread1.83-dev:amd64 (1.83.0-2.1ubuntu3.2) ...
#12 140.4 Setting up libfabric1:amd64 (1.17.0-3build2) ...
#12 140.4 Setting up libboost-json1.83-dev:amd64 (1.83.0-2.1ubuntu3.2) ...
#12 140.5 Setting up libboost-locale1.83-dev:amd64 (1.83.0-2.1ubuntu3.2) ...
#12 140.6 Setting up g++-13-x86-64-linux-gnu (13.3.0-6ubuntu2~24.04.1) ...
#12 140.6 Setting up gcc-x86-64-linux-gnu (4:13.2.0-7ubuntu1) ...
#12 140.7 Setting up libtool (2.4.7-7build1) ...
#12 140.7 Setting up libboost-iostreams1.83-dev:amd64 (1.83.0-2.1ubuntu3.2) ...
#12 140.8 Setting up libboost-system-dev:amd64 (1.83.0.1ubuntu2) ...
#12 140.9 Setting up libboost-type-erasure1.83-dev:amd64 (1.83.0-2.1ubuntu3.2) ...
#12 140.9 Setting up libboost-url1.83-dev:amd64 (1.83.0-2.1ubuntu3.2) ...
#12 141.0 Setting up libboost-locale-dev:amd64 (1.83.0.1ubuntu2) ...
#12 141.1 Setting up clang-18 (1:18.1.3-1ubuntu1) ...
#12 141.1 Setting up python3 (3.12.3-0ubuntu2.1) ...
#12 141.4 Setting up libpython3.12-dev:amd64 (3.12.3-1ubuntu0.16) ...
#12 141.5 Setting up libboost-filesystem1.83-dev:amd64 (1.83.0-2.1ubuntu3.2) ...
#12 141.5 Setting up libboost-exception-dev:amd64 (1.83.0.1ubuntu2) ...
#12 141.6 Setting up libboost-iostreams-dev:amd64 (1.83.0.1ubuntu2) ...
#12 141.6 Setting up libibverbs-dev:amd64 (50.0-2ubuntu0.2) ...
#12 141.7 Setting up libhwloc-plugins:amd64 (2.10.0-1build1) ...
#12 141.7 Setting up libboost-graph1.83-dev:amd64 (1.83.0-2.1ubuntu3.2) ...
#12 141.8 Setting up libboost-container-dev:amd64 (1.83.0.1ubuntu2) ...
#12 141.9 Setting up gcc (4:13.2.0-7ubuntu1) ...
#12 142.0 Setting up libboost-type-erasure-dev:amd64 (1.83.0.1ubuntu2) ...
#12 142.0 Setting up libmysql++-dev:amd64 (3.2.5-2.3) ...
#12 142.1 Setting up libboost-context1.83-dev:amd64 (1.83.0-2.1ubuntu3.2) ...
#12 142.1 Setting up libboost-coroutine1.83-dev:amd64 (1.83.0-2.1ubuntu3.2) ...
#12 142.2 Setting up libboost-fiber1.83-dev:amd64 (1.83.0-2.1ubuntu3.2) ...
#12 142.2 Setting up gfortran-13 (13.3.0-6ubuntu2~24.04.1) ...
#12 142.3 Setting up clang (1:18.0-59~exp2) ...
#12 142.4 Setting up python3.12-dev (3.12.3-1ubuntu0.16) ...
#12 142.5 Setting up libboost-random1.83-dev:amd64 (1.83.0-2.1ubuntu3.2) ...
#12 142.5 Setting up libpmix2t64:amd64 (5.0.1-4.1build1) ...
#12 142.6 Setting up libhsa-runtime64-1 (5.7.1-2build1) ...
#12 142.6 Setting up g++-x86-64-linux-gnu (4:13.2.0-7ubuntu1) ...
#12 142.7 Setting up libboost-url-dev:amd64 (1.83.0.1ubuntu2) ...
#12 142.7 Setting up libboost-coroutine-dev:amd64 (1.83.0.1ubuntu2) ...
#12 142.8 Setting up libboost-log1.83-dev (1.83.0-2.1ubuntu3.2) ...
#12 142.9 Setting up libboost-json-dev:amd64 (1.83.0.1ubuntu2) ...
#12 142.9 Setting up libboost-log-dev (1.83.0.1ubuntu2) ...
#12 143.0 Setting up libboost-filesystem-dev:amd64 (1.83.0.1ubuntu2) ...
#12 143.0 Setting up libpmix-dev:amd64 (5.0.1-4.1build1) ...
#12 143.1 Setting up libboost-thread-dev:amd64 (1.83.0.1ubuntu2) ...
#12 143.1 Setting up libboost-fiber-dev:amd64 (1.83.0.1ubuntu2) ...
#12 143.2 Setting up g++-13 (13.3.0-6ubuntu2~24.04.1) ...
#12 143.3 Setting up libboost-graph-dev:amd64 (1.83.0.1ubuntu2) ...
#12 143.3 Setting up libpython3-dev:amd64 (3.12.3-0ubuntu2.1) ...
#12 143.4 Setting up libboost-wave1.83-dev:amd64 (1.83.0-2.1ubuntu3.2) ...
#12 143.4 Setting up libboost-random-dev:amd64 (1.83.0.1ubuntu2) ...
#12 143.5 Setting up libboost-wave-dev:amd64 (1.83.0.1ubuntu2) ...
#12 143.5 Setting up libboost-context-dev:amd64 (1.83.0.1ubuntu2) ...
#12 143.6 Setting up libamdhip64-5 (5.7.1-3) ...
#12 143.7 Setting up python3-dev (3.12.3-0ubuntu2.1) ...
#12 143.7 Setting up libboost-python1.83-dev (1.83.0-2.1ubuntu3.2) ...
#12 143.8 Setting up g++ (4:13.2.0-7ubuntu1) ...
#12 143.8 update-alternatives: using /usr/bin/g++ to provide /usr/bin/c++ (c++) in auto mode
#12 143.8 update-alternatives: warning: skip creation of /usr/share/man/man1/c++.1.gz because associated file /usr/share/man/man1/g++.1.gz (of link group c++) doesn't exist
#12 143.8 Setting up build-essential (12.10ubuntu1) ...
#12 143.9 Setting up libucx0:amd64 (1.16.0+ds-5ubuntu1) ...
#12 144.0 Setting up libboost-python-dev (1.83.0.1ubuntu2) ...
#12 144.0 Setting up libopenmpi3t64:amd64 (4.1.6-7ubuntu2) ...
#12 144.1 Setting up libboost-mpi1.83.0 (1.83.0-2.1ubuntu3.2) ...
#12 144.1 Setting up openmpi-bin (4.1.6-7ubuntu2) ...
#12 144.4 update-alternatives: using /usr/bin/mpirun.openmpi to provide /usr/bin/mpirun (mpirun) in auto mode
#12 144.4 update-alternatives: warning: skip creation of /usr/share/man/man1/mpirun.1.gz because associated file /usr/share/man/man1/mpirun.openmpi.1.gz (of link group mpirun) doesn't exist
#12 144.4 update-alternatives: warning: skip creation of /usr/share/man/man1/mpiexec.1.gz because associated file /usr/share/man/man1/mpiexec.openmpi.1.gz (of link group mpirun) doesn't exist
#12 144.4 update-alternatives: using /usr/bin/mpicc.openmpi to provide /usr/bin/mpicc (mpi) in auto mode
#12 144.4 update-alternatives: warning: skip creation of /usr/share/man/man1/mpicc.1.gz because associated file /usr/share/man/man1/mpicc.openmpi.1.gz (of link group mpi) doesn't exist
#12 144.4 update-alternatives: warning: skip creation of /usr/share/man/man1/mpic++.1.gz because associated file /usr/share/man/man1/mpic++.openmpi.1.gz (of link group mpi) doesn't exist
#12 144.4 update-alternatives: warning: skip creation of /usr/share/man/man1/mpicxx.1.gz because associated file /usr/share/man/man1/mpicxx.openmpi.1.gz (of link group mpi) doesn't exist
#12 144.4 update-alternatives: warning: skip creation of /usr/share/man/man1/mpiCC.1.gz because associated file /usr/share/man/man1/mpiCC.openmpi.1.gz (of link group mpi) doesn't exist
#12 144.4 update-alternatives: warning: skip creation of /usr/share/man/man1/mpif77.1.gz because associated file /usr/share/man/man1/mpif77.openmpi.1.gz (of link group mpi) doesn't exist
#12 144.4 update-alternatives: warning: skip creation of /usr/share/man/man1/mpif90.1.gz because associated file /usr/share/man/man1/mpif90.openmpi.1.gz (of link group mpi) doesn't exist
#12 144.4 update-alternatives: warning: skip creation of /usr/share/man/man1/mpifort.1.gz because associated file /usr/share/man/man1/mpifort.openmpi.1.gz (of link group mpi) doesn't exist
#12 144.4 Setting up libboost-graph-parallel1.83.0 (1.83.0-2.1ubuntu3.2) ...
#12 144.5 Setting up mpi-default-bin (1.15build1) ...
#12 144.5 Setting up libopenmpi-dev:amd64 (4.1.6-7ubuntu2) ...
#12 144.6 update-alternatives: using /usr/lib/x86_64-linux-gnu/openmpi/include to provide /usr/include/x86_64-linux-gnu/mpi (mpi-x86_64-linux-gnu) in auto mode
#12 144.6 Setting up libboost-graph-parallel1.83-dev (1.83.0-2.1ubuntu3.2) ...
#12 144.7 Setting up libboost-mpi-python1.83.0 (1.83.0-2.1ubuntu3.2) ...
#12 144.9 Setting up libboost-graph-parallel-dev (1.83.0.1ubuntu2) ...
#12 145.0 Setting up mpi-default-dev (1.15build1) ...
#12 145.0 Setting up libboost-mpi1.83-dev (1.83.0-2.1ubuntu3.2) ...
#12 145.1 Setting up libboost-mpi-dev (1.83.0.1ubuntu2) ...
#12 145.2 Setting up libboost-mpi-python1.83-dev (1.83.0-2.1ubuntu3.2) ...
#12 145.2 Setting up libboost-mpi-python-dev (1.83.0.1ubuntu2) ...
#12 145.3 Setting up libboost-all-dev (1.83.0.1ubuntu2) ...
#12 145.3 Processing triggers for libc-bin (2.39-0ubuntu8.8) ...
#12 DONE 146.0s

#19 [ac-db-import build 2/8] COPY CMakeLists.txt /azerothcore/CMakeLists.txt
#19 DONE 0.5s

#20 [ac-db-import build 3/8] COPY conf /azerothcore/conf
#20 DONE 0.2s

#21 [ac-worldserver build 4/8] COPY deps /azerothcore/deps
#21 DONE 0.5s

#22 [ac-db-import build 5/8] COPY src /azerothcore/src
#22 DONE 0.6s

#23 [ac-db-import build 6/8] COPY modules /azerothcore/modules
#23 DONE 0.7s

#24 [ac-authserver build 7/8] WORKDIR /azerothcore/build
#24 DONE 0.2s

#25 [ac-authserver build 8/8] RUN --mount=type=cache,target=/ccache,sharing=locked     --mount=type=bind,target=/azerothcore/.git,source=.git     git config --global --add safe.directory /azerothcore     && cmake /azerothcore        -G Ninja        -DCMAKE_INSTALL_PREFIX="/azerothcore/env/dist"         -DAPPS_BUILD="all"                                     -DTOOLS_BUILD="all"                          -DSCRIPTS="static"                                  -DMODULES="static"                                  -DWITH_WARNINGS="ON"                      -DCMAKE_BUILD_TYPE="RelWithDebInfo"                            -DCMAKE_CXX_COMPILER="clang++"                         -DCMAKE_C_COMPILER="clang"                             -DCMAKE_CXX_COMPILER_LAUNCHER="ccache"                 -DCMAKE_C_COMPILER_LAUNCHER="ccache"                   -DBoost_USE_STATIC_LIBS="ON"                        && cmake --build . --config "RelWithDebInfo" -j $(($(nproc) + 1))     && cmake --install . --config "RelWithDebInfo"
#25 0.385 -- CMake version: 3.28.3
#25 0.545 -- The CXX compiler identification is Clang 18.1.3
#25 0.650 -- The C compiler identification is Clang 18.1.3
#25 0.699 -- Detecting CXX compiler ABI info
#25 0.903 -- Detecting CXX compiler ABI info - done
#25 0.915 -- Check for working CXX compiler: /usr/bin/clang++ - skipped
#25 0.915 -- Detecting CXX compile features
#25 0.916 -- Detecting CXX compile features - done
#25 0.955 -- Detecting C compiler ABI info
#25 1.103 -- Detecting C compiler ABI info - done
#25 1.115 -- Check for working C compiler: /usr/bin/clang - skipped
#25 1.115 -- Detecting C compile features
#25 1.116 -- Detecting C compile features - done
#25 1.124 -- Running cmake hook: AFTER_LOAD_CONF
#25 1.124 -- No hooks registered for AFTER_LOAD_CONF
#25 1.125 -- Enabled С++20 standard
#25 1.125 -- Detected 64-bit platform
#25 1.125 -- Detected amd64 processor architecture
#25 1.125 -- UNIX: Using jemalloc
#25 1.126 -- UNIX: Using default configuration directory
#25 1.126 -- UNIX: Using default library directory
#25 1.126 -- UNIX: Configuring uninstall target
#25 1.126 -- UNIX: Created uninstall target
#25 1.126 -- UNIX: Detected compiler: /usr/bin/clang
#25 1.126 -- Clang: disable pch timestamp when ccache and pch enabled
#25 1.126 -- Clang: Minimum version required is 10.0.0, found 18.1.3 - ok!
#25 1.127 -- Performing Test CLANG_HAVE_PROPER_CHARCONV
#25 1.432 -- Performing Test CLANG_HAVE_PROPER_CHARCONV - Success
#25 1.432 -- Clang: All warnings enabled
#25 1.433 -- Running cmake hook: AFTER_LOAD_CMAKE_MODULES
#25 1.433 -- No hooks registered for AFTER_LOAD_CMAKE_MODULES
#25 1.434 -- Using mysql-config: /usr/bin/mysql_config
#25 1.475 -- Found MySQL:    
#25 1.486 -- Found MySQL version: 8.0.46
#25 1.487 -- Found git binary : /usr/bin/git
#25 2.212 
#25 2.212 * AzerothCore revision            : 413bea61a85e+ 2026-09-04 09:03:49 -0700 (Playerbot branch)
#25 2.212 * AzerothCore buildtype           : RelWithDebInfo
#25 2.212 
#25 2.212 * Install core to                 : /azerothcore/env/dist
#25 2.212 * Install libraries to            : /azerothcore/env/dist/lib
#25 2.212 * Install configs to              : /azerothcore/env/dist/etc
#25 2.212 
#25 2.212 * Build applications              : Yes (all)
#25 2.212 * Build tools                     : Yes (all)
#25 2.212 * Build with scripts              : Yes (static)
#25 2.212 * Build with modules              : Yes (static)
#25 2.212 * Build unit tests                : No  (default)
#25 2.212 * Build core w/PCH                : Yes (default)
#25 2.212 * Build scripts w/PCH             : Yes (default)
#25 2.212 * Show all warnings               : Yes
#25 2.212 * Use coreside debug              : No  (default)
#25 2.212 * Use unix gperftools             : No  (default)
#25 2.212 * Use GIT revision hash           : Yes (default)
#25 2.212 * Use stub for libsidecar         : Yes
#25 2.212 * Enable vmap DisableMgr checks   : Yes (default)
#25 2.212 * Show source tree                : No (For UNIX default)
#25 2.212 
#25 2.372 -- Found Boost: /usr/lib/x86_64-linux-gnu/cmake/Boost-1.83.0/BoostConfig.cmake (found suitable version "1.83.0", minimum required is "1.74") found components: filesystem program_options iostreams regex thread 
#25 2.377 -- Looking for MADV_FREE
#25 2.494 -- Looking for MADV_FREE - found
#25 2.505 -- Found OpenSSL: /usr/lib/x86_64-linux-gnu/libcrypto.so (found version "3.0.13") found components: Crypto SSL 
#25 2.507 -- Looking for C++ include filesystem
#25 3.881 -- Looking for C++ include filesystem - found
#25 3.882 -- Performing Test CXX_FILESYSTEM_NO_LINK_NEEDED
#25 5.288 -- Performing Test CXX_FILESYSTEM_NO_LINK_NEEDED - Success
#25 5.292 -- Found Threads: TRUE  
#25 5.305 -- Found ZLIB: /usr/lib/x86_64-linux-gnu/libz.so (found version "1.3")  
#25 5.313 -- Found Readline library: /usr/lib/x86_64-linux-gnu/libreadline.so
#25 5.313 -- Include dir is: /usr/include
#25 5.322 -- Found BZip2: /usr/lib/x86_64-linux-gnu/libbz2.so (found version "1.0.8") 
#25 5.322 -- Looking for BZ2_bzCompressInit
#25 5.448 -- Looking for BZ2_bzCompressInit - found
#25 5.493 -- Running cmake hook: BEFORE_SRC_LOAD
#25 5.493 -- No hooks registered for BEFORE_SRC_LOAD
#25 5.496 
#25 5.496 * Apps build list (all):
#25 5.496   |
#25 5.496   +- apps
#25 5.496   |   +- authserver
#25 5.496   |   +- worldserver
#25 5.496   |
#25 5.496 
#25 5.518 -- Running cmake hook: BEFORE_GAME_LIBRARY
#25 5.518 -- No hooks registered for BEFORE_GAME_LIBRARY
#25 5.638 -- Running cmake hook: AFTER_GAME_LIBRARY
#25 5.638 -- No hooks registered for AFTER_GAME_LIBRARY
#25 5.639 -- Running cmake hook: BEFORE_SCRIPTS_LIBRARY
#25 5.639 -- No hooks registered for BEFORE_SCRIPTS_LIBRARY
#25 5.640 * Script configuration (static):
#25 5.640   |
#25 5.640   +- worldserver
#25 5.640   |   +- Commands
#25 5.640   |   +- Custom
#25 5.640   |   +- EasternKingdoms
#25 5.640   |   +- Events
#25 5.640   |   +- Kalimdor
#25 5.640   |   +- Northrend
#25 5.640   |   +- OutdoorPvP
#25 5.640   |   +- Outland
#25 5.640   |   +- Pet
#25 5.640   |   +- Spells
#25 5.640   |   +- World
#25 5.640   |
#25 5.770 
#25 5.771 
#25 5.771 * Tools build list (all):
#25 5.771   |
#25 5.771   +- tools
#25 5.771   |   +- dbimport
#25 5.771   |   +- map_extractor
#25 5.771   |   +- mmaps_generator
#25 5.771   |   +- vmap4_assembler
#25 5.771   |   +- vmap4_extractor
#25 5.771   |
#25 5.771 
#25 5.784 * Modules configuration (static):
#25 5.784   |
#25 5.784   +- worldserver
#25 5.784   |   +- mod-playerbots
#25 5.784   |
#25 5.784 
#25 6.062 -- * Modules config list:
#25 6.062   |
#25 6.062 --   +- mod-playerbots
#25 6.062 --   |  * playerbots.conf
#25 6.062 
#25 6.062 -- Running cmake hook: AFTER_SRC_LOAD
#25 6.062 -- No hooks registered for AFTER_SRC_LOAD
#25 6.066 -- Configuring done (5.7s)
#25 6.622 -- Generating done (0.4s)
#25 6.707 -- Build files have been written to: /azerothcore/build
#25 7.197 [1/1834] Building C object deps/argon2/CMakeFiles/argon2.dir/argon2/thread.c.o
#25 7.209 [2/1834] Building C object deps/argon2/CMakeFiles/argon2.dir/argon2/argon2.c.o
#25 7.223 [3/1834] Building C object deps/argon2/CMakeFiles/argon2.dir/argon2/core.c.o
#25 7.230 [4/1834] Building C object deps/argon2/CMakeFiles/argon2.dir/argon2/blake2/blake2b.c.o
#25 7.244 [5/1834] Building C object deps/argon2/CMakeFiles/argon2.dir/argon2/encoding.c.o
#25 7.269 [6/1834] Building C object deps/SFMT/CMakeFiles/sfmt.dir/SFMT.c.o
#25 7.310 [7/1834] Building C object deps/argon2/CMakeFiles/argon2.dir/argon2/opt.c.o
#25 7.339 [8/1834] Linking CXX static library deps/SFMT/libsfmt.a
#25 7.380 [9/1834] Linking CXX static library deps/argon2/libargon2.a
#25 7.473 [10/1834] Building C object deps/jemalloc/CMakeFiles/jemalloc.dir/src/div.c.o
#25 7.634 [11/1834] Building C object deps/jemalloc/CMakeFiles/jemalloc.dir/src/bitmap.c.o
#25 7.823 [12/1834] Building C object deps/jemalloc/CMakeFiles/jemalloc.dir/src/base.c.o
#25 7.881 [13/1834] Building C object deps/jemalloc/CMakeFiles/jemalloc.dir/src/hook.c.o
#25 7.960 [14/1834] Building C object deps/jemalloc/CMakeFiles/jemalloc.dir/src/hash.c.o
#25 8.033 [15/1834] Building C object deps/jemalloc/CMakeFiles/jemalloc.dir/src/bin.c.o
#25 8.038 [16/1834] Building C object deps/jemalloc/CMakeFiles/jemalloc.dir/src/background_thread.c.o
#25 8.040 [17/1834] Building C object deps/jemalloc/CMakeFiles/jemalloc.dir/src/ckh.c.o
#25 8.112 [18/1834] Building C object deps/jemalloc/CMakeFiles/jemalloc.dir/src/extent_mmap.c.o
#25 8.148 [19/1834] Building C object deps/jemalloc/CMakeFiles/jemalloc.dir/src/extent_dss.c.o
#25 8.642 [20/1834] Building C object deps/jemalloc/CMakeFiles/jemalloc.dir/src/mutex.c.o
#25 8.671 [21/1834] Building C object deps/jemalloc/CMakeFiles/jemalloc.dir/src/log.c.o
#25 8.900 [22/1834] Building C object deps/jemalloc/CMakeFiles/jemalloc.dir/src/nstime.c.o
#25 8.903 [23/1834] Building CXX object deps/jemalloc/CMakeFiles/jemalloc.dir/src/jemalloc_cpp.cpp.o
#25 8.979 [24/1834] Building C object deps/jemalloc/CMakeFiles/jemalloc.dir/src/prng.c.o
#25 9.084 [25/1834] Building C object deps/jemalloc/CMakeFiles/jemalloc.dir/src/malloc_io.c.o
#25 9.092 [26/1834] Building C object deps/jemalloc/CMakeFiles/jemalloc.dir/src/ctl.c.o
#25 9.103 [27/1834] Building C object deps/jemalloc/CMakeFiles/jemalloc.dir/src/pages.c.o
#25 9.140 [28/1834] Building CXX object deps/fmt/CMakeFiles/fmt.dir/src/os.cc.o
#25 9.150 [29/1834] Building C object deps/jemalloc/CMakeFiles/jemalloc.dir/src/mutex_pool.c.o
#25 9.179 [30/1834] Building C object deps/jemalloc/CMakeFiles/jemalloc.dir/src/large.c.o
#25 9.269 [31/1834] Building C object deps/jemalloc/CMakeFiles/jemalloc.dir/src/arena.c.o
#25 9.276 [32/1834] Building C object deps/jemalloc/CMakeFiles/jemalloc.dir/src/sz.c.o
#25 9.321 [33/1834] Building C object deps/jemalloc/CMakeFiles/jemalloc.dir/src/sc.c.o
#25 9.346 [34/1834] Building C object deps/jemalloc/CMakeFiles/jemalloc.dir/src/rtree.c.o
#25 9.505 [35/1834] Building C object deps/jemalloc/CMakeFiles/jemalloc.dir/src/test_hooks.c.o
#25 9.561 [36/1834] Building C object deps/jemalloc/CMakeFiles/jemalloc.dir/src/safety_check.c.o
#25 9.875 [37/1834] Building C object deps/jemalloc/CMakeFiles/jemalloc.dir/src/ticker.c.o
#25 9.993 [38/1834] Building C object deps/jemalloc/CMakeFiles/jemalloc.dir/src/tsd.c.o
#25 10.04 [39/1834] Building C object deps/jemalloc/CMakeFiles/jemalloc.dir/src/extent.c.o
#25 10.07 [40/1834] Building C object deps/jemalloc/CMakeFiles/jemalloc.dir/src/jemalloc.c.o
#25 10.22 [41/1834] Building C object deps/jemalloc/CMakeFiles/jemalloc.dir/src/stats.c.o
#25 10.25 [42/1834] Building C object deps/jemalloc/CMakeFiles/jemalloc.dir/src/prof.c.o
#25 10.29 [43/1834] Building C object deps/jemalloc/CMakeFiles/jemalloc.dir/src/tcache.c.o
#25 10.36 [44/1834] Building C object deps/jemalloc/CMakeFiles/jemalloc.dir/src/witness.c.o
#25 10.51 [45/1834] Linking CXX static library deps/jemalloc/libjemalloc.a
#25 11.01 [46/1834] Building CXX object deps/g3dlite/CMakeFiles/g3dlib.dir/source/BinaryFormat.cpp.o
#25 11.76 [47/1834] Building CXX object deps/g3dlite/CMakeFiles/g3dlib.dir/source/Crypto.cpp.o
#25 11.78 [48/1834] Building CXX object deps/g3dlite/CMakeFiles/g3dlib.dir/source/debugAssert.cpp.o
#25 12.27 [49/1834] Building CXX object deps/g3dlite/CMakeFiles/g3dlib.dir/source/AABox.cpp.o
#25 12.45 [50/1834] Building CXX object deps/g3dlite/CMakeFiles/g3dlib.dir/source/AnyTableReader.cpp.o
#25 12.56 [51/1834] Building CXX object deps/g3dlite/CMakeFiles/g3dlib.dir/source/Cylinder.cpp.o
#25 12.70 [52/1834] Building CXX object deps/g3dlite/CMakeFiles/g3dlib.dir/source/Capsule.cpp.o
#25 12.76 [53/1834] Building CXX object deps/g3dlite/CMakeFiles/g3dlib.dir/source/BinaryOutput.cpp.o
#25 12.88 [54/1834] Building CXX object deps/g3dlite/CMakeFiles/g3dlib.dir/source/Box.cpp.o
#25 12.97 [55/1834] Building CXX object deps/g3dlite/CMakeFiles/g3dlib.dir/source/g3dfnmatch.cpp.o
#25 12.97 [56/1834] Building CXX object deps/g3dlite/CMakeFiles/g3dlib.dir/source/format.cpp.o
#25 13.66 [57/1834] Building CXX object deps/g3dlite/CMakeFiles/g3dlib.dir/source/CollisionDetection.cpp.o
#25 13.73 [58/1834] Building CXX object deps/g3dlite/CMakeFiles/g3dlib.dir/source/CoordinateFrame.cpp.o
#25 14.00 [59/1834] Building CXX object deps/g3dlite/CMakeFiles/g3dlib.dir/source/g3dmath.cpp.o
#25 14.53 [60/1834] Building CXX object deps/g3dlite/CMakeFiles/g3dlib.dir/source/BinaryInput.cpp.o
#25 14.60 [61/1834] Building CXX object deps/g3dlite/CMakeFiles/g3dlib.dir/source/GThread.cpp.o
#25 14.75 [62/1834] Building CXX object deps/g3dlite/CMakeFiles/g3dlib.dir/source/FileSystem.cpp.o
#25 14.85 [63/1834] Building CXX object deps/g3dlite/CMakeFiles/g3dlib.dir/source/LineSegment.cpp.o
#25 14.92 [64/1834] Building CXX object deps/g3dlite/CMakeFiles/g3dlib.dir/source/MemoryManager.cpp.o
#25 14.98 [65/1834] Building CXX object deps/g3dlite/CMakeFiles/g3dlib.dir/source/fileutils.cpp.o
#25 15.10 [66/1834] Building CXX object deps/g3dlite/CMakeFiles/g3dlib.dir/source/Log.cpp.o
#25 15.20 [67/1834] Building CXX object deps/g3dlite/CMakeFiles/g3dlib.dir/source/Line.cpp.o
#25 15.46 [68/1834] Building CXX object deps/g3dlite/CMakeFiles/g3dlib.dir/source/prompt.cpp.o
#25 15.55 [69/1834] Building CXX object deps/g3dlite/CMakeFiles/g3dlib.dir/source/Any.cpp.o
#25 15.57 [70/1834] Building CXX object deps/g3dlite/CMakeFiles/g3dlib.dir/source/PhysicsFrame.cpp.o
#25 15.61 [71/1834] Building CXX object deps/fmt/CMakeFiles/fmt.dir/src/format.cc.o
#25 15.69 [72/1834] Linking CXX static library deps/fmt/libfmt.a
#25 15.77 [73/1834] Building CXX object deps/g3dlite/CMakeFiles/g3dlib.dir/source/Matrix4.cpp.o
#25 15.94 [74/1834] Building CXX object deps/g3dlite/CMakeFiles/g3dlib.dir/source/Plane.cpp.o
#25 16.17 [75/1834] Building CXX object deps/g3dlite/CMakeFiles/g3dlib.dir/source/RegistryUtil.cpp.o
#25 16.20 [76/1834] Building CXX object deps/g3dlite/CMakeFiles/g3dlib.dir/source/Matrix3.cpp.o
#25 16.22 [77/1834] Building CXX object deps/g3dlite/CMakeFiles/g3dlib.dir/source/Random.cpp.o
#25 16.27 [78/1834] Building CXX object deps/recastnavigation/Detour/CMakeFiles/Detour.dir/Source/DetourAssert.cpp.o
#25 16.30 [79/1834] Building CXX object deps/recastnavigation/Detour/CMakeFiles/Detour.dir/Source/DetourAlloc.cpp.o
#25 16.72 [80/1834] Building CXX object deps/g3dlite/CMakeFiles/g3dlib.dir/source/Ray.cpp.o
#25 17.18 [81/1834] Building CXX object deps/g3dlite/CMakeFiles/g3dlib.dir/source/uint128.cpp.o
#25 17.20 [82/1834] Building CXX object deps/g3dlite/CMakeFiles/g3dlib.dir/source/Quat.cpp.o
#25 17.26 [83/1834] Building CXX object deps/g3dlite/CMakeFiles/g3dlib.dir/source/Sphere.cpp.o
#25 17.30 [84/1834] Building CXX object deps/recastnavigation/Detour/CMakeFiles/Detour.dir/Source/DetourCommon.cpp.o
#25 17.39 [85/1834] Building CXX object deps/recastnavigation/Recast/CMakeFiles/Recast.dir/Source/RecastAlloc.cpp.o
#25 17.41 [86/1834] Building CXX object deps/recastnavigation/Recast/CMakeFiles/Recast.dir/Source/RecastAssert.cpp.o
#25 17.49 [87/1834] Building CXX object deps/recastnavigation/Detour/CMakeFiles/Detour.dir/Source/DetourNavMeshBuilder.cpp.o
#25 17.54 [88/1834] Building CXX object deps/recastnavigation/Detour/CMakeFiles/Detour.dir/Source/DetourNavMesh.cpp.o
#25 17.55 [89/1834] Building CXX object deps/g3dlite/CMakeFiles/g3dlib.dir/source/Triangle.cpp.o
#25 17.83 [90/1834] Building CXX object deps/recastnavigation/Detour/CMakeFiles/Detour.dir/Source/DetourNode.cpp.o
#25 18.11 [91/1834] Building CXX object deps/g3dlite/CMakeFiles/g3dlib.dir/source/TextOutput.cpp.o
#25 18.17 [92/1834] Building CXX object deps/g3dlite/CMakeFiles/g3dlib.dir/source/stringutils.cpp.o
#25 18.22 [93/1834] Building CXX object deps/g3dlite/CMakeFiles/g3dlib.dir/source/Vector2.cpp.o
#25 18.23 [94/1834] Building CXX object deps/recastnavigation/Recast/CMakeFiles/Recast.dir/Source/RecastFilter.cpp.o
#25 18.54 [95/1834] Building CXX object deps/recastnavigation/Recast/CMakeFiles/Recast.dir/Source/RecastLayers.cpp.o
#25 18.57 [96/1834] Building CXX object deps/recastnavigation/Recast/CMakeFiles/Recast.dir/Source/RecastArea.cpp.o
#25 18.76 [97/1834] Building CXX object deps/recastnavigation/Recast/CMakeFiles/Recast.dir/Source/Recast.cpp.o
#25 18.78 [98/1834] Building CXX object deps/g3dlite/CMakeFiles/g3dlib.dir/source/Vector3.cpp.o
#25 18.82 [99/1834] Building CXX object deps/g3dlite/CMakeFiles/g3dlib.dir/source/System.cpp.o
#25 18.87 [100/1834] Building CXX object deps/recastnavigation/Detour/CMakeFiles/Detour.dir/Source/DetourNavMeshQuery.cpp.o
#25 18.90 [101/1834] Building C object deps/libmpq/CMakeFiles/mpq.dir/libmpq/common.c.o
#25 18.94 [102/1834] Building CXX object deps/recastnavigation/Recast/CMakeFiles/Recast.dir/Source/RecastRasterization.cpp.o
#25 18.98 [103/1834] Building C object deps/libmpq/CMakeFiles/mpq.dir/libmpq/extract.c.o
#25 18.99 [104/1834] Linking CXX static library deps/recastnavigation/Detour/libDetour.a
#25 19.09 [105/1834] Building C object deps/libsidecar/CMakeFiles/libsidecar.dir/stub/battleground-api.c.o
#25 19.11 [106/1834] Building C object deps/libmpq/CMakeFiles/mpq.dir/libmpq/huffman.c.o
#25 19.11 [107/1834] Building C object deps/libmpq/CMakeFiles/mpq.dir/libmpq/explode.c.o
#25 19.17 [108/1834] Building CXX object deps/g3dlite/CMakeFiles/g3dlib.dir/source/UprightFrame.cpp.o
#25 19.17 [109/1834] Building C object deps/libmpq/CMakeFiles/mpq.dir/libmpq/wave.c.o
#25 19.18 [110/1834] Building C object deps/libsidecar/CMakeFiles/libsidecar.dir/stub/events-guild.c.o
#25 19.20 [111/1834] Building C object deps/libsidecar/CMakeFiles/libsidecar.dir/stub/events-servers-registry.c.o
#25 19.21 [112/1834] Building C object deps/libsidecar/CMakeFiles/libsidecar.dir/stub/events-group.c.o
#25 19.27 [113/1834] Building C object deps/libsidecar/CMakeFiles/libsidecar.dir/stub/player-interactions-api.c.o
#25 19.28 [114/1834] Building C object deps/libsidecar/CMakeFiles/libsidecar.dir/stub/monitoring.c.o
#25 19.30 [115/1834] Building C object deps/libsidecar/CMakeFiles/libsidecar.dir/stub/player-items-api.c.o
#25 19.31 [116/1834] Building C object deps/libmpq/CMakeFiles/mpq.dir/libmpq/mpq.c.o
#25 19.31 [117/1834] Building C object deps/libsidecar/CMakeFiles/libsidecar.dir/stub/player-money-api.c.o
#25 19.31 [118/1834] Building CXX object deps/recastnavigation/Recast/CMakeFiles/Recast.dir/Source/RecastMesh.cpp.o
#25 19.37 [119/1834] Building C object deps/libsidecar/CMakeFiles/libsidecar.dir/stub/libsidecar.c.o
#25 19.39 [120/1834] Building CXX object deps/g3dlite/CMakeFiles/g3dlib.dir/source/Vector4.cpp.o
#25 19.39 [121/1834] Linking CXX static library deps/libmpq/libmpq.a
#25 19.48 [122/1834] Linking CXX static library deps/libsidecar/liblibsidecar.a
#25 19.49 [123/1834] Building CXX object src/server/shared/CMakeFiles/shared.dir/SharedDefines.cpp.o
#25 19.63 [124/1834] Building CXX object deps/recastnavigation/Recast/CMakeFiles/Recast.dir/Source/RecastContour.cpp.o
#25 20.09 [125/1834] cd /azerothcore && /usr/bin/cmake -DBUILDDIR="/azerothcore/build" -P /azerothcore/src/cmake/genrev.cmake /azerothcore/build
#25 20.29 [126/1834] Building CXX object deps/gsoap/CMakeFiles/gsoap.dir/soapServer.cpp.o
#25 20.40 [127/1834] Building CXX object deps/g3dlite/CMakeFiles/g3dlib.dir/source/TextInput.cpp.o
#25 20.79 [128/1834] Building CXX object deps/gsoap/CMakeFiles/gsoap.dir/soapC.cpp.o
#25 20.84 [129/1834] Linking CXX static library deps/g3dlite/libg3dlib.a
#25 21.10 [130/1834] Building CXX object src/server/shared/CMakeFiles/shared.dir/enuminfo_SharedDefines.cpp.o
#25 21.32 [131/1834] Building CXX object deps/recastnavigation/Recast/CMakeFiles/Recast.dir/Source/RecastMeshDetail.cpp.o
#25 21.51 [132/1834] Building CXX object deps/recastnavigation/Recast/CMakeFiles/Recast.dir/Source/RecastRegion.cpp.o
#25 21.73 [133/1834] Linking CXX static library deps/recastnavigation/Recast/libRecast.a
#25 22.72 [134/1834] Building CXX object src/tools/CMakeFiles/map_extractor.dir/map_extractor/adt.cpp.o
#25 23.91 [135/1834] Building CXX object src/server/shared/CMakeFiles/shared.dir/DataStores/DBCStore.cpp.o
#25 24.48 [136/1834] Building CXX object src/server/shared/CMakeFiles/shared.dir/DataStores/DBCDatabaseLoader.cpp.o
#25 24.86 [137/1834] Building CXX object src/tools/CMakeFiles/map_extractor.dir/map_extractor/dbcfile.cpp.o
#25 25.32 [138/1834] Building CXX object src/server/shared/CMakeFiles/shared.dir/Packets/ByteBuffer.cpp.o
#25 25.39 [139/1834] Building CXX object src/tools/CMakeFiles/map_extractor.dir/map_extractor/loadlib.cpp.o
#25 25.82 [140/1834] Building CXX object src/tools/CMakeFiles/map_extractor.dir/map_extractor/wdt.cpp.o
#25 25.99 [141/1834] Building CXX object src/tools/CMakeFiles/map_extractor.dir/map_extractor/mpq_libmpq.cpp.o
#25 26.49 [142/1834] Building CXX object src/common/CMakeFiles/common.dir/cmake_pch.hxx.pch
#25 26.51 [143/1834] Building CXX object src/server/shared/CMakeFiles/shared.dir/Realms/Realm.cpp.o
#25 27.24 [144/1834] Building CXX object src/server/database/CMakeFiles/database.dir/cmake_pch.hxx.pch
#25 27.27 [145/1834] Building CXX object src/common/CMakeFiles/common.dir/Banner.cpp.o
#25 27.36 [146/1834] Building CXX object src/server/shared/CMakeFiles/shared.dir/Secrets/SecretMgr.cpp.o
#25 27.48 [147/1834] Building CXX object src/common/CMakeFiles/common.dir/Common.cpp.o
#25 28.05 [148/1834] Building CXX object src/common/CMakeFiles/common.dir/GitRevision.cpp.o
#25 28.51 [149/1834] Building CXX object src/tools/CMakeFiles/map_extractor.dir/map_extractor/System.cpp.o
#25 28.86 [150/1834] Building CXX object src/common/CMakeFiles/common.dir/Collision/Management/MMapMgr.cpp.o
#25 28.88 [151/1834] Building CXX object src/common/CMakeFiles/common.dir/Collision/BoundingIntervalHierarchy.cpp.o
#25 28.95 [152/1834] Building CXX object deps/gsoap/CMakeFiles/gsoap.dir/stdsoap2.cpp.o
#25 29.10 [153/1834] Building CXX object src/common/CMakeFiles/common.dir/Collision/Management/VMapFactory.cpp.o
#25 29.13 [154/1834] Linking CXX static library deps/gsoap/libgsoap.a
#25 29.90 [155/1834] Building CXX object src/common/CMakeFiles/common.dir/Collision/Management/VMapMgr2.cpp.o
#25 29.90 [156/1834] Building CXX object src/common/CMakeFiles/common.dir/Collision/DynamicTree.cpp.o
#25 29.91 [157/1834] Building CXX object src/tools/CMakeFiles/mmaps_generator.dir/mmaps_generator/IntermediateValues.cpp.o
#25 30.73 [158/1834] Building CXX object src/server/apps/CMakeFiles/authserver.dir/cmake_pch.hxx.pch
#25 30.93 [159/1834] Building CXX object src/common/CMakeFiles/common.dir/Collision/Management/WorldModelStore.cpp.o
#25 30.99 [160/1834] Building CXX object src/common/CMakeFiles/common.dir/Configuration/BuiltInConfig.cpp.o
#25 31.42 [161/1834] Building CXX object src/common/CMakeFiles/common.dir/Collision/Models/ModelInstance.cpp.o
#25 31.75 [162/1834] Building CXX object src/common/CMakeFiles/common.dir/Collision/Models/GameObjectModel.cpp.o
#25 32.06 [163/1834] Building CXX object src/common/CMakeFiles/common.dir/Cryptography/ARC4.cpp.o
#25 32.13 [164/1834] Building CXX object src/common/CMakeFiles/common.dir/Cryptography/AES.cpp.o
#25 32.37 [165/1834] Building CXX object src/common/CMakeFiles/common.dir/Cryptography/Argon2.cpp.o
#25 32.39 [166/1834] Building CXX object src/server/shared/CMakeFiles/shared.dir/Realms/RealmList.cpp.o
#25 32.47 [167/1834] Building CXX object src/server/apps/CMakeFiles/worldserver.dir/cmake_pch.hxx.pch
#25 32.78 [168/1834] Building CXX object src/common/CMakeFiles/common.dir/Cryptography/OpenSSLCrypto.cpp.o
#25 32.90 [169/1834] Building CXX object src/common/CMakeFiles/common.dir/Cryptography/BigNumber.cpp.o
#25 32.93 [170/1834] Building CXX object src/common/CMakeFiles/common.dir/Cryptography/CryptoRandom.cpp.o
#25 33.12 [171/1834] Building CXX object src/common/CMakeFiles/common.dir/Collision/Models/WorldModel.cpp.o
#25 33.34 [172/1834] Building CXX object src/common/CMakeFiles/common.dir/Cryptography/Authentication/AuthCrypt.cpp.o
#25 33.37 [173/1834] Building CXX object src/common/CMakeFiles/common.dir/Cryptography/TOTP.cpp.o
#25 33.62 [174/1834] Building CXX object src/common/CMakeFiles/common.dir/Collision/Maps/MapTree.cpp.o
#25 33.83 [175/1834] Building CXX object src/common/CMakeFiles/common.dir/DataStores/DBCFileLoader.cpp.o
#25 34.30 [176/1834] Building CXX object src/tools/CMakeFiles/dbimport.dir/dbimport/Main.cpp.o
#25 34.37 [177/1834] Building CXX object src/common/CMakeFiles/common.dir/Cryptography/Authentication/SRP6.cpp.o
#25 34.38 [178/1834] Building CXX object src/common/CMakeFiles/common.dir/Encoding/Base64.cpp.o
#25 34.39 [179/1834] Building CXX object src/common/CMakeFiles/common.dir/Encoding/Base32.cpp.o
#25 34.57 [180/1834] Building CXX object src/common/CMakeFiles/common.dir/Logging/Appender.cpp.o
#25 34.61 [181/1834] Building CXX object src/common/CMakeFiles/common.dir/Collision/Maps/TileAssembler.cpp.o
#25 34.95 [182/1834] Building CXX object src/common/CMakeFiles/common.dir/Logging/AppenderConsole.cpp.o
#25 35.18 [183/1834] Building CXX object src/common/CMakeFiles/common.dir/Logging/enuminfo_AppenderConsole.cpp.o
#25 35.21 [184/1834] Building CXX object src/common/CMakeFiles/common.dir/Logging/LogMessage.cpp.o
#25 35.27 [185/1834] Building CXX object src/common/CMakeFiles/common.dir/Logging/LogOperation.cpp.o
#25 35.38 [186/1834] Building CXX object src/common/CMakeFiles/common.dir/Logging/Logger.cpp.o
#25 35.42 [187/1834] Building CXX object src/common/CMakeFiles/common.dir/Logging/enuminfo_LogCommon.cpp.o
#25 35.43 [188/1834] Building CXX object src/common/CMakeFiles/common.dir/Logging/AppenderFile.cpp.o
#25 35.81 [189/1834] Building CXX object src/common/CMakeFiles/common.dir/Navigation/DetourExtended.cpp.o
#25 35.96 [190/1834] Building CXX object src/tools/CMakeFiles/mmaps_generator.dir/mmaps_generator/PathGenerator.cpp.o
#25 36.15 [191/1834] Building CXX object src/common/CMakeFiles/common.dir/Threading/ProcessPriority.cpp.o
#25 36.30 [192/1834] Building CXX object src/common/CMakeFiles/common.dir/Threading/Threading.cpp.o
#25 36.51 [193/1834] Building CXX object src/common/CMakeFiles/common.dir/IPLocation/IPLocation.cpp.o
#25 36.64 [194/1834] Building CXX object src/common/CMakeFiles/common.dir/Utilities/EventProcessor.cpp.o
#25 36.79 [195/1834] Building CXX object src/common/CMakeFiles/common.dir/Utilities/StringFormat.cpp.o
#25 36.85 [196/1834] Building CXX object src/common/CMakeFiles/common.dir/Utilities/SFMTRand.cpp.o
#25 37.41 [197/1834] Building CXX object src/tools/CMakeFiles/mmaps_generator.dir/mmaps_generator/MapBuilder.cpp.o
#25 37.42 [198/1834] Building CXX object src/common/CMakeFiles/common.dir/Utilities/EventMap.cpp.o
#25 37.59 [199/1834] Building CXX object src/common/CMakeFiles/common.dir/Utilities/Systemd.cpp.o
#25 37.75 [200/1834] Building CXX object src/common/CMakeFiles/common.dir/Utilities/Random.cpp.o
#25 37.98 [201/1834] Building CXX object src/common/CMakeFiles/common.dir/Utilities/Tokenize.cpp.o
#25 38.07 [202/1834] Building CXX object src/common/CMakeFiles/common.dir/Debugging/Errors.cpp.o
#25 38.38 [203/1834] Building CXX object src/common/CMakeFiles/common.dir/Utilities/Timer.cpp.o
#25 38.54 [204/1834] Building CXX object src/server/apps/CMakeFiles/authserver.dir/authserver/Authentication/AuthCodes.cpp.o
#25 39.54 [205/1834] Building CXX object src/common/CMakeFiles/common.dir/Utilities/TaskScheduler.cpp.o
#25 39.56 [206/1834] Building CXX object src/common/CMakeFiles/common.dir/Utilities/Util.cpp.o
#25 39.66 [207/1834] Building CXX object src/common/CMakeFiles/common.dir/Logging/Log.cpp.o
#25 40.08 [208/1834] Building CXX object src/common/CMakeFiles/common.dir/Configuration/Config.cpp.o
#25 40.09 [209/1834] Building CXX object src/server/database/CMakeFiles/database.dir/Database/AdhocStatement.cpp.o
#25 40.50 [210/1834] Building CXX object src/server/database/CMakeFiles/database.dir/Database/DatabaseEnv.cpp.o
#25 40.82 [211/1834] Building CXX object src/server/database/CMakeFiles/database.dir/Database/DatabaseWorker.cpp.o
#25 41.45 [212/1834] Building CXX object src/server/apps/CMakeFiles/worldserver.dir/worldserver/ACSoap/ACSoap.cpp.o
#25 42.21 [213/1834] Building CXX object src/server/game/CMakeFiles/game.dir/cmake_pch.hxx.pch
#25 42.59 [214/1834] Building CXX object src/server/database/CMakeFiles/database.dir/Database/MySQLThreading.cpp.o
#25 42.65 [215/1834] Building CXX object src/server/apps/CMakeFiles/worldserver.dir/worldserver/RemoteAccess/RASession.cpp.o
#25 43.01 [216/1834] Building CXX object src/server/database/CMakeFiles/database.dir/Database/MySQLPreparedStatement.cpp.o
#25 43.68 [217/1834] Building CXX object src/server/database/CMakeFiles/database.dir/Database/Field.cpp.o
#25 43.76 [218/1834] Building CXX object src/server/database/CMakeFiles/database.dir/Database/MySQLConnection.cpp.o
#25 43.89 [219/1834] Building CXX object src/server/database/CMakeFiles/database.dir/Database/DatabaseLoader.cpp.o
#25 44.23 [220/1834] Building CXX object src/server/database/CMakeFiles/database.dir/Database/QueryCallback.cpp.o
#25 44.55 [221/1834] Building CXX object src/server/database/CMakeFiles/database.dir/Database/QueryHolder.cpp.o
#25 44.85 [222/1834] Building CXX object src/server/database/CMakeFiles/database.dir/Database/QueryResult.cpp.o
#25 44.95 [223/1834] Building CXX object src/server/database/CMakeFiles/database.dir/Database/PreparedStatement.cpp.o
#25 45.00 [224/1834] Building CXX object src/server/database/CMakeFiles/database.dir/Database/Implementation/LoginDatabase.cpp.o
#25 45.02 [225/1834] Building CXX object src/tools/CMakeFiles/mmaps_generator.dir/mmaps_generator/Config.cpp.o
#25 45.40 [226/1834] Building CXX object src/server/database/CMakeFiles/database.dir/Database/Implementation/CharacterDatabase.cpp.o
#25 45.44 [227/1834] Building CXX object src/server/database/CMakeFiles/database.dir/Database/Implementation/PlayerbotsDatabase.cpp.o
#25 45.62 [228/1834] Building CXX object src/common/CMakeFiles/common.dir/Metric/Metric.cpp.o
#25 45.86 [229/1834] Building CXX object src/server/database/CMakeFiles/database.dir/Database/Implementation/WorldDatabase.cpp.o
#25 45.95 [230/1834] Building CXX object src/server/database/CMakeFiles/database.dir/Logging/AppenderDB.cpp.o
#25 46.15 [231/1834] Building CXX object src/server/database/CMakeFiles/database.dir/Database/DatabaseWorkerPool.cpp.o
#25 46.21 [232/1834] Building CXX object src/server/database/CMakeFiles/database.dir/Database/Transaction.cpp.o
#25 46.49 [233/1834] Building CXX object src/server/scripts/CMakeFiles/scripts.dir/cmake_pch.hxx.pch
#25 46.55 [234/1834] Building CXX object src/server/apps/CMakeFiles/authserver.dir/authserver/Server/AuthSession.cpp.o
#25 48.14 [235/1834] Building CXX object src/server/game/CMakeFiles/game.dir/AI/enuminfo_CreatureAI.cpp.o
#25 48.14 [236/1834] Building CXX object src/server/apps/CMakeFiles/worldserver.dir/worldserver/CommandLine/CliRunnable.cpp.o
#25 48.40 [237/1834] Building CXX object src/server/game/CMakeFiles/game.dir/AI/CoreAI/GameObjectAI.cpp.o
#25 49.65 [238/1834] Building CXX object src/server/game/CMakeFiles/game.dir/AI/CoreAI/PassiveAI.cpp.o
#25 50.29 [239/1834] Building CXX object src/server/game/CMakeFiles/game.dir/AI/CoreAI/ReactorAI.cpp.o
#25 50.31 [240/1834] Building CXX object src/server/game/CMakeFiles/game.dir/AI/CoreAI/GuardAI.cpp.o
#25 50.54 [241/1834] Building CXX object src/server/game/CMakeFiles/game.dir/AI/CreatureAISelector.cpp.o
#25 50.72 [242/1834] Building CXX object src/server/database/CMakeFiles/database.dir/Updater/UpdateFetcher.cpp.o
#25 50.82 [243/1834] Building CXX object src/server/game/CMakeFiles/game.dir/AI/CoreAI/CombatAI.cpp.o
#25 52.35 [244/1834] Building CXX object src/common/CMakeFiles/common.dir/Utilities/StartProcess.cpp.o
#25 53.29 [245/1834] Building CXX object src/server/game/CMakeFiles/game.dir/AI/CreatureAIRegistry.cpp.o
#25 53.29 [246/1834] Linking CXX static library src/common/libcommon.a
#25 53.39 [247/1834] Building CXX object src/server/game/CMakeFiles/game.dir/AI/CoreAI/PetAI.cpp.o
#25 53.63 [248/1834] Building CXX object src/server/game/CMakeFiles/game.dir/AI/CreatureAI.cpp.o
#25 54.00 [249/1834] Building CXX object src/server/game/CMakeFiles/game.dir/AI/ScriptedAI/ScriptedGossip.cpp.o
#25 54.17 [250/1834] Building CXX object src/server/game/CMakeFiles/game.dir/AI/CoreAI/TotemAI.cpp.o
#25 54.40 [251/1834] Building CXX object src/server/database/CMakeFiles/database.dir/Updater/DBUpdater.cpp.o
#25 54.54 [252/1834] Building CXX object src/server/game/CMakeFiles/game.dir/AI/CoreAI/UnitAI.cpp.o
#25 55.09 [253/1834] Linking CXX static library src/server/database/libdatabase.a
#25 55.21 [254/1834] Linking CXX static library src/server/shared/libshared.a
#25 55.69 [255/1834] Building CXX object src/server/apps/CMakeFiles/authserver.dir/authserver/Main.cpp.o
#25 56.27 [256/1834] Building CXX object src/server/game/CMakeFiles/game.dir/Accounts/RBAC.cpp.o
#25 56.39 [257/1834] Building CXX object src/server/game/CMakeFiles/game.dir/Addons/AddonMgr.cpp.o
#25 56.68 [258/1834] Building CXX object src/server/game/CMakeFiles/game.dir/AI/ScriptedAI/ScriptedFollowerAI.cpp.o
#25 57.19 [259/1834] Building CXX object src/server/game/CMakeFiles/game.dir/AI/ScriptedAI/ScriptedCreature.cpp.o
#25 57.42 [260/1834] Linking CXX executable src/server/apps/authserver
#25 57.58 [261/1834] Building CXX object src/server/game/CMakeFiles/game.dir/AI/ScriptedAI/ScriptedEscortAI.cpp.o
#25 59.89 [262/1834] Building CXX object src/server/game/CMakeFiles/game.dir/AI/SmartScripts/SmartAI.cpp.o
#25 60.43 [263/1834] Building CXX object src/server/game/CMakeFiles/game.dir/Accounts/AccountMgr.cpp.o
#25 60.59 [264/1834] Building CXX object src/server/game/CMakeFiles/game.dir/Battlefield/BattlefieldHandler.cpp.o
#25 60.68 [265/1834] Building CXX object src/server/game/CMakeFiles/game.dir/ArenaSpectator/ArenaSpectator.cpp.o
#25 62.18 [266/1834] Building CXX object src/server/game/CMakeFiles/game.dir/AuctionHouse/AuctionHouseSearcher.cpp.o
#25 62.18 [267/1834] Building CXX object src/server/game/CMakeFiles/game.dir/AuctionHouse/AuctionHouseMgr.cpp.o
#25 62.35 [268/1834] Building CXX object src/server/game/CMakeFiles/game.dir/AI/SmartScripts/SmartScriptMgr.cpp.o
#25 62.52 [269/1834] Building CXX object src/server/game/CMakeFiles/game.dir/Autobroadcast/AutobroadcastMgr.cpp.o
#25 62.59 [270/1834] Building CXX object src/server/game/CMakeFiles/game.dir/Battlefield/BattlefieldMgr.cpp.o
#25 64.57 [271/1834] Building CXX object src/server/game/CMakeFiles/game.dir/Battlegrounds/enuminfo_ArenaTeam.cpp.o
#25 64.71 [272/1834] Building CXX object src/server/game/CMakeFiles/game.dir/Battlegrounds/BattlegroundUtils.cpp.o
#25 65.20 [273/1834] Building CXX object src/server/game/CMakeFiles/game.dir/Battlegrounds/Arena.cpp.o
#25 65.73 [274/1834] Building CXX object src/server/apps/CMakeFiles/worldserver.dir/worldserver/Main.cpp.o
#25 66.17 [275/1834] Building CXX object src/server/game/CMakeFiles/game.dir/Battlegrounds/BattlegroundSpamProtect.cpp.o
#25 66.52 [276/1834] Building CXX object src/server/game/CMakeFiles/game.dir/Battlegrounds/ArenaTeam.cpp.o
#25 66.87 [277/1834] Building CXX object src/server/game/CMakeFiles/game.dir/Battlefield/Battlefield.cpp.o
#25 67.12 [278/1834] Building CXX object src/server/game/CMakeFiles/game.dir/Battlegrounds/ArenaTeamMgr.cpp.o
#25 67.66 [279/1834] Building CXX object src/server/game/CMakeFiles/game.dir/Battlegrounds/ArenaSeason/ArenaSeasonRewardsDistributor.cpp.o
#25 67.70 [280/1834] Building CXX object src/server/game/CMakeFiles/game.dir/Battlefield/Zones/BattlefieldWG.cpp.o
#25 68.44 [281/1834] Building CXX object src/server/game/CMakeFiles/game.dir/Achievements/AchievementMgr.cpp.o
#25 68.60 [282/1834] Building CXX object src/server/game/CMakeFiles/game.dir/Battlegrounds/Zones/BattlegroundBE.cpp.o
#25 69.23 [283/1834] Building CXX object src/server/game/CMakeFiles/game.dir/Battlegrounds/Zones/BattlegroundDS.cpp.o
#25 69.27 [284/1834] Building CXX object src/server/game/CMakeFiles/game.dir/Battlegrounds/BattlegroundQueue.cpp.o
#25 69.34 [285/1834] Building CXX object src/server/game/CMakeFiles/game.dir/Battlegrounds/Zones/BattlegroundAB.cpp.o
#25 69.89 [286/1834] Building CXX object src/server/game/CMakeFiles/game.dir/Battlegrounds/ArenaSeason/ArenaSeasonMgr.cpp.o
#25 70.44 [287/1834] Building CXX object src/server/game/CMakeFiles/game.dir/Battlegrounds/Zones/BattlegroundNA.cpp.o
#25 70.90 [288/1834] Building CXX object src/server/game/CMakeFiles/game.dir/Battlegrounds/Zones/BattlegroundRL.cpp.o
#25 71.28 [289/1834] Building CXX object src/server/game/CMakeFiles/game.dir/Battlegrounds/Zones/BattlegroundRV.cpp.o
#25 71.90 [290/1834] Building CXX object src/server/game/CMakeFiles/game.dir/Battlegrounds/Zones/BattlegroundEY.cpp.o
#25 72.36 [291/1834] Building CXX object src/server/game/CMakeFiles/game.dir/Battlegrounds/Zones/BattlegroundIC.cpp.o
#25 72.48 [292/1834] Building CXX object src/server/game/CMakeFiles/game.dir/Cache/WhoListCacheMgr.cpp.o
#25 72.76 [293/1834] Building CXX object src/server/game/CMakeFiles/game.dir/Battlegrounds/Zones/BattlegroundWS.cpp.o
#25 72.86 [294/1834] Building CXX object src/server/game/CMakeFiles/game.dir/AI/SmartScripts/SmartScript.cpp.o
#25 73.19 [295/1834] Building CXX object src/server/game/CMakeFiles/game.dir/Cache/CharacterCache.cpp.o
#25 73.21 [296/1834] Building CXX object src/server/game/CMakeFiles/game.dir/Battlegrounds/Battleground.cpp.o
#25 74.20 [297/1834] Building CXX object src/server/game/CMakeFiles/game.dir/Chat/HyperlinkTags.cpp.o
#25 74.23 [298/1834] Building CXX object src/server/game/CMakeFiles/game.dir/Chat/Hyperlinks.cpp.o
#25 74.32 [299/1834] Building CXX object src/server/game/CMakeFiles/game.dir/Battlegrounds/Zones/BattlegroundSA.cpp.o
#25 74.53 [300/1834] Building CXX object src/server/game/CMakeFiles/game.dir/Chat/Channels/enuminfo_Channel.cpp.o
#25 75.00 [301/1834] Building CXX object src/server/game/CMakeFiles/game.dir/Battlegrounds/Zones/BattlegroundAV.cpp.o
#25 76.09 [302/1834] Building CXX object src/server/game/CMakeFiles/game.dir/Calendar/CalendarMgr.cpp.o
#25 76.50 [303/1834] Building CXX object src/server/game/CMakeFiles/game.dir/Chat/ChatCommands/ChatCommandHelpers.cpp.o
#25 76.50 [304/1834] Building CXX object src/server/game/CMakeFiles/game.dir/Battlegrounds/BattlegroundMgr.cpp.o
#25 77.16 [305/1834] Building CXX object src/server/game/CMakeFiles/game.dir/Chat/Channels/ChannelMgr.cpp.o
#25 77.54 [306/1834] Building CXX object src/server/game/CMakeFiles/game.dir/DungeonFinding/LFG.cpp.o
#25 77.64 [307/1834] Building CXX object src/server/game/CMakeFiles/game.dir/Chat/ChatCommands/ChatCommandTags.cpp.o
#25 78.05 [308/1834] Building CXX object src/server/game/CMakeFiles/game.dir/Chat/Channels/Channel.cpp.o
#25 78.52 [309/1834] Building CXX object src/server/game/CMakeFiles/game.dir/DungeonFinding/LFGGroupData.cpp.o
#25 78.68 [310/1834] Building CXX object src/server/game/CMakeFiles/game.dir/Chat/ChatCommands/ChatCommandArgs.cpp.o
#25 78.71 [311/1834] Building CXX object src/server/game/CMakeFiles/game.dir/DungeonFinding/LFGPlayerData.cpp.o
#25 78.72 [312/1834] Building CXX object src/server/game/CMakeFiles/game.dir/DataStores/M2Stores.cpp.o
#25 79.66 [313/1834] Building CXX object src/server/game/CMakeFiles/game.dir/Conditions/DisableMgr.cpp.o
#25 80.53 [314/1834] Building CXX object src/server/game/CMakeFiles/game.dir/Combat/CombatManager.cpp.o
#25 80.96 [315/1834] Building CXX object src/server/game/CMakeFiles/game.dir/Chat/ChatCommands/ChatCommand.cpp.o
#25 81.42 [316/1834] Building CXX object src/server/game/CMakeFiles/game.dir/Chat/Chat.cpp.o
#25 81.64 [317/1834] Building CXX object src/server/game/CMakeFiles/game.dir/Entities/Creature/enuminfo_CreatureData.cpp.o
#25 81.93 [318/1834] Building CXX object src/server/game/CMakeFiles/game.dir/Entities/Corpse/Corpse.cpp.o
#25 82.96 [319/1834] Building CXX object src/server/game/CMakeFiles/game.dir/Entities/Creature/Trainer.cpp.o
#25 83.44 [320/1834] Building CXX object src/server/game/CMakeFiles/game.dir/Entities/Creature/CreatureGroups.cpp.o
#25 83.87 [321/1834] Building CXX object src/server/game/CMakeFiles/game.dir/Entities/Item/enuminfo_Item.cpp.o
#25 84.17 [322/1834] Building CXX object src/server/game/CMakeFiles/game.dir/Combat/ThreatManager.cpp.o
#25 84.55 [323/1834] Building CXX object src/server/game/CMakeFiles/game.dir/DungeonFinding/LFGScripts.cpp.o
#25 84.73 [324/1834] Building CXX object src/server/game/CMakeFiles/game.dir/Entities/Item/ItemEnchantmentMgr.cpp.o
#25 85.28 [325/1834] Building CXX object src/server/game/CMakeFiles/game.dir/DungeonFinding/LFGQueue.cpp.o
#25 85.35 [326/1834] Building CXX object src/server/game/CMakeFiles/game.dir/Entities/Creature/TemporarySummon.cpp.o
#25 86.68 [327/1834] Building CXX object src/server/game/CMakeFiles/game.dir/Entities/Creature/GossipDef.cpp.o
#25 86.91 [328/1834] Building CXX object src/server/game/CMakeFiles/game.dir/Entities/Object/ObjectGuid.cpp.o
#25 87.14 [329/1834] Building CXX object src/server/game/CMakeFiles/game.dir/Entities/Item/Container/Bag.cpp.o
#25 87.21 [330/1834] Building CXX object src/server/game/CMakeFiles/game.dir/Entities/Object/Position.cpp.o
#25 87.45 [331/1834] Building CXX object src/server/game/CMakeFiles/game.dir/Entities/Object/ObjectPosSelector.cpp.o
#25 87.75 [332/1834] Building CXX object src/server/game/CMakeFiles/game.dir/Entities/Object/Updates/UpdateFieldFlags.cpp.o
#25 88.09 [333/1834] Building CXX object src/server/game/CMakeFiles/game.dir/Conditions/ConditionMgr.cpp.o
#25 88.23 [334/1834] Building CXX object src/server/game/CMakeFiles/game.dir/Entities/DynamicObject/DynamicObject.cpp.o
#25 88.26 [335/1834] Building CXX object src/server/game/CMakeFiles/game.dir/Entities/Object/Updates/UpdateData.cpp.o
#25 89.35 [336/1834] Building CXX object src/server/game/CMakeFiles/game.dir/Entities/Object/ObjectVisibilityContainer.cpp.o
#25 90.38 [337/1834] Building CXX object src/server/game/CMakeFiles/game.dir/Entities/Player/CinematicMgr.cpp.o
#25 91.29 [338/1834] Building CXX object src/server/game/CMakeFiles/game.dir/Entities/Item/Item.cpp.o
#25 92.64 [339/1834] Building CXX object src/server/game/CMakeFiles/game.dir/Entities/Player/KillRewarder.cpp.o
#25 93.60 [340/1834] Building CXX object src/server/game/CMakeFiles/game.dir/Entities/Player/PlayerGossip.cpp.o
#25 94.06 [341/1834] Building CXX object src/server/game/CMakeFiles/game.dir/Entities/Player/PlayerSettings.cpp.o
#25 94.45 [342/1834] Building CXX object src/server/game/CMakeFiles/game.dir/Entities/Player/PlayerTaxi.cpp.o
#25 94.51 [343/1834] Building CXX object src/server/game/CMakeFiles/game.dir/Entities/Creature/Creature.cpp.o
#25 94.93 [344/1834] Building CXX object src/server/game/CMakeFiles/game.dir/Entities/Player/RaceMgr.cpp.o
#25 95.56 [345/1834] Building CXX object src/server/game/CMakeFiles/game.dir/Entities/Player/PlayerMisc.cpp.o
#25 95.73 [346/1834] Building CXX object src/server/game/CMakeFiles/game.dir/DungeonFinding/LFGMgr.cpp.o
#25 96.70 [347/1834] Building CXX object src/server/game/CMakeFiles/game.dir/Entities/Player/TradeData.cpp.o
#25 96.73 [348/1834] Building CXX object src/server/game/CMakeFiles/game.dir/Entities/Player/SocialMgr.cpp.o
#25 97.29 [349/1834] Building CXX object src/server/game/CMakeFiles/game.dir/Entities/Unit/enuminfo_Unit.cpp.o
#25 98.45 [350/1834] Building CXX object src/server/game/CMakeFiles/game.dir/Entities/GameObject/GameObject.cpp.o
#25 98.51 [351/1834] Building CXX object src/server/game/CMakeFiles/game.dir/Entities/Totem/Totem.cpp.o
#25 98.54 [352/1834] Building CXX object src/server/game/CMakeFiles/game.dir/Entities/Player/PlayerQuest.cpp.o
#25 98.86 [353/1834] Building CXX object src/server/game/CMakeFiles/game.dir/Entities/Pet/Pet.cpp.o
#25 99.16 [354/1834] Building CXX object src/server/game/CMakeFiles/game.dir/Entities/Unit/CharmInfo.cpp.o
#25 99.18 [355/1834] Building CXX object src/server/game/CMakeFiles/game.dir/DataStores/DBCStores.cpp.o
#25 99.25 [356/1834] Building CXX object src/server/game/CMakeFiles/game.dir/Entities/Object/Object.cpp.o
#25 100.1 [357/1834] Building CXX object src/server/game/CMakeFiles/game.dir/Events/HolidayDateCalculator.cpp.o
#25 101.0 [358/1834] Building CXX object src/server/game/CMakeFiles/game.dir/Globals/WorldGlobals.cpp.o
#25 101.8 [359/1834] Building CXX object src/server/game/CMakeFiles/game.dir/Grids/MapGridManager.cpp.o
#25 102.0 [360/1834] Building CXX object src/server/game/CMakeFiles/game.dir/Entities/Unit/StatSystem.cpp.o
#25 102.6 [361/1834] Building CXX object src/server/game/CMakeFiles/game.dir/Grids/GridTerrainData.cpp.o
#25 103.3 [362/1834] Building CXX object src/server/game/CMakeFiles/game.dir/Entities/Player/PlayerUpdates.cpp.o
#25 103.8 [363/1834] Building CXX object src/server/game/CMakeFiles/game.dir/Entities/Vehicle/Vehicle.cpp.o
#25 103.9 [364/1834] Building CXX object src/server/game/CMakeFiles/game.dir/Entities/Transport/Transport.cpp.o
#25 104.3 [365/1834] Building CXX object src/server/game/CMakeFiles/game.dir/Groups/GroupReference.cpp.o
#25 104.7 [366/1834] Building CXX object src/server/game/CMakeFiles/game.dir/Grids/GridObjectLoader.cpp.o
#25 104.8 [367/1834] Building CXX object src/server/game/CMakeFiles/game.dir/Globals/ObjectAccessor.cpp.o
#25 105.3 [368/1834] Building CXX object src/server/game/CMakeFiles/game.dir/Grids/Notifiers/GridNotifiers.cpp.o
#25 105.3 [369/1834] Building CXX object src/server/game/CMakeFiles/game.dir/Grids/GridTerrainLoader.cpp.o
#25 105.5 [370/1834] Building CXX object src/server/game/CMakeFiles/game.dir/Groups/GroupMgr.cpp.o
#25 106.4 [371/1834] Building CXX object src/server/game/CMakeFiles/game.dir/Handlers/AuthHandler.cpp.o
#25 106.5 [372/1834] Building CXX object src/server/game/CMakeFiles/game.dir/Handlers/AddonHandler.cpp.o
#25 108.7 [373/1834] Building CXX object src/server/game/CMakeFiles/game.dir/Handlers/ArenaTeamHandler.cpp.o
#25 109.1 [374/1834] Building CXX object src/server/game/CMakeFiles/game.dir/Handlers/BankHandler.cpp.o
#25 109.2 [375/1834] Building CXX object src/server/game/CMakeFiles/game.dir/Guilds/GuildMgr.cpp.o
#25 110.7 [376/1834] Building CXX object src/server/game/CMakeFiles/game.dir/Groups/Group.cpp.o
#25 111.3 [377/1834] Building CXX object src/server/game/CMakeFiles/game.dir/Handlers/ChannelHandler.cpp.o
#25 111.5 [378/1834] Building CXX object src/server/game/CMakeFiles/game.dir/Handlers/CalendarHandler.cpp.o
#25 111.9 [379/1834] Building CXX object src/server/game/CMakeFiles/game.dir/Events/GameEventMgr.cpp.o
#25 112.4 [380/1834] Building CXX object src/server/game/CMakeFiles/game.dir/Handlers/CombatHandler.cpp.o
#25 112.7 [381/1834] Building CXX object src/server/game/CMakeFiles/game.dir/Handlers/DuelHandler.cpp.o
#25 113.1 [382/1834] Building CXX object src/server/game/CMakeFiles/game.dir/Entities/Player/PlayerStorage.cpp.o
#25 113.3 [383/1834] Building CXX object src/server/game/CMakeFiles/game.dir/Handlers/AuctionHouseHandler.cpp.o
#25 115.0 [384/1834] Building CXX object src/server/game/CMakeFiles/game.dir/Handlers/BattleGroundHandler.cpp.o
#25 115.9 [385/1834] Building CXX object src/server/game/CMakeFiles/game.dir/Handlers/ChatHandler.cpp.o
#25 117.4 [386/1834] Building CXX object src/server/game/CMakeFiles/game.dir/Handlers/GroupHandler.cpp.o
#25 117.4 [387/1834] Building CXX object src/server/game/CMakeFiles/game.dir/Handlers/GuildHandler.cpp.o
#25 118.2 [388/1834] Building CXX object src/server/game/CMakeFiles/game.dir/Guilds/Guild.cpp.o
#25 118.4 [389/1834] Building CXX object src/server/game/CMakeFiles/game.dir/Handlers/LootHandler.cpp.o
#25 120.4 [390/1834] Building CXX object src/server/game/CMakeFiles/game.dir/Handlers/ItemHandler.cpp.o
#25 120.4 [391/1834] Building CXX object src/server/game/CMakeFiles/game.dir/Handlers/LFGHandler.cpp.o
#25 120.6 [392/1834] Building CXX object src/server/game/CMakeFiles/game.dir/Handlers/CharacterHandler.cpp.o
#25 121.1 [393/1834] Building CXX object src/server/game/CMakeFiles/game.dir/Handlers/NPCHandler.cpp.o
#25 121.9 [394/1834] Building CXX object src/server/game/CMakeFiles/game.dir/Handlers/MailHandler.cpp.o
#25 122.2 [395/1834] Building CXX object src/server/game/CMakeFiles/game.dir/Handlers/PetHandler.cpp.o
#25 122.6 [396/1834] Building CXX object src/server/game/CMakeFiles/game.dir/Handlers/QueryHandler.cpp.o
#25 122.7 [397/1834] Building CXX object src/server/game/CMakeFiles/game.dir/Handlers/MovementHandler.cpp.o
#25 122.8 [398/1834] Building CXX object src/server/game/CMakeFiles/game.dir/Handlers/ReferAFriendHandler.cpp.o
#25 122.8 [399/1834] Building CXX object src/server/game/CMakeFiles/game.dir/Handlers/SkillHandler.cpp.o
#25 123.3 [400/1834] Building CXX object src/server/game/CMakeFiles/game.dir/Handlers/PetitionsHandler.cpp.o
#25 124.8 [401/1834] Building CXX object src/server/game/CMakeFiles/game.dir/Handlers/Socialhandler.cpp.o
#25 125.2 [402/1834] Building CXX object src/server/game/CMakeFiles/game.dir/Handlers/VoiceChatHandler.cpp.o
#25 125.8 [403/1834] Building CXX object src/server/game/CMakeFiles/game.dir/Handlers/MiscHandler.cpp.o
#25 126.1 [404/1834] Building CXX object src/server/game/CMakeFiles/game.dir/Handlers/QuestHandler.cpp.o
#25 126.5 [405/1834] Building CXX object src/server/game/CMakeFiles/game.dir/Handlers/VehicleHandler.cpp.o
#25 126.6 [406/1834] Building CXX object src/server/game/CMakeFiles/game.dir/Handlers/TicketHandler.cpp.o
#25 127.2 [407/1834] Building CXX object src/server/game/CMakeFiles/game.dir/Loot/LootItemStorage.cpp.o
#25 128.1 [408/1834] Building CXX object src/server/game/CMakeFiles/game.dir/Maps/AreaBoundary.cpp.o
#25 128.6 [409/1834] Building CXX object src/server/game/CMakeFiles/game.dir/Mails/MailMgr.cpp.o
#25 128.6 [410/1834] Building CXX object src/server/game/CMakeFiles/game.dir/Entities/Player/Player.cpp.o
#25 128.9 [411/1834] Building CXX object src/server/game/CMakeFiles/game.dir/Handlers/TaxiHandler.cpp.o
#25 129.1 [412/1834] Building CXX object src/server/game/CMakeFiles/game.dir/Maps/MapCollisionData.cpp.o
#25 129.2 [413/1834] Building CXX object src/server/game/CMakeFiles/game.dir/Handlers/SpellHandler.cpp.o
#25 129.5 [414/1834] Building CXX object src/server/game/CMakeFiles/game.dir/Handlers/TradeHandler.cpp.o
#25 131.0 [415/1834] Building CXX object src/server/game/CMakeFiles/game.dir/Misc/DynamicVisibility.cpp.o
#25 131.5 [416/1834] Building CXX object src/server/game/CMakeFiles/game.dir/Instances/InstanceScript.cpp.o
#25 131.8 [417/1834] Building CXX object src/server/game/CMakeFiles/game.dir/Entities/Unit/Unit.cpp.o
#25 131.9 [418/1834] Building CXX object src/server/game/CMakeFiles/game.dir/Mails/ServerMailMgr.cpp.o
#25 132.2 [419/1834] Building CXX object src/server/game/CMakeFiles/game.dir/Mails/Mail.cpp.o
#25 132.3 [420/1834] Building CXX object src/server/game/CMakeFiles/game.dir/Instances/InstanceSaveMgr.cpp.o
#25 132.8 [421/1834] Building CXX object src/server/game/CMakeFiles/game.dir/Maps/MapUpdater.cpp.o
#25 133.0 [422/1834] Building CXX object src/server/game/CMakeFiles/game.dir/Modules/ModuleMgr.cpp.o
#25 133.1 [423/1834] Building CXX object src/server/game/CMakeFiles/game.dir/Maps/MapInstanced.cpp.o
#25 133.9 [424/1834] Building CXX object src/server/game/CMakeFiles/game.dir/Movement/MovementGenerator.cpp.o
#25 134.2 [425/1834] Building CXX object src/server/game/CMakeFiles/game.dir/Movement/AbstractFollower.cpp.o
#25 135.9 [426/1834] Building CXX object src/server/game/CMakeFiles/game.dir/Maps/MapMgr.cpp.o
#25 136.7 [427/1834] Building CXX object src/server/game/CMakeFiles/game.dir/Misc/GameGraveyard.cpp.o
#25 136.7 [428/1834] Building CXX object src/server/game/CMakeFiles/game.dir/Loot/LootMgr.cpp.o
#25 136.7 [429/1834] Building CXX object src/server/game/CMakeFiles/game.dir/Misc/BanMgr.cpp.o
#25 136.7 [430/1834] Building CXX object src/server/game/CMakeFiles/game.dir/Miscellaneous/Formulas.cpp.o
#25 136.7 [431/1834] Building CXX object src/server/game/CMakeFiles/game.dir/Movement/MovementGenerators/ConfusedMovementGenerator.cpp.o
#25 136.7 [432/1834] Building CXX object src/server/game/CMakeFiles/game.dir/Movement/MovementGenerators/FormationMovementGenerator.cpp.o
#25 136.7 [433/1834] Building CXX object src/server/game/CMakeFiles/game.dir/Maps/TransportMgr.cpp.o
#25 137.0 [434/1834] Building CXX object src/server/game/CMakeFiles/game.dir/Movement/MovementGenerators/EscortMovementGenerator.cpp.o
#25 137.3 [435/1834] Building CXX object src/server/game/CMakeFiles/game.dir/Movement/MovementGenerators/HomeMovementGenerator.cpp.o
#25 138.0 [436/1834] Building CXX object src/server/game/CMakeFiles/game.dir/Motd/MotdMgr.cpp.o
#25 138.3 [437/1834] Building CXX object src/server/game/CMakeFiles/game.dir/Movement/MovementGenerators/IdleMovementGenerator.cpp.o
#25 141.1 [438/1834] Building CXX object src/server/game/CMakeFiles/game.dir/Movement/Spline/MovementPacketBuilder.cpp.o
#25 141.2 [439/1834] Building CXX object src/server/game/CMakeFiles/game.dir/Movement/Spline/MoveSplineInit.cpp.o
#25 141.2 [440/1834] Building CXX object src/server/game/CMakeFiles/game.dir/Movement/Spline/MovementUtil.cpp.o
#25 141.5 [441/1834] Building CXX object src/server/game/CMakeFiles/game.dir/Movement/Spline/Spline.cpp.o
#25 141.5 [442/1834] Building CXX object src/server/game/CMakeFiles/game.dir/Movement/MovementGenerators/TargetedMovementGenerator.cpp.o
#25 141.6 [443/1834] Building CXX object src/server/game/CMakeFiles/game.dir/Movement/Spline/MoveSpline.cpp.o
#25 142.3 [444/1834] Building CXX object src/server/game/CMakeFiles/game.dir/Movement/Waypoints/WaypointMgr.cpp.o
#25 142.4 [445/1834] Building CXX object src/server/game/CMakeFiles/game.dir/Movement/MovementGenerators/FleeingMovementGenerator.cpp.o
#25 142.4 [446/1834] Building CXX object src/server/game/CMakeFiles/game.dir/Movement/MovementGenerators/PointMovementGenerator.cpp.o
#25 142.4 [447/1834] Building CXX object src/server/game/CMakeFiles/game.dir/Movement/MovementGenerators/RandomMovementGenerator.cpp.o
#25 142.4 [448/1834] Building CXX object src/server/game/CMakeFiles/game.dir/Movement/MotionMaster.cpp.o
#25 142.4 [449/1834] Building CXX object src/server/game/CMakeFiles/game.dir/Movement/MovementGenerators/PathGenerator.cpp.o
#25 144.6 [450/1834] Building CXX object src/server/game/CMakeFiles/game.dir/Quests/enuminfo_QuestDef.cpp.o
#25 144.6 [451/1834] Building CXX object src/server/game/CMakeFiles/game.dir/Movement/MovementGenerators/WaypointMovementGenerator.cpp.o
#25 145.9 [452/1834] Building CXX object src/server/game/CMakeFiles/game.dir/Maps/Map.cpp.o
#25 146.1 [453/1834] Building CXX object src/server/game/CMakeFiles/game.dir/OutdoorPvP/OutdoorPvP.cpp.o
#25 146.2 [454/1834] Building CXX object src/server/game/CMakeFiles/game.dir/Scripting/ScriptObject.cpp.o
#25 146.3 [455/1834] Building CXX object src/server/game/CMakeFiles/game.dir/Quests/QuestDef.cpp.o
#25 147.4 [456/1834] Building CXX object src/server/game/CMakeFiles/game.dir/Petitions/PetitionMgr.cpp.o
#25 148.4 [457/1834] Building CXX object src/server/game/CMakeFiles/game.dir/OutdoorPvP/OutdoorPvPMgr.cpp.o
#25 148.8 [458/1834] Building CXX object src/server/game/CMakeFiles/game.dir/Reputation/ReputationMgr.cpp.o
#25 148.8 [459/1834] Building CXX object src/server/game/CMakeFiles/game.dir/Scripting/ScriptSystem.cpp.o
#25 149.0 [460/1834] Building CXX object src/server/game/CMakeFiles/game.dir/Scripting/ScriptDefines/AccountScript.cpp.o
#25 149.4 [461/1834] Building CXX object src/server/game/CMakeFiles/game.dir/Scripting/ScriptDefines/ALEScript.cpp.o
#25 150.5 [462/1834] Building CXX object src/server/game/CMakeFiles/game.dir/Scripting/ScriptDefines/AchievementCriteriaScript.cpp.o
#25 151.4 [463/1834] Building CXX object src/server/game/CMakeFiles/game.dir/Scripting/ScriptDefines/AchievementScript.cpp.o
#25 151.4 [464/1834] Building CXX object src/server/game/CMakeFiles/game.dir/Scripting/ScriptDefines/AllBattlegroundScript.cpp.o
#25 151.7 [465/1834] Building CXX object src/server/game/CMakeFiles/game.dir/Scripting/ScriptDefines/AllCreatureScript.cpp.o
#25 151.9 [466/1834] Building CXX object src/server/game/CMakeFiles/game.dir/Scripting/ScriptDefines/AllCommandScript.cpp.o
#25 151.9 [467/1834] Building CXX object src/server/game/CMakeFiles/game.dir/Pools/PoolMgr.cpp.o
#25 152.2 [468/1834] Building CXX object src/server/game/CMakeFiles/game.dir/Scripting/ScriptDefines/AllGameObjectScript.cpp.o
#25 152.2 [469/1834] Building CXX object src/server/game/CMakeFiles/game.dir/Scripting/MapScripts.cpp.o
#25 154.2 [470/1834] Building CXX object src/server/game/CMakeFiles/game.dir/Scripting/ScriptDefines/AllSpellScript.cpp.o
#25 155.4 [471/1834] Building CXX object src/server/game/CMakeFiles/game.dir/Scripting/ScriptDefines/AllItemScript.cpp.o
#25 155.7 [472/1834] Building CXX object src/server/game/CMakeFiles/game.dir/Scripting/ScriptDefines/ArenaScript.cpp.o
#25 156.4 [473/1834] Building CXX object src/server/game/CMakeFiles/game.dir/Scripting/ScriptDefines/AreaTriggerScript.cpp.o
#25 156.4 [474/1834] Building CXX object src/server/game/CMakeFiles/game.dir/Scripting/ScriptDefines/ArenaTeamScript.cpp.o
#25 156.5 [475/1834] Building CXX object src/server/game/CMakeFiles/game.dir/Scripting/ScriptDefines/AuctionHouseScript.cpp.o
#25 157.2 [476/1834] Building CXX object src/server/game/CMakeFiles/game.dir/Scripting/ScriptDefines/BattlegroundScript.cpp.o
#25 157.2 [477/1834] Building CXX object src/server/game/CMakeFiles/game.dir/Scripting/ScriptDefines/BattlegroundMapScript.cpp.o
#25 158.0 [478/1834] Building CXX object src/server/game/CMakeFiles/game.dir/Scripting/ScriptDefines/AllMapScript.cpp.o
#25 158.0 [479/1834] Building CXX object src/server/game/CMakeFiles/game.dir/Scripting/ScriptDefines/BattlefieldScript.cpp.o
#25 158.1 [480/1834] Building CXX object src/server/game/CMakeFiles/game.dir/Scripting/ScriptDefines/ConditionScript.cpp.o
#25 158.8 [481/1834] Building CXX object src/server/game/CMakeFiles/game.dir/Scripting/ScriptDefines/CreatureScript.cpp.o
#25 159.5 [482/1834] Building CXX object src/server/game/CMakeFiles/game.dir/Scripting/ScriptDefines/DatabaseScript.cpp.o
#25 159.5 [483/1834] Building CXX object src/server/game/CMakeFiles/game.dir/Scripting/ScriptDefines/CommandScript.cpp.o
#25 160.5 [484/1834] Building CXX object src/server/game/CMakeFiles/game.dir/Scripting/ScriptDefines/DynamicObjectScript.cpp.o
#25 161.6 [485/1834] Building CXX object src/server/game/CMakeFiles/game.dir/Scripting/ScriptDefines/GameEventScript.cpp.o
#25 161.9 [486/1834] Building CXX object src/server/game/CMakeFiles/game.dir/Scripting/ScriptDefines/FormulaScript.cpp.o
#25 162.3 [487/1834] Building CXX object src/server/game/CMakeFiles/game.dir/Scripting/ScriptDefines/GroupScript.cpp.o
#25 162.7 [488/1834] Building CXX object src/server/game/CMakeFiles/game.dir/Scripting/ScriptDefines/GuildScript.cpp.o
#25 162.8 [489/1834] Building CXX object src/server/game/CMakeFiles/game.dir/Scripting/ScriptDefines/GlobalScript.cpp.o
#25 162.8 [490/1834] Building CXX object src/server/game/CMakeFiles/game.dir/Scripting/ScriptDefines/LootScript.cpp.o
#25 162.9 [491/1834] Building CXX object src/server/game/CMakeFiles/game.dir/Scripting/ScriptDefines/InstanceMapScript.cpp.o
#25 162.9 [492/1834] Building CXX object src/server/game/CMakeFiles/game.dir/Scripting/ScriptDefines/GameObjectScript.cpp.o
#25 163.3 [493/1834] Building CXX object src/server/game/CMakeFiles/game.dir/Scripting/ScriptDefines/MailScript.cpp.o
#25 163.4 [494/1834] Building CXX object src/server/game/CMakeFiles/game.dir/Scripting/ScriptDefines/MiscScript.cpp.o
#25 164.1 [495/1834] Building CXX object src/server/game/CMakeFiles/game.dir/Scripting/ScriptDefines/ModuleScript.cpp.o
#25 166.3 [496/1834] Building CXX object src/server/game/CMakeFiles/game.dir/Scripting/ScriptDefines/MovementHandlerScript.cpp.o
#25 166.4 [497/1834] Building CXX object src/server/game/CMakeFiles/game.dir/Scripting/ScriptDefines/OutdoorPvPScript.cpp.o
#25 166.4 [498/1834] Building CXX object src/server/game/CMakeFiles/game.dir/Scripting/ScriptDefines/PetScript.cpp.o
#25 167.3 [499/1834] Building CXX object src/server/game/CMakeFiles/game.dir/Scripting/ScriptDefines/PlayerbotsScript.cpp.o
#25 168.2 [500/1834] Building CXX object src/server/game/CMakeFiles/game.dir/Globals/ObjectMgr.cpp.o
#25 168.3 [501/1834] Building CXX object src/server/game/CMakeFiles/game.dir/Scripting/ScriptDefines/UnitScript.cpp.o
#25 168.4 [502/1834] Building CXX object src/server/game/CMakeFiles/game.dir/Scripting/ScriptDefines/WorldMapScript.cpp.o
#25 168.6 [503/1834] Building CXX object src/server/game/CMakeFiles/game.dir/Scripting/ScriptDefines/TransportScript.cpp.o
#25 168.7 [504/1834] Building CXX object src/server/game/CMakeFiles/game.dir/Server/Packet.cpp.o
#25 168.8 [505/1834] Building CXX object src/server/game/CMakeFiles/game.dir/Scripting/ScriptDefines/SpellScriptLoader.cpp.o
#25 168.8 [506/1834] Building CXX object src/server/game/CMakeFiles/game.dir/Scripting/ScriptDefines/WeatherScript.cpp.o
#25 169.2 [507/1834] Building CXX object src/server/game/CMakeFiles/game.dir/Scripting/ScriptDefines/TicketScript.cpp.o
#25 169.3 [508/1834] Building CXX object src/server/game/CMakeFiles/game.dir/Scripting/ScriptDefines/VehicleScript.cpp.o
#25 169.4 [509/1834] Building CXX object src/server/game/CMakeFiles/game.dir/Scripting/ScriptDefines/ServerScript.cpp.o
#25 170.9 [510/1834] Building CXX object src/server/game/CMakeFiles/game.dir/Scripting/ScriptDefines/PlayerScript.cpp.o
#25 171.2 [511/1834] Building CXX object src/server/game/CMakeFiles/game.dir/Scripting/ScriptMgr.cpp.o
#25 171.3 [512/1834] Building CXX object src/server/game/CMakeFiles/game.dir/Server/Packets/BankPackets.cpp.o
#25 171.4 [513/1834] Building CXX object src/server/game/CMakeFiles/game.dir/Scripting/ScriptDefines/WorldObjectScript.cpp.o
#25 171.4 [514/1834] Building CXX object src/server/game/CMakeFiles/game.dir/Server/Packets/CombatPackets.cpp.o
#25 171.5 [515/1834] Building CXX object src/server/game/CMakeFiles/game.dir/Server/Packets/ChatPackets.cpp.o
#25 171.6 [516/1834] Building CXX object src/server/game/CMakeFiles/game.dir/Server/Packets/CharacterPackets.cpp.o
#25 171.7 [517/1834] Building CXX object src/server/game/CMakeFiles/game.dir/Server/Packets/CalendarPackets.cpp.o
#25 171.8 [518/1834] Building CXX object src/server/game/CMakeFiles/game.dir/Server/Packets/CombatLogPackets.cpp.o
#25 172.2 [519/1834] Building CXX object src/server/game/CMakeFiles/game.dir/Scripting/ScriptDefines/WorldScript.cpp.o
#25 174.1 [520/1834] Building CXX object src/server/game/CMakeFiles/game.dir/Server/Packets/InstancePackets.cpp.o
#25 174.1 [521/1834] Building CXX object src/server/game/CMakeFiles/game.dir/Server/Packets/ItemPackets.cpp.o
#25 174.1 [522/1834] Building CXX object src/server/game/CMakeFiles/game.dir/Server/Packets/NPCPackets.cpp.o
#25 174.1 [523/1834] Building CXX object src/server/game/CMakeFiles/game.dir/Server/Packets/PetPackets.cpp.o
#25 174.3 [524/1834] Building CXX object src/server/game/CMakeFiles/game.dir/Server/Packets/PacketUtilities.cpp.o
#25 174.4 [525/1834] Building CXX object src/server/game/CMakeFiles/game.dir/Server/Packets/MiscPackets.cpp.o
#25 174.5 [526/1834] Building CXX object src/server/game/CMakeFiles/game.dir/Server/Packets/LFGPackets.cpp.o
#25 174.6 [527/1834] Building CXX object src/server/game/CMakeFiles/game.dir/Server/Packets/GuildPackets.cpp.o
#25 174.6 [528/1834] Building CXX object src/server/game/CMakeFiles/game.dir/Server/Packets/TotemPackets.cpp.o
#25 174.7 [529/1834] Building CXX object src/server/game/CMakeFiles/game.dir/Server/Packets/QueryPackets.cpp.o
#25 174.7 [530/1834] Building CXX object src/server/game/CMakeFiles/game.dir/Server/Packets/QuestPackets.cpp.o
#25 174.9 [531/1834] Building CXX object src/server/game/CMakeFiles/game.dir/Server/WorldSessionMgr.cpp.o
#25 175.0 [532/1834] Building CXX object src/server/game/CMakeFiles/game.dir/Server/Packets/WorldStatePackets.cpp.o
#25 176.7 [533/1834] Building CXX object src/server/game/CMakeFiles/game.dir/Server/Protocol/PacketLog.cpp.o
#25 177.7 [534/1834] Building CXX object src/server/game/CMakeFiles/game.dir/Server/WorldSocket.cpp.o
#25 178.6 [535/1834] Building CXX object src/server/game/CMakeFiles/game.dir/TC9Sidecar/TC9GroupHooks.cpp.o
#25 180.2 [536/1834] Building CXX object src/server/game/CMakeFiles/game.dir/Skills/SkillExtraItems.cpp.o
#25 180.5 [537/1834] Building CXX object src/server/game/CMakeFiles/game.dir/Server/WorldSocketMgr.cpp.o
#25 180.7 [538/1834] Building CXX object src/server/game/CMakeFiles/game.dir/Skills/SkillDiscovery.cpp.o
#25 180.8 [539/1834] Building CXX object src/server/game/CMakeFiles/game.dir/TC9Sidecar/TC9GrpcHandler.cpp.o
#25 181.6 [540/1834] Building CXX object src/server/game/CMakeFiles/game.dir/Spells/SpellScript.cpp.o
#25 181.7 [541/1834] Building CXX object src/server/game/CMakeFiles/game.dir/TC9Sidecar/TC9GuildHooks.cpp.o
#25 181.8 [542/1834] Building CXX object src/server/game/CMakeFiles/game.dir/Server/WorldSession.cpp.o
#25 182.7 [543/1834] Building CXX object src/server/game/CMakeFiles/game.dir/Time/GameTime.cpp.o
#25 184.0 [544/1834] Building CXX object src/server/game/CMakeFiles/game.dir/Time/UpdateTime.cpp.o
#25 184.4 [545/1834] Building CXX object src/server/game/CMakeFiles/game.dir/Spells/SpellInfo.cpp.o
#25 184.8 [546/1834] Building CXX object src/server/game/CMakeFiles/game.dir/TC9Sidecar/TC9Sidecar.cpp.o
#25 185.2 [547/1834] Building CXX object src/server/game/CMakeFiles/game.dir/Texts/ChatTextBuilder.cpp.o
#25 185.4 [548/1834] Building CXX object src/server/game/CMakeFiles/game.dir/Tools/CharacterDatabaseCleaner.cpp.o
#25 187.3 [549/1834] Building CXX object src/server/game/CMakeFiles/game.dir/Warden/enuminfo_WardenCheckMgr.cpp.o
#25 187.4 [550/1834] Building CXX object src/server/game/CMakeFiles/game.dir/Warden/WardenPayloadMgr.cpp.o
#25 187.5 [551/1834] Building CXX object src/server/game/CMakeFiles/game.dir/Warden/Warden.cpp.o
#25 187.9 [552/1834] Building CXX object src/server/game/CMakeFiles/game.dir/Warden/WardenCheckMgr.cpp.o
#25 188.3 [553/1834] Building CXX object src/server/game/CMakeFiles/game.dir/Warden/WardenMac.cpp.o
#25 188.4 [554/1834] Building CXX object src/server/game/CMakeFiles/game.dir/Spells/Auras/SpellAuraEffects.cpp.o
#25 188.8 [555/1834] Building CXX object src/server/game/CMakeFiles/game.dir/Spells/Auras/SpellAuras.cpp.o
#25 189.1 [556/1834] Building CXX object src/server/game/CMakeFiles/game.dir/Tickets/TicketMgr.cpp.o
#25 189.6 [557/1834] Building CXX object src/server/game/CMakeFiles/game.dir/Spells/SpellEffects.cpp.o
#25 189.8 [558/1834] Building CXX object src/server/game/CMakeFiles/game.dir/Tools/PlayerDump.cpp.o
#25 190.1 [559/1834] Building CXX object src/server/scripts/CMakeFiles/scripts.dir/gen_scriptloader/static/ScriptLoader.cpp.o
#25 190.3 [560/1834] Building CXX object src/server/game/CMakeFiles/game.dir/Weather/WeatherMgr.cpp.o
#25 190.3 [561/1834] Building CXX object src/server/game/CMakeFiles/game.dir/Texts/CreatureTextMgr.cpp.o
#25 190.7 [562/1834] Building CXX object src/server/scripts/CMakeFiles/scripts.dir/Commands/PlayerCommand.cpp.o
#25 191.1 [563/1834] Building CXX object src/server/game/CMakeFiles/game.dir/Warden/WardenWin.cpp.o
#25 191.8 [564/1834] Building CXX object src/server/game/CMakeFiles/game.dir/Spells/Spell.cpp.o
#25 192.9 [565/1834] Building CXX object src/server/game/CMakeFiles/game.dir/Weather/Weather.cpp.o
#25 193.2 [566/1834] Building CXX object src/server/scripts/CMakeFiles/scripts.dir/Commands/cs_achievement.cpp.o
#25 193.9 [567/1834] Building CXX object src/server/scripts/CMakeFiles/scripts.dir/Commands/cs_bag.cpp.o
#25 194.2 [568/1834] Building CXX object src/server/scripts/CMakeFiles/scripts.dir/Commands/cs_cache.cpp.o
#25 194.5 [569/1834] Building CXX object src/server/scripts/CMakeFiles/scripts.dir/Commands/cs_ban.cpp.o
#25 195.0 [570/1834] Building CXX object src/server/scripts/CMakeFiles/scripts.dir/Commands/cs_autobroadcast.cpp.o
#25 195.4 [571/1834] Building CXX object src/server/scripts/CMakeFiles/scripts.dir/Commands/cs_bf.cpp.o
#25 196.2 [572/1834] Building CXX object src/server/scripts/CMakeFiles/scripts.dir/Commands/cs_cast.cpp.o
#25 196.7 [573/1834] Building CXX object src/server/scripts/CMakeFiles/scripts.dir/Commands/cs_chatfilter.cpp.o
#25 196.9 [574/1834] Building CXX object src/server/scripts/CMakeFiles/scripts.dir/Commands/cs_account.cpp.o
#25 197.8 [575/1834] Building CXX object src/server/scripts/CMakeFiles/scripts.dir/Commands/cs_cheat.cpp.o
#25 197.9 [576/1834] Building CXX object src/server/game/CMakeFiles/game.dir/Spells/SpellMgr.cpp.o
#25 197.9 [577/1834] Building CXX object src/server/scripts/CMakeFiles/scripts.dir/Commands/cs_arena.cpp.o
#25 198.7 [578/1834] Building CXX object src/server/scripts/CMakeFiles/scripts.dir/Commands/cs_disable.cpp.o
#25 199.4 [579/1834] Building CXX object src/server/scripts/CMakeFiles/scripts.dir/Commands/cs_event.cpp.o
#25 199.8 [580/1834] Building CXX object src/server/scripts/CMakeFiles/scripts.dir/Commands/cs_gm.cpp.o
#25 199.9 [581/1834] Building CXX object src/server/scripts/CMakeFiles/scripts.dir/Commands/cs_gear.cpp.o
#25 200.0 [582/1834] Building CXX object src/server/scripts/CMakeFiles/scripts.dir/Commands/cs_deserter.cpp.o
#25 200.2 [583/1834] Building CXX object src/server/game/CMakeFiles/game.dir/Server/Protocol/Opcodes.cpp.o
#25 200.6 [584/1834] Building CXX object src/server/game/CMakeFiles/game.dir/World/WorldState.cpp.o
#25 201.5 [585/1834] Building CXX object src/server/scripts/CMakeFiles/scripts.dir/Commands/cs_honor.cpp.o
#25 201.7 [586/1834] Building CXX object src/server/scripts/CMakeFiles/scripts.dir/Commands/cs_character.cpp.o
#25 202.4 [587/1834] Building CXX object src/server/scripts/CMakeFiles/scripts.dir/Commands/cs_group.cpp.o
#25 203.6 [588/1834] Building CXX object src/server/scripts/CMakeFiles/scripts.dir/Commands/cs_inventory.cpp.o
#25 204.4 [589/1834] Building CXX object src/server/scripts/CMakeFiles/scripts.dir/Commands/cs_learn.cpp.o
#25 204.4 [590/1834] Building CXX object src/server/scripts/CMakeFiles/scripts.dir/Commands/cs_guild.cpp.o
#25 204.4 [591/1834] Building CXX object src/server/scripts/CMakeFiles/scripts.dir/Commands/cs_lfg.cpp.o
#25 204.6 [592/1834] Building CXX object src/server/scripts/CMakeFiles/scripts.dir/Commands/cs_item.cpp.o
#25 205.3 [593/1834] Building CXX object src/server/scripts/CMakeFiles/scripts.dir/Commands/cs_instance.cpp.o
#25 205.8 [594/1834] Building CXX object src/server/game/CMakeFiles/game.dir/World/WorldConfig.cpp.o
#25 208.2 [595/1834] Building CXX object src/server/scripts/CMakeFiles/scripts.dir/Commands/cs_message.cpp.o
#25 208.3 [596/1834] Building CXX object src/server/scripts/CMakeFiles/scripts.dir/Commands/cs_mail.cpp.o
#25 208.3 [597/1834] Building CXX object src/server/game/CMakeFiles/game.dir/World/World.cpp.o
#25 208.9 [598/1834] Building CXX object src/server/scripts/CMakeFiles/scripts.dir/Commands/cs_player_settings.cpp.o
#25 209.1 [599/1834] Building CXX object src/server/scripts/CMakeFiles/scripts.dir/Commands/cs_list.cpp.o
#25 209.2 [600/1834] Building CXX object src/server/scripts/CMakeFiles/scripts.dir/Commands/cs_mmaps.cpp.o
#25 209.4 [601/1834] Building CXX object src/server/scripts/CMakeFiles/scripts.dir/Commands/cs_player.cpp.o
#25 209.4 [602/1834] Building CXX object src/server/scripts/CMakeFiles/scripts.dir/Commands/cs_gobject.cpp.o
#25 209.4 [603/1834] Building CXX object src/server/scripts/CMakeFiles/scripts.dir/Commands/cs_lookup.cpp.o
#25 210.7 [604/1834] Building CXX object src/server/scripts/CMakeFiles/scripts.dir/Commands/cs_script_loader.cpp.o
#25 210.7 [605/1834] Building CXX object src/server/scripts/CMakeFiles/scripts.dir/Commands/cs_pet.cpp.o
