[driver] running: ./.venv/bin/python -u -m yulon.install_wiring wow-wotlk --server-dir /home/pk/wowserver
[driver] sudo password: NOT SET
[driver] state-before: 5 read-only probes, install dir /home/pk/wowserver
[driver] state-before: docker --version: exit 0
[driver] state-before: docker --version: | Docker version 29.1.3, build 29.1.3-0ubuntu3~24.04.2
[driver] state-before: systemctl is-active docker: exit 0
[driver] state-before: systemctl is-active docker: | active
[driver] state-before: id -Gn: exit 0
[driver] state-before: id -Gn: | docker adm cdrom sudo dip plugdev users lpadmin pk
[driver] state-before: ls -ld /home/pk/wowserver: exit 2
[driver] state-before: ls -ld /home/pk/wowserver: | ls: cannot access '/home/pk/wowserver': No such file or directory
[driver] state-before: df -h /home/pk: exit 0
[driver] state-before: df -h /home/pk: | Filesystem      Size  Used Avail Use% Mounted on
[driver] state-before: df -h /home/pk: | /dev/sda2        97G   19G   74G  21% /
Installing WoW WotLK into /home/pk/wowserver
You can stop this at any time. What an install writes outside the folder below is named here rather than denied: the images this build produces and the volumes holding the database and the server data, which live in Docker's own storage — that is why the checks below look at the space on Docker's disk too; Docker itself, when no daemon answers yet (on Linux: system packages, a service, and the group you are asked about first); and this app's own settings and log, in its config folder. Starting the install again continues from where it stopped: source this app has finished cloning is never fetched, reset or moved, and the build is not run a second time once Docker confirms its images are there. Everything cheap runs again on every attempt — the compose files this app writes are put back the way the catalog says, the server-data download resumes and re-checks itself, and the database and server are started and waited for.
Checking Docker.
[pass] Docker: the daemon answered
[pass] memory: Docker's VM has 19.5 GB
[warn] compiler jobs vs memory: this build compiles with 16 parallel jobs at about 2 GB each, and 19.5 GB affords about 9 Docker Engine has no CPU setting to lower — the build sees every CPU on this machine — so more memory, or swap it can fall back on, is the lever here. A build this far ahead of its memory has finished before, so this is a caution.
[warn] free space on Docker's disk and the server folder: 73 GB free; 75 GB is the comfortable figure (the server folder and Docker's disk share one drive, so both needs add up)
[pass] the server folder: /home/pk/wowserver looks usable
[pass] sharing the folder with Docker: a container can read /home/pk/wowserver
[pass] SELinux: not enforcing
[pass] the server's ports: nothing else is using them
Using /home/pk/wowserver (a fresh install)
2026-09-05 00:15:39 INFO [yulon.platform] holding this machine awake for the build: systemd-inhibit --what=idle:sleep --who=Yu'lon --why=installing a server sleep infinity
Step 1 of 9 (11%): clone-core
--- clone-core
Cloning mod-playerbots/azerothcore-wotlk into /home/pk/wowserver (this is a large repository)
2026-09-05 00:15:39 INFO [yulon.git] containerized git: `run --rm -v /home/pk/wowserver:/git -w /git --user 1000:124 alpine/git@sha256:c0280cf9572316299b08544065d3bf35db65043d5e3963982ec50647d2746e26 -c core.autocrlf=false -c core.eol=lf -c http.version=HTTP/1.1 clone --config core.autocrlf=false --config core.eol=lf --config http.version=HTTP/1.1 --branch Playerbot https://github.com/mod-playerbots/azerothcore-wotlk.git .` into /home/pk/wowserver
[driver] still running; 300s since the last output
mod-playerbots/azerothcore-wotlk is in place.
Step 2 of 9 (22%): clone-modules
--- clone-modules
Cloning mod-playerbots/mod-playerbots into modules/mod-playerbots
2026-09-05 00:21:05 INFO [yulon.git] containerized git: `run --rm -v /home/pk/wowserver/modules/mod-playerbots:/git -w /git --user 1000:124 alpine/git@sha256:c0280cf9572316299b08544065d3bf35db65043d5e3963982ec50647d2746e26 -c core.autocrlf=false -c core.eol=lf -c http.version=HTTP/1.1 clone --config core.autocrlf=false --config core.eol=lf --config http.version=HTTP/1.1 --depth 1 --branch master https://github.com/mod-playerbots/mod-playerbots.git .` into /home/pk/wowserver/modules/mod-playerbots
Modules are in place.
Step 3 of 9 (33%): generate-compose
--- generate-compose
2026-09-05 00:21:13 INFO [yulon.git] containerized git: `run --rm --network none --cap-drop ALL --security-opt no-new-privileges --read-only -v /home/pk/wowserver:/git:ro -w /git --user 1000:124 alpine/git@sha256:c0280cf9572316299b08544065d3bf35db65043d5e3963982ec50647d2746e26 --no-optional-locks --attr-source=4b825dc642cb6eb9a060e54bf8d69288fbee4904 -c core.attributesFile=/dev/null -c core.fsmonitor=false -c core.hooksPath=/dev/null -c core.autocrlf=false -c core.eol=lf -c http.version=HTTP/1.1 status --ignore-submodules=all --porcelain -- docker-compose.yml` into /home/pk/wowserver
Replacing the docker-compose.yml that came with the repository; it is unchanged from what git has, so `git checkout` brings it back.
Wrote docker-compose.yml
Wrote docker-compose.override.yml
Wrote docker-compose.build.yml
Step 4 of 9 (44%): build
--- build
Stopping now leaves Docker finishing the build step it is already on, in the background. That is deliberate: the work it has done is kept, and starting this install again picks up from there instead of compiling it all a second time.
Building the server. This takes hours on a first install; the output below is live.
2026-09-05 00:21:13 INFO [yulon.docker] build_staged(): `docker compose -f docker-compose.yml -f docker-compose.override.yml -f docker-compose.build.yml build --progress plain` in /home/pk/wowserver
--progress is a global compose flag, better use `docker compose --progress xx build ...
#1 [internal] load local bake definitions
#1 reading from stdin 2.17kB done
#1 DONE 0.0s

#2 [ac-client-data-init internal] load build definition from Dockerfile
#2 transferring dockerfile: 9.07kB done
#2 DONE 0.1s

#3 [ac-client-data-init internal] load metadata for docker.io/library/ubuntu:24.04
#3 DONE 1.1s

#4 [ac-db-import internal] load .dockerignore
#4 transferring context: 261B done
#4 DONE 0.1s

#5 [ac-authserver internal] load build context
#5 DONE 0.0s

#6 [ac-db-import internal] load build context
#6 DONE 0.0s

#7 [ac-db-import skeleton 1/4] FROM docker.io/library/ubuntu:24.04@sha256:33ceb71981b602c1a7443a53469e4dba065f7503eab3078a2d7a57a2ab987517
#7 resolve docker.io/library/ubuntu:24.04@sha256:33ceb71981b602c1a7443a53469e4dba065f7503eab3078a2d7a57a2ab987517 0.1s done
#7 resolve docker.io/library/ubuntu:24.04@sha256:33ceb71981b602c1a7443a53469e4dba065f7503eab3078a2d7a57a2ab987517 0.1s done
#7 CACHED

#8 [ac-client-data-init internal] load build context
#8 transferring context: 597.04kB 0.0s done
#8 DONE 0.2s

#9 [ac-worldserver skeleton 2/4] RUN mkdir -pv         /azerothcore/bin                           /azerothcore/data                          /azerothcore/deps                          /azerothcore/env/dist/bin                  /azerothcore/env/dist/data/Cameras         /azerothcore/env/dist/data/dbc             /azerothcore/env/dist/data/maps            /azerothcore/env/dist/data/mmaps           /azerothcore/env/dist/data/vmaps           /azerothcore/env/dist/logs                 /azerothcore/env/dist/temp                 /azerothcore/env/dist/etc                  /azerothcore/modules                       /azerothcore/src                           /azerothcore/build
#9 0.524 mkdir: created directory '/azerothcore'
#9 0.524 mkdir: created directory '/azerothcore/bin'
#9 0.524 mkdir: created directory '/azerothcore/data'
#9 0.524 mkdir: created directory '/azerothcore/deps'
#9 0.524 mkdir: created directory '/azerothcore/env'
#9 0.524 mkdir: created directory '/azerothcore/env/dist'
#9 0.524 mkdir: created directory '/azerothcore/env/dist/bin'
#9 0.524 mkdir: created directory '/azerothcore/env/dist/data'
#9 0.524 mkdir: created directory '/azerothcore/env/dist/data/Cameras'
#9 0.524 mkdir: created directory '/azerothcore/env/dist/data/dbc'
#9 0.524 mkdir: created directory '/azerothcore/env/dist/data/maps'
#9 0.524 mkdir: created directory '/azerothcore/env/dist/data/mmaps'
#9 0.524 mkdir: created directory '/azerothcore/env/dist/data/vmaps'
#9 0.524 mkdir: created directory '/azerothcore/env/dist/logs'
#9 0.524 mkdir: created directory '/azerothcore/env/dist/temp'
#9 0.524 mkdir: created directory '/azerothcore/env/dist/etc'
#9 0.524 mkdir: created directory '/azerothcore/modules'
#9 0.524 mkdir: created directory '/azerothcore/src'
#9 0.524 mkdir: created directory '/azerothcore/build'
#9 DONE 0.8s

#10 [ac-authserver skeleton 3/4] RUN apt-get update                                                           && apt-get install -y --no-install-recommends tzdata ca-certificates     && ln -snf "/usr/share/zoneinfo/Etc/UTC" /etc/localtime                      && echo "Etc/UTC" > /etc/timezone                                              && dpkg-reconfigure --frontend noninteractive tzdata                     && rm -rf /var/lib/apt/lists/*
#10 0.566 Get:1 http://archive.ubuntu.com/ubuntu noble InRelease [256 kB]
#10 0.624 Get:2 http://security.ubuntu.com/ubuntu noble-security InRelease [126 kB]
#10 0.835 Get:3 http://archive.ubuntu.com/ubuntu noble-updates InRelease [126 kB]
#10 0.898 Get:4 http://archive.ubuntu.com/ubuntu noble-backports InRelease [126 kB]
#10 0.963 Get:5 http://archive.ubuntu.com/ubuntu noble/universe amd64 Packages [19.3 MB]
#10 0.994 Get:6 http://security.ubuntu.com/ubuntu noble-security/restricted amd64 Packages [1786 kB]
#10 1.344 Get:7 http://security.ubuntu.com/ubuntu noble-security/multiverse amd64 Packages [50.0 kB]
#10 1.349 Get:8 http://security.ubuntu.com/ubuntu noble-security/universe amd64 Packages [1530 kB]
#10 1.619 Get:9 http://security.ubuntu.com/ubuntu noble-security/main amd64 Packages [1237 kB]
#10 2.145 Get:10 http://archive.ubuntu.com/ubuntu noble/multiverse amd64 Packages [331 kB]
#10 2.208 Get:11 http://archive.ubuntu.com/ubuntu noble/restricted amd64 Packages [117 kB]
#10 2.334 Get:12 http://archive.ubuntu.com/ubuntu noble/main amd64 Packages [1808 kB]
#10 2.503 Get:13 http://archive.ubuntu.com/ubuntu noble-updates/universe amd64 Packages [2151 kB]
#10 2.635 Get:14 http://archive.ubuntu.com/ubuntu noble-updates/multiverse amd64 Packages [55.8 kB]
#10 2.635 Get:15 http://archive.ubuntu.com/ubuntu noble-updates/main amd64 Packages [1562 kB]
#10 2.670 Get:16 http://archive.ubuntu.com/ubuntu noble-updates/restricted amd64 Packages [1903 kB]
#10 2.740 Get:17 http://archive.ubuntu.com/ubuntu noble-backports/multiverse amd64 Packages [671 B]
#10 2.740 Get:18 http://archive.ubuntu.com/ubuntu noble-backports/universe amd64 Packages [35.9 kB]
#10 2.740 Get:19 http://archive.ubuntu.com/ubuntu noble-backports/main amd64 Packages [48.9 kB]
#10 3.795 Fetched 32.6 MB in 3s (9628 kB/s)
#10 3.795 Reading package lists...
#10 5.214 Reading package lists...
#10 ...

#5 [ac-worldserver internal] load build context
#5 transferring context: 740.52MB 6.3s
#5 ...

#10 [ac-authserver skeleton 3/4] RUN apt-get update                                                           && apt-get install -y --no-install-recommends tzdata ca-certificates     && ln -snf "/usr/share/zoneinfo/Etc/UTC" /etc/localtime                      && echo "Etc/UTC" > /etc/timezone                                              && dpkg-reconfigure --frontend noninteractive tzdata                     && rm -rf /var/lib/apt/lists/*
#10 5.214 Reading package lists...
#10 6.632 Building dependency tree...
#10 6.906 Reading state information...
#10 7.283 The following additional packages will be installed:
#10 7.283   libssl3t64 openssl
#10 7.331 The following NEW packages will be installed:
#10 7.333   ca-certificates openssl tzdata
#10 7.335 The following packages will be upgraded:
#10 7.335   libssl3t64
#10 7.419 1 upgraded, 3 newly installed, 0 to remove and 26 not upgraded.
#10 7.419 Need to get 3366 kB of archives.
#10 7.419 After this operation, 3693 kB of additional disk space will be used.
#10 7.419 Get:1 http://archive.ubuntu.com/ubuntu noble-updates/main amd64 libssl3t64 amd64 3.0.13-0ubuntu3.15 [1944 kB]
#10 7.735 Get:2 http://archive.ubuntu.com/ubuntu noble-updates/main amd64 openssl amd64 3.0.13-0ubuntu3.15 [1003 kB]
#10 7.837 Get:3 http://archive.ubuntu.com/ubuntu noble-updates/main amd64 ca-certificates all 20260601~24.04.1 [139 kB]
#10 7.842 Get:4 http://archive.ubuntu.com/ubuntu noble-updates/main amd64 tzdata all 2026c-0ubuntu0.24.04.1 [280 kB]
#10 8.080 debconf: delaying package configuration, since apt-utils is not installed
#10 8.130 Fetched 3366 kB in 1s (6452 kB/s)
#10 8.248 (Reading database ... 
(Reading database ... 5%
(Reading database ... 10%
(Reading database ... 15%
(Reading database ... 20%
(Reading database ... 25%
(Reading database ... 30%
(Reading database ... 35%
(Reading database ... 40%
(Reading database ... 45%
(Reading database ... 50%
(Reading database ... 55%
(Reading database ... 60%
(Reading database ... 65%
(Reading database ... 70%
(Reading database ... 75%
(Reading database ... 80%
(Reading database ... 85%
(Reading database ... 90%
(Reading database ... 95%
(Reading database ... 100%
(Reading database ... 4381 files and directories currently installed.)
#10 8.254 Preparing to unpack .../libssl3t64_3.0.13-0ubuntu3.15_amd64.deb ...
#10 8.343 Unpacking libssl3t64:amd64 (3.0.13-0ubuntu3.15) over (3.0.13-0ubuntu3.12) ...
#10 ...

#6 [ac-db-import internal] load build context
#6 ...

#5 [ac-worldserver internal] load build context
#5 transferring context: 1.42GB 11.3s
#5 transferring context: 1.51GB 12.0s done
#5 DONE 12.6s

#10 [ac-authserver skeleton 3/4] RUN apt-get update                                                           && apt-get install -y --no-install-recommends tzdata ca-certificates     && ln -snf "/usr/share/zoneinfo/Etc/UTC" /etc/localtime                      && echo "Etc/UTC" > /etc/timezone                                              && dpkg-reconfigure --frontend noninteractive tzdata                     && rm -rf /var/lib/apt/lists/*
#10 9.553 Setting up libssl3t64:amd64 (3.0.13-0ubuntu3.15) ...
#10 9.731 Selecting previously unselected package openssl.
#10 9.731 (Reading database ... 
(Reading database ... 5%
(Reading database ... 10%
(Reading database ... 15%
(Reading database ... 20%
(Reading database ... 25%
(Reading database ... 30%
(Reading database ... 35%
(Reading database ... 40%
(Reading database ... 45%
(Reading database ... 50%
(Reading database ... 55%
(Reading database ... 60%
(Reading database ... 65%
(Reading database ... 70%
(Reading database ... 75%
(Reading database ... 80%
(Reading database ... 85%
(Reading database ... 90%
(Reading database ... 95%
(Reading database ... 100%
(Reading database ... 4381 files and directories currently installed.)
#10 9.739 Preparing to unpack .../openssl_3.0.13-0ubuntu3.15_amd64.deb ...
#10 9.767 Unpacking openssl (3.0.13-0ubuntu3.15) ...
#10 9.990 Selecting previously unselected package ca-certificates.
#10 9.991 Preparing to unpack .../ca-certificates_20260601~24.04.1_all.deb ...
#10 10.01 Unpacking ca-certificates (20260601~24.04.1) ...
#10 10.87 Selecting previously unselected package tzdata.
#10 10.87 Preparing to unpack .../tzdata_2026c-0ubuntu0.24.04.1_all.deb ...
#10 10.90 Unpacking tzdata (2026c-0ubuntu0.24.04.1) ...
#10 11.13 Setting up tzdata (2026c-0ubuntu0.24.04.1) ...
#10 11.29 
#10 11.29 Current default time zone: 'Etc/UTC'
#10 11.30 Local time is now:      Fri Sep  4 22:21:28 UTC 2026.
#10 11.30 Universal Time is now:  Fri Sep  4 22:21:28 UTC 2026.
#10 11.30 Run 'dpkg-reconfigure tzdata' if you wish to change it.
#10 11.30 
#10 11.79 Setting up openssl (3.0.13-0ubuntu3.15) ...
#10 11.97 Setting up ca-certificates (20260601~24.04.1) ...
#10 12.67 Updating certificates in /etc/ssl/certs...
#10 13.42 121 added, 0 removed; done.
#10 13.56 Processing triggers for libc-bin (2.39-0ubuntu8.8) ...
#10 13.65 Processing triggers for ca-certificates (20260601~24.04.1) ...
#10 13.68 Updating certificates in /etc/ssl/certs...
#10 14.26 0 added, 0 removed; done.
#10 14.26 Running hooks in /etc/ca-certificates/update.d...
#10 14.27 done.
#10 14.54 
#10 14.54 Current default time zone: 'Etc/UTC'
#10 14.54 Local time is now:      Fri Sep  4 22:21:31 UTC 2026.
#10 14.54 Universal Time is now:  Fri Sep  4 22:21:31 UTC 2026.
#10 14.54 
#10 ...

#6 [ac-db-import internal] load build context
#6 transferring context: 2.08GB 17.4s
#6 transferring context: 2.36GB 19.4s done
#6 DONE 29.9s

#10 [ac-authserver skeleton 3/4] RUN apt-get update                                                           && apt-get install -y --no-install-recommends tzdata ca-certificates     && ln -snf "/usr/share/zoneinfo/Etc/UTC" /etc/localtime                      && echo "Etc/UTC" > /etc/timezone                                              && dpkg-reconfigure --frontend noninteractive tzdata                     && rm -rf /var/lib/apt/lists/*
#10 DONE 32.0s

#11 [ac-db-import skeleton 4/4] WORKDIR /azerothcore
#11 DONE 2.2s

#12 [ac-worldserver runtime 1/4] RUN apt-get update     && apt-get install -y --no-install-recommends       libmysqlclient21 libreadline8 libicu74 libncurses5-dev       gettext-base default-mysql-client       adduser     && rm -rf /var/lib/apt/lists/*
#12 1.069 Get:1 http://archive.ubuntu.com/ubuntu noble InRelease [256 kB]
#12 1.113 Get:2 http://security.ubuntu.com/ubuntu noble-security InRelease [126 kB]
#12 1.231 Get:3 http://archive.ubuntu.com/ubuntu noble-updates InRelease [126 kB]
#12 1.268 Get:4 http://archive.ubuntu.com/ubuntu noble-backports InRelease [126 kB]
#12 1.316 Get:5 http://archive.ubuntu.com/ubuntu noble/multiverse amd64 Packages [331 kB]
#12 1.385 Get:6 http://archive.ubuntu.com/ubuntu noble/universe amd64 Packages [19.3 MB]
#12 1.576 Get:7 http://security.ubuntu.com/ubuntu noble-security/universe amd64 Packages [1530 kB]
#12 2.309 Get:8 http://security.ubuntu.com/ubuntu noble-security/multiverse amd64 Packages [50.0 kB]
#12 2.319 Get:9 http://security.ubuntu.com/ubuntu noble-security/restricted amd64 Packages [1786 kB]
#12 2.869 Get:10 http://security.ubuntu.com/ubuntu noble-security/main amd64 Packages [1237 kB]
#12 3.283 Get:11 http://archive.ubuntu.com/ubuntu noble/restricted amd64 Packages [117 kB]
#12 3.288 Get:12 http://archive.ubuntu.com/ubuntu noble/main amd64 Packages [1808 kB]
#12 3.406 Get:13 http://archive.ubuntu.com/ubuntu noble-updates/universe amd64 Packages [2151 kB]
#12 3.547 Get:14 http://archive.ubuntu.com/ubuntu noble-updates/restricted amd64 Packages [1903 kB]
#12 3.731 Get:15 http://archive.ubuntu.com/ubuntu noble-updates/multiverse amd64 Packages [55.8 kB]
#12 3.736 Get:16 http://archive.ubuntu.com/ubuntu noble-updates/main amd64 Packages [1562 kB]
#12 3.830 Get:17 http://archive.ubuntu.com/ubuntu noble-backports/multiverse amd64 Packages [671 B]
#12 3.830 Get:18 http://archive.ubuntu.com/ubuntu noble-backports/main amd64 Packages [48.9 kB]
#12 3.831 Get:19 http://archive.ubuntu.com/ubuntu noble-backports/universe amd64 Packages [35.9 kB]
#12 4.939 Fetched 32.6 MB in 4s (8290 kB/s)
#12 4.939 Reading package lists...
#12 6.365 Reading package lists...
#12 ...

#13 [ac-authserver build 1/8] RUN apt-get update                                                         && apt-get install -y --no-install-recommends                                 build-essential ccache libtool cmake-data ninja-build cmake clang            git lsb-base curl unzip default-mysql-client openssl                          default-libmysqlclient-dev libboost-all-dev libssl-dev libmysql++-dev         libreadline-dev zlib1g-dev libbz2-dev libncurses5-dev liblzma-dev      && rm -rf /var/lib/apt/lists/*
#13 1.243 Get:1 http://archive.ubuntu.com/ubuntu noble InRelease [256 kB]
#13 1.247 Get:2 http://security.ubuntu.com/ubuntu noble-security InRelease [126 kB]
#13 1.519 Get:3 http://archive.ubuntu.com/ubuntu noble-updates InRelease [126 kB]
#13 1.554 Get:4 http://security.ubuntu.com/ubuntu noble-security/main amd64 Packages [1237 kB]
#13 1.587 Get:5 http://archive.ubuntu.com/ubuntu noble-backports InRelease [126 kB]
#13 1.661 Get:6 http://archive.ubuntu.com/ubuntu noble/universe amd64 Packages [19.3 MB]
#13 2.079 Get:7 http://security.ubuntu.com/ubuntu noble-security/universe amd64 Packages [1530 kB]
#13 2.401 Get:8 http://security.ubuntu.com/ubuntu noble-security/restricted amd64 Packages [1786 kB]
#13 2.745 Get:9 http://security.ubuntu.com/ubuntu noble-security/multiverse amd64 Packages [50.0 kB]
#13 4.563 Get:10 http://archive.ubuntu.com/ubuntu noble/multiverse amd64 Packages [331 kB]
#13 4.580 Get:11 http://archive.ubuntu.com/ubuntu noble/main amd64 Packages [1808 kB]
#13 4.734 Get:12 http://archive.ubuntu.com/ubuntu noble/restricted amd64 Packages [117 kB]
#13 4.735 Get:13 http://archive.ubuntu.com/ubuntu noble-updates/universe amd64 Packages [2151 kB]
#13 4.892 Get:14 http://archive.ubuntu.com/ubuntu noble-updates/main amd64 Packages [1562 kB]
#13 5.030 Get:15 http://archive.ubuntu.com/ubuntu noble-updates/restricted amd64 Packages [1903 kB]
#13 5.129 Get:16 http://archive.ubuntu.com/ubuntu noble-updates/multiverse amd64 Packages [55.8 kB]
#13 5.132 Get:17 http://archive.ubuntu.com/ubuntu noble-backports/main amd64 Packages [48.9 kB]
#13 5.135 Get:18 http://archive.ubuntu.com/ubuntu noble-backports/multiverse amd64 Packages [671 B]
#13 5.135 Get:19 http://archive.ubuntu.com/ubuntu noble-backports/universe amd64 Packages [35.9 kB]
#13 6.254 Fetched 32.6 MB in 5s (6374 kB/s)
#13 6.254 Reading package lists...
#13 7.624 Reading package lists...
#13 ...

#12 [ac-worldserver runtime 1/4] RUN apt-get update     && apt-get install -y --no-install-recommends       libmysqlclient21 libreadline8 libicu74 libncurses5-dev       gettext-base default-mysql-client       adduser     && rm -rf /var/lib/apt/lists/*
#12 6.365 Reading package lists...
#12 7.744 Building dependency tree...
#12 7.999 Reading state information...
#12 8.254 The following additional packages will be installed:
#12 8.254   libbsd0 libc-dev-bin libc6-dev libcrypt-dev libedit2 libncurses6
#12 8.254   libncursesw6 libtinfo6 linux-libc-dev mysql-client-8.0 mysql-client-core-8.0
#12 8.255   mysql-common ncurses-base ncurses-bin readline-common rpcsvc-proto
#12 8.256 Suggested packages:
#12 8.256   liblocale-gettext-perl perl cron quota ecryptfs-utils glibc-doc manpages-dev
#12 8.256   ncurses-doc readline-doc
#12 8.256 Recommended packages:
#12 8.256   manpages manpages-dev libc-devtools libgpm2
#12 8.345 The following NEW packages will be installed:
#12 8.345   adduser default-mysql-client gettext-base libbsd0 libc-dev-bin libc6-dev
#12 8.346   libcrypt-dev libedit2 libicu74 libmysqlclient21 libncurses-dev libncurses6
#12 8.346   libreadline8t64 linux-libc-dev mysql-client-8.0 mysql-client-core-8.0
#12 8.347   mysql-common readline-common rpcsvc-proto
#12 8.348 The following packages will be upgraded:
#12 8.348   libncursesw6 libtinfo6 ncurses-base ncurses-bin
#12 8.471 4 upgraded, 19 newly installed, 0 to remove and 22 not upgraded.
#12 8.471 Need to get 20.2 MB of archives.
#12 8.471 After this operation, 132 MB of additional disk space will be used.
#12 8.471 Get:1 http://archive.ubuntu.com/ubuntu noble-updates/main amd64 ncurses-bin amd64 6.4+20240113-1ubuntu2.2 [188 kB]
#12 8.717 Get:2 http://archive.ubuntu.com/ubuntu noble-updates/main amd64 ncurses-base all 6.4+20240113-1ubuntu2.2 [25.8 kB]
#12 8.720 Get:3 http://archive.ubuntu.com/ubuntu noble-updates/main amd64 libncursesw6 amd64 6.4+20240113-1ubuntu2.2 [148 kB]
#12 8.748 Get:4 http://archive.ubuntu.com/ubuntu noble-updates/main amd64 libtinfo6 amd64 6.4+20240113-1ubuntu2.2 [108 kB]
#12 8.779 Get:5 http://archive.ubuntu.com/ubuntu noble/main amd64 adduser all 3.137ubuntu1 [101 kB]
#12 8.796 Get:6 http://archive.ubuntu.com/ubuntu noble-updates/main amd64 libbsd0 amd64 0.12.1-1build1.1 [41.2 kB]
#12 8.804 Get:7 http://archive.ubuntu.com/ubuntu noble-updates/main amd64 libicu74 amd64 74.2-1ubuntu3.1 [10.9 MB]
#12 9.482 Get:8 http://archive.ubuntu.com/ubuntu noble/main amd64 readline-common all 8.2-4build1 [56.5 kB]
#12 9.483 Get:9 http://archive.ubuntu.com/ubuntu noble/main amd64 libreadline8t64 amd64 8.2-4build1 [153 kB]
#12 9.485 Get:10 http://archive.ubuntu.com/ubuntu noble/main amd64 gettext-base amd64 0.21-14ubuntu2 [38.4 kB]
#12 9.486 Get:11 http://archive.ubuntu.com/ubuntu noble/main amd64 libedit2 amd64 3.1-20230828-1build1 [97.6 kB]
#12 9.487 Get:12 http://archive.ubuntu.com/ubuntu noble-updates/main amd64 libncurses6 amd64 6.4+20240113-1ubuntu2.2 [112 kB]
#12 9.489 Get:13 http://archive.ubuntu.com/ubuntu noble-updates/main amd64 mysql-client-core-8.0 amd64 8.0.46-0ubuntu0.24.04.4 [2740 kB]
#12 9.521 Get:14 http://archive.ubuntu.com/ubuntu noble/main amd64 mysql-common all 5.8+1.1.0build1 [6746 B]
#12 9.522 Get:15 http://archive.ubuntu.com/ubuntu noble-updates/main amd64 mysql-client-8.0 amd64 8.0.46-0ubuntu0.24.04.4 [22.4 kB]
#12 9.522 Get:16 http://archive.ubuntu.com/ubuntu noble/universe amd64 default-mysql-client all 1.1.0build1 [2908 B]
#12 9.529 Get:17 http://archive.ubuntu.com/ubuntu noble-updates/main amd64 libc-dev-bin amd64 2.39-0ubuntu8.8 [20.4 kB]
#12 9.576 Get:18 http://archive.ubuntu.com/ubuntu noble-updates/main amd64 linux-libc-dev amd64 6.8.0-139.139 [1527 kB]
#12 9.630 Get:19 http://archive.ubuntu.com/ubuntu noble/main amd64 libcrypt-dev amd64 1:4.4.36-4build1 [112 kB]
#12 9.633 Get:20 http://archive.ubuntu.com/ubuntu noble/main amd64 rpcsvc-proto amd64 1.4.2-0ubuntu7 [67.4 kB]
#12 9.635 Get:21 http://archive.ubuntu.com/ubuntu noble-updates/main amd64 libc6-dev amd64 2.39-0ubuntu8.8 [2125 kB]
#12 9.707 Get:22 http://archive.ubuntu.com/ubuntu noble-updates/main amd64 libmysqlclient21 amd64 8.0.46-0ubuntu0.24.04.4 [1255 kB]
#12 9.751 Get:23 http://archive.ubuntu.com/ubuntu noble-updates/main amd64 libncurses-dev amd64 6.4+20240113-1ubuntu2.2 [384 kB]
#12 9.959 debconf: delaying package configuration, since apt-utils is not installed
#12 ...

#14 [ac-client-data-init client-data 1/3] RUN apt-get update &&     apt-get install -y curl unzip adduser &&     rm -rf /var/lib/apt/lists/*
#14 1.230 Get:1 http://archive.ubuntu.com/ubuntu noble InRelease [256 kB]
#14 1.235 Get:2 http://security.ubuntu.com/ubuntu noble-security InRelease [126 kB]
#14 1.519 Get:3 http://archive.ubuntu.com/ubuntu noble-updates InRelease [126 kB]
#14 1.544 Get:4 http://security.ubuntu.com/ubuntu noble-security/multiverse amd64 Packages [50.0 kB]
#14 1.603 Get:5 http://archive.ubuntu.com/ubuntu noble-backports InRelease [126 kB]
#14 1.625 Get:6 http://security.ubuntu.com/ubuntu noble-security/restricted amd64 Packages [1786 kB]
#14 1.681 Get:7 http://archive.ubuntu.com/ubuntu noble/main amd64 Packages [1808 kB]
#14 2.192 Get:8 http://archive.ubuntu.com/ubuntu noble/restricted amd64 Packages [117 kB]
#14 2.212 Get:9 http://archive.ubuntu.com/ubuntu noble/multiverse amd64 Packages [331 kB]
#14 2.230 Get:10 http://security.ubuntu.com/ubuntu noble-security/main amd64 Packages [1237 kB]
#14 2.246 Get:11 http://archive.ubuntu.com/ubuntu noble/universe amd64 Packages [19.3 MB]
#14 2.450 Get:12 http://security.ubuntu.com/ubuntu noble-security/universe amd64 Packages [1530 kB]
#14 4.862 Get:13 http://archive.ubuntu.com/ubuntu noble-updates/multiverse amd64 Packages [55.8 kB]
#14 4.863 Get:14 http://archive.ubuntu.com/ubuntu noble-updates/main amd64 Packages [1562 kB]
#14 4.980 Get:15 http://archive.ubuntu.com/ubuntu noble-updates/restricted amd64 Packages [1903 kB]
#14 5.115 Get:16 http://archive.ubuntu.com/ubuntu noble-updates/universe amd64 Packages [2151 kB]
#14 5.262 Get:17 http://archive.ubuntu.com/ubuntu noble-backports/main amd64 Packages [48.9 kB]
#14 5.264 Get:18 http://archive.ubuntu.com/ubuntu noble-backports/multiverse amd64 Packages [671 B]
#14 5.265 Get:19 http://archive.ubuntu.com/ubuntu noble-backports/universe amd64 Packages [35.9 kB]
#14 6.425 Fetched 32.6 MB in 5s (6153 kB/s)
#14 6.425 Reading package lists...
#14 7.801 Reading package lists...
#14 9.219 Building dependency tree...
#14 9.472 Reading state information...
#14 9.732 The following additional packages will be installed:
#14 9.732   krb5-locales libbrotli1 libcurl4t64 libgssapi-krb5-2 libk5crypto3
#14 9.732   libkeyutils1 libkrb5-3 libkrb5support0 libldap-common libldap2 libnghttp2-14
#14 9.732   libpsl5t64 librtmp1 libsasl2-2 libsasl2-modules libsasl2-modules-db libssh-4
#14 9.733   publicsuffix
#14 9.734 Suggested packages:
#14 9.734   liblocale-gettext-perl perl cron quota ecryptfs-utils krb5-doc krb5-user
#14 9.734   libsasl2-modules-gssapi-mit | libsasl2-modules-gssapi-heimdal
#14 9.734   libsasl2-modules-ldap libsasl2-modules-otp libsasl2-modules-sql zip
#14 9.797 The following NEW packages will be installed:
#14 9.797   adduser curl krb5-locales libbrotli1 libcurl4t64 libgssapi-krb5-2
#14 9.797   libk5crypto3 libkeyutils1 libkrb5-3 libkrb5support0 libldap-common libldap2
#14 9.798   libnghttp2-14 libpsl5t64 librtmp1 libsasl2-2 libsasl2-modules
#14 9.798   libsasl2-modules-db libssh-4 publicsuffix unzip
#14 9.881 0 upgraded, 21 newly installed, 0 to remove and 26 not upgraded.
#14 9.881 Need to get 2689 kB of archives.
#14 9.881 After this operation, 7745 kB of additional disk space will be used.
#14 9.881 Get:1 http://archive.ubuntu.com/ubuntu noble/main amd64 adduser all 3.137ubuntu1 [101 kB]
#14 10.00 Get:2 http://archive.ubuntu.com/ubuntu noble-updates/main amd64 krb5-locales all 1.20.1-6ubuntu2.8 [15.1 kB]
#14 10.00 Get:3 http://archive.ubuntu.com/ubuntu noble-updates/main amd64 libkrb5support0 amd64 1.20.1-6ubuntu2.8 [34.7 kB]
#14 10.01 Get:4 http://archive.ubuntu.com/ubuntu noble-updates/main amd64 libk5crypto3 amd64 1.20.1-6ubuntu2.8 [81.9 kB]
#14 10.04 Get:5 http://archive.ubuntu.com/ubuntu noble/main amd64 libkeyutils1 amd64 1.6.3-3build1 [9490 B]
#14 10.04 Get:6 http://archive.ubuntu.com/ubuntu noble-updates/main amd64 libkrb5-3 amd64 1.20.1-6ubuntu2.8 [348 kB]
#14 10.08 Get:7 http://archive.ubuntu.com/ubuntu noble-updates/main amd64 libgssapi-krb5-2 amd64 1.20.1-6ubuntu2.8 [143 kB]
#14 10.09 Get:8 http://archive.ubuntu.com/ubuntu noble-updates/main amd64 libnghttp2-14 amd64 1.59.0-1ubuntu0.4 [74.6 kB]
#14 10.13 Get:9 http://archive.ubuntu.com/ubuntu noble/main amd64 libpsl5t64 amd64 0.21.2-1.1build1 [57.1 kB]
#14 ...

#12 [ac-worldserver runtime 1/4] RUN apt-get update     && apt-get install -y --no-install-recommends       libmysqlclient21 libreadline8 libicu74 libncurses5-dev       gettext-base default-mysql-client       adduser     && rm -rf /var/lib/apt/lists/*
#12 10.02 Fetched 20.2 MB in 1s (14.4 MB/s)
#12 10.08 (Reading database ... 
(Reading database ... 5%
(Reading database ... 10%
(Reading database ... 15%
(Reading database ... 20%
(Reading database ... 25%
(Reading database ... 30%
(Reading database ... 35%
(Reading database ... 40%
(Reading database ... 45%
(Reading database ... 50%
(Reading database ... 55%
(Reading database ... 60%
(Reading database ... 65%
(Reading database ... 70%
(Reading database ... 75%
(Reading database ... 80%
(Reading database ... 85%
(Reading database ... 90%
(Reading database ... 95%
(Reading database ... 100%
(Reading database ... 5366 files and directories currently installed.)
#12 10.08 Preparing to unpack .../ncurses-bin_6.4+20240113-1ubuntu2.2_amd64.deb ...
#12 10.16 Unpacking ncurses-bin (6.4+20240113-1ubuntu2.2) over (6.4+20240113-1ubuntu2.1) ...
#12 10.46 Setting up ncurses-bin (6.4+20240113-1ubuntu2.2) ...
#12 10.71 (Reading database ... 
(Reading database ... 5%
(Reading database ... 10%
(Reading database ... 15%
(Reading database ... 20%
(Reading database ... 25%
(Reading database ... 30%
(Reading database ... 35%
(Reading database ... 40%
(Reading database ... 45%
(Reading database ... 50%
(Reading database ... 55%
(Reading database ... 60%
(Reading database ... 65%
(Reading database ... 70%
(Reading database ... 75%
(Reading database ... 80%
(Reading database ... 85%
(Reading database ... 90%
(Reading database ... 95%
(Reading database ... 100%
(Reading database ... 5366 files and directories currently installed.)
#12 10.71 Preparing to unpack .../ncurses-base_6.4+20240113-1ubuntu2.2_all.deb ...
#12 10.86 Unpacking ncurses-base (6.4+20240113-1ubuntu2.2) over (6.4+20240113-1ubuntu2.1) ...
#12 12.29 Setting up ncurses-base (6.4+20240113-1ubuntu2.2) ...
#12 12.66 (Reading database ... 
(Reading database ... 5%
(Reading database ... 10%
(Reading database ... 15%
(Reading database ... 20%
(Reading database ... 25%
(Reading database ... 30%
(Reading database ... 35%
(Reading database ... 40%
(Reading database ... 45%
(Reading database ... 50%
(Reading database ... 55%
(Reading database ... 60%
(Reading database ... 65%
(Reading database ... 70%
(Reading database ... 75%
(Reading database ... 80%
(Reading database ... 85%
(Reading database ... 90%
(Reading database ... 95%
(Reading database ... 100%
(Reading database ... 5366 files and directories currently installed.)
#12 12.67 Preparing to unpack .../libncursesw6_6.4+20240113-1ubuntu2.2_amd64.deb ...
#12 12.80 Unpacking libncursesw6:amd64 (6.4+20240113-1ubuntu2.2) over (6.4+20240113-1ubuntu2.1) ...
#12 14.77 Preparing to unpack .../libtinfo6_6.4+20240113-1ubuntu2.2_amd64.deb ...
#12 14.90 Unpacking libtinfo6:amd64 (6.4+20240113-1ubuntu2.2) over (6.4+20240113-1ubuntu2.1) ...
#12 15.28 Setting up libtinfo6:amd64 (6.4+20240113-1ubuntu2.2) ...
#12 15.65 Selecting previously unselected package adduser.
#12 15.65 (Reading database ... 
(Reading database ... 5%
(Reading database ... 10%
(Reading database ... 15%
(Reading database ... 20%
(Reading database ... 25%
(Reading database ... 30%
(Reading database ... 35%
(Reading database ... 40%
(Reading database ... 45%
(Reading database ... 50%
(Reading database ... 55%
(Reading database ... 60%
(Reading database ... 65%
(Reading database ... 70%
(Reading database ... 75%
(Reading database ... 80%
(Reading database ... 85%
(Reading database ... 90%
(Reading database ... 95%
(Reading database ... 100%
(Reading database ... 5366 files and directories currently installed.)
#12 15.66 Preparing to unpack .../adduser_3.137ubuntu1_all.deb ...
#12 15.69 Unpacking adduser (3.137ubuntu1) ...
#12 15.95 Setting up adduser (3.137ubuntu1) ...
#12 16.34 Selecting previously unselected package libbsd0:amd64.
#12 16.34 (Reading database ... 
#12 ...

#13 [ac-authserver build 1/8] RUN apt-get update                                                         && apt-get install -y --no-install-recommends                                 build-essential ccache libtool cmake-data ninja-build cmake clang            git lsb-base curl unzip default-mysql-client openssl                          default-libmysqlclient-dev libboost-all-dev libssl-dev libmysql++-dev         libreadline-dev zlib1g-dev libbz2-dev libncurses5-dev liblzma-dev      && rm -rf /var/lib/apt/lists/*
#13 7.624 Reading package lists...
#13 9.011 Building dependency tree...
#13 9.264 Reading state information...
#13 9.576 openssl is already the newest version (3.0.13-0ubuntu3.15).
#13 9.576 openssl set to manually installed.
#13 9.576 The following additional packages will be installed:
#13 9.576   adduser autoconf automake autotools-dev binutils binutils-common
#13 9.576   binutils-x86-64-linux-gnu bzip2 clang-18 cpp cpp-13 cpp-13-x86-64-linux-gnu
#13 9.576   cpp-x86-64-linux-gnu dpkg-dev file g++ g++-13 g++-13-x86-64-linux-gnu
#13 9.576   g++-x86-64-linux-gnu gcc gcc-13 gcc-13-base gcc-13-x86-64-linux-gnu
#13 9.576   gcc-x86-64-linux-gnu gfortran-13 gfortran-13-x86-64-linux-gnu git-man
#13 9.576   ibverbs-providers icu-devtools libamd-comgr2 libamdhip64-5 libarchive13t64
#13 9.576   libasan8 libatomic1 libbinutils libboost-atomic-dev libboost-atomic1.83-dev
#13 9.576   libboost-atomic1.83.0 libboost-chrono-dev libboost-chrono1.83-dev
#13 9.576   libboost-chrono1.83.0t64 libboost-container-dev libboost-container1.83-dev
#13 9.576   libboost-container1.83.0 libboost-context-dev libboost-context1.83-dev
#13 9.576   libboost-context1.83.0 libboost-coroutine-dev libboost-coroutine1.83-dev
#13 9.576   libboost-coroutine1.83.0 libboost-date-time-dev libboost-date-time1.83-dev
#13 9.576   libboost-date-time1.83.0 libboost-dev libboost-exception-dev
#13 9.576   libboost-exception1.83-dev libboost-fiber-dev libboost-fiber1.83-dev
#13 9.576   libboost-fiber1.83.0 libboost-filesystem-dev libboost-filesystem1.83-dev
#13 9.576   libboost-filesystem1.83.0 libboost-graph-dev libboost-graph-parallel-dev
#13 9.576   libboost-graph-parallel1.83-dev libboost-graph-parallel1.83.0
#13 9.576   libboost-graph1.83-dev libboost-graph1.83.0 libboost-iostreams-dev
#13 9.576   libboost-iostreams1.83-dev libboost-iostreams1.83.0 libboost-json-dev
#13 9.576   libboost-json1.83-dev libboost-json1.83.0 libboost-locale-dev
#13 9.576   libboost-locale1.83-dev libboost-locale1.83.0 libboost-log-dev
#13 9.576   libboost-log1.83-dev libboost-log1.83.0 libboost-math-dev
#13 9.576   libboost-math1.83-dev libboost-math1.83.0 libboost-mpi-dev
#13 9.576   libboost-mpi-python-dev libboost-mpi-python1.83-dev
#13 9.576   libboost-mpi-python1.83.0 libboost-mpi1.83-dev libboost-mpi1.83.0
#13 9.576   libboost-nowide-dev libboost-nowide1.83-dev libboost-nowide1.83.0
#13 9.576   libboost-numpy-dev libboost-numpy1.83-dev libboost-numpy1.83.0
#13 9.576   libboost-program-options-dev libboost-program-options1.83-dev
#13 9.576   libboost-program-options1.83.0 libboost-python-dev libboost-python1.83-dev
#13 9.576   libboost-python1.83.0 libboost-random-dev libboost-random1.83-dev
#13 9.576   libboost-random1.83.0 libboost-regex-dev libboost-regex1.83-dev
#13 9.576   libboost-regex1.83.0 libboost-serialization-dev
#13 9.576   libboost-serialization1.83-dev libboost-serialization1.83.0
#13 9.576   libboost-stacktrace-dev libboost-stacktrace1.83-dev
#13 9.576   libboost-stacktrace1.83.0 libboost-system-dev libboost-system1.83-dev
#13 9.576   libboost-system1.83.0 libboost-test-dev libboost-test1.83-dev
#13 9.576   libboost-test1.83.0 libboost-thread-dev libboost-thread1.83-dev
#13 9.576   libboost-thread1.83.0 libboost-timer-dev libboost-timer1.83-dev
#13 9.576   libboost-timer1.83.0 libboost-tools-dev libboost-type-erasure-dev
#13 9.576   libboost-type-erasure1.83-dev libboost-type-erasure1.83.0 libboost-url-dev
#13 9.576   libboost-url1.83-dev libboost-url1.83.0 libboost-wave-dev
#13 9.576   libboost-wave1.83-dev libboost-wave1.83.0 libboost1.83-dev
#13 9.576   libboost1.83-tools-dev libbrotli1 libbsd0 libbz2-1.0 libc-dev-bin libc6-dev
#13 9.576   libcbor0.10 libcc1-0 libclang-common-18-dev libclang-cpp18 libclang1-18
#13 9.576   libcrypt-dev libctf-nobfd0 libctf0 libcurl3t64-gnutls libcurl4t64
#13 9.576   libdpkg-perl libdrm-amdgpu1 libdrm-common libdrm2 libedit2 libelf1t64
#13 9.576   liberror-perl libevent-2.1-7t64 libevent-core-2.1-7t64 libevent-dev
#13 9.576   libevent-extra-2.1-7t64 libevent-openssl-2.1-7t64 libevent-pthreads-2.1-7t64
#13 9.576   libexpat1 libexpat1-dev libfabric1 libfido2-1 libgc1 libgcc-13-dev
#13 9.576   libgdbm-compat4t64 libgdbm6t64 libgfortran-13-dev libgfortran5 libgomp1
#13 9.576   libgprofng0 libgssapi-krb5-2 libhiredis1.1.0 libhsa-runtime64-1 libhsakmt1
#13 9.576   libhwasan0 libhwloc-dev libhwloc-plugins libhwloc15 libibverbs-dev
#13 9.576   libibverbs1 libicu-dev libicu74 libisl23 libitm1 libjansson4 libjs-jquery
#13 9.576   libjs-jquery-ui libjs-sphinxdoc libjs-underscore libjsoncpp25 libk5crypto3
#13 9.576   libkeyutils1 libkrb5-3 libkrb5support0 libldap2 libllvm17t64 libllvm18
#13 9.576   liblsan0 libltdl-dev libltdl7 libmagic-mgc libmagic1t64 libmpc3 libmpfr6
#13 9.576   libmunge2 libmysql++3t64 libmysqlclient-dev libmysqlclient21 libncurses6
#13 9.576   libncursesw6 libnghttp2-14 libnl-3-200 libnl-3-dev libnl-route-3-200
#13 9.576   libnl-route-3-dev libnuma-dev libnuma1 libobjc-13-dev libobjc4
#13 9.576   libopenmpi-dev libopenmpi3t64 libpciaccess0 libperl5.38t64 libpmix-dev
#13 9.576   libpmix2t64 libpsl5t64 libpsm-infinipath1 libpsm2-2 libpython3-dev
#13 9.576   libpython3-stdlib libpython3.12-dev libpython3.12-minimal
#13 9.576   libpython3.12-stdlib libpython3.12t64 libquadmath0 librdmacm1t64
#13 9.577   libreadline8t64 librhash0 librtmp1 libsasl2-2 libsasl2-modules-db libsframe1
#13 9.577   libsqlite3-0 libssh-4 libstdc++-13-dev libtinfo6 libtsan2 libubsan1 libucx0
#13 9.577   libuv1t64 libx11-6 libx11-data libxau6 libxcb1 libxdmcp6 libxext6 libxml2
#13 9.577   libxnvctrl0 libzstd-dev linux-libc-dev llvm-18-linker-tools
#13 9.577   lto-disabled-list m4 make media-types mpi-default-bin mpi-default-dev
#13 9.577   mysql-client-8.0 mysql-client-core-8.0 mysql-common ncurses-base ncurses-bin
#13 9.577   netbase ocl-icd-libopencl1 openmpi-bin openmpi-common openssh-client patch
#13 9.577   perl perl-base perl-modules-5.38 python3 python3-dev python3-minimal
#13 9.577   python3.12 python3.12-dev python3.12-minimal readline-common rpcsvc-proto
#13 9.578   xz-utils zlib1g
#13 9.579 Suggested packages:
#13 9.579   liblocale-gettext-perl cron quota ecryptfs-utils autoconf-archive
#13 9.579   gnu-standards autoconf-doc gettext binutils-doc gprofng-gui bzip2-doc distcc
#13 9.579   | icecc clang-18-doc wasi-libc cmake-doc cmake-format elpa-cmake-mode
#13 9.579   cpp-doc gcc-13-locales cpp-13-doc debian-keyring g++-multilib
#13 9.579   g++-13-multilib gcc-13-doc gcc-multilib manpages-dev flex bison gdb gcc-doc
#13 9.579   gcc-13-multilib gdb-x86-64-linux-gnu gfortran-13-multilib gfortran-13-doc
#13 9.579   libcoarrays-dev gettext-base git-daemon-run | git-daemon-sysvinit git-doc
#13 9.579   git-email git-gui gitk gitweb git-cvs git-mediawiki git-svn lrzip
#13 9.579   libboost-doc graphviz libboost1.83-doc gccxml libboost-contract1.83-dev
#13 9.579   libmpfrc++-dev libntl-dev xsltproc doxygen docbook-xml docbook-xsl
#13 9.579   default-jdk fop glibc-doc gnupg | sq | sqop | pgpainless-cli
#13 9.579   | sequoia-chameleon-gnupg bzr gdbm-l10n krb5-doc krb5-user
#13 9.579   libhwloc-contrib-plugins icu-doc libjs-jquery-ui-docs libtool-doc
#13 9.579   liblzma-doc libmysql++-doc ncurses-doc openmpi-doc pciutils readline-doc
#13 9.579   libssl-doc libstdc++-13-doc gcj-jdk m4-doc make-doc opencl-icd gfortran
#13 9.579   | fortran-compiler keychain libpam-ssh monkeysphere ssh-askpass ed
#13 9.579   diffutils-doc perl-doc libterm-readline-gnu-perl
#13 9.579   | libterm-readline-perl-perl libtap-harness-archive-perl python3-doc
#13 9.579   python3-tk python3-venv python3.12-venv python3.12-doc binfmt-support zip
#13 9.579 Recommended packages:
#13 9.579   llvm-18-dev fakeroot gnupg | sq | sqop | pgpainless-cli
#13 9.579   | sequoia-chameleon-gnupg libalgorithm-merge-perl less bzip2-doc manpages
#13 9.579   manpages-dev libc-devtools libclang-rt-18-dev libfile-fcntllock-perl
#13 9.579   liblocale-gettext-perl javascript-common krb5-locales libldap-common libgpm2
#13 9.579   libcoarrays-openmpi-dev publicsuffix libsasl2-modules xauth
#13 10.39 The following NEW packages will be installed:
#13 10.39   adduser autoconf automake autotools-dev binutils binutils-common
#13 10.39   binutils-x86-64-linux-gnu build-essential bzip2 ccache clang clang-18 cmake
#13 10.39   cmake-data cpp cpp-13 cpp-13-x86-64-linux-gnu cpp-x86-64-linux-gnu curl
#13 10.39   default-libmysqlclient-dev default-mysql-client dpkg-dev file g++ g++-13
#13 10.39   g++-13-x86-64-linux-gnu g++-x86-64-linux-gnu gcc gcc-13 gcc-13-base
#13 10.39   gcc-13-x86-64-linux-gnu gcc-x86-64-linux-gnu gfortran-13
#13 10.39   gfortran-13-x86-64-linux-gnu git git-man ibverbs-providers icu-devtools
#13 10.39   libamd-comgr2 libamdhip64-5 libarchive13t64 libasan8 libatomic1 libbinutils
#13 10.39   libboost-all-dev libboost-atomic-dev libboost-atomic1.83-dev
#13 10.39   libboost-atomic1.83.0 libboost-chrono-dev libboost-chrono1.83-dev
#13 10.39   libboost-chrono1.83.0t64 libboost-container-dev libboost-container1.83-dev
#13 10.39   libboost-container1.83.0 libboost-context-dev libboost-context1.83-dev
#13 10.39   libboost-context1.83.0 libboost-coroutine-dev libboost-coroutine1.83-dev
#13 10.39   libboost-coroutine1.83.0 libboost-date-time-dev libboost-date-time1.83-dev
#13 10.39   libboost-date-time1.83.0 libboost-dev libboost-exception-dev
#13 10.39   libboost-exception1.83-dev libboost-fiber-dev libboost-fiber1.83-dev
#13 10.39   libboost-fiber1.83.0 libboost-filesystem-dev libboost-filesystem1.83-dev
#13 10.39   libboost-filesystem1.83.0 libboost-graph-dev libboost-graph-parallel-dev
#13 10.39   libboost-graph-parallel1.83-dev libboost-graph-parallel1.83.0
#13 10.39   libboost-graph1.83-dev libboost-graph1.83.0 libboost-iostreams-dev
#13 10.39   libboost-iostreams1.83-dev libboost-iostreams1.83.0 libboost-json-dev
#13 10.39   libboost-json1.83-dev libboost-json1.83.0 libboost-locale-dev
#13 10.39   libboost-locale1.83-dev libboost-locale1.83.0 libboost-log-dev
#13 10.39   libboost-log1.83-dev libboost-log1.83.0 libboost-math-dev
#13 10.39   libboost-math1.83-dev libboost-math1.83.0 libboost-mpi-dev
#13 10.39   libboost-mpi-python-dev libboost-mpi-python1.83-dev
#13 10.39   libboost-mpi-python1.83.0 libboost-mpi1.83-dev libboost-mpi1.83.0
#13 10.39   libboost-nowide-dev libboost-nowide1.83-dev libboost-nowide1.83.0
#13 10.39   libboost-numpy-dev libboost-numpy1.83-dev libboost-numpy1.83.0
#13 10.39   libboost-program-options-dev libboost-program-options1.83-dev
#13 10.39   libboost-program-options1.83.0 libboost-python-dev libboost-python1.83-dev
#13 10.39   libboost-python1.83.0 libboost-random-dev libboost-random1.83-dev
#13 10.39   libboost-random1.83.0 libboost-regex-dev libboost-regex1.83-dev
#13 10.39   libboost-regex1.83.0 libboost-serialization-dev
#13 10.39   libboost-serialization1.83-dev libboost-serialization1.83.0
#13 10.39   libboost-stacktrace-dev libboost-stacktrace1.83-dev
#13 10.39   libboost-stacktrace1.83.0 libboost-system-dev libboost-system1.83-dev
#13 10.39   libboost-system1.83.0 libboost-test-dev libboost-test1.83-dev
#13 10.39   libboost-test1.83.0 libboost-thread-dev libboost-thread1.83-dev
#13 10.39   libboost-thread1.83.0 libboost-timer-dev libboost-timer1.83-dev
#13 10.39   libboost-timer1.83.0 libboost-tools-dev libboost-type-erasure-dev
#13 10.39   libboost-type-erasure1.83-dev libboost-type-erasure1.83.0 libboost-url-dev
#13 10.39   libboost-url1.83-dev libboost-url1.83.0 libboost-wave-dev
#13 10.39   libboost-wave1.83-dev libboost-wave1.83.0 libboost1.83-dev
#13 10.39   libboost1.83-tools-dev libbrotli1 libbsd0 libbz2-dev libc-dev-bin libc6-dev
#13 10.39   libcbor0.10 libcc1-0 libclang-common-18-dev libclang-cpp18 libclang1-18
#13 10.39   libcrypt-dev libctf-nobfd0 libctf0 libcurl3t64-gnutls libcurl4t64
#13 10.39   libdpkg-perl libdrm-amdgpu1 libdrm-common libdrm2 libedit2 libelf1t64
#13 10.39   liberror-perl libevent-2.1-7t64 libevent-core-2.1-7t64 libevent-dev
#13 10.39   libevent-extra-2.1-7t64 libevent-openssl-2.1-7t64 libevent-pthreads-2.1-7t64
#13 10.39   libexpat1 libexpat1-dev libfabric1 libfido2-1 libgc1 libgcc-13-dev
#13 10.39   libgdbm-compat4t64 libgdbm6t64 libgfortran-13-dev libgfortran5 libgomp1
#13 10.39   libgprofng0 libgssapi-krb5-2 libhiredis1.1.0 libhsa-runtime64-1 libhsakmt1
#13 10.39   libhwasan0 libhwloc-dev libhwloc-plugins libhwloc15 libibverbs-dev
#13 10.39   libibverbs1 libicu-dev libicu74 libisl23 libitm1 libjansson4 libjs-jquery
#13 10.39   libjs-jquery-ui libjs-sphinxdoc libjs-underscore libjsoncpp25 libk5crypto3
#13 10.39   libkeyutils1 libkrb5-3 libkrb5support0 libldap2 libllvm17t64 libllvm18
#13 10.39   liblsan0 libltdl-dev libltdl7 liblzma-dev libmagic-mgc libmagic1t64 libmpc3
#13 10.39   libmpfr6 libmunge2 libmysql++-dev libmysql++3t64 libmysqlclient-dev
#13 10.39   libmysqlclient21 libncurses-dev libncurses6 libnghttp2-14 libnl-3-200
#13 10.39   libnl-3-dev libnl-route-3-200 libnl-route-3-dev libnuma-dev libnuma1
#13 10.39   libobjc-13-dev libobjc4 libopenmpi-dev libopenmpi3t64 libpciaccess0
#13 10.40   libperl5.38t64 libpmix-dev libpmix2t64 libpsl5t64 libpsm-infinipath1
#13 10.40   libpsm2-2 libpython3-dev libpython3-stdlib libpython3.12-dev
#13 10.40   libpython3.12-minimal libpython3.12-stdlib libpython3.12t64 libquadmath0
#13 10.40   librdmacm1t64 libreadline-dev libreadline8t64 librhash0 librtmp1 libsasl2-2
#13 10.40   libsasl2-modules-db libsframe1 libsqlite3-0 libssh-4 libssl-dev
#13 10.40   libstdc++-13-dev libtool libtsan2 libubsan1 libucx0 libuv1t64 libx11-6
#13 10.40   libx11-data libxau6 libxcb1 libxdmcp6 libxext6 libxml2 libxnvctrl0
#13 10.40   libzstd-dev linux-libc-dev llvm-18-linker-tools lsb-base lto-disabled-list
#13 10.40   m4 make media-types mpi-default-bin mpi-default-dev mysql-client-8.0
#13 10.40   mysql-client-core-8.0 mysql-common netbase ninja-build ocl-icd-libopencl1
#13 10.40   openmpi-bin openmpi-common openssh-client patch perl perl-modules-5.38
#13 10.40   python3 python3-dev python3-minimal python3.12 python3.12-dev
#13 10.40   python3.12-minimal readline-common rpcsvc-proto unzip xz-utils zlib1g-dev
#13 10.40 The following packages will be upgraded:
#13 10.40   libbz2-1.0 libncursesw6 libtinfo6 ncurses-base ncurses-bin perl-base zlib1g
#13 10.50 7 upgraded, 312 newly installed, 0 to remove and 19 not upgraded.
#13 10.50 Need to get 321 MB of archives.
#13 10.50 After this operation, 1573 MB of additional disk space will be used.
#13 10.50 Get:1 http://archive.ubuntu.com/ubuntu noble-updates/main amd64 ncurses-bin amd64 6.4+20240113-1ubuntu2.2 [188 kB]
#13 10.64 Get:2 http://archive.ubuntu.com/ubuntu noble-updates/main amd64 perl-base amd64 5.38.2-3.2ubuntu0.4 [1826 kB]
#13 10.79 Get:3 http://archive.ubuntu.com/ubuntu noble-updates/main amd64 ncurses-base all 6.4+20240113-1ubuntu2.2 [25.8 kB]
#13 10.79 Get:4 http://archive.ubuntu.com/ubuntu noble-updates/main amd64 libpython3.12-minimal amd64 3.12.3-1ubuntu0.16 [838 kB]
#13 10.82 Get:5 http://archive.ubuntu.com/ubuntu noble-updates/main amd64 libexpat1 amd64 2.6.1-2ubuntu0.4 [88.2 kB]
#13 10.83 Get:6 http://archive.ubuntu.com/ubuntu noble-updates/main amd64 zlib1g amd64 1:1.3.dfsg-3.1ubuntu2.2 [63.0 kB]
#13 10.87 Get:7 http://archive.ubuntu.com/ubuntu noble-updates/main amd64 python3.12-minimal amd64 3.12.3-1ubuntu0.16 [2335 kB]
#13 11.03 Get:8 http://archive.ubuntu.com/ubuntu noble-updates/main amd64 python3-minimal amd64 3.12.3-0ubuntu2.1 [27.4 kB]
#13 11.03 Get:9 http://archive.ubuntu.com/ubuntu noble/main amd64 media-types all 10.1.0 [27.5 kB]
#13 11.03 Get:10 http://archive.ubuntu.com/ubuntu noble/main amd64 netbase all 6.4 [13.1 kB]
#13 11.03 Get:11 http://archive.ubuntu.com/ubuntu noble-updates/main amd64 libbz2-1.0 amd64 1.0.8-5.1ubuntu0.1 [34.6 kB]
#13 11.03 Get:12 http://archive.ubuntu.com/ubuntu noble-updates/main amd64 libncursesw6 amd64 6.4+20240113-1ubuntu2.2 [148 kB]
#13 11.03 Get:13 http://archive.ubuntu.com/ubuntu noble-updates/main amd64 libtinfo6 amd64 6.4+20240113-1ubuntu2.2 [108 kB]
#13 11.03 Get:14 http://archive.ubuntu.com/ubuntu noble/main amd64 readline-common all 8.2-4build1 [56.5 kB]
#13 11.03 Get:15 http://archive.ubuntu.com/ubuntu noble/main amd64 libreadline8t64 amd64 8.2-4build1 [153 kB]
#13 11.03 Get:16 http://archive.ubuntu.com/ubuntu noble-updates/main amd64 libsqlite3-0 amd64 3.45.1-1ubuntu2.7 [701 kB]
#13 11.05 Get:17 http://archive.ubuntu.com/ubuntu noble-updates/main amd64 libpython3.12-stdlib amd64 3.12.3-1ubuntu0.16 [2070 kB]
#13 11.17 Get:18 http://archive.ubuntu.com/ubuntu noble-updates/main amd64 python3.12 amd64 3.12.3-1ubuntu0.16 [651 kB]
#13 11.19 Get:19 http://archive.ubuntu.com/ubuntu noble-updates/main amd64 libpython3-stdlib amd64 3.12.3-0ubuntu2.1 [10.1 kB]
#13 11.20 Get:20 http://archive.ubuntu.com/ubuntu noble-updates/main amd64 python3 amd64 3.12.3-0ubuntu2.1 [23.0 kB]
#13 11.20 Get:21 http://archive.ubuntu.com/ubuntu noble-updates/main amd64 perl-modules-5.38 all 5.38.2-3.2ubuntu0.4 [3110 kB]
#13 11.32 Get:22 http://archive.ubuntu.com/ubuntu noble/main amd64 libgdbm6t64 amd64 1.23-5.1build1 [34.4 kB]
#13 11.32 Get:23 http://archive.ubuntu.com/ubuntu noble/main amd64 libgdbm-compat4t64 amd64 1.23-5.1build1 [6710 B]
#13 11.32 Get:24 http://archive.ubuntu.com/ubuntu noble-updates/main amd64 libperl5.38t64 amd64 5.38.2-3.2ubuntu0.4 [4870 kB]
#13 11.50 Get:25 http://archive.ubuntu.com/ubuntu noble-updates/main amd64 perl amd64 5.38.2-3.2ubuntu0.4 [231 kB]
#13 11.52 Get:26 http://archive.ubuntu.com/ubuntu noble/main amd64 adduser all 3.137ubuntu1 [101 kB]
#13 11.58 Get:27 http://archive.ubuntu.com/ubuntu noble-updates/main amd64 libbsd0 amd64 0.12.1-1build1.1 [41.2 kB]
#13 11.58 Get:28 http://archive.ubuntu.com/ubuntu noble-updates/main amd64 libelf1t64 amd64 0.190-1.1ubuntu0.1 [57.8 kB]
#13 11.58 Get:29 http://archive.ubuntu.com/ubuntu noble-updates/main amd64 libkrb5support0 amd64 1.20.1-6ubuntu2.8 [34.7 kB]
#13 11.58 Get:30 http://archive.ubuntu.com/ubuntu noble-updates/main amd64 libk5crypto3 amd64 1.20.1-6ubuntu2.8 [81.9 kB]
#13 11.58 Get:31 http://archive.ubuntu.com/ubuntu noble/main amd64 libkeyutils1 amd64 1.6.3-3build1 [9490 B]
#13 11.58 Get:32 http://archive.ubuntu.com/ubuntu noble-updates/main amd64 libkrb5-3 amd64 1.20.1-6ubuntu2.8 [348 kB]
#13 11.59 Get:33 http://archive.ubuntu.com/ubuntu noble-updates/main amd64 libgssapi-krb5-2 amd64 1.20.1-6ubuntu2.8 [143 kB]
#13 11.59 Get:34 http://archive.ubuntu.com/ubuntu noble-updates/main amd64 libicu74 amd64 74.2-1ubuntu3.1 [10.9 MB]
#13 12.05 Get:35 http://archive.ubuntu.com/ubuntu noble-updates/main amd64 libxml2 amd64 2.9.14+dfsg-1.3ubuntu3.8 [764 kB]
#13 12.07 Get:36 http://archive.ubuntu.com/ubuntu noble/main amd64 libmagic-mgc amd64 1:5.45-3build1 [307 kB]
#13 12.09 Get:37 http://archive.ubuntu.com/ubuntu noble/main amd64 libmagic1t64 amd64 1:5.45-3build1 [87.2 kB]
#13 12.09 Get:38 http://archive.ubuntu.com/ubuntu noble/main amd64 file amd64 1:5.45-3build1 [22.0 kB]
#13 12.09 Get:39 http://archive.ubuntu.com/ubuntu noble-updates/main amd64 libnl-3-200 amd64 3.7.0-0.3build1.1 [55.7 kB]
#13 12.09 Get:40 http://archive.ubuntu.com/ubuntu noble-updates/main amd64 libnl-route-3-200 amd64 3.7.0-0.3build1.1 [189 kB]
#13 12.09 Get:41 http://archive.ubuntu.com/ubuntu noble-updates/main amd64 libibverbs1 amd64 50.0-2ubuntu0.2 [68.0 kB]
#13 12.09 Get:42 http://archive.ubuntu.com/ubuntu noble-updates/main amd64 ibverbs-providers amd64 50.0-2ubuntu0.2 [381 kB]
#13 12.10 Get:43 http://archive.ubuntu.com/ubuntu noble/main amd64 libcbor0.10 amd64 0.10.2-1.2ubuntu2 [25.8 kB]
#13 12.10 Get:44 http://archive.ubuntu.com/ubuntu noble-updates/main amd64 libdrm-common all 2.4.125-1ubuntu0.1~24.04.2 [9250 B]
#13 12.11 Get:45 http://archive.ubuntu.com/ubuntu noble-updates/main amd64 libdrm2 amd64 2.4.125-1ubuntu0.1~24.04.2 [41.4 kB]
#13 12.12 Get:46 http://archive.ubuntu.com/ubuntu noble/main amd64 libedit2 amd64 3.1-20230828-1build1 [97.6 kB]
#13 12.12 Get:47 http://archive.ubuntu.com/ubuntu noble/main amd64 libfido2-1 amd64 1.14.0-1build3 [83.5 kB]
#13 12.12 Get:48 http://archive.ubuntu.com/ubuntu noble/main amd64 libjansson4 amd64 2.14-2build2 [32.8 kB]
#13 12.14 Get:49 http://archive.ubuntu.com/ubuntu noble-updates/main amd64 libncurses6 amd64 6.4+20240113-1ubuntu2.2 [112 kB]
#13 12.14 Get:50 http://archive.ubuntu.com/ubuntu noble-updates/main amd64 libnghttp2-14 amd64 1.59.0-1ubuntu0.4 [74.6 kB]
#13 12.15 Get:51 http://archive.ubuntu.com/ubuntu noble-updates/main amd64 libnuma1 amd64 2.0.18-1ubuntu0.24.04.1 [23.4 kB]
#13 12.15 Get:52 http://archive.ubuntu.com/ubuntu noble/main amd64 libpsl5t64 amd64 0.21.2-1.1build1 [57.1 kB]
#13 12.15 Get:53 http://archive.ubuntu.com/ubuntu noble/main amd64 libuv1t64 amd64 1.48.0-1.1build1 [97.3 kB]
#13 12.15 Get:54 http://archive.ubuntu.com/ubuntu noble/main amd64 libxau6 amd64 1:1.0.9-1build6 [7160 B]
#13 12.16 Get:55 http://archive.ubuntu.com/ubuntu noble/main amd64 libxdmcp6 amd64 1:1.1.3-0ubuntu6 [10.3 kB]
#13 12.16 Get:56 http://archive.ubuntu.com/ubuntu noble/main amd64 libxcb1 amd64 1.15-1ubuntu2 [47.7 kB]
#13 12.17 Get:57 http://archive.ubuntu.com/ubuntu noble/main amd64 libx11-data all 2:1.8.7-1build1 [115 kB]
#13 12.17 Get:58 http://archive.ubuntu.com/ubuntu noble/main amd64 libx11-6 amd64 2:1.8.7-1build1 [650 kB]
#13 12.20 Get:59 http://archive.ubuntu.com/ubuntu noble/main amd64 libxext6 amd64 2:1.3.4-1build2 [30.4 kB]
#13 12.20 Get:60 http://archive.ubuntu.com/ubuntu noble-updates/main amd64 openssh-client amd64 1:9.6p1-3ubuntu13.19 [908 kB]
#13 12.24 Get:61 http://archive.ubuntu.com/ubuntu noble-updates/main amd64 xz-utils amd64 5.6.1+really5.4.5-1ubuntu0.3 [267 kB]
#13 12.26 Get:62 http://archive.ubuntu.com/ubuntu noble/main amd64 m4 amd64 1.4.19-4build1 [244 kB]
#13 12.26 Get:63 http://archive.ubuntu.com/ubuntu noble/main amd64 autoconf all 2.71-3 [339 kB]
#13 12.27 Get:64 http://archive.ubuntu.com/ubuntu noble/main amd64 autotools-dev all 20220109.1 [44.9 kB]
#13 12.27 Get:65 http://archive.ubuntu.com/ubuntu noble/main amd64 automake all 1:1.16.5-1.3ubuntu1 [558 kB]
#13 12.30 Get:66 http://archive.ubuntu.com/ubuntu noble-updates/main amd64 binutils-common amd64 2.42-4ubuntu2.10 [240 kB]
#13 12.31 Get:67 http://archive.ubuntu.com/ubuntu noble-updates/main amd64 libsframe1 amd64 2.42-4ubuntu2.10 [15.7 kB]
#13 12.31 Get:68 http://archive.ubuntu.com/ubuntu noble-updates/main amd64 libbinutils amd64 2.42-4ubuntu2.10 [577 kB]
#13 12.33 Get:69 http://archive.ubuntu.com/ubuntu noble-updates/main amd64 libctf-nobfd0 amd64 2.42-4ubuntu2.10 [98.0 kB]
#13 12.34 Get:70 http://archive.ubuntu.com/ubuntu noble-updates/main amd64 libctf0 amd64 2.42-4ubuntu2.10 [94.5 kB]
#13 12.35 Get:71 http://archive.ubuntu.com/ubuntu noble-updates/main amd64 libgprofng0 amd64 2.42-4ubuntu2.10 [849 kB]
#13 12.40 Get:72 http://archive.ubuntu.com/ubuntu noble-updates/main amd64 binutils-x86-64-linux-gnu amd64 2.42-4ubuntu2.10 [2463 kB]
#13 12.48 Get:73 http://archive.ubuntu.com/ubuntu noble-updates/main amd64 binutils amd64 2.42-4ubuntu2.10 [18.2 kB]
#13 12.48 Get:74 http://archive.ubuntu.com/ubuntu noble-updates/main amd64 libc-dev-bin amd64 2.39-0ubuntu8.8 [20.4 kB]
#13 12.48 Get:75 http://archive.ubuntu.com/ubuntu noble-updates/main amd64 linux-libc-dev amd64 6.8.0-139.139 [1527 kB]
#13 12.54 Get:76 http://archive.ubuntu.com/ubuntu noble/main amd64 libcrypt-dev amd64 1:4.4.36-4build1 [112 kB]
#13 12.54 Get:77 http://archive.ubuntu.com/ubuntu noble/main amd64 rpcsvc-proto amd64 1.4.2-0ubuntu7 [67.4 kB]
#13 12.55 Get:78 http://archive.ubuntu.com/ubuntu noble-updates/main amd64 libc6-dev amd64 2.39-0ubuntu8.8 [2125 kB]
#13 12.65 Get:79 http://archive.ubuntu.com/ubuntu noble-updates/main amd64 gcc-13-base amd64 13.3.0-6ubuntu2~24.04.1 [51.6 kB]
#13 12.65 Get:80 http://archive.ubuntu.com/ubuntu noble-updates/main amd64 libisl23 amd64 0.26-3build1.1 [680 kB]
#13 12.66 Get:81 http://archive.ubuntu.com/ubuntu noble-updates/main amd64 libmpfr6 amd64 4.2.1-1build1.1 [353 kB]
#13 12.68 Get:82 http://archive.ubuntu.com/ubuntu noble-updates/main amd64 libmpc3 amd64 1.3.1-1build1.1 [54.6 kB]
#13 12.69 Get:83 http://archive.ubuntu.com/ubuntu noble-updates/main amd64 cpp-13-x86-64-linux-gnu amd64 13.3.0-6ubuntu2~24.04.1 [10.7 MB]
#13 13.16 Get:84 http://archive.ubuntu.com/ubuntu noble-updates/main amd64 cpp-13 amd64 13.3.0-6ubuntu2~24.04.1 [1042 B]
#13 13.16 Get:85 http://archive.ubuntu.com/ubuntu noble/main amd64 cpp-x86-64-linux-gnu amd64 4:13.2.0-7ubuntu1 [5326 B]
#13 13.16 Get:86 http://archive.ubuntu.com/ubuntu noble/main amd64 cpp amd64 4:13.2.0-7ubuntu1 [22.4 kB]
#13 13.17 Get:87 http://archive.ubuntu.com/ubuntu noble-updates/main amd64 libcc1-0 amd64 14.2.0-4ubuntu2~24.04.1 [48.0 kB]
#13 13.17 Get:88 http://archive.ubuntu.com/ubuntu noble-updates/main amd64 libgomp1 amd64 14.2.0-4ubuntu2~24.04.1 [148 kB]
#13 13.18 Get:89 http://archive.ubuntu.com/ubuntu noble-updates/main amd64 libitm1 amd64 14.2.0-4ubuntu2~24.04.1 [29.7 kB]
#13 13.19 Get:90 http://archive.ubuntu.com/ubuntu noble-updates/main amd64 libatomic1 amd64 14.2.0-4ubuntu2~24.04.1 [10.5 kB]
#13 13.19 Get:91 http://archive.ubuntu.com/ubuntu noble-updates/main amd64 libasan8 amd64 14.2.0-4ubuntu2~24.04.1 [3027 kB]
#13 13.44 Get:92 http://archive.ubuntu.com/ubuntu noble-updates/main amd64 liblsan0 amd64 14.2.0-4ubuntu2~24.04.1 [1322 kB]
#13 13.46 Get:93 http://archive.ubuntu.com/ubuntu noble-updates/main amd64 libtsan2 amd64 14.2.0-4ubuntu2~24.04.1 [2772 kB]
#13 13.49 Get:94 http://archive.ubuntu.com/ubuntu noble-updates/main amd64 libubsan1 amd64 14.2.0-4ubuntu2~24.04.1 [1184 kB]
#13 13.50 Get:95 http://archive.ubuntu.com/ubuntu noble-updates/main amd64 libhwasan0 amd64 14.2.0-4ubuntu2~24.04.1 [1641 kB]
#13 13.54 Get:96 http://archive.ubuntu.com/ubuntu noble-updates/main amd64 libquadmath0 amd64 14.2.0-4ubuntu2~24.04.1 [153 kB]
#13 13.55 Get:97 http://archive.ubuntu.com/ubuntu noble-updates/main amd64 libgcc-13-dev amd64 13.3.0-6ubuntu2~24.04.1 [2681 kB]
#13 13.70 Get:98 http://archive.ubuntu.com/ubuntu noble-updates/main amd64 gcc-13-x86-64-linux-gnu amd64 13.3.0-6ubuntu2~24.04.1 [21.1 MB]
#13 14.49 Get:99 http://archive.ubuntu.com/ubuntu noble-updates/main amd64 gcc-13 amd64 13.3.0-6ubuntu2~24.04.1 [494 kB]
#13 14.49 Get:100 http://archive.ubuntu.com/ubuntu noble/main amd64 gcc-x86-64-linux-gnu amd64 4:13.2.0-7ubuntu1 [1212 B]
#13 14.49 Get:101 http://archive.ubuntu.com/ubuntu noble/main amd64 gcc amd64 4:13.2.0-7ubuntu1 [5018 B]
#13 14.55 Get:102 http://archive.ubuntu.com/ubuntu noble-updates/main amd64 libstdc++-13-dev amd64 13.3.0-6ubuntu2~24.04.1 [2420 kB]
#13 14.90 Get:103 http://archive.ubuntu.com/ubuntu noble-updates/main amd64 g++-13-x86-64-linux-gnu amd64 13.3.0-6ubuntu2~24.04.1 [12.2 MB]
#13 15.41 Get:104 http://archive.ubuntu.com/ubuntu noble-updates/main amd64 g++-13 amd64 13.3.0-6ubuntu2~24.04.1 [16.0 kB]
#13 15.41 Get:105 http://archive.ubuntu.com/ubuntu noble/main amd64 g++-x86-64-linux-gnu amd64 4:13.2.0-7ubuntu1 [964 B]
#13 15.41 Get:106 http://archive.ubuntu.com/ubuntu noble/main amd64 g++ amd64 4:13.2.0-7ubuntu1 [1100 B]
#13 15.41 Get:107 http://archive.ubuntu.com/ubuntu noble/main amd64 make amd64 4.3-4.1build2 [180 kB]
#13 15.41 Get:108 http://archive.ubuntu.com/ubuntu noble-updates/main amd64 libdpkg-perl all 1.22.6ubuntu6.6 [268 kB]
#13 15.42 Get:109 http://archive.ubuntu.com/ubuntu noble-updates/main amd64 bzip2 amd64 1.0.8-5.1ubuntu0.1 [34.6 kB]
#13 15.42 Get:110 http://archive.ubuntu.com/ubuntu noble/main amd64 patch amd64 2.7.6-7build3 [104 kB]
#13 15.42 Get:111 http://archive.ubuntu.com/ubuntu noble/main amd64 lto-disabled-list all 47 [12.4 kB]
#13 15.42 Get:112 http://archive.ubuntu.com/ubuntu noble-updates/main amd64 dpkg-dev all 1.22.6ubuntu6.6 [1074 kB]
#13 15.46 Get:113 http://archive.ubuntu.com/ubuntu noble/main amd64 build-essential amd64 12.10ubuntu1 [4928 B]
#13 15.47 Get:114 http://archive.ubuntu.com/ubuntu noble/universe amd64 libhiredis1.1.0 amd64 1.2.0-6ubuntu3 [41.4 kB]
#13 15.47 Get:115 http://archive.ubuntu.com/ubuntu noble/universe amd64 ccache amd64 4.9.1-1 [592 kB]
#13 15.50 Get:116 http://archive.ubuntu.com/ubuntu noble-updates/main amd64 libllvm18 amd64 1:18.1.3-1ubuntu1 [27.5 MB]
#13 ...

#12 [ac-worldserver runtime 1/4] RUN apt-get update     && apt-get install -y --no-install-recommends       libmysqlclient21 libreadline8 libicu74 libncurses5-dev       gettext-base default-mysql-client       adduser     && rm -rf /var/lib/apt/lists/*
#12 16.34 (Reading database ... 
(Reading database ... 5%
(Reading database ... 10%
(Reading database ... 15%
(Reading database ... 20%
(Reading database ... 25%
(Reading database ... 30%
(Reading database ... 35%
(Reading database ... 40%
(Reading database ... 45%
(Reading database ... 50%
(Reading database ... 55%
(Reading database ... 60%
(Reading database ... 65%
(Reading database ... 70%
(Reading database ... 75%
(Reading database ... 80%
(Reading database ... 85%
(Reading database ... 90%
(Reading database ... 95%
(Reading database ... 100%
(Reading database ... 5414 files and directories currently installed.)
#12 16.35 Preparing to unpack .../00-libbsd0_0.12.1-1build1.1_amd64.deb ...
#12 16.39 Unpacking libbsd0:amd64 (0.12.1-1build1.1) ...
#12 16.72 Selecting previously unselected package libicu74:amd64.
#12 16.72 Preparing to unpack .../01-libicu74_74.2-1ubuntu3.1_amd64.deb ...
#12 16.77 Unpacking libicu74:amd64 (74.2-1ubuntu3.1) ...
#12 17.29 Selecting previously unselected package readline-common.
#12 17.29 Preparing to unpack .../02-readline-common_8.2-4build1_all.deb ...
#12 17.31 Unpacking readline-common (8.2-4build1) ...
#12 17.64 Selecting previously unselected package libreadline8t64:amd64.
#12 17.64 Preparing to unpack .../03-libreadline8t64_8.2-4build1_amd64.deb ...
#12 17.69 Adding 'diversion of /lib/x86_64-linux-gnu/libhistory.so.8 to /lib/x86_64-linux-gnu/libhistory.so.8.usr-is-merged by libreadline8t64'
#12 17.75 Adding 'diversion of /lib/x86_64-linux-gnu/libhistory.so.8.2 to /lib/x86_64-linux-gnu/libhistory.so.8.2.usr-is-merged by libreadline8t64'
#12 17.77 Adding 'diversion of /lib/x86_64-linux-gnu/libreadline.so.8 to /lib/x86_64-linux-gnu/libreadline.so.8.usr-is-merged by libreadline8t64'
#12 17.80 Adding 'diversion of /lib/x86_64-linux-gnu/libreadline.so.8.2 to /lib/x86_64-linux-gnu/libreadline.so.8.2.usr-is-merged by libreadline8t64'
#12 17.82 Unpacking libreadline8t64:amd64 (8.2-4build1) ...
#12 18.02 Selecting previously unselected package gettext-base.
#12 18.02 Preparing to unpack .../04-gettext-base_0.21-14ubuntu2_amd64.deb ...
#12 18.07 Unpacking gettext-base (0.21-14ubuntu2) ...
#12 18.34 Selecting previously unselected package libedit2:amd64.
#12 18.34 Preparing to unpack .../05-libedit2_3.1-20230828-1build1_amd64.deb ...
#12 18.39 Unpacking libedit2:amd64 (3.1-20230828-1build1) ...
#12 18.69 Selecting previously unselected package libncurses6:amd64.
#12 18.69 Preparing to unpack .../06-libncurses6_6.4+20240113-1ubuntu2.2_amd64.deb ...
#12 18.73 Unpacking libncurses6:amd64 (6.4+20240113-1ubuntu2.2) ...
#12 18.93 Selecting previously unselected package mysql-client-core-8.0.
#12 18.93 Preparing to unpack .../07-mysql-client-core-8.0_8.0.46-0ubuntu0.24.04.4_amd64.deb ...
#12 18.96 Unpacking mysql-client-core-8.0 (8.0.46-0ubuntu0.24.04.4) ...
#12 19.58 Selecting previously unselected package mysql-common.
#12 19.58 Preparing to unpack .../08-mysql-common_5.8+1.1.0build1_all.deb ...
#12 19.64 Unpacking mysql-common (5.8+1.1.0build1) ...
#12 19.82 Selecting previously unselected package mysql-client-8.0.
#12 19.82 Preparing to unpack .../09-mysql-client-8.0_8.0.46-0ubuntu0.24.04.4_amd64.deb ...
#12 19.86 Unpacking mysql-client-8.0 (8.0.46-0ubuntu0.24.04.4) ...
#12 20.06 Selecting previously unselected package default-mysql-client.
#12 20.06 Preparing to unpack .../10-default-mysql-client_1.1.0build1_all.deb ...
#12 20.10 Unpacking default-mysql-client (1.1.0build1) ...
#12 ...

#14 [ac-client-data-init client-data 1/3] RUN apt-get update &&     apt-get install -y curl unzip adduser &&     rm -rf /var/lib/apt/lists/*
#14 10.13 Get:10 http://archive.ubuntu.com/ubuntu noble/main amd64 publicsuffix all 20231001.0357-0.1 [129 kB]
#14 10.13 Get:11 http://archive.ubuntu.com/ubuntu noble/main amd64 libbrotli1 amd64 1.1.0-2build2 [331 kB]
#14 10.13 Get:12 http://archive.ubuntu.com/ubuntu noble-updates/main amd64 libsasl2-modules-db amd64 2.1.28+dfsg1-5ubuntu3.1 [20.4 kB]
#14 10.13 Get:13 http://archive.ubuntu.com/ubuntu noble-updates/main amd64 libsasl2-2 amd64 2.1.28+dfsg1-5ubuntu3.1 [53.2 kB]
#14 10.13 Get:14 http://archive.ubuntu.com/ubuntu noble-updates/main amd64 libldap2 amd64 2.6.10+dfsg-0ubuntu0.24.04.1 [198 kB]
#14 10.14 Get:15 http://archive.ubuntu.com/ubuntu noble/main amd64 librtmp1 amd64 2.4+20151223.gitfa8646d.1-2build7 [56.3 kB]
#14 10.14 Get:16 http://archive.ubuntu.com/ubuntu noble-updates/main amd64 libssh-4 amd64 0.10.6-2ubuntu0.5 [191 kB]
#14 10.14 Get:17 http://archive.ubuntu.com/ubuntu noble-updates/main amd64 libcurl4t64 amd64 8.5.0-2ubuntu10.13 [343 kB]
#14 10.19 Get:18 http://archive.ubuntu.com/ubuntu noble-updates/main amd64 curl amd64 8.5.0-2ubuntu10.13 [226 kB]
#14 10.19 Get:19 http://archive.ubuntu.com/ubuntu noble-updates/main amd64 libldap-common all 2.6.10+dfsg-0ubuntu0.24.04.1 [32.9 kB]
#14 10.21 Get:20 http://archive.ubuntu.com/ubuntu noble-updates/main amd64 libsasl2-modules amd64 2.1.28+dfsg1-5ubuntu3.1 [69.9 kB]
#14 10.21 Get:21 http://archive.ubuntu.com/ubuntu noble-updates/main amd64 unzip amd64 6.0-28ubuntu4.1 [174 kB]
#14 10.45 debconf: delaying package configuration, since apt-utils is not installed
#14 10.52 Fetched 2689 kB in 0s (6271 kB/s)
#14 10.67 Selecting previously unselected package adduser.
#14 10.67 (Reading database ... 
(Reading database ... 5%
(Reading database ... 10%
(Reading database ... 15%
(Reading database ... 20%
(Reading database ... 25%
(Reading database ... 30%
(Reading database ... 35%
(Reading database ... 40%
(Reading database ... 45%
(Reading database ... 50%
(Reading database ... 55%
(Reading database ... 60%
(Reading database ... 65%
(Reading database ... 70%
(Reading database ... 75%
(Reading database ... 80%
(Reading database ... 85%
(Reading database ... 90%
(Reading database ... 95%
(Reading database ... 100%
(Reading database ... 5366 files and directories currently installed.)
#14 10.68 Preparing to unpack .../adduser_3.137ubuntu1_all.deb ...
#14 10.71 Unpacking adduser (3.137ubuntu1) ...
#14 10.99 Setting up adduser (3.137ubuntu1) ...
#14 11.38 Selecting previously unselected package krb5-locales.
#14 11.38 (Reading database ... 
(Reading database ... 5%
(Reading database ... 10%
(Reading database ... 15%
(Reading database ... 20%
(Reading database ... 25%
(Reading database ... 30%
(Reading database ... 35%
(Reading database ... 40%
(Reading database ... 45%
(Reading database ... 50%
(Reading database ... 55%
(Reading database ... 60%
(Reading database ... 65%
(Reading database ... 70%
(Reading database ... 75%
(Reading database ... 80%
(Reading database ... 85%
(Reading database ... 90%
(Reading database ... 95%
(Reading database ... 100%
(Reading database ... 5414 files and directories currently installed.)
#14 11.39 Preparing to unpack .../00-krb5-locales_1.20.1-6ubuntu2.8_all.deb ...
#14 11.43 Unpacking krb5-locales (1.20.1-6ubuntu2.8) ...
#14 11.73 Selecting previously unselected package libkrb5support0:amd64.
#14 11.73 Preparing to unpack .../01-libkrb5support0_1.20.1-6ubuntu2.8_amd64.deb ...
#14 11.83 Unpacking libkrb5support0:amd64 (1.20.1-6ubuntu2.8) ...
#14 12.15 Selecting previously unselected package libk5crypto3:amd64.
#14 12.15 Preparing to unpack .../02-libk5crypto3_1.20.1-6ubuntu2.8_amd64.deb ...
#14 12.20 Unpacking libk5crypto3:amd64 (1.20.1-6ubuntu2.8) ...
#14 12.50 Selecting previously unselected package libkeyutils1:amd64.
#14 12.50 Preparing to unpack .../03-libkeyutils1_1.6.3-3build1_amd64.deb ...
#14 12.54 Unpacking libkeyutils1:amd64 (1.6.3-3build1) ...
#14 12.79 Selecting previously unselected package libkrb5-3:amd64.
#14 12.79 Preparing to unpack .../04-libkrb5-3_1.20.1-6ubuntu2.8_amd64.deb ...
#14 12.85 Unpacking libkrb5-3:amd64 (1.20.1-6ubuntu2.8) ...
#14 14.38 Selecting previously unselected package libgssapi-krb5-2:amd64.
#14 14.39 Preparing to unpack .../05-libgssapi-krb5-2_1.20.1-6ubuntu2.8_amd64.deb ...
#14 14.78 Unpacking libgssapi-krb5-2:amd64 (1.20.1-6ubuntu2.8) ...
#14 15.08 Selecting previously unselected package libnghttp2-14:amd64.
#14 15.08 Preparing to unpack .../06-libnghttp2-14_1.59.0-1ubuntu0.4_amd64.deb ...
#14 15.12 Unpacking libnghttp2-14:amd64 (1.59.0-1ubuntu0.4) ...
#14 15.40 Selecting previously unselected package libpsl5t64:amd64.
#14 15.40 Preparing to unpack .../07-libpsl5t64_0.21.2-1.1build1_amd64.deb ...
#14 15.50 Unpacking libpsl5t64:amd64 (0.21.2-1.1build1) ...
#14 15.71 Selecting previously unselected package publicsuffix.
#14 15.71 Preparing to unpack .../08-publicsuffix_20231001.0357-0.1_all.deb ...
#14 15.76 Unpacking publicsuffix (20231001.0357-0.1) ...
#14 16.08 Selecting previously unselected package libbrotli1:amd64.
#14 16.08 Preparing to unpack .../09-libbrotli1_1.1.0-2build2_amd64.deb ...
#14 16.13 Unpacking libbrotli1:amd64 (1.1.0-2build2) ...
#14 16.37 Selecting previously unselected package libsasl2-modules-db:amd64.
#14 16.37 Preparing to unpack .../10-libsasl2-modules-db_2.1.28+dfsg1-5ubuntu3.1_amd64.deb ...
#14 16.42 Unpacking libsasl2-modules-db:amd64 (2.1.28+dfsg1-5ubuntu3.1) ...
#14 16.72 Selecting previously unselected package libsasl2-2:amd64.
#14 16.72 Preparing to unpack .../11-libsasl2-2_2.1.28+dfsg1-5ubuntu3.1_amd64.deb ...
#14 16.76 Unpacking libsasl2-2:amd64 (2.1.28+dfsg1-5ubuntu3.1) ...
#14 16.95 Selecting previously unselected package libldap2:amd64.
#14 16.95 Preparing to unpack .../12-libldap2_2.6.10+dfsg-0ubuntu0.24.04.1_amd64.deb ...
#14 16.97 Unpacking libldap2:amd64 (2.6.10+dfsg-0ubuntu0.24.04.1) ...
#14 17.29 Selecting previously unselected package librtmp1:amd64.
#14 17.29 Preparing to unpack .../13-librtmp1_2.4+20151223.gitfa8646d.1-2build7_amd64.deb ...
#14 17.31 Unpacking librtmp1:amd64 (2.4+20151223.gitfa8646d.1-2build7) ...
#14 17.60 Selecting previously unselected package libssh-4:amd64.
#14 17.60 Preparing to unpack .../14-libssh-4_0.10.6-2ubuntu0.5_amd64.deb ...
#14 17.65 Unpacking libssh-4:amd64 (0.10.6-2ubuntu0.5) ...
#14 17.95 Selecting previously unselected package libcurl4t64:amd64.
#14 17.95 Preparing to unpack .../15-libcurl4t64_8.5.0-2ubuntu10.13_amd64.deb ...
#14 18.00 Unpacking libcurl4t64:amd64 (8.5.0-2ubuntu10.13) ...
#14 18.19 Selecting previously unselected package curl.
#14 18.19 Preparing to unpack .../16-curl_8.5.0-2ubuntu10.13_amd64.deb ...
#14 18.23 Unpacking curl (8.5.0-2ubuntu10.13) ...
#14 18.52 Selecting previously unselected package libldap-common.
#14 18.52 Preparing to unpack .../17-libldap-common_2.6.10+dfsg-0ubuntu0.24.04.1_all.deb ...
#14 18.57 Unpacking libldap-common (2.6.10+dfsg-0ubuntu0.24.04.1) ...
#14 18.87 Selecting previously unselected package libsasl2-modules:amd64.
#14 18.87 Preparing to unpack .../18-libsasl2-modules_2.1.28+dfsg1-5ubuntu3.1_amd64.deb ...
#14 18.94 Unpacking libsasl2-modules:amd64 (2.1.28+dfsg1-5ubuntu3.1) ...
#14 19.11 Selecting previously unselected package unzip.
#14 19.11 Preparing to unpack .../19-unzip_6.0-28ubuntu4.1_amd64.deb ...
#14 19.13 Unpacking unzip (6.0-28ubuntu4.1) ...
#14 19.33 Setting up libkeyutils1:amd64 (1.6.3-3build1) ...
#14 19.44 Setting up unzip (6.0-28ubuntu4.1) ...
#14 19.59 Setting up libbrotli1:amd64 (1.1.0-2build2) ...
#14 19.71 Setting up libsasl2-modules:amd64 (2.1.28+dfsg1-5ubuntu3.1) ...
#14 19.85 Setting up libpsl5t64:amd64 (0.21.2-1.1build1) ...
#14 19.98 Setting up libnghttp2-14:amd64 (1.59.0-1ubuntu0.4) ...
#14 20.09 Setting up krb5-locales (1.20.1-6ubuntu2.8) ...
#14 20.25 Setting up libldap-common (2.6.10+dfsg-0ubuntu0.24.04.1) ...
#14 ...

#12 [ac-worldserver runtime 1/4] RUN apt-get update     && apt-get install -y --no-install-recommends       libmysqlclient21 libreadline8 libicu74 libncurses5-dev       gettext-base default-mysql-client       adduser     && rm -rf /var/lib/apt/lists/*
#12 20.33 Selecting previously unselected package libc-dev-bin.
#12 20.34 Preparing to unpack .../11-libc-dev-bin_2.39-0ubuntu8.8_amd64.deb ...
#12 20.38 Unpacking libc-dev-bin (2.39-0ubuntu8.8) ...
#12 20.57 Selecting previously unselected package linux-libc-dev:amd64.
#12 20.57 Preparing to unpack .../12-linux-libc-dev_6.8.0-139.139_amd64.deb ...
#12 20.67 Unpacking linux-libc-dev:amd64 (6.8.0-139.139) ...
#12 21.20 Selecting previously unselected package libcrypt-dev:amd64.
#12 21.20 Preparing to unpack .../13-libcrypt-dev_1%3a4.4.36-4build1_amd64.deb ...
#12 21.25 Unpacking libcrypt-dev:amd64 (1:4.4.36-4build1) ...
#12 21.50 Selecting previously unselected package rpcsvc-proto.
#12 21.51 Preparing to unpack .../14-rpcsvc-proto_1.4.2-0ubuntu7_amd64.deb ...
#12 21.55 Unpacking rpcsvc-proto (1.4.2-0ubuntu7) ...
#12 21.80 Selecting previously unselected package libc6-dev:amd64.
#12 21.80 Preparing to unpack .../15-libc6-dev_2.39-0ubuntu8.8_amd64.deb ...
#12 21.85 Unpacking libc6-dev:amd64 (2.39-0ubuntu8.8) ...
#12 ...

#14 [ac-client-data-init client-data 1/3] RUN apt-get update &&     apt-get install -y curl unzip adduser &&     rm -rf /var/lib/apt/lists/*
#14 20.40 Setting up libkrb5support0:amd64 (1.20.1-6ubuntu2.8) ...
#14 20.53 Setting up libsasl2-modules-db:amd64 (2.1.28+dfsg1-5ubuntu3.1) ...
#14 20.69 Setting up librtmp1:amd64 (2.4+20151223.gitfa8646d.1-2build7) ...
#14 20.76 Setting up libk5crypto3:amd64 (1.20.1-6ubuntu2.8) ...
#14 20.83 Setting up libsasl2-2:amd64 (2.1.28+dfsg1-5ubuntu3.1) ...
#14 20.90 Setting up libkrb5-3:amd64 (1.20.1-6ubuntu2.8) ...
#14 20.99 Setting up publicsuffix (20231001.0357-0.1) ...
#14 21.10 Setting up libldap2:amd64 (2.6.10+dfsg-0ubuntu0.24.04.1) ...
#14 21.21 Setting up libgssapi-krb5-2:amd64 (1.20.1-6ubuntu2.8) ...
#14 21.35 Setting up libssh-4:amd64 (0.10.6-2ubuntu0.5) ...
#14 21.48 Setting up libcurl4t64:amd64 (8.5.0-2ubuntu10.13) ...
#14 21.61 Setting up curl (8.5.0-2ubuntu10.13) ...
#14 21.77 Processing triggers for libc-bin (2.39-0ubuntu8.8) ...
#14 DONE 22.7s

#13 [ac-authserver build 1/8] RUN apt-get update                                                         && apt-get install -y --no-install-recommends                                 build-essential ccache libtool cmake-data ninja-build cmake clang            git lsb-base curl unzip default-mysql-client openssl                          default-libmysqlclient-dev libboost-all-dev libssl-dev libmysql++-dev         libreadline-dev zlib1g-dev libbz2-dev libncurses5-dev liblzma-dev      && rm -rf /var/lib/apt/lists/*
#13 16.58 Get:117 http://archive.ubuntu.com/ubuntu noble-updates/main amd64 libclang-cpp18 amd64 1:18.1.3-1ubuntu1 [13.5 MB]
#13 17.11 Get:118 http://archive.ubuntu.com/ubuntu noble/main amd64 libgc1 amd64 1:8.2.6-1build1 [90.3 kB]
#13 17.12 Get:119 http://archive.ubuntu.com/ubuntu noble-updates/universe amd64 libobjc4 amd64 14.2.0-4ubuntu2~24.04.1 [47.1 kB]
#13 17.12 Get:120 http://archive.ubuntu.com/ubuntu noble-updates/universe amd64 libobjc-13-dev amd64 13.3.0-6ubuntu2~24.04.1 [194 kB]
#13 17.12 Get:121 http://archive.ubuntu.com/ubuntu noble-updates/universe amd64 libclang-common-18-dev amd64 1:18.1.3-1ubuntu1 [736 kB]
#13 17.16 Get:122 http://archive.ubuntu.com/ubuntu noble-updates/universe amd64 llvm-18-linker-tools amd64 1:18.1.3-1ubuntu1 [1314 kB]
#13 17.17 Get:123 http://archive.ubuntu.com/ubuntu noble-updates/main amd64 libclang1-18 amd64 1:18.1.3-1ubuntu1 [7803 kB]
#13 17.61 Get:124 http://archive.ubuntu.com/ubuntu noble-updates/universe amd64 clang-18 amd64 1:18.1.3-1ubuntu1 [80.0 kB]
#13 17.61 Get:125 http://archive.ubuntu.com/ubuntu noble/universe amd64 clang amd64 1:18.0-59~exp2 [5846 B]
#13 17.61 Get:126 http://archive.ubuntu.com/ubuntu noble-updates/main amd64 libarchive13t64 amd64 3.7.2-2ubuntu0.8 [383 kB]
#13 17.62 Get:127 http://archive.ubuntu.com/ubuntu noble/main amd64 libbrotli1 amd64 1.1.0-2build2 [331 kB]
#13 17.70 Get:128 http://archive.ubuntu.com/ubuntu noble-updates/main amd64 libsasl2-modules-db amd64 2.1.28+dfsg1-5ubuntu3.1 [20.4 kB]
#13 17.70 Get:129 http://archive.ubuntu.com/ubuntu noble-updates/main amd64 libsasl2-2 amd64 2.1.28+dfsg1-5ubuntu3.1 [53.2 kB]
#13 17.70 Get:130 http://archive.ubuntu.com/ubuntu noble-updates/main amd64 libldap2 amd64 2.6.10+dfsg-0ubuntu0.24.04.1 [198 kB]
#13 17.79 Get:131 http://archive.ubuntu.com/ubuntu noble/main amd64 librtmp1 amd64 2.4+20151223.gitfa8646d.1-2build7 [56.3 kB]
#13 17.79 Get:132 http://archive.ubuntu.com/ubuntu noble-updates/main amd64 libssh-4 amd64 0.10.6-2ubuntu0.5 [191 kB]
#13 17.80 Get:133 http://archive.ubuntu.com/ubuntu noble-updates/main amd64 libcurl4t64 amd64 8.5.0-2ubuntu10.13 [343 kB]
#13 17.80 Get:134 http://archive.ubuntu.com/ubuntu noble/main amd64 libjsoncpp25 amd64 1.9.5-6build1 [82.8 kB]
#13 17.80 Get:135 http://archive.ubuntu.com/ubuntu noble/main amd64 librhash0 amd64 1.4.3-3build1 [129 kB]
#13 17.80 Get:136 http://archive.ubuntu.com/ubuntu noble/main amd64 cmake-data all 3.28.3-1build7 [2155 kB]
#13 17.85 Get:137 http://archive.ubuntu.com/ubuntu noble/main amd64 cmake amd64 3.28.3-1build7 [11.2 MB]
#13 18.31 Get:138 http://archive.ubuntu.com/ubuntu noble-updates/main amd64 curl amd64 8.5.0-2ubuntu10.13 [226 kB]
#13 18.31 Get:139 http://archive.ubuntu.com/ubuntu noble/main amd64 mysql-common all 5.8+1.1.0build1 [6746 B]
#13 18.31 Get:140 http://archive.ubuntu.com/ubuntu noble-updates/main amd64 libmysqlclient21 amd64 8.0.46-0ubuntu0.24.04.4 [1255 kB]
#13 18.33 Get:141 http://archive.ubuntu.com/ubuntu noble-updates/main amd64 libssl-dev amd64 3.0.13-0ubuntu3.15 [2408 kB]
#13 18.41 Get:142 http://archive.ubuntu.com/ubuntu noble-updates/main amd64 libzstd-dev amd64 1.5.5+dfsg2-2build1.1 [364 kB]
#13 18.41 Get:143 http://archive.ubuntu.com/ubuntu noble-updates/main amd64 zlib1g-dev amd64 1:1.3.dfsg-3.1ubuntu2.2 [894 kB]
#13 18.47 Get:144 http://archive.ubuntu.com/ubuntu noble-updates/main amd64 libmysqlclient-dev amd64 8.0.46-0ubuntu0.24.04.4 [1591 kB]
#13 18.49 Get:145 http://archive.ubuntu.com/ubuntu noble/main amd64 default-libmysqlclient-dev amd64 1.1.0build1 [3132 B]
#13 18.49 Get:146 http://archive.ubuntu.com/ubuntu noble-updates/main amd64 mysql-client-core-8.0 amd64 8.0.46-0ubuntu0.24.04.4 [2740 kB]
#13 18.58 Get:147 http://archive.ubuntu.com/ubuntu noble-updates/main amd64 mysql-client-8.0 amd64 8.0.46-0ubuntu0.24.04.4 [22.4 kB]
#13 18.58 Get:148 http://archive.ubuntu.com/ubuntu noble/universe amd64 default-mysql-client all 1.1.0build1 [2908 B]
#13 18.58 Get:149 http://archive.ubuntu.com/ubuntu noble-updates/main amd64 libgfortran5 amd64 14.2.0-4ubuntu2~24.04.1 [916 kB]
#13 18.69 Get:150 http://archive.ubuntu.com/ubuntu noble-updates/main amd64 libgfortran-13-dev amd64 13.3.0-6ubuntu2~24.04.1 [928 kB]
#13 18.77 Get:151 http://archive.ubuntu.com/ubuntu noble-updates/main amd64 gfortran-13-x86-64-linux-gnu amd64 13.3.0-6ubuntu2~24.04.1 [11.4 MB]
#13 19.16 Get:152 http://archive.ubuntu.com/ubuntu noble-updates/main amd64 gfortran-13 amd64 13.3.0-6ubuntu2~24.04.1 [13.9 kB]
#13 19.16 Get:153 http://archive.ubuntu.com/ubuntu noble-updates/main amd64 libcurl3t64-gnutls amd64 8.5.0-2ubuntu10.13 [335 kB]
#13 19.17 Get:154 http://archive.ubuntu.com/ubuntu noble/main amd64 liberror-perl all 0.17029-2 [25.6 kB]
#13 19.17 Get:155 http://archive.ubuntu.com/ubuntu noble-updates/main amd64 git-man all 1:2.43.0-1ubuntu7.3 [1100 kB]
#13 19.25 Get:156 http://archive.ubuntu.com/ubuntu noble-updates/main amd64 git amd64 1:2.43.0-1ubuntu7.3 [3680 kB]
#13 19.45 Get:157 http://archive.ubuntu.com/ubuntu noble-updates/main amd64 icu-devtools amd64 74.2-1ubuntu3.1 [212 kB]
#13 19.47 Get:158 http://archive.ubuntu.com/ubuntu noble/main amd64 libllvm17t64 amd64 1:17.0.6-9ubuntu1 [26.2 MB]
#13 20.61 Get:159 http://archive.ubuntu.com/ubuntu noble/universe amd64 libamd-comgr2 amd64 6.0+git20231212.4510c28+dfsg-3build2 [14.4 MB]
#13 21.28 Get:160 http://archive.ubuntu.com/ubuntu noble-updates/main amd64 libdrm-amdgpu1 amd64 2.4.125-1ubuntu0.1~24.04.2 [21.4 kB]
#13 21.29 Get:161 http://archive.ubuntu.com/ubuntu noble/universe amd64 libhsakmt1 amd64 5.7.0-1build1 [62.9 kB]
#13 21.29 Get:162 http://archive.ubuntu.com/ubuntu noble/universe amd64 libhsa-runtime64-1 amd64 5.7.1-2build1 [491 kB]
#13 21.29 Get:163 http://archive.ubuntu.com/ubuntu noble/universe amd64 libamdhip64-5 amd64 5.7.1-3 [9621 kB]
#13 21.61 Get:164 http://archive.ubuntu.com/ubuntu noble-updates/main amd64 libboost1.83-dev amd64 1.83.0-2.1ubuntu3.2 [10.7 MB]
#13 22.05 Get:165 http://archive.ubuntu.com/ubuntu noble/main amd64 libboost-dev amd64 1.83.0.1ubuntu2 [4308 B]
#13 22.05 Get:166 http://archive.ubuntu.com/ubuntu noble-updates/main amd64 libboost1.83-tools-dev amd64 1.83.0-2.1ubuntu3.2 [1402 kB]
#13 22.07 Get:167 http://archive.ubuntu.com/ubuntu noble/universe amd64 libboost-tools-dev amd64 1.83.0.1ubuntu2 [4238 B]
#13 22.07 Get:168 http://archive.ubuntu.com/ubuntu noble-updates/main amd64 libboost-atomic1.83.0 amd64 1.83.0-2.1ubuntu3.2 [240 kB]
#13 22.07 Get:169 http://archive.ubuntu.com/ubuntu noble-updates/main amd64 libboost-atomic1.83-dev amd64 1.83.0-2.1ubuntu3.2 [235 kB]
#13 22.09 Get:170 http://archive.ubuntu.com/ubuntu noble/universe amd64 libboost-atomic-dev amd64 1.83.0.1ubuntu2 [4360 B]
#13 22.10 Get:171 http://archive.ubuntu.com/ubuntu noble-updates/main amd64 libboost-chrono1.83.0t64 amd64 1.83.0-2.1ubuntu3.2 [245 kB]
#13 22.16 Get:172 http://archive.ubuntu.com/ubuntu noble-updates/main amd64 libboost-chrono1.83-dev amd64 1.83.0-2.1ubuntu3.2 [246 kB]
#13 22.17 Get:173 http://archive.ubuntu.com/ubuntu noble/universe amd64 libboost-chrono-dev amd64 1.83.0.1ubuntu2 [4672 B]
#13 22.55 Get:174 http://archive.ubuntu.com/ubuntu noble-updates/universe amd64 libboost-container1.83.0 amd64 1.83.0-2.1ubuntu3.2 [261 kB]
#13 22.55 Get:175 http://archive.ubuntu.com/ubuntu noble-updates/universe amd64 libboost-container1.83-dev amd64 1.83.0-2.1ubuntu3.2 [267 kB]
#13 22.55 Get:176 http://archive.ubuntu.com/ubuntu noble/universe amd64 libboost-container-dev amd64 1.83.0.1ubuntu2 [4530 B]
#13 22.55 Get:177 http://archive.ubuntu.com/ubuntu noble-updates/main amd64 libboost-date-time1.83.0 amd64 1.83.0-2.1ubuntu3.2 [236 kB]
#13 22.56 Get:178 http://archive.ubuntu.com/ubuntu noble-updates/main amd64 libboost-serialization1.83.0 amd64 1.83.0-2.1ubuntu3.2 [341 kB]
#13 22.56 Get:179 http://archive.ubuntu.com/ubuntu noble-updates/main amd64 libboost-serialization1.83-dev amd64 1.83.0-2.1ubuntu3.2 [387 kB]
#13 22.57 Get:180 http://archive.ubuntu.com/ubuntu noble-updates/main amd64 libboost-date-time1.83-dev amd64 1.83.0-2.1ubuntu3.2 [239 kB]
#13 22.57 Get:181 http://archive.ubuntu.com/ubuntu noble-updates/main amd64 libboost-system1.83.0 amd64 1.83.0-2.1ubuntu3.2 [236 kB]
#13 22.57 Get:182 http://archive.ubuntu.com/ubuntu noble-updates/main amd64 libboost-system1.83-dev amd64 1.83.0-2.1ubuntu3.2 [231 kB]
#13 22.60 Get:183 http://archive.ubuntu.com/ubuntu noble-updates/main amd64 libboost-thread1.83.0 amd64 1.83.0-2.1ubuntu3.2 [276 kB]
#13 22.68 Get:184 http://archive.ubuntu.com/ubuntu noble-updates/main amd64 libboost-thread1.83-dev amd64 1.83.0-2.1ubuntu3.2 [282 kB]
#13 22.79 Get:185 http://archive.ubuntu.com/ubuntu noble-updates/main amd64 libboost-context1.83.0 amd64 1.83.0-2.1ubuntu3.2 [237 kB]
#13 22.79 Get:186 http://archive.ubuntu.com/ubuntu noble-updates/universe amd64 libboost-context1.83-dev amd64 1.83.0-2.1ubuntu3.2 [232 kB]
#13 22.80 Get:187 http://archive.ubuntu.com/ubuntu noble/universe amd64 libboost-context-dev amd64 1.83.0.1ubuntu2 [4276 B]
#13 22.80 Get:188 http://archive.ubuntu.com/ubuntu noble-updates/universe amd64 libboost-coroutine1.83.0 amd64 1.83.0-2.1ubuntu3.2 [234 kB]
#13 22.80 Get:189 http://archive.ubuntu.com/ubuntu noble-updates/universe amd64 libboost-coroutine1.83-dev amd64 1.83.0-2.1ubuntu3.2 [237 kB]
#13 22.80 Get:190 http://archive.ubuntu.com/ubuntu noble/universe amd64 libboost-coroutine-dev amd64 1.83.0.1ubuntu2 [4344 B]
#13 22.80 Get:191 http://archive.ubuntu.com/ubuntu noble/universe amd64 libboost-date-time-dev amd64 1.83.0.1ubuntu2 [4058 B]
#13 22.80 Get:192 http://archive.ubuntu.com/ubuntu noble-updates/universe amd64 libboost-exception1.83-dev amd64 1.83.0-2.1ubuntu3.2 [229 kB]
#13 22.81 Get:193 http://archive.ubuntu.com/ubuntu noble/universe amd64 libboost-exception-dev amd64 1.83.0.1ubuntu2 [4058 B]
#13 22.82 Get:194 http://archive.ubuntu.com/ubuntu noble-updates/main amd64 libboost-filesystem1.83.0 amd64 1.83.0-2.1ubuntu3.2 [284 kB]
#13 22.84 Get:195 http://archive.ubuntu.com/ubuntu noble-updates/universe amd64 libboost-filesystem1.83-dev amd64 1.83.0-2.1ubuntu3.2 [301 kB]
#13 22.85 Get:196 http://archive.ubuntu.com/ubuntu noble-updates/universe amd64 libboost-fiber1.83.0 amd64 1.83.0-2.1ubuntu3.2 [255 kB]
#13 22.87 Get:197 http://archive.ubuntu.com/ubuntu noble-updates/universe amd64 libboost-fiber1.83-dev amd64 1.83.0-2.1ubuntu3.2 [268 kB]
#13 22.90 Get:198 http://archive.ubuntu.com/ubuntu noble/universe amd64 libboost-fiber-dev amd64 1.83.0.1ubuntu2 [4486 B]
#13 22.90 Get:199 http://archive.ubuntu.com/ubuntu noble/universe amd64 libboost-filesystem-dev amd64 1.83.0.1ubuntu2 [4096 B]
#13 22.90 Get:200 http://archive.ubuntu.com/ubuntu noble-updates/universe amd64 libboost-graph1.83.0 amd64 1.83.0-2.1ubuntu3.2 [361 kB]
#13 22.94 Get:201 http://archive.ubuntu.com/ubuntu noble-updates/main amd64 libboost-regex1.83.0 amd64 1.83.0-2.1ubuntu3.2 [340 kB]
#13 22.97 Get:202 http://archive.ubuntu.com/ubuntu noble-updates/main amd64 libicu-dev amd64 74.2-1ubuntu3.1 [11.9 MB]
#13 23.47 Get:203 http://archive.ubuntu.com/ubuntu noble-updates/main amd64 libboost-regex1.83-dev amd64 1.83.0-2.1ubuntu3.2 [355 kB]
#13 23.65 Get:204 http://archive.ubuntu.com/ubuntu noble-updates/universe amd64 libboost-test1.83.0 amd64 1.83.0-2.1ubuntu3.2 [454 kB]
#13 23.68 Get:205 http://archive.ubuntu.com/ubuntu noble-updates/universe amd64 libboost-test1.83-dev amd64 1.83.0-2.1ubuntu3.2 [566 kB]
#13 23.71 Get:206 http://archive.ubuntu.com/ubuntu noble-updates/universe amd64 libboost-graph1.83-dev amd64 1.83.0-2.1ubuntu3.2 [399 kB]
#13 23.73 Get:207 http://archive.ubuntu.com/ubuntu noble/universe amd64 libboost-graph-dev amd64 1.83.0.1ubuntu2 [4160 B]
#13 23.73 Get:208 http://archive.ubuntu.com/ubuntu noble-updates/main amd64 libevent-core-2.1-7t64 amd64 2.1.12-stable-9ubuntu2.1 [91.8 kB]
#13 23.73 Get:209 http://archive.ubuntu.com/ubuntu noble-updates/main amd64 libevent-pthreads-2.1-7t64 amd64 2.1.12-stable-9ubuntu2.1 [7984 B]
#13 23.73 Get:210 http://archive.ubuntu.com/ubuntu noble/universe amd64 libpsm-infinipath1 amd64 3.3+20.604758e7-6.3build1 [178 kB]
#13 23.77 Get:211 http://archive.ubuntu.com/ubuntu noble/universe amd64 libpsm2-2 amd64 11.2.185-2build1 [194 kB]
#13 23.78 Get:212 http://archive.ubuntu.com/ubuntu noble-updates/main amd64 librdmacm1t64 amd64 50.0-2ubuntu0.2 [70.7 kB]
#13 23.78 Get:213 http://archive.ubuntu.com/ubuntu noble/universe amd64 libfabric1 amd64 1.17.0-3build2 [657 kB]
#13 23.80 Get:214 http://archive.ubuntu.com/ubuntu noble/universe amd64 libhwloc15 amd64 2.10.0-1build1 [172 kB]
#13 23.80 Get:215 http://archive.ubuntu.com/ubuntu noble-updates/universe amd64 libmunge2 amd64 0.5.15-4ubuntu0.1 [14.8 kB]
#13 23.80 Get:216 http://archive.ubuntu.com/ubuntu noble-updates/main amd64 libpciaccess0 amd64 0.17-3ubuntu0.24.04.2 [18.9 kB]
#13 23.80 Get:217 http://archive.ubuntu.com/ubuntu noble-updates/main amd64 libxnvctrl0 amd64 510.47.03-0ubuntu4.24.04.1 [12.7 kB]
#13 23.80 Get:218 http://archive.ubuntu.com/ubuntu noble/universe amd64 ocl-icd-libopencl1 amd64 2.3.2-1build1 [38.5 kB]
#13 23.80 Get:219 http://archive.ubuntu.com/ubuntu noble/universe amd64 libhwloc-plugins amd64 2.10.0-1build1 [15.7 kB]
#13 23.81 Get:220 http://archive.ubuntu.com/ubuntu noble/universe amd64 libpmix2t64 amd64 5.0.1-4.1build1 [697 kB]
#13 23.90 Get:221 http://archive.ubuntu.com/ubuntu noble/universe amd64 libucx0 amd64 1.16.0+ds-5ubuntu1 [1140 kB]
#13 23.98 Get:222 http://archive.ubuntu.com/ubuntu noble/universe amd64 libopenmpi3t64 amd64 4.1.6-7ubuntu2 [2563 kB]
#13 24.06 Get:223 http://archive.ubuntu.com/ubuntu noble-updates/universe amd64 libboost-mpi1.83.0 amd64 1.83.0-2.1ubuntu3.2 [271 kB]
#13 24.07 Get:224 http://archive.ubuntu.com/ubuntu noble-updates/universe amd64 libboost-graph-parallel1.83.0 amd64 1.83.0-2.1ubuntu3.2 [278 kB]
#13 24.08 Get:225 http://archive.ubuntu.com/ubuntu noble-updates/universe amd64 libboost-graph-parallel1.83-dev amd64 1.83.0-2.1ubuntu3.2 [288 kB]
#13 24.09 Get:226 http://archive.ubuntu.com/ubuntu noble/universe amd64 libboost-graph-parallel-dev amd64 1.83.0.1ubuntu2 [4192 B]
#13 24.09 Get:227 http://archive.ubuntu.com/ubuntu noble-updates/main amd64 libboost-iostreams1.83.0 amd64 1.83.0-2.1ubuntu3.2 [260 kB]
#13 24.11 Get:228 http://archive.ubuntu.com/ubuntu noble-updates/universe amd64 libboost-iostreams1.83-dev amd64 1.83.0-2.1ubuntu3.2 [264 kB]
#13 24.12 Get:229 http://archive.ubuntu.com/ubuntu noble/universe amd64 libboost-iostreams-dev amd64 1.83.0.1ubuntu2 [4046 B]
#13 24.12 Get:230 http://archive.ubuntu.com/ubuntu noble-updates/universe amd64 libboost-json1.83.0 amd64 1.83.0-2.1ubuntu3.2 [365 kB]
#13 24.13 Get:231 http://archive.ubuntu.com/ubuntu noble-updates/universe amd64 libboost-json1.83-dev amd64 1.83.0-2.1ubuntu3.2 [380 kB]
#13 24.16 Get:232 http://archive.ubuntu.com/ubuntu noble/universe amd64 libboost-json-dev amd64 1.83.0.1ubuntu2 [4172 B]
#13 24.16 Get:233 http://archive.ubuntu.com/ubuntu noble-updates/main amd64 libboost-locale1.83.0 amd64 1.83.0-2.1ubuntu3.2 [413 kB]
#13 24.17 Get:234 http://archive.ubuntu.com/ubuntu noble-updates/universe amd64 libboost-locale1.83-dev amd64 1.83.0-2.1ubuntu3.2 [582 kB]
#13 24.20 Get:235 http://archive.ubuntu.com/ubuntu noble/universe amd64 libboost-locale-dev amd64 1.83.0.1ubuntu2 [4378 B]
#13 24.20 Get:236 http://archive.ubuntu.com/ubuntu noble-updates/universe amd64 libboost-log1.83.0 amd64 1.83.0-2.1ubuntu3.2 [679 kB]
#13 24.22 Get:237 http://archive.ubuntu.com/ubuntu noble-updates/universe amd64 libboost-log1.83-dev amd64 1.83.0-2.1ubuntu3.2 [937 kB]
#13 24.26 Get:238 http://archive.ubuntu.com/ubuntu noble/universe amd64 libboost-log-dev amd64 1.83.0.1ubuntu2 [4260 B]
#13 24.26 Get:239 http://archive.ubuntu.com/ubuntu noble-updates/universe amd64 libboost-math1.83.0 amd64 1.83.0-2.1ubuntu3.2 [440 kB]
#13 24.28 Get:240 http://archive.ubuntu.com/ubuntu noble-updates/universe amd64 libboost-math1.83-dev amd64 1.83.0-2.1ubuntu3.2 [586 kB]
#13 24.36 Get:241 http://archive.ubuntu.com/ubuntu noble/universe amd64 libboost-math-dev amd64 1.83.0.1ubuntu2 [4264 B]
#13 24.36 Get:242 http://archive.ubuntu.com/ubuntu noble/universe amd64 openmpi-common all 4.1.6-7ubuntu2 [170 kB]
#13 24.36 Get:243 http://archive.ubuntu.com/ubuntu noble-updates/main amd64 libnl-3-dev amd64 3.7.0-0.3build1.1 [99.5 kB]
#13 24.36 Get:244 http://archive.ubuntu.com/ubuntu noble-updates/main amd64 libnl-route-3-dev amd64 3.7.0-0.3build1.1 [216 kB]
#13 24.36 Get:245 http://archive.ubuntu.com/ubuntu noble-updates/main amd64 libibverbs-dev amd64 50.0-2ubuntu0.2 [686 kB]
#13 24.37 Get:246 http://archive.ubuntu.com/ubuntu noble-updates/main amd64 libnuma-dev amd64 2.0.18-1ubuntu0.24.04.1 [37.0 kB]
#13 24.37 Get:247 http://archive.ubuntu.com/ubuntu noble/main amd64 libltdl7 amd64 2.4.7-7build1 [40.3 kB]
#13 24.37 Get:248 http://archive.ubuntu.com/ubuntu noble/main amd64 libltdl-dev amd64 2.4.7-7build1 [168 kB]
#13 24.38 Get:249 http://archive.ubuntu.com/ubuntu noble/universe amd64 libhwloc-dev amd64 2.10.0-1build1 [268 kB]
#13 24.39 Get:250 http://archive.ubuntu.com/ubuntu noble-updates/main amd64 libevent-2.1-7t64 amd64 2.1.12-stable-9ubuntu2.1 [146 kB]
#13 24.39 Get:251 http://archive.ubuntu.com/ubuntu noble-updates/main amd64 libevent-extra-2.1-7t64 amd64 2.1.12-stable-9ubuntu2.1 [64.6 kB]
#13 24.41 Get:252 http://archive.ubuntu.com/ubuntu noble-updates/main amd64 libevent-openssl-2.1-7t64 amd64 2.1.12-stable-9ubuntu2.1 [15.7 kB]
#13 24.41 Get:253 http://archive.ubuntu.com/ubuntu noble-updates/main amd64 libevent-dev amd64 2.1.12-stable-9ubuntu2.1 [274 kB]
#13 24.42 Get:254 http://archive.ubuntu.com/ubuntu noble/universe amd64 libpmix-dev amd64 5.0.1-4.1build1 [4018 kB]
#13 24.57 Get:255 http://archive.ubuntu.com/ubuntu noble/main amd64 libjs-jquery all 3.6.1+dfsg+~3.5.14-1 [328 kB]
#13 24.59 Get:256 http://archive.ubuntu.com/ubuntu noble/universe amd64 libjs-jquery-ui all 1.13.2+dfsg-1 [252 kB]
#13 24.59 Get:257 http://archive.ubuntu.com/ubuntu noble/universe amd64 openmpi-bin amd64 4.1.6-7ubuntu2 [114 kB]
#13 24.59 Get:258 http://archive.ubuntu.com/ubuntu noble/universe amd64 libopenmpi-dev amd64 4.1.6-7ubuntu2 [864 kB]
#13 24.62 Get:259 http://archive.ubuntu.com/ubuntu noble/universe amd64 mpi-default-dev amd64 1.15build1 [3154 B]
#13 24.62 Get:260 http://archive.ubuntu.com/ubuntu noble-updates/universe amd64 libboost-mpi1.83-dev amd64 1.83.0-2.1ubuntu3.2 [296 kB]
#13 24.63 Get:261 http://archive.ubuntu.com/ubuntu noble/universe amd64 libboost-mpi-dev amd64 1.83.0.1ubuntu2 [4144 B]
#13 24.63 Get:262 http://archive.ubuntu.com/ubuntu noble-updates/main amd64 libboost-python1.83.0 amd64 1.83.0-2.1ubuntu3.2 [312 kB]
#13 24.64 Get:263 http://archive.ubuntu.com/ubuntu noble/universe amd64 mpi-default-bin amd64 1.15build1 [2376 B]
#13 24.64 Get:264 http://archive.ubuntu.com/ubuntu noble-updates/universe amd64 libboost-mpi-python1.83.0 amd64 1.83.0-2.1ubuntu3.2 [362 kB]
#13 24.65 Get:265 http://archive.ubuntu.com/ubuntu noble-updates/universe amd64 libboost-mpi-python1.83-dev amd64 1.83.0-2.1ubuntu3.2 [237 kB]
#13 24.66 Get:266 http://archive.ubuntu.com/ubuntu noble/universe amd64 libboost-mpi-python-dev amd64 1.83.0.1ubuntu2 [4196 B]
#13 24.66 Get:267 http://archive.ubuntu.com/ubuntu noble-updates/universe amd64 libboost-numpy1.83.0 amd64 1.83.0-2.1ubuntu3.2 [242 kB]
#13 24.67 Get:268 http://archive.ubuntu.com/ubuntu noble-updates/universe amd64 libboost-numpy1.83-dev amd64 1.83.0-2.1ubuntu3.2 [247 kB]
#13 24.68 Get:269 http://archive.ubuntu.com/ubuntu noble/universe amd64 libboost-numpy-dev amd64 1.83.0.1ubuntu2 [4100 B]
#13 24.68 Get:270 http://archive.ubuntu.com/ubuntu noble-updates/main amd64 libboost-program-options1.83.0 amd64 1.83.0-2.1ubuntu3.2 [321 kB]
#13 24.69 Get:271 http://archive.ubuntu.com/ubuntu noble-updates/main amd64 libboost-program-options1.83-dev amd64 1.83.0-2.1ubuntu3.2 [388 kB]
#13 24.70 Get:272 http://archive.ubuntu.com/ubuntu noble/main amd64 libboost-program-options-dev amd64 1.83.0.1ubuntu2 [4086 B]
#13 24.70 Get:273 http://archive.ubuntu.com/ubuntu noble-updates/main amd64 libpython3.12t64 amd64 3.12.3-1ubuntu0.16 [2339 kB]
#13 ...

#15 [ac-client-data-init client-data 2/3] RUN userdel --remove ubuntu   && addgroup --gid "1000" "acore"   && adduser --disabled-password --gecos '' --uid "1000" --gid "1000" "acore"   && passwd -d "acore"   && chown -R "acore:acore" /azerothcore
#15 0.817 userdel: ubuntu mail spool (/var/mail/ubuntu) not found
#15 1.142 info: Adding group `acore' (GID 1000) ...
#15 1.337 info: Adding user `acore' ...
#15 1.344 info: Adding new user `acore' (1000) with group `acore (1000)' ...
#15 1.737 info: Creating home directory `/home/acore' ...
#15 1.743 info: Copying files from `/etc/skel' ...
#15 1.828 info: Adding new user `acore' to supplemental / extra groups `users' ...
#15 1.833 info: Adding user `acore' to group `users' ...
#15 2.064 passwd: password changed.
#15 DONE 2.3s

#13 [ac-authserver build 1/8] RUN apt-get update                                                         && apt-get install -y --no-install-recommends                                 build-essential ccache libtool cmake-data ninja-build cmake clang            git lsb-base curl unzip default-mysql-client openssl                          default-libmysqlclient-dev libboost-all-dev libssl-dev libmysql++-dev         libreadline-dev zlib1g-dev libbz2-dev libncurses5-dev liblzma-dev      && rm -rf /var/lib/apt/lists/*
#13 24.84 Get:274 http://archive.ubuntu.com/ubuntu noble-updates/main amd64 libexpat1-dev amd64 2.6.1-2ubuntu0.4 [140 kB]
#13 24.85 Get:275 http://archive.ubuntu.com/ubuntu noble-updates/main amd64 libpython3.12-dev amd64 3.12.3-1ubuntu0.16 [5683 kB]
#13 ...

#12 [ac-worldserver runtime 1/4] RUN apt-get update     && apt-get install -y --no-install-recommends       libmysqlclient21 libreadline8 libicu74 libncurses5-dev       gettext-base default-mysql-client       adduser     && rm -rf /var/lib/apt/lists/*
#12 22.90 Selecting previously unselected package libmysqlclient21:amd64.
#12 22.91 Preparing to unpack .../16-libmysqlclient21_8.0.46-0ubuntu0.24.04.4_amd64.deb ...
#12 22.95 Unpacking libmysqlclient21:amd64 (8.0.46-0ubuntu0.24.04.4) ...
#12 23.14 Selecting previously unselected package libncurses-dev:amd64.
#12 23.15 Preparing to unpack .../17-libncurses-dev_6.4+20240113-1ubuntu2.2_amd64.deb ...
#12 23.17 Unpacking libncurses-dev:amd64 (6.4+20240113-1ubuntu2.2) ...
#12 23.49 Setting up mysql-common (5.8+1.1.0build1) ...
#12 23.76 update-alternatives: using /etc/mysql/my.cnf.fallback to provide /etc/mysql/my.cnf (my.cnf) in auto mode
#12 23.82 Setting up libmysqlclient21:amd64 (8.0.46-0ubuntu0.24.04.4) ...
#12 23.92 Setting up linux-libc-dev:amd64 (6.8.0-139.139) ...
#12 24.04 Setting up gettext-base (0.21-14ubuntu2) ...
#12 24.19 Setting up rpcsvc-proto (1.4.2-0ubuntu7) ...
#12 24.35 Setting up libncurses6:amd64 (6.4+20240113-1ubuntu2.2) ...
#12 24.47 Setting up libncursesw6:amd64 (6.4+20240113-1ubuntu2.2) ...
#12 24.61 Setting up libicu74:amd64 (74.2-1ubuntu3.1) ...
#12 24.76 Setting up libcrypt-dev:amd64 (1:4.4.36-4build1) ...
#12 25.00 Setting up libc-dev-bin (2.39-0ubuntu8.8) ...
#12 25.15 Setting up libbsd0:amd64 (0.12.1-1build1.1) ...
#12 25.30 Setting up readline-common (8.2-4build1) ...
#12 ...

#16 [ac-client-data-init client-data 3/3] COPY --chown=acore:acore apps apps
#16 DONE 0.5s

#12 [ac-worldserver runtime 1/4] RUN apt-get update     && apt-get install -y --no-install-recommends       libmysqlclient21 libreadline8 libicu74 libncurses5-dev       gettext-base default-mysql-client       adduser     && rm -rf /var/lib/apt/lists/*
#12 25.43 Setting up libedit2:amd64 (3.1-20230828-1build1) ...
#12 25.55 Setting up libreadline8t64:amd64 (8.2-4build1) ...
#12 25.70 Setting up libc6-dev:amd64 (2.39-0ubuntu8.8) ...
#12 25.83 Setting up mysql-client-core-8.0 (8.0.46-0ubuntu0.24.04.4) ...
#12 25.96 Setting up libncurses-dev:amd64 (6.4+20240113-1ubuntu2.2) ...
#12 26.12 Setting up mysql-client-8.0 (8.0.46-0ubuntu0.24.04.4) ...
#12 26.31 Setting up default-mysql-client (1.1.0build1) ...
#12 26.46 Processing triggers for libc-bin (2.39-0ubuntu8.8) ...
#12 DONE 26.8s

#13 [ac-authserver build 1/8] RUN apt-get update                                                         && apt-get install -y --no-install-recommends                                 build-essential ccache libtool cmake-data ninja-build cmake clang            git lsb-base curl unzip default-mysql-client openssl                          default-libmysqlclient-dev libboost-all-dev libssl-dev libmysql++-dev         libreadline-dev zlib1g-dev libbz2-dev libncurses5-dev liblzma-dev      && rm -rf /var/lib/apt/lists/*
#13 25.07 Get:276 http://archive.ubuntu.com/ubuntu noble-updates/main amd64 libpython3-dev amd64 3.12.3-0ubuntu2.1 [10.3 kB]
#13 25.07 Get:277 http://archive.ubuntu.com/ubuntu noble-updates/main amd64 python3.12-dev amd64 3.12.3-1ubuntu0.16 [498 kB]
#13 25.08 Get:278 http://archive.ubuntu.com/ubuntu noble/main amd64 libjs-underscore all 1.13.4~dfsg+~1.11.4-3 [118 kB]
#13 25.08 Get:279 http://archive.ubuntu.com/ubuntu noble/main amd64 libjs-sphinxdoc all 7.2.6-6 [149 kB]
#13 25.08 Get:280 http://archive.ubuntu.com/ubuntu noble-updates/main amd64 python3-dev amd64 3.12.3-0ubuntu2.1 [26.7 kB]
#13 25.08 Get:281 http://archive.ubuntu.com/ubuntu noble-updates/universe amd64 libboost-python1.83-dev amd64 1.83.0-2.1ubuntu3.2 [337 kB]
#13 25.09 Get:282 http://archive.ubuntu.com/ubuntu noble/universe amd64 libboost-python-dev amd64 1.83.0.1ubuntu2 [4344 B]
#13 25.09 Get:283 http://archive.ubuntu.com/ubuntu noble-updates/universe amd64 libboost-random1.83.0 amd64 1.83.0-2.1ubuntu3.2 [242 kB]
#13 25.15 Get:284 http://archive.ubuntu.com/ubuntu noble-updates/universe amd64 libboost-random1.83-dev amd64 1.83.0-2.1ubuntu3.2 [241 kB]
#13 25.15 Get:285 http://archive.ubuntu.com/ubuntu noble/universe amd64 libboost-random-dev amd64 1.83.0.1ubuntu2 [4062 B]
#13 25.15 Get:286 http://archive.ubuntu.com/ubuntu noble/main amd64 libboost-regex-dev amd64 1.83.0.1ubuntu2 [4324 B]
#13 25.15 Get:287 http://archive.ubuntu.com/ubuntu noble/universe amd64 libboost-serialization-dev amd64 1.83.0.1ubuntu2 [4280 B]
#13 25.15 Get:288 http://archive.ubuntu.com/ubuntu noble-updates/universe amd64 libboost-stacktrace1.83.0 amd64 1.83.0-2.1ubuntu3.2 [290 kB]
#13 25.17 Get:289 http://archive.ubuntu.com/ubuntu noble-updates/universe amd64 libboost-stacktrace1.83-dev amd64 1.83.0-2.1ubuntu3.2 [247 kB]
#13 25.20 Get:290 http://archive.ubuntu.com/ubuntu noble/universe amd64 libboost-stacktrace-dev amd64 1.83.0.1ubuntu2 [4068 B]
#13 25.21 Get:291 http://archive.ubuntu.com/ubuntu noble/universe amd64 libboost-system-dev amd64 1.83.0.1ubuntu2 [4206 B]
#13 25.21 Get:292 http://archive.ubuntu.com/ubuntu noble/universe amd64 libboost-test-dev amd64 1.83.0.1ubuntu2 [4090 B]
#13 25.21 Get:293 http://archive.ubuntu.com/ubuntu noble/main amd64 libboost-thread-dev amd64 1.83.0.1ubuntu2 [4088 B]
#13 25.21 Get:294 http://archive.ubuntu.com/ubuntu noble-updates/universe amd64 libboost-timer1.83.0 amd64 1.83.0-2.1ubuntu3.2 [241 kB]
#13 25.21 Get:295 http://archive.ubuntu.com/ubuntu noble-updates/universe amd64 libboost-timer1.83-dev amd64 1.83.0-2.1ubuntu3.2 [237 kB]
#13 25.30 Get:296 http://archive.ubuntu.com/ubuntu noble/universe amd64 libboost-timer-dev amd64 1.83.0.1ubuntu2 [4190 B]
#13 25.30 Get:297 http://archive.ubuntu.com/ubuntu noble-updates/universe amd64 libboost-type-erasure1.83.0 amd64 1.83.0-2.1ubuntu3.2 [246 kB]
#13 25.31 Get:298 http://archive.ubuntu.com/ubuntu noble-updates/universe amd64 libboost-type-erasure1.83-dev amd64 1.83.0-2.1ubuntu3.2 [250 kB]
#13 25.31 Get:299 http://archive.ubuntu.com/ubuntu noble/universe amd64 libboost-type-erasure-dev amd64 1.83.0.1ubuntu2 [4162 B]
#13 25.32 Get:300 http://archive.ubuntu.com/ubuntu noble-updates/main amd64 libboost-url1.83.0 amd64 1.83.0-2.1ubuntu3.2 [343 kB]
#13 25.33 Get:301 http://archive.ubuntu.com/ubuntu noble-updates/universe amd64 libboost-url1.83-dev amd64 1.83.0-2.1ubuntu3.2 [444 kB]
#13 25.36 Get:302 http://archive.ubuntu.com/ubuntu noble/universe amd64 libboost-url-dev amd64 1.83.0.1ubuntu2 [4192 B]
#13 25.36 Get:303 http://archive.ubuntu.com/ubuntu noble-updates/universe amd64 libboost-wave1.83.0 amd64 1.83.0-2.1ubuntu3.2 [454 kB]
#13 25.44 Get:304 http://archive.ubuntu.com/ubuntu noble-updates/universe amd64 libboost-wave1.83-dev amd64 1.83.0-2.1ubuntu3.2 [499 kB]
#13 25.63 Get:305 http://archive.ubuntu.com/ubuntu noble/universe amd64 libboost-wave-dev amd64 1.83.0.1ubuntu2 [4096 B]
#13 25.63 Get:306 http://archive.ubuntu.com/ubuntu noble-updates/universe amd64 libboost-nowide1.83.0 amd64 1.83.0-2.1ubuntu3.2 [240 kB]
#13 25.65 Get:307 http://archive.ubuntu.com/ubuntu noble-updates/universe amd64 libboost-nowide1.83-dev amd64 1.83.0-2.1ubuntu3.2 [236 kB]
#13 25.65 Get:308 http://archive.ubuntu.com/ubuntu noble/universe amd64 libboost-nowide-dev amd64 1.83.0.1ubuntu2 [4136 B]
#13 25.65 Get:309 http://archive.ubuntu.com/ubuntu noble/universe amd64 libboost-all-dev amd64 1.83.0.1ubuntu2 [2286 B]
#13 25.65 Get:310 http://archive.ubuntu.com/ubuntu noble-updates/main amd64 libbz2-dev amd64 1.0.8-5.1ubuntu0.1 [33.6 kB]
#13 25.66 Get:311 http://archive.ubuntu.com/ubuntu noble/universe amd64 libmysql++3t64 amd64 3.2.5-2.3 [102 kB]
#13 25.66 Get:312 http://archive.ubuntu.com/ubuntu noble/universe amd64 libmysql++-dev amd64 3.2.5-2.3 [96.3 kB]
#13 25.67 Get:313 http://archive.ubuntu.com/ubuntu noble-updates/main amd64 libncurses-dev amd64 6.4+20240113-1ubuntu2.2 [384 kB]
#13 25.68 Get:314 http://archive.ubuntu.com/ubuntu noble/main amd64 libreadline-dev amd64 8.2-4build1 [167 kB]
#13 25.69 Get:315 http://archive.ubuntu.com/ubuntu noble/main amd64 libtool all 2.4.7-7build1 [166 kB]
#13 25.70 Get:316 http://archive.ubuntu.com/ubuntu noble/main amd64 lsb-base all 11.6 [4606 B]
#13 25.70 Get:317 http://archive.ubuntu.com/ubuntu noble/universe amd64 ninja-build amd64 1.11.1-2 [129 kB]
#13 25.76 Get:318 http://archive.ubuntu.com/ubuntu noble-updates/main amd64 unzip amd64 6.0-28ubuntu4.1 [174 kB]
#13 25.78 Get:319 http://archive.ubuntu.com/ubuntu noble-updates/main amd64 liblzma-dev amd64 5.6.1+really5.4.5-1ubuntu0.3 [176 kB]
#13 26.10 debconf: delaying package configuration, since apt-utils is not installed
#13 26.22 Fetched 321 MB in 15s (20.9 MB/s)
#13 26.34 (Reading database ... 
(Reading database ... 5%
(Reading database ... 10%
(Reading database ... 15%
(Reading database ... 20%
(Reading database ... 25%
(Reading database ... 30%
(Reading database ... 35%
(Reading database ... 40%
(Reading database ... 45%
(Reading database ... 50%
(Reading database ... 55%
(Reading database ... 60%
(Reading database ... 65%
(Reading database ... 70%
(Reading database ... 75%
(Reading database ... 80%
(Reading database ... 85%
(Reading database ... 90%
(Reading database ... 95%
(Reading database ... 100%
(Reading database ... 5366 files and directories currently installed.)
#13 26.35 Preparing to unpack .../ncurses-bin_6.4+20240113-1ubuntu2.2_amd64.deb ...
#13 26.49 Unpacking ncurses-bin (6.4+20240113-1ubuntu2.2) over (6.4+20240113-1ubuntu2.1) ...
#13 27.12 Setting up ncurses-bin (6.4+20240113-1ubuntu2.2) ...
#13 27.56 (Reading database ... 
(Reading database ... 5%
(Reading database ... 10%
(Reading database ... 15%
(Reading database ... 20%
(Reading database ... 25%
(Reading database ... 30%
(Reading database ... 35%
(Reading database ... 40%
(Reading database ... 45%
(Reading database ... 50%
(Reading database ... 55%
(Reading database ... 60%
(Reading database ... 65%
(Reading database ... 70%
(Reading database ... 75%
(Reading database ... 80%
(Reading database ... 85%
(Reading database ... 90%
(Reading database ... 95%
(Reading database ... 100%
(Reading database ... 5366 files and directories currently installed.)
#13 27.57 Preparing to unpack .../perl-base_5.38.2-3.2ubuntu0.4_amd64.deb ...
#13 27.73 Unpacking perl-base (5.38.2-3.2ubuntu0.4) over (5.38.2-3.2ubuntu0.3) ...
#13 ...

#17 [ac-client-data-init] exporting to image
#17 exporting layers 2.5s done
#17 exporting manifest sha256:3d326419fa923774437782afb60fca863404f161202912bca24bdc467f416a2a 0.1s done
#17 exporting config sha256:fcb8d9e5f110df1b7164c9bfe6ab7b7a3a18f9c219e2291f302a6af71d7c7a57 0.2s done
#17 exporting attestation manifest sha256:8152099fdd1d5e107a467b1eb19dededf25a6643811683ae8354331c266082db 0.3s done
#17 exporting manifest list sha256:e660823fffcec39ad5d246f7220c2c5f60e8b2e53e5ce116e023a4afee164234 0.1s done
#17 naming to yulon.local/ac-wotlk-client-data:native-243c46e3 0.0s done
#17 unpacking to yulon.local/ac-wotlk-client-data:native-243c46e3 1.1s done
#17 DONE 4.5s

#13 [ac-authserver build 1/8] RUN apt-get update                                                         && apt-get install -y --no-install-recommends                                 build-essential ccache libtool cmake-data ninja-build cmake clang            git lsb-base curl unzip default-mysql-client openssl                          default-libmysqlclient-dev libboost-all-dev libssl-dev libmysql++-dev         libreadline-dev zlib1g-dev libbz2-dev libncurses5-dev liblzma-dev      && rm -rf /var/lib/apt/lists/*
#13 ...

#18 [ac-client-data-init] resolving provenance for metadata file
#18 DONE 0.0s

#13 [ac-authserver build 1/8] RUN apt-get update                                                         && apt-get install -y --no-install-recommends                                 build-essential ccache libtool cmake-data ninja-build cmake clang            git lsb-base curl unzip default-mysql-client openssl                          default-libmysqlclient-dev libboost-all-dev libssl-dev libmysql++-dev         libreadline-dev zlib1g-dev libbz2-dev libncurses5-dev liblzma-dev      && rm -rf /var/lib/apt/lists/*
#13 37.16 Setting up perl-base (5.38.2-3.2ubuntu0.4) ...
#13 37.31 (Reading database ... 
(Reading database ... 5%
(Reading database ... 10%
(Reading database ... 15%
(Reading database ... 20%
(Reading database ... 25%
(Reading database ... 30%
(Reading database ... 35%
(Reading database ... 40%
(Reading database ... 45%
(Reading database ... 50%
(Reading database ... 55%
(Reading database ... 60%
(Reading database ... 65%
(Reading database ... 70%
(Reading database ... 75%
(Reading database ... 80%
(Reading database ... 85%
(Reading database ... 90%
(Reading database ... 95%
(Reading database ... 100%
(Reading database ... 5366 files and directories currently installed.)
#13 37.32 Preparing to unpack .../ncurses-base_6.4+20240113-1ubuntu2.2_all.deb ...
#13 37.39 Unpacking ncurses-base (6.4+20240113-1ubuntu2.2) over (6.4+20240113-1ubuntu2.1) ...
#13 38.13 Setting up ncurses-base (6.4+20240113-1ubuntu2.2) ...
#13 38.34 Selecting previously unselected package libpython3.12-minimal:amd64.
#13 38.34 (Reading database ... 
(Reading database ... 5%
(Reading database ... 10%
(Reading database ... 15%
(Reading database ... 20%
(Reading database ... 25%
(Reading database ... 30%
(Reading database ... 35%
(Reading database ... 40%
(Reading database ... 45%
(Reading database ... 50%
(Reading database ... 55%
(Reading database ... 60%
(Reading database ... 65%
(Reading database ... 70%
(Reading database ... 75%
(Reading database ... 80%
(Reading database ... 85%
(Reading database ... 90%
(Reading database ... 95%
(Reading database ... 100%
(Reading database ... 5366 files and directories currently installed.)
#13 38.34 Preparing to unpack .../libpython3.12-minimal_3.12.3-1ubuntu0.16_amd64.deb ...
#13 38.37 Unpacking libpython3.12-minimal:amd64 (3.12.3-1ubuntu0.16) ...
#13 38.59 Selecting previously unselected package libexpat1:amd64.
#13 38.59 Preparing to unpack .../libexpat1_2.6.1-2ubuntu0.4_amd64.deb ...
#13 38.63 Unpacking libexpat1:amd64 (2.6.1-2ubuntu0.4) ...
#13 38.78 Preparing to unpack .../zlib1g_1%3a1.3.dfsg-3.1ubuntu2.2_amd64.deb ...
#13 38.84 Unpacking zlib1g:amd64 (1:1.3.dfsg-3.1ubuntu2.2) over (1:1.3.dfsg-3.1ubuntu2.1) ...
#13 39.02 Setting up zlib1g:amd64 (1:1.3.dfsg-3.1ubuntu2.2) ...
#13 39.20 Selecting previously unselected package python3.12-minimal.
#13 39.20 (Reading database ... 
(Reading database ... 5%
(Reading database ... 10%
(Reading database ... 15%
(Reading database ... 20%
(Reading database ... 25%
(Reading database ... 30%
(Reading database ... 35%
(Reading database ... 40%
(Reading database ... 45%
(Reading database ... 50%
(Reading database ... 55%
(Reading database ... 60%
(Reading database ... 65%
(Reading database ... 70%
(Reading database ... 75%
(Reading database ... 80%
(Reading database ... 85%
(Reading database ... 90%
(Reading database ... 95%
(Reading database ... 100%
(Reading database ... 5674 files and directories currently installed.)
#13 39.21 Preparing to unpack .../python3.12-minimal_3.12.3-1ubuntu0.16_amd64.deb ...
#13 39.24 Unpacking python3.12-minimal (3.12.3-1ubuntu0.16) ...
#13 39.42 Setting up libpython3.12-minimal:amd64 (3.12.3-1ubuntu0.16) ...
#13 39.51 Setting up libexpat1:amd64 (2.6.1-2ubuntu0.4) ...
#13 39.58 Setting up python3.12-minimal (3.12.3-1ubuntu0.16) ...
#13 40.87 Selecting previously unselected package python3-minimal.
#13 40.87 (Reading database ... 
(Reading database ... 5%
(Reading database ... 10%
(Reading database ... 15%
(Reading database ... 20%
(Reading database ... 25%
(Reading database ... 30%
(Reading database ... 35%
(Reading database ... 40%
(Reading database ... 45%
(Reading database ... 50%
(Reading database ... 55%
(Reading database ... 60%
(Reading database ... 65%
(Reading database ... 70%
(Reading database ... 75%
(Reading database ... 80%
(Reading database ... 85%
(Reading database ... 90%
(Reading database ... 95%
(Reading database ... 100%
(Reading database ... 5685 files and directories currently installed.)
#13 40.88 Preparing to unpack .../python3-minimal_3.12.3-0ubuntu2.1_amd64.deb ...
#13 40.90 Unpacking python3-minimal (3.12.3-0ubuntu2.1) ...
#13 41.02 Selecting previously unselected package media-types.
#13 41.02 Preparing to unpack .../media-types_10.1.0_all.deb ...
#13 41.04 Unpacking media-types (10.1.0) ...
#13 41.18 Selecting previously unselected package netbase.
#13 41.18 Preparing to unpack .../archives/netbase_6.4_all.deb ...
#13 41.20 Unpacking netbase (6.4) ...
#13 41.33 Preparing to unpack .../libbz2-1.0_1.0.8-5.1ubuntu0.1_amd64.deb ...
#13 41.40 Unpacking libbz2-1.0:amd64 (1.0.8-5.1ubuntu0.1) over (1.0.8-5.1build0.1) ...
#13 41.58 Setting up libbz2-1.0:amd64 (1.0.8-5.1ubuntu0.1) ...
#13 41.75 (Reading database ... 
(Reading database ... 5%
(Reading database ... 10%
(Reading database ... 15%
(Reading database ... 20%
(Reading database ... 25%
(Reading database ... 30%
(Reading database ... 35%
(Reading database ... 40%
(Reading database ... 45%
(Reading database ... 50%
(Reading database ... 55%
(Reading database ... 60%
(Reading database ... 65%
(Reading database ... 70%
(Reading database ... 75%
(Reading database ... 80%
(Reading database ... 85%
(Reading database ... 90%
(Reading database ... 95%
(Reading database ... 100%
(Reading database ... 5719 files and directories currently installed.)
#13 41.75 Preparing to unpack .../libncursesw6_6.4+20240113-1ubuntu2.2_amd64.deb ...
#13 41.82 Unpacking libncursesw6:amd64 (6.4+20240113-1ubuntu2.2) over (6.4+20240113-1ubuntu2.1) ...
#13 42.05 Preparing to unpack .../libtinfo6_6.4+20240113-1ubuntu2.2_amd64.deb ...
#13 42.11 Unpacking libtinfo6:amd64 (6.4+20240113-1ubuntu2.2) over (6.4+20240113-1ubuntu2.1) ...
#13 42.31 Setting up libtinfo6:amd64 (6.4+20240113-1ubuntu2.2) ...
#13 42.48 Selecting previously unselected package readline-common.
#13 42.48 (Reading database ... 
(Reading database ... 5%
(Reading database ... 10%
(Reading database ... 15%
(Reading database ... 20%
(Reading database ... 25%
(Reading database ... 30%
(Reading database ... 35%
(Reading database ... 40%
(Reading database ... 45%
(Reading database ... 50%
(Reading database ... 55%
(Reading database ... 60%
(Reading database ... 65%
(Reading database ... 70%
(Reading database ... 75%
(Reading database ... 80%
(Reading database ... 85%
(Reading database ... 90%
(Reading database ... 95%
(Reading database ... 100%
(Reading database ... 5719 files and directories currently installed.)
#13 42.49 Preparing to unpack .../0-readline-common_8.2-4build1_all.deb ...
#13 42.51 Unpacking readline-common (8.2-4build1) ...
#13 42.71 Selecting previously unselected package libreadline8t64:amd64.
#13 42.71 Preparing to unpack .../1-libreadline8t64_8.2-4build1_amd64.deb ...
#13 42.74 Adding 'diversion of /lib/x86_64-linux-gnu/libhistory.so.8 to /lib/x86_64-linux-gnu/libhistory.so.8.usr-is-merged by libreadline8t64'
#13 42.77 Adding 'diversion of /lib/x86_64-linux-gnu/libhistory.so.8.2 to /lib/x86_64-linux-gnu/libhistory.so.8.2.usr-is-merged by libreadline8t64'
#13 42.78 Adding 'diversion of /lib/x86_64-linux-gnu/libreadline.so.8 to /lib/x86_64-linux-gnu/libreadline.so.8.usr-is-merged by libreadline8t64'
#13 42.79 Adding 'diversion of /lib/x86_64-linux-gnu/libreadline.so.8.2 to /lib/x86_64-linux-gnu/libreadline.so.8.2.usr-is-merged by libreadline8t64'
#13 42.81 Unpacking libreadline8t64:amd64 (8.2-4build1) ...
#13 42.95 Selecting previously unselected package libsqlite3-0:amd64.
#13 42.96 Preparing to unpack .../2-libsqlite3-0_3.45.1-1ubuntu2.7_amd64.deb ...
#13 42.98 Unpacking libsqlite3-0:amd64 (3.45.1-1ubuntu2.7) ...
#13 43.11 Selecting previously unselected package libpython3.12-stdlib:amd64.
#13 43.11 Preparing to unpack .../3-libpython3.12-stdlib_3.12.3-1ubuntu0.16_amd64.deb ...
#13 43.13 Unpacking libpython3.12-stdlib:amd64 (3.12.3-1ubuntu0.16) ...
#13 43.39 Selecting previously unselected package python3.12.
#13 43.39 Preparing to unpack .../4-python3.12_3.12.3-1ubuntu0.16_amd64.deb ...
#13 43.43 Unpacking python3.12 (3.12.3-1ubuntu0.16) ...
#13 43.56 Selecting previously unselected package libpython3-stdlib:amd64.
#13 43.56 Preparing to unpack .../5-libpython3-stdlib_3.12.3-0ubuntu2.1_amd64.deb ...
#13 43.58 Unpacking libpython3-stdlib:amd64 (3.12.3-0ubuntu2.1) ...
#13 43.71 Setting up python3-minimal (3.12.3-0ubuntu2.1) ...
#13 44.06 Selecting previously unselected package python3.
#13 44.06 (Reading database ... 
(Reading database ... 5%
(Reading database ... 10%
(Reading database ... 15%
(Reading database ... 20%
(Reading database ... 25%
(Reading database ... 30%
(Reading database ... 35%
(Reading database ... 40%
(Reading database ... 45%
(Reading database ... 50%
(Reading database ... 55%
(Reading database ... 60%
(Reading database ... 65%
(Reading database ... 70%
(Reading database ... 75%
(Reading database ... 80%
(Reading database ... 85%
(Reading database ... 90%
(Reading database ... 95%
(Reading database ... 100%
(Reading database ... 6162 files and directories currently installed.)
#13 44.07 Preparing to unpack .../0-python3_3.12.3-0ubuntu2.1_amd64.deb ...
#13 44.10 Unpacking python3 (3.12.3-0ubuntu2.1) ...
#13 44.21 Selecting previously unselected package perl-modules-5.38.
#13 44.21 Preparing to unpack .../1-perl-modules-5.38_5.38.2-3.2ubuntu0.4_all.deb ...
#13 44.23 Unpacking perl-modules-5.38 (5.38.2-3.2ubuntu0.4) ...
#13 44.72 Selecting previously unselected package libgdbm6t64:amd64.
#13 44.73 Preparing to unpack .../2-libgdbm6t64_1.23-5.1build1_amd64.deb ...
#13 44.75 Unpacking libgdbm6t64:amd64 (1.23-5.1build1) ...
#13 44.89 Selecting previously unselected package libgdbm-compat4t64:amd64.
#13 44.90 Preparing to unpack .../3-libgdbm-compat4t64_1.23-5.1build1_amd64.deb ...
#13 44.92 Unpacking libgdbm-compat4t64:amd64 (1.23-5.1build1) ...
#13 45.07 Selecting previously unselected package libperl5.38t64:amd64.
#13 45.07 Preparing to unpack .../4-libperl5.38t64_5.38.2-3.2ubuntu0.4_amd64.deb ...
#13 45.09 Unpacking libperl5.38t64:amd64 (5.38.2-3.2ubuntu0.4) ...
#13 45.49 Selecting previously unselected package perl.
#13 45.49 Preparing to unpack .../5-perl_5.38.2-3.2ubuntu0.4_amd64.deb ...
#13 45.52 Unpacking perl (5.38.2-3.2ubuntu0.4) ...
#13 45.67 Selecting previously unselected package adduser.
#13 45.67 Preparing to unpack .../6-adduser_3.137ubuntu1_all.deb ...
#13 45.70 Unpacking adduser (3.137ubuntu1) ...
#13 45.84 Setting up adduser (3.137ubuntu1) ...
#13 46.09 Selecting previously unselected package libbsd0:amd64.
#13 46.09 (Reading database ... 
(Reading database ... 5%
(Reading database ... 10%
(Reading database ... 15%
(Reading database ... 20%
(Reading database ... 25%
(Reading database ... 30%
(Reading database ... 35%
(Reading database ... 40%
(Reading database ... 45%
(Reading database ... 50%
(Reading database ... 55%
(Reading database ... 60%
(Reading database ... 65%
(Reading database ... 70%
(Reading database ... 75%
(Reading database ... 80%
(Reading database ... 85%
(Reading database ... 90%
(Reading database ... 95%
(Reading database ... 100%
(Reading database ... 8243 files and directories currently installed.)
#13 46.09 Preparing to unpack .../000-libbsd0_0.12.1-1build1.1_amd64.deb ...
#13 46.12 Unpacking libbsd0:amd64 (0.12.1-1build1.1) ...
#13 46.27 Selecting previously unselected package libelf1t64:amd64.
#13 46.27 Preparing to unpack .../001-libelf1t64_0.190-1.1ubuntu0.1_amd64.deb ...
#13 46.29 Unpacking libelf1t64:amd64 (0.190-1.1ubuntu0.1) ...
#13 46.43 Selecting previously unselected package libkrb5support0:amd64.
#13 46.44 Preparing to unpack .../002-libkrb5support0_1.20.1-6ubuntu2.8_amd64.deb ...
#13 46.46 Unpacking libkrb5support0:amd64 (1.20.1-6ubuntu2.8) ...
#13 46.61 Selecting previously unselected package libk5crypto3:amd64.
#13 46.61 Preparing to unpack .../003-libk5crypto3_1.20.1-6ubuntu2.8_amd64.deb ...
#13 46.63 Unpacking libk5crypto3:amd64 (1.20.1-6ubuntu2.8) ...
#13 46.78 Selecting previously unselected package libkeyutils1:amd64.
#13 46.78 Preparing to unpack .../004-libkeyutils1_1.6.3-3build1_amd64.deb ...
#13 46.81 Unpacking libkeyutils1:amd64 (1.6.3-3build1) ...
#13 46.95 Selecting previously unselected package libkrb5-3:amd64.
#13 46.95 Preparing to unpack .../005-libkrb5-3_1.20.1-6ubuntu2.8_amd64.deb ...
#13 46.97 Unpacking libkrb5-3:amd64 (1.20.1-6ubuntu2.8) ...
#13 47.15 Selecting previously unselected package libgssapi-krb5-2:amd64.
#13 47.15 Preparing to unpack .../006-libgssapi-krb5-2_1.20.1-6ubuntu2.8_amd64.deb ...
#13 47.17 Unpacking libgssapi-krb5-2:amd64 (1.20.1-6ubuntu2.8) ...
#13 47.40 Selecting previously unselected package libicu74:amd64.
#13 47.40 Preparing to unpack .../007-libicu74_74.2-1ubuntu3.1_amd64.deb ...
#13 47.42 Unpacking libicu74:amd64 (74.2-1ubuntu3.1) ...
#13 47.80 Selecting previously unselected package libxml2:amd64.
#13 47.80 Preparing to unpack .../008-libxml2_2.9.14+dfsg-1.3ubuntu3.8_amd64.deb ...
#13 47.82 Unpacking libxml2:amd64 (2.9.14+dfsg-1.3ubuntu3.8) ...
#13 47.94 Selecting previously unselected package libmagic-mgc.
#13 47.94 Preparing to unpack .../009-libmagic-mgc_1%3a5.45-3build1_amd64.deb ...
#13 47.96 Unpacking libmagic-mgc (1:5.45-3build1) ...
#13 48.17 Selecting previously unselected package libmagic1t64:amd64.
#13 48.17 Preparing to unpack .../010-libmagic1t64_1%3a5.45-3build1_amd64.deb ...
#13 48.19 Unpacking libmagic1t64:amd64 (1:5.45-3build1) ...
#13 48.31 Selecting previously unselected package file.
#13 48.31 Preparing to unpack .../011-file_1%3a5.45-3build1_amd64.deb ...
#13 48.33 Unpacking file (1:5.45-3build1) ...
#13 48.49 Selecting previously unselected package libnl-3-200:amd64.
#13 48.49 Preparing to unpack .../012-libnl-3-200_3.7.0-0.3build1.1_amd64.deb ...
#13 48.52 Unpacking libnl-3-200:amd64 (3.7.0-0.3build1.1) ...
#13 48.69 Selecting previously unselected package libnl-route-3-200:amd64.
#13 48.69 Preparing to unpack .../013-libnl-route-3-200_3.7.0-0.3build1.1_amd64.deb ...
#13 48.71 Unpacking libnl-route-3-200:amd64 (3.7.0-0.3build1.1) ...
#13 48.88 Selecting previously unselected package libibverbs1:amd64.
#13 48.88 Preparing to unpack .../014-libibverbs1_50.0-2ubuntu0.2_amd64.deb ...
#13 48.90 Unpacking libibverbs1:amd64 (50.0-2ubuntu0.2) ...
#13 49.11 Selecting previously unselected package ibverbs-providers:amd64.
#13 49.11 Preparing to unpack .../015-ibverbs-providers_50.0-2ubuntu0.2_amd64.deb ...
#13 49.15 Unpacking ibverbs-providers:amd64 (50.0-2ubuntu0.2) ...
#13 49.31 Selecting previously unselected package libcbor0.10:amd64.
#13 49.31 Preparing to unpack .../016-libcbor0.10_0.10.2-1.2ubuntu2_amd64.deb ...
#13 49.33 Unpacking libcbor0.10:amd64 (0.10.2-1.2ubuntu2) ...
#13 49.44 Selecting previously unselected package libdrm-common.
#13 49.45 Preparing to unpack .../017-libdrm-common_2.4.125-1ubuntu0.1~24.04.2_all.deb ...
#13 49.47 Unpacking libdrm-common (2.4.125-1ubuntu0.1~24.04.2) ...
#13 49.61 Selecting previously unselected package libdrm2:amd64.
#13 49.61 Preparing to unpack .../018-libdrm2_2.4.125-1ubuntu0.1~24.04.2_amd64.deb ...
#13 49.63 Unpacking libdrm2:amd64 (2.4.125-1ubuntu0.1~24.04.2) ...
#13 49.78 Selecting previously unselected package libedit2:amd64.
#13 49.78 Preparing to unpack .../019-libedit2_3.1-20230828-1build1_amd64.deb ...
#13 49.80 Unpacking libedit2:amd64 (3.1-20230828-1build1) ...
#13 49.95 Selecting previously unselected package libfido2-1:amd64.
#13 49.95 Preparing to unpack .../020-libfido2-1_1.14.0-1build3_amd64.deb ...
#13 49.97 Unpacking libfido2-1:amd64 (1.14.0-1build3) ...
#13 50.11 Selecting previously unselected package libjansson4:amd64.
#13 50.11 Preparing to unpack .../021-libjansson4_2.14-2build2_amd64.deb ...
#13 50.15 Unpacking libjansson4:amd64 (2.14-2build2) ...
#13 50.31 Selecting previously unselected package libncurses6:amd64.
#13 50.32 Preparing to unpack .../022-libncurses6_6.4+20240113-1ubuntu2.2_amd64.deb ...
#13 50.34 Unpacking libncurses6:amd64 (6.4+20240113-1ubuntu2.2) ...
#13 50.50 Selecting previously unselected package libnghttp2-14:amd64.
#13 50.50 Preparing to unpack .../023-libnghttp2-14_1.59.0-1ubuntu0.4_amd64.deb ...
#13 50.52 Unpacking libnghttp2-14:amd64 (1.59.0-1ubuntu0.4) ...
#13 50.66 Selecting previously unselected package libnuma1:amd64.
#13 50.67 Preparing to unpack .../024-libnuma1_2.0.18-1ubuntu0.24.04.1_amd64.deb ...
#13 50.69 Unpacking libnuma1:amd64 (2.0.18-1ubuntu0.24.04.1) ...
#13 50.83 Selecting previously unselected package libpsl5t64:amd64.
#13 50.83 Preparing to unpack .../025-libpsl5t64_0.21.2-1.1build1_amd64.deb ...
#13 50.85 Unpacking libpsl5t64:amd64 (0.21.2-1.1build1) ...
#13 50.99 Selecting previously unselected package libuv1t64:amd64.
#13 50.99 Preparing to unpack .../026-libuv1t64_1.48.0-1.1build1_amd64.deb ...
#13 51.01 Unpacking libuv1t64:amd64 (1.48.0-1.1build1) ...
#13 51.14 Selecting previously unselected package libxau6:amd64.
#13 51.14 Preparing to unpack .../027-libxau6_1%3a1.0.9-1build6_amd64.deb ...
#13 51.17 Unpacking libxau6:amd64 (1:1.0.9-1build6) ...
#13 51.31 Selecting previously unselected package libxdmcp6:amd64.
#13 51.31 Preparing to unpack .../028-libxdmcp6_1%3a1.1.3-0ubuntu6_amd64.deb ...
#13 51.33 Unpacking libxdmcp6:amd64 (1:1.1.3-0ubuntu6) ...
#13 51.48 Selecting previously unselected package libxcb1:amd64.
#13 51.48 Preparing to unpack .../029-libxcb1_1.15-1ubuntu2_amd64.deb ...
#13 51.51 Unpacking libxcb1:amd64 (1.15-1ubuntu2) ...
#13 51.62 Selecting previously unselected package libx11-data.
#13 51.63 Preparing to unpack .../030-libx11-data_2%3a1.8.7-1build1_all.deb ...
#13 51.65 Unpacking libx11-data (2:1.8.7-1build1) ...
#13 51.83 Selecting previously unselected package libx11-6:amd64.
#13 51.83 Preparing to unpack .../031-libx11-6_2%3a1.8.7-1build1_amd64.deb ...
#13 51.86 Unpacking libx11-6:amd64 (2:1.8.7-1build1) ...
#13 52.02 Selecting previously unselected package libxext6:amd64.
#13 52.02 Preparing to unpack .../032-libxext6_2%3a1.3.4-1build2_amd64.deb ...
#13 52.05 Unpacking libxext6:amd64 (2:1.3.4-1build2) ...
#13 52.22 Selecting previously unselected package openssh-client.
#13 52.22 Preparing to unpack .../033-openssh-client_1%3a9.6p1-3ubuntu13.19_amd64.deb ...
#13 52.25 Unpacking openssh-client (1:9.6p1-3ubuntu13.19) ...
#13 52.42 Selecting previously unselected package xz-utils.
#13 52.42 Preparing to unpack .../034-xz-utils_5.6.1+really5.4.5-1ubuntu0.3_amd64.deb ...
#13 52.44 Unpacking xz-utils (5.6.1+really5.4.5-1ubuntu0.3) ...
#13 52.56 Selecting previously unselected package m4.
#13 52.56 Preparing to unpack .../035-m4_1.4.19-4build1_amd64.deb ...
#13 52.58 Unpacking m4 (1.4.19-4build1) ...
#13 52.71 Selecting previously unselected package autoconf.
#13 52.71 Preparing to unpack .../036-autoconf_2.71-3_all.deb ...
#13 52.73 Unpacking autoconf (2.71-3) ...
#13 52.88 Selecting previously unselected package autotools-dev.
#13 52.88 Preparing to unpack .../037-autotools-dev_20220109.1_all.deb ...
#13 52.90 Unpacking autotools-dev (20220109.1) ...
#13 53.03 Selecting previously unselected package automake.
#13 53.04 Preparing to unpack .../038-automake_1%3a1.16.5-1.3ubuntu1_all.deb ...
#13 53.06 Unpacking automake (1:1.16.5-1.3ubuntu1) ...
#13 53.21 Selecting previously unselected package binutils-common:amd64.
#13 53.21 Preparing to unpack .../039-binutils-common_2.42-4ubuntu2.10_amd64.deb ...
#13 53.23 Unpacking binutils-common:amd64 (2.42-4ubuntu2.10) ...
#13 53.40 Selecting previously unselected package libsframe1:amd64.
#13 53.40 Preparing to unpack .../040-libsframe1_2.42-4ubuntu2.10_amd64.deb ...
#13 53.42 Unpacking libsframe1:amd64 (2.42-4ubuntu2.10) ...
#13 53.55 Selecting previously unselected package libbinutils:amd64.
#13 53.56 Preparing to unpack .../041-libbinutils_2.42-4ubuntu2.10_amd64.deb ...
#13 53.58 Unpacking libbinutils:amd64 (2.42-4ubuntu2.10) ...
#13 53.75 Selecting previously unselected package libctf-nobfd0:amd64.
#13 53.75 Preparing to unpack .../042-libctf-nobfd0_2.42-4ubuntu2.10_amd64.deb ...
#13 53.77 Unpacking libctf-nobfd0:amd64 (2.42-4ubuntu2.10) ...
#13 53.92 Selecting previously unselected package libctf0:amd64.
#13 53.92 Preparing to unpack .../043-libctf0_2.42-4ubuntu2.10_amd64.deb ...
#13 53.94 Unpacking libctf0:amd64 (2.42-4ubuntu2.10) ...
#13 54.09 Selecting previously unselected package libgprofng0:amd64.
#13 54.09 Preparing to unpack .../044-libgprofng0_2.42-4ubuntu2.10_amd64.deb ...
#13 54.11 Unpacking libgprofng0:amd64 (2.42-4ubuntu2.10) ...
#13 54.26 Selecting previously unselected package binutils-x86-64-linux-gnu.
#13 54.26 Preparing to unpack .../045-binutils-x86-64-linux-gnu_2.42-4ubuntu2.10_amd64.deb ...
#13 54.29 Unpacking binutils-x86-64-linux-gnu (2.42-4ubuntu2.10) ...
#13 54.50 Selecting previously unselected package binutils.
#13 54.51 Preparing to unpack .../046-binutils_2.42-4ubuntu2.10_amd64.deb ...
#13 54.53 Unpacking binutils (2.42-4ubuntu2.10) ...
#13 54.64 Selecting previously unselected package libc-dev-bin.
#13 54.64 Preparing to unpack .../047-libc-dev-bin_2.39-0ubuntu8.8_amd64.deb ...
#13 54.66 Unpacking libc-dev-bin (2.39-0ubuntu8.8) ...
#13 54.77 Selecting previously unselected package linux-libc-dev:amd64.
#13 54.78 Preparing to unpack .../048-linux-libc-dev_6.8.0-139.139_amd64.deb ...
#13 54.80 Unpacking linux-libc-dev:amd64 (6.8.0-139.139) ...
#13 55.18 Selecting previously unselected package libcrypt-dev:amd64.
#13 55.18 Preparing to unpack .../049-libcrypt-dev_1%3a4.4.36-4build1_amd64.deb ...
#13 55.21 Unpacking libcrypt-dev:amd64 (1:4.4.36-4build1) ...
#13 55.33 Selecting previously unselected package rpcsvc-proto.
#13 55.33 Preparing to unpack .../050-rpcsvc-proto_1.4.2-0ubuntu7_amd64.deb ...
#13 55.35 Unpacking rpcsvc-proto (1.4.2-0ubuntu7) ...
#13 55.46 Selecting previously unselected package libc6-dev:amd64.
#13 55.46 Preparing to unpack .../051-libc6-dev_2.39-0ubuntu8.8_amd64.deb ...
#13 55.48 Unpacking libc6-dev:amd64 (2.39-0ubuntu8.8) ...
#13 55.77 Selecting previously unselected package gcc-13-base:amd64.
#13 55.77 Preparing to unpack .../052-gcc-13-base_13.3.0-6ubuntu2~24.04.1_amd64.deb ...
#13 55.79 Unpacking gcc-13-base:amd64 (13.3.0-6ubuntu2~24.04.1) ...
#13 55.93 Selecting previously unselected package libisl23:amd64.
#13 55.93 Preparing to unpack .../053-libisl23_0.26-3build1.1_amd64.deb ...
#13 55.96 Unpacking libisl23:amd64 (0.26-3build1.1) ...
#13 56.11 Selecting previously unselected package libmpfr6:amd64.
#13 56.11 Preparing to unpack .../054-libmpfr6_4.2.1-1build1.1_amd64.deb ...
#13 56.13 Unpacking libmpfr6:amd64 (4.2.1-1build1.1) ...
#13 56.29 Selecting previously unselected package libmpc3:amd64.
#13 56.30 Preparing to unpack .../055-libmpc3_1.3.1-1build1.1_amd64.deb ...
#13 56.32 Unpacking libmpc3:amd64 (1.3.1-1build1.1) ...
#13 56.43 Selecting previously unselected package cpp-13-x86-64-linux-gnu.
#13 56.43 Preparing to unpack .../056-cpp-13-x86-64-linux-gnu_13.3.0-6ubuntu2~24.04.1_amd64.deb ...
#13 56.45 Unpacking cpp-13-x86-64-linux-gnu (13.3.0-6ubuntu2~24.04.1) ...
#13 56.77 Selecting previously unselected package cpp-13.
#13 56.77 Preparing to unpack .../057-cpp-13_13.3.0-6ubuntu2~24.04.1_amd64.deb ...
#13 56.79 Unpacking cpp-13 (13.3.0-6ubuntu2~24.04.1) ...
#13 56.90 Selecting previously unselected package cpp-x86-64-linux-gnu.
#13 56.90 Preparing to unpack .../058-cpp-x86-64-linux-gnu_4%3a13.2.0-7ubuntu1_amd64.deb ...
#13 56.92 Unpacking cpp-x86-64-linux-gnu (4:13.2.0-7ubuntu1) ...
#13 57.09 Selecting previously unselected package cpp.
#13 57.09 Preparing to unpack .../059-cpp_4%3a13.2.0-7ubuntu1_amd64.deb ...
#13 57.11 Unpacking cpp (4:13.2.0-7ubuntu1) ...
#13 57.26 Selecting previously unselected package libcc1-0:amd64.
#13 57.26 Preparing to unpack .../060-libcc1-0_14.2.0-4ubuntu2~24.04.1_amd64.deb ...
#13 57.28 Unpacking libcc1-0:amd64 (14.2.0-4ubuntu2~24.04.1) ...
#13 57.43 Selecting previously unselected package libgomp1:amd64.
#13 57.43 Preparing to unpack .../061-libgomp1_14.2.0-4ubuntu2~24.04.1_amd64.deb ...
#13 57.45 Unpacking libgomp1:amd64 (14.2.0-4ubuntu2~24.04.1) ...
#13 57.62 Selecting previously unselected package libitm1:amd64.
#13 57.62 Preparing to unpack .../062-libitm1_14.2.0-4ubuntu2~24.04.1_amd64.deb ...
#13 57.64 Unpacking libitm1:amd64 (14.2.0-4ubuntu2~24.04.1) ...
#13 57.79 Selecting previously unselected package libatomic1:amd64.
#13 57.79 Preparing to unpack .../063-libatomic1_14.2.0-4ubuntu2~24.04.1_amd64.deb ...
#13 57.81 Unpacking libatomic1:amd64 (14.2.0-4ubuntu2~24.04.1) ...
#13 57.96 Selecting previously unselected package libasan8:amd64.
#13 57.96 Preparing to unpack .../064-libasan8_14.2.0-4ubuntu2~24.04.1_amd64.deb ...
#13 57.98 Unpacking libasan8:amd64 (14.2.0-4ubuntu2~24.04.1) ...
#13 58.19 Selecting previously unselected package liblsan0:amd64.
#13 58.19 Preparing to unpack .../065-liblsan0_14.2.0-4ubuntu2~24.04.1_amd64.deb ...
#13 58.22 Unpacking liblsan0:amd64 (14.2.0-4ubuntu2~24.04.1) ...
#13 58.42 Selecting previously unselected package libtsan2:amd64.
#13 58.42 Preparing to unpack .../066-libtsan2_14.2.0-4ubuntu2~24.04.1_amd64.deb ...
#13 58.44 Unpacking libtsan2:amd64 (14.2.0-4ubuntu2~24.04.1) ...
#13 58.68 Selecting previously unselected package libubsan1:amd64.
#13 58.68 Preparing to unpack .../067-libubsan1_14.2.0-4ubuntu2~24.04.1_amd64.deb ...
#13 58.70 Unpacking libubsan1:amd64 (14.2.0-4ubuntu2~24.04.1) ...
#13 58.88 Selecting previously unselected package libhwasan0:amd64.
#13 58.88 Preparing to unpack .../068-libhwasan0_14.2.0-4ubuntu2~24.04.1_amd64.deb ...
#13 58.90 Unpacking libhwasan0:amd64 (14.2.0-4ubuntu2~24.04.1) ...
#13 59.08 Selecting previously unselected package libquadmath0:amd64.
#13 59.09 Preparing to unpack .../069-libquadmath0_14.2.0-4ubuntu2~24.04.1_amd64.deb ...
#13 59.11 Unpacking libquadmath0:amd64 (14.2.0-4ubuntu2~24.04.1) ...
#13 59.22 Selecting previously unselected package libgcc-13-dev:amd64.
#13 59.23 Preparing to unpack .../070-libgcc-13-dev_13.3.0-6ubuntu2~24.04.1_amd64.deb ...
#13 59.25 Unpacking libgcc-13-dev:amd64 (13.3.0-6ubuntu2~24.04.1) ...
#13 59.47 Selecting previously unselected package gcc-13-x86-64-linux-gnu.
#13 59.48 Preparing to unpack .../071-gcc-13-x86-64-linux-gnu_13.3.0-6ubuntu2~24.04.1_amd64.deb ...
#13 59.50 Unpacking gcc-13-x86-64-linux-gnu (13.3.0-6ubuntu2~24.04.1) ...
#13 60.03 Selecting previously unselected package gcc-13.
#13 60.03 Preparing to unpack .../072-gcc-13_13.3.0-6ubuntu2~24.04.1_amd64.deb ...
#13 60.06 Unpacking gcc-13 (13.3.0-6ubuntu2~24.04.1) ...
#13 60.17 Selecting previously unselected package gcc-x86-64-linux-gnu.
#13 60.18 Preparing to unpack .../073-gcc-x86-64-linux-gnu_4%3a13.2.0-7ubuntu1_amd64.deb ...
#13 60.20 Unpacking gcc-x86-64-linux-gnu (4:13.2.0-7ubuntu1) ...
#13 60.34 Selecting previously unselected package gcc.
#13 60.34 Preparing to unpack .../074-gcc_4%3a13.2.0-7ubuntu1_amd64.deb ...
#13 60.36 Unpacking gcc (4:13.2.0-7ubuntu1) ...
#13 60.47 Selecting previously unselected package libstdc++-13-dev:amd64.
#13 60.47 Preparing to unpack .../075-libstdc++-13-dev_13.3.0-6ubuntu2~24.04.1_amd64.deb ...
#13 60.50 Unpacking libstdc++-13-dev:amd64 (13.3.0-6ubuntu2~24.04.1) ...
#13 60.88 Selecting previously unselected package g++-13-x86-64-linux-gnu.
#13 60.88 Preparing to unpack .../076-g++-13-x86-64-linux-gnu_13.3.0-6ubuntu2~24.04.1_amd64.deb ...
#13 60.90 Unpacking g++-13-x86-64-linux-gnu (13.3.0-6ubuntu2~24.04.1) ...
#13 61.24 Selecting previously unselected package g++-13.
#13 61.25 Preparing to unpack .../077-g++-13_13.3.0-6ubuntu2~24.04.1_amd64.deb ...
#13 61.27 Unpacking g++-13 (13.3.0-6ubuntu2~24.04.1) ...
#13 61.38 Selecting previously unselected package g++-x86-64-linux-gnu.
#13 61.38 Preparing to unpack .../078-g++-x86-64-linux-gnu_4%3a13.2.0-7ubuntu1_amd64.deb ...
#13 61.40 Unpacking g++-x86-64-linux-gnu (4:13.2.0-7ubuntu1) ...
#13 61.53 Selecting previously unselected package g++.
#13 61.53 Preparing to unpack .../079-g++_4%3a13.2.0-7ubuntu1_amd64.deb ...
#13 61.55 Unpacking g++ (4:13.2.0-7ubuntu1) ...
#13 61.66 Selecting previously unselected package make.
#13 61.67 Preparing to unpack .../080-make_4.3-4.1build2_amd64.deb ...
#13 61.69 Unpacking make (4.3-4.1build2) ...
#13 61.81 Selecting previously unselected package libdpkg-perl.
#13 61.81 Preparing to unpack .../081-libdpkg-perl_1.22.6ubuntu6.6_all.deb ...
#13 61.83 Unpacking libdpkg-perl (1.22.6ubuntu6.6) ...
#13 61.97 Selecting previously unselected package bzip2.
#13 61.98 Preparing to unpack .../082-bzip2_1.0.8-5.1ubuntu0.1_amd64.deb ...
#13 62.00 Unpacking bzip2 (1.0.8-5.1ubuntu0.1) ...
#13 62.12 Selecting previously unselected package patch.
#13 62.12 Preparing to unpack .../083-patch_2.7.6-7build3_amd64.deb ...
#13 62.14 Unpacking patch (2.7.6-7build3) ...
#13 62.31 Selecting previously unselected package lto-disabled-list.
#13 62.31 Preparing to unpack .../084-lto-disabled-list_47_all.deb ...
#13 62.33 Unpacking lto-disabled-list (47) ...
#13 62.46 Selecting previously unselected package dpkg-dev.
#13 62.46 Preparing to unpack .../085-dpkg-dev_1.22.6ubuntu6.6_all.deb ...
#13 62.49 Unpacking dpkg-dev (1.22.6ubuntu6.6) ...
#13 62.71 Selecting previously unselected package build-essential.
#13 62.71 Preparing to unpack .../086-build-essential_12.10ubuntu1_amd64.deb ...
#13 62.74 Unpacking build-essential (12.10ubuntu1) ...
#13 62.88 Selecting previously unselected package libhiredis1.1.0:amd64.
#13 62.88 Preparing to unpack .../087-libhiredis1.1.0_1.2.0-6ubuntu3_amd64.deb ...
#13 62.90 Unpacking libhiredis1.1.0:amd64 (1.2.0-6ubuntu3) ...
#13 63.05 Selecting previously unselected package ccache.
#13 63.05 Preparing to unpack .../088-ccache_4.9.1-1_amd64.deb ...
#13 63.08 Unpacking ccache (4.9.1-1) ...
#13 63.24 Selecting previously unselected package libllvm18:amd64.
#13 63.25 Preparing to unpack .../089-libllvm18_1%3a18.1.3-1ubuntu1_amd64.deb ...
#13 63.27 Unpacking libllvm18:amd64 (1:18.1.3-1ubuntu1) ...
#13 64.11 Selecting previously unselected package libclang-cpp18.
#13 64.11 Preparing to unpack .../090-libclang-cpp18_1%3a18.1.3-1ubuntu1_amd64.deb ...
#13 64.13 Unpacking libclang-cpp18 (1:18.1.3-1ubuntu1) ...
#13 64.63 Selecting previously unselected package libgc1:amd64.
#13 64.63 Preparing to unpack .../091-libgc1_1%3a8.2.6-1build1_amd64.deb ...
#13 64.66 Unpacking libgc1:amd64 (1:8.2.6-1build1) ...
#13 64.80 Selecting previously unselected package libobjc4:amd64.
#13 64.80 Preparing to unpack .../092-libobjc4_14.2.0-4ubuntu2~24.04.1_amd64.deb ...
#13 64.82 Unpacking libobjc4:amd64 (14.2.0-4ubuntu2~24.04.1) ...
#13 64.94 Selecting previously unselected package libobjc-13-dev:amd64.
#13 64.94 Preparing to unpack .../093-libobjc-13-dev_13.3.0-6ubuntu2~24.04.1_amd64.deb ...
#13 64.96 Unpacking libobjc-13-dev:amd64 (13.3.0-6ubuntu2~24.04.1) ...
#13 65.08 Selecting previously unselected package libclang-common-18-dev:amd64.
#13 65.08 Preparing to unpack .../094-libclang-common-18-dev_1%3a18.1.3-1ubuntu1_amd64.deb ...
#13 65.10 Unpacking libclang-common-18-dev:amd64 (1:18.1.3-1ubuntu1) ...
#13 65.35 Selecting previously unselected package llvm-18-linker-tools.
#13 65.35 Preparing to unpack .../095-llvm-18-linker-tools_1%3a18.1.3-1ubuntu1_amd64.deb ...
#13 65.37 Unpacking llvm-18-linker-tools (1:18.1.3-1ubuntu1) ...
#13 65.55 Selecting previously unselected package libclang1-18.
#13 65.55 Preparing to unpack .../096-libclang1-18_1%3a18.1.3-1ubuntu1_amd64.deb ...
#13 65.57 Unpacking libclang1-18 (1:18.1.3-1ubuntu1) ...
#13 65.87 Selecting previously unselected package clang-18.
#13 65.88 Preparing to unpack .../097-clang-18_1%3a18.1.3-1ubuntu1_amd64.deb ...
#13 65.90 Unpacking clang-18 (1:18.1.3-1ubuntu1) ...
#13 66.04 Selecting previously unselected package clang.
#13 66.04 Preparing to unpack .../098-clang_1%3a18.0-59~exp2_amd64.deb ...
#13 66.06 Unpacking clang (1:18.0-59~exp2) ...
#13 66.20 Selecting previously unselected package libarchive13t64:amd64.
#13 66.20 Preparing to unpack .../099-libarchive13t64_3.7.2-2ubuntu0.8_amd64.deb ...
#13 66.23 Unpacking libarchive13t64:amd64 (3.7.2-2ubuntu0.8) ...
#13 66.38 Selecting previously unselected package libbrotli1:amd64.
#13 66.38 Preparing to unpack .../100-libbrotli1_1.1.0-2build2_amd64.deb ...
#13 66.40 Unpacking libbrotli1:amd64 (1.1.0-2build2) ...
#13 66.54 Selecting previously unselected package libsasl2-modules-db:amd64.
#13 66.54 Preparing to unpack .../101-libsasl2-modules-db_2.1.28+dfsg1-5ubuntu3.1_amd64.deb ...
#13 66.57 Unpacking libsasl2-modules-db:amd64 (2.1.28+dfsg1-5ubuntu3.1) ...
#13 66.71 Selecting previously unselected package libsasl2-2:amd64.
#13 66.71 Preparing to unpack .../102-libsasl2-2_2.1.28+dfsg1-5ubuntu3.1_amd64.deb ...
#13 66.73 Unpacking libsasl2-2:amd64 (2.1.28+dfsg1-5ubuntu3.1) ...
#13 66.88 Selecting previously unselected package libldap2:amd64.
#13 66.88 Preparing to unpack .../103-libldap2_2.6.10+dfsg-0ubuntu0.24.04.1_amd64.deb ...
#13 66.90 Unpacking libldap2:amd64 (2.6.10+dfsg-0ubuntu0.24.04.1) ...
#13 67.05 Selecting previously unselected package librtmp1:amd64.
#13 67.05 Preparing to unpack .../104-librtmp1_2.4+20151223.gitfa8646d.1-2build7_amd64.deb ...
#13 67.08 Unpacking librtmp1:amd64 (2.4+20151223.gitfa8646d.1-2build7) ...
#13 67.24 Selecting previously unselected package libssh-4:amd64.
#13 67.24 Preparing to unpack .../105-libssh-4_0.10.6-2ubuntu0.5_amd64.deb ...
#13 67.27 Unpacking libssh-4:amd64 (0.10.6-2ubuntu0.5) ...
#13 67.41 Selecting previously unselected package libcurl4t64:amd64.
#13 67.41 Preparing to unpack .../106-libcurl4t64_8.5.0-2ubuntu10.13_amd64.deb ...
#13 67.43 Unpacking libcurl4t64:amd64 (8.5.0-2ubuntu10.13) ...
#13 67.57 Selecting previously unselected package libjsoncpp25:amd64.
#13 67.57 Preparing to unpack .../107-libjsoncpp25_1.9.5-6build1_amd64.deb ...
#13 67.59 Unpacking libjsoncpp25:amd64 (1.9.5-6build1) ...
#13 67.73 Selecting previously unselected package librhash0:amd64.
#13 67.73 Preparing to unpack .../108-librhash0_1.4.3-3build1_amd64.deb ...
#13 67.77 Unpacking librhash0:amd64 (1.4.3-3build1) ...
#13 68.02 Selecting previously unselected package cmake-data.
#13 68.02 Preparing to unpack .../109-cmake-data_3.28.3-1build7_all.deb ...
#13 68.05 Unpacking cmake-data (3.28.3-1build7) ...
#13 68.78 Selecting previously unselected package cmake.
#13 68.79 Preparing to unpack .../110-cmake_3.28.3-1build7_amd64.deb ...
#13 68.81 Unpacking cmake (3.28.3-1build7) ...
#13 69.16 Selecting previously unselected package curl.
#13 69.16 Preparing to unpack .../111-curl_8.5.0-2ubuntu10.13_amd64.deb ...
#13 69.18 Unpacking curl (8.5.0-2ubuntu10.13) ...
#13 69.36 Selecting previously unselected package mysql-common.
#13 69.36 Preparing to unpack .../112-mysql-common_5.8+1.1.0build1_all.deb ...
#13 69.39 Unpacking mysql-common (5.8+1.1.0build1) ...
#13 69.54 Selecting previously unselected package libmysqlclient21:amd64.
#13 69.55 Preparing to unpack .../113-libmysqlclient21_8.0.46-0ubuntu0.24.04.4_amd64.deb ...
#13 69.57 Unpacking libmysqlclient21:amd64 (8.0.46-0ubuntu0.24.04.4) ...
#13 69.72 Selecting previously unselected package libssl-dev:amd64.
#13 69.72 Preparing to unpack .../114-libssl-dev_3.0.13-0ubuntu3.15_amd64.deb ...
#13 69.75 Unpacking libssl-dev:amd64 (3.0.13-0ubuntu3.15) ...
#13 69.95 Selecting previously unselected package libzstd-dev:amd64.
#13 69.96 Preparing to unpack .../115-libzstd-dev_1.5.5+dfsg2-2build1.1_amd64.deb ...
#13 69.98 Unpacking libzstd-dev:amd64 (1.5.5+dfsg2-2build1.1) ...
#13 70.10 Selecting previously unselected package zlib1g-dev:amd64.
#13 70.10 Preparing to unpack .../116-zlib1g-dev_1%3a1.3.dfsg-3.1ubuntu2.2_amd64.deb ...
#13 70.12 Unpacking zlib1g-dev:amd64 (1:1.3.dfsg-3.1ubuntu2.2) ...
#13 70.24 Selecting previously unselected package libmysqlclient-dev.
#13 70.25 Preparing to unpack .../117-libmysqlclient-dev_8.0.46-0ubuntu0.24.04.4_amd64.deb ...
#13 70.27 Unpacking libmysqlclient-dev (8.0.46-0ubuntu0.24.04.4) ...
#13 70.44 Selecting previously unselected package default-libmysqlclient-dev:amd64.
#13 70.44 Preparing to unpack .../118-default-libmysqlclient-dev_1.1.0build1_amd64.deb ...
#13 70.46 Unpacking default-libmysqlclient-dev:amd64 (1.1.0build1) ...
#13 70.58 Selecting previously unselected package mysql-client-core-8.0.
#13 70.58 Preparing to unpack .../119-mysql-client-core-8.0_8.0.46-0ubuntu0.24.04.4_amd64.deb ...
#13 70.61 Unpacking mysql-client-core-8.0 (8.0.46-0ubuntu0.24.04.4) ...
#13 71.00 Selecting previously unselected package mysql-client-8.0.
#13 71.00 Preparing to unpack .../120-mysql-client-8.0_8.0.46-0ubuntu0.24.04.4_amd64.deb ...
#13 71.02 Unpacking mysql-client-8.0 (8.0.46-0ubuntu0.24.04.4) ...
#13 71.13 Selecting previously unselected package default-mysql-client.
#13 71.13 Preparing to unpack .../121-default-mysql-client_1.1.0build1_all.deb ...
#13 71.16 Unpacking default-mysql-client (1.1.0build1) ...
#13 71.31 Selecting previously unselected package libgfortran5:amd64.
#13 71.31 Preparing to unpack .../122-libgfortran5_14.2.0-4ubuntu2~24.04.1_amd64.deb ...
#13 71.33 Unpacking libgfortran5:amd64 (14.2.0-4ubuntu2~24.04.1) ...
#13 71.46 Selecting previously unselected package libgfortran-13-dev:amd64.
#13 71.46 Preparing to unpack .../123-libgfortran-13-dev_13.3.0-6ubuntu2~24.04.1_amd64.deb ...
#13 71.49 Unpacking libgfortran-13-dev:amd64 (13.3.0-6ubuntu2~24.04.1) ...
#13 71.63 Selecting previously unselected package gfortran-13-x86-64-linux-gnu.
#13 71.63 Preparing to unpack .../124-gfortran-13-x86-64-linux-gnu_13.3.0-6ubuntu2~24.04.1_amd64.deb ...
#13 71.65 Unpacking gfortran-13-x86-64-linux-gnu (13.3.0-6ubuntu2~24.04.1) ...
#13 72.01 Selecting previously unselected package gfortran-13.
#13 72.01 Preparing to unpack .../125-gfortran-13_13.3.0-6ubuntu2~24.04.1_amd64.deb ...
#13 72.03 Unpacking gfortran-13 (13.3.0-6ubuntu2~24.04.1) ...
#13 72.18 Selecting previously unselected package libcurl3t64-gnutls:amd64.
#13 72.18 Preparing to unpack .../126-libcurl3t64-gnutls_8.5.0-2ubuntu10.13_amd64.deb ...
#13 72.20 Unpacking libcurl3t64-gnutls:amd64 (8.5.0-2ubuntu10.13) ...
#13 72.33 Selecting previously unselected package liberror-perl.
#13 72.33 Preparing to unpack .../127-liberror-perl_0.17029-2_all.deb ...
#13 72.35 Unpacking liberror-perl (0.17029-2) ...
#13 72.46 Selecting previously unselected package git-man.
#13 72.46 Preparing to unpack .../128-git-man_1%3a2.43.0-1ubuntu7.3_all.deb ...
#13 72.48 Unpacking git-man (1:2.43.0-1ubuntu7.3) ...
#13 72.68 Selecting previously unselected package git.
#13 72.68 Preparing to unpack .../129-git_1%3a2.43.0-1ubuntu7.3_amd64.deb ...
#13 72.70 Unpacking git (1:2.43.0-1ubuntu7.3) ...
#13 73.54 Selecting previously unselected package icu-devtools.
#13 73.54 Preparing to unpack .../130-icu-devtools_74.2-1ubuntu3.1_amd64.deb ...
#13 73.56 Unpacking icu-devtools (74.2-1ubuntu3.1) ...
#13 73.70 Selecting previously unselected package libllvm17t64:amd64.
#13 73.70 Preparing to unpack .../131-libllvm17t64_1%3a17.0.6-9ubuntu1_amd64.deb ...
#13 73.72 Unpacking libllvm17t64:amd64 (1:17.0.6-9ubuntu1) ...
#13 74.55 Selecting previously unselected package libamd-comgr2:amd64.
#13 74.56 Preparing to unpack .../132-libamd-comgr2_6.0+git20231212.4510c28+dfsg-3build2_amd64.deb ...
#13 74.58 Unpacking libamd-comgr2:amd64 (6.0+git20231212.4510c28+dfsg-3build2) ...
#13 75.08 Selecting previously unselected package libdrm-amdgpu1:amd64.
#13 75.08 Preparing to unpack .../133-libdrm-amdgpu1_2.4.125-1ubuntu0.1~24.04.2_amd64.deb ...
#13 75.10 Unpacking libdrm-amdgpu1:amd64 (2.4.125-1ubuntu0.1~24.04.2) ...
#13 75.26 Selecting previously unselected package libhsakmt1:amd64.
#13 75.27 Preparing to unpack .../134-libhsakmt1_5.7.0-1build1_amd64.deb ...
#13 75.29 Unpacking libhsakmt1:amd64 (5.7.0-1build1) ...
#13 75.43 Selecting previously unselected package libhsa-runtime64-1.
#13 75.43 Preparing to unpack .../135-libhsa-runtime64-1_5.7.1-2build1_amd64.deb ...
#13 75.45 Unpacking libhsa-runtime64-1 (5.7.1-2build1) ...
#13 75.62 Selecting previously unselected package libamdhip64-5.
#13 75.62 Preparing to unpack .../136-libamdhip64-5_5.7.1-3_amd64.deb ...
#13 75.64 Unpacking libamdhip64-5 (5.7.1-3) ...
#13 75.92 Selecting previously unselected package libboost1.83-dev:amd64.
#13 75.92 Preparing to unpack .../137-libboost1.83-dev_1.83.0-2.1ubuntu3.2_amd64.deb ...
#13 75.94 Unpacking libboost1.83-dev:amd64 (1.83.0-2.1ubuntu3.2) ...
#13 79.63 Selecting previously unselected package libboost-dev:amd64.
#13 79.64 Preparing to unpack .../138-libboost-dev_1.83.0.1ubuntu2_amd64.deb ...
#13 79.66 Unpacking libboost-dev:amd64 (1.83.0.1ubuntu2) ...
#13 79.78 Selecting previously unselected package libboost1.83-tools-dev.
#13 79.78 Preparing to unpack .../139-libboost1.83-tools-dev_1.83.0-2.1ubuntu3.2_amd64.deb ...
#13 79.80 Unpacking libboost1.83-tools-dev (1.83.0-2.1ubuntu3.2) ...
#13 80.01 Selecting previously unselected package libboost-tools-dev.
#13 80.01 Preparing to unpack .../140-libboost-tools-dev_1.83.0.1ubuntu2_amd64.deb ...
#13 80.04 Unpacking libboost-tools-dev (1.83.0.1ubuntu2) ...
#13 80.19 Selecting previously unselected package libboost-atomic1.83.0:amd64.
#13 80.19 Preparing to unpack .../141-libboost-atomic1.83.0_1.83.0-2.1ubuntu3.2_amd64.deb ...
#13 80.22 Unpacking libboost-atomic1.83.0:amd64 (1.83.0-2.1ubuntu3.2) ...
#13 80.34 Selecting previously unselected package libboost-atomic1.83-dev:amd64.
#13 80.34 Preparing to unpack .../142-libboost-atomic1.83-dev_1.83.0-2.1ubuntu3.2_amd64.deb ...
#13 80.37 Unpacking libboost-atomic1.83-dev:amd64 (1.83.0-2.1ubuntu3.2) ...
#13 80.50 Selecting previously unselected package libboost-atomic-dev:amd64.
#13 80.51 Preparing to unpack .../143-libboost-atomic-dev_1.83.0.1ubuntu2_amd64.deb ...
#13 80.53 Unpacking libboost-atomic-dev:amd64 (1.83.0.1ubuntu2) ...
#13 80.66 Selecting previously unselected package libboost-chrono1.83.0t64:amd64.
#13 80.67 Preparing to unpack .../144-libboost-chrono1.83.0t64_1.83.0-2.1ubuntu3.2_amd64.deb ...
#13 80.69 Unpacking libboost-chrono1.83.0t64:amd64 (1.83.0-2.1ubuntu3.2) ...
#13 80.82 Selecting previously unselected package libboost-chrono1.83-dev:amd64.
#13 80.82 Preparing to unpack .../145-libboost-chrono1.83-dev_1.83.0-2.1ubuntu3.2_amd64.deb ...
#13 80.85 Unpacking libboost-chrono1.83-dev:amd64 (1.83.0-2.1ubuntu3.2) ...
#13 80.98 Selecting previously unselected package libboost-chrono-dev:amd64.
#13 80.98 Preparing to unpack .../146-libboost-chrono-dev_1.83.0.1ubuntu2_amd64.deb ...
#13 81.00 Unpacking libboost-chrono-dev:amd64 (1.83.0.1ubuntu2) ...
#13 81.14 Selecting previously unselected package libboost-container1.83.0:amd64.
#13 81.14 Preparing to unpack .../147-libboost-container1.83.0_1.83.0-2.1ubuntu3.2_amd64.deb ...
#13 81.16 Unpacking libboost-container1.83.0:amd64 (1.83.0-2.1ubuntu3.2) ...
#13 81.28 Selecting previously unselected package libboost-container1.83-dev:amd64.
#13 81.29 Preparing to unpack .../148-libboost-container1.83-dev_1.83.0-2.1ubuntu3.2_amd64.deb ...
#13 81.31 Unpacking libboost-container1.83-dev:amd64 (1.83.0-2.1ubuntu3.2) ...
#13 81.44 Selecting previously unselected package libboost-container-dev:amd64.
#13 81.44 Preparing to unpack .../149-libboost-container-dev_1.83.0.1ubuntu2_amd64.deb ...
#13 81.46 Unpacking libboost-container-dev:amd64 (1.83.0.1ubuntu2) ...
#13 81.61 Selecting previously unselected package libboost-date-time1.83.0:amd64.
#13 81.62 Preparing to unpack .../150-libboost-date-time1.83.0_1.83.0-2.1ubuntu3.2_amd64.deb ...
#13 81.64 Unpacking libboost-date-time1.83.0:amd64 (1.83.0-2.1ubuntu3.2) ...
#13 81.78 Selecting previously unselected package libboost-serialization1.83.0:amd64.
#13 81.79 Preparing to unpack .../151-libboost-serialization1.83.0_1.83.0-2.1ubuntu3.2_amd64.deb ...
#13 81.81 Unpacking libboost-serialization1.83.0:amd64 (1.83.0-2.1ubuntu3.2) ...
#13 81.94 Selecting previously unselected package libboost-serialization1.83-dev:amd64.
#13 81.94 Preparing to unpack .../152-libboost-serialization1.83-dev_1.83.0-2.1ubuntu3.2_amd64.deb ...
#13 81.97 Unpacking libboost-serialization1.83-dev:amd64 (1.83.0-2.1ubuntu3.2) ...
#13 82.10 Selecting previously unselected package libboost-date-time1.83-dev:amd64.
#13 82.11 Preparing to unpack .../153-libboost-date-time1.83-dev_1.83.0-2.1ubuntu3.2_amd64.deb ...
#13 82.12 Unpacking libboost-date-time1.83-dev:amd64 (1.83.0-2.1ubuntu3.2) ...
#13 82.31 Selecting previously unselected package libboost-system1.83.0:amd64.
#13 82.31 Preparing to unpack .../154-libboost-system1.83.0_1.83.0-2.1ubuntu3.2_amd64.deb ...
#13 82.33 Unpacking libboost-system1.83.0:amd64 (1.83.0-2.1ubuntu3.2) ...
#13 82.46 Selecting previously unselected package libboost-system1.83-dev:amd64.
#13 82.46 Preparing to unpack .../155-libboost-system1.83-dev_1.83.0-2.1ubuntu3.2_amd64.deb ...
#13 82.48 Unpacking libboost-system1.83-dev:amd64 (1.83.0-2.1ubuntu3.2) ...
#13 82.63 Selecting previously unselected package libboost-thread1.83.0:amd64.
#13 82.63 Preparing to unpack .../156-libboost-thread1.83.0_1.83.0-2.1ubuntu3.2_amd64.deb ...
#13 82.65 Unpacking libboost-thread1.83.0:amd64 (1.83.0-2.1ubuntu3.2) ...
#13 82.78 Selecting previously unselected package libboost-thread1.83-dev:amd64.
#13 82.78 Preparing to unpack .../157-libboost-thread1.83-dev_1.83.0-2.1ubuntu3.2_amd64.deb ...
#13 82.80 Unpacking libboost-thread1.83-dev:amd64 (1.83.0-2.1ubuntu3.2) ...
#13 82.97 Selecting previously unselected package libboost-context1.83.0:amd64.
#13 82.97 Preparing to unpack .../158-libboost-context1.83.0_1.83.0-2.1ubuntu3.2_amd64.deb ...
#13 82.99 Unpacking libboost-context1.83.0:amd64 (1.83.0-2.1ubuntu3.2) ...
#13 83.13 Selecting previously unselected package libboost-context1.83-dev:amd64.
#13 83.13 Preparing to unpack .../159-libboost-context1.83-dev_1.83.0-2.1ubuntu3.2_amd64.deb ...
#13 83.15 Unpacking libboost-context1.83-dev:amd64 (1.83.0-2.1ubuntu3.2) ...
#13 83.28 Selecting previously unselected package libboost-context-dev:amd64.
#13 83.28 Preparing to unpack .../160-libboost-context-dev_1.83.0.1ubuntu2_amd64.deb ...
#13 83.30 Unpacking libboost-context-dev:amd64 (1.83.0.1ubuntu2) ...
#13 83.45 Selecting previously unselected package libboost-coroutine1.83.0:amd64.
#13 83.45 Preparing to unpack .../161-libboost-coroutine1.83.0_1.83.0-2.1ubuntu3.2_amd64.deb ...
#13 83.47 Unpacking libboost-coroutine1.83.0:amd64 (1.83.0-2.1ubuntu3.2) ...
#13 83.59 Selecting previously unselected package libboost-coroutine1.83-dev:amd64.
#13 83.60 Preparing to unpack .../162-libboost-coroutine1.83-dev_1.83.0-2.1ubuntu3.2_amd64.deb ...
#13 83.62 Unpacking libboost-coroutine1.83-dev:amd64 (1.83.0-2.1ubuntu3.2) ...
#13 83.74 Selecting previously unselected package libboost-coroutine-dev:amd64.
#13 83.75 Preparing to unpack .../163-libboost-coroutine-dev_1.83.0.1ubuntu2_amd64.deb ...
#13 83.77 Unpacking libboost-coroutine-dev:amd64 (1.83.0.1ubuntu2) ...
#13 83.88 Selecting previously unselected package libboost-date-time-dev:amd64.
#13 83.89 Preparing to unpack .../164-libboost-date-time-dev_1.83.0.1ubuntu2_amd64.deb ...
#13 83.91 Unpacking libboost-date-time-dev:amd64 (1.83.0.1ubuntu2) ...
#13 84.02 Selecting previously unselected package libboost-exception1.83-dev:amd64.
#13 84.03 Preparing to unpack .../165-libboost-exception1.83-dev_1.83.0-2.1ubuntu3.2_amd64.deb ...
#13 84.05 Unpacking libboost-exception1.83-dev:amd64 (1.83.0-2.1ubuntu3.2) ...
#13 84.17 Selecting previously unselected package libboost-exception-dev:amd64.
#13 84.18 Preparing to unpack .../166-libboost-exception-dev_1.83.0.1ubuntu2_amd64.deb ...
#13 84.21 Unpacking libboost-exception-dev:amd64 (1.83.0.1ubuntu2) ...
#13 84.35 Selecting previously unselected package libboost-filesystem1.83.0:amd64.
#13 84.35 Preparing to unpack .../167-libboost-filesystem1.83.0_1.83.0-2.1ubuntu3.2_amd64.deb ...
#13 84.42 Unpacking libboost-filesystem1.83.0:amd64 (1.83.0-2.1ubuntu3.2) ...
#13 84.55 Selecting previously unselected package libboost-filesystem1.83-dev:amd64.
#13 84.55 Preparing to unpack .../168-libboost-filesystem1.83-dev_1.83.0-2.1ubuntu3.2_amd64.deb ...
#13 84.57 Unpacking libboost-filesystem1.83-dev:amd64 (1.83.0-2.1ubuntu3.2) ...
#13 84.72 Selecting previously unselected package libboost-fiber1.83.0:amd64.
#13 84.72 Preparing to unpack .../169-libboost-fiber1.83.0_1.83.0-2.1ubuntu3.2_amd64.deb ...
#13 84.75 Unpacking libboost-fiber1.83.0:amd64 (1.83.0-2.1ubuntu3.2) ...
#13 84.87 Selecting previously unselected package libboost-fiber1.83-dev:amd64.
#13 84.88 Preparing to unpack .../170-libboost-fiber1.83-dev_1.83.0-2.1ubuntu3.2_amd64.deb ...
#13 84.90 Unpacking libboost-fiber1.83-dev:amd64 (1.83.0-2.1ubuntu3.2) ...
#13 85.02 Selecting previously unselected package libboost-fiber-dev:amd64.
#13 85.03 Preparing to unpack .../171-libboost-fiber-dev_1.83.0.1ubuntu2_amd64.deb ...
#13 85.05 Unpacking libboost-fiber-dev:amd64 (1.83.0.1ubuntu2) ...
#13 85.16 Selecting previously unselected package libboost-filesystem-dev:amd64.
#13 85.16 Preparing to unpack .../172-libboost-filesystem-dev_1.83.0.1ubuntu2_amd64.deb ...
#13 85.19 Unpacking libboost-filesystem-dev:amd64 (1.83.0.1ubuntu2) ...
#13 85.32 Selecting previously unselected package libboost-graph1.83.0:amd64.
#13 85.32 Preparing to unpack .../173-libboost-graph1.83.0_1.83.0-2.1ubuntu3.2_amd64.deb ...
#13 85.34 Unpacking libboost-graph1.83.0:amd64 (1.83.0-2.1ubuntu3.2) ...
#13 85.51 Selecting previously unselected package libboost-regex1.83.0:amd64.
#13 85.52 Preparing to unpack .../174-libboost-regex1.83.0_1.83.0-2.1ubuntu3.2_amd64.deb ...
#13 85.54 Unpacking libboost-regex1.83.0:amd64 (1.83.0-2.1ubuntu3.2) ...
#13 85.68 Selecting previously unselected package libicu-dev:amd64.
#13 85.69 Preparing to unpack .../175-libicu-dev_74.2-1ubuntu3.1_amd64.deb ...
#13 85.71 Unpacking libicu-dev:amd64 (74.2-1ubuntu3.1) ...
#13 86.15 Selecting previously unselected package libboost-regex1.83-dev:amd64.
#13 86.15 Preparing to unpack .../176-libboost-regex1.83-dev_1.83.0-2.1ubuntu3.2_amd64.deb ...
#13 86.17 Unpacking libboost-regex1.83-dev:amd64 (1.83.0-2.1ubuntu3.2) ...
#13 86.32 Selecting previously unselected package libboost-test1.83.0:amd64.
#13 86.32 Preparing to unpack .../177-libboost-test1.83.0_1.83.0-2.1ubuntu3.2_amd64.deb ...
#13 86.34 Unpacking libboost-test1.83.0:amd64 (1.83.0-2.1ubuntu3.2) ...
#13 86.47 Selecting previously unselected package libboost-test1.83-dev:amd64.
#13 86.47 Preparing to unpack .../178-libboost-test1.83-dev_1.83.0-2.1ubuntu3.2_amd64.deb ...
#13 86.50 Unpacking libboost-test1.83-dev:amd64 (1.83.0-2.1ubuntu3.2) ...
#13 86.65 Selecting previously unselected package libboost-graph1.83-dev:amd64.
#13 86.65 Preparing to unpack .../179-libboost-graph1.83-dev_1.83.0-2.1ubuntu3.2_amd64.deb ...
#13 86.67 Unpacking libboost-graph1.83-dev:amd64 (1.83.0-2.1ubuntu3.2) ...
#13 86.80 Selecting previously unselected package libboost-graph-dev:amd64.
#13 86.81 Preparing to unpack .../180-libboost-graph-dev_1.83.0.1ubuntu2_amd64.deb ...
#13 86.82 Unpacking libboost-graph-dev:amd64 (1.83.0.1ubuntu2) ...
#13 86.98 Selecting previously unselected package libevent-core-2.1-7t64:amd64.
#13 86.98 Preparing to unpack .../181-libevent-core-2.1-7t64_2.1.12-stable-9ubuntu2.1_amd64.deb ...
#13 87.00 Unpacking libevent-core-2.1-7t64:amd64 (2.1.12-stable-9ubuntu2.1) ...
#13 87.15 Selecting previously unselected package libevent-pthreads-2.1-7t64:amd64.
#13 87.15 Preparing to unpack .../182-libevent-pthreads-2.1-7t64_2.1.12-stable-9ubuntu2.1_amd64.deb ...
#13 87.17 Unpacking libevent-pthreads-2.1-7t64:amd64 (2.1.12-stable-9ubuntu2.1) ...
#13 87.36 Selecting previously unselected package libpsm-infinipath1.
#13 87.36 Preparing to unpack .../183-libpsm-infinipath1_3.3+20.604758e7-6.3build1_amd64.deb ...
#13 87.38 Unpacking libpsm-infinipath1 (3.3+20.604758e7-6.3build1) ...
#13 87.52 Selecting previously unselected package libpsm2-2.
#13 87.53 Preparing to unpack .../184-libpsm2-2_11.2.185-2build1_amd64.deb ...
#13 87.55 Unpacking libpsm2-2 (11.2.185-2build1) ...
#13 87.70 Selecting previously unselected package librdmacm1t64:amd64.
#13 87.70 Preparing to unpack .../185-librdmacm1t64_50.0-2ubuntu0.2_amd64.deb ...
#13 87.73 Unpacking librdmacm1t64:amd64 (50.0-2ubuntu0.2) ...
#13 87.87 Selecting previously unselected package libfabric1:amd64.
#13 87.87 Preparing to unpack .../186-libfabric1_1.17.0-3build2_amd64.deb ...
#13 87.90 Unpacking libfabric1:amd64 (1.17.0-3build2) ...
#13 88.04 Selecting previously unselected package libhwloc15:amd64.
#13 88.05 Preparing to unpack .../187-libhwloc15_2.10.0-1build1_amd64.deb ...
#13 88.07 Unpacking libhwloc15:amd64 (2.10.0-1build1) ...
#13 88.21 Selecting previously unselected package libmunge2:amd64.
#13 88.22 Preparing to unpack .../188-libmunge2_0.5.15-4ubuntu0.1_amd64.deb ...
#13 88.25 Unpacking libmunge2:amd64 (0.5.15-4ubuntu0.1) ...
#13 88.42 Selecting previously unselected package libpciaccess0:amd64.
#13 88.42 Preparing to unpack .../189-libpciaccess0_0.17-3ubuntu0.24.04.2_amd64.deb ...
#13 88.44 Unpacking libpciaccess0:amd64 (0.17-3ubuntu0.24.04.2) ...
#13 88.59 Selecting previously unselected package libxnvctrl0:amd64.
#13 88.59 Preparing to unpack .../190-libxnvctrl0_510.47.03-0ubuntu4.24.04.1_amd64.deb ...
#13 88.61 Unpacking libxnvctrl0:amd64 (510.47.03-0ubuntu4.24.04.1) ...
#13 88.76 Selecting previously unselected package ocl-icd-libopencl1:amd64.
#13 88.76 Preparing to unpack .../191-ocl-icd-libopencl1_2.3.2-1build1_amd64.deb ...
#13 88.78 Unpacking ocl-icd-libopencl1:amd64 (2.3.2-1build1) ...
#13 88.90 Selecting previously unselected package libhwloc-plugins:amd64.
#13 88.90 Preparing to unpack .../192-libhwloc-plugins_2.10.0-1build1_amd64.deb ...
#13 88.92 Unpacking libhwloc-plugins:amd64 (2.10.0-1build1) ...
#13 89.07 Selecting previously unselected package libpmix2t64:amd64.
#13 89.07 Preparing to unpack .../193-libpmix2t64_5.0.1-4.1build1_amd64.deb ...
#13 89.09 Unpacking libpmix2t64:amd64 (5.0.1-4.1build1) ...
#13 89.26 Selecting previously unselected package libucx0:amd64.
#13 89.26 Preparing to unpack .../194-libucx0_1.16.0+ds-5ubuntu1_amd64.deb ...
#13 89.29 Unpacking libucx0:amd64 (1.16.0+ds-5ubuntu1) ...
#13 89.46 Selecting previously unselected package libopenmpi3t64:amd64.
#13 89.46 Preparing to unpack .../195-libopenmpi3t64_4.1.6-7ubuntu2_amd64.deb ...
#13 89.48 Unpacking libopenmpi3t64:amd64 (4.1.6-7ubuntu2) ...
#13 89.72 Selecting previously unselected package libboost-mpi1.83.0.
#13 89.73 Preparing to unpack .../196-libboost-mpi1.83.0_1.83.0-2.1ubuntu3.2_amd64.deb ...
#13 89.75 Unpacking libboost-mpi1.83.0 (1.83.0-2.1ubuntu3.2) ...
#13 89.90 Selecting previously unselected package libboost-graph-parallel1.83.0.
#13 89.90 Preparing to unpack .../197-libboost-graph-parallel1.83.0_1.83.0-2.1ubuntu3.2_amd64.deb ...
#13 89.92 Unpacking libboost-graph-parallel1.83.0 (1.83.0-2.1ubuntu3.2) ...
#13 90.05 Selecting previously unselected package libboost-graph-parallel1.83-dev.
#13 90.05 Preparing to unpack .../198-libboost-graph-parallel1.83-dev_1.83.0-2.1ubuntu3.2_amd64.deb ...
#13 90.07 Unpacking libboost-graph-parallel1.83-dev (1.83.0-2.1ubuntu3.2) ...
#13 90.20 Selecting previously unselected package libboost-graph-parallel-dev.
#13 90.21 Preparing to unpack .../199-libboost-graph-parallel-dev_1.83.0.1ubuntu2_amd64.deb ...
#13 90.23 Unpacking libboost-graph-parallel-dev (1.83.0.1ubuntu2) ...
#13 90.36 Selecting previously unselected package libboost-iostreams1.83.0:amd64.
#13 90.36 Preparing to unpack .../200-libboost-iostreams1.83.0_1.83.0-2.1ubuntu3.2_amd64.deb ...
#13 90.39 Unpacking libboost-iostreams1.83.0:amd64 (1.83.0-2.1ubuntu3.2) ...
#13 90.51 Selecting previously unselected package libboost-iostreams1.83-dev:amd64.
#13 90.51 Preparing to unpack .../201-libboost-iostreams1.83-dev_1.83.0-2.1ubuntu3.2_amd64.deb ...
#13 90.54 Unpacking libboost-iostreams1.83-dev:amd64 (1.83.0-2.1ubuntu3.2) ...
#13 90.66 Selecting previously unselected package libboost-iostreams-dev:amd64.
#13 90.67 Preparing to unpack .../202-libboost-iostreams-dev_1.83.0.1ubuntu2_amd64.deb ...
#13 90.69 Unpacking libboost-iostreams-dev:amd64 (1.83.0.1ubuntu2) ...
#13 90.83 Selecting previously unselected package libboost-json1.83.0:amd64.
#13 90.83 Preparing to unpack .../203-libboost-json1.83.0_1.83.0-2.1ubuntu3.2_amd64.deb ...
#13 90.85 Unpacking libboost-json1.83.0:amd64 (1.83.0-2.1ubuntu3.2) ...
#13 90.98 Selecting previously unselected package libboost-json1.83-dev:amd64.
#13 90.99 Preparing to unpack .../204-libboost-json1.83-dev_1.83.0-2.1ubuntu3.2_amd64.deb ...
#13 91.01 Unpacking libboost-json1.83-dev:amd64 (1.83.0-2.1ubuntu3.2) ...
#13 91.16 Selecting previously unselected package libboost-json-dev:amd64.
#13 91.17 Preparing to unpack .../205-libboost-json-dev_1.83.0.1ubuntu2_amd64.deb ...
#13 91.19 Unpacking libboost-json-dev:amd64 (1.83.0.1ubuntu2) ...
#13 91.33 Selecting previously unselected package libboost-locale1.83.0:amd64.
#13 91.33 Preparing to unpack .../206-libboost-locale1.83.0_1.83.0-2.1ubuntu3.2_amd64.deb ...
#13 91.35 Unpacking libboost-locale1.83.0:amd64 (1.83.0-2.1ubuntu3.2) ...
#13 91.48 Selecting previously unselected package libboost-locale1.83-dev:amd64.
#13 91.49 Preparing to unpack .../207-libboost-locale1.83-dev_1.83.0-2.1ubuntu3.2_amd64.deb ...
#13 91.51 Unpacking libboost-locale1.83-dev:amd64 (1.83.0-2.1ubuntu3.2) ...
#13 91.65 Selecting previously unselected package libboost-locale-dev:amd64.
#13 91.66 Preparing to unpack .../208-libboost-locale-dev_1.83.0.1ubuntu2_amd64.deb ...
#13 91.68 Unpacking libboost-locale-dev:amd64 (1.83.0.1ubuntu2) ...
#13 91.81 Selecting previously unselected package libboost-log1.83.0.
#13 91.81 Preparing to unpack .../209-libboost-log1.83.0_1.83.0-2.1ubuntu3.2_amd64.deb ...
#13 91.84 Unpacking libboost-log1.83.0 (1.83.0-2.1ubuntu3.2) ...
#13 91.98 Selecting previously unselected package libboost-log1.83-dev.
#13 91.98 Preparing to unpack .../210-libboost-log1.83-dev_1.83.0-2.1ubuntu3.2_amd64.deb ...
#13 92.00 Unpacking libboost-log1.83-dev (1.83.0-2.1ubuntu3.2) ...
#13 92.17 Selecting previously unselected package libboost-log-dev.
#13 92.18 Preparing to unpack .../211-libboost-log-dev_1.83.0.1ubuntu2_amd64.deb ...
#13 92.20 Unpacking libboost-log-dev (1.83.0.1ubuntu2) ...
#13 92.33 Selecting previously unselected package libboost-math1.83.0:amd64.
#13 92.34 Preparing to unpack .../212-libboost-math1.83.0_1.83.0-2.1ubuntu3.2_amd64.deb ...
#13 92.36 Unpacking libboost-math1.83.0:amd64 (1.83.0-2.1ubuntu3.2) ...
#13 92.50 Selecting previously unselected package libboost-math1.83-dev:amd64.
#13 92.50 Preparing to unpack .../213-libboost-math1.83-dev_1.83.0-2.1ubuntu3.2_amd64.deb ...
#13 92.52 Unpacking libboost-math1.83-dev:amd64 (1.83.0-2.1ubuntu3.2) ...
#13 92.67 Selecting previously unselected package libboost-math-dev:amd64.
#13 92.67 Preparing to unpack .../214-libboost-math-dev_1.83.0.1ubuntu2_amd64.deb ...
#13 92.69 Unpacking libboost-math-dev:amd64 (1.83.0.1ubuntu2) ...
#13 92.81 Selecting previously unselected package openmpi-common.
#13 92.81 Preparing to unpack .../215-openmpi-common_4.1.6-7ubuntu2_all.deb ...
#13 92.83 Unpacking openmpi-common (4.1.6-7ubuntu2) ...
#13 92.97 Selecting previously unselected package libnl-3-dev:amd64.
#13 92.97 Preparing to unpack .../216-libnl-3-dev_3.7.0-0.3build1.1_amd64.deb ...
#13 92.99 Unpacking libnl-3-dev:amd64 (3.7.0-0.3build1.1) ...
#13 93.13 Selecting previously unselected package libnl-route-3-dev:amd64.
#13 93.14 Preparing to unpack .../217-libnl-route-3-dev_3.7.0-0.3build1.1_amd64.deb ...
#13 93.17 Unpacking libnl-route-3-dev:amd64 (3.7.0-0.3build1.1) ...
#13 93.29 Selecting previously unselected package libibverbs-dev:amd64.
#13 93.29 Preparing to unpack .../218-libibverbs-dev_50.0-2ubuntu0.2_amd64.deb ...
#13 93.31 Unpacking libibverbs-dev:amd64 (50.0-2ubuntu0.2) ...
#13 93.46 Selecting previously unselected package libnuma-dev:amd64.
#13 93.46 Preparing to unpack .../219-libnuma-dev_2.0.18-1ubuntu0.24.04.1_amd64.deb ...
#13 93.48 Unpacking libnuma-dev:amd64 (2.0.18-1ubuntu0.24.04.1) ...
#13 93.62 Selecting previously unselected package libltdl7:amd64.
#13 93.63 Preparing to unpack .../220-libltdl7_2.4.7-7build1_amd64.deb ...
#13 93.65 Unpacking libltdl7:amd64 (2.4.7-7build1) ...
#13 93.77 Selecting previously unselected package libltdl-dev:amd64.
#13 93.78 Preparing to unpack .../221-libltdl-dev_2.4.7-7build1_amd64.deb ...
#13 93.80 Unpacking libltdl-dev:amd64 (2.4.7-7build1) ...
#13 93.93 Selecting previously unselected package libhwloc-dev:amd64.
#13 93.94 Preparing to unpack .../222-libhwloc-dev_2.10.0-1build1_amd64.deb ...
#13 93.96 Unpacking libhwloc-dev:amd64 (2.10.0-1build1) ...
#13 94.13 Selecting previously unselected package libevent-2.1-7t64:amd64.
#13 94.13 Preparing to unpack .../223-libevent-2.1-7t64_2.1.12-stable-9ubuntu2.1_amd64.deb ...
#13 94.15 Unpacking libevent-2.1-7t64:amd64 (2.1.12-stable-9ubuntu2.1) ...
#13 94.30 Selecting previously unselected package libevent-extra-2.1-7t64:amd64.
#13 94.30 Preparing to unpack .../224-libevent-extra-2.1-7t64_2.1.12-stable-9ubuntu2.1_amd64.deb ...
#13 94.33 Unpacking libevent-extra-2.1-7t64:amd64 (2.1.12-stable-9ubuntu2.1) ...
#13 94.47 Selecting previously unselected package libevent-openssl-2.1-7t64:amd64.
#13 94.48 Preparing to unpack .../225-libevent-openssl-2.1-7t64_2.1.12-stable-9ubuntu2.1_amd64.deb ...
#13 94.50 Unpacking libevent-openssl-2.1-7t64:amd64 (2.1.12-stable-9ubuntu2.1) ...
#13 94.61 Selecting previously unselected package libevent-dev.
#13 94.62 Preparing to unpack .../226-libevent-dev_2.1.12-stable-9ubuntu2.1_amd64.deb ...
#13 94.64 Unpacking libevent-dev (2.1.12-stable-9ubuntu2.1) ...
#13 94.78 Selecting previously unselected package libpmix-dev:amd64.
#13 94.78 Preparing to unpack .../227-libpmix-dev_5.0.1-4.1build1_amd64.deb ...
#13 94.80 Unpacking libpmix-dev:amd64 (5.0.1-4.1build1) ...
#13 95.06 Selecting previously unselected package libjs-jquery.
#13 95.06 Preparing to unpack .../228-libjs-jquery_3.6.1+dfsg+~3.5.14-1_all.deb ...
#13 95.09 Unpacking libjs-jquery (3.6.1+dfsg+~3.5.14-1) ...
#13 95.22 Selecting previously unselected package libjs-jquery-ui.
#13 95.23 Preparing to unpack .../229-libjs-jquery-ui_1.13.2+dfsg-1_all.deb ...
#13 95.25 Unpacking libjs-jquery-ui (1.13.2+dfsg-1) ...
#13 95.47 Selecting previously unselected package openmpi-bin.
#13 95.47 Preparing to unpack .../230-openmpi-bin_4.1.6-7ubuntu2_amd64.deb ...
#13 95.49 Unpacking openmpi-bin (4.1.6-7ubuntu2) ...
#13 95.66 Selecting previously unselected package libopenmpi-dev:amd64.
#13 95.66 Preparing to unpack .../231-libopenmpi-dev_4.1.6-7ubuntu2_amd64.deb ...
#13 95.71 Unpacking libopenmpi-dev:amd64 (4.1.6-7ubuntu2) ...
#13 96.14 Selecting previously unselected package mpi-default-dev.
#13 96.14 Preparing to unpack .../232-mpi-default-dev_1.15build1_amd64.deb ...
#13 96.16 Unpacking mpi-default-dev (1.15build1) ...
#13 96.28 Selecting previously unselected package libboost-mpi1.83-dev.
#13 96.28 Preparing to unpack .../233-libboost-mpi1.83-dev_1.83.0-2.1ubuntu3.2_amd64.deb ...
#13 96.31 Unpacking libboost-mpi1.83-dev (1.83.0-2.1ubuntu3.2) ...
#13 96.43 Selecting previously unselected package libboost-mpi-dev.
#13 96.44 Preparing to unpack .../234-libboost-mpi-dev_1.83.0.1ubuntu2_amd64.deb ...
#13 96.46 Unpacking libboost-mpi-dev (1.83.0.1ubuntu2) ...
#13 96.61 Selecting previously unselected package libboost-python1.83.0.
#13 96.62 Preparing to unpack .../235-libboost-python1.83.0_1.83.0-2.1ubuntu3.2_amd64.deb ...
#13 96.64 Unpacking libboost-python1.83.0 (1.83.0-2.1ubuntu3.2) ...
#13 96.76 Selecting previously unselected package mpi-default-bin.
#13 96.77 Preparing to unpack .../236-mpi-default-bin_1.15build1_amd64.deb ...
#13 96.79 Unpacking mpi-default-bin (1.15build1) ...
#13 96.95 Selecting previously unselected package libboost-mpi-python1.83.0.
#13 96.96 Preparing to unpack .../237-libboost-mpi-python1.83.0_1.83.0-2.1ubuntu3.2_amd64.deb ...
#13 96.98 Unpacking libboost-mpi-python1.83.0 (1.83.0-2.1ubuntu3.2) ...
#13 97.10 Selecting previously unselected package libboost-mpi-python1.83-dev.
#13 97.11 Preparing to unpack .../238-libboost-mpi-python1.83-dev_1.83.0-2.1ubuntu3.2_amd64.deb ...
#13 97.13 Unpacking libboost-mpi-python1.83-dev (1.83.0-2.1ubuntu3.2) ...
#13 97.25 Selecting previously unselected package libboost-mpi-python-dev.
#13 97.26 Preparing to unpack .../239-libboost-mpi-python-dev_1.83.0.1ubuntu2_amd64.deb ...
#13 97.28 Unpacking libboost-mpi-python-dev (1.83.0.1ubuntu2) ...
#13 97.42 Selecting previously unselected package libboost-numpy1.83.0.
#13 97.43 Preparing to unpack .../240-libboost-numpy1.83.0_1.83.0-2.1ubuntu3.2_amd64.deb ...
#13 97.46 Unpacking libboost-numpy1.83.0 (1.83.0-2.1ubuntu3.2) ...
#13 97.58 Selecting previously unselected package libboost-numpy1.83-dev.
#13 97.58 Preparing to unpack .../241-libboost-numpy1.83-dev_1.83.0-2.1ubuntu3.2_amd64.deb ...
#13 97.61 Unpacking libboost-numpy1.83-dev (1.83.0-2.1ubuntu3.2) ...
#13 97.73 Selecting previously unselected package libboost-numpy-dev.
#13 97.74 Preparing to unpack .../242-libboost-numpy-dev_1.83.0.1ubuntu2_amd64.deb ...
#13 97.76 Unpacking libboost-numpy-dev (1.83.0.1ubuntu2) ...
#13 97.92 Selecting previously unselected package libboost-program-options1.83.0:amd64.
#13 97.93 Preparing to unpack .../243-libboost-program-options1.83.0_1.83.0-2.1ubuntu3.2_amd64.deb ...
#13 97.95 Unpacking libboost-program-options1.83.0:amd64 (1.83.0-2.1ubuntu3.2) ...
#13 98.12 Selecting previously unselected package libboost-program-options1.83-dev:amd64.
#13 98.12 Preparing to unpack .../244-libboost-program-options1.83-dev_1.83.0-2.1ubuntu3.2_amd64.deb ...
#13 98.15 Unpacking libboost-program-options1.83-dev:amd64 (1.83.0-2.1ubuntu3.2) ...
#13 98.28 Selecting previously unselected package libboost-program-options-dev:amd64.
#13 98.29 Preparing to unpack .../245-libboost-program-options-dev_1.83.0.1ubuntu2_amd64.deb ...
#13 98.31 Unpacking libboost-program-options-dev:amd64 (1.83.0.1ubuntu2) ...
#13 98.45 Selecting previously unselected package libpython3.12t64:amd64.
#13 98.46 Preparing to unpack .../246-libpython3.12t64_3.12.3-1ubuntu0.16_amd64.deb ...
#13 98.48 Unpacking libpython3.12t64:amd64 (3.12.3-1ubuntu0.16) ...
#13 98.66 Selecting previously unselected package libexpat1-dev:amd64.
#13 98.66 Preparing to unpack .../247-libexpat1-dev_2.6.1-2ubuntu0.4_amd64.deb ...
#13 98.68 Unpacking libexpat1-dev:amd64 (2.6.1-2ubuntu0.4) ...
#13 98.81 Selecting previously unselected package libpython3.12-dev:amd64.
#13 98.81 Preparing to unpack .../248-libpython3.12-dev_3.12.3-1ubuntu0.16_amd64.deb ...
#13 98.83 Unpacking libpython3.12-dev:amd64 (3.12.3-1ubuntu0.16) ...
#13 99.25 Selecting previously unselected package libpython3-dev:amd64.
#13 99.26 Preparing to unpack .../249-libpython3-dev_3.12.3-0ubuntu2.1_amd64.deb ...
#13 99.28 Unpacking libpython3-dev:amd64 (3.12.3-0ubuntu2.1) ...
#13 99.40 Selecting previously unselected package python3.12-dev.
#13 99.41 Preparing to unpack .../250-python3.12-dev_3.12.3-1ubuntu0.16_amd64.deb ...
#13 99.43 Unpacking python3.12-dev (3.12.3-1ubuntu0.16) ...
#13 99.59 Selecting previously unselected package libjs-underscore.
#13 99.60 Preparing to unpack .../251-libjs-underscore_1.13.4~dfsg+~1.11.4-3_all.deb ...
#13 99.62 Unpacking libjs-underscore (1.13.4~dfsg+~1.11.4-3) ...
#13 99.74 Selecting previously unselected package libjs-sphinxdoc.
#13 99.75 Preparing to unpack .../252-libjs-sphinxdoc_7.2.6-6_all.deb ...
#13 99.77 Unpacking libjs-sphinxdoc (7.2.6-6) ...
#13 99.88 Selecting previously unselected package python3-dev.
#13 99.89 Preparing to unpack .../253-python3-dev_3.12.3-0ubuntu2.1_amd64.deb ...
#13 99.91 Unpacking python3-dev (3.12.3-0ubuntu2.1) ...
#13 100.0 Selecting previously unselected package libboost-python1.83-dev.
#13 100.0 Preparing to unpack .../254-libboost-python1.83-dev_1.83.0-2.1ubuntu3.2_amd64.deb ...
#13 100.0 Unpacking libboost-python1.83-dev (1.83.0-2.1ubuntu3.2) ...
#13 100.2 Selecting previously unselected package libboost-python-dev.
#13 100.2 Preparing to unpack .../255-libboost-python-dev_1.83.0.1ubuntu2_amd64.deb ...
#13 100.2 Unpacking libboost-python-dev (1.83.0.1ubuntu2) ...
#13 100.3 Selecting previously unselected package libboost-random1.83.0:amd64.
#13 100.3 Preparing to unpack .../256-libboost-random1.83.0_1.83.0-2.1ubuntu3.2_amd64.deb ...
#13 100.4 Unpacking libboost-random1.83.0:amd64 (1.83.0-2.1ubuntu3.2) ...
#13 100.5 Selecting previously unselected package libboost-random1.83-dev:amd64.
#13 100.5 Preparing to unpack .../257-libboost-random1.83-dev_1.83.0-2.1ubuntu3.2_amd64.deb ...
#13 100.5 Unpacking libboost-random1.83-dev:amd64 (1.83.0-2.1ubuntu3.2) ...
#13 100.7 Selecting previously unselected package libboost-random-dev:amd64.
#13 100.7 Preparing to unpack .../258-libboost-random-dev_1.83.0.1ubuntu2_amd64.deb ...
#13 100.7 Unpacking libboost-random-dev:amd64 (1.83.0.1ubuntu2) ...
#13 100.9 Selecting previously unselected package libboost-regex-dev:amd64.
#13 100.9 Preparing to unpack .../259-libboost-regex-dev_1.83.0.1ubuntu2_amd64.deb ...
#13 100.9 Unpacking libboost-regex-dev:amd64 (1.83.0.1ubuntu2) ...
#13 101.0 Selecting previously unselected package libboost-serialization-dev:amd64.
#13 101.0 Preparing to unpack .../260-libboost-serialization-dev_1.83.0.1ubuntu2_amd64.deb ...
#13 101.0 Unpacking libboost-serialization-dev:amd64 (1.83.0.1ubuntu2) ...
#13 101.2 Selecting previously unselected package libboost-stacktrace1.83.0:amd64.
#13 101.2 Preparing to unpack .../261-libboost-stacktrace1.83.0_1.83.0-2.1ubuntu3.2_amd64.deb ...
#13 101.2 Unpacking libboost-stacktrace1.83.0:amd64 (1.83.0-2.1ubuntu3.2) ...
#13 101.3 Selecting previously unselected package libboost-stacktrace1.83-dev:amd64.
#13 101.3 Preparing to unpack .../262-libboost-stacktrace1.83-dev_1.83.0-2.1ubuntu3.2_amd64.deb ...
#13 101.3 Unpacking libboost-stacktrace1.83-dev:amd64 (1.83.0-2.1ubuntu3.2) ...
#13 101.5 Selecting previously unselected package libboost-stacktrace-dev:amd64.
#13 101.5 Preparing to unpack .../263-libboost-stacktrace-dev_1.83.0.1ubuntu2_amd64.deb ...
#13 101.5 Unpacking libboost-stacktrace-dev:amd64 (1.83.0.1ubuntu2) ...
#13 101.6 Selecting previously unselected package libboost-system-dev:amd64.
#13 101.6 Preparing to unpack .../264-libboost-system-dev_1.83.0.1ubuntu2_amd64.deb ...
#13 101.7 Unpacking libboost-system-dev:amd64 (1.83.0.1ubuntu2) ...
#13 101.8 Selecting previously unselected package libboost-test-dev:amd64.
#13 101.8 Preparing to unpack .../265-libboost-test-dev_1.83.0.1ubuntu2_amd64.deb ...
#13 101.8 Unpacking libboost-test-dev:amd64 (1.83.0.1ubuntu2) ...
#13 101.9 Selecting previously unselected package libboost-thread-dev:amd64.
#13 101.9 Preparing to unpack .../266-libboost-thread-dev_1.83.0.1ubuntu2_amd64.deb ...
#13 101.9 Unpacking libboost-thread-dev:amd64 (1.83.0.1ubuntu2) ...
#13 102.1 Selecting previously unselected package libboost-timer1.83.0:amd64.
#13 102.1 Preparing to unpack .../267-libboost-timer1.83.0_1.83.0-2.1ubuntu3.2_amd64.deb ...
#13 102.1 Unpacking libboost-timer1.83.0:amd64 (1.83.0-2.1ubuntu3.2) ...
#13 102.2 Selecting previously unselected package libboost-timer1.83-dev:amd64.
#13 102.2 Preparing to unpack .../268-libboost-timer1.83-dev_1.83.0-2.1ubuntu3.2_amd64.deb ...
#13 102.3 Unpacking libboost-timer1.83-dev:amd64 (1.83.0-2.1ubuntu3.2) ...
#13 102.4 Selecting previously unselected package libboost-timer-dev:amd64.
#13 102.4 Preparing to unpack .../269-libboost-timer-dev_1.83.0.1ubuntu2_amd64.deb ...
#13 102.4 Unpacking libboost-timer-dev:amd64 (1.83.0.1ubuntu2) ...
#13 102.6 Selecting previously unselected package libboost-type-erasure1.83.0:amd64.
#13 102.6 Preparing to unpack .../270-libboost-type-erasure1.83.0_1.83.0-2.1ubuntu3.2_amd64.deb ...
#13 102.6 Unpacking libboost-type-erasure1.83.0:amd64 (1.83.0-2.1ubuntu3.2) ...
#13 102.7 Selecting previously unselected package libboost-type-erasure1.83-dev:amd64.
#13 102.7 Preparing to unpack .../271-libboost-type-erasure1.83-dev_1.83.0-2.1ubuntu3.2_amd64.deb ...
#13 102.7 Unpacking libboost-type-erasure1.83-dev:amd64 (1.83.0-2.1ubuntu3.2) ...
#13 102.9 Selecting previously unselected package libboost-type-erasure-dev:amd64.
#13 102.9 Preparing to unpack .../272-libboost-type-erasure-dev_1.83.0.1ubuntu2_amd64.deb ...
#13 102.9 Unpacking libboost-type-erasure-dev:amd64 (1.83.0.1ubuntu2) ...
#13 103.0 Selecting previously unselected package libboost-url1.83.0:amd64.
#13 103.0 Preparing to unpack .../273-libboost-url1.83.0_1.83.0-2.1ubuntu3.2_amd64.deb ...
#13 103.1 Unpacking libboost-url1.83.0:amd64 (1.83.0-2.1ubuntu3.2) ...
#13 103.2 Selecting previously unselected package libboost-url1.83-dev:amd64.
#13 103.2 Preparing to unpack .../274-libboost-url1.83-dev_1.83.0-2.1ubuntu3.2_amd64.deb ...
#13 103.2 Unpacking libboost-url1.83-dev:amd64 (1.83.0-2.1ubuntu3.2) ...
#13 103.4 Selecting previously unselected package libboost-url-dev:amd64.
#13 103.4 Preparing to unpack .../275-libboost-url-dev_1.83.0.1ubuntu2_amd64.deb ...
#13 103.4 Unpacking libboost-url-dev:amd64 (1.83.0.1ubuntu2) ...
#13 103.5 Selecting previously unselected package libboost-wave1.83.0:amd64.
#13 103.5 Preparing to unpack .../276-libboost-wave1.83.0_1.83.0-2.1ubuntu3.2_amd64.deb ...
#13 103.5 Unpacking libboost-wave1.83.0:amd64 (1.83.0-2.1ubuntu3.2) ...
#13 103.7 Selecting previously unselected package libboost-wave1.83-dev:amd64.
#13 103.7 Preparing to unpack .../277-libboost-wave1.83-dev_1.83.0-2.1ubuntu3.2_amd64.deb ...
#13 103.7 Unpacking libboost-wave1.83-dev:amd64 (1.83.0-2.1ubuntu3.2) ...
#13 103.9 Selecting previously unselected package libboost-wave-dev:amd64.
#13 103.9 Preparing to unpack .../278-libboost-wave-dev_1.83.0.1ubuntu2_amd64.deb ...
#13 103.9 Unpacking libboost-wave-dev:amd64 (1.83.0.1ubuntu2) ...
#13 104.0 Selecting previously unselected package libboost-nowide1.83.0.
#13 104.0 Preparing to unpack .../279-libboost-nowide1.83.0_1.83.0-2.1ubuntu3.2_amd64.deb ...
#13 104.1 Unpacking libboost-nowide1.83.0 (1.83.0-2.1ubuntu3.2) ...
#13 105.6 Selecting previously unselected package libboost-nowide1.83-dev.
#13 105.6 Preparing to unpack .../280-libboost-nowide1.83-dev_1.83.0-2.1ubuntu3.2_amd64.deb ...
#13 105.6 Unpacking libboost-nowide1.83-dev (1.83.0-2.1ubuntu3.2) ...
#13 105.7 Selecting previously unselected package libboost-nowide-dev.
#13 105.7 Preparing to unpack .../281-libboost-nowide-dev_1.83.0.1ubuntu2_amd64.deb ...
#13 105.7 Unpacking libboost-nowide-dev (1.83.0.1ubuntu2) ...
#13 105.9 Selecting previously unselected package libboost-all-dev.
#13 105.9 Preparing to unpack .../282-libboost-all-dev_1.83.0.1ubuntu2_amd64.deb ...
#13 105.9 Unpacking libboost-all-dev (1.83.0.1ubuntu2) ...
#13 106.0 Selecting previously unselected package libbz2-dev:amd64.
#13 106.0 Preparing to unpack .../283-libbz2-dev_1.0.8-5.1ubuntu0.1_amd64.deb ...
#13 106.0 Unpacking libbz2-dev:amd64 (1.0.8-5.1ubuntu0.1) ...
#13 106.2 Selecting previously unselected package libmysql++3t64:amd64.
#13 106.2 Preparing to unpack .../284-libmysql++3t64_3.2.5-2.3_amd64.deb ...
#13 106.2 Unpacking libmysql++3t64:amd64 (3.2.5-2.3) ...
#13 106.3 Selecting previously unselected package libmysql++-dev:amd64.
#13 106.3 Preparing to unpack .../285-libmysql++-dev_3.2.5-2.3_amd64.deb ...
#13 106.3 Unpacking libmysql++-dev:amd64 (3.2.5-2.3) ...
#13 106.5 Selecting previously unselected package libncurses-dev:amd64.
#13 106.5 Preparing to unpack .../286-libncurses-dev_6.4+20240113-1ubuntu2.2_amd64.deb ...
#13 106.5 Unpacking libncurses-dev:amd64 (6.4+20240113-1ubuntu2.2) ...
#13 106.6 Selecting previously unselected package libreadline-dev:amd64.
#13 106.6 Preparing to unpack .../287-libreadline-dev_8.2-4build1_amd64.deb ...
#13 106.7 Unpacking libreadline-dev:amd64 (8.2-4build1) ...
#13 106.8 Selecting previously unselected package libtool.
#13 106.8 Preparing to unpack .../288-libtool_2.4.7-7build1_all.deb ...
#13 106.8 Unpacking libtool (2.4.7-7build1) ...
#13 106.9 Selecting previously unselected package lsb-base.
#13 106.9 Preparing to unpack .../289-lsb-base_11.6_all.deb ...
#13 107.0 Unpacking lsb-base (11.6) ...
#13 107.1 Selecting previously unselected package ninja-build.
#13 107.1 Preparing to unpack .../290-ninja-build_1.11.1-2_amd64.deb ...
#13 107.1 Unpacking ninja-build (1.11.1-2) ...
#13 107.3 Selecting previously unselected package unzip.
#13 107.3 Preparing to unpack .../291-unzip_6.0-28ubuntu4.1_amd64.deb ...
#13 107.3 Unpacking unzip (6.0-28ubuntu4.1) ...
#13 107.4 Selecting previously unselected package liblzma-dev:amd64.
#13 107.4 Preparing to unpack .../292-liblzma-dev_5.6.1+really5.4.5-1ubuntu0.3_amd64.deb ...
#13 107.4 Unpacking liblzma-dev:amd64 (5.6.1+really5.4.5-1ubuntu0.3) ...
#13 107.6 Setting up media-types (10.1.0) ...
#13 107.7 Setting up libboost-python1.83.0 (1.83.0-2.1ubuntu3.2) ...
#13 107.7 Setting up libboost-program-options1.83.0:amd64 (1.83.0-2.1ubuntu3.2) ...
#13 107.8 Setting up lsb-base (11.6) ...
#13 107.9 Setting up libpciaccess0:amd64 (0.17-3ubuntu0.24.04.2) ...
#13 107.9 Setting up mysql-common (5.8+1.1.0build1) ...
#13 108.1 update-alternatives: using /etc/mysql/my.cnf.fallback to provide /etc/mysql/my.cnf (my.cnf) in auto mode
#13 108.1 Setting up libmysqlclient21:amd64 (8.0.46-0ubuntu0.24.04.4) ...
#13 108.2 Setting up libxau6:amd64 (1:1.0.9-1build6) ...
#13 108.3 Setting up libboost-stacktrace1.83.0:amd64 (1.83.0-2.1ubuntu3.2) ...
#13 108.3 Setting up libkeyutils1:amd64 (1.6.3-3build1) ...
#13 108.4 Setting up lto-disabled-list (47) ...
#13 108.5 Setting up libzstd-dev:amd64 (1.5.5+dfsg2-2build1.1) ...
#13 108.5 Setting up libgdbm6t64:amd64 (1.23-5.1build1) ...
#13 108.6 Setting up libboost-nowide1.83.0 (1.83.0-2.1ubuntu3.2) ...
#13 108.7 Setting up libboost-date-time1.83.0:amd64 (1.83.0-2.1ubuntu3.2) ...
#13 108.7 Setting up libgdbm-compat4t64:amd64 (1.23-5.1build1) ...
#13 108.8 Setting up libboost-json1.83.0:amd64 (1.83.0-2.1ubuntu3.2) ...
#13 108.9 Setting up libmagic-mgc (1:5.45-3build1) ...
#13 108.9 Setting up libboost-timer1.83.0:amd64 (1.83.0-2.1ubuntu3.2) ...
#13 109.0 Setting up libcbor0.10:amd64 (0.10.2-1.2ubuntu2) ...
#13 109.1 Setting up libboost-regex1.83.0:amd64 (1.83.0-2.1ubuntu3.2) ...
#13 109.1 Setting up unzip (6.0-28ubuntu4.1) ...
#13 109.2 Setting up libbrotli1:amd64 (1.1.0-2build2) ...
#13 109.5 Setting up libsqlite3-0:amd64 (3.45.1-1ubuntu2.7) ...
#13 109.9 Setting up libboost-system1.83.0:amd64 (1.83.0-2.1ubuntu3.2) ...
#13 110.1 Setting up libuv1t64:amd64 (1.48.0-1.1build1) ...
#13 110.1 Setting up libboost-context1.83.0:amd64 (1.83.0-2.1ubuntu3.2) ...
#13 110.2 Setting up libmagic1t64:amd64 (1:5.45-3build1) ...
#13 110.4 Setting up libboost-random1.83.0:amd64 (1.83.0-2.1ubuntu3.2) ...
#13 110.5 Setting up binutils-common:amd64 (2.42-4ubuntu2.10) ...
#13 110.6 Setting up libpsl5t64:amd64 (0.21.2-1.1build1) ...
#13 110.6 Setting up libnghttp2-14:amd64 (1.59.0-1ubuntu0.4) ...
#13 110.7 Setting up linux-libc-dev:amd64 (6.8.0-139.139) ...
#13 110.8 Setting up libctf-nobfd0:amd64 (2.42-4ubuntu2.10) ...
#13 110.8 Setting up libboost-thread1.83.0:amd64 (1.83.0-2.1ubuntu3.2) ...
#13 110.9 Setting up m4 (1.4.19-4build1) ...
#13 111.0 Setting up libevent-2.1-7t64:amd64 (2.1.12-stable-9ubuntu2.1) ...
#13 111.0 Setting up file (1:5.45-3build1) ...
#13 111.1 Setting up libboost-filesystem1.83.0:amd64 (1.83.0-2.1ubuntu3.2) ...
#13 111.1 Setting up libgomp1:amd64 (14.2.0-4ubuntu2~24.04.1) ...
#13 111.2 Setting up bzip2 (1.0.8-5.1ubuntu0.1) ...
#13 111.3 Setting up libboost-url1.83.0:amd64 (1.83.0-2.1ubuntu3.2) ...
#13 111.4 Setting up libsframe1:amd64 (2.42-4ubuntu2.10) ...
#13 111.4 Setting up ninja-build (1.11.1-2) ...
#13 111.5 Setting up libelf1t64:amd64 (0.190-1.1ubuntu0.1) ...
#13 111.6 Setting up libjansson4:amd64 (2.14-2build2) ...
#13 111.6 Setting up libkrb5support0:amd64 (1.20.1-6ubuntu2.8) ...
#13 111.7 Setting up libsasl2-modules-db:amd64 (2.1.28+dfsg1-5ubuntu3.1) ...
#13 111.8 Setting up libboost-atomic1.83.0:amd64 (1.83.0-2.1ubuntu3.2) ...
#13 111.8 Setting up libboost-serialization1.83.0:amd64 (1.83.0-2.1ubuntu3.2) ...
#13 111.9 Setting up libboost-numpy1.83.0 (1.83.0-2.1ubuntu3.2) ...
#13 112.0 Setting up autotools-dev (20220109.1) ...
#13 112.0 Setting up rpcsvc-proto (1.4.2-0ubuntu7) ...
#13 112.1 Setting up gcc-13-base:amd64 (13.3.0-6ubuntu2~24.04.1) ...
#13 112.2 Setting up libmunge2:amd64 (0.5.15-4ubuntu0.1) ...
#13 112.2 Setting up libx11-data (2:1.8.7-1build1) ...
#13 112.3 Setting up make (4.3-4.1build2) ...
#13 112.4 Setting up libmpfr6:amd64 (4.2.1-1build1.1) ...
#13 112.4 Setting up libboost-chrono1.83.0t64:amd64 (1.83.0-2.1ubuntu3.2) ...
#13 112.5 Setting up librtmp1:amd64 (2.4+20151223.gitfa8646d.1-2build7) ...
#13 112.6 Setting up libboost-iostreams1.83.0:amd64 (1.83.0-2.1ubuntu3.2) ...
#13 112.6 Setting up libncurses6:amd64 (6.4+20240113-1ubuntu2.2) ...
#13 112.7 Setting up xz-utils (5.6.1+really5.4.5-1ubuntu0.3) ...
#13 112.8 update-alternatives: using /usr/bin/xz to provide /usr/bin/lzma (lzma) in auto mode
#13 112.8 update-alternatives: warning: skip creation of /usr/share/man/man1/lzma.1.gz because associated file /usr/share/man/man1/xz.1.gz (of link group lzma) doesn't exist
#13 112.8 update-alternatives: warning: skip creation of /usr/share/man/man1/unlzma.1.gz because associated file /usr/share/man/man1/unxz.1.gz (of link group lzma) doesn't exist
#13 112.8 update-alternatives: warning: skip creation of /usr/share/man/man1/lzcat.1.gz because associated file /usr/share/man/man1/xzcat.1.gz (of link group lzma) doesn't exist
#13 112.8 update-alternatives: warning: skip creation of /usr/share/man/man1/lzmore.1.gz because associated file /usr/share/man/man1/xzmore.1.gz (of link group lzma) doesn't exist
#13 112.8 update-alternatives: warning: skip creation of /usr/share/man/man1/lzless.1.gz because associated file /usr/share/man/man1/xzless.1.gz (of link group lzma) doesn't exist
#13 112.8 update-alternatives: warning: skip creation of /usr/share/man/man1/lzdiff.1.gz because associated file /usr/share/man/man1/xzdiff.1.gz (of link group lzma) doesn't exist
#13 112.8 update-alternatives: warning: skip creation of /usr/share/man/man1/lzcmp.1.gz because associated file /usr/share/man/man1/xzcmp.1.gz (of link group lzma) doesn't exist
#13 112.8 update-alternatives: warning: skip creation of /usr/share/man/man1/lzgrep.1.gz because associated file /usr/share/man/man1/xzgrep.1.gz (of link group lzma) doesn't exist
#13 112.8 update-alternatives: warning: skip creation of /usr/share/man/man1/lzegrep.1.gz because associated file /usr/share/man/man1/xzegrep.1.gz (of link group lzma) doesn't exist
#13 112.8 update-alternatives: warning: skip creation of /usr/share/man/man1/lzfgrep.1.gz because associated file /usr/share/man/man1/xzfgrep.1.gz (of link group lzma) doesn't exist
#13 112.8 Setting up perl-modules-5.38 (5.38.2-3.2ubuntu0.4) ...
#13 112.9 Setting up libquadmath0:amd64 (14.2.0-4ubuntu2~24.04.1) ...
#13 112.9 Setting up libssl-dev:amd64 (3.0.13-0ubuntu3.15) ...
#13 113.0 Setting up libboost-nowide1.83-dev (1.83.0-2.1ubuntu3.2) ...
#13 113.1 Setting up libhwloc15:amd64 (2.10.0-1build1) ...
#13 113.1 Setting up libmpc3:amd64 (1.3.1-1build1.1) ...
#13 113.2 Setting up libatomic1:amd64 (14.2.0-4ubuntu2~24.04.1) ...
#13 113.3 Setting up patch (2.7.6-7build3) ...
#13 113.3 Setting up libboost-numpy1.83-dev (1.83.0-2.1ubuntu3.2) ...
#13 113.4 Setting up libjsoncpp25:amd64 (1.9.5-6build1) ...
#13 113.5 Setting up libclang-common-18-dev:amd64 (1:18.1.3-1ubuntu1) ...
#13 113.5 Setting up libncursesw6:amd64 (6.4+20240113-1ubuntu2.2) ...
#13 113.6 Setting up libk5crypto3:amd64 (1.20.1-6ubuntu2.8) ...
#13 113.7 Setting up libgc1:amd64 (1:8.2.6-1build1) ...
#13 113.7 Setting up libltdl7:amd64 (2.4.7-7build1) ...
#13 113.8 Setting up libboost-test1.83.0:amd64 (1.83.0-2.1ubuntu3.2) ...
#13 113.9 Setting up libsasl2-2:amd64 (2.1.28+dfsg1-5ubuntu3.1) ...
#13 113.9 Setting up libgfortran5:amd64 (14.2.0-4ubuntu2~24.04.1) ...
#13 114.0 Setting up libboost-fiber1.83.0:amd64 (1.83.0-2.1ubuntu3.2) ...
#13 114.1 Setting up liblzma-dev:amd64 (5.6.1+really5.4.5-1ubuntu0.3) ...
#13 114.2 Setting up libubsan1:amd64 (14.2.0-4ubuntu2~24.04.1) ...
#13 114.3 Setting up libicu74:amd64 (74.2-1ubuntu3.1) ...
#13 114.3 Setting up libnuma1:amd64 (2.0.18-1ubuntu0.24.04.1) ...
#13 114.4 Setting up ocl-icd-libopencl1:amd64 (2.3.2-1build1) ...
#13 114.5 Setting up libhwasan0:amd64 (14.2.0-4ubuntu2~24.04.1) ...
#13 114.5 Setting up librhash0:amd64 (1.4.3-3build1) ...
#13 114.6 Setting up libcrypt-dev:amd64 (1:4.4.36-4build1) ...
#13 114.7 Setting up libasan8:amd64 (14.2.0-4ubuntu2~24.04.1) ...
#13 114.8 Setting up libnl-3-200:amd64 (3.7.0-0.3build1.1) ...
#13 114.9 Setting up libboost-graph1.83.0:amd64 (1.83.0-2.1ubuntu3.2) ...
#13 114.9 Setting up libpsm2-2 (11.2.185-2build1) ...
#13 115.0 Setting up openmpi-common (4.1.6-7ubuntu2) ...
#13 115.1 Setting up libboost-container1.83.0:amd64 (1.83.0-2.1ubuntu3.2) ...
#13 115.1 Setting up git-man (1:2.43.0-1ubuntu7.3) ...
#13 115.2 Setting up netbase (6.4) ...
#13 115.3 Setting up libboost-type-erasure1.83.0:amd64 (1.83.0-2.1ubuntu3.2) ...
#13 115.5 Setting up cmake-data (3.28.3-1build7) ...
#13 115.6 Setting up libkrb5-3:amd64 (1.20.1-6ubuntu2.8) ...
#13 115.7 Setting up libevent-core-2.1-7t64:amd64 (2.1.12-stable-9ubuntu2.1) ...
#13 115.8 Setting up libperl5.38t64:amd64 (5.38.2-3.2ubuntu0.4) ...
#13 115.8 Setting up libpsm-infinipath1 (3.3+20.604758e7-6.3build1) ...
#13 115.9 update-alternatives: using /usr/lib/libpsm1/libpsm_infinipath.so.1.16 to provide /usr/lib/x86_64-linux-gnu/libpsm_infinipath.so.1 (libpsm_infinipath.so.1) in auto mode
#13 115.9 Setting up libboost-math1.83.0:amd64 (1.83.0-2.1ubuntu3.2) ...
#13 116.0 Setting up libtsan2:amd64 (14.2.0-4ubuntu2~24.04.1) ...
#13 116.1 Setting up libjs-jquery (3.6.1+dfsg+~3.5.14-1) ...
#13 116.1 Setting up libbinutils:amd64 (2.42-4ubuntu2.10) ...
#13 116.2 Setting up libfido2-1:amd64 (1.14.0-1build3) ...
#13 116.3 Setting up libisl23:amd64 (0.26-3build1.1) ...
#13 116.3 Setting up libc-dev-bin (2.39-0ubuntu8.8) ...
#13 116.4 Setting up libbsd0:amd64 (0.12.1-1build1.1) ...
#13 116.5 Setting up libdrm-common (2.4.125-1ubuntu0.1~24.04.2) ...
#13 116.5 Setting up libhiredis1.1.0:amd64 (1.2.0-6ubuntu3) ...
#13 116.6 Setting up readline-common (8.2-4build1) ...
#13 116.6 Setting up libxml2:amd64 (2.9.14+dfsg-1.3ubuntu3.8) ...
#13 116.7 Setting up libcc1-0:amd64 (14.2.0-4ubuntu2~24.04.1) ...
#13 116.8 Setting up libldap2:amd64 (2.6.10+dfsg-0ubuntu0.24.04.1) ...
#13 116.8 Setting up libboost1.83-tools-dev (1.83.0-2.1ubuntu3.2) ...
#13 116.9 Setting up liblsan0:amd64 (14.2.0-4ubuntu2~24.04.1) ...
#13 117.0 Setting up libitm1:amd64 (14.2.0-4ubuntu2~24.04.1) ...
#13 117.1 Setting up libjs-underscore (1.13.4~dfsg+~1.11.4-3) ...
#13 117.1 Setting up libctf0:amd64 (2.42-4ubuntu2.10) ...
#13 117.2 Setting up libmysql++3t64:amd64 (3.2.5-2.3) ...
#13 117.2 Setting up libxdmcp6:amd64 (1:1.1.3-0ubuntu6) ...
#13 117.3 Setting up libboost-wave1.83.0:amd64 (1.83.0-2.1ubuntu3.2) ...
#13 117.4 Setting up libxcb1:amd64 (1.15-1ubuntu2) ...
#13 117.4 Setting up libboost-coroutine1.83.0:amd64 (1.83.0-2.1ubuntu3.2) ...
#13 117.5 Setting up cpp-13-x86-64-linux-gnu (13.3.0-6ubuntu2~24.04.1) ...
#13 117.6 Setting up libevent-pthreads-2.1-7t64:amd64 (2.1.12-stable-9ubuntu2.1) ...
#13 117.6 Setting up libboost-log1.83.0 (1.83.0-2.1ubuntu3.2) ...
#13 117.7 Setting up libedit2:amd64 (3.1-20230828-1build1) ...
#13 117.8 Setting up libevent-openssl-2.1-7t64:amd64 (2.1.12-stable-9ubuntu2.1) ...
#13 117.8 Setting up ccache (4.9.1-1) ...
#13 117.9 Updating symlinks in /usr/lib/ccache ...
#13 117.9 Setting up libboost-locale1.83.0:amd64 (1.83.0-2.1ubuntu3.2) ...
#13 118.0 Setting up libboost-tools-dev (1.83.0.1ubuntu2) ...
#13 118.0 Setting up libobjc4:amd64 (14.2.0-4ubuntu2~24.04.1) ...
#13 118.1 Setting up libboost-nowide-dev (1.83.0.1ubuntu2) ...
#13 118.2 Setting up libnl-route-3-200:amd64 (3.7.0-0.3build1.1) ...
#13 118.2 Setting up perl (5.38.2-3.2ubuntu0.4) ...
#13 118.3 Setting up libgprofng0:amd64 (2.42-4ubuntu2.10) ...
#13 118.4 Setting up libjs-jquery-ui (1.13.2+dfsg-1) ...
#13 118.5 Setting up libllvm17t64:amd64 (1:17.0.6-9ubuntu1) ...
#13 118.5 Setting up libboost-numpy-dev (1.83.0.1ubuntu2) ...
#13 118.6 Setting up libgssapi-krb5-2:amd64 (1.20.1-6ubuntu2.8) ...
#13 118.7 Setting up icu-devtools (74.2-1ubuntu3.1) ...
#13 118.7 Setting up libjs-sphinxdoc (7.2.6-6) ...
#13 118.8 Setting up libdpkg-perl (1.22.6ubuntu6.6) ...
#13 118.9 Setting up libssh-4:amd64 (0.10.6-2ubuntu0.5) ...
#13 118.9 Setting up autoconf (2.71-3) ...
#13 119.1 Setting up libevent-extra-2.1-7t64:amd64 (2.1.12-stable-9ubuntu2.1) ...
#13 119.1 Setting up libreadline8t64:amd64 (8.2-4build1) ...
#13 119.2 Setting up libdrm2:amd64 (2.4.125-1ubuntu0.1~24.04.2) ...
#13 119.2 Setting up libnl-3-dev:amd64 (3.7.0-0.3build1.1) ...
#13 119.3 Setting up libgcc-13-dev:amd64 (13.3.0-6ubuntu2~24.04.1) ...
#13 119.4 Setting up libc6-dev:amd64 (2.39-0ubuntu8.8) ...
#13 119.5 Setting up libx11-6:amd64 (2:1.8.7-1build1) ...
#13 119.5 Setting up libamd-comgr2:amd64 (6.0+git20231212.4510c28+dfsg-3build2) ...
#13 119.6 Setting up libgfortran-13-dev:amd64 (13.3.0-6ubuntu2~24.04.1) ...
#13 119.7 Setting up libarchive13t64:amd64 (3.7.2-2ubuntu0.8) ...
#13 119.7 Setting up libicu-dev:amd64 (74.2-1ubuntu3.1) ...
#13 119.8 Setting up libobjc-13-dev:amd64 (13.3.0-6ubuntu2~24.04.1) ...
#13 119.9 Setting up libstdc++-13-dev:amd64 (13.3.0-6ubuntu2~24.04.1) ...
#13 120.0 Setting up libllvm18:amd64 (1:18.1.3-1ubuntu1) ...
#13 120.0 Setting up binutils-x86-64-linux-gnu (2.42-4ubuntu2.10) ...
#13 120.1 Setting up libdrm-amdgpu1:amd64 (2.4.125-1ubuntu0.1~24.04.2) ...
#13 120.2 Setting up libbz2-dev:amd64 (1.0.8-5.1ubuntu0.1) ...
#13 120.2 Setting up cpp-x86-64-linux-gnu (4:13.2.0-7ubuntu1) ...
#13 120.3 Setting up automake (1:1.16.5-1.3ubuntu1) ...
#13 120.3 update-alternatives: using /usr/bin/automake-1.16 to provide /usr/bin/automake (automake) in auto mode
#13 120.3 update-alternatives: warning: skip creation of /usr/share/man/man1/automake.1.gz because associated file /usr/share/man/man1/automake-1.16.1.gz (of link group automake) doesn't exist
#13 120.3 update-alternatives: warning: skip creation of /usr/share/man/man1/aclocal.1.gz because associated file /usr/share/man/man1/aclocal-1.16.1.gz (of link group automake) doesn't exist
#13 120.4 Setting up libclang1-18 (1:18.1.3-1ubuntu1) ...
#13 120.4 Setting up libibverbs1:amd64 (50.0-2ubuntu0.2) ...
#13 120.8 Setting up mysql-client-core-8.0 (8.0.46-0ubuntu0.24.04.4) ...
#13 120.9 Setting up libboost1.83-dev:amd64 (1.83.0-2.1ubuntu3.2) ...
#13 120.9 Setting up libncurses-dev:amd64 (6.4+20240113-1ubuntu2.2) ...
#13 121.0 Setting up libboost-chrono1.83-dev:amd64 (1.83.0-2.1ubuntu3.2) ...
#13 121.1 Setting up libpython3.12-stdlib:amd64 (3.12.3-1ubuntu0.16) ...
#13 121.2 Setting up cpp-13 (13.3.0-6ubuntu2~24.04.1) ...
#13 121.2 Setting up libcurl4t64:amd64 (8.5.0-2ubuntu10.13) ...
#13 121.3 Setting up ibverbs-providers:amd64 (50.0-2ubuntu0.2) ...
#13 121.7 Setting up libboost-math1.83-dev:amd64 (1.83.0-2.1ubuntu3.2) ...
#13 121.8 Setting up libboost-chrono-dev:amd64 (1.83.0.1ubuntu2) ...
#13 121.9 Setting up openssh-client (1:9.6p1-3ubuntu13.19) ...
#13 122.1 Setting up gcc-13-x86-64-linux-gnu (13.3.0-6ubuntu2~24.04.1) ...
#13 122.2 Setting up libboost-math-dev:amd64 (1.83.0.1ubuntu2) ...
#13 122.2 Setting up python3.12 (3.12.3-1ubuntu0.16) ...
#13 123.6 Setting up libboost-program-options1.83-dev:amd64 (1.83.0-2.1ubuntu3.2) ...
#13 123.7 Setting up libboost-serialization1.83-dev:amd64 (1.83.0-2.1ubuntu3.2) ...
#13 123.8 Setting up libcurl3t64-gnutls:amd64 (8.5.0-2ubuntu10.13) ...
#13 123.8 Setting up libxext6:amd64 (2:1.3.4-1build2) ...
#13 123.9 Setting up libboost-test1.83-dev:amd64 (1.83.0-2.1ubuntu3.2) ...
#13 124.0 Setting up binutils (2.42-4ubuntu2.10) ...
#13 124.0 Setting up libreadline-dev:amd64 (8.2-4build1) ...
#13 124.1 Setting up gfortran-13-x86-64-linux-gnu (13.3.0-6ubuntu2~24.04.1) ...
#13 124.2 Setting up dpkg-dev (1.22.6ubuntu6.6) ...
#13 124.3 Setting up libnuma-dev:amd64 (2.0.18-1ubuntu0.24.04.1) ...
#13 124.3 Setting up libxnvctrl0:amd64 (510.47.03-0ubuntu4.24.04.1) ...
#13 124.4 Setting up libboost-test-dev:amd64 (1.83.0.1ubuntu2) ...
#13 124.5 Setting up liberror-perl (0.17029-2) ...
#13 124.5 Setting up libpython3.12t64:amd64 (3.12.3-1ubuntu0.16) ...
#13 124.6 Setting up libnl-route-3-dev:amd64 (3.7.0-0.3build1.1) ...
#13 124.7 Setting up libltdl-dev:amd64 (2.4.7-7build1) ...
#13 124.7 Setting up libboost-timer1.83-dev:amd64 (1.83.0-2.1ubuntu3.2) ...
#13 124.8 Setting up libexpat1-dev:amd64 (2.6.1-2ubuntu0.4) ...
#13 124.9 Setting up libboost-program-options-dev:amd64 (1.83.0.1ubuntu2) ...
#13 124.9 Setting up libboost-container1.83-dev:amd64 (1.83.0-2.1ubuntu3.2) ...
#13 125.0 Setting up libboost-date-time1.83-dev:amd64 (1.83.0-2.1ubuntu3.2) ...
#13 125.1 Setting up libevent-dev (2.1.12-stable-9ubuntu2.1) ...
#13 125.1 Setting up gcc-13 (13.3.0-6ubuntu2~24.04.1) ...
#13 125.2 Setting up libboost-stacktrace1.83-dev:amd64 (1.83.0-2.1ubuntu3.2) ...
#13 125.3 Setting up libboost-regex1.83-dev:amd64 (1.83.0-2.1ubuntu3.2) ...
#13 125.3 Setting up libboost-serialization-dev:amd64 (1.83.0.1ubuntu2) ...
#13 125.4 Setting up git (1:2.43.0-1ubuntu7.3) ...
#13 125.5 Setting up libboost-date-time-dev:amd64 (1.83.0.1ubuntu2) ...
#13 125.6 Setting up libboost-atomic1.83-dev:amd64 (1.83.0-2.1ubuntu3.2) ...
#13 125.8 Setting up llvm-18-linker-tools (1:18.1.3-1ubuntu1) ...
#13 125.8 Setting up zlib1g-dev:amd64 (1:1.3.dfsg-3.1ubuntu2.2) ...
#13 125.9 Setting up libboost-atomic-dev:amd64 (1.83.0.1ubuntu2) ...
#13 126.0 Setting up libboost-exception1.83-dev:amd64 (1.83.0-2.1ubuntu3.2) ...
#13 126.0 Setting up cpp (4:13.2.0-7ubuntu1) ...
#13 126.1 Setting up libboost-stacktrace-dev:amd64 (1.83.0.1ubuntu2) ...
#13 126.2 Setting up cmake (3.28.3-1build7) ...
#13 126.3 Setting up mysql-client-8.0 (8.0.46-0ubuntu0.24.04.4) ...
#13 126.3 Setting up librdmacm1t64:amd64 (50.0-2ubuntu0.2) ...
#13 126.4 Setting up libhwloc-dev:amd64 (2.10.0-1build1) ...
#13 126.5 Setting up libboost-dev:amd64 (1.83.0.1ubuntu2) ...
#13 126.5 Setting up curl (8.5.0-2ubuntu10.13) ...
#13 126.6 Setting up libboost-system1.83-dev:amd64 (1.83.0-2.1ubuntu3.2) ...
#13 126.7 Setting up libboost-regex-dev:amd64 (1.83.0.1ubuntu2) ...
#13 126.7 Setting up libclang-cpp18 (1:18.1.3-1ubuntu1) ...
#13 126.8 Setting up libboost-timer-dev:amd64 (1.83.0.1ubuntu2) ...
#13 126.9 Setting up libhsakmt1:amd64 (5.7.0-1build1) ...
#13 126.9 Setting up libmysqlclient-dev (8.0.46-0ubuntu0.24.04.4) ...
#13 127.0 Setting up libpython3-stdlib:amd64 (3.12.3-0ubuntu2.1) ...
#13 127.1 Setting up default-mysql-client (1.1.0build1) ...
#13 127.1 Setting up default-libmysqlclient-dev:amd64 (1.1.0build1) ...
#13 127.2 Setting up libboost-thread1.83-dev:amd64 (1.83.0-2.1ubuntu3.2) ...
#13 127.3 Setting up libfabric1:amd64 (1.17.0-3build2) ...
#13 127.3 Setting up libboost-json1.83-dev:amd64 (1.83.0-2.1ubuntu3.2) ...
#13 127.4 Setting up libboost-locale1.83-dev:amd64 (1.83.0-2.1ubuntu3.2) ...
#13 127.5 Setting up g++-13-x86-64-linux-gnu (13.3.0-6ubuntu2~24.04.1) ...
#13 127.6 Setting up gcc-x86-64-linux-gnu (4:13.2.0-7ubuntu1) ...
#13 127.6 Setting up libtool (2.4.7-7build1) ...
#13 127.7 Setting up libboost-iostreams1.83-dev:amd64 (1.83.0-2.1ubuntu3.2) ...
#13 127.7 Setting up libboost-system-dev:amd64 (1.83.0.1ubuntu2) ...
#13 127.8 Setting up libboost-type-erasure1.83-dev:amd64 (1.83.0-2.1ubuntu3.2) ...
#13 127.9 Setting up libboost-url1.83-dev:amd64 (1.83.0-2.1ubuntu3.2) ...
#13 128.0 Setting up libboost-locale-dev:amd64 (1.83.0.1ubuntu2) ...
#13 128.0 Setting up clang-18 (1:18.1.3-1ubuntu1) ...
#13 128.1 Setting up python3 (3.12.3-0ubuntu2.1) ...
#13 128.3 Setting up libpython3.12-dev:amd64 (3.12.3-1ubuntu0.16) ...
#13 128.3 Setting up libboost-filesystem1.83-dev:amd64 (1.83.0-2.1ubuntu3.2) ...
#13 128.4 Setting up libboost-exception-dev:amd64 (1.83.0.1ubuntu2) ...
#13 128.5 Setting up libboost-iostreams-dev:amd64 (1.83.0.1ubuntu2) ...
#13 128.6 Setting up libibverbs-dev:amd64 (50.0-2ubuntu0.2) ...
#13 128.6 Setting up libhwloc-plugins:amd64 (2.10.0-1build1) ...
#13 128.7 Setting up libboost-graph1.83-dev:amd64 (1.83.0-2.1ubuntu3.2) ...
#13 128.8 Setting up libboost-container-dev:amd64 (1.83.0.1ubuntu2) ...
#13 128.8 Setting up gcc (4:13.2.0-7ubuntu1) ...
#13 128.9 Setting up libboost-type-erasure-dev:amd64 (1.83.0.1ubuntu2) ...
#13 129.0 Setting up libmysql++-dev:amd64 (3.2.5-2.3) ...
#13 129.1 Setting up libboost-context1.83-dev:amd64 (1.83.0-2.1ubuntu3.2) ...
#13 129.1 Setting up libboost-coroutine1.83-dev:amd64 (1.83.0-2.1ubuntu3.2) ...
#13 129.2 Setting up libboost-fiber1.83-dev:amd64 (1.83.0-2.1ubuntu3.2) ...
#13 129.3 Setting up gfortran-13 (13.3.0-6ubuntu2~24.04.1) ...
#13 129.4 Setting up clang (1:18.0-59~exp2) ...
#13 129.5 Setting up python3.12-dev (3.12.3-1ubuntu0.16) ...
#13 129.5 Setting up libboost-random1.83-dev:amd64 (1.83.0-2.1ubuntu3.2) ...
#13 129.6 Setting up libpmix2t64:amd64 (5.0.1-4.1build1) ...
#13 129.7 Setting up libhsa-runtime64-1 (5.7.1-2build1) ...
#13 129.7 Setting up g++-x86-64-linux-gnu (4:13.2.0-7ubuntu1) ...
#13 129.8 Setting up libboost-url-dev:amd64 (1.83.0.1ubuntu2) ...
#13 129.9 Setting up libboost-coroutine-dev:amd64 (1.83.0.1ubuntu2) ...
#13 129.9 Setting up libboost-log1.83-dev (1.83.0-2.1ubuntu3.2) ...
#13 130.0 Setting up libboost-json-dev:amd64 (1.83.0.1ubuntu2) ...
#13 130.1 Setting up libboost-log-dev (1.83.0.1ubuntu2) ...
#13 130.1 Setting up libboost-filesystem-dev:amd64 (1.83.0.1ubuntu2) ...
#13 130.2 Setting up libpmix-dev:amd64 (5.0.1-4.1build1) ...
#13 130.3 Setting up libboost-thread-dev:amd64 (1.83.0.1ubuntu2) ...
#13 130.3 Setting up libboost-fiber-dev:amd64 (1.83.0.1ubuntu2) ...
#13 130.4 Setting up g++-13 (13.3.0-6ubuntu2~24.04.1) ...
#13 130.4 Setting up libboost-graph-dev:amd64 (1.83.0.1ubuntu2) ...
#13 130.5 Setting up libpython3-dev:amd64 (3.12.3-0ubuntu2.1) ...
#13 130.6 Setting up libboost-wave1.83-dev:amd64 (1.83.0-2.1ubuntu3.2) ...
#13 130.7 Setting up libboost-random-dev:amd64 (1.83.0.1ubuntu2) ...
#13 130.8 Setting up libboost-wave-dev:amd64 (1.83.0.1ubuntu2) ...
#13 131.0 Setting up libboost-context-dev:amd64 (1.83.0.1ubuntu2) ...
#13 131.0 Setting up libamdhip64-5 (5.7.1-3) ...
#13 131.1 Setting up python3-dev (3.12.3-0ubuntu2.1) ...
#13 131.2 Setting up libboost-python1.83-dev (1.83.0-2.1ubuntu3.2) ...
#13 131.2 Setting up g++ (4:13.2.0-7ubuntu1) ...
#13 131.3 update-alternatives: using /usr/bin/g++ to provide /usr/bin/c++ (c++) in auto mode
#13 131.3 update-alternatives: warning: skip creation of /usr/share/man/man1/c++.1.gz because associated file /usr/share/man/man1/g++.1.gz (of link group c++) doesn't exist
#13 131.3 Setting up build-essential (12.10ubuntu1) ...
#13 131.4 Setting up libucx0:amd64 (1.16.0+ds-5ubuntu1) ...
#13 131.4 Setting up libboost-python-dev (1.83.0.1ubuntu2) ...
#13 131.5 Setting up libopenmpi3t64:amd64 (4.1.6-7ubuntu2) ...
#13 131.6 Setting up libboost-mpi1.83.0 (1.83.0-2.1ubuntu3.2) ...
#13 131.7 Setting up openmpi-bin (4.1.6-7ubuntu2) ...
#13 131.8 update-alternatives: using /usr/bin/mpirun.openmpi to provide /usr/bin/mpirun (mpirun) in auto mode
#13 131.8 update-alternatives: warning: skip creation of /usr/share/man/man1/mpirun.1.gz because associated file /usr/share/man/man1/mpirun.openmpi.1.gz (of link group mpirun) doesn't exist
#13 131.8 update-alternatives: warning: skip creation of /usr/share/man/man1/mpiexec.1.gz because associated file /usr/share/man/man1/mpiexec.openmpi.1.gz (of link group mpirun) doesn't exist
#13 131.8 update-alternatives: using /usr/bin/mpicc.openmpi to provide /usr/bin/mpicc (mpi) in auto mode
#13 131.8 update-alternatives: warning: skip creation of /usr/share/man/man1/mpicc.1.gz because associated file /usr/share/man/man1/mpicc.openmpi.1.gz (of link group mpi) doesn't exist
#13 131.8 update-alternatives: warning: skip creation of /usr/share/man/man1/mpic++.1.gz because associated file /usr/share/man/man1/mpic++.openmpi.1.gz (of link group mpi) doesn't exist
#13 131.8 update-alternatives: warning: skip creation of /usr/share/man/man1/mpicxx.1.gz because associated file /usr/share/man/man1/mpicxx.openmpi.1.gz (of link group mpi) doesn't exist
#13 131.8 update-alternatives: warning: skip creation of /usr/share/man/man1/mpiCC.1.gz because associated file /usr/share/man/man1/mpiCC.openmpi.1.gz (of link group mpi) doesn't exist
#13 131.8 update-alternatives: warning: skip creation of /usr/share/man/man1/mpif77.1.gz because associated file /usr/share/man/man1/mpif77.openmpi.1.gz (of link group mpi) doesn't exist
#13 131.8 update-alternatives: warning: skip creation of /usr/share/man/man1/mpif90.1.gz because associated file /usr/share/man/man1/mpif90.openmpi.1.gz (of link group mpi) doesn't exist
#13 131.8 update-alternatives: warning: skip creation of /usr/share/man/man1/mpifort.1.gz because associated file /usr/share/man/man1/mpifort.openmpi.1.gz (of link group mpi) doesn't exist
#13 131.8 Setting up libboost-graph-parallel1.83.0 (1.83.0-2.1ubuntu3.2) ...
#13 131.9 Setting up mpi-default-bin (1.15build1) ...
#13 131.9 Setting up libopenmpi-dev:amd64 (4.1.6-7ubuntu2) ...
#13 132.0 update-alternatives: using /usr/lib/x86_64-linux-gnu/openmpi/include to provide /usr/include/x86_64-linux-gnu/mpi (mpi-x86_64-linux-gnu) in auto mode
#13 132.0 Setting up libboost-graph-parallel1.83-dev (1.83.0-2.1ubuntu3.2) ...
#13 132.1 Setting up libboost-mpi-python1.83.0 (1.83.0-2.1ubuntu3.2) ...
#13 132.3 Setting up libboost-graph-parallel-dev (1.83.0.1ubuntu2) ...
#13 132.4 Setting up mpi-default-dev (1.15build1) ...
#13 132.4 Setting up libboost-mpi1.83-dev (1.83.0-2.1ubuntu3.2) ...
#13 132.5 Setting up libboost-mpi-dev (1.83.0.1ubuntu2) ...
#13 132.6 Setting up libboost-mpi-python1.83-dev (1.83.0-2.1ubuntu3.2) ...
#13 132.6 Setting up libboost-mpi-python-dev (1.83.0.1ubuntu2) ...
#13 132.7 Setting up libboost-all-dev (1.83.0.1ubuntu2) ...
#13 132.8 Processing triggers for libc-bin (2.39-0ubuntu8.8) ...
#13 DONE 133.3s

#19 [ac-worldserver build 2/8] COPY CMakeLists.txt /azerothcore/CMakeLists.txt
#19 DONE 0.5s

#20 [ac-worldserver build 3/8] COPY conf /azerothcore/conf
#20 DONE 0.2s

#21 [ac-worldserver build 4/8] COPY deps /azerothcore/deps
#21 DONE 0.4s

#22 [ac-authserver build 5/8] COPY src /azerothcore/src
#22 DONE 1.4s

#23 [ac-authserver build 6/8] COPY modules /azerothcore/modules
#23 DONE 3.6s

#24 [ac-authserver build 7/8] WORKDIR /azerothcore/build
#24 DONE 1.8s

#25 [ac-db-import build 8/8] RUN --mount=type=cache,target=/ccache,sharing=locked     --mount=type=bind,target=/azerothcore/.git,source=.git     git config --global --add safe.directory /azerothcore     && cmake /azerothcore        -G Ninja        -DCMAKE_INSTALL_PREFIX="/azerothcore/env/dist"         -DAPPS_BUILD="all"                                     -DTOOLS_BUILD="all"                          -DSCRIPTS="static"                                  -DMODULES="static"                                  -DWITH_WARNINGS="ON"                      -DCMAKE_BUILD_TYPE="RelWithDebInfo"                            -DCMAKE_CXX_COMPILER="clang++"                         -DCMAKE_C_COMPILER="clang"                             -DCMAKE_CXX_COMPILER_LAUNCHER="ccache"                 -DCMAKE_C_COMPILER_LAUNCHER="ccache"                   -DBoost_USE_STATIC_LIBS="ON"                        && cmake --build . --config "RelWithDebInfo" -j $(($(nproc) + 1))     && cmake --install . --config "RelWithDebInfo"
#25 2.161 -- CMake version: 3.28.3
#25 2.308 -- The CXX compiler identification is Clang 18.1.3
#25 2.405 -- The C compiler identification is Clang 18.1.3
#25 2.451 -- Detecting CXX compiler ABI info
#25 2.636 -- Detecting CXX compiler ABI info - done
#25 2.648 -- Check for working CXX compiler: /usr/bin/clang++ - skipped
#25 2.649 -- Detecting CXX compile features
#25 2.650 -- Detecting CXX compile features - done
#25 2.687 -- Detecting C compiler ABI info
#25 2.824 -- Detecting C compiler ABI info - done
#25 2.836 -- Check for working C compiler: /usr/bin/clang - skipped
#25 2.836 -- Detecting C compile features
#25 2.837 -- Detecting C compile features - done
#25 2.846 -- Running cmake hook: AFTER_LOAD_CONF
#25 2.846 -- No hooks registered for AFTER_LOAD_CONF
#25 2.846 -- Enabled С++20 standard
#25 2.846 -- Detected 64-bit platform
#25 2.846 -- Detected amd64 processor architecture
#25 2.847 -- UNIX: Using jemalloc
#25 2.847 -- UNIX: Using default configuration directory
#25 2.847 -- UNIX: Using default library directory
#25 2.847 -- UNIX: Configuring uninstall target
#25 2.847 -- UNIX: Created uninstall target
#25 2.847 -- UNIX: Detected compiler: /usr/bin/clang
#25 2.847 -- Clang: disable pch timestamp when ccache and pch enabled
#25 2.847 -- Clang: Minimum version required is 10.0.0, found 18.1.3 - ok!
#25 2.848 -- Performing Test CLANG_HAVE_PROPER_CHARCONV
#25 3.140 -- Performing Test CLANG_HAVE_PROPER_CHARCONV - Success
#25 3.140 -- Clang: All warnings enabled
#25 3.141 -- Running cmake hook: AFTER_LOAD_CMAKE_MODULES
#25 3.141 -- No hooks registered for AFTER_LOAD_CMAKE_MODULES
#25 3.142 -- Using mysql-config: /usr/bin/mysql_config
#25 3.172 -- Found MySQL:    
#25 3.181 -- Found MySQL version: 8.0.46
#25 3.182 -- Found git binary : /usr/bin/git
#25 3.875 
#25 3.875 * AzerothCore revision            : 413bea61a85e+ 2026-09-04 09:03:49 -0700 (Playerbot branch)
#25 3.875 * AzerothCore buildtype           : RelWithDebInfo
#25 3.875 
#25 3.875 * Install core to                 : /azerothcore/env/dist
#25 3.875 * Install libraries to            : /azerothcore/env/dist/lib
#25 3.875 * Install configs to              : /azerothcore/env/dist/etc
#25 3.875 
#25 3.875 * Build applications              : Yes (all)
#25 3.875 * Build tools                     : Yes (all)
#25 3.875 * Build with scripts              : Yes (static)
#25 3.875 * Build with modules              : Yes (static)
#25 3.875 * Build unit tests                : No  (default)
#25 3.875 * Build core w/PCH                : Yes (default)
#25 3.875 * Build scripts w/PCH             : Yes (default)
#25 3.875 * Show all warnings               : Yes
#25 3.875 * Use coreside debug              : No  (default)
#25 3.875 * Use unix gperftools             : No  (default)
#25 3.875 * Use GIT revision hash           : Yes (default)
#25 3.875 * Use stub for libsidecar         : Yes
#25 3.875 * Enable vmap DisableMgr checks   : Yes (default)
#25 3.876 * Show source tree                : No (For UNIX default)
#25 3.876 
#25 4.022 -- Found Boost: /usr/lib/x86_64-linux-gnu/cmake/Boost-1.83.0/BoostConfig.cmake (found suitable version "1.83.0", minimum required is "1.74") found components: filesystem program_options iostreams regex thread 
#25 4.026 -- Looking for MADV_FREE
#25 4.136 -- Looking for MADV_FREE - found
#25 4.147 -- Found OpenSSL: /usr/lib/x86_64-linux-gnu/libcrypto.so (found version "3.0.13") found components: Crypto SSL 
#25 4.149 -- Looking for C++ include filesystem
#25 5.506 -- Looking for C++ include filesystem - found
#25 5.506 -- Performing Test CXX_FILESYSTEM_NO_LINK_NEEDED
#25 6.807 -- Performing Test CXX_FILESYSTEM_NO_LINK_NEEDED - Success
#25 6.811 -- Found Threads: TRUE  
#25 6.823 -- Found ZLIB: /usr/lib/x86_64-linux-gnu/libz.so (found version "1.3")  
#25 6.831 -- Found Readline library: /usr/lib/x86_64-linux-gnu/libreadline.so
#25 6.831 -- Include dir is: /usr/include
#25 6.839 -- Found BZip2: /usr/lib/x86_64-linux-gnu/libbz2.so (found version "1.0.8") 
#25 6.840 -- Looking for BZ2_bzCompressInit
#25 6.974 -- Looking for BZ2_bzCompressInit - found
#25 7.014 -- Running cmake hook: BEFORE_SRC_LOAD
#25 7.014 -- No hooks registered for BEFORE_SRC_LOAD
#25 7.018 
#25 7.018 * Apps build list (all):
#25 7.018   |
#25 7.018   +- apps
#25 7.018   |   +- authserver
#25 7.018   |   +- worldserver
#25 7.018   |
#25 7.018 
#25 7.039 -- Running cmake hook: BEFORE_GAME_LIBRARY
#25 7.039 -- No hooks registered for BEFORE_GAME_LIBRARY
#25 7.144 -- Running cmake hook: AFTER_GAME_LIBRARY
#25 7.144 -- No hooks registered for AFTER_GAME_LIBRARY
#25 7.145 -- Running cmake hook: BEFORE_SCRIPTS_LIBRARY
#25 7.145 -- No hooks registered for BEFORE_SCRIPTS_LIBRARY
#25 7.147 * Script configuration (static):
#25 7.147   |
#25 7.147   +- worldserver
#25 7.147   |   +- Commands
#25 7.147   |   +- Custom
#25 7.147   |   +- EasternKingdoms
#25 7.147   |   +- Events
#25 7.147   |   +- Kalimdor
#25 7.147   |   +- Northrend
#25 7.147   |   +- OutdoorPvP
#25 7.147   |   +- Outland
#25 7.147   |   +- Pet
#25 7.147   |   +- Spells
#25 7.147   |   +- World
#25 7.147   |
#25 7.260 
#25 7.261 
#25 7.261 * Tools build list (all):
#25 7.261   |
#25 7.261   +- tools
#25 7.261   |   +- dbimport
#25 7.261   |   +- map_extractor
#25 7.261   |   +- mmaps_generator
#25 7.261   |   +- vmap4_assembler
#25 7.261   |   +- vmap4_extractor
#25 7.261   |
#25 7.261 
#25 7.272 * Modules configuration (static):
#25 7.272   |
#25 7.272   +- worldserver
#25 7.272   |   +- mod-playerbots
#25 7.272   |
#25 7.272 
#25 7.527 -- * Modules config list:
#25 7.527   |
#25 7.527 --   +- mod-playerbots
#25 7.527 --   |  * playerbots.conf
#25 7.527 
#25 7.527 -- Running cmake hook: AFTER_SRC_LOAD
#25 7.527 -- No hooks registered for AFTER_SRC_LOAD
#25 7.531 -- Configuring done (5.4s)
#25 8.038 -- Generating done (0.4s)
#25 8.116 -- Build files have been written to: /azerothcore/build
#25 8.311 [1/1834] Building C object deps/argon2/CMakeFiles/argon2.dir/argon2/thread.c.o
#25 8.496 [2/1834] Building C object deps/argon2/CMakeFiles/argon2.dir/argon2/argon2.c.o
#25 8.496 [3/1834] Building C object deps/argon2/CMakeFiles/argon2.dir/argon2/blake2/blake2b.c.o
#25 8.511 [4/1834] Building C object deps/argon2/CMakeFiles/argon2.dir/argon2/core.c.o
#25 8.539 [5/1834] Building C object deps/argon2/CMakeFiles/argon2.dir/argon2/opt.c.o
#25 8.584 [6/1834] Building C object deps/SFMT/CMakeFiles/sfmt.dir/SFMT.c.o
#25 8.623 [7/1834] Building C object deps/argon2/CMakeFiles/argon2.dir/argon2/encoding.c.o
#25 8.676 [8/1834] Linking CXX static library deps/SFMT/libsfmt.a
#25 8.702 [9/1834] Building C object deps/jemalloc/CMakeFiles/jemalloc.dir/src/div.c.o
#25 8.722 [10/1834] Linking CXX static library deps/argon2/libargon2.a
#25 8.876 [11/1834] Building C object deps/jemalloc/CMakeFiles/jemalloc.dir/src/bitmap.c.o
#25 8.927 [12/1834] Building C object deps/jemalloc/CMakeFiles/jemalloc.dir/src/bin.c.o
#25 9.019 [13/1834] Building C object deps/jemalloc/CMakeFiles/jemalloc.dir/src/base.c.o
#25 9.068 [14/1834] Building C object deps/jemalloc/CMakeFiles/jemalloc.dir/src/hook.c.o
#25 9.133 [15/1834] Building C object deps/jemalloc/CMakeFiles/jemalloc.dir/src/ckh.c.o
#25 9.145 [16/1834] Building C object deps/jemalloc/CMakeFiles/jemalloc.dir/src/background_thread.c.o
#25 9.187 [17/1834] Building C object deps/jemalloc/CMakeFiles/jemalloc.dir/src/extent_mmap.c.o
#25 9.227 [18/1834] Building C object deps/jemalloc/CMakeFiles/jemalloc.dir/src/hash.c.o
#25 9.297 [19/1834] Building C object deps/jemalloc/CMakeFiles/jemalloc.dir/src/extent_dss.c.o
#25 9.594 [20/1834] Building C object deps/jemalloc/CMakeFiles/jemalloc.dir/src/log.c.o
#25 9.734 [21/1834] Building C object deps/jemalloc/CMakeFiles/jemalloc.dir/src/mutex_pool.c.o
#25 9.753 [22/1834] Building C object deps/jemalloc/CMakeFiles/jemalloc.dir/src/arena.c.o
#25 9.778 [23/1834] Building C object deps/jemalloc/CMakeFiles/jemalloc.dir/src/nstime.c.o
#25 9.882 [24/1834] Building C object deps/jemalloc/CMakeFiles/jemalloc.dir/src/pages.c.o
#25 9.913 [25/1834] Building C object deps/jemalloc/CMakeFiles/jemalloc.dir/src/prng.c.o
#25 9.969 [26/1834] Building C object deps/jemalloc/CMakeFiles/jemalloc.dir/src/malloc_io.c.o
#25 9.971 [27/1834] Building C object deps/jemalloc/CMakeFiles/jemalloc.dir/src/large.c.o
#25 10.02 [28/1834] Building C object deps/jemalloc/CMakeFiles/jemalloc.dir/src/mutex.c.o
#25 10.09 [29/1834] Building CXX object deps/jemalloc/CMakeFiles/jemalloc.dir/src/jemalloc_cpp.cpp.o
#25 10.11 [30/1834] Building C object deps/jemalloc/CMakeFiles/jemalloc.dir/src/ctl.c.o
#25 10.13 [31/1834] Building C object deps/jemalloc/CMakeFiles/jemalloc.dir/src/sc.c.o
#25 10.15 [32/1834] Building CXX object deps/fmt/CMakeFiles/fmt.dir/src/os.cc.o
#25 10.16 [33/1834] Building C object deps/jemalloc/CMakeFiles/jemalloc.dir/src/sz.c.o
#25 10.19 [34/1834] Building C object deps/jemalloc/CMakeFiles/jemalloc.dir/src/test_hooks.c.o
#25 10.35 [35/1834] Building C object deps/jemalloc/CMakeFiles/jemalloc.dir/src/rtree.c.o
#25 10.41 [36/1834] Building C object deps/jemalloc/CMakeFiles/jemalloc.dir/src/safety_check.c.o
#25 10.79 [37/1834] Building C object deps/jemalloc/CMakeFiles/jemalloc.dir/src/tsd.c.o
#25 10.81 [38/1834] Building C object deps/jemalloc/CMakeFiles/jemalloc.dir/src/prof.c.o
#25 10.82 [39/1834] Building C object deps/jemalloc/CMakeFiles/jemalloc.dir/src/stats.c.o
#25 10.84 [40/1834] Building C object deps/jemalloc/CMakeFiles/jemalloc.dir/src/extent.c.o
#25 10.91 [41/1834] Building C object deps/jemalloc/CMakeFiles/jemalloc.dir/src/ticker.c.o
#25 11.00 [42/1834] Building C object deps/jemalloc/CMakeFiles/jemalloc.dir/src/tcache.c.o
#25 11.18 [43/1834] Building C object deps/jemalloc/CMakeFiles/jemalloc.dir/src/witness.c.o
#25 11.21 [44/1834] Building C object deps/jemalloc/CMakeFiles/jemalloc.dir/src/jemalloc.c.o
#25 11.53 [45/1834] Linking CXX static library deps/jemalloc/libjemalloc.a
#25 11.55 [46/1834] Building CXX object deps/g3dlite/CMakeFiles/g3dlib.dir/source/BinaryFormat.cpp.o
#25 12.21 [47/1834] Building CXX object deps/g3dlite/CMakeFiles/g3dlib.dir/source/AnyTableReader.cpp.o
#25 12.38 [48/1834] Building CXX object deps/g3dlite/CMakeFiles/g3dlib.dir/source/debugAssert.cpp.o
#25 12.43 [49/1834] Building CXX object deps/g3dlite/CMakeFiles/g3dlib.dir/source/Crypto.cpp.o
#25 12.55 [50/1834] Building CXX object deps/g3dlite/CMakeFiles/g3dlib.dir/source/AABox.cpp.o
#25 12.87 [51/1834] Building CXX object deps/g3dlite/CMakeFiles/g3dlib.dir/source/Capsule.cpp.o
#25 12.93 [52/1834] Building CXX object deps/g3dlite/CMakeFiles/g3dlib.dir/source/Cylinder.cpp.o
#25 13.18 [53/1834] Building CXX object deps/g3dlite/CMakeFiles/g3dlib.dir/source/Box.cpp.o
#25 13.19 [54/1834] Building CXX object deps/g3dlite/CMakeFiles/g3dlib.dir/source/BinaryOutput.cpp.o
#25 13.19 [55/1834] Building CXX object deps/g3dlite/CMakeFiles/g3dlib.dir/source/format.cpp.o
#25 13.29 [56/1834] Building CXX object deps/g3dlite/CMakeFiles/g3dlib.dir/source/g3dfnmatch.cpp.o
#25 13.89 [57/1834] Building CXX object deps/g3dlite/CMakeFiles/g3dlib.dir/source/CollisionDetection.cpp.o
#25 13.92 [58/1834] Building CXX object deps/g3dlite/CMakeFiles/g3dlib.dir/source/g3dmath.cpp.o
#25 14.09 [59/1834] Building CXX object deps/g3dlite/CMakeFiles/g3dlib.dir/source/CoordinateFrame.cpp.o
#25 14.14 [60/1834] Building CXX object deps/g3dlite/CMakeFiles/g3dlib.dir/source/BinaryInput.cpp.o
#25 14.32 [61/1834] Building CXX object deps/g3dlite/CMakeFiles/g3dlib.dir/source/GThread.cpp.o
#25 14.36 [62/1834] Building CXX object deps/g3dlite/CMakeFiles/g3dlib.dir/source/Line.cpp.o
#25 14.69 [63/1834] Building CXX object deps/g3dlite/CMakeFiles/g3dlib.dir/source/fileutils.cpp.o
#25 14.82 [64/1834] Building CXX object deps/g3dlite/CMakeFiles/g3dlib.dir/source/FileSystem.cpp.o
#25 15.13 [65/1834] Building CXX object deps/g3dlite/CMakeFiles/g3dlib.dir/source/Log.cpp.o
#25 15.13 [66/1834] Building CXX object deps/g3dlite/CMakeFiles/g3dlib.dir/source/prompt.cpp.o
#25 15.15 [67/1834] Building CXX object deps/g3dlite/CMakeFiles/g3dlib.dir/source/MemoryManager.cpp.o
#25 15.26 [68/1834] Building CXX object deps/g3dlite/CMakeFiles/g3dlib.dir/source/LineSegment.cpp.o
#25 15.41 [69/1834] Building CXX object deps/fmt/CMakeFiles/fmt.dir/src/format.cc.o
#25 15.45 [70/1834] Building CXX object deps/g3dlite/CMakeFiles/g3dlib.dir/source/RegistryUtil.cpp.o
#25 15.47 [71/1834] Building CXX object deps/g3dlite/CMakeFiles/g3dlib.dir/source/PhysicsFrame.cpp.o
#25 15.53 [72/1834] Linking CXX static library deps/fmt/libfmt.a
#25 15.67 [73/1834] Building CXX object deps/g3dlite/CMakeFiles/g3dlib.dir/source/Matrix4.cpp.o
#25 16.02 [74/1834] Building CXX object deps/g3dlite/CMakeFiles/g3dlib.dir/source/Plane.cpp.o
#25 16.05 [75/1834] Building CXX object deps/g3dlite/CMakeFiles/g3dlib.dir/source/Matrix3.cpp.o
#25 16.18 [76/1834] Building CXX object deps/g3dlite/CMakeFiles/g3dlib.dir/source/Random.cpp.o
#25 16.24 [77/1834] Building CXX object deps/recastnavigation/Detour/CMakeFiles/Detour.dir/Source/DetourAssert.cpp.o
#25 16.29 [78/1834] Building CXX object deps/recastnavigation/Detour/CMakeFiles/Detour.dir/Source/DetourAlloc.cpp.o
#25 16.44 [79/1834] Building CXX object deps/g3dlite/CMakeFiles/g3dlib.dir/source/Ray.cpp.o
#25 16.67 [80/1834] Building CXX object deps/g3dlite/CMakeFiles/g3dlib.dir/source/Any.cpp.o
#25 16.82 [81/1834] Building CXX object deps/g3dlite/CMakeFiles/g3dlib.dir/source/Quat.cpp.o
#25 16.87 [82/1834] Building CXX object deps/g3dlite/CMakeFiles/g3dlib.dir/source/Sphere.cpp.o
#25 16.94 [83/1834] Building CXX object deps/recastnavigation/Detour/CMakeFiles/Detour.dir/Source/DetourCommon.cpp.o
#25 17.07 [84/1834] Building CXX object deps/recastnavigation/Recast/CMakeFiles/Recast.dir/Source/RecastAlloc.cpp.o
#25 17.21 [85/1834] Building CXX object deps/recastnavigation/Recast/CMakeFiles/Recast.dir/Source/RecastAssert.cpp.o
#25 17.22 [86/1834] Building CXX object deps/g3dlite/CMakeFiles/g3dlib.dir/source/uint128.cpp.o
#25 17.34 [87/1834] Building CXX object deps/g3dlite/CMakeFiles/g3dlib.dir/source/TextOutput.cpp.o
#25 17.51 [88/1834] Building CXX object deps/recastnavigation/Detour/CMakeFiles/Detour.dir/Source/DetourNode.cpp.o
#25 17.52 [89/1834] Building CXX object deps/recastnavigation/Detour/CMakeFiles/Detour.dir/Source/DetourNavMeshBuilder.cpp.o
#25 17.52 [90/1834] Building CXX object deps/g3dlite/CMakeFiles/g3dlib.dir/source/stringutils.cpp.o
#25 17.60 [91/1834] Building CXX object deps/g3dlite/CMakeFiles/g3dlib.dir/source/Triangle.cpp.o
#25 17.65 [92/1834] Building CXX object deps/recastnavigation/Detour/CMakeFiles/Detour.dir/Source/DetourNavMesh.cpp.o
#25 17.69 [93/1834] Building CXX object deps/recastnavigation/Recast/CMakeFiles/Recast.dir/Source/Recast.cpp.o
#25 17.70 [94/1834] Building CXX object deps/g3dlite/CMakeFiles/g3dlib.dir/source/Vector2.cpp.o
#25 18.05 [95/1834] Building CXX object deps/recastnavigation/Recast/CMakeFiles/Recast.dir/Source/RecastFilter.cpp.o
#25 18.10 [96/1834] Building CXX object deps/g3dlite/CMakeFiles/g3dlib.dir/source/Vector3.cpp.o
#25 18.25 [97/1834] Building C object deps/libmpq/CMakeFiles/mpq.dir/libmpq/common.c.o
#25 18.27 [98/1834] Building CXX object deps/g3dlite/CMakeFiles/g3dlib.dir/source/UprightFrame.cpp.o
#25 18.35 [99/1834] Building CXX object deps/recastnavigation/Recast/CMakeFiles/Recast.dir/Source/RecastArea.cpp.o
#25 18.46 [100/1834] Building C object deps/libmpq/CMakeFiles/mpq.dir/libmpq/extract.c.o
#25 18.49 [101/1834] Building CXX object deps/recastnavigation/Recast/CMakeFiles/Recast.dir/Source/RecastLayers.cpp.o
#25 18.54 [102/1834] Building CXX object deps/recastnavigation/Recast/CMakeFiles/Recast.dir/Source/RecastRasterization.cpp.o
#25 18.55 [103/1834] Building C object deps/libmpq/CMakeFiles/mpq.dir/libmpq/explode.c.o
#25 18.56 [104/1834] Building CXX object deps/g3dlite/CMakeFiles/g3dlib.dir/source/System.cpp.o
#25 18.64 [105/1834] Building C object deps/libsidecar/CMakeFiles/libsidecar.dir/stub/battleground-api.c.o
#25 18.64 [106/1834] Building C object deps/libsidecar/CMakeFiles/libsidecar.dir/stub/events-guild.c.o
#25 18.65 [107/1834] Building C object deps/libmpq/CMakeFiles/mpq.dir/libmpq/huffman.c.o
#25 18.66 [108/1834] Building C object deps/libmpq/CMakeFiles/mpq.dir/libmpq/wave.c.o
#25 18.71 [109/1834] Building C object deps/libsidecar/CMakeFiles/libsidecar.dir/stub/events-group.c.o
#25 18.75 [110/1834] Building C object deps/libsidecar/CMakeFiles/libsidecar.dir/stub/events-servers-registry.c.o
#25 18.77 [111/1834] Building C object deps/libmpq/CMakeFiles/mpq.dir/libmpq/mpq.c.o
#25 18.78 [112/1834] Building C object deps/libsidecar/CMakeFiles/libsidecar.dir/stub/monitoring.c.o
#25 18.78 [113/1834] Building C object deps/libsidecar/CMakeFiles/libsidecar.dir/stub/player-interactions-api.c.o
#25 18.81 [114/1834] Building CXX object deps/recastnavigation/Detour/CMakeFiles/Detour.dir/Source/DetourNavMeshQuery.cpp.o
#25 18.82 [115/1834] Building CXX object deps/g3dlite/CMakeFiles/g3dlib.dir/source/TextInput.cpp.o
#25 18.83 [116/1834] Building C object deps/libsidecar/CMakeFiles/libsidecar.dir/stub/libsidecar.c.o
#25 18.85 [117/1834] Building C object deps/libsidecar/CMakeFiles/libsidecar.dir/stub/player-money-api.c.o
#25 18.86 [118/1834] Linking CXX static library deps/libmpq/libmpq.a
#25 18.86 [119/1834] Building C object deps/libsidecar/CMakeFiles/libsidecar.dir/stub/player-items-api.c.o
#25 18.88 [120/1834] Linking CXX static library deps/recastnavigation/Detour/libDetour.a
#25 18.90 [121/1834] Building CXX object deps/g3dlite/CMakeFiles/g3dlib.dir/source/Vector4.cpp.o
#25 18.92 [122/1834] Linking CXX static library deps/libsidecar/liblibsidecar.a
#25 18.99 [123/1834] Building CXX object src/server/shared/CMakeFiles/shared.dir/SharedDefines.cpp.o
#25 19.01 [124/1834] Building CXX object deps/recastnavigation/Recast/CMakeFiles/Recast.dir/Source/RecastContour.cpp.o
#25 19.25 [125/1834] Building CXX object deps/recastnavigation/Recast/CMakeFiles/Recast.dir/Source/RecastMesh.cpp.o
#25 19.40 [126/1834] Linking CXX static library deps/g3dlite/libg3dlib.a
#25 19.45 [127/1834] Building CXX object deps/gsoap/CMakeFiles/gsoap.dir/soapServer.cpp.o
#25 19.51 [128/1834] cd /azerothcore && /usr/bin/cmake -DBUILDDIR="/azerothcore/build" -P /azerothcore/src/cmake/genrev.cmake /azerothcore/build
#25 19.75 [129/1834] Building CXX object deps/recastnavigation/Recast/CMakeFiles/Recast.dir/Source/RecastMeshDetail.cpp.o
#25 19.98 [130/1834] Building CXX object deps/gsoap/CMakeFiles/gsoap.dir/soapC.cpp.o
#25 20.46 [131/1834] Building CXX object src/server/shared/CMakeFiles/shared.dir/enuminfo_SharedDefines.cpp.o
#25 20.61 [132/1834] Building CXX object modules/CMakeFiles/modules.dir/gen_scriptloader/static/ModulesLoader.cpp.o
#25 20.75 [133/1834] Building CXX object deps/recastnavigation/Recast/CMakeFiles/Recast.dir/Source/RecastRegion.cpp.o
#25 20.89 [134/1834] Linking CXX static library deps/recastnavigation/Recast/libRecast.a
#25 21.68 [135/1834] Building CXX object src/tools/CMakeFiles/map_extractor.dir/map_extractor/adt.cpp.o
#25 22.31 [136/1834] Building CXX object src/server/shared/CMakeFiles/shared.dir/DataStores/DBCStore.cpp.o
#25 22.85 [137/1834] Building CXX object src/tools/CMakeFiles/map_extractor.dir/map_extractor/dbcfile.cpp.o
#25 23.58 [138/1834] Building CXX object src/tools/CMakeFiles/map_extractor.dir/map_extractor/loadlib.cpp.o
#25 23.73 [139/1834] Building CXX object src/server/shared/CMakeFiles/shared.dir/DataStores/DBCDatabaseLoader.cpp.o
#25 24.08 [140/1834] Building CXX object src/server/shared/CMakeFiles/shared.dir/Packets/ByteBuffer.cpp.o
#25 24.15 [141/1834] Building CXX object src/tools/CMakeFiles/map_extractor.dir/map_extractor/mpq_libmpq.cpp.o
#25 24.36 [142/1834] Building CXX object src/common/CMakeFiles/common.dir/cmake_pch.hxx.pch
#25 24.43 [143/1834] Building CXX object src/tools/CMakeFiles/map_extractor.dir/map_extractor/wdt.cpp.o
#25 24.53 [144/1834] Building CXX object src/server/shared/CMakeFiles/shared.dir/Realms/Realm.cpp.o
#25 25.19 [145/1834] Building CXX object src/server/database/CMakeFiles/database.dir/cmake_pch.hxx.pch
#25 25.20 [146/1834] Building CXX object src/common/CMakeFiles/common.dir/Banner.cpp.o
#25 26.19 [147/1834] Building CXX object src/common/CMakeFiles/common.dir/GitRevision.cpp.o
#25 26.22 [148/1834] Building CXX object deps/gsoap/CMakeFiles/gsoap.dir/stdsoap2.cpp.o
#25 26.29 [149/1834] Linking CXX static library deps/gsoap/libgsoap.a
#25 26.36 [150/1834] Building CXX object src/server/shared/CMakeFiles/shared.dir/Secrets/SecretMgr.cpp.o
#25 26.36 [151/1834] Building CXX object src/common/CMakeFiles/common.dir/Common.cpp.o
#25 26.82 [152/1834] Building CXX object src/tools/CMakeFiles/map_extractor.dir/map_extractor/System.cpp.o
#25 26.97 [153/1834] Building CXX object src/common/CMakeFiles/common.dir/Collision/Management/VMapFactory.cpp.o
#25 27.27 [154/1834] Building CXX object src/common/CMakeFiles/common.dir/Collision/BoundingIntervalHierarchy.cpp.o
#25 27.43 [155/1834] Building CXX object src/common/CMakeFiles/common.dir/Collision/Management/MMapMgr.cpp.o
#25 27.54 [156/1834] Building CXX object src/common/CMakeFiles/common.dir/Collision/Management/VMapMgr2.cpp.o
#25 27.77 [157/1834] Building CXX object src/common/CMakeFiles/common.dir/Collision/DynamicTree.cpp.o
#25 28.21 [158/1834] Building CXX object src/server/apps/CMakeFiles/authserver.dir/cmake_pch.hxx.pch
#25 28.33 [159/1834] Building CXX object src/tools/CMakeFiles/mmaps_generator.dir/mmaps_generator/IntermediateValues.cpp.o
#25 28.38 [160/1834] Building CXX object src/common/CMakeFiles/common.dir/Collision/Management/WorldModelStore.cpp.o
#25 28.46 [161/1834] Building CXX object src/common/CMakeFiles/common.dir/Configuration/BuiltInConfig.cpp.o
#25 28.94 [162/1834] Building CXX object src/common/CMakeFiles/common.dir/Collision/Models/ModelInstance.cpp.o
#25 29.15 [163/1834] Building CXX object src/common/CMakeFiles/common.dir/Cryptography/AES.cpp.o
#25 29.20 [164/1834] Building CXX object src/common/CMakeFiles/common.dir/Cryptography/ARC4.cpp.o
#25 29.28 [165/1834] Building CXX object src/common/CMakeFiles/common.dir/Cryptography/Argon2.cpp.o
#25 29.80 [166/1834] Building CXX object src/common/CMakeFiles/common.dir/Collision/Models/GameObjectModel.cpp.o
#25 29.81 [167/1834] Building CXX object src/common/CMakeFiles/common.dir/Cryptography/OpenSSLCrypto.cpp.o
#25 29.84 [168/1834] Building CXX object src/common/CMakeFiles/common.dir/Cryptography/BigNumber.cpp.o
#25 29.92 [169/1834] Building CXX object src/common/CMakeFiles/common.dir/Collision/Models/WorldModel.cpp.o
#25 30.09 [170/1834] Building CXX object src/common/CMakeFiles/common.dir/Cryptography/TOTP.cpp.o
#25 30.25 [171/1834] Building CXX object src/common/CMakeFiles/common.dir/Cryptography/CryptoRandom.cpp.o
#25 30.67 [172/1834] Building CXX object src/server/shared/CMakeFiles/shared.dir/Realms/RealmList.cpp.o
#25 30.67 [173/1834] Building CXX object src/server/apps/CMakeFiles/worldserver.dir/cmake_pch.hxx.pch
#25 30.69 [174/1834] Building CXX object src/common/CMakeFiles/common.dir/Cryptography/Authentication/AuthCrypt.cpp.o
#25 30.73 [175/1834] Building CXX object src/common/CMakeFiles/common.dir/Collision/Maps/MapTree.cpp.o
#25 30.90 [176/1834] Building CXX object src/common/CMakeFiles/common.dir/Encoding/Base32.cpp.o
#25 31.08 [177/1834] Building CXX object src/common/CMakeFiles/common.dir/Cryptography/Authentication/SRP6.cpp.o
#25 31.11 [178/1834] Building CXX object src/common/CMakeFiles/common.dir/DataStores/DBCFileLoader.cpp.o
#25 31.13 [179/1834] Building CXX object src/common/CMakeFiles/common.dir/Encoding/Base64.cpp.o
#25 31.63 [180/1834] Building CXX object src/common/CMakeFiles/common.dir/Collision/Maps/TileAssembler.cpp.o
#25 31.64 [181/1834] Building CXX object src/common/CMakeFiles/common.dir/Logging/Appender.cpp.o
#25 31.80 [182/1834] Building CXX object src/common/CMakeFiles/common.dir/Logging/LogOperation.cpp.o
#25 31.81 [183/1834] Building CXX object src/common/CMakeFiles/common.dir/Logging/enuminfo_AppenderConsole.cpp.o
#25 31.82 [184/1834] Building CXX object src/common/CMakeFiles/common.dir/Logging/AppenderConsole.cpp.o
#25 31.86 [185/1834] Building CXX object src/common/CMakeFiles/common.dir/Logging/LogMessage.cpp.o
#25 32.11 [186/1834] Building CXX object src/common/CMakeFiles/common.dir/Logging/AppenderFile.cpp.o
#25 32.21 [187/1834] Building CXX object src/common/CMakeFiles/common.dir/Logging/Logger.cpp.o
#25 32.26 [188/1834] Building CXX object src/common/CMakeFiles/common.dir/Logging/enuminfo_LogCommon.cpp.o
#25 32.43 [189/1834] Building CXX object src/common/CMakeFiles/common.dir/Navigation/DetourExtended.cpp.o
#25 32.62 [190/1834] Building CXX object src/common/CMakeFiles/common.dir/Threading/ProcessPriority.cpp.o
#25 32.74 [191/1834] Building CXX object src/common/CMakeFiles/common.dir/Threading/Threading.cpp.o
#25 32.95 [192/1834] Building CXX object src/tools/CMakeFiles/dbimport.dir/dbimport/Main.cpp.o
#25 33.04 [193/1834] Building CXX object src/common/CMakeFiles/common.dir/Utilities/EventMap.cpp.o
#25 33.11 [194/1834] Building CXX object src/tools/CMakeFiles/mmaps_generator.dir/mmaps_generator/MapBuilder.cpp.o
#25 33.12 [195/1834] Building CXX object src/common/CMakeFiles/common.dir/IPLocation/IPLocation.cpp.o
#25 33.22 [196/1834] Building CXX object src/common/CMakeFiles/common.dir/Utilities/EventProcessor.cpp.o
#25 33.42 [197/1834] Building CXX object src/common/CMakeFiles/common.dir/Utilities/StringFormat.cpp.o
#25 33.60 [198/1834] Building CXX object src/common/CMakeFiles/common.dir/Utilities/Random.cpp.o
#25 33.71 [199/1834] Building CXX object src/common/CMakeFiles/common.dir/Utilities/SFMTRand.cpp.o
#25 34.10 [200/1834] Building CXX object src/common/CMakeFiles/common.dir/Utilities/Tokenize.cpp.o
#25 34.28 [201/1834] Building CXX object src/common/CMakeFiles/common.dir/Utilities/Systemd.cpp.o
#25 34.34 [202/1834] Building CXX object src/common/CMakeFiles/common.dir/Utilities/Timer.cpp.o
#25 34.49 [203/1834] Building CXX object src/server/apps/CMakeFiles/authserver.dir/authserver/Authentication/AuthCodes.cpp.o
#25 34.56 [204/1834] Building CXX object src/common/CMakeFiles/common.dir/Debugging/Errors.cpp.o
#25 35.58 [205/1834] Building CXX object src/common/CMakeFiles/common.dir/Utilities/TaskScheduler.cpp.o
#25 35.84 [206/1834] Building CXX object src/common/CMakeFiles/common.dir/Utilities/Util.cpp.o
#25 35.97 [207/1834] Building CXX object src/server/database/CMakeFiles/database.dir/Database/AdhocStatement.cpp.o
#25 36.23 [208/1834] Building CXX object src/common/CMakeFiles/common.dir/Logging/Log.cpp.o
#25 36.51 [209/1834] Building CXX object src/common/CMakeFiles/common.dir/Configuration/Config.cpp.o
#25 36.54 [210/1834] Building CXX object src/server/database/CMakeFiles/database.dir/Database/DatabaseEnv.cpp.o
#25 36.75 [211/1834] Building CXX object src/server/apps/CMakeFiles/worldserver.dir/worldserver/ACSoap/ACSoap.cpp.o
#25 36.99 [212/1834] Building CXX object src/server/database/CMakeFiles/database.dir/Database/DatabaseWorker.cpp.o
#25 37.58 [213/1834] Building CXX object src/server/database/CMakeFiles/database.dir/Database/MySQLThreading.cpp.o
#25 38.15 [214/1834] Building CXX object src/server/apps/CMakeFiles/worldserver.dir/worldserver/RemoteAccess/RASession.cpp.o
#25 38.70 [215/1834] Building CXX object src/server/game/CMakeFiles/game.dir/cmake_pch.hxx.pch
#25 39.06 [216/1834] Building CXX object src/server/database/CMakeFiles/database.dir/Database/DatabaseLoader.cpp.o
#25 39.13 [217/1834] Building CXX object src/server/database/CMakeFiles/database.dir/Database/MySQLConnection.cpp.o
#25 39.13 [218/1834] Building CXX object src/server/database/CMakeFiles/database.dir/Database/MySQLPreparedStatement.cpp.o
#25 39.56 [219/1834] Building CXX object src/server/database/CMakeFiles/database.dir/Database/Field.cpp.o
#25 39.58 [220/1834] Building CXX object src/server/scripts/CMakeFiles/scripts.dir/cmake_pch.hxx.pch
#25 39.74 [221/1834] Building CXX object src/server/database/CMakeFiles/database.dir/Database/QueryCallback.cpp.o
#25 40.14 [222/1834] Building CXX object src/server/database/CMakeFiles/database.dir/Database/QueryHolder.cpp.o
#25 40.32 [223/1834] Building CXX object src/server/database/CMakeFiles/database.dir/Database/Implementation/CharacterDatabase.cpp.o
#25 40.42 [224/1834] Building CXX object src/server/database/CMakeFiles/database.dir/Database/Implementation/LoginDatabase.cpp.o
#25 40.50 [225/1834] Building CXX object src/server/database/CMakeFiles/database.dir/Database/QueryResult.cpp.o
#25 40.59 [226/1834] Building CXX object src/server/database/CMakeFiles/database.dir/Database/Implementation/WorldDatabase.cpp.o
#25 40.63 [227/1834] Building CXX object src/server/database/CMakeFiles/database.dir/Database/PreparedStatement.cpp.o
#25 40.66 [228/1834] Building CXX object src/server/database/CMakeFiles/database.dir/Database/Implementation/PlayerbotsDatabase.cpp.o
#25 41.03 [229/1834] Building CXX object src/tools/CMakeFiles/mmaps_generator.dir/mmaps_generator/Config.cpp.o
#25 41.08 [230/1834] Building CXX object src/server/database/CMakeFiles/database.dir/Database/DatabaseWorkerPool.cpp.o
#25 41.13 [231/1834] Building CXX object src/server/database/CMakeFiles/database.dir/Database/Transaction.cpp.o
#25 41.16 [232/1834] Building CXX object src/common/CMakeFiles/common.dir/Metric/Metric.cpp.o
#25 41.16 [233/1834] Building CXX object src/server/database/CMakeFiles/database.dir/Logging/AppenderDB.cpp.o
#25 42.10 [234/1834] Building CXX object src/server/apps/CMakeFiles/authserver.dir/authserver/Server/AuthSession.cpp.o
#25 43.18 [235/1834] Building CXX object src/server/game/CMakeFiles/game.dir/AI/enuminfo_CreatureAI.cpp.o
#25 43.47 [236/1834] Building CXX object src/server/game/CMakeFiles/game.dir/AI/CoreAI/GameObjectAI.cpp.o
#25 43.69 [237/1834] Building CXX object src/server/apps/CMakeFiles/worldserver.dir/worldserver/CommandLine/CliRunnable.cpp.o
#25 44.06 [238/1834] Building CXX object src/server/game/CMakeFiles/game.dir/AI/CoreAI/PassiveAI.cpp.o
#25 44.42 [239/1834] Building CXX object src/server/game/CMakeFiles/game.dir/AI/CoreAI/ReactorAI.cpp.o
#25 45.08 [240/1834] Building CXX object src/server/game/CMakeFiles/game.dir/AI/CreatureAISelector.cpp.o
#25 45.24 [241/1834] Building CXX object src/server/database/CMakeFiles/database.dir/Updater/UpdateFetcher.cpp.o
#25 45.32 [242/1834] Building CXX object src/server/game/CMakeFiles/game.dir/AI/CoreAI/GuardAI.cpp.o
#25 45.87 [243/1834] Building CXX object src/server/game/CMakeFiles/game.dir/AI/CoreAI/PetAI.cpp.o
#25 45.89 [244/1834] Building CXX object src/server/game/CMakeFiles/game.dir/AI/CoreAI/CombatAI.cpp.o
#25 47.72 [245/1834] Building CXX object src/server/game/CMakeFiles/game.dir/AI/CreatureAI.cpp.o
#25 47.79 [246/1834] Building CXX object src/server/game/CMakeFiles/game.dir/AI/CreatureAIRegistry.cpp.o
#25 47.90 [247/1834] Building CXX object src/server/game/CMakeFiles/game.dir/AI/CoreAI/TotemAI.cpp.o
#25 48.02 [248/1834] Building CXX object src/server/database/CMakeFiles/database.dir/Updater/DBUpdater.cpp.o
#25 48.22 [249/1834] Building CXX object src/server/game/CMakeFiles/game.dir/AI/ScriptedAI/ScriptedGossip.cpp.o
#25 48.30 [250/1834] Building CXX object src/server/game/CMakeFiles/game.dir/AI/CoreAI/UnitAI.cpp.o
#25 49.15 [251/1834] Building CXX object src/common/CMakeFiles/common.dir/Utilities/StartProcess.cpp.o
#25 49.34 [252/1834] Building CXX object src/server/apps/CMakeFiles/authserver.dir/authserver/Main.cpp.o
#25 49.44 [253/1834] Linking CXX static library src/common/libcommon.a
#25 49.56 [254/1834] Linking CXX static library src/server/database/libdatabase.a
#25 49.64 [255/1834] Linking CXX static library src/server/shared/libshared.a
#25 49.83 [256/1834] Building CXX object src/server/game/CMakeFiles/game.dir/AI/ScriptedAI/ScriptedEscortAI.cpp.o
#25 50.04 [257/1834] Building CXX object src/server/game/CMakeFiles/game.dir/Addons/AddonMgr.cpp.o
#25 50.15 [258/1834] Building CXX object src/server/game/CMakeFiles/game.dir/AI/ScriptedAI/ScriptedFollowerAI.cpp.o
#25 50.19 [259/1834] Linking CXX executable src/server/apps/authserver
#25 50.33 [260/1834] Building CXX object src/server/game/CMakeFiles/game.dir/Accounts/RBAC.cpp.o
#25 51.08 [261/1834] Building CXX object src/server/game/CMakeFiles/game.dir/AI/ScriptedAI/ScriptedCreature.cpp.o
#25 52.46 [262/1834] Building CXX object src/server/game/CMakeFiles/game.dir/Accounts/AccountMgr.cpp.o
#25 53.92 [263/1834] Building CXX object src/server/game/CMakeFiles/game.dir/ArenaSpectator/ArenaSpectator.cpp.o
#25 54.20 [264/1834] Building CXX object src/server/game/CMakeFiles/game.dir/AuctionHouse/AuctionHouseSearcher.cpp.o
#25 54.26 [265/1834] Building CXX object src/server/game/CMakeFiles/game.dir/Battlefield/BattlefieldHandler.cpp.o
#25 54.59 [266/1834] Building CXX object src/server/game/CMakeFiles/game.dir/AI/SmartScripts/SmartAI.cpp.o
#25 55.62 [267/1834] Building CXX object src/server/game/CMakeFiles/game.dir/Battlefield/BattlefieldMgr.cpp.o
#25 55.68 [268/1834] Building CXX object src/server/game/CMakeFiles/game.dir/Autobroadcast/AutobroadcastMgr.cpp.o
#25 55.73 [269/1834] Building CXX object src/server/game/CMakeFiles/game.dir/AuctionHouse/AuctionHouseMgr.cpp.o
#25 55.90 [270/1834] Building CXX object src/server/game/CMakeFiles/game.dir/AI/SmartScripts/SmartScriptMgr.cpp.o
#25 57.25 [271/1834] Building CXX object src/server/apps/CMakeFiles/worldserver.dir/worldserver/Main.cpp.o
#25 57.29 [272/1834] Building CXX object src/server/game/CMakeFiles/game.dir/Battlegrounds/enuminfo_ArenaTeam.cpp.o
#25 57.66 [273/1834] Building CXX object src/server/game/CMakeFiles/game.dir/Battlegrounds/BattlegroundUtils.cpp.o
#25 57.90 [274/1834] Building CXX object src/server/game/CMakeFiles/game.dir/Battlefield/Zones/BattlefieldWG.cpp.o
#25 57.99 [275/1834] Building CXX object src/server/game/CMakeFiles/game.dir/Battlegrounds/BattlegroundSpamProtect.cpp.o
#25 58.04 [276/1834] Building CXX object src/server/game/CMakeFiles/game.dir/Battlegrounds/Arena.cpp.o
#25 58.32 [277/1834] Building CXX object src/server/game/CMakeFiles/game.dir/Battlegrounds/ArenaTeamMgr.cpp.o
#25 58.62 [278/1834] Building CXX object src/server/game/CMakeFiles/game.dir/Battlegrounds/ArenaTeam.cpp.o
#25 59.27 [279/1834] Building CXX object src/server/game/CMakeFiles/game.dir/Battlefield/Battlefield.cpp.o
#25 60.24 [280/1834] Building CXX object src/server/game/CMakeFiles/game.dir/Battlegrounds/ArenaSeason/ArenaSeasonRewardsDistributor.cpp.o
#25 60.61 [281/1834] Building CXX object src/server/game/CMakeFiles/game.dir/Battlegrounds/Zones/BattlegroundBE.cpp.o
#25 60.73 [282/1834] Building CXX object src/server/game/CMakeFiles/game.dir/Achievements/AchievementMgr.cpp.o
#25 61.47 [283/1834] Building CXX object src/server/game/CMakeFiles/game.dir/Battlegrounds/Zones/BattlegroundDS.cpp.o
#25 61.74 [284/1834] Building CXX object src/server/game/CMakeFiles/game.dir/Battlegrounds/Zones/BattlegroundAB.cpp.o
#25 61.78 [285/1834] Building CXX object src/server/game/CMakeFiles/game.dir/Battlegrounds/Zones/BattlegroundRL.cpp.o
#25 61.96 [286/1834] Building CXX object src/server/game/CMakeFiles/game.dir/Battlegrounds/Zones/BattlegroundNA.cpp.o
#25 62.01 [287/1834] Building CXX object src/server/game/CMakeFiles/game.dir/Battlegrounds/ArenaSeason/ArenaSeasonMgr.cpp.o
#25 62.35 [288/1834] Building CXX object src/server/game/CMakeFiles/game.dir/Battlegrounds/Zones/BattlegroundEY.cpp.o
#25 62.55 [289/1834] Building CXX object src/server/game/CMakeFiles/game.dir/Battlegrounds/BattlegroundQueue.cpp.o
#25 63.15 [290/1834] Building CXX object src/server/game/CMakeFiles/game.dir/Battlegrounds/Zones/BattlegroundRV.cpp.o
#25 63.58 [291/1834] Building CXX object src/server/game/CMakeFiles/game.dir/Battlegrounds/Zones/BattlegroundIC.cpp.o
#25 64.55 [292/1834] Building CXX object src/server/game/CMakeFiles/game.dir/AI/SmartScripts/SmartScript.cpp.o
#25 64.65 [293/1834] Building CXX object src/server/game/CMakeFiles/game.dir/Cache/CharacterCache.cpp.o
#25 64.74 [294/1834] Building CXX object src/server/game/CMakeFiles/game.dir/Cache/WhoListCacheMgr.cpp.o
#25 65.08 [295/1834] Building CXX object src/server/game/CMakeFiles/game.dir/Battlegrounds/Battleground.cpp.o
#25 65.10 [296/1834] Building CXX object src/server/game/CMakeFiles/game.dir/Battlegrounds/Zones/BattlegroundWS.cpp.o
#25 65.18 [297/1834] Building CXX object src/server/game/CMakeFiles/game.dir/Chat/Channels/enuminfo_Channel.cpp.o
#25 65.36 [298/1834] Building CXX object src/server/game/CMakeFiles/game.dir/Chat/HyperlinkTags.cpp.o
#25 65.56 [299/1834] Building CXX object src/server/game/CMakeFiles/game.dir/Chat/Hyperlinks.cpp.o
#25 65.64 [300/1834] Building CXX object src/server/game/CMakeFiles/game.dir/Battlegrounds/Zones/BattlegroundSA.cpp.o
#25 66.23 [301/1834] Building CXX object src/server/game/CMakeFiles/game.dir/Battlegrounds/Zones/BattlegroundAV.cpp.o
#25 66.91 [302/1834] Building CXX object src/server/game/CMakeFiles/game.dir/Calendar/CalendarMgr.cpp.o
#25 67.46 [303/1834] Building CXX object src/server/game/CMakeFiles/game.dir/Battlegrounds/BattlegroundMgr.cpp.o
#25 67.50 [304/1834] Building CXX object src/server/game/CMakeFiles/game.dir/Chat/Channels/ChannelMgr.cpp.o
#25 67.71 [305/1834] Building CXX object src/server/game/CMakeFiles/game.dir/Chat/ChatCommands/ChatCommandHelpers.cpp.o
#25 68.25 [306/1834] Building CXX object src/server/game/CMakeFiles/game.dir/DungeonFinding/LFG.cpp.o
#25 68.26 [307/1834] Building CXX object src/server/game/CMakeFiles/game.dir/Chat/Channels/Channel.cpp.o
#25 68.67 [308/1834] Building CXX object src/server/game/CMakeFiles/game.dir/DataStores/M2Stores.cpp.o
#25 68.84 [309/1834] Building CXX object src/server/game/CMakeFiles/game.dir/Chat/ChatCommands/ChatCommandTags.cpp.o
#25 69.01 [310/1834] Building CXX object src/server/game/CMakeFiles/game.dir/DungeonFinding/LFGGroupData.cpp.o
#25 69.60 [311/1834] Building CXX object src/server/game/CMakeFiles/game.dir/DungeonFinding/LFGPlayerData.cpp.o
#25 70.27 [312/1834] Building CXX object src/server/game/CMakeFiles/game.dir/Chat/ChatCommands/ChatCommandArgs.cpp.o
#25 70.35 [313/1834] Building CXX object src/server/game/CMakeFiles/game.dir/Chat/ChatCommands/ChatCommand.cpp.o
#25 70.51 [314/1834] Building CXX object src/server/game/CMakeFiles/game.dir/Conditions/DisableMgr.cpp.o
#25 70.68 [315/1834] Building CXX object src/server/game/CMakeFiles/game.dir/Combat/CombatManager.cpp.o
#25 70.77 [316/1834] Building CXX object src/server/game/CMakeFiles/game.dir/Chat/Chat.cpp.o
#25 71.88 [317/1834] Building CXX object src/server/game/CMakeFiles/game.dir/Entities/Creature/enuminfo_CreatureData.cpp.o
#25 72.41 [318/1834] Building CXX object src/server/game/CMakeFiles/game.dir/Entities/Corpse/Corpse.cpp.o
#25 72.93 [319/1834] Building CXX object src/server/game/CMakeFiles/game.dir/Entities/Creature/CreatureGroups.cpp.o
#25 73.58 [320/1834] Building CXX object src/server/game/CMakeFiles/game.dir/Entities/Creature/Trainer.cpp.o
#25 73.62 [321/1834] Building CXX object src/server/game/CMakeFiles/game.dir/DungeonFinding/LFGScripts.cpp.o
#25 73.66 [322/1834] Building CXX object src/server/game/CMakeFiles/game.dir/Combat/ThreatManager.cpp.o
#25 74.05 [323/1834] Building CXX object src/server/game/CMakeFiles/game.dir/Entities/Item/enuminfo_Item.cpp.o
#25 75.00 [324/1834] Building CXX object src/server/game/CMakeFiles/game.dir/Entities/Item/ItemEnchantmentMgr.cpp.o
#25 75.60 [325/1834] Building CXX object src/server/game/CMakeFiles/game.dir/Entities/Object/ObjectPosSelector.cpp.o
#25 75.75 [326/1834] Building CXX object src/server/game/CMakeFiles/game.dir/Entities/Creature/TemporarySummon.cpp.o
#25 75.97 [327/1834] Building CXX object src/server/game/CMakeFiles/game.dir/Entities/Object/ObjectGuid.cpp.o
#25 76.00 [328/1834] Building CXX object src/server/game/CMakeFiles/game.dir/DungeonFinding/LFGQueue.cpp.o
#25 76.60 [329/1834] Building CXX object src/server/game/CMakeFiles/game.dir/Entities/Item/Container/Bag.cpp.o
#25 76.64 [330/1834] Building CXX object src/server/game/CMakeFiles/game.dir/Entities/Creature/GossipDef.cpp.o
#25 76.67 [331/1834] Building CXX object src/server/game/CMakeFiles/game.dir/Entities/Object/Position.cpp.o
#25 76.71 [332/1834] Building CXX object src/server/game/CMakeFiles/game.dir/Entities/DynamicObject/DynamicObject.cpp.o
#25 76.71 [333/1834] Building CXX object src/server/game/CMakeFiles/game.dir/Conditions/ConditionMgr.cpp.o
#25 77.21 [334/1834] Building CXX object src/server/game/CMakeFiles/game.dir/Entities/Object/Updates/UpdateFieldFlags.cpp.o
#25 77.51 [335/1834] Building CXX object src/server/game/CMakeFiles/game.dir/Entities/Object/Updates/UpdateData.cpp.o
#25 77.76 [336/1834] Building CXX object src/server/game/CMakeFiles/game.dir/Entities/Object/ObjectVisibilityContainer.cpp.o
#25 78.73 [337/1834] Building CXX object src/server/game/CMakeFiles/game.dir/Entities/Item/Item.cpp.o
#25 79.15 [338/1834] Building CXX object src/server/game/CMakeFiles/game.dir/Entities/Player/CinematicMgr.cpp.o
#25 80.79 [339/1834] Building CXX object src/server/game/CMakeFiles/game.dir/Entities/Player/PlayerSettings.cpp.o
#25 81.47 [340/1834] Building CXX object src/server/game/CMakeFiles/game.dir/Entities/Player/PlayerGossip.cpp.o
#25 81.75 [341/1834] Building CXX object src/server/game/CMakeFiles/game.dir/Entities/Player/RaceMgr.cpp.o
#25 81.77 [342/1834] Building CXX object src/server/game/CMakeFiles/game.dir/Entities/Player/KillRewarder.cpp.o
#25 81.82 [343/1834] Building CXX object src/server/game/CMakeFiles/game.dir/Entities/Player/PlayerTaxi.cpp.o
#25 83.04 [344/1834] Building CXX object src/server/game/CMakeFiles/game.dir/Entities/Player/PlayerMisc.cpp.o
#25 83.22 [345/1834] Building CXX object src/server/game/CMakeFiles/game.dir/DungeonFinding/LFGMgr.cpp.o
#25 83.58 [346/1834] Building CXX object src/server/game/CMakeFiles/game.dir/Entities/Creature/Creature.cpp.o
#25 84.24 [347/1834] Building CXX object src/server/game/CMakeFiles/game.dir/Entities/GameObject/GameObject.cpp.o
#25 84.56 [348/1834] Building CXX object src/server/game/CMakeFiles/game.dir/Entities/Player/TradeData.cpp.o
#25 84.98 [349/1834] Building CXX object src/server/game/CMakeFiles/game.dir/Entities/Player/SocialMgr.cpp.o
#25 85.33 [350/1834] Building CXX object src/server/game/CMakeFiles/game.dir/Entities/Unit/enuminfo_Unit.cpp.o
#25 85.46 [351/1834] Building CXX object src/server/game/CMakeFiles/game.dir/Entities/Totem/Totem.cpp.o
#25 85.54 [352/1834] Building CXX object src/server/game/CMakeFiles/game.dir/Entities/Pet/Pet.cpp.o
#25 85.90 [353/1834] Building CXX object src/server/game/CMakeFiles/game.dir/Entities/Unit/CharmInfo.cpp.o
#25 86.22 [354/1834] Building CXX object src/server/game/CMakeFiles/game.dir/Entities/Object/Object.cpp.o
#25 86.53 [355/1834] Building CXX object src/server/game/CMakeFiles/game.dir/Entities/Player/PlayerQuest.cpp.o
#25 87.03 [356/1834] Building CXX object src/server/game/CMakeFiles/game.dir/Events/HolidayDateCalculator.cpp.o
#25 87.75 [357/1834] Building CXX object src/server/game/CMakeFiles/game.dir/DataStores/DBCStores.cpp.o
#25 88.14 [358/1834] Building CXX object src/server/game/CMakeFiles/game.dir/Globals/WorldGlobals.cpp.o
#25 89.05 [359/1834] Building CXX object src/server/game/CMakeFiles/game.dir/Entities/Unit/StatSystem.cpp.o
#25 89.12 [360/1834] Building CXX object src/server/game/CMakeFiles/game.dir/Grids/MapGridManager.cpp.o
#25 89.20 [361/1834] Building CXX object src/server/game/CMakeFiles/game.dir/Grids/GridTerrainData.cpp.o
#25 89.77 [362/1834] Building CXX object src/server/game/CMakeFiles/game.dir/Entities/Transport/Transport.cpp.o
#25 90.69 [363/1834] Building CXX object src/server/game/CMakeFiles/game.dir/Globals/ObjectAccessor.cpp.o
#25 90.70 [364/1834] Building CXX object src/server/game/CMakeFiles/game.dir/Entities/Player/PlayerUpdates.cpp.o
#25 90.91 [365/1834] Building CXX object src/server/game/CMakeFiles/game.dir/Groups/GroupReference.cpp.o
#25 90.92 [366/1834] Building CXX object src/server/game/CMakeFiles/game.dir/Entities/Vehicle/Vehicle.cpp.o
#25 91.09 [367/1834] Building CXX object src/server/game/CMakeFiles/game.dir/Grids/GridObjectLoader.cpp.o
#25 91.75 [368/1834] Building CXX object src/server/game/CMakeFiles/game.dir/Groups/GroupMgr.cpp.o
#25 91.92 [369/1834] Building CXX object src/server/game/CMakeFiles/game.dir/Grids/GridTerrainLoader.cpp.o
#25 92.57 [370/1834] Building CXX object src/server/game/CMakeFiles/game.dir/Grids/Notifiers/GridNotifiers.cpp.o
#25 92.65 [371/1834] Building CXX object src/server/game/CMakeFiles/game.dir/Handlers/AuthHandler.cpp.o
#25 93.06 [372/1834] Building CXX object src/server/game/CMakeFiles/game.dir/Handlers/AddonHandler.cpp.o
#25 94.38 [373/1834] Building CXX object src/server/game/CMakeFiles/game.dir/Handlers/ArenaTeamHandler.cpp.o
#25 94.57 [374/1834] Building CXX object src/server/game/CMakeFiles/game.dir/Handlers/BankHandler.cpp.o
#25 94.68 [375/1834] Building CXX object src/server/game/CMakeFiles/game.dir/Guilds/GuildMgr.cpp.o
#25 97.01 [376/1834] Building CXX object src/server/game/CMakeFiles/game.dir/Handlers/ChannelHandler.cpp.o
#25 97.17 [377/1834] Building CXX object src/server/game/CMakeFiles/game.dir/Entities/Player/PlayerStorage.cpp.o
#25 97.21 [378/1834] Building CXX object src/server/game/CMakeFiles/game.dir/Events/GameEventMgr.cpp.o
#25 97.43 [379/1834] Building CXX object src/server/game/CMakeFiles/game.dir/Groups/Group.cpp.o
#25 97.50 [380/1834] Building CXX object src/server/game/CMakeFiles/game.dir/Handlers/CalendarHandler.cpp.o
#25 97.74 [381/1834] Building CXX object src/server/game/CMakeFiles/game.dir/Handlers/CombatHandler.cpp.o
#25 97.82 [382/1834] Building CXX object src/server/game/CMakeFiles/game.dir/Handlers/DuelHandler.cpp.o
#25 98.96 [383/1834] Building CXX object src/server/game/CMakeFiles/game.dir/Handlers/BattleGroundHandler.cpp.o
#25 99.09 [384/1834] Building CXX object src/server/game/CMakeFiles/game.dir/Handlers/AuctionHouseHandler.cpp.o
#25 100.5 [385/1834] Building CXX object src/server/game/CMakeFiles/game.dir/Handlers/ChatHandler.cpp.o
#25 101.5 [386/1834] Building CXX object src/server/game/CMakeFiles/game.dir/Handlers/GroupHandler.cpp.o
#25 102.4 [387/1834] Building CXX object src/server/game/CMakeFiles/game.dir/Handlers/GuildHandler.cpp.o
#25 102.4 [388/1834] Building CXX object src/server/game/CMakeFiles/game.dir/Guilds/Guild.cpp.o
#25 102.9 [389/1834] Building CXX object src/server/game/CMakeFiles/game.dir/Handlers/LootHandler.cpp.o
#25 104.1 [390/1834] Building CXX object src/server/game/CMakeFiles/game.dir/Handlers/ItemHandler.cpp.o
#25 104.8 [391/1834] Building CXX object src/server/game/CMakeFiles/game.dir/Handlers/CharacterHandler.cpp.o
#25 105.0 [392/1834] Building CXX object src/server/game/CMakeFiles/game.dir/Handlers/PetHandler.cpp.o
#25 105.3 [393/1834] Building CXX object src/server/game/CMakeFiles/game.dir/Handlers/MailHandler.cpp.o
#25 105.3 [394/1834] Building CXX object src/server/game/CMakeFiles/game.dir/Handlers/LFGHandler.cpp.o
#25 105.5 [395/1834] Building CXX object src/server/game/CMakeFiles/game.dir/Handlers/ReferAFriendHandler.cpp.o
#25 106.1 [396/1834] Building CXX object src/server/game/CMakeFiles/game.dir/Handlers/QueryHandler.cpp.o
#25 106.3 [397/1834] Building CXX object src/server/game/CMakeFiles/game.dir/Handlers/MovementHandler.cpp.o
#25 106.4 [398/1834] Building CXX object src/server/game/CMakeFiles/game.dir/Handlers/SkillHandler.cpp.o
#25 106.6 [399/1834] Building CXX object src/server/game/CMakeFiles/game.dir/Handlers/NPCHandler.cpp.o
#25 107.1 [400/1834] Building CXX object src/server/game/CMakeFiles/game.dir/Handlers/MiscHandler.cpp.o
#25 107.5 [401/1834] Building CXX object src/server/game/CMakeFiles/game.dir/Handlers/Socialhandler.cpp.o
#25 107.6 [402/1834] Building CXX object src/server/game/CMakeFiles/game.dir/Handlers/PetitionsHandler.cpp.o
#25 107.6 [403/1834] Building CXX object src/server/game/CMakeFiles/game.dir/Handlers/VoiceChatHandler.cpp.o
#25 108.9 [404/1834] Building CXX object src/server/game/CMakeFiles/game.dir/Handlers/VehicleHandler.cpp.o
#25 109.3 [405/1834] Building CXX object src/server/game/CMakeFiles/game.dir/Handlers/QuestHandler.cpp.o
#25 109.5 [406/1834] Building CXX object src/server/game/CMakeFiles/game.dir/Handlers/TicketHandler.cpp.o
#25 109.7 [407/1834] Building CXX object src/server/game/CMakeFiles/game.dir/Loot/LootItemStorage.cpp.o
#25 110.2 [408/1834] Building CXX object src/server/game/CMakeFiles/game.dir/Mails/MailMgr.cpp.o
#25 110.7 [409/1834] Building CXX object src/server/game/CMakeFiles/game.dir/Maps/AreaBoundary.cpp.o
#25 110.9 [410/1834] Building CXX object src/server/game/CMakeFiles/game.dir/Entities/Player/Player.cpp.o
#25 110.9 [411/1834] Building CXX object src/server/game/CMakeFiles/game.dir/Handlers/TaxiHandler.cpp.o
#25 111.9 [412/1834] Building CXX object src/server/game/CMakeFiles/game.dir/Maps/MapCollisionData.cpp.o
#25 112.0 [413/1834] Building CXX object src/server/game/CMakeFiles/game.dir/Mails/ServerMailMgr.cpp.o
#25 112.0 [414/1834] Building CXX object src/server/game/CMakeFiles/game.dir/Handlers/SpellHandler.cpp.o
#25 113.0 [415/1834] Building CXX object src/server/game/CMakeFiles/game.dir/Entities/Unit/Unit.cpp.o
#25 113.2 [416/1834] Building CXX object src/server/game/CMakeFiles/game.dir/Handlers/TradeHandler.cpp.o
#25 113.2 [417/1834] Building CXX object src/server/game/CMakeFiles/game.dir/Misc/DynamicVisibility.cpp.o
#25 113.7 [418/1834] Building CXX object src/server/game/CMakeFiles/game.dir/Mails/Mail.cpp.o
#25 113.9 [419/1834] Building CXX object src/server/game/CMakeFiles/game.dir/Maps/MapUpdater.cpp.o
#25 114.6 [420/1834] Building CXX object src/server/game/CMakeFiles/game.dir/Instances/InstanceScript.cpp.o
#25 114.8 [421/1834] Building CXX object src/server/game/CMakeFiles/game.dir/Instances/InstanceSaveMgr.cpp.o
#25 115.0 [422/1834] Building CXX object src/server/game/CMakeFiles/game.dir/Modules/ModuleMgr.cpp.o
#25 115.1 [423/1834] Building CXX object src/server/game/CMakeFiles/game.dir/Movement/AbstractFollower.cpp.o
#25 115.3 [424/1834] Building CXX object src/server/game/CMakeFiles/game.dir/Movement/MovementGenerator.cpp.o
#25 115.4 [425/1834] Building CXX object src/server/game/CMakeFiles/game.dir/Maps/MapInstanced.cpp.o
#25 115.9 [426/1834] Building CXX object src/server/game/CMakeFiles/game.dir/Maps/TransportMgr.cpp.o
#25 116.5 [427/1834] Building CXX object src/server/game/CMakeFiles/game.dir/Maps/MapMgr.cpp.o
#25 117.0 [428/1834] Building CXX object src/server/game/CMakeFiles/game.dir/Loot/LootMgr.cpp.o
#25 117.2 [429/1834] Building CXX object src/server/game/CMakeFiles/game.dir/Misc/BanMgr.cpp.o
#25 117.5 [430/1834] Building CXX object src/server/game/CMakeFiles/game.dir/Movement/MovementGenerators/ConfusedMovementGenerator.cpp.o
#25 117.7 [431/1834] Building CXX object src/server/game/CMakeFiles/game.dir/Movement/MovementGenerators/HomeMovementGenerator.cpp.o
#25 117.7 [432/1834] Building CXX object src/server/game/CMakeFiles/game.dir/Movement/MovementGenerators/FormationMovementGenerator.cpp.o
#25 117.9 [433/1834] Building CXX object src/server/game/CMakeFiles/game.dir/Movement/MovementGenerators/IdleMovementGenerator.cpp.o
#25 118.2 [434/1834] Building CXX object src/server/game/CMakeFiles/game.dir/Miscellaneous/Formulas.cpp.o
#25 118.4 [435/1834] Building CXX object src/server/game/CMakeFiles/game.dir/Misc/GameGraveyard.cpp.o
#25 118.8 [436/1834] Building CXX object src/server/game/CMakeFiles/game.dir/Movement/MovementGenerators/FleeingMovementGenerator.cpp.o
#25 119.1 [437/1834] Building CXX object src/server/game/CMakeFiles/game.dir/Motd/MotdMgr.cpp.o
#25 119.1 [438/1834] Building CXX object src/server/game/CMakeFiles/game.dir/Movement/MovementGenerators/EscortMovementGenerator.cpp.o
#25 119.5 [439/1834] Building CXX object src/server/game/CMakeFiles/game.dir/Movement/Spline/MovementPacketBuilder.cpp.o
#25 119.8 [440/1834] Building CXX object src/server/game/CMakeFiles/game.dir/Movement/MovementGenerators/RandomMovementGenerator.cpp.o
#25 119.9 [441/1834] Building CXX object src/server/game/CMakeFiles/game.dir/Movement/Spline/MovementUtil.cpp.o
#25 120.1 [442/1834] Building CXX object src/server/game/CMakeFiles/game.dir/Movement/Spline/MoveSpline.cpp.o
#25 120.1 [443/1834] Building CXX object src/server/game/CMakeFiles/game.dir/Movement/MovementGenerators/PathGenerator.cpp.o
#25 120.8 [444/1834] Building CXX object src/server/game/CMakeFiles/game.dir/Movement/Spline/Spline.cpp.o
#25 120.9 [445/1834] Building CXX object src/server/game/CMakeFiles/game.dir/Movement/MotionMaster.cpp.o
#25 121.2 [446/1834] Building CXX object src/server/game/CMakeFiles/game.dir/Movement/Spline/MoveSplineInit.cpp.o
#25 121.3 [447/1834] Building CXX object src/server/game/CMakeFiles/game.dir/Movement/MovementGenerators/PointMovementGenerator.cpp.o
#25 121.5 [448/1834] Building CXX object src/server/game/CMakeFiles/game.dir/Quests/enuminfo_QuestDef.cpp.o
#25 121.8 [449/1834] Building CXX object src/server/game/CMakeFiles/game.dir/Movement/MovementGenerators/TargetedMovementGenerator.cpp.o
#25 122.0 [450/1834] Building CXX object src/server/game/CMakeFiles/game.dir/Movement/Waypoints/WaypointMgr.cpp.o
#25 123.0 [451/1834] Building CXX object src/server/game/CMakeFiles/game.dir/Scripting/ScriptObject.cpp.o
#25 123.4 [452/1834] Building CXX object src/server/game/CMakeFiles/game.dir/Quests/QuestDef.cpp.o
#25 123.6 [453/1834] Building CXX object src/server/game/CMakeFiles/game.dir/Petitions/PetitionMgr.cpp.o
#25 123.8 [454/1834] Building CXX object src/server/game/CMakeFiles/game.dir/Movement/MovementGenerators/WaypointMovementGenerator.cpp.o
#25 125.1 [455/1834] Building CXX object src/server/game/CMakeFiles/game.dir/OutdoorPvP/OutdoorPvPMgr.cpp.o
#25 125.4 [456/1834] Building CXX object src/server/game/CMakeFiles/game.dir/OutdoorPvP/OutdoorPvP.cpp.o
#25 126.3 [457/1834] Building CXX object src/server/game/CMakeFiles/game.dir/Reputation/ReputationMgr.cpp.o
#25 126.4 [458/1834] Building CXX object src/server/game/CMakeFiles/game.dir/Scripting/ScriptSystem.cpp.o
#25 126.5 [459/1834] Building CXX object src/server/game/CMakeFiles/game.dir/Scripting/ScriptDefines/ALEScript.cpp.o
#25 127.3 [460/1834] Building CXX object src/server/game/CMakeFiles/game.dir/Scripting/ScriptDefines/AccountScript.cpp.o
#25 127.4 [461/1834] Building CXX object src/server/game/CMakeFiles/game.dir/Scripting/ScriptDefines/AchievementCriteriaScript.cpp.o
#25 128.0 [462/1834] Building CXX object src/server/game/CMakeFiles/game.dir/Maps/Map.cpp.o
#25 128.4 [463/1834] Building CXX object src/server/game/CMakeFiles/game.dir/Scripting/MapScripts.cpp.o
#25 128.4 [464/1834] Building CXX object src/server/game/CMakeFiles/game.dir/Scripting/ScriptDefines/AllBattlegroundScript.cpp.o
#25 128.6 [465/1834] Building CXX object src/server/game/CMakeFiles/game.dir/Scripting/ScriptDefines/AllCommandScript.cpp.o
#25 129.0 [466/1834] Building CXX object src/server/game/CMakeFiles/game.dir/Scripting/ScriptDefines/AchievementScript.cpp.o
#25 129.1 [467/1834] Building CXX object src/server/game/CMakeFiles/game.dir/Scripting/ScriptDefines/AllCreatureScript.cpp.o
#25 130.0 [468/1834] Building CXX object src/server/game/CMakeFiles/game.dir/Pools/PoolMgr.cpp.o
#25 130.4 [469/1834] Building CXX object src/server/game/CMakeFiles/game.dir/Scripting/ScriptDefines/AllGameObjectScript.cpp.o
#25 131.4 [470/1834] Building CXX object src/server/game/CMakeFiles/game.dir/Scripting/ScriptDefines/AllSpellScript.cpp.o
#25 131.9 [471/1834] Building CXX object src/server/game/CMakeFiles/game.dir/Scripting/ScriptDefines/AllItemScript.cpp.o
#25 132.2 [472/1834] Building CXX object src/server/game/CMakeFiles/game.dir/Scripting/ScriptDefines/ArenaScript.cpp.o
#25 132.7 [473/1834] Building CXX object src/server/game/CMakeFiles/game.dir/Scripting/ScriptDefines/AreaTriggerScript.cpp.o
#25 133.0 [474/1834] Building CXX object src/server/game/CMakeFiles/game.dir/Scripting/ScriptDefines/ArenaTeamScript.cpp.o
#25 133.1 [475/1834] Building CXX object src/server/game/CMakeFiles/game.dir/Scripting/ScriptDefines/AuctionHouseScript.cpp.o
#25 133.3 [476/1834] Building CXX object src/server/game/CMakeFiles/game.dir/Scripting/ScriptDefines/BattlegroundMapScript.cpp.o
#25 133.3 [477/1834] Building CXX object src/server/game/CMakeFiles/game.dir/Scripting/ScriptDefines/BattlegroundScript.cpp.o
#25 133.3 [478/1834] Building CXX object src/server/game/CMakeFiles/game.dir/Scripting/ScriptDefines/AllMapScript.cpp.o
#25 133.9 [479/1834] Building CXX object src/server/game/CMakeFiles/game.dir/Scripting/ScriptDefines/BattlefieldScript.cpp.o
#25 134.1 [480/1834] Building CXX object src/server/game/CMakeFiles/game.dir/Scripting/ScriptDefines/ConditionScript.cpp.o
#25 134.7 [481/1834] Building CXX object src/server/game/CMakeFiles/game.dir/Scripting/ScriptDefines/CommandScript.cpp.o
#25 136.1 [482/1834] Building CXX object src/server/game/CMakeFiles/game.dir/Scripting/ScriptDefines/CreatureScript.cpp.o
#25 136.2 [483/1834] Building CXX object src/server/game/CMakeFiles/game.dir/Scripting/ScriptDefines/DatabaseScript.cpp.o
#25 136.5 [484/1834] Building CXX object src/server/game/CMakeFiles/game.dir/Scripting/ScriptDefines/DynamicObjectScript.cpp.o
#25 136.9 [485/1834] Building CXX object src/server/game/CMakeFiles/game.dir/Scripting/ScriptDefines/FormulaScript.cpp.o
#25 137.1 [486/1834] Building CXX object src/server/game/CMakeFiles/game.dir/Scripting/ScriptDefines/GameEventScript.cpp.o
#25 137.7 [487/1834] Building CXX object src/server/game/CMakeFiles/game.dir/Scripting/ScriptDefines/LootScript.cpp.o
#25 138.1 [488/1834] Building CXX object src/server/game/CMakeFiles/game.dir/Scripting/ScriptDefines/GroupScript.cpp.o
#25 138.7 [489/1834] Building CXX object src/server/game/CMakeFiles/game.dir/Scripting/ScriptDefines/GuildScript.cpp.o
#25 138.7 [490/1834] Building CXX object src/server/game/CMakeFiles/game.dir/Scripting/ScriptDefines/MailScript.cpp.o
#25 139.0 [491/1834] Building CXX object src/server/game/CMakeFiles/game.dir/Scripting/ScriptDefines/InstanceMapScript.cpp.o
#25 139.0 [492/1834] Building CXX object src/server/game/CMakeFiles/game.dir/Scripting/ScriptDefines/MiscScript.cpp.o
#25 139.5 [493/1834] Building CXX object src/server/game/CMakeFiles/game.dir/Scripting/ScriptDefines/GlobalScript.cpp.o
#25 139.8 [494/1834] Building CXX object src/server/game/CMakeFiles/game.dir/Scripting/ScriptDefines/ModuleScript.cpp.o
#25 140.2 [495/1834] Building CXX object src/server/game/CMakeFiles/game.dir/Scripting/ScriptDefines/GameObjectScript.cpp.o
#25 140.9 [496/1834] Building CXX object src/server/game/CMakeFiles/game.dir/Scripting/ScriptDefines/MovementHandlerScript.cpp.o
#25 141.2 [497/1834] Building CXX object src/server/game/CMakeFiles/game.dir/Scripting/ScriptDefines/PetScript.cpp.o
#25 141.4 [498/1834] Building CXX object src/server/game/CMakeFiles/game.dir/Scripting/ScriptDefines/OutdoorPvPScript.cpp.o
#25 142.1 [499/1834] Building CXX object src/server/game/CMakeFiles/game.dir/Scripting/ScriptDefines/PlayerbotsScript.cpp.o
#25 142.6 [500/1834] Building CXX object src/server/game/CMakeFiles/game.dir/Server/Packet.cpp.o
#25 143.0 [501/1834] Building CXX object src/server/game/CMakeFiles/game.dir/Scripting/ScriptDefines/ServerScript.cpp.o
#25 143.1 [502/1834] Building CXX object src/server/game/CMakeFiles/game.dir/Scripting/ScriptMgr.cpp.o
#25 143.6 [503/1834] Building CXX object src/server/game/CMakeFiles/game.dir/Scripting/ScriptDefines/SpellScriptLoader.cpp.o
#25 143.8 [504/1834] Building CXX object src/server/game/CMakeFiles/game.dir/Scripting/ScriptDefines/UnitScript.cpp.o
#25 143.9 [505/1834] Building CXX object src/server/game/CMakeFiles/game.dir/Scripting/ScriptDefines/TicketScript.cpp.o
#25 144.0 [506/1834] Building CXX object src/server/game/CMakeFiles/game.dir/Scripting/ScriptDefines/TransportScript.cpp.o
#25 144.0 [507/1834] Building CXX object src/server/game/CMakeFiles/game.dir/Scripting/ScriptDefines/VehicleScript.cpp.o
#25 144.5 [508/1834] Building CXX object src/server/game/CMakeFiles/game.dir/Scripting/ScriptDefines/PlayerScript.cpp.o
#25 144.5 [509/1834] Building CXX object src/server/game/CMakeFiles/game.dir/Server/Packets/BankPackets.cpp.o
#25 144.5 [510/1834] Building CXX object src/server/game/CMakeFiles/game.dir/Scripting/ScriptDefines/WorldMapScript.cpp.o
#25 144.6 [511/1834] Building CXX object src/server/game/CMakeFiles/game.dir/Scripting/ScriptDefines/WeatherScript.cpp.o
#25 145.3 [512/1834] Building CXX object src/server/game/CMakeFiles/game.dir/Server/Packets/CharacterPackets.cpp.o
#25 145.4 [513/1834] Building CXX object src/server/game/CMakeFiles/game.dir/Scripting/ScriptDefines/WorldObjectScript.cpp.o
#25 145.5 [514/1834] Building CXX object src/server/game/CMakeFiles/game.dir/Server/Packets/ChatPackets.cpp.o
#25 145.5 [515/1834] Building CXX object src/server/game/CMakeFiles/game.dir/Globals/ObjectMgr.cpp.o
#25 145.6 [516/1834] Building CXX object src/server/game/CMakeFiles/game.dir/Server/Packets/CombatPackets.cpp.o
#25 146.2 [517/1834] Building CXX object src/server/game/CMakeFiles/game.dir/Server/Packets/ItemPackets.cpp.o
#25 146.2 [518/1834] Building CXX object src/server/game/CMakeFiles/game.dir/Scripting/ScriptDefines/WorldScript.cpp.o
#25 146.6 [519/1834] Building CXX object src/server/game/CMakeFiles/game.dir/Server/Packets/LFGPackets.cpp.o
#25 146.6 [520/1834] Building CXX object src/server/game/CMakeFiles/game.dir/Server/Packets/CalendarPackets.cpp.o
#25 146.9 [521/1834] Building CXX object src/server/game/CMakeFiles/game.dir/Server/Packets/PetPackets.cpp.o
#25 146.9 [522/1834] Building CXX object src/server/game/CMakeFiles/game.dir/Server/Packets/CombatLogPackets.cpp.o
#25 147.0 [523/1834] Building CXX object src/server/game/CMakeFiles/game.dir/Server/Packets/QueryPackets.cpp.o
#25 147.0 [524/1834] Building CXX object src/server/game/CMakeFiles/game.dir/Server/Packets/MiscPackets.cpp.o
#25 147.3 [525/1834] Building CXX object src/server/game/CMakeFiles/game.dir/Server/Packets/InstancePackets.cpp.o
#25 147.5 [526/1834] Building CXX object src/server/game/CMakeFiles/game.dir/Server/Packets/NPCPackets.cpp.o
#25 147.5 [527/1834] Building CXX object src/server/game/CMakeFiles/game.dir/Server/Packets/PacketUtilities.cpp.o
#25 147.7 [528/1834] Building CXX object src/server/game/CMakeFiles/game.dir/Server/Packets/TotemPackets.cpp.o
#25 147.8 [529/1834] Building CXX object src/server/game/CMakeFiles/game.dir/Server/Packets/QuestPackets.cpp.o
#25 148.3 [530/1834] Building CXX object src/server/game/CMakeFiles/game.dir/Server/Packets/WorldStatePackets.cpp.o
#25 148.6 [531/1834] Building CXX object src/server/game/CMakeFiles/game.dir/Server/Protocol/PacketLog.cpp.o
#25 149.4 [532/1834] Building CXX object src/server/game/CMakeFiles/game.dir/Server/WorldSessionMgr.cpp.o
#25 149.5 [533/1834] Building CXX object src/server/game/CMakeFiles/game.dir/Server/Packets/GuildPackets.cpp.o
#25 150.8 [534/1834] Building CXX object src/server/game/CMakeFiles/game.dir/Skills/SkillExtraItems.cpp.o
#25 150.8 [535/1834] Building CXX object src/server/game/CMakeFiles/game.dir/Server/WorldSocket.cpp.o
#25 151.2 [536/1834] Building CXX object src/server/game/CMakeFiles/game.dir/Skills/SkillDiscovery.cpp.o
#25 151.6 [537/1834] Building CXX object src/server/game/CMakeFiles/game.dir/TC9Sidecar/TC9GroupHooks.cpp.o
#25 152.9 [538/1834] Building CXX object src/server/game/CMakeFiles/game.dir/TC9Sidecar/TC9GrpcHandler.cpp.o
#25 154.0 [539/1834] Building CXX object src/server/game/CMakeFiles/game.dir/Server/WorldSession.cpp.o
#25 154.4 [540/1834] Building CXX object src/server/game/CMakeFiles/game.dir/Spells/SpellScript.cpp.o
#25 154.4 [541/1834] Building CXX object src/server/game/CMakeFiles/game.dir/Server/WorldSocketMgr.cpp.o
#25 154.6 [542/1834] Building CXX object src/server/game/CMakeFiles/game.dir/Spells/SpellInfo.cpp.o
#25 154.7 [543/1834] Building CXX object src/server/game/CMakeFiles/game.dir/Texts/ChatTextBuilder.cpp.o
#25 154.8 [544/1834] Building CXX object src/server/game/CMakeFiles/game.dir/TC9Sidecar/TC9GuildHooks.cpp.o
#25 155.4 [545/1834] Building CXX object src/server/game/CMakeFiles/game.dir/Time/GameTime.cpp.o
#25 156.6 [546/1834] Building CXX object src/server/game/CMakeFiles/game.dir/TC9Sidecar/TC9Sidecar.cpp.o
#25 156.6 [547/1834] Building CXX object src/server/game/CMakeFiles/game.dir/Time/UpdateTime.cpp.o
#25 157.0 [548/1834] Building CXX object src/server/game/CMakeFiles/game.dir/Tools/CharacterDatabaseCleaner.cpp.o
#25 158.3 [549/1834] Building CXX object src/server/game/CMakeFiles/game.dir/Spells/Auras/SpellAuraEffects.cpp.o
#25 158.5 [550/1834] Building CXX object src/server/game/CMakeFiles/game.dir/Warden/WardenCheckMgr.cpp.o
#25 158.6 [551/1834] Building CXX object src/server/game/CMakeFiles/game.dir/Warden/enuminfo_WardenCheckMgr.cpp.o
#25 158.9 [552/1834] Building CXX object src/server/game/CMakeFiles/game.dir/Warden/WardenPayloadMgr.cpp.o
#25 159.0 [553/1834] Building CXX object src/server/game/CMakeFiles/game.dir/Warden/Warden.cpp.o
#25 159.0 [554/1834] Building CXX object src/server/game/CMakeFiles/game.dir/Warden/WardenMac.cpp.o
#25 159.2 [555/1834] Building CXX object src/server/game/CMakeFiles/game.dir/Tickets/TicketMgr.cpp.o
#25 159.8 [556/1834] Building CXX object src/server/game/CMakeFiles/game.dir/Spells/Auras/SpellAuras.cpp.o
#25 160.2 [557/1834] Building CXX object src/server/game/CMakeFiles/game.dir/Spells/SpellEffects.cpp.o
#25 160.5 [558/1834] Building CXX object src/server/scripts/CMakeFiles/scripts.dir/gen_scriptloader/static/ScriptLoader.cpp.o
#25 161.0 [559/1834] Building CXX object src/server/scripts/CMakeFiles/scripts.dir/Commands/PlayerCommand.cpp.o
#25 161.1 [560/1834] Building CXX object src/server/game/CMakeFiles/game.dir/Weather/WeatherMgr.cpp.o
#25 161.6 [561/1834] Building CXX object src/server/game/CMakeFiles/game.dir/Warden/WardenWin.cpp.o
#25 161.7 [562/1834] Building CXX object src/server/game/CMakeFiles/game.dir/Tools/PlayerDump.cpp.o
#25 161.7 [563/1834] Building CXX object src/server/game/CMakeFiles/game.dir/Texts/CreatureTextMgr.cpp.o
#25 162.8 [564/1834] Building CXX object src/server/game/CMakeFiles/game.dir/Spells/Spell.cpp.o
#25 163.2 [565/1834] Building CXX object src/server/game/CMakeFiles/game.dir/Weather/Weather.cpp.o
#25 163.3 [566/1834] Building CXX object src/server/scripts/CMakeFiles/scripts.dir/Commands/cs_achievement.cpp.o
#25 164.3 [567/1834] Building CXX object src/server/scripts/CMakeFiles/scripts.dir/Commands/cs_bag.cpp.o
#25 164.6 [568/1834] Building CXX object src/server/scripts/CMakeFiles/scripts.dir/Commands/cs_autobroadcast.cpp.o
#25 164.6 [569/1834] Building CXX object src/server/scripts/CMakeFiles/scripts.dir/Commands/cs_cache.cpp.o
#25 165.0 [570/1834] Building CXX object src/server/scripts/CMakeFiles/scripts.dir/Commands/cs_ban.cpp.o
#25 165.5 [571/1834] Building CXX object src/server/scripts/CMakeFiles/scripts.dir/Commands/cs_bf.cpp.o
#25 165.7 [572/1834] Building CXX object src/server/scripts/CMakeFiles/scripts.dir/Commands/cs_chatfilter.cpp.o
#25 166.3 [573/1834] Building CXX object src/server/scripts/CMakeFiles/scripts.dir/Commands/cs_account.cpp.o
#25 166.4 [574/1834] Building CXX object src/server/scripts/CMakeFiles/scripts.dir/Commands/cs_cast.cpp.o
#25 166.9 [575/1834] Building CXX object src/server/game/CMakeFiles/game.dir/Spells/SpellMgr.cpp.o
#25 167.1 [576/1834] Building CXX object src/server/scripts/CMakeFiles/scripts.dir/Commands/cs_arena.cpp.o
#25 167.2 [577/1834] Building CXX object src/server/scripts/CMakeFiles/scripts.dir/Commands/cs_cheat.cpp.o
#25 168.6 [578/1834] Building CXX object src/server/game/CMakeFiles/game.dir/Server/Protocol/Opcodes.cpp.o
#25 168.7 [579/1834] Building CXX object src/server/scripts/CMakeFiles/scripts.dir/Commands/cs_disable.cpp.o
#25 168.7 [580/1834] Building CXX object src/server/scripts/CMakeFiles/scripts.dir/Commands/cs_event.cpp.o
#25 168.7 [581/1834] Building CXX object src/server/scripts/CMakeFiles/scripts.dir/Commands/cs_gear.cpp.o
#25 168.7 [582/1834] Building CXX object src/server/game/CMakeFiles/game.dir/World/WorldState.cpp.o
#25 169.2 [583/1834] Building CXX object src/server/scripts/CMakeFiles/scripts.dir/Commands/cs_deserter.cpp.o
#25 169.2 [584/1834] Building CXX object src/server/scripts/CMakeFiles/scripts.dir/Commands/cs_gm.cpp.o
#25 170.7 [585/1834] Building CXX object src/server/scripts/CMakeFiles/scripts.dir/Commands/cs_group.cpp.o
#25 171.2 [586/1834] Building CXX object src/server/scripts/CMakeFiles/scripts.dir/Commands/cs_character.cpp.o
#25 171.3 [587/1834] Building CXX object src/server/scripts/CMakeFiles/scripts.dir/Commands/cs_honor.cpp.o
#25 172.4 [588/1834] Building CXX object src/server/scripts/CMakeFiles/scripts.dir/Commands/cs_inventory.cpp.o
#25 172.5 [589/1834] Building CXX object src/server/scripts/CMakeFiles/scripts.dir/Commands/cs_learn.cpp.o
#25 172.8 [590/1834] Building CXX object src/server/scripts/CMakeFiles/scripts.dir/Commands/cs_guild.cpp.o
#25 173.0 [591/1834] Building CXX object src/server/scripts/CMakeFiles/scripts.dir/Commands/cs_item.cpp.o
#25 173.0 [592/1834] Building CXX object src/server/scripts/CMakeFiles/scripts.dir/Commands/cs_lfg.cpp.o
#25 173.3 [593/1834] Building CXX object src/server/game/CMakeFiles/game.dir/World/WorldConfig.cpp.o
#25 173.8 [594/1834] Building CXX object src/server/scripts/CMakeFiles/scripts.dir/Commands/cs_instance.cpp.o
#25 175.5 [595/1834] Building CXX object src/server/scripts/CMakeFiles/scripts.dir/Commands/cs_message.cpp.o
#25 175.6 [596/1834] Building CXX object src/server/game/CMakeFiles/game.dir/World/World.cpp.o
#25 176.2 [597/1834] Building CXX object src/server/scripts/CMakeFiles/scripts.dir/Commands/cs_list.cpp.o
#25 176.2 [598/1834] Building CXX object src/server/scripts/CMakeFiles/scripts.dir/Commands/cs_gobject.cpp.o
#25 176.2 [599/1834] Building CXX object src/server/scripts/CMakeFiles/scripts.dir/Commands/cs_mail.cpp.o
#25 176.2 [600/1834] Building CXX object src/server/scripts/CMakeFiles/scripts.dir/Commands/cs_player.cpp.o
#25 176.4 [601/1834] Building CXX object src/server/scripts/CMakeFiles/scripts.dir/Commands/cs_mmaps.cpp.o
#25 176.7 [602/1834] Building CXX object src/server/scripts/CMakeFiles/scripts.dir/Commands/cs_player_settings.cpp.o
#25 177.1 [603/1834] Building CXX object src/server/scripts/CMakeFiles/scripts.dir/Commands/cs_pet.cpp.o
#25 177.9 [604/1834] Building CXX object src/server/scripts/CMakeFiles/scripts.dir/Commands/cs_lookup.cpp.o
#25 178.4 [605/1834] Building CXX object src/server/scripts/CMakeFiles/scripts.dir/Commands/cs_script_loader.cpp.o
#25 179.4 [606/1834] Building CXX object src/server/scripts/CMakeFiles/scripts.dir/Commands/cs_pool.cpp.o
#25 179.5 [607/1834] Building CXX object src/server/scripts/CMakeFiles/scripts.dir/Commands/cs_modify.cpp.o
#25 180.3 [608/1834] Building CXX object src/server/scripts/CMakeFiles/scripts.dir/Commands/cs_rbac.cpp.o
#25 180.3 [609/1834] Building CXX object src/server/scripts/CMakeFiles/scripts.dir/Commands/cs_quest.cpp.o
#25 180.9 [610/1834] Building CXX object src/server/scripts/CMakeFiles/scripts.dir/Commands/cs_spectator.cpp.o
#25 181.2 [611/1834] Building CXX object src/server/scripts/CMakeFiles/scripts.dir/Commands/cs_reset.cpp.o
#25 181.2 [612/1834] Building CXX object src/server/scripts/CMakeFiles/scripts.dir/Commands/cs_send.cpp.o
#25 181.7 [613/1834] Building CXX object src/server/scripts/CMakeFiles/scripts.dir/Commands/cs_spellinfo.cpp.o
#25 182.6 [614/1834] Building CXX object src/server/scripts/CMakeFiles/scripts.dir/Custom/custom_script_loader.cpp.o
#25 182.7 [615/1834] Building CXX object src/server/scripts/CMakeFiles/scripts.dir/EasternKingdoms/eastern_kingdoms_script_loader.cpp.o
#25 183.1 [616/1834] Building CXX object src/server/scripts/CMakeFiles/scripts.dir/Commands/cs_server.cpp.o
#25 183.1 [617/1834] Building CXX object src/server/scripts/CMakeFiles/scripts.dir/Commands/cs_go.cpp.o
#25 183.5 [618/1834] Building CXX object src/server/scripts/CMakeFiles/scripts.dir/Commands/cs_pooltools.cpp.o
#25 183.6 [619/1834] Building CXX object src/server/scripts/CMakeFiles/scripts.dir/Commands/cs_ticket.cpp.o
#25 184.0 [620/1834] Building CXX object src/server/scripts/CMakeFiles/scripts.dir/Commands/cs_titles.cpp.o
#25 184.0 [621/1834] Building CXX object src/server/scripts/CMakeFiles/scripts.dir/Commands/cs_reload.cpp.o
#25 184.1 [622/1834] Building CXX object src/server/scripts/CMakeFiles/scripts.dir/Commands/cs_worldstate.cpp.o
#25 184.6 [623/1834] Building CXX object src/server/scripts/CMakeFiles/scripts.dir/EasternKingdoms/zone_blasted_lands.cpp.o
#25 184.7 [624/1834] Building CXX object src/server/game/CMakeFiles/game.dir/Spells/SpellInfoCorrections.cpp.o
#25 184.8 [625/1834] Building CXX object src/server/scripts/CMakeFiles/scripts.dir/Commands/cs_npc.cpp.o
#25 184.9 [626/1834] Building CXX object src/server/scripts/CMakeFiles/scripts.dir/Commands/cs_tele.cpp.o
#25 185.1 [627/1834] Building CXX object src/server/scripts/CMakeFiles/scripts.dir/EasternKingdoms/zone_eastern_plaguelands.cpp.o
#25 185.2 [628/1834] Building CXX object src/server/scripts/CMakeFiles/scripts.dir/EasternKingdoms/zone_arathi_highlands.cpp.o
#25 185.3 [629/1834] Building CXX object src/server/scripts/CMakeFiles/scripts.dir/Commands/cs_wp.cpp.o
#25 185.4 [630/1834] Building CXX object src/server/scripts/CMakeFiles/scripts.dir/EasternKingdoms/zone_duskwood.cpp.o
#25 185.5 [631/1834] Building CXX object src/server/scripts/CMakeFiles/scripts.dir/EasternKingdoms/zone_eversong_woods.cpp.o
#25 185.7 [632/1834] Building CXX object src/server/scripts/CMakeFiles/scripts.dir/Commands/cs_debug.cpp.o
#25 186.2 [633/1834] Building CXX object src/server/scripts/CMakeFiles/scripts.dir/EasternKingdoms/zone_ironforge.cpp.o
#25 186.3 [634/1834] Building CXX object src/server/scripts/CMakeFiles/scripts.dir/EasternKingdoms/zone_elwynn_forest.cpp.o
#25 186.6 [635/1834] Building CXX object src/server/scripts/CMakeFiles/scripts.dir/EasternKingdoms/zone_hinterlands.cpp.o
#25 186.9 [636/1834] Building CXX object src/server/scripts/CMakeFiles/scripts.dir/EasternKingdoms/zone_ghostlands.cpp.o
#25 187.0 [637/1834] Building CXX object src/server/scripts/CMakeFiles/scripts.dir/EasternKingdoms/zone_western_plaguelands.cpp.o
#25 187.3 [638/1834] Building CXX object src/server/scripts/CMakeFiles/scripts.dir/EasternKingdoms/zone_redridge_mountains.cpp.o
#25 187.6 [639/1834] Building CXX object src/server/scripts/CMakeFiles/scripts.dir/EasternKingdoms/zone_isle_of_queldanas.cpp.o
#25 189.8 [640/1834] Building CXX object src/server/scripts/CMakeFiles/scripts.dir/EasternKingdoms/zone_stormwind_city.cpp.o
#25 189.9 [641/1834] Building CXX object src/server/scripts/CMakeFiles/scripts.dir/EasternKingdoms/AlteracValley/boss_balinda.cpp.o
#25 190.1 [642/1834] Building CXX object src/server/scripts/CMakeFiles/scripts.dir/EasternKingdoms/zone_westfall.cpp.o
#25 190.1 [643/1834] Building CXX object src/server/scripts/CMakeFiles/scripts.dir/Commands/cs_misc.cpp.o
#25 190.1 [644/1834] Building CXX object src/server/scripts/CMakeFiles/scripts.dir/EasternKingdoms/AlteracValley/boss_drekthar.cpp.o
#25 190.1 [645/1834] Building CXX object src/server/scripts/CMakeFiles/scripts.dir/EasternKingdoms/zone_wetlands.cpp.o
#25 190.1 [646/1834] Building CXX object src/server/scripts/CMakeFiles/scripts.dir/EasternKingdoms/AlteracValley/boss_galvangar.cpp.o
#25 190.1 [647/1834] Building CXX object src/server/scripts/CMakeFiles/scripts.dir/EasternKingdoms/zone_silverpine_forest.cpp.o
#25 191.6 [648/1834] Building CXX object src/server/scripts/CMakeFiles/scripts.dir/EasternKingdoms/zone_the_scarlet_enclave.cpp.o
#25 191.6 [649/1834] Building CXX object src/server/scripts/CMakeFiles/scripts.dir/EasternKingdoms/zone_undercity.cpp.o
#25 191.6 [650/1834] Building CXX object src/server/scripts/CMakeFiles/scripts.dir/EasternKingdoms/AlteracValley/alterac_valley.cpp.o
#25 191.6 [651/1834] Building CXX object src/server/scripts/CMakeFiles/scripts.dir/EasternKingdoms/AlteracValley/boss_vanndar.cpp.o
#25 191.6 [652/1834] Building CXX object src/server/scripts/CMakeFiles/scripts.dir/EasternKingdoms/BlackrockMountain/BlackrockDepths/blackrock_depths.cpp.o
#25 191.6 [653/1834] Building CXX object src/server/scripts/CMakeFiles/scripts.dir/EasternKingdoms/BlackrockMountain/BlackrockDepths/boss_anubshiah.cpp.o
#25 191.6 [654/1834] Building CXX object src/server/scripts/CMakeFiles/scripts.dir/EasternKingdoms/BlackrockMountain/BlackrockDepths/boss_ambassador_flamelash.cpp.o
#25 191.7 [655/1834] Linking CXX static library src/server/game/libgame.a
#25 192.4 [656/1834] Building CXX object src/server/scripts/CMakeFiles/scripts.dir/EasternKingdoms/BlackrockMountain/BlackrockDepths/boss_high_interrogator_gerstahn.cpp.o
#25 192.5 [657/1834] Building CXX object src/server/scripts/CMakeFiles/scripts.dir/EasternKingdoms/BlackrockMountain/BlackrockDepths/boss_grizzle.cpp.o
#25 192.7 [658/1834] Building CXX object src/server/scripts/CMakeFiles/scripts.dir/EasternKingdoms/BlackrockMountain/BlackrockDepths/boss_emperor_dagran_thaurissan.cpp.o
#25 192.7 [659/1834] Building CXX object src/server/scripts/CMakeFiles/scripts.dir/EasternKingdoms/BlackrockMountain/BlackrockDepths/boss_eviscerator.cpp.o
#25 192.7 [660/1834] Building CXX object src/server/scripts/CMakeFiles/scripts.dir/EasternKingdoms/BlackrockMountain/BlackrockDepths/boss_gorosh_the_dervish.cpp.o
#25 192.7 [661/1834] Building CXX object src/server/scripts/CMakeFiles/scripts.dir/EasternKingdoms/BlackrockMountain/BlackrockDepths/boss_hedrum.cpp.o
#25 192.9 [662/1834] Building CXX object src/server/scripts/CMakeFiles/scripts.dir/EasternKingdoms/BlackrockMountain/BlackrockDepths/boss_general_angerforge.cpp.o
#25 193.3 [663/1834] Building CXX object src/server/scripts/CMakeFiles/scripts.dir/EasternKingdoms/BlackrockMountain/BlackrockDepths/boss_okthor.cpp.o
#25 193.3 [664/1834] Building CXX object src/server/scripts/CMakeFiles/scripts.dir/EasternKingdoms/BlackrockMountain/BlackrockDepths/boss_tomb_of_seven.cpp.o
#25 193.4 [665/1834] Building CXX object src/server/scripts/CMakeFiles/scripts.dir/EasternKingdoms/BlackrockMountain/BlackrockDepths/boss_moira_bronzebeard.cpp.o
#25 193.4 [666/1834] Building CXX object src/server/scripts/CMakeFiles/scripts.dir/EasternKingdoms/BlackrockMountain/BlackrockSpire/boss_highlord_omokk.cpp.o
#25 193.5 [667/1834] Building CXX object src/server/scripts/CMakeFiles/scripts.dir/EasternKingdoms/BlackrockMountain/BlackrockDepths/boss_magmus.cpp.o
#25 194.1 [668/1834] Building CXX object src/server/scripts/CMakeFiles/scripts.dir/EasternKingdoms/BlackrockMountain/BlackrockSpire/boss_lord_valthalak.cpp.o
#25 194.6 [669/1834] Building CXX object src/server/scripts/CMakeFiles/scripts.dir/EasternKingdoms/BlackrockMountain/BlackrockSpire/boss_halycon.cpp.o
#25 194.7 [670/1834] Building CXX object src/server/scripts/CMakeFiles/scripts.dir/EasternKingdoms/BlackrockMountain/BlackrockSpire/boss_drakkisath.cpp.o
#25 194.8 [671/1834] Building CXX object src/server/scripts/CMakeFiles/scripts.dir/EasternKingdoms/BlackrockMountain/BlackrockSpire/boss_gyth.cpp.o
#25 194.8 [672/1834] Building CXX object src/server/scripts/CMakeFiles/scripts.dir/EasternKingdoms/BlackrockMountain/BlackrockSpire/boss_overlord_wyrmthalak.cpp.o
#25 194.8 [673/1834] Building CXX object src/server/scripts/CMakeFiles/scripts.dir/EasternKingdoms/BlackrockMountain/BlackrockSpire/boss_rend_blackhand.cpp.o
#25 194.8 [674/1834] Building CXX object src/server/scripts/CMakeFiles/scripts.dir/EasternKingdoms/BlackrockMountain/BlackrockSpire/boss_quartermaster_zigris.cpp.o
#25 194.8 [675/1834] Building CXX object src/server/scripts/CMakeFiles/scripts.dir/EasternKingdoms/BlackrockMountain/BlackrockDepths/instance_blackrock_depths.cpp.o
#25 194.9 [676/1834] Building CXX object src/server/scripts/CMakeFiles/scripts.dir/EasternKingdoms/BlackrockMountain/BlackrockSpire/boss_pyroguard_emberseer.cpp.o
#25 195.0 [677/1834] Building CXX object src/server/scripts/CMakeFiles/scripts.dir/EasternKingdoms/BlackrockMountain/BlackrockSpire/boss_urok_doomhowl.cpp.o
#25 195.2 [678/1834] Building CXX object src/server/scripts/CMakeFiles/scripts.dir/EasternKingdoms/BlackrockMountain/BlackrockSpire/boss_solakar_flamewreath.cpp.o
#25 195.3 [679/1834] Building CXX object src/server/scripts/CMakeFiles/scripts.dir/EasternKingdoms/BlackrockMountain/BlackrockSpire/boss_warmaster_voone.cpp.o
#25 195.4 [680/1834] Building CXX object src/server/scripts/CMakeFiles/scripts.dir/EasternKingdoms/BlackrockMountain/BlackrockSpire/boss_mor_grayhoof.cpp.o
#25 195.5 [681/1834] Building CXX object src/server/scripts/CMakeFiles/scripts.dir/EasternKingdoms/BlackrockMountain/BlackrockSpire/boss_the_beast.cpp.o
#25 196.2 [682/1834] Building CXX object src/server/scripts/CMakeFiles/scripts.dir/EasternKingdoms/BlackrockMountain/BlackwingLair/boss_broodlord_lashlayer.cpp.o
#25 196.5 [683/1834] Building CXX object src/server/scripts/CMakeFiles/scripts.dir/EasternKingdoms/BlackrockMountain/BlackwingLair/boss_ebonroc.cpp.o
#25 196.5 [684/1834] Building CXX object src/server/scripts/CMakeFiles/scripts.dir/EasternKingdoms/BlackrockMountain/BlackwingLair/boss_firemaw.cpp.o
#25 196.6 [685/1834] Building CXX object src/server/scripts/CMakeFiles/scripts.dir/EasternKingdoms/BlackrockMountain/BlackwingLair/boss_flamegor.cpp.o
#25 196.9 [686/1834] Building CXX object src/server/scripts/CMakeFiles/scripts.dir/EasternKingdoms/BlackrockMountain/MoltenCore/boss_gehennas.cpp.o
#25 197.0 [687/1834] Building CXX object src/server/scripts/CMakeFiles/scripts.dir/EasternKingdoms/BlackrockMountain/MoltenCore/boss_golemagg.cpp.o
#25 197.0 [688/1834] Building CXX object src/server/scripts/CMakeFiles/scripts.dir/EasternKingdoms/BlackrockMountain/BlackrockSpire/instance_blackrock_spire.cpp.o
#25 197.6 [689/1834] Building CXX object src/server/scripts/CMakeFiles/scripts.dir/EasternKingdoms/BlackrockMountain/MoltenCore/boss_baron_geddon.cpp.o
#25 197.6 [690/1834] Building CXX object src/server/scripts/CMakeFiles/scripts.dir/EasternKingdoms/BlackrockMountain/BlackwingLair/boss_razorgore.cpp.o
#25 197.7 [691/1834] Building CXX object src/server/scripts/CMakeFiles/scripts.dir/EasternKingdoms/BlackrockMountain/BlackwingLair/boss_chromaggus.cpp.o
#25 197.8 [692/1834] Building CXX object src/server/scripts/CMakeFiles/scripts.dir/EasternKingdoms/BlackrockMountain/MoltenCore/boss_lucifron.cpp.o
#25 197.8 [693/1834] Building CXX object src/server/scripts/CMakeFiles/scripts.dir/EasternKingdoms/BlackrockMountain/BlackwingLair/boss_vaelastrasz.cpp.o
#25 198.1 [694/1834] Building CXX object src/server/scripts/CMakeFiles/scripts.dir/EasternKingdoms/BlackrockMountain/BlackwingLair/instance_blackwing_lair.cpp.o
#25 198.3 [695/1834] Building CXX object src/server/scripts/CMakeFiles/scripts.dir/EasternKingdoms/BlackrockMountain/MoltenCore/boss_magmadar.cpp.o
#25 198.6 [696/1834] Building CXX object src/server/scripts/CMakeFiles/scripts.dir/EasternKingdoms/BlackrockMountain/MoltenCore/boss_sulfuron_harbinger.cpp.o
#25 198.6 [697/1834] Building CXX object src/server/scripts/CMakeFiles/scripts.dir/EasternKingdoms/BlackrockMountain/MoltenCore/boss_garr.cpp.o
#25 199.0 [698/1834] Building CXX object src/server/scripts/CMakeFiles/scripts.dir/EasternKingdoms/Deadmines/boss_mr_smite.cpp.o
#25 199.1 [699/1834] Building CXX object src/server/scripts/CMakeFiles/scripts.dir/EasternKingdoms/BlackrockMountain/MoltenCore/boss_shazzrah.cpp.o
#25 199.7 [700/1834] Building CXX object src/server/scripts/CMakeFiles/scripts.dir/EasternKingdoms/BlackrockMountain/MoltenCore/boss_ragnaros.cpp.o
#25 199.7 [701/1834] Building CXX object src/server/scripts/CMakeFiles/scripts.dir/EasternKingdoms/Deadmines/instance_deadmines.cpp.o
#25 199.9 [702/1834] Building CXX object src/server/scripts/CMakeFiles/scripts.dir/EasternKingdoms/BlackrockMountain/MoltenCore/instance_molten_core.cpp.o
#25 200.3 [703/1834] Building CXX object src/server/scripts/CMakeFiles/scripts.dir/EasternKingdoms/Karazhan/boss_maiden_of_virtue.cpp.o
#25 200.5 [704/1834] Building CXX object src/server/scripts/CMakeFiles/scripts.dir/EasternKingdoms/BlackrockMountain/MoltenCore/molten_core.cpp.o
#25 200.7 [705/1834] Building CXX object src/server/scripts/CMakeFiles/scripts.dir/EasternKingdoms/Karazhan/boss_curator.cpp.o
#25 200.8 [706/1834] Building CXX object src/server/scripts/CMakeFiles/scripts.dir/EasternKingdoms/BlackrockMountain/MoltenCore/boss_majordomo_executus.cpp.o
#25 201.0 [707/1834] Building CXX object src/server/scripts/CMakeFiles/scripts.dir/EasternKingdoms/Gnomeregan/instance_gnomeregan.cpp.o
#25 201.7 [708/1834] Building CXX object src/server/scripts/CMakeFiles/scripts.dir/EasternKingdoms/Karazhan/boss_midnight.cpp.o
#25 201.9 [709/1834] Building CXX object src/server/scripts/CMakeFiles/scripts.dir/EasternKingdoms/Karazhan/boss_moroes.cpp.o
#25 201.9 [710/1834] Building CXX object src/server/scripts/CMakeFiles/scripts.dir/EasternKingdoms/BlackrockMountain/BlackwingLair/boss_nefarian.cpp.o
#25 202.0 [711/1834] Building CXX object src/server/scripts/CMakeFiles/scripts.dir/EasternKingdoms/Karazhan/boss_netherspite.cpp.o
#25 202.4 [712/1834] Building CXX object src/server/scripts/CMakeFiles/scripts.dir/EasternKingdoms/Karazhan/boss_servant_quarters.cpp.o
#25 202.5 [713/1834] Building CXX object src/server/scripts/CMakeFiles/scripts.dir/EasternKingdoms/Karazhan/boss_chess_event.cpp.o
#25 202.9 [714/1834] Building CXX object src/server/scripts/CMakeFiles/scripts.dir/EasternKingdoms/Karazhan/boss_nightbane.cpp.o
#25 203.1 [715/1834] Building CXX object src/server/scripts/CMakeFiles/scripts.dir/EasternKingdoms/Karazhan/boss_terestian_illhoof.cpp.o
#25 203.5 [716/1834] Building CXX object src/server/scripts/CMakeFiles/scripts.dir/EasternKingdoms/Karazhan/boss_prince_malchezaar.cpp.o
#25 203.6 [717/1834] Building CXX object src/server/scripts/CMakeFiles/scripts.dir/EasternKingdoms/Karazhan/boss_tenris_mirkblood.cpp.o
#25 204.0 [718/1834] Building CXX object src/server/scripts/CMakeFiles/scripts.dir/EasternKingdoms/MagistersTerrace/boss_felblood_kaelthas.cpp.o
#25 204.2 [719/1834] Building CXX object src/server/scripts/CMakeFiles/scripts.dir/EasternKingdoms/Karazhan/boss_shade_of_aran.cpp.o
#25 204.5 [720/1834] Building CXX object src/server/scripts/CMakeFiles/scripts.dir/EasternKingdoms/Scholomance/boss_darkmaster_gandling.cpp.o
#25 204.6 [721/1834] Building CXX object src/server/scripts/CMakeFiles/scripts.dir/EasternKingdoms/Karazhan/karazhan.cpp.o
#25 204.7 [722/1834] Building CXX object src/server/scripts/CMakeFiles/scripts.dir/EasternKingdoms/Scholomance/boss_kirtonos_the_herald.cpp.o
#25 204.8 [723/1834] Building CXX object src/server/scripts/CMakeFiles/scripts.dir/EasternKingdoms/MagistersTerrace/boss_vexallus.cpp.o
#25 204.8 [724/1834] Building CXX object src/server/scripts/CMakeFiles/scripts.dir/EasternKingdoms/MagistersTerrace/boss_selin_fireheart.cpp.o
#25 204.8 [725/1834] Building CXX object src/server/scripts/CMakeFiles/scripts.dir/EasternKingdoms/Karazhan/instance_karazhan.cpp.o
#25 204.9 [726/1834] Building CXX object src/server/scripts/CMakeFiles/scripts.dir/EasternKingdoms/Karazhan/bosses_opera.cpp.o
#25 204.9 [727/1834] Building CXX object src/server/scripts/CMakeFiles/scripts.dir/EasternKingdoms/MagistersTerrace/instance_magisters_terrace.cpp.o
#25 205.3 [728/1834] Building CXX object src/server/scripts/CMakeFiles/scripts.dir/EasternKingdoms/ScarletMonastery/instance_scarlet_monastery.cpp.o
#25 206.4 [729/1834] Building CXX object src/server/scripts/CMakeFiles/scripts.dir/EasternKingdoms/Scholomance/boss_kormok.cpp.o
#25 206.7 [730/1834] Building CXX object src/server/scripts/CMakeFiles/scripts.dir/EasternKingdoms/MagistersTerrace/boss_priestess_delrissa.cpp.o
#25 206.8 [731/1834] Building CXX object src/server/scripts/CMakeFiles/scripts.dir/EasternKingdoms/Scholomance/instance_scholomance.cpp.o
#25 206.9 [732/1834] Building CXX object src/server/scripts/CMakeFiles/scripts.dir/EasternKingdoms/Stratholme/boss_baroness_anastari.cpp.o
#25 207.0 [733/1834] Building CXX object src/server/scripts/CMakeFiles/scripts.dir/EasternKingdoms/ShadowfangKeep/instance_shadowfang_keep.cpp.o
#25 207.5 [734/1834] Building CXX object src/server/scripts/CMakeFiles/scripts.dir/EasternKingdoms/Stratholme/instance_stratholme.cpp.o
#25 207.6 [735/1834] Building CXX object src/server/scripts/CMakeFiles/scripts.dir/EasternKingdoms/Stratholme/boss_jarien_and_sothos.cpp.o
#25 208.1 [736/1834] Building CXX object src/server/scripts/CMakeFiles/scripts.dir/EasternKingdoms/SunkenTemple/instance_sunken_temple.cpp.o
#25 208.4 [737/1834] Building CXX object src/server/scripts/CMakeFiles/scripts.dir/EasternKingdoms/SunwellPlateau/boss_brutallus.cpp.o
#25 208.7 [738/1834] Building CXX object src/server/scripts/CMakeFiles/scripts.dir/EasternKingdoms/TheStockade/instance_the_stockade.cpp.o
#25 208.8 [739/1834] Building CXX object src/server/scripts/CMakeFiles/scripts.dir/EasternKingdoms/SunwellPlateau/boss_felmyst.cpp.o
#25 209.1 [740/1834] Building CXX object src/server/scripts/CMakeFiles/scripts.dir/EasternKingdoms/SunwellPlateau/boss_eredar_twins.cpp.o
#25 209.4 [741/1834] Building CXX object src/server/scripts/CMakeFiles/scripts.dir/EasternKingdoms/ShadowfangKeep/boss_apothecary_hummel.cpp.o
#25 209.6 [742/1834] Building CXX object src/server/scripts/CMakeFiles/scripts.dir/EasternKingdoms/SunwellPlateau/boss_kalecgos.cpp.o
#25 209.8 [743/1834] Building CXX object src/server/scripts/CMakeFiles/scripts.dir/EasternKingdoms/SunwellPlateau/instance_sunwell_plateau.cpp.o
#25 210.2 [744/1834] Building CXX object src/server/scripts/CMakeFiles/scripts.dir/EasternKingdoms/ZulAman/boss_halazzi.cpp.o
#25 210.4 [745/1834] Building CXX object src/server/scripts/CMakeFiles/scripts.dir/EasternKingdoms/SunwellPlateau/boss_muru.cpp.o
#25 210.7 [746/1834] Building CXX object src/server/scripts/CMakeFiles/scripts.dir/EasternKingdoms/Uldaman/instance_uldaman.cpp.o
#25 210.7 [747/1834] Building CXX object src/server/scripts/CMakeFiles/scripts.dir/EasternKingdoms/ZulAman/boss_akilzon.cpp.o
#25 210.9 [748/1834] Building CXX object src/server/scripts/CMakeFiles/scripts.dir/EasternKingdoms/ZulAman/boss_hexlord.cpp.o
#25 211.1 [749/1834] Building CXX object src/server/scripts/CMakeFiles/scripts.dir/EasternKingdoms/ZulGurub/boss_grilek.cpp.o
#25 211.2 [750/1834] Building CXX object src/server/scripts/CMakeFiles/scripts.dir/EasternKingdoms/ZulAman/boss_janalai.cpp.o
#25 211.2 [751/1834] Building CXX object src/server/scripts/CMakeFiles/scripts.dir/EasternKingdoms/ZulAman/boss_nalorakk.cpp.o
#25 211.3 [752/1834] Building CXX object src/server/scripts/CMakeFiles/scripts.dir/EasternKingdoms/ZulGurub/boss_arlokk.cpp.o
#25 211.7 [753/1834] Building CXX object src/server/scripts/CMakeFiles/scripts.dir/EasternKingdoms/ZulAman/instance_zulaman.cpp.o
#25 212.0 [754/1834] Building CXX object src/server/scripts/CMakeFiles/scripts.dir/EasternKingdoms/SunwellPlateau/boss_kiljaeden.cpp.o
#25 212.0 [755/1834] Building CXX object src/server/scripts/CMakeFiles/scripts.dir/EasternKingdoms/ZulGurub/boss_gahzranka.cpp.o
#25 212.2 [756/1834] Building CXX object src/server/scripts/CMakeFiles/scripts.dir/EasternKingdoms/ZulAman/boss_zuljin.cpp.o
#25 212.9 [757/1834] Building CXX object src/server/scripts/CMakeFiles/scripts.dir/EasternKingdoms/ZulGurub/boss_hazzarah.cpp.o
#25 213.0 [758/1834] Building CXX object src/server/scripts/CMakeFiles/scripts.dir/EasternKingdoms/ZulGurub/boss_wushoolay.cpp.o
#25 213.1 [759/1834] Building CXX object src/server/scripts/CMakeFiles/scripts.dir/EasternKingdoms/ZulGurub/boss_hakkar.cpp.o
#25 213.4 [760/1834] Building CXX object src/server/scripts/CMakeFiles/scripts.dir/Events/events_script_loader.cpp.o
#25 213.4 [761/1834] Building CXX object src/server/scripts/CMakeFiles/scripts.dir/EasternKingdoms/ZulAman/zulaman.cpp.o
#25 213.8 [762/1834] Building CXX object src/server/scripts/CMakeFiles/scripts.dir/EasternKingdoms/ZulGurub/boss_renataki.cpp.o
#25 214.0 [763/1834] Building CXX object src/server/scripts/CMakeFiles/scripts.dir/EasternKingdoms/ZulGurub/boss_jindo.cpp.o
#25 214.0 [764/1834] Building CXX object src/server/scripts/CMakeFiles/scripts.dir/EasternKingdoms/ZulGurub/zulgurub.cpp.o
#25 214.0 [765/1834] Building CXX object src/server/scripts/CMakeFiles/scripts.dir/Events/childrens_week.cpp.o
#25 214.2 [766/1834] Building CXX object src/server/scripts/CMakeFiles/scripts.dir/EasternKingdoms/ZulGurub/instance_zulgurub.cpp.o
#25 214.3 [767/1834] Building CXX object src/server/scripts/CMakeFiles/scripts.dir/EasternKingdoms/ZulGurub/boss_venoxis.cpp.o
#25 215.0 [768/1834] Building CXX object src/server/scripts/CMakeFiles/scripts.dir/EasternKingdoms/ZulGurub/boss_jeklik.cpp.o
#25 215.1 [769/1834] Building CXX object src/server/scripts/CMakeFiles/scripts.dir/Kalimdor/kalimdor_script_loader.cpp.o
#25 215.4 [770/1834] Building CXX object src/server/scripts/CMakeFiles/scripts.dir/EasternKingdoms/ZulGurub/boss_thekal.cpp.o
#25 215.5 [771/1834] Building CXX object src/server/scripts/CMakeFiles/scripts.dir/EasternKingdoms/ZulGurub/boss_mandokir.cpp.o
#25 215.7 [772/1834] Building CXX object src/server/scripts/CMakeFiles/scripts.dir/EasternKingdoms/ZulGurub/boss_marli.cpp.o
#25 216.1 [773/1834] Building CXX object src/server/scripts/CMakeFiles/scripts.dir/Events/noblegarden.cpp.o
#25 216.4 [774/1834] Building CXX object src/server/scripts/CMakeFiles/scripts.dir/Events/winter_veil.cpp.o
#25 216.7 [775/1834] Building CXX object src/server/scripts/CMakeFiles/scripts.dir/Kalimdor/zone_bloodmyst_isle.cpp.o
#25 216.9 [776/1834] Building CXX object src/server/scripts/CMakeFiles/scripts.dir/Kalimdor/zone_ashenvale.cpp.o
#25 216.9 [777/1834] Building CXX object src/server/scripts/CMakeFiles/scripts.dir/Events/pilgrims_bounty.cpp.o
#25 217.1 [778/1834] Building CXX object src/server/scripts/CMakeFiles/scripts.dir/Events/love_in_air.cpp.o
#25 217.2 [779/1834] Building CXX object src/server/scripts/CMakeFiles/scripts.dir/Events/firework_show/firework_show.cpp.o
#25 217.4 [780/1834] Building CXX object src/server/scripts/CMakeFiles/scripts.dir/Kalimdor/boss_azuregos.cpp.o
#25 217.6 [781/1834] Building CXX object src/server/scripts/CMakeFiles/scripts.dir/Kalimdor/zone_felwood.cpp.o
#25 218.0 [782/1834] Building CXX object src/server/scripts/CMakeFiles/scripts.dir/Kalimdor/zone_dustwallow_marsh.cpp.o
#25 218.1 [783/1834] Building CXX object src/server/scripts/CMakeFiles/scripts.dir/Kalimdor/zone_azuremyst_isle.cpp.o
#25 218.6 [784/1834] Building CXX object src/server/scripts/CMakeFiles/scripts.dir/Kalimdor/zone_darkshore.cpp.o
#25 218.6 [785/1834] Building CXX object src/server/scripts/CMakeFiles/scripts.dir/Kalimdor/zone_feralas.cpp.o
#25 218.7 [786/1834] Building CXX object src/server/scripts/CMakeFiles/scripts.dir/Kalimdor/zone_desolace.cpp.o
#25 218.7 [787/1834] Building CXX object src/server/scripts/CMakeFiles/scripts.dir/Events/hallows_end.cpp.o
#25 219.0 [788/1834] Building CXX object src/server/scripts/CMakeFiles/scripts.dir/Kalimdor/zone_durotar.cpp.o
#25 219.1 [789/1834] Building CXX object src/server/scripts/CMakeFiles/scripts.dir/Events/brewfest.cpp.o
#25 219.1 [790/1834] Building CXX object src/server/scripts/CMakeFiles/scripts.dir/Kalimdor/zone_teldrassil.cpp.o
#25 219.7 [791/1834] Building CXX object src/server/scripts/CMakeFiles/scripts.dir/Kalimdor/zone_silithus.cpp.o
#25 219.8 [792/1834] Building CXX object src/server/scripts/CMakeFiles/scripts.dir/Kalimdor/zone_thunder_bluff.cpp.o
#25 219.8 [793/1834] Building CXX object src/server/scripts/CMakeFiles/scripts.dir/Events/midsummer.cpp.o
#25 219.9 [794/1834] Building CXX object src/server/scripts/CMakeFiles/scripts.dir/Kalimdor/zone_orgrimmar.cpp.o
#25 219.9 [795/1834] Building CXX object src/server/scripts/CMakeFiles/scripts.dir/Kalimdor/zone_stonetalon_mountains.cpp.o
#25 220.2 [796/1834] Building CXX object src/server/scripts/CMakeFiles/scripts.dir/Kalimdor/zone_moonglade.cpp.o
#25 220.3 [797/1834] Building CXX object src/server/scripts/CMakeFiles/scripts.dir/Kalimdor/zone_tanaris.cpp.o
#25 220.7 [798/1834] Building CXX object src/server/scripts/CMakeFiles/scripts.dir/Kalimdor/zone_the_barrens.cpp.o
#25 220.9 [799/1834] Building CXX object src/server/scripts/CMakeFiles/scripts.dir/Kalimdor/BlackfathomDeeps/instance_blackfathom_deeps.cpp.o
#25 221.4 [800/1834] Building CXX object src/server/scripts/CMakeFiles/scripts.dir/Kalimdor/zone_ungoro_crater.cpp.o
#25 221.5 [801/1834] Building CXX object src/server/scripts/CMakeFiles/scripts.dir/Kalimdor/zone_thousand_needles.cpp.o
#25 221.7 [802/1834] Building CXX object src/server/scripts/CMakeFiles/scripts.dir/Kalimdor/CavernsOfTime/CullingOfStratholme/boss_epoch.cpp.o
#25 221.8 [803/1834] Building CXX object src/server/scripts/CMakeFiles/scripts.dir/Kalimdor/zone_winterspring.cpp.o
#25 221.9 [804/1834] Building CXX object src/server/scripts/CMakeFiles/scripts.dir/Kalimdor/CavernsOfTime/CullingOfStratholme/boss_infinite.cpp.o
#25 222.1 [805/1834] Building CXX object src/server/scripts/CMakeFiles/scripts.dir/Kalimdor/CavernsOfTime/CullingOfStratholme/boss_mal_ganis.cpp.o
#25 222.4 [806/1834] Building CXX object src/server/scripts/CMakeFiles/scripts.dir/Kalimdor/CavernsOfTime/BattleForMountHyjal/boss_anetheron.cpp.o
#25 222.6 [807/1834] Building CXX object src/server/scripts/CMakeFiles/scripts.dir/Kalimdor/CavernsOfTime/BattleForMountHyjal/boss_rage_winterchill.cpp.o
#25 222.7 [808/1834] Building CXX object src/server/scripts/CMakeFiles/scripts.dir/Kalimdor/CavernsOfTime/CullingOfStratholme/boss_meathook.cpp.o
#25 222.7 [809/1834] Building CXX object src/server/scripts/CMakeFiles/scripts.dir/Kalimdor/CavernsOfTime/BattleForMountHyjal/boss_kazrogal.cpp.o
#25 223.0 [810/1834] Building CXX object src/server/scripts/CMakeFiles/scripts.dir/Kalimdor/CavernsOfTime/BattleForMountHyjal/boss_azgalor.cpp.o
#25 223.3 [811/1834] Building CXX object src/server/scripts/CMakeFiles/scripts.dir/Kalimdor/CavernsOfTime/CullingOfStratholme/boss_salramm.cpp.o
#25 223.5 [812/1834] Building CXX object src/server/scripts/CMakeFiles/scripts.dir/Kalimdor/CavernsOfTime/BattleForMountHyjal/instance_hyjal.cpp.o
#25 223.6 [813/1834] Building CXX object src/server/scripts/CMakeFiles/scripts.dir/Kalimdor/CavernsOfTime/BattleForMountHyjal/boss_archimonde.cpp.o
#25 224.0 [814/1834] Building CXX object src/server/scripts/CMakeFiles/scripts.dir/Kalimdor/CavernsOfTime/EscapeFromDurnholdeKeep/boss_epoch_hunter.cpp.o
#25 224.0 [815/1834] Building CXX object src/server/scripts/CMakeFiles/scripts.dir/Kalimdor/CavernsOfTime/BattleForMountHyjal/hyjal.cpp.o
#25 224.5 [816/1834] Building CXX object src/server/scripts/CMakeFiles/scripts.dir/Kalimdor/CavernsOfTime/EscapeFromDurnholdeKeep/boss_captain_skarloc.cpp.o
#25 224.8 [817/1834] Building CXX object src/server/scripts/CMakeFiles/scripts.dir/Kalimdor/CavernsOfTime/CullingOfStratholme/instance_culling_of_stratholme.cpp.o
#25 224.8 [818/1834] Building CXX object src/server/scripts/CMakeFiles/scripts.dir/Kalimdor/CavernsOfTime/CullingOfStratholme/culling_of_stratholme.cpp.o
#25 224.9 [819/1834] Building CXX object src/server/scripts/CMakeFiles/scripts.dir/Kalimdor/CavernsOfTime/EscapeFromDurnholdeKeep/instance_old_hillsbrad.cpp.o
#25 224.9 [820/1834] Building CXX object src/server/scripts/CMakeFiles/scripts.dir/Kalimdor/CavernsOfTime/TheBlackMorass/boss_aeonus.cpp.o
#25 225.2 [821/1834] Building CXX object src/server/scripts/CMakeFiles/scripts.dir/Kalimdor/CavernsOfTime/TheBlackMorass/boss_temporus.cpp.o
#25 225.5 [822/1834] Building CXX object src/server/scripts/CMakeFiles/scripts.dir/Kalimdor/CavernsOfTime/TheBlackMorass/boss_chrono_lord_deja.cpp.o
#25 225.5 [823/1834] Building CXX object src/server/scripts/CMakeFiles/scripts.dir/Kalimdor/CavernsOfTime/EscapeFromDurnholdeKeep/boss_lieutenant_drake.cpp.o
#25 225.8 [824/1834] Building CXX object src/server/scripts/CMakeFiles/scripts.dir/Kalimdor/Maraudon/instance_maraudon.cpp.o
#25 225.9 [825/1834] Building CXX object src/server/scripts/CMakeFiles/scripts.dir/Kalimdor/DireMaul/instance_dire_maul.cpp.o
#25 226.2 [826/1834] Building CXX object src/server/scripts/CMakeFiles/scripts.dir/Kalimdor/DireMaul/boss_isalien.cpp.o
#25 226.2 [827/1834] Building CXX object src/server/scripts/CMakeFiles/scripts.dir/Kalimdor/OnyxiasLair/boss_onyxia.cpp.o
#25 226.2 [828/1834] Building CXX object src/server/scripts/CMakeFiles/scripts.dir/Kalimdor/CavernsOfTime/EscapeFromDurnholdeKeep/old_hillsbrad.cpp.o
#25 226.4 [829/1834] Building CXX object src/server/scripts/CMakeFiles/scripts.dir/Kalimdor/OnyxiasLair/instance_onyxias_lair.cpp.o
#25 226.6 [830/1834] Building CXX object src/server/scripts/CMakeFiles/scripts.dir/Kalimdor/CavernsOfTime/TheBlackMorass/instance_the_black_morass.cpp.o
#25 226.7 [831/1834] Building CXX object src/server/scripts/CMakeFiles/scripts.dir/Kalimdor/RagefireChasm/instance_ragefire_chasm.cpp.o
#25 226.9 [832/1834] Building CXX object src/server/scripts/CMakeFiles/scripts.dir/Kalimdor/RazorfenKraul/instance_razorfen_kraul.cpp.o
#25 227.1 [833/1834] Building CXX object src/server/scripts/CMakeFiles/scripts.dir/Kalimdor/CavernsOfTime/TheBlackMorass/the_black_morass.cpp.o
#25 227.1 [834/1834] Building CXX object src/server/scripts/CMakeFiles/scripts.dir/Kalimdor/RazorfenDowns/instance_razorfen_downs.cpp.o
#25 227.5 [835/1834] Building CXX object src/server/scripts/CMakeFiles/scripts.dir/Kalimdor/RazorfenDowns/razorfen_downs.cpp.o
#25 227.9 [836/1834] Building CXX object src/server/scripts/CMakeFiles/scripts.dir/Kalimdor/RuinsOfAhnQiraj/boss_buru.cpp.o
#25 228.2 [837/1834] Building CXX object src/server/scripts/CMakeFiles/scripts.dir/Kalimdor/RuinsOfAhnQiraj/boss_moam.cpp.o
#25 228.6 [838/1834] Building CXX object src/server/scripts/CMakeFiles/scripts.dir/Kalimdor/RuinsOfAhnQiraj/boss_kurinnaxx.cpp.o
#25 229.2 [839/1834] Building CXX object src/server/scripts/CMakeFiles/scripts.dir/Kalimdor/RuinsOfAhnQiraj/boss_ayamiss.cpp.o
#25 229.3 [840/1834] Building CXX object src/server/scripts/CMakeFiles/scripts.dir/Kalimdor/TempleOfAhnQiraj/boss_sartura.cpp.o
#25 229.3 [841/1834] Building CXX object src/server/scripts/CMakeFiles/scripts.dir/Kalimdor/TempleOfAhnQiraj/boss_fankriss.cpp.o
#25 229.5 [842/1834] Building CXX object src/server/scripts/CMakeFiles/scripts.dir/Kalimdor/RuinsOfAhnQiraj/boss_ossirian.cpp.o
#25 229.6 [843/1834] Building CXX object src/server/scripts/CMakeFiles/scripts.dir/Kalimdor/RuinsOfAhnQiraj/instance_ruins_of_ahnqiraj.cpp.o
#25 229.7 [844/1834] Building CXX object src/server/scripts/CMakeFiles/scripts.dir/Kalimdor/RuinsOfAhnQiraj/ruins_of_ahnqiraj.cpp.o
#25 229.9 [845/1834] Building CXX object src/server/scripts/CMakeFiles/scripts.dir/Kalimdor/TempleOfAhnQiraj/boss_skeram.cpp.o
#25 230.0 [846/1834] Building CXX object src/server/scripts/CMakeFiles/scripts.dir/Kalimdor/TempleOfAhnQiraj/boss_huhuran.cpp.o
#25 230.1 [847/1834] Building CXX object src/server/scripts/CMakeFiles/scripts.dir/Kalimdor/RuinsOfAhnQiraj/boss_rajaxx.cpp.o
#25 230.7 [848/1834] Building CXX object src/server/scripts/CMakeFiles/scripts.dir/Kalimdor/TempleOfAhnQiraj/boss_bug_trio.cpp.o
#25 230.7 [849/1834] Building CXX object src/server/scripts/CMakeFiles/scripts.dir/Kalimdor/TempleOfAhnQiraj/boss_ouro.cpp.o
#25 231.0 [850/1834] Building CXX object src/server/scripts/CMakeFiles/scripts.dir/Northrend/northrend_script_loader.cpp.o
#25 231.1 [851/1834] Building CXX object src/server/scripts/CMakeFiles/scripts.dir/Kalimdor/TempleOfAhnQiraj/instance_temple_of_ahnqiraj.cpp.o
#25 231.4 [852/1834] Building CXX object src/server/scripts/CMakeFiles/scripts.dir/Kalimdor/WailingCaverns/instance_wailing_caverns.cpp.o
#25 231.7 [853/1834] Building CXX object src/server/scripts/CMakeFiles/scripts.dir/Kalimdor/TempleOfAhnQiraj/boss_twinemperors.cpp.o
#25 231.9 [854/1834] Building CXX object src/server/scripts/CMakeFiles/scripts.dir/Kalimdor/TempleOfAhnQiraj/mob_anubisath_sentinel.cpp.o
#25 232.7 [855/1834] Building CXX object src/server/scripts/CMakeFiles/scripts.dir/Kalimdor/ZulFarrak/instance_zulfarrak.cpp.o
#25 232.8 [856/1834] Building CXX object src/server/scripts/CMakeFiles/scripts.dir/Northrend/zone_crystalsong_forest.cpp.o
#25 232.9 [857/1834] Building CXX object src/server/scripts/CMakeFiles/scripts.dir/Kalimdor/ZulFarrak/zulfarrak.cpp.o
#25 232.9 [858/1834] Building CXX object src/server/scripts/CMakeFiles/scripts.dir/Kalimdor/TempleOfAhnQiraj/boss_viscidus.cpp.o
#25 233.1 [859/1834] Building CXX object src/server/scripts/CMakeFiles/scripts.dir/Northrend/isle_of_conquest.cpp.o
#25 233.5 [860/1834] Building CXX object src/server/scripts/CMakeFiles/scripts.dir/Kalimdor/TempleOfAhnQiraj/boss_cthun.cpp.o
#25 233.6 [861/1834] Building CXX object src/server/scripts/CMakeFiles/scripts.dir/Northrend/zone_dalaran.cpp.o
#25 234.5 [862/1834] Building CXX object src/server/scripts/CMakeFiles/scripts.dir/Kalimdor/TempleOfAhnQiraj/temple_of_ahnqiraj.cpp.o
#25 235.7 [863/1834] Building CXX object src/server/scripts/CMakeFiles/scripts.dir/Northrend/AzjolNerub/AzjolNerub/boss_krikthir_the_gatewatcher.cpp.o
#25 235.7 [864/1834] Building CXX object src/server/scripts/CMakeFiles/scripts.dir/Northrend/zone_sholazar_basin.cpp.o
#25 235.9 [865/1834] Building CXX object src/server/scripts/CMakeFiles/scripts.dir/Northrend/zone_grizzly_hills.cpp.o
#25 236.0 [866/1834] Building CXX object src/server/scripts/CMakeFiles/scripts.dir/Northrend/zone_borean_tundra.cpp.o
#25 236.1 [867/1834] Building CXX object src/server/scripts/CMakeFiles/scripts.dir/Northrend/AzjolNerub/AzjolNerub/boss_anubarak.cpp.o
#25 236.5 [868/1834] Building CXX object src/server/scripts/CMakeFiles/scripts.dir/Northrend/zone_howling_fjord.cpp.o
#25 236.8 [869/1834] Building CXX object src/server/scripts/CMakeFiles/scripts.dir/Northrend/zone_dragonblight.cpp.o
#25 236.9 [870/1834] Building CXX object src/server/scripts/CMakeFiles/scripts.dir/Northrend/AzjolNerub/AzjolNerub/boss_hadronox.cpp.o
#25 237.1 [871/1834] Building CXX object src/server/scripts/CMakeFiles/scripts.dir/Northrend/AzjolNerub/ahnkahet/boss_amanitar.cpp.o
#25 237.1 [872/1834] Building CXX object src/server/scripts/CMakeFiles/scripts.dir/Northrend/AzjolNerub/ahnkahet/boss_elder_nadox.cpp.o
#25 237.1 [873/1834] Building CXX object src/server/scripts/CMakeFiles/scripts.dir/Northrend/zone_wintergrasp.cpp.o
#25 237.3 [874/1834] Building CXX object src/server/scripts/CMakeFiles/scripts.dir/Northrend/AzjolNerub/AzjolNerub/instance_azjol_nerub.cpp.o
#25 237.3 [875/1834] Building CXX object src/server/scripts/CMakeFiles/scripts.dir/Northrend/AzjolNerub/ahnkahet/boss_herald_volazj.cpp.o
#25 237.4 [876/1834] Building CXX object src/server/scripts/CMakeFiles/scripts.dir/Northrend/zone_icecrown.cpp.o
#25 237.5 [877/1834] Building CXX object src/server/scripts/CMakeFiles/scripts.dir/Northrend/zone_zuldrak.cpp.o
#25 237.9 [878/1834] Building CXX object src/server/scripts/CMakeFiles/scripts.dir/Northrend/zone_storm_peaks.cpp.o
#25 238.5 [879/1834] Building CXX object src/server/scripts/CMakeFiles/scripts.dir/Northrend/ChamberOfAspects/ObsidianSanctum/instance_obsidian_sanctum.cpp.o
#25 238.7 [880/1834] Building CXX object src/server/scripts/CMakeFiles/scripts.dir/Northrend/AzjolNerub/ahnkahet/boss_jedoga_shadowseeker.cpp.o
#25 239.2 [881/1834] Building CXX object src/server/scripts/CMakeFiles/scripts.dir/Northrend/ChamberOfAspects/RubySanctum/boss_baltharus_the_warborn.cpp.o
#25 239.3 [882/1834] Building CXX object src/server/scripts/CMakeFiles/scripts.dir/Northrend/AzjolNerub/ahnkahet/boss_prince_taldaram.cpp.o
#25 239.4 [883/1834] Building CXX object src/server/scripts/CMakeFiles/scripts.dir/Northrend/CrusadersColiseum/TrialOfTheChampion/trial_of_the_champion.cpp.o
#25 239.6 [884/1834] Building CXX object src/server/scripts/CMakeFiles/scripts.dir/Northrend/ChamberOfAspects/ObsidianSanctum/boss_sartharion.cpp.o
#25 239.6 [885/1834] Building CXX object src/server/scripts/CMakeFiles/scripts.dir/Northrend/ChamberOfAspects/RubySanctum/boss_saviana_ragefire.cpp.o
#25 239.9 [886/1834] Building CXX object src/server/scripts/CMakeFiles/scripts.dir/Northrend/ChamberOfAspects/RubySanctum/boss_general_zarithrian.cpp.o
#25 240.1 [887/1834] Building CXX object src/server/scripts/CMakeFiles/scripts.dir/Northrend/AzjolNerub/ahnkahet/instance_ahnkahet.cpp.o
#25 240.7 [888/1834] Building CXX object src/server/scripts/CMakeFiles/scripts.dir/Northrend/ChamberOfAspects/RubySanctum/instance_ruby_sanctum.cpp.o
#25 240.8 [889/1834] Building CXX object src/server/scripts/CMakeFiles/scripts.dir/Northrend/CrusadersColiseum/TrialOfTheChampion/boss_black_knight.cpp.o
#25 240.8 [890/1834] Building CXX object src/server/scripts/CMakeFiles/scripts.dir/Northrend/CrusadersColiseum/TrialOfTheChampion/instance_trial_of_the_champion.cpp.o
#25 240.9 [891/1834] Building CXX object src/server/scripts/CMakeFiles/scripts.dir/Northrend/CrusadersColiseum/TrialOfTheCrusader/trial_of_the_crusader.cpp.o
#25 241.3 [892/1834] Building CXX object src/server/scripts/CMakeFiles/scripts.dir/Northrend/CrusadersColiseum/TrialOfTheChampion/boss_grand_champions.cpp.o
#25 241.5 [893/1834] Building CXX object src/server/scripts/CMakeFiles/scripts.dir/Northrend/CrusadersColiseum/TrialOfTheCrusader/boss_anubarak_trial.cpp.o
#25 241.5 [894/1834] Building CXX object src/server/scripts/CMakeFiles/scripts.dir/Northrend/CrusadersColiseum/TrialOfTheChampion/boss_argent_challenge.cpp.o
#25 242.1 [895/1834] Building CXX object src/server/scripts/CMakeFiles/scripts.dir/Northrend/ChamberOfAspects/RubySanctum/boss_halion.cpp.o
#25 242.1 [896/1834] Building CXX object src/server/scripts/CMakeFiles/scripts.dir/Northrend/CrusadersColiseum/TrialOfTheCrusader/boss_northrend_beasts.cpp.o
#25 242.6 [897/1834] Building CXX object src/server/scripts/CMakeFiles/scripts.dir/Northrend/CrusadersColiseum/TrialOfTheCrusader/boss_lord_jaraxxus.cpp.o
#25 242.7 [898/1834] Building CXX object src/server/scripts/CMakeFiles/scripts.dir/Northrend/CrusadersColiseum/TrialOfTheCrusader/boss_twin_valkyr.cpp.o
#25 242.9 [899/1834] Building CXX object src/server/scripts/CMakeFiles/scripts.dir/Northrend/CrusadersColiseum/TrialOfTheCrusader/boss_faction_champions.cpp.o
#25 243.3 [900/1834] Building CXX object src/server/scripts/CMakeFiles/scripts.dir/Northrend/FrozenHalls/HallsOfReflection/boss_falric.cpp.o
#25 243.5 [901/1834] Building CXX object src/server/scripts/CMakeFiles/scripts.dir/Northrend/CrusadersColiseum/TrialOfTheCrusader/instance_trial_of_the_crusader.cpp.o
#25 243.7 [902/1834] Building CXX object src/server/scripts/CMakeFiles/scripts.dir/Northrend/DraktharonKeep/boss_tharon_ja.cpp.o
#25 243.7 [903/1834] Building CXX object src/server/scripts/CMakeFiles/scripts.dir/Northrend/FrozenHalls/ForgeOfSouls/boss_devourer_of_souls.cpp.o
#25 243.9 [904/1834] Building CXX object src/server/scripts/CMakeFiles/scripts.dir/Northrend/DraktharonKeep/boss_trollgore.cpp.o
#25 244.1 [905/1834] Building CXX object src/server/scripts/CMakeFiles/scripts.dir/Northrend/FrozenHalls/ForgeOfSouls/boss_bronjahm.cpp.o
#25 244.2 [906/1834] Building CXX object src/server/scripts/CMakeFiles/scripts.dir/Northrend/DraktharonKeep/instance_drak_tharon_keep.cpp.o
#25 244.3 [907/1834] Building CXX object src/server/scripts/CMakeFiles/scripts.dir/Northrend/DraktharonKeep/boss_novos.cpp.o
#25 244.3 [908/1834] Building CXX object src/server/scripts/CMakeFiles/scripts.dir/Northrend/FrozenHalls/ForgeOfSouls/instance_forge_of_souls.cpp.o
#25 244.4 [909/1834] Building CXX object src/server/scripts/CMakeFiles/scripts.dir/Northrend/DraktharonKeep/boss_dred.cpp.o
#25 244.6 [910/1834] Building CXX object src/server/scripts/CMakeFiles/scripts.dir/Northrend/FrozenHalls/ForgeOfSouls/forge_of_souls.cpp.o
#25 244.9 [911/1834] Building CXX object src/server/scripts/CMakeFiles/scripts.dir/Northrend/FrozenHalls/HallsOfReflection/boss_marwyn.cpp.o
#25 245.3 [912/1834] Building CXX object src/server/scripts/CMakeFiles/scripts.dir/Northrend/FrozenHalls/PitOfSaron/boss_scourgelord_tyrannus.cpp.o
#25 245.7 [913/1834] Building CXX object src/server/scripts/CMakeFiles/scripts.dir/Northrend/FrozenHalls/PitOfSaron/boss_forgemaster_garfrost.cpp.o
#25 246.0 [914/1834] Building CXX object src/server/scripts/CMakeFiles/scripts.dir/Northrend/FrozenHalls/PitOfSaron/instance_pit_of_saron.cpp.o
#25 246.2 [915/1834] Building CXX object src/server/scripts/CMakeFiles/scripts.dir/Northrend/Gundrak/boss_eck.cpp.o
#25 246.4 [916/1834] Building CXX object src/server/scripts/CMakeFiles/scripts.dir/Northrend/FrozenHalls/HallsOfReflection/halls_of_reflection.cpp.o
#25 246.4 [917/1834] Building CXX object src/server/scripts/CMakeFiles/scripts.dir/Northrend/FrozenHalls/PitOfSaron/boss_krickandick.cpp.o
#25 246.7 [918/1834] Building CXX object src/server/scripts/CMakeFiles/scripts.dir/Northrend/Gundrak/boss_drakkari_colossus.cpp.o
#25 246.7 [919/1834] Building CXX object src/server/scripts/CMakeFiles/scripts.dir/Northrend/FrozenHalls/HallsOfReflection/instance_halls_of_reflection.cpp.o
#25 247.0 [920/1834] Building CXX object src/server/scripts/CMakeFiles/scripts.dir/Northrend/Gundrak/boss_moorabi.cpp.o
#25 247.2 [921/1834] Building CXX object src/server/scripts/CMakeFiles/scripts.dir/Northrend/Gundrak/boss_gal_darah.cpp.o
#25 247.3 [922/1834] Building CXX object src/server/scripts/CMakeFiles/scripts.dir/Northrend/Gundrak/instance_gundrak.cpp.o
#25 247.7 [923/1834] Building CXX object src/server/scripts/CMakeFiles/scripts.dir/Northrend/Gundrak/boss_slad_ran.cpp.o
#25 248.9 [924/1834] Building CXX object src/server/scripts/CMakeFiles/scripts.dir/Northrend/IcecrownCitadel/boss_blood_prince_council.cpp.o
#25 249.1 [925/1834] Building CXX object src/server/scripts/CMakeFiles/scripts.dir/Northrend/IcecrownCitadel/boss_festergut.cpp.o
#25 249.3 [926/1834] Building CXX object src/server/scripts/CMakeFiles/scripts.dir/Northrend/FrozenHalls/PitOfSaron/pit_of_saron.cpp.o
#25 249.5 [927/1834] Building CXX object src/server/scripts/CMakeFiles/scripts.dir/Northrend/IcecrownCitadel/icecrown_citadel_teleport.cpp.o
#25 249.7 [928/1834] Building CXX object src/server/scripts/CMakeFiles/scripts.dir/Northrend/IcecrownCitadel/boss_blood_queen_lana_thel.cpp.o
#25 250.0 [929/1834] Building CXX object src/server/scripts/CMakeFiles/scripts.dir/Northrend/IcecrownCitadel/boss_deathbringer_saurfang.cpp.o
#25 250.2 [930/1834] Building CXX object src/server/scripts/CMakeFiles/scripts.dir/Northrend/IcecrownCitadel/boss_lord_marrowgar.cpp.o
#25 251.2 [931/1834] Building CXX object src/server/scripts/CMakeFiles/scripts.dir/Northrend/IcecrownCitadel/boss_rotface.cpp.o
#25 251.2 [932/1834] Building CXX object src/server/scripts/CMakeFiles/scripts.dir/Northrend/Naxxramas/boss_anubrekhan.cpp.o
#25 251.3 [933/1834] Building CXX object src/server/scripts/CMakeFiles/scripts.dir/Northrend/IcecrownCitadel/boss_lady_deathwhisper.cpp.o
#25 251.9 [934/1834] Building CXX object src/server/scripts/CMakeFiles/scripts.dir/Northrend/Naxxramas/boss_faerlina.cpp.o
#25 252.3 [935/1834] Building CXX object src/server/scripts/CMakeFiles/scripts.dir/Northrend/Naxxramas/boss_four_horsemen.cpp.o
#25 252.3 [936/1834] Building CXX object src/server/scripts/CMakeFiles/scripts.dir/Northrend/IcecrownCitadel/boss_icecrown_gunship_battle.cpp.o
#25 252.5 [937/1834] Building CXX object src/server/scripts/CMakeFiles/scripts.dir/Northrend/IcecrownCitadel/boss_sindragosa.cpp.o
#25 252.7 [938/1834] Building CXX object src/server/scripts/CMakeFiles/scripts.dir/Northrend/IcecrownCitadel/boss_valithria_dreamwalker.cpp.o
#25 252.7 [939/1834] Building CXX object src/server/scripts/CMakeFiles/scripts.dir/Northrend/Naxxramas/boss_gluth.cpp.o
#25 252.8 [940/1834] Building CXX object src/server/scripts/CMakeFiles/scripts.dir/Northrend/IcecrownCitadel/boss_professor_putricide.cpp.o
#25 252.9 [941/1834] Building CXX object src/server/scripts/CMakeFiles/scripts.dir/Northrend/IcecrownCitadel/instance_icecrown_citadel.cpp.o
#25 252.9 [942/1834] Building CXX object src/server/scripts/CMakeFiles/scripts.dir/Northrend/Naxxramas/boss_loatheb.cpp.o
#25 253.2 [943/1834] Building CXX object src/server/scripts/CMakeFiles/scripts.dir/Northrend/Naxxramas/boss_gothik.cpp.o
#25 253.4 [944/1834] Building CXX object src/server/scripts/CMakeFiles/scripts.dir/Northrend/Naxxramas/boss_heigan.cpp.o
#25 253.4 [945/1834] Building CXX object src/server/scripts/CMakeFiles/scripts.dir/Northrend/Naxxramas/boss_grobbulus.cpp.o
#25 254.2 [946/1834] Building CXX object src/server/scripts/CMakeFiles/scripts.dir/Northrend/Naxxramas/boss_noth.cpp.o
#25 254.6 [947/1834] Building CXX object src/server/scripts/CMakeFiles/scripts.dir/Northrend/Naxxramas/boss_patchwerk.cpp.o
#25 255.0 [948/1834] Building CXX object src/server/scripts/CMakeFiles/scripts.dir/Northrend/Nexus/Nexus/boss_anomalus.cpp.o
#25 255.1 [949/1834] Building CXX object src/server/scripts/CMakeFiles/scripts.dir/Northrend/Naxxramas/boss_kelthuzad.cpp.o
#25 255.4 [950/1834] Building CXX object src/server/scripts/CMakeFiles/scripts.dir/Northrend/Nexus/Nexus/boss_commander_stoutbeard_kolurg.cpp.o
#25 255.4 [951/1834] Building CXX object src/server/scripts/CMakeFiles/scripts.dir/Northrend/Nexus/Nexus/boss_keristrasza.cpp.o
#25 255.5 [952/1834] Building CXX object src/server/scripts/CMakeFiles/scripts.dir/Northrend/Naxxramas/boss_razuvious.cpp.o
#25 255.6 [953/1834] Building CXX object src/server/scripts/CMakeFiles/scripts.dir/Northrend/Naxxramas/boss_maexxna.cpp.o
#25 255.9 [954/1834] Building CXX object src/server/scripts/CMakeFiles/scripts.dir/Northrend/Naxxramas/boss_sapphiron.cpp.o
#25 256.0 [955/1834] Building CXX object src/server/scripts/CMakeFiles/scripts.dir/Northrend/Naxxramas/boss_thaddius.cpp.o
#25 256.1 [956/1834] Building CXX object src/server/scripts/CMakeFiles/scripts.dir/Northrend/Nexus/EyeOfEternity/instance_eye_of_eternity.cpp.o
#25 256.1 [957/1834] Building CXX object src/server/scripts/CMakeFiles/scripts.dir/Northrend/IcecrownCitadel/boss_the_lich_king.cpp.o
#25 256.3 [958/1834] Building CXX object src/server/scripts/CMakeFiles/scripts.dir/Northrend/Nexus/Nexus/boss_ormorok.cpp.o
#25 256.3 [959/1834] Building CXX object src/server/scripts/CMakeFiles/scripts.dir/Northrend/Naxxramas/instance_naxxramas.cpp.o
#25 256.8 [960/1834] Building CXX object src/server/scripts/CMakeFiles/scripts.dir/Northrend/Nexus/Nexus/boss_magus_telestra.cpp.o
#25 256.9 [961/1834] Building CXX object src/server/scripts/CMakeFiles/scripts.dir/Northrend/Nexus/Oculus/boss_drakos.cpp.o
#25 257.1 [962/1834] Building CXX object src/server/scripts/CMakeFiles/scripts.dir/Northrend/Nexus/Oculus/boss_eregos.cpp.o
#25 257.3 [963/1834] Building CXX object src/server/scripts/CMakeFiles/scripts.dir/Northrend/Nexus/Oculus/boss_varos.cpp.o
#25 257.4 [964/1834] Building CXX object src/server/scripts/CMakeFiles/scripts.dir/Northrend/Nexus/Oculus/boss_urom.cpp.o
#25 258.4 [965/1834] Building CXX object src/server/scripts/CMakeFiles/scripts.dir/Northrend/Nexus/EyeOfEternity/boss_malygos.cpp.o
#25 258.5 [966/1834] Building CXX object src/server/scripts/CMakeFiles/scripts.dir/Northrend/Nexus/Nexus/instance_nexus.cpp.o
#25 258.6 [967/1834] Building CXX object src/server/scripts/CMakeFiles/scripts.dir/Northrend/Ulduar/HallsOfLightning/boss_volkhan.cpp.o
#25 258.8 [968/1834] Building CXX object src/server/scripts/CMakeFiles/scripts.dir/Northrend/Ulduar/HallsOfStone/boss_maiden_of_grief.cpp.o
#25 258.8 [969/1834] Building CXX object src/server/scripts/CMakeFiles/scripts.dir/Northrend/Ulduar/HallsOfLightning/boss_bjarngrim.cpp.o
#25 258.9 [970/1834] Building CXX object src/server/scripts/CMakeFiles/scripts.dir/Northrend/Ulduar/HallsOfStone/boss_krystallus.cpp.o
#25 259.0 [971/1834] Building CXX object src/server/scripts/CMakeFiles/scripts.dir/Northrend/Ulduar/HallsOfLightning/boss_loken.cpp.o
#25 259.0 [972/1834] Building CXX object src/server/scripts/CMakeFiles/scripts.dir/Northrend/Nexus/Oculus/instance_oculus.cpp.o
#25 259.1 [973/1834] Building CXX object src/server/scripts/CMakeFiles/scripts.dir/Northrend/Ulduar/HallsOfLightning/boss_ionar.cpp.o
#25 259.2 [974/1834] Building CXX object src/server/scripts/CMakeFiles/scripts.dir/Northrend/IcecrownCitadel/icecrown_citadel.cpp.o
#25 259.2 [975/1834] Building CXX object src/server/scripts/CMakeFiles/scripts.dir/Northrend/Ulduar/HallsOfLightning/instance_halls_of_lightning.cpp.o
#25 259.8 [976/1834] Building CXX object src/server/scripts/CMakeFiles/scripts.dir/Northrend/Nexus/Oculus/oculus.cpp.o
#25 260.1 [977/1834] Building CXX object src/server/scripts/CMakeFiles/scripts.dir/Northrend/Ulduar/HallsOfStone/boss_sjonnir.cpp.o
#25 260.2 [978/1834] Building CXX object src/server/scripts/CMakeFiles/scripts.dir/Northrend/Ulduar/HallsOfStone/instance_halls_of_stone.cpp.o
#25 261.9 [979/1834] Building CXX object src/server/scripts/CMakeFiles/scripts.dir/Northrend/Ulduar/HallsOfStone/brann_bronzebeard.cpp.o
#25 262.1 [980/1834] Building CXX object src/server/scripts/CMakeFiles/scripts.dir/Northrend/Ulduar/Ulduar/boss_assembly_of_iron.cpp.o
#25 262.2 [981/1834] Building CXX object src/server/scripts/CMakeFiles/scripts.dir/Northrend/Ulduar/Ulduar/boss_auriaya.cpp.o
#25 262.5 [982/1834] Building CXX object src/server/scripts/CMakeFiles/scripts.dir/Northrend/Ulduar/Ulduar/boss_algalon_the_observer.cpp.o
#25 262.8 [983/1834] Building CXX object src/server/scripts/CMakeFiles/scripts.dir/Northrend/Ulduar/Ulduar/boss_freya.cpp.o
#25 262.9 [984/1834] Building CXX object src/server/scripts/CMakeFiles/scripts.dir/Northrend/Ulduar/Ulduar/boss_ignis.cpp.o
#25 263.0 [985/1834] Building CXX object src/server/scripts/CMakeFiles/scripts.dir/Northrend/Ulduar/Ulduar/boss_general_vezax.cpp.o
#25 263.9 [986/1834] Building CXX object src/server/scripts/CMakeFiles/scripts.dir/Northrend/Ulduar/Ulduar/boss_hodir.cpp.o
#25 264.5 [987/1834] Building CXX object src/server/scripts/CMakeFiles/scripts.dir/Northrend/Ulduar/Ulduar/boss_razorscale.cpp.o
#25 264.5 [988/1834] Building CXX object src/server/scripts/CMakeFiles/scripts.dir/Northrend/UtgardeKeep/UtgardeKeep/boss_ingvar_the_plunderer.cpp.o
#25 264.6 [989/1834] Building CXX object src/server/scripts/CMakeFiles/scripts.dir/Northrend/Ulduar/Ulduar/boss_flame_leviathan.cpp.o
#25 265.0 [990/1834] Building CXX object src/server/scripts/CMakeFiles/scripts.dir/Northrend/UtgardeKeep/UtgardeKeep/boss_skarvald_dalronn.cpp.o
#25 265.4 [991/1834] Building CXX object src/server/scripts/CMakeFiles/scripts.dir/Northrend/UtgardeKeep/UtgardePinnacle/boss_palehoof.cpp.o
#25 265.4 [992/1834] Building CXX object src/server/scripts/CMakeFiles/scripts.dir/Northrend/Ulduar/Ulduar/boss_kologarn.cpp.o
#25 265.4 [993/1834] Building CXX object src/server/scripts/CMakeFiles/scripts.dir/Northrend/Ulduar/Ulduar/boss_xt002.cpp.o
#25 265.5 [994/1834] Building CXX object src/server/scripts/CMakeFiles/scripts.dir/Northrend/UtgardeKeep/UtgardeKeep/boss_keleseth.cpp.o
#25 265.6 [995/1834] Building CXX object src/server/scripts/CMakeFiles/scripts.dir/Northrend/UtgardeKeep/UtgardeKeep/instance_utgarde_keep.cpp.o
#25 265.7 [996/1834] Building CXX object src/server/scripts/CMakeFiles/scripts.dir/Northrend/Ulduar/Ulduar/boss_mimiron.cpp.o
#25 265.7 [997/1834] Building CXX object src/server/scripts/CMakeFiles/scripts.dir/Northrend/Ulduar/Ulduar/instance_ulduar.cpp.o
#25 265.8 [998/1834] Building CXX object src/server/scripts/CMakeFiles/scripts.dir/Northrend/Ulduar/Ulduar/boss_thorim.cpp.o
#25 266.1 [999/1834] Building CXX object src/server/scripts/CMakeFiles/scripts.dir/Northrend/UtgardeKeep/UtgardeKeep/utgarde_keep.cpp.o
#25 266.2 [1000/1834] Building CXX object src/server/scripts/CMakeFiles/scripts.dir/Northrend/Ulduar/Ulduar/ulduar.cpp.o
#25 266.4 [1001/1834] Building CXX object src/server/scripts/CMakeFiles/scripts.dir/Northrend/UtgardeKeep/UtgardePinnacle/boss_ymiron.cpp.o
#25 267.3 [1002/1834] Building CXX object src/server/scripts/CMakeFiles/scripts.dir/Northrend/UtgardeKeep/UtgardePinnacle/utgarde_pinnacle.cpp.o
#25 267.4 [1003/1834] Building CXX object src/server/scripts/CMakeFiles/scripts.dir/Northrend/Ulduar/Ulduar/boss_yoggsaron.cpp.o
#25 267.4 [1004/1834] Building CXX object src/server/scripts/CMakeFiles/scripts.dir/Northrend/UtgardeKeep/UtgardePinnacle/instance_utgarde_pinnacle.cpp.o
#25 267.6 [1005/1834] Building CXX object src/server/scripts/CMakeFiles/scripts.dir/Northrend/VaultOfArchavon/boss_toravon.cpp.o
#25 267.6 [1006/1834] Building CXX object src/server/scripts/CMakeFiles/scripts.dir/Northrend/VioletHold/boss_cyanigosa.cpp.o
#25 267.8 [1007/1834] Building CXX object src/server/scripts/CMakeFiles/scripts.dir/Northrend/VaultOfArchavon/boss_archavon.cpp.o
#25 267.8 [1008/1834] Building CXX object src/server/scripts/CMakeFiles/scripts.dir/Northrend/VioletHold/boss_lavanthor.cpp.o
#25 267.8 [1009/1834] Building CXX object src/server/scripts/CMakeFiles/scripts.dir/Northrend/VioletHold/boss_erekem.cpp.o
#25 267.9 [1010/1834] Building CXX object src/server/scripts/CMakeFiles/scripts.dir/Northrend/VioletHold/boss_ichoron.cpp.o
#25 268.1 [1011/1834] Building CXX object src/server/scripts/CMakeFiles/scripts.dir/Northrend/UtgardeKeep/UtgardePinnacle/boss_skadi.cpp.o
#25 268.4 [1012/1834] Building CXX object src/server/scripts/CMakeFiles/scripts.dir/Northrend/UtgardeKeep/UtgardePinnacle/boss_svala.cpp.o
#25 268.5 [1013/1834] Building CXX object src/server/scripts/CMakeFiles/scripts.dir/Northrend/VioletHold/boss_xevozz.cpp.o
#25 268.6 [1014/1834] Building CXX object src/server/scripts/CMakeFiles/scripts.dir/Northrend/VaultOfArchavon/instance_vault_of_archavon.cpp.o
#25 268.6 [1015/1834] Building CXX object src/server/scripts/CMakeFiles/scripts.dir/Northrend/VaultOfArchavon/boss_emalon.cpp.o
#25 268.7 [1016/1834] Building CXX object src/server/scripts/CMakeFiles/scripts.dir/Northrend/VaultOfArchavon/boss_koralon.cpp.o
#25 268.9 [1017/1834] Building CXX object src/server/scripts/CMakeFiles/scripts.dir/Northrend/VioletHold/boss_moragg.cpp.o
#25 269.3 [1018/1834] Building CXX object src/server/scripts/CMakeFiles/scripts.dir/Northrend/VioletHold/boss_zuramat.cpp.o
#25 269.9 [1019/1834] Building CXX object src/server/scripts/CMakeFiles/scripts.dir/Outland/outland_script_loader.cpp.o
#25 270.4 [1020/1834] Building CXX object src/server/scripts/CMakeFiles/scripts.dir/OutdoorPvP/outdoorpvp_script_loader.cpp.o
#25 270.7 [1021/1834] Building CXX object src/server/scripts/CMakeFiles/scripts.dir/OutdoorPvP/OutdoorPvPHP.cpp.o
#25 270.7 [1022/1834] Building CXX object src/server/scripts/CMakeFiles/scripts.dir/OutdoorPvP/OutdoorPvPGH.cpp.o
#25 270.8 [1023/1834] Building CXX object src/server/scripts/CMakeFiles/scripts.dir/Northrend/VioletHold/instance_violet_hold.cpp.o
#25 271.2 [1024/1834] Building CXX object src/server/scripts/CMakeFiles/scripts.dir/OutdoorPvP/OutdoorPvPSI.cpp.o
#25 271.2 [1025/1834] Building CXX object src/server/scripts/CMakeFiles/scripts.dir/Outland/boss_doomwalker.cpp.o
#25 271.3 [1026/1834] Building CXX object src/server/scripts/CMakeFiles/scripts.dir/OutdoorPvP/OutdoorPvPZM.cpp.o
#25 271.5 [1027/1834] Building CXX object src/server/scripts/CMakeFiles/scripts.dir/OutdoorPvP/OutdoorPvPEP.cpp.o
#25 271.5 [1028/1834] Building CXX object src/server/scripts/CMakeFiles/scripts.dir/OutdoorPvP/OutdoorPvPTF.cpp.o
#25 271.8 [1029/1834] Building CXX object src/server/scripts/CMakeFiles/scripts.dir/Northrend/VioletHold/violet_hold.cpp.o
#25 272.2 [1030/1834] Building CXX object src/server/scripts/CMakeFiles/scripts.dir/Outland/zone_nagrand.cpp.o
#25 272.4 [1031/1834] Building CXX object src/server/scripts/CMakeFiles/scripts.dir/Outland/zone_hellfire_peninsula.cpp.o
#25 272.6 [1032/1834] Building CXX object src/server/scripts/CMakeFiles/scripts.dir/Outland/zone_blades_edge_mountains.cpp.o
#25 272.7 [1033/1834] Building CXX object src/server/scripts/CMakeFiles/scripts.dir/OutdoorPvP/OutdoorPvPNA.cpp.o
#25 272.7 [1034/1834] Building CXX object src/server/scripts/CMakeFiles/scripts.dir/Outland/boss_doomlord_kazzak.cpp.o
#25 273.5 [1035/1834] Building CXX object src/server/scripts/CMakeFiles/scripts.dir/Outland/Auchindoun/AuchenaiCrypts/instance_auchenai_crypts.cpp.o
#25 273.5 [1036/1834] Building CXX object src/server/scripts/CMakeFiles/scripts.dir/Outland/zone_shattrath_city.cpp.o
#25 273.9 [1037/1834] Building CXX object src/server/scripts/CMakeFiles/scripts.dir/Outland/zone_netherstorm.cpp.o
#25 274.0 [1038/1834] Building CXX object src/server/scripts/CMakeFiles/scripts.dir/Outland/Auchindoun/ManaTombs/boss_tavarok.cpp.o
#25 274.1 [1039/1834] Building CXX object src/server/scripts/CMakeFiles/scripts.dir/Outland/Auchindoun/ManaTombs/boss_pandemonius.cpp.o
#25 274.3 [1040/1834] Building CXX object src/server/scripts/CMakeFiles/scripts.dir/Outland/Auchindoun/AuchenaiCrypts/boss_exarch_maladaar.cpp.o
#25 274.3 [1041/1834] Building CXX object src/server/scripts/CMakeFiles/scripts.dir/Outland/Auchindoun/ManaTombs/instance_mana_tombs.cpp.o
#25 274.4 [1042/1834] Building CXX object src/server/scripts/CMakeFiles/scripts.dir/Outland/Auchindoun/ManaTombs/boss_nexusprince_shaffar.cpp.o
#25 274.7 [1043/1834] Building CXX object src/server/scripts/CMakeFiles/scripts.dir/Outland/Auchindoun/SethekkHalls/boss_darkweaver_syth.cpp.o
#25 274.8 [1044/1834] Building CXX object src/server/scripts/CMakeFiles/scripts.dir/Outland/Auchindoun/SethekkHalls/instance_sethekk_halls.cpp.o
#25 274.9 [1045/1834] Building CXX object src/server/scripts/CMakeFiles/scripts.dir/Outland/Auchindoun/AuchenaiCrypts/boss_shirrak_the_dead_watcher.cpp.o
#25 275.2 [1046/1834] Building CXX object src/server/scripts/CMakeFiles/scripts.dir/Outland/zone_terokkar_forest.cpp.o
#25 275.3 [1047/1834] Building CXX object src/server/scripts/CMakeFiles/scripts.dir/Outland/Auchindoun/SethekkHalls/boss_anzu.cpp.o
#25 275.4 [1048/1834] Building CXX object src/server/scripts/CMakeFiles/scripts.dir/Outland/zone_shadowmoon_valley.cpp.o
#25 275.7 [1049/1834] Building CXX object src/server/scripts/CMakeFiles/scripts.dir/Outland/Auchindoun/ShadowLabyrinth/boss_ambassador_hellmaw.cpp.o
#25 276.0 [1050/1834] Building CXX object src/server/scripts/CMakeFiles/scripts.dir/Outland/Auchindoun/ShadowLabyrinth/boss_blackheart_the_inciter.cpp.o
#25 276.1 [1051/1834] Building CXX object src/server/scripts/CMakeFiles/scripts.dir/Outland/Auchindoun/SethekkHalls/boss_talon_king_ikiss.cpp.o
#25 276.4 [1052/1834] Building CXX object src/server/scripts/CMakeFiles/scripts.dir/Outland/Auchindoun/ShadowLabyrinth/boss_grandmaster_vorpil.cpp.o
#25 276.9 [1053/1834] Building CXX object src/server/scripts/CMakeFiles/scripts.dir/Outland/Auchindoun/ShadowLabyrinth/instance_shadow_labyrinth.cpp.o
#25 277.4 [1054/1834] Building CXX object src/server/scripts/CMakeFiles/scripts.dir/Outland/Auchindoun/ShadowLabyrinth/boss_murmur.cpp.o
#25 277.5 [1055/1834] Building CXX object src/server/scripts/CMakeFiles/scripts.dir/Outland/BlackTemple/boss_bloodboil.cpp.o
#25 278.1 [1056/1834] Building CXX object src/server/scripts/CMakeFiles/scripts.dir/Outland/BlackTemple/boss_supremus.cpp.o
#25 278.2 [1057/1834] Building CXX object src/server/scripts/CMakeFiles/scripts.dir/Outland/BlackTemple/boss_mother_shahraz.cpp.o
#25 278.4 [1058/1834] Building CXX object src/server/scripts/CMakeFiles/scripts.dir/Outland/BlackTemple/boss_warlord_najentus.cpp.o
#25 278.7 [1059/1834] Building CXX object src/server/scripts/CMakeFiles/scripts.dir/Outland/BlackTemple/boss_illidari_council.cpp.o
#25 279.0 [1060/1834] Building CXX object src/server/scripts/CMakeFiles/scripts.dir/Outland/BlackTemple/boss_teron_gorefiend.cpp.o
#25 279.7 [1061/1834] Building CXX object src/server/scripts/CMakeFiles/scripts.dir/Outland/BlackTemple/instance_black_temple.cpp.o
#25 279.7 [1062/1834] Building CXX object src/server/scripts/CMakeFiles/scripts.dir/Outland/BlackTemple/boss_shade_of_akama.cpp.o
#25 279.9 [1063/1834] Building CXX object src/server/scripts/CMakeFiles/scripts.dir/Outland/BlackTemple/boss_reliquary_of_souls.cpp.o
#25 280.0 [1064/1834] Building CXX object src/server/scripts/CMakeFiles/scripts.dir/Outland/CoilfangReservoir/SerpentShrine/boss_hydross_the_unstable.cpp.o
#25 280.1 [1065/1834] Building CXX object src/server/scripts/CMakeFiles/scripts.dir/Outland/CoilfangReservoir/SerpentShrine/boss_lady_vashj.cpp.o
#25 280.5 [1066/1834] Building CXX object src/server/scripts/CMakeFiles/scripts.dir/Outland/CoilfangReservoir/SerpentShrine/boss_fathomlord_karathress.cpp.o
#25 280.7 [1067/1834] Building CXX object src/server/scripts/CMakeFiles/scripts.dir/Outland/CoilfangReservoir/SlavePens/boss_mennu_the_betrayer.cpp.o
#25 280.9 [1068/1834] Building CXX object src/server/scripts/CMakeFiles/scripts.dir/Outland/CoilfangReservoir/SerpentShrine/boss_lurker_below.cpp.o
#25 281.0 [1069/1834] Building CXX object src/server/scripts/CMakeFiles/scripts.dir/Outland/CoilfangReservoir/SlavePens/the_slave_pens.cpp.o
#25 281.0 [1070/1834] Building CXX object src/server/scripts/CMakeFiles/scripts.dir/Outland/CoilfangReservoir/SlavePens/boss_rokmar_the_crackler.cpp.o
#25 281.1 [1071/1834] Building CXX object src/server/scripts/CMakeFiles/scripts.dir/Outland/CoilfangReservoir/SerpentShrine/boss_morogrim_tidewalker.cpp.o
#25 281.1 [1072/1834] Building CXX object src/server/scripts/CMakeFiles/scripts.dir/Outland/CoilfangReservoir/SlavePens/instance_the_slave_pens.cpp.o
#25 281.3 [1073/1834] Building CXX object src/server/scripts/CMakeFiles/scripts.dir/Outland/CoilfangReservoir/SerpentShrine/boss_leotheras_the_blind.cpp.o
#25 281.5 [1074/1834] Building CXX object src/server/scripts/CMakeFiles/scripts.dir/Outland/CoilfangReservoir/SlavePens/boss_quagmirran.cpp.o
#25 281.9 [1075/1834] Building CXX object src/server/scripts/CMakeFiles/scripts.dir/Outland/CoilfangReservoir/SerpentShrine/instance_serpent_shrine.cpp.o
#25 282.2 [1076/1834] Building CXX object src/server/scripts/CMakeFiles/scripts.dir/Outland/CoilfangReservoir/SteamVault/boss_hydromancer_thespia.cpp.o
#25 282.3 [1077/1834] Building CXX object src/server/scripts/CMakeFiles/scripts.dir/Outland/BlackTemple/boss_illidan.cpp.o
#25 282.5 [1078/1834] Building CXX object src/server/scripts/CMakeFiles/scripts.dir/Outland/CoilfangReservoir/SteamVault/instance_steam_vault.cpp.o
#25 282.6 [1079/1834] Building CXX object src/server/scripts/CMakeFiles/scripts.dir/Outland/CoilfangReservoir/SteamVault/boss_mekgineer_steamrigger.cpp.o
#25 283.1 [1080/1834] Building CXX object src/server/scripts/CMakeFiles/scripts.dir/Outland/CoilfangReservoir/underbog/boss_ghazan.cpp.o
#25 283.3 [1081/1834] Building CXX object src/server/scripts/CMakeFiles/scripts.dir/Outland/CoilfangReservoir/underbog/instance_the_underbog.cpp.o
#25 283.5 [1082/1834] Building CXX object src/server/scripts/CMakeFiles/scripts.dir/Outland/CoilfangReservoir/underbog/boss_swamplord_muselek.cpp.o
#25 283.5 [1083/1834] Building CXX object src/server/scripts/CMakeFiles/scripts.dir/Outland/CoilfangReservoir/SteamVault/boss_warlord_kalithresh.cpp.o
#25 283.7 [1084/1834] Building CXX object src/server/scripts/CMakeFiles/scripts.dir/Outland/CoilfangReservoir/SlavePens/boss_ahune.cpp.o
#25 283.8 [1085/1834] Building CXX object src/server/scripts/CMakeFiles/scripts.dir/Outland/GruulsLair/instance_gruuls_lair.cpp.o
#25 284.2 [1086/1834] Building CXX object src/server/scripts/CMakeFiles/scripts.dir/Outland/CoilfangReservoir/underbog/boss_the_black_stalker.cpp.o
#25 284.7 [1087/1834] Building CXX object src/server/scripts/CMakeFiles/scripts.dir/Outland/HellfireCitadel/BloodFurnace/boss_the_maker.cpp.o
#25 284.7 [1088/1834] Building CXX object src/server/scripts/CMakeFiles/scripts.dir/Outland/CoilfangReservoir/underbog/underbog.cpp.o
#25 284.8 [1089/1834] Building CXX object src/server/scripts/CMakeFiles/scripts.dir/Outland/HellfireCitadel/BloodFurnace/boss_kelidan_the_breaker.cpp.o
#25 285.1 [1090/1834] Building CXX object src/server/scripts/CMakeFiles/scripts.dir/Outland/CoilfangReservoir/underbog/boss_hungarfen.cpp.o
#25 285.1 [1091/1834] Building CXX object src/server/scripts/CMakeFiles/scripts.dir/Outland/GruulsLair/boss_gruul.cpp.o
#25 285.1 [1092/1834] Building CXX object src/server/scripts/CMakeFiles/scripts.dir/Outland/HellfireCitadel/HellfireRamparts/boss_omor_the_unscarred.cpp.o
#25 285.2 [1093/1834] Building CXX object src/server/scripts/CMakeFiles/scripts.dir/Outland/HellfireCitadel/BloodFurnace/boss_broggok.cpp.o
#25 285.4 [1094/1834] Building CXX object src/server/scripts/CMakeFiles/scripts.dir/Outland/HellfireCitadel/BloodFurnace/instance_blood_furnace.cpp.o
#25 285.6 [1095/1834] Building CXX object src/server/scripts/CMakeFiles/scripts.dir/Outland/HellfireCitadel/HellfireRamparts/instance_hellfire_ramparts.cpp.o
#25 286.1 [1096/1834] Building CXX object src/server/scripts/CMakeFiles/scripts.dir/Outland/GruulsLair/boss_high_king_maulgar.cpp.o
#25 286.4 [1097/1834] Building CXX object src/server/scripts/CMakeFiles/scripts.dir/Outland/HellfireCitadel/HellfireRamparts/boss_watchkeeper_gargolmar.cpp.o
#25 286.7 [1098/1834] Building CXX object src/server/scripts/CMakeFiles/scripts.dir/Outland/HellfireCitadel/MagtheridonsLair/instance_magtheridons_lair.cpp.o
#25 286.9 [1099/1834] Building CXX object src/server/scripts/CMakeFiles/scripts.dir/Outland/HellfireCitadel/HellfireRamparts/boss_vazruden_the_herald.cpp.o
#25 287.1 [1100/1834] Building CXX object src/server/scripts/CMakeFiles/scripts.dir/Outland/HellfireCitadel/ShatteredHalls/boss_nethekurse.cpp.o
#25 287.6 [1101/1834] Building CXX object src/server/scripts/CMakeFiles/scripts.dir/Outland/HellfireCitadel/ShatteredHalls/boss_porung.cpp.o
#25 287.8 [1102/1834] Building CXX object src/server/scripts/CMakeFiles/scripts.dir/Outland/TempestKeep/Eye/instance_the_eye.cpp.o
#25 287.9 [1103/1834] Building CXX object src/server/scripts/CMakeFiles/scripts.dir/Outland/HellfireCitadel/ShatteredHalls/instance_shattered_halls.cpp.o
#25 288.0 [1104/1834] Building CXX object src/server/scripts/CMakeFiles/scripts.dir/Outland/TempestKeep/Eye/boss_void_reaver.cpp.o
#25 288.0 [1105/1834] Building CXX object src/server/scripts/CMakeFiles/scripts.dir/Outland/TempestKeep/Mechanar/boss_gatewatcher_gyrokill.cpp.o
#25 288.2 [1106/1834] Building CXX object src/server/scripts/CMakeFiles/scripts.dir/Outland/HellfireCitadel/MagtheridonsLair/boss_magtheridon.cpp.o
#25 288.3 [1107/1834] Building CXX object src/server/scripts/CMakeFiles/scripts.dir/Outland/HellfireCitadel/ShatteredHalls/boss_warchief_kargath_bladefist.cpp.o
#25 288.6 [1108/1834] Building CXX object src/server/scripts/CMakeFiles/scripts.dir/Outland/TempestKeep/Mechanar/boss_gatewatcher_ironhand.cpp.o
#25 288.6 [1109/1834] Building CXX object src/server/scripts/CMakeFiles/scripts.dir/Outland/HellfireCitadel/ShatteredHalls/boss_warbringer_omrogg.cpp.o
#25 289.1 [1110/1834] Building CXX object src/server/scripts/CMakeFiles/scripts.dir/Outland/TempestKeep/Eye/boss_astromancer.cpp.o
#25 289.4 [1111/1834] Building CXX object src/server/scripts/CMakeFiles/scripts.dir/Outland/TempestKeep/Mechanar/instance_mechanar.cpp.o
#25 289.9 [1112/1834] Building CXX object src/server/scripts/CMakeFiles/scripts.dir/Outland/TempestKeep/Eye/boss_alar.cpp.o
#25 289.9 [1113/1834] Building CXX object src/server/scripts/CMakeFiles/scripts.dir/Outland/TempestKeep/Mechanar/boss_nethermancer_sepethrea.cpp.o
#25 290.3 [1114/1834] Building CXX object src/server/scripts/CMakeFiles/scripts.dir/Outland/TempestKeep/Mechanar/boss_mechano_lord_capacitus.cpp.o
#25 290.3 [1115/1834] Building CXX object src/server/scripts/CMakeFiles/scripts.dir/Outland/TempestKeep/arcatraz/boss_zereketh_the_unbound.cpp.o
#25 290.4 [1116/1834] Building CXX object src/server/scripts/CMakeFiles/scripts.dir/Outland/TempestKeep/arcatraz/boss_dalliah_the_doomsayer.cpp.o
#25 290.5 [1117/1834] Building CXX object src/server/scripts/CMakeFiles/scripts.dir/Outland/TempestKeep/Mechanar/boss_pathaleon_the_calculator.cpp.o
#25 290.6 [1118/1834] Building CXX object src/server/scripts/CMakeFiles/scripts.dir/Outland/TempestKeep/arcatraz/boss_wrath_scryer_soccothrates.cpp.o
#25 290.7 [1119/1834] Building CXX object src/server/scripts/CMakeFiles/scripts.dir/Outland/TempestKeep/arcatraz/instance_arcatraz.cpp.o
#25 290.9 [1120/1834] Building CXX object src/server/scripts/CMakeFiles/scripts.dir/Outland/TempestKeep/arcatraz/arcatraz.cpp.o
#25 291.1 [1121/1834] Building CXX object src/server/scripts/CMakeFiles/scripts.dir/Outland/TempestKeep/botanica/boss_high_botanist_freywinn.cpp.o
#25 291.2 [1122/1834] Building CXX object src/server/scripts/CMakeFiles/scripts.dir/Outland/TempestKeep/botanica/boss_laj.cpp.o
#25 291.2 [1123/1834] Building CXX object src/server/scripts/CMakeFiles/scripts.dir/Outland/TempestKeep/arcatraz/boss_harbinger_skyriss.cpp.o
#25 291.5 [1124/1834] Building CXX object src/server/scripts/CMakeFiles/scripts.dir/Outland/TempestKeep/Eye/boss_kaelthas.cpp.o
#25 291.8 [1125/1834] Building CXX object src/server/scripts/CMakeFiles/scripts.dir/Outland/TempestKeep/botanica/boss_thorngrin_the_tender.cpp.o
#25 292.0 [1126/1834] Building CXX object src/server/scripts/CMakeFiles/scripts.dir/Pet/pets_script_loader.cpp.o
#25 292.0 [1127/1834] Building CXX object src/server/scripts/CMakeFiles/scripts.dir/Pet/pet_priest.cpp.o
#25 292.4 [1128/1834] Building CXX object src/server/scripts/CMakeFiles/scripts.dir/Pet/pet_shaman.cpp.o
#25 292.5 [1129/1834] Building CXX object src/server/scripts/CMakeFiles/scripts.dir/Outland/TempestKeep/botanica/boss_commander_sarannis.cpp.o
#25 292.8 [1130/1834] Building CXX object src/server/scripts/CMakeFiles/scripts.dir/Outland/TempestKeep/botanica/boss_warp_splinter.cpp.o
#25 293.1 [1131/1834] Building CXX object src/server/scripts/CMakeFiles/scripts.dir/Outland/TempestKeep/botanica/instance_the_botanica.cpp.o
#25 293.2 [1132/1834] Building CXX object src/server/scripts/CMakeFiles/scripts.dir/Pet/pet_mage.cpp.o
#25 293.2 [1133/1834] Building CXX object src/server/scripts/CMakeFiles/scripts.dir/Pet/pet_dk.cpp.o
#25 293.3 [1134/1834] Building CXX object src/server/scripts/CMakeFiles/scripts.dir/Pet/pet_hunter.cpp.o
#25 294.1 [1135/1834] Building CXX object src/server/scripts/CMakeFiles/scripts.dir/Pet/pet_generic.cpp.o
#25 294.4 [1136/1834] Building CXX object src/server/scripts/CMakeFiles/scripts.dir/Spells/spells_script_loader.cpp.o
#25 296.5 [1137/1834] Building CXX object src/server/scripts/CMakeFiles/scripts.dir/World/achievement_scripts.cpp.o
#25 296.5 [1138/1834] Building CXX object src/server/scripts/CMakeFiles/scripts.dir/Spells/spell_mage.cpp.o
#25 296.8 [1139/1834] Building CXX object src/server/scripts/CMakeFiles/scripts.dir/Spells/spell_druid.cpp.o
#25 296.9 [1140/1834] Building CXX object src/server/scripts/CMakeFiles/scripts.dir/Spells/spell_priest.cpp.o
#25 297.1 [1141/1834] Building CXX object src/server/scripts/CMakeFiles/scripts.dir/Spells/spell_hunter.cpp.o
#25 297.1 [1142/1834] Building CXX object src/server/scripts/CMakeFiles/scripts.dir/World/areatrigger_scripts.cpp.o
#25 297.1 [1143/1834] Building CXX object src/server/scripts/CMakeFiles/scripts.dir/World/action_ip_logger.cpp.o
#25 297.3 [1144/1834] Building CXX object src/server/scripts/CMakeFiles/scripts.dir/Spells/spell_rogue.cpp.o
#25 297.7 [1145/1834] Building CXX object src/server/scripts/CMakeFiles/scripts.dir/Spells/spell_paladin.cpp.o
#25 297.8 [1146/1834] Building CXX object src/server/scripts/CMakeFiles/scripts.dir/Spells/spell_dk.cpp.o
#25 298.0 [1147/1834] Building CXX object src/server/scripts/CMakeFiles/scripts.dir/Spells/spell_warrior.cpp.o
#25 298.2 [1148/1834] Building CXX object src/server/scripts/CMakeFiles/scripts.dir/Spells/spell_warlock.cpp.o
#25 298.3 [1149/1834] Building CXX object src/server/scripts/CMakeFiles/scripts.dir/Spells/spell_shaman.cpp.o
#25 298.6 [1150/1834] Building CXX object src/server/scripts/CMakeFiles/scripts.dir/World/guards.cpp.o
#25 298.6 [1151/1834] Building CXX object src/server/scripts/CMakeFiles/scripts.dir/World/npc_innkeeper.cpp.o
#25 298.8 [1152/1834] Building CXX object src/server/scripts/CMakeFiles/scripts.dir/World/mob_generic_creature.cpp.o
#25 298.8 [1153/1834] Building CXX object src/server/scripts/CMakeFiles/scripts.dir/World/item_scripts.cpp.o
#25 299.1 [1154/1834] Building CXX object src/server/scripts/CMakeFiles/scripts.dir/World/npc_taxi.cpp.o
#25 299.5 [1155/1834] Building CXX object src/server/scripts/CMakeFiles/scripts.dir/World/npc_professions.cpp.o
#25 299.5 [1156/1834] Building CXX object src/server/scripts/CMakeFiles/scripts.dir/Spells/spell_quest.cpp.o
#25 299.6 [1157/1834] Building CXX object src/server/scripts/CMakeFiles/scripts.dir/World/chat_log.cpp.o
#25 299.9 [1158/1834] Linking CXX executable src/tools/map_extractor
#25 300.0 [1159/1834] Building CXX object src/server/scripts/CMakeFiles/scripts.dir/World/world_script_loader.cpp.o
#25 300.2 [1160/1834] Building CXX object src/server/scripts/CMakeFiles/scripts.dir/World/suns_reach_reclamation.cpp.o
#25 300.2 [1161/1834] Building CXX object src/server/scripts/CMakeFiles/scripts.dir/World/player_scripts.cpp.o
#25 300.2 [1162/1834] Building CXX object src/server/scripts/CMakeFiles/scripts.dir/World/go_scripts.cpp.o
#25 300.5 [1163/1834] Building CXX object src/server/scripts/CMakeFiles/scripts.dir/World/boss_emerald_dragons.cpp.o
#25 301.2 [1164/1834] Building CXX object src/tools/CMakeFiles/vmap4_extractor.dir/vmap4_extractor/dbcfile.cpp.o
#25 301.3 [1165/1834] Building CXX object src/server/scripts/CMakeFiles/scripts.dir/World/server_mail.cpp.o
#25 301.7 [1166/1834] Building CXX object src/server/scripts/CMakeFiles/scripts.dir/World/transport_zeppelins.cpp.o
#25 301.8 [1167/1834] Building CXX object src/tools/CMakeFiles/vmap4_extractor.dir/vmap4_extractor/mpq_libmpq.cpp.o
#25 301.9 [1168/1834] Building CXX object src/server/scripts/CMakeFiles/scripts.dir/World/npc_stave_of_ancients.cpp.o
#25 301.9 [1169/1834] Building CXX object src/tools/CMakeFiles/vmap4_assembler.dir/vmap4_assembler/VMapAssembler.cpp.o
#25 302.2 [1170/1834] Building CXX object src/tools/CMakeFiles/vmap4_extractor.dir/vmap4_extractor/gameobject_extract.cpp.o
#25 302.5 [1171/1834] Building CXX object src/tools/CMakeFiles/vmap4_extractor.dir/vmap4_extractor/adtfile.cpp.o
#25 302.8 [1172/1834] Building CXX object src/tools/CMakeFiles/vmap4_extractor.dir/vmap4_extractor/model.cpp.o
#25 302.8 [1173/1834] Linking CXX executable src/tools/vmap4_assembler
#25 303.6 [1174/1834] Building CXX object src/server/scripts/CMakeFiles/scripts.dir/World/scourge_invasion.cpp.o
#25 303.7 [1175/1834] Building CXX object src/tools/CMakeFiles/vmap4_extractor.dir/vmap4_extractor/wdtfile.cpp.o
#25 303.9 [1176/1834] Building CXX object src/server/scripts/CMakeFiles/scripts.dir/World/npcs_special.cpp.o
#25 304.1 [1177/1834] Building CXX object src/tools/CMakeFiles/vmap4_extractor.dir/vmap4_extractor/wmo.cpp.o
#25 304.1 [1178/1834] Building CXX object src/tools/CMakeFiles/vmap4_extractor.dir/vmap4_extractor/vmapexport.cpp.o
#25 304.4 [1179/1834] Building CXX object src/server/scripts/CMakeFiles/scripts.dir/Spells/spell_item.cpp.o
#25 304.4 [1180/1834] Linking CXX executable src/tools/vmap4_extractor
#25 305.0 [1181/1834] Building CXX object src/server/scripts/CMakeFiles/scripts.dir/Spells/spell_generic.cpp.o
#25 308.0 [1182/1834] Building CXX object src/tools/CMakeFiles/mmaps_generator.dir/mmaps_generator/PathGenerator.cpp.o
#25 311.1 [1183/1834] Building CXX object src/tools/CMakeFiles/mmaps_generator.dir/mmaps_generator/TerrainBuilder.cpp.o
[driver] still running; 5s since the last output
#25 316.8 [1184/1834] Building CXX object modules/CMakeFiles/modules.dir/mod-playerbots/src/Ai/Base/Actions/AcceptBattlegroundInvitationAction.cpp.o
#25 321.7 [1185/1834] Building CXX object modules/CMakeFiles/modules.dir/mod-playerbots/src/Ai/Base/Actions/AddLootAction.cpp.o
#25 321.7 [1186/1834] Building CXX object modules/CMakeFiles/modules.dir/mod-playerbots/src/Ai/Base/Actions/AcceptDuelAction.cpp.o
#25 321.7 [1187/1834] Building CXX object modules/CMakeFiles/modules.dir/mod-playerbots/src/Ai/Base/Actions/AcceptQuestAction.cpp.o
#25 321.7 [1188/1834] Building CXX object modules/CMakeFiles/modules.dir/mod-playerbots/src/Ai/Base/Actions/AcceptResurrectAction.cpp.o
#25 322.1 [1189/1834] Building CXX object modules/CMakeFiles/modules.dir/mod-playerbots/src/Ai/Base/Actions/AutoMaintenanceOnLevelupAction.cpp.o
#25 322.2 [1190/1834] Building CXX object modules/CMakeFiles/modules.dir/mod-playerbots/src/Ai/Base/Actions/AreaTriggerAction.cpp.o
#25 325.1 [1191/1834] Building CXX object modules/CMakeFiles/modules.dir/mod-playerbots/src/Ai/Base/Actions/AcceptInvitationAction.cpp.o
#25 326.3 [1192/1834] Building CXX object modules/CMakeFiles/modules.dir/mod-playerbots/src/Ai/Base/Actions/AttackAction.cpp.o
#25 326.3 [1193/1834] Building CXX object modules/CMakeFiles/modules.dir/mod-playerbots/src/Ai/Base/Actions/ArenaTeamActions.cpp.o
#25 326.3 [1194/1834] Building CXX object modules/CMakeFiles/modules.dir/mod-playerbots/src/Ai/Base/Actions/BankAction.cpp.o
#25 326.3 [1195/1834] Building CXX object modules/CMakeFiles/modules.dir/mod-playerbots/src/Ai/Base/Actions/BattleGroundJoinAction.cpp.o
#25 328.2 [1196/1834] Linking CXX static library src/server/scripts/libscripts.a
#25 329.3 [1197/1834] Building CXX object modules/CMakeFiles/modules.dir/mod-playerbots/src/PlayerbotAIConfig.cpp.o
#25 335.0 [1198/1834] Linking CXX executable src/tools/mmaps_generator
#25 335.2 [1199/1834] Building CXX object modules/CMakeFiles/modules.dir/mod-playerbots/src/Ai/Base/Actions/BattleGroundTactics.cpp.o
#25 335.2 [1200/1834] Building CXX object modules/CMakeFiles/modules.dir/mod-playerbots/src/Ai/Base/Actions/BossAuraActions.cpp.o
#25 339.1 [1201/1834] Building CXX object modules/CMakeFiles/modules.dir/mod-playerbots/src/Ai/Base/Actions/CancelChannelAction.cpp.o
#25 341.4 [1202/1834] Building CXX object modules/CMakeFiles/modules.dir/mod-playerbots/src/Ai/Base/Actions/ChangeChatAction.cpp.o
#25 341.9 [1203/1834] Building CXX object modules/CMakeFiles/modules.dir/mod-playerbots/src/Ai/Base/Actions/BuffAction.cpp.o
#25 342.9 [1204/1834] Building CXX object modules/CMakeFiles/modules.dir/mod-playerbots/src/Ai/Base/Actions/ChangeStrategyAction.cpp.o
#25 343.0 [1205/1834] Building CXX object modules/CMakeFiles/modules.dir/mod-playerbots/src/Ai/Base/Actions/CheckMailAction.cpp.o
#25 343.4 [1206/1834] Building CXX object modules/CMakeFiles/modules.dir/mod-playerbots/src/Ai/Base/Actions/BuyAction.cpp.o
#25 344.3 [1207/1834] Building CXX object modules/CMakeFiles/modules.dir/mod-playerbots/src/Ai/Base/Actions/CastCustomSpellAction.cpp.o
#25 344.9 [1208/1834] Building CXX object modules/CMakeFiles/modules.dir/mod-playerbots/src/Ai/Base/Actions/ChangeTalentsAction.cpp.o
#25 345.0 [1209/1834] Building CXX object modules/CMakeFiles/modules.dir/mod-playerbots/src/Ai/Base/Actions/CheckValuesAction.cpp.o
#25 345.4 [1210/1834] Building CXX object modules/CMakeFiles/modules.dir/mod-playerbots/src/Ai/Base/Actions/CheatAction.cpp.o
#25 345.6 [1211/1834] Building CXX object modules/CMakeFiles/modules.dir/mod-playerbots/src/Ai/Base/Actions/ChatShortcutActions.cpp.o
#25 348.1 [1212/1834] Building CXX object modules/CMakeFiles/modules.dir/mod-playerbots/src/Ai/Base/Actions/CheckMountStateAction.cpp.o
#25 352.1 [1213/1834] Building CXX object modules/CMakeFiles/modules.dir/mod-playerbots/src/Ai/Base/Actions/ChooseRpgTargetAction.cpp.o
#25 352.6 [1214/1834] Building CXX object modules/CMakeFiles/modules.dir/mod-playerbots/src/Ai/Base/Actions/CombatActions.cpp.o
#25 353.9 [1215/1834] Building CXX object modules/CMakeFiles/modules.dir/mod-playerbots/src/Ai/Base/Actions/ChooseTargetActions.cpp.o
#25 354.7 [1216/1834] Building CXX object modules/CMakeFiles/modules.dir/mod-playerbots/src/Ai/Base/Actions/ChooseTravelTargetAction.cpp.o
#25 356.7 [1217/1834] Building CXX object modules/CMakeFiles/modules.dir/mod-playerbots/src/Ai/Base/Actions/CustomStrategyEditAction.cpp.o
#25 356.8 [1218/1834] Building CXX object modules/CMakeFiles/modules.dir/mod-playerbots/src/Ai/Base/Actions/DelayAction.cpp.o
#25 361.0 [1219/1834] Building CXX object modules/CMakeFiles/modules.dir/mod-playerbots/src/Ai/Base/Actions/DebugAction.cpp.o
#25 361.9 [1220/1834] Building CXX object modules/CMakeFiles/modules.dir/mod-playerbots/src/Ai/Base/Actions/DropQuestAction.cpp.o
#25 361.9 [1221/1834] Building CXX object modules/CMakeFiles/modules.dir/mod-playerbots/src/Ai/Base/Actions/DestroyItemAction.cpp.o
#25 362.9 [1222/1834] Building CXX object modules/CMakeFiles/modules.dir/mod-playerbots/src/Ai/Base/Actions/EquipGlyphsAction.cpp.o
#25 364.1 [1223/1834] Building CXX object modules/CMakeFiles/modules.dir/mod-playerbots/src/Ai/Base/Actions/EmoteAction.cpp.o
#25 364.3 [1224/1834] Building CXX object modules/CMakeFiles/modules.dir/mod-playerbots/src/Ai/Base/Actions/FollowActions.cpp.o
#25 364.4 [1225/1834] Building CXX object modules/CMakeFiles/modules.dir/mod-playerbots/src/Ai/Base/Actions/FlagAction.cpp.o
#25 366.1 [1226/1834] Building CXX object modules/CMakeFiles/modules.dir/mod-playerbots/src/Ai/Base/Actions/FishingAction.cpp.o
#25 366.4 [1227/1834] Building CXX object modules/CMakeFiles/modules.dir/mod-playerbots/src/Ai/Base/Actions/EquipAction.cpp.o
